<?xml version="1.0" encoding="UTF-8"?>
<kml xmlns="http://www.opengis.net/kml/2.2">
  <Document>
    <name>clinics.csv</name>
    <Style id="icon-1899-1A237E-normal">
      <IconStyle>
        <color>ff7e231a</color>
        <scale>1</scale>
        <Icon>
          <href>https://www.gstatic.com/mapspro/images/stock/503-wht-blank_maps.png</href>
        </Icon>
        <hotSpot x="32" xunits="pixels" y="64" yunits="insetPixels"/>
      </IconStyle>
      <LabelStyle>
        <scale>0</scale>
      </LabelStyle>
    </Style>
    <Style id="icon-1899-1A237E-highlight">
      <IconStyle>
        <color>ff7e231a</color>
        <scale>1</scale>
        <Icon>
          <href>https://www.gstatic.com/mapspro/images/stock/503-wht-blank_maps.png</href>
        </Icon>
        <hotSpot x="32" xunits="pixels" y="64" yunits="insetPixels"/>
      </IconStyle>
      <LabelStyle>
        <scale>1</scale>
      </LabelStyle>
    </Style>
    <StyleMap id="icon-1899-1A237E">
      <Pair>
        <key>normal</key>
        <styleUrl>#icon-1899-1A237E-normal</styleUrl>
      </Pair>
      <Pair>
        <key>highlight</key>
        <styleUrl>#icon-1899-1A237E-highlight</styleUrl>
      </Pair>
    </StyleMap>
    <Placemark>
      <name>Parasnath Speciality Clinics | Knee and Spine Clinic in Nashik Road</name>
      <description><![CDATA[Description: <br>address: <br>phoneNumber: <br>Coordinates: 73.8390714,19.959079<br>Category: health<br>Address: 2nd Floor, Anand Mall, Jail Rd, next to kothari kanya school, Kala Nagar, Government Colony, Nashik, Maharashtra 422101, India<br>Latitude: 19.959079<br>Longitude: 73.8390714<br>Rating: 5<br>Place_ID: ChIJ8-W1y_2V3TsR2Lh0ds_Zxho<br>Distance_m: 2277]]></description>
      <styleUrl>#icon-1899-1A237E</styleUrl>
      <ExtendedData>
        <Data name="Description">
          <value/>
        </Data>
        <Data name="address">
          <value/>
        </Data>
        <Data name="phoneNumber">
          <value/>
        </Data>
        <Data name="Coordinates">
          <value>73.8390714,19.959079</value>
        </Data>
        <Data name="Category">
          <value>health</value>
        </Data>
        <Data name="Address">
          <value>2nd Floor, Anand Mall, Jail Rd, next to kothari kanya school, Kala Nagar, Government Colony, Nashik, Maharashtra 422101, India</value>
        </Data>
        <Data name="Latitude">
          <value>19.959079</value>
        </Data>
        <Data name="Longitude">
          <value>73.8390714</value>
        </Data>
        <Data name="Rating">
          <value>5.0</value>
        </Data>
        <Data name="Place_ID">
          <value>ChIJ8-W1y_2V3TsR2Lh0ds_Zxho</value>
        </Data>
        <Data name="Distance_m">
          <value>2277.0</value>
        </Data>
      </ExtendedData>
      <Point>
        <coordinates>
          73.8390714,19.959079,0
        </coordinates>
      </Point>
    </Placemark>
    <Placemark>
      <name><![CDATA[Kulkarni"s CLinic]]></name>
      <description><![CDATA[Description: <br>address: <br>phoneNumber: <br>Coordinates: 73.8321213,19.9554201<br>Category: hospital<br>Address: XR4J+5R9, Ghadge Nagar, Gayakhe Colony, Deolali Gaon, Nashik, Maharashtra 422101, India<br>Latitude: 19.9554201<br>Longitude: 73.8321213<br>Rating: 4.2<br>Place_ID: ChIJzTApkwOV3TsRTST2FcEi9i4<br>Distance_m: 2705]]></description>
      <styleUrl>#icon-1899-1A237E</styleUrl>
      <ExtendedData>
        <Data name="Description">
          <value/>
        </Data>
        <Data name="address">
          <value/>
        </Data>
        <Data name="phoneNumber">
          <value/>
        </Data>
        <Data name="Coordinates">
          <value>73.8321213,19.9554201</value>
        </Data>
        <Data name="Category">
          <value>hospital</value>
        </Data>
        <Data name="Address">
          <value>XR4J+5R9, Ghadge Nagar, Gayakhe Colony, Deolali Gaon, Nashik, Maharashtra 422101, India</value>
        </Data>
        <Data name="Latitude">
          <value>19.9554201</value>
        </Data>
        <Data name="Longitude">
          <value>73.8321213</value>
        </Data>
        <Data name="Rating">
          <value>4.2</value>
        </Data>
        <Data name="Place_ID">
          <value>ChIJzTApkwOV3TsRTST2FcEi9i4</value>
        </Data>
        <Data name="Distance_m">
          <value>2705.0</value>
        </Data>
      </ExtendedData>
      <Point>
        <coordinates>
          73.8321213,19.9554201,0
        </coordinates>
      </Point>
    </Placemark>
    <Placemark>
      <name>Panacea Clinic</name>
      <description><![CDATA[Description: <br>address: <br>phoneNumber: <br>Coordinates: 73.8221254,19.9604924<br>Category: medical_clinic<br>Address: Gate No, 3, Jai Bhavani Rd, near Nisarg Upchar Kendra, Manohar Garden, Gandhi Nagar Airport Area, Nashik Road, Nashik, Maharashtra 422102, India<br>Latitude: 19.9604924<br>Longitude: 73.8221254<br>Rating: 5<br>Place_ID: ChIJz8PVXKvr3TsRyIIjoFa2_qQ<br>Distance_m: 1383]]></description>
      <styleUrl>#icon-1899-1A237E</styleUrl>
      <ExtendedData>
        <Data name="Description">
          <value/>
        </Data>
        <Data name="address">
          <value/>
        </Data>
        <Data name="phoneNumber">
          <value/>
        </Data>
        <Data name="Coordinates">
          <value>73.8221254,19.9604924</value>
        </Data>
        <Data name="Category">
          <value>medical_clinic</value>
        </Data>
        <Data name="Address">
          <value>Gate No, 3, Jai Bhavani Rd, near Nisarg Upchar Kendra, Manohar Garden, Gandhi Nagar Airport Area, Nashik Road, Nashik, Maharashtra 422102, India</value>
        </Data>
        <Data name="Latitude">
          <value>19.9604924</value>
        </Data>
        <Data name="Longitude">
          <value>73.8221254</value>
        </Data>
        <Data name="Rating">
          <value>5.0</value>
        </Data>
        <Data name="Place_ID">
          <value>ChIJz8PVXKvr3TsRyIIjoFa2_qQ</value>
        </Data>
        <Data name="Distance_m">
          <value>1383.0</value>
        </Data>
      </ExtendedData>
      <Point>
        <coordinates>
          73.8221254,19.9604924,0
        </coordinates>
      </Point>
    </Placemark>
    <Placemark>
      <name>Chirayu clinic</name>
      <description><![CDATA[Description: <br>address: <br>phoneNumber: <br>Coordinates: 73.8397334,19.9690264<br>Category: medical_clinic<br>Address: Kailasji Housing Society, Jail Rd, Panchatarani Society, Bhim Nager, Nashik, Maharashtra 422101, India<br>Latitude: 19.9690264<br>Longitude: 73.8397334<br>Rating: 5<br>Place_ID: ChIJ3dpkJQDr3TsRoNG9lLFedK4<br>Distance_m: 1801]]></description>
      <styleUrl>#icon-1899-1A237E</styleUrl>
      <ExtendedData>
        <Data name="Description">
          <value/>
        </Data>
        <Data name="address">
          <value/>
        </Data>
        <Data name="phoneNumber">
          <value/>
        </Data>
        <Data name="Coordinates">
          <value>73.8397334,19.9690264</value>
        </Data>
        <Data name="Category">
          <value>medical_clinic</value>
        </Data>
        <Data name="Address">
          <value>Kailasji Housing Society, Jail Rd, Panchatarani Society, Bhim Nager, Nashik, Maharashtra 422101, India</value>
        </Data>
        <Data name="Latitude">
          <value>19.9690264</value>
        </Data>
        <Data name="Longitude">
          <value>73.8397334</value>
        </Data>
        <Data name="Rating">
          <value>5.0</value>
        </Data>
        <Data name="Place_ID">
          <value>ChIJ3dpkJQDr3TsRoNG9lLFedK4</value>
        </Data>
        <Data name="Distance_m">
          <value>1801.0</value>
        </Data>
      </ExtendedData>
      <Point>
        <coordinates>
          73.8397334,19.9690264,0
        </coordinates>
      </Point>
    </Placemark>
    <Placemark>
      <name>Swami Clinic And Day Care</name>
      <description><![CDATA[Description: <br>address: <br>phoneNumber: <br>Coordinates: 73.7584913,19.9711746<br>Category: doctor<br>Address: Shop No 01, Mahakali Chowk, Saibaba Nagar, New, Cidco, Nashik, Maharashtra 422008, India<br>Latitude: 19.9711746<br>Longitude: 73.7584913<br>Rating: 5<br>Place_ID: ChIJU5buqqfr3TsRro8Yg3Xlgyc<br>Distance_m: 193]]></description>
      <styleUrl>#icon-1899-1A237E</styleUrl>
      <ExtendedData>
        <Data name="Description">
          <value/>
        </Data>
        <Data name="address">
          <value/>
        </Data>
        <Data name="phoneNumber">
          <value/>
        </Data>
        <Data name="Coordinates">
          <value>73.7584913,19.9711746</value>
        </Data>
        <Data name="Category">
          <value>doctor</value>
        </Data>
        <Data name="Address">
          <value>Shop No 01, Mahakali Chowk, Saibaba Nagar, New, Cidco, Nashik, Maharashtra 422008, India</value>
        </Data>
        <Data name="Latitude">
          <value>19.9711746</value>
        </Data>
        <Data name="Longitude">
          <value>73.7584913</value>
        </Data>
        <Data name="Rating">
          <value>5.0</value>
        </Data>
        <Data name="Place_ID">
          <value>ChIJU5buqqfr3TsRro8Yg3Xlgyc</value>
        </Data>
        <Data name="Distance_m">
          <value>193.0</value>
        </Data>
      </ExtendedData>
      <Point>
        <coordinates>
          73.7584913,19.9711746,0
        </coordinates>
      </Point>
    </Placemark>
    <Placemark>
      <name>MATOSHREE CLINIC</name>
      <description><![CDATA[Description: <br>address: <br>phoneNumber: <br>Coordinates: 73.7563777,19.9680236<br>Category: doctor<br>Address: Shop No 15 Vasudev Park Prerna Chowk Uttam Nagar, Cidco College, Cidco, Nashik, Maharashtra 422008, India<br>Latitude: 19.9680236<br>Longitude: 73.7563777<br>Rating: 5<br>Place_ID: ChIJ_24mwkHr3TsRYaI0i_HaU-A<br>Distance_m: 469]]></description>
      <styleUrl>#icon-1899-1A237E</styleUrl>
      <ExtendedData>
        <Data name="Description">
          <value/>
        </Data>
        <Data name="address">
          <value/>
        </Data>
        <Data name="phoneNumber">
          <value/>
        </Data>
        <Data name="Coordinates">
          <value>73.7563777,19.9680236</value>
        </Data>
        <Data name="Category">
          <value>doctor</value>
        </Data>
        <Data name="Address">
          <value>Shop No 15 Vasudev Park Prerna Chowk Uttam Nagar, Cidco College, Cidco, Nashik, Maharashtra 422008, India</value>
        </Data>
        <Data name="Latitude">
          <value>19.9680236</value>
        </Data>
        <Data name="Longitude">
          <value>73.7563777</value>
        </Data>
        <Data name="Rating">
          <value>5.0</value>
        </Data>
        <Data name="Place_ID">
          <value>ChIJ_24mwkHr3TsRYaI0i_HaU-A</value>
        </Data>
        <Data name="Distance_m">
          <value>469.0</value>
        </Data>
      </ExtendedData>
      <Point>
        <coordinates>
          73.7563777,19.9680236,0
        </coordinates>
      </Point>
    </Placemark>
    <Placemark>
      <name>Family Care Clinic, General Physician - Dr. Shabana Maniyar</name>
      <description><![CDATA[Description: <br>address: <br>phoneNumber: <br>Coordinates: 73.7674028,19.9732052<br>Category: doctor<br>Address: Shop no 02, Bunglow, no 24, Zeenat Colony, near Hareshwar Mandir, Cidco, Nashik, Maharashtra 422009, India<br>Latitude: 19.9732052<br>Longitude: 73.7674028<br>Rating: 5<br>Place_ID: ChIJy1QZVsbr3TsRvt9uLwA3QCg<br>Distance_m: 1093]]></description>
      <styleUrl>#icon-1899-1A237E</styleUrl>
      <ExtendedData>
        <Data name="Description">
          <value/>
        </Data>
        <Data name="address">
          <value/>
        </Data>
        <Data name="phoneNumber">
          <value/>
        </Data>
        <Data name="Coordinates">
          <value>73.7674028,19.9732052</value>
        </Data>
        <Data name="Category">
          <value>doctor</value>
        </Data>
        <Data name="Address">
          <value>Shop no 02, Bunglow, no 24, Zeenat Colony, near Hareshwar Mandir, Cidco, Nashik, Maharashtra 422009, India</value>
        </Data>
        <Data name="Latitude">
          <value>19.9732052</value>
        </Data>
        <Data name="Longitude">
          <value>73.7674028</value>
        </Data>
        <Data name="Rating">
          <value>5.0</value>
        </Data>
        <Data name="Place_ID">
          <value>ChIJy1QZVsbr3TsRvt9uLwA3QCg</value>
        </Data>
        <Data name="Distance_m">
          <value>1093.0</value>
        </Data>
      </ExtendedData>
      <Point>
        <coordinates>
          73.7674028,19.9732052,0
        </coordinates>
      </Point>
    </Placemark>
    <Placemark>
      <name>AYURVEDIC CLINIC</name>
      <description><![CDATA[Description: <br>address: <br>phoneNumber: <br>Coordinates: 73.7549158,19.9723048<br>Category: doctor<br>Address: Shop No 1 Beside Hire School Pawan Nagar, Rajratna Nagar, Cidco, Nashik, Maharashtra 422008, India<br>Latitude: 19.9723048<br>Longitude: 73.7549158<br>Rating: 5<br>Place_ID: ChIJEdYbscvr3TsRzQsOZv7cINA<br>Distance_m: 218]]></description>
      <styleUrl>#icon-1899-1A237E</styleUrl>
      <ExtendedData>
        <Data name="Description">
          <value/>
        </Data>
        <Data name="address">
          <value/>
        </Data>
        <Data name="phoneNumber">
          <value/>
        </Data>
        <Data name="Coordinates">
          <value>73.7549158,19.9723048</value>
        </Data>
        <Data name="Category">
          <value>doctor</value>
        </Data>
        <Data name="Address">
          <value>Shop No 1 Beside Hire School Pawan Nagar, Rajratna Nagar, Cidco, Nashik, Maharashtra 422008, India</value>
        </Data>
        <Data name="Latitude">
          <value>19.9723048</value>
        </Data>
        <Data name="Longitude">
          <value>73.7549158</value>
        </Data>
        <Data name="Rating">
          <value>5.0</value>
        </Data>
        <Data name="Place_ID">
          <value>ChIJEdYbscvr3TsRzQsOZv7cINA</value>
        </Data>
        <Data name="Distance_m">
          <value>218.0</value>
        </Data>
      </ExtendedData>
      <Point>
        <coordinates>
          73.7549158,19.9723048,0
        </coordinates>
      </Point>
    </Placemark>
    <Placemark>
      <name>Prathamesh Clinic</name>
      <description><![CDATA[Description: <br>address: <br>phoneNumber: <br>Coordinates: 73.7672787,19.9692721<br>Category: doctor<br>Address: N10-N-3-22-4, Veer Sawarkar Marg, Ganesh Chowk, Cidco, Shri Ram Colony, Nashik, Maharashtra 422009, India<br>Latitude: 19.9692721<br>Longitude: 73.7672787<br>Rating: 5<br>Place_ID: ChIJCbTVxUbr3TsRH6LtYkpS4bQ<br>Distance_m: 1122]]></description>
      <styleUrl>#icon-1899-1A237E</styleUrl>
      <ExtendedData>
        <Data name="Description">
          <value/>
        </Data>
        <Data name="address">
          <value/>
        </Data>
        <Data name="phoneNumber">
          <value/>
        </Data>
        <Data name="Coordinates">
          <value>73.7672787,19.9692721</value>
        </Data>
        <Data name="Category">
          <value>doctor</value>
        </Data>
        <Data name="Address">
          <value>N10-N-3-22-4, Veer Sawarkar Marg, Ganesh Chowk, Cidco, Shri Ram Colony, Nashik, Maharashtra 422009, India</value>
        </Data>
        <Data name="Latitude">
          <value>19.9692721</value>
        </Data>
        <Data name="Longitude">
          <value>73.7672787</value>
        </Data>
        <Data name="Rating">
          <value>5.0</value>
        </Data>
        <Data name="Place_ID">
          <value>ChIJCbTVxUbr3TsRH6LtYkpS4bQ</value>
        </Data>
        <Data name="Distance_m">
          <value>1122.0</value>
        </Data>
      </ExtendedData>
      <Point>
        <coordinates>
          73.7672787,19.9692721,0
        </coordinates>
      </Point>
    </Placemark>
    <Placemark>
      <name>Vardhman Clinic</name>
      <description><![CDATA[Description: <br>address: <br>phoneNumber: <br>Coordinates: 73.7663785,19.9730901<br>Category: doctor<br>Address: Rana Pratap Chowk Rd, in front of Chatrapati Medical, Maharanapratap Chowk, New, Cidco, Nashik, Maharashtra 422009, India<br>Latitude: 19.9730901<br>Longitude: 73.7663785<br>Rating: 5<br>Place_ID: ChIJJwHiakHr3TsRWnYz9wgSq84<br>Distance_m: 985]]></description>
      <styleUrl>#icon-1899-1A237E</styleUrl>
      <ExtendedData>
        <Data name="Description">
          <value/>
        </Data>
        <Data name="address">
          <value/>
        </Data>
        <Data name="phoneNumber">
          <value/>
        </Data>
        <Data name="Coordinates">
          <value>73.7663785,19.9730901</value>
        </Data>
        <Data name="Category">
          <value>doctor</value>
        </Data>
        <Data name="Address">
          <value>Rana Pratap Chowk Rd, in front of Chatrapati Medical, Maharanapratap Chowk, New, Cidco, Nashik, Maharashtra 422009, India</value>
        </Data>
        <Data name="Latitude">
          <value>19.9730901</value>
        </Data>
        <Data name="Longitude">
          <value>73.7663785</value>
        </Data>
        <Data name="Rating">
          <value>5.0</value>
        </Data>
        <Data name="Place_ID">
          <value>ChIJJwHiakHr3TsRWnYz9wgSq84</value>
        </Data>
        <Data name="Distance_m">
          <value>985.0</value>
        </Data>
      </ExtendedData>
      <Point>
        <coordinates>
          73.7663785,19.9730901,0
        </coordinates>
      </Point>
    </Placemark>
    <Placemark>
      <name>Rajesh Clinic</name>
      <description><![CDATA[Description: <br>address: <br>phoneNumber: <br>Coordinates: 73.7536789,19.9690298<br>Category: medical_clinic<br>Address: XQ93+JF7, Ambad Link Rd, Uttam Nagar, Nashik, Maharashtra 422010, India<br>Latitude: 19.9690298<br>Longitude: 73.7536789<br>Rating: 5<br>Place_ID: ChIJM6gj9iDr3TsRTp6vyPPq_2U<br>Distance_m: 1313]]></description>
      <styleUrl>#icon-1899-1A237E</styleUrl>
      <ExtendedData>
        <Data name="Description">
          <value/>
        </Data>
        <Data name="address">
          <value/>
        </Data>
        <Data name="phoneNumber">
          <value/>
        </Data>
        <Data name="Coordinates">
          <value>73.7536789,19.9690298</value>
        </Data>
        <Data name="Category">
          <value>medical_clinic</value>
        </Data>
        <Data name="Address">
          <value>XQ93+JF7, Ambad Link Rd, Uttam Nagar, Nashik, Maharashtra 422010, India</value>
        </Data>
        <Data name="Latitude">
          <value>19.9690298</value>
        </Data>
        <Data name="Longitude">
          <value>73.7536789</value>
        </Data>
        <Data name="Rating">
          <value>5.0</value>
        </Data>
        <Data name="Place_ID">
          <value>ChIJM6gj9iDr3TsRTp6vyPPq_2U</value>
        </Data>
        <Data name="Distance_m">
          <value>1313.0</value>
        </Data>
      </ExtendedData>
      <Point>
        <coordinates>
          73.7536789,19.9690298,0
        </coordinates>
      </Point>
    </Placemark>
    <Placemark>
      <name>AMBIKA CLINIC</name>
      <description><![CDATA[Description: <br>address: <br>phoneNumber: <br>Coordinates: 73.7652199,19.9650605<br>Category: medical_clinic<br>Address: Ambad Police Station Rd, Swami Vivekanand Nagar, Shri Ram Colony, Nashik, Maharashtra 422009, India<br>Latitude: 19.9650605<br>Longitude: 73.7652199<br>Rating: <br>Place_ID: ChIJryBYOTXr3TsRCOhyC4ouO50<br>Distance_m: 155]]></description>
      <styleUrl>#icon-1899-1A237E</styleUrl>
      <ExtendedData>
        <Data name="Description">
          <value/>
        </Data>
        <Data name="address">
          <value/>
        </Data>
        <Data name="phoneNumber">
          <value/>
        </Data>
        <Data name="Coordinates">
          <value>73.7652199,19.9650605</value>
        </Data>
        <Data name="Category">
          <value>medical_clinic</value>
        </Data>
        <Data name="Address">
          <value>Ambad Police Station Rd, Swami Vivekanand Nagar, Shri Ram Colony, Nashik, Maharashtra 422009, India</value>
        </Data>
        <Data name="Latitude">
          <value>19.9650605</value>
        </Data>
        <Data name="Longitude">
          <value>73.7652199</value>
        </Data>
        <Data name="Rating">
          <value/>
        </Data>
        <Data name="Place_ID">
          <value>ChIJryBYOTXr3TsRCOhyC4ouO50</value>
        </Data>
        <Data name="Distance_m">
          <value>155.0</value>
        </Data>
      </ExtendedData>
      <Point>
        <coordinates>
          73.7652199,19.9650605,0
        </coordinates>
      </Point>
    </Placemark>
    <Placemark>
      <name>Homeopathic Clinic - Dr Vishal Dhivar MD (Homeopathy)</name>
      <description><![CDATA[Description: <br>address: <br>phoneNumber: <br>Coordinates: 73.762134,19.9646095<br>Category: medical_clinic<br>Address: 8, Umang Residency, In front of Maharashtra Bank, Devang Dairy Raje Sambhaji Stadium Road, Ashwin Nagar, Umang Residency, Cidco, Nashik, Maharashtra 422009, India<br>Latitude: 19.9646095<br>Longitude: 73.762134<br>Rating: 5<br>Place_ID: ChIJXSZDLhXr3TsRxtTAmyKG7rg<br>Distance_m: 436]]></description>
      <styleUrl>#icon-1899-1A237E</styleUrl>
      <ExtendedData>
        <Data name="Description">
          <value/>
        </Data>
        <Data name="address">
          <value/>
        </Data>
        <Data name="phoneNumber">
          <value/>
        </Data>
        <Data name="Coordinates">
          <value>73.762134,19.9646095</value>
        </Data>
        <Data name="Category">
          <value>medical_clinic</value>
        </Data>
        <Data name="Address">
          <value>8, Umang Residency, In front of Maharashtra Bank, Devang Dairy Raje Sambhaji Stadium Road, Ashwin Nagar, Umang Residency, Cidco, Nashik, Maharashtra 422009, India</value>
        </Data>
        <Data name="Latitude">
          <value>19.9646095</value>
        </Data>
        <Data name="Longitude">
          <value>73.762134</value>
        </Data>
        <Data name="Rating">
          <value>5.0</value>
        </Data>
        <Data name="Place_ID">
          <value>ChIJXSZDLhXr3TsRxtTAmyKG7rg</value>
        </Data>
        <Data name="Distance_m">
          <value>436.0</value>
        </Data>
      </ExtendedData>
      <Point>
        <coordinates>
          73.762134,19.9646095,0
        </coordinates>
      </Point>
    </Placemark>
    <Placemark>
      <name><![CDATA[Dr. Shabana's Family Care Clinic]]></name>
      <description><![CDATA[Description: <br>address: <br>phoneNumber: <br>Coordinates: 73.7673402,19.9731284<br>Category: medical_clinic<br>Address: Shop no 2, Bunglow, no 24, Zeenat Colony, opp. Hareshwar mandir, Cidco, Nashik, Maharashtra 422009, India<br>Latitude: 19.9731284<br>Longitude: 73.7673402<br>Rating: 5<br>Place_ID: ChIJX-61SATr3TsRMtp_sd-73b8<br>Distance_m: 774]]></description>
      <styleUrl>#icon-1899-1A237E</styleUrl>
      <ExtendedData>
        <Data name="Description">
          <value/>
        </Data>
        <Data name="address">
          <value/>
        </Data>
        <Data name="phoneNumber">
          <value/>
        </Data>
        <Data name="Coordinates">
          <value>73.7673402,19.9731284</value>
        </Data>
        <Data name="Category">
          <value>medical_clinic</value>
        </Data>
        <Data name="Address">
          <value>Shop no 2, Bunglow, no 24, Zeenat Colony, opp. Hareshwar mandir, Cidco, Nashik, Maharashtra 422009, India</value>
        </Data>
        <Data name="Latitude">
          <value>19.9731284</value>
        </Data>
        <Data name="Longitude">
          <value>73.7673402</value>
        </Data>
        <Data name="Rating">
          <value>5.0</value>
        </Data>
        <Data name="Place_ID">
          <value>ChIJX-61SATr3TsRMtp_sd-73b8</value>
        </Data>
        <Data name="Distance_m">
          <value>774.0</value>
        </Data>
      </ExtendedData>
      <Point>
        <coordinates>
          73.7673402,19.9731284,0
        </coordinates>
      </Point>
    </Placemark>
    <Placemark>
      <name>Sudha Clinic ,Near New Atul Dairy,Ambad Link Road,Nashik</name>
      <description><![CDATA[Description: <br>address: <br>phoneNumber: <br>Coordinates: 73.7536927,19.9647206<br>Category: medical_clinic<br>Address: Sudha Clinic, mayuri Apartment, Ambad Link Rd, near new atul diary, Uttam Nagar, Nashik, Maharashtra 422010, India<br>Latitude: 19.9647206<br>Longitude: 73.7536927<br>Rating: <br>Place_ID: ChIJM_WrvHDr3TsRJqHwxV6kU8s<br>Distance_m: 1288]]></description>
      <styleUrl>#icon-1899-1A237E</styleUrl>
      <ExtendedData>
        <Data name="Description">
          <value/>
        </Data>
        <Data name="address">
          <value/>
        </Data>
        <Data name="phoneNumber">
          <value/>
        </Data>
        <Data name="Coordinates">
          <value>73.7536927,19.9647206</value>
        </Data>
        <Data name="Category">
          <value>medical_clinic</value>
        </Data>
        <Data name="Address">
          <value>Sudha Clinic, mayuri Apartment, Ambad Link Rd, near new atul diary, Uttam Nagar, Nashik, Maharashtra 422010, India</value>
        </Data>
        <Data name="Latitude">
          <value>19.9647206</value>
        </Data>
        <Data name="Longitude">
          <value>73.7536927</value>
        </Data>
        <Data name="Rating">
          <value/>
        </Data>
        <Data name="Place_ID">
          <value>ChIJM_WrvHDr3TsRJqHwxV6kU8s</value>
        </Data>
        <Data name="Distance_m">
          <value>1288.0</value>
        </Data>
      </ExtendedData>
      <Point>
        <coordinates>
          73.7536927,19.9647206,0
        </coordinates>
      </Point>
    </Placemark>
    <Placemark>
      <name>Dr. Shahnawaz Family Clinic</name>
      <description><![CDATA[Description: <br>address: <br>phoneNumber: <br>Coordinates: 73.7540552,19.9712469<br>Category: medical_clinic<br>Address: Shop No 3, SR No 2B/1, Plot No 18, Ambad Link Rd, near Noble Medical Ganesh Chowk, Lokmanya Nagar, Chunchale Shivar, Pawan Nagar, Nashik, Maharashtra 422010, India<br>Latitude: 19.9712469<br>Longitude: 73.7540552<br>Rating: <br>Place_ID: ChIJQ123Tt_r3TsRsNkMzi1GzSI<br>Distance_m: 761]]></description>
      <styleUrl>#icon-1899-1A237E</styleUrl>
      <ExtendedData>
        <Data name="Description">
          <value/>
        </Data>
        <Data name="address">
          <value/>
        </Data>
        <Data name="phoneNumber">
          <value/>
        </Data>
        <Data name="Coordinates">
          <value>73.7540552,19.9712469</value>
        </Data>
        <Data name="Category">
          <value>medical_clinic</value>
        </Data>
        <Data name="Address">
          <value>Shop No 3, SR No 2B/1, Plot No 18, Ambad Link Rd, near Noble Medical Ganesh Chowk, Lokmanya Nagar, Chunchale Shivar, Pawan Nagar, Nashik, Maharashtra 422010, India</value>
        </Data>
        <Data name="Latitude">
          <value>19.9712469</value>
        </Data>
        <Data name="Longitude">
          <value>73.7540552</value>
        </Data>
        <Data name="Rating">
          <value/>
        </Data>
        <Data name="Place_ID">
          <value>ChIJQ123Tt_r3TsRsNkMzi1GzSI</value>
        </Data>
        <Data name="Distance_m">
          <value>761.0</value>
        </Data>
      </ExtendedData>
      <Point>
        <coordinates>
          73.7540552,19.9712469,0
        </coordinates>
      </Point>
    </Placemark>
    <Placemark>
      <name>Sai Sanjeevani Clinic</name>
      <description><![CDATA[Description: <br>address: <br>phoneNumber: <br>Coordinates: 73.7534687,19.966334<br>Category: medical_clinic<br>Address: Shop No.4B,Room, Rinki sankul, 20, Ambad Link Rd, opp. 6th Scheme, Upendra Nagar Colony, Nashik, Maharashtra 422010, India<br>Latitude: 19.966334<br>Longitude: 73.7534687<br>Rating: 5<br>Place_ID: ChIJievY31nr3TsRTuC9ZyHpo4U<br>Distance_m: 970]]></description>
      <styleUrl>#icon-1899-1A237E</styleUrl>
      <ExtendedData>
        <Data name="Description">
          <value/>
        </Data>
        <Data name="address">
          <value/>
        </Data>
        <Data name="phoneNumber">
          <value/>
        </Data>
        <Data name="Coordinates">
          <value>73.7534687,19.966334</value>
        </Data>
        <Data name="Category">
          <value>medical_clinic</value>
        </Data>
        <Data name="Address">
          <value>Shop No.4B,Room, Rinki sankul, 20, Ambad Link Rd, opp. 6th Scheme, Upendra Nagar Colony, Nashik, Maharashtra 422010, India</value>
        </Data>
        <Data name="Latitude">
          <value>19.966334</value>
        </Data>
        <Data name="Longitude">
          <value>73.7534687</value>
        </Data>
        <Data name="Rating">
          <value>5.0</value>
        </Data>
        <Data name="Place_ID">
          <value>ChIJievY31nr3TsRTuC9ZyHpo4U</value>
        </Data>
        <Data name="Distance_m">
          <value>970.0</value>
        </Data>
      </ExtendedData>
      <Point>
        <coordinates>
          73.7534687,19.966334,0
        </coordinates>
      </Point>
    </Placemark>
    <Placemark>
      <name>SHARADA CLINIC</name>
      <description><![CDATA[Description: <br>address: <br>phoneNumber: <br>Coordinates: 73.7584692,19.9722503<br>Category: medical_clinic<br>Address: Sharada Clinic, Mahakali Rd, behind Mahakli Devi Mandir, Saibaba Nagar, Cidco, Nashik, Maharashtra 422008, India<br>Latitude: 19.9722503<br>Longitude: 73.7584692<br>Rating: 4.9<br>Place_ID: ChIJgXhrSTLr3TsR7njZq9euwyU<br>Distance_m: 154]]></description>
      <styleUrl>#icon-1899-1A237E</styleUrl>
      <ExtendedData>
        <Data name="Description">
          <value/>
        </Data>
        <Data name="address">
          <value/>
        </Data>
        <Data name="phoneNumber">
          <value/>
        </Data>
        <Data name="Coordinates">
          <value>73.7584692,19.9722503</value>
        </Data>
        <Data name="Category">
          <value>medical_clinic</value>
        </Data>
        <Data name="Address">
          <value>Sharada Clinic, Mahakali Rd, behind Mahakli Devi Mandir, Saibaba Nagar, Cidco, Nashik, Maharashtra 422008, India</value>
        </Data>
        <Data name="Latitude">
          <value>19.9722503</value>
        </Data>
        <Data name="Longitude">
          <value>73.7584692</value>
        </Data>
        <Data name="Rating">
          <value>4.9</value>
        </Data>
        <Data name="Place_ID">
          <value>ChIJgXhrSTLr3TsR7njZq9euwyU</value>
        </Data>
        <Data name="Distance_m">
          <value>154.0</value>
        </Data>
      </ExtendedData>
      <Point>
        <coordinates>
          73.7584692,19.9722503,0
        </coordinates>
      </Point>
    </Placemark>
    <Placemark>
      <name><![CDATA[Dr.Pagar's Clinic Near Amit Electricals Saibaba Nagar 4th Scheme Cidco Nashik Maharashtra 422009]]></name>
      <description><![CDATA[Description: <br>address: <br>phoneNumber: <br>Coordinates: 73.7566086,19.9721792<br>Category: medical_clinic<br>Address: N42-AB2-15-6, Pavan Nagar Rd, Saibaba Nagar, Cidco, Nashik, Maharashtra 422008, India<br>Latitude: 19.9721792<br>Longitude: 73.7566086<br>Rating: <br>Place_ID: ChIJIYagql3r3TsRmbRIRMJlw_k<br>Distance_m: 41]]></description>
      <styleUrl>#icon-1899-1A237E</styleUrl>
      <ExtendedData>
        <Data name="Description">
          <value/>
        </Data>
        <Data name="address">
          <value/>
        </Data>
        <Data name="phoneNumber">
          <value/>
        </Data>
        <Data name="Coordinates">
          <value>73.7566086,19.9721792</value>
        </Data>
        <Data name="Category">
          <value>medical_clinic</value>
        </Data>
        <Data name="Address">
          <value>N42-AB2-15-6, Pavan Nagar Rd, Saibaba Nagar, Cidco, Nashik, Maharashtra 422008, India</value>
        </Data>
        <Data name="Latitude">
          <value>19.9721792</value>
        </Data>
        <Data name="Longitude">
          <value>73.7566086</value>
        </Data>
        <Data name="Rating">
          <value/>
        </Data>
        <Data name="Place_ID">
          <value>ChIJIYagql3r3TsRmbRIRMJlw_k</value>
        </Data>
        <Data name="Distance_m">
          <value>41.0</value>
        </Data>
      </ExtendedData>
      <Point>
        <coordinates>
          73.7566086,19.9721792,0
        </coordinates>
      </Point>
    </Placemark>
    <Placemark>
      <name>Adishakti Clinic </name>
      <description><![CDATA[Description: <br>address: <br>phoneNumber: <br>Coordinates: 73.7583078,19.9710569<br>Category: medical_clinic<br>Address: Ghuge Mala, Mahakali Chowk, Saibaba Nagar, Cidco, Nashik, Maharashtra 422008, India<br>Latitude: 19.9710569<br>Longitude: 73.7583078<br>Rating: 5<br>Place_ID: ChIJFX3gcxnr3TsRDWZN-EiJQuU<br>Distance_m: 187]]></description>
      <styleUrl>#icon-1899-1A237E</styleUrl>
      <ExtendedData>
        <Data name="Description">
          <value/>
        </Data>
        <Data name="address">
          <value/>
        </Data>
        <Data name="phoneNumber">
          <value/>
        </Data>
        <Data name="Coordinates">
          <value>73.7583078,19.9710569</value>
        </Data>
        <Data name="Category">
          <value>medical_clinic</value>
        </Data>
        <Data name="Address">
          <value>Ghuge Mala, Mahakali Chowk, Saibaba Nagar, Cidco, Nashik, Maharashtra 422008, India</value>
        </Data>
        <Data name="Latitude">
          <value>19.9710569</value>
        </Data>
        <Data name="Longitude">
          <value>73.7583078</value>
        </Data>
        <Data name="Rating">
          <value>5.0</value>
        </Data>
        <Data name="Place_ID">
          <value>ChIJFX3gcxnr3TsRDWZN-EiJQuU</value>
        </Data>
        <Data name="Distance_m">
          <value>187.0</value>
        </Data>
      </ExtendedData>
      <Point>
        <coordinates>
          73.7583078,19.9710569,0
        </coordinates>
      </Point>
    </Placemark>
    <Placemark>
      <name>SHREE SAI CLINIC</name>
      <description><![CDATA[Description: <br>address: <br>phoneNumber: <br>Coordinates: 73.7616676,19.9697752<br>Category: medical_clinic<br>Address: Shop No 1, opp. swami samarth kendra, Datta Chowk, stop, Cidco, Nashik, Maharashtra 422009, India<br>Latitude: 19.9697752<br>Longitude: 73.7616676<br>Rating: 5<br>Place_ID: ChIJZSboTznr3TsRR-vGjthDk4Q<br>Distance_m: 557]]></description>
      <styleUrl>#icon-1899-1A237E</styleUrl>
      <ExtendedData>
        <Data name="Description">
          <value/>
        </Data>
        <Data name="address">
          <value/>
        </Data>
        <Data name="phoneNumber">
          <value/>
        </Data>
        <Data name="Coordinates">
          <value>73.7616676,19.9697752</value>
        </Data>
        <Data name="Category">
          <value>medical_clinic</value>
        </Data>
        <Data name="Address">
          <value>Shop No 1, opp. swami samarth kendra, Datta Chowk, stop, Cidco, Nashik, Maharashtra 422009, India</value>
        </Data>
        <Data name="Latitude">
          <value>19.9697752</value>
        </Data>
        <Data name="Longitude">
          <value>73.7616676</value>
        </Data>
        <Data name="Rating">
          <value>5.0</value>
        </Data>
        <Data name="Place_ID">
          <value>ChIJZSboTznr3TsRR-vGjthDk4Q</value>
        </Data>
        <Data name="Distance_m">
          <value>557.0</value>
        </Data>
      </ExtendedData>
      <Point>
        <coordinates>
          73.7616676,19.9697752,0
        </coordinates>
      </Point>
    </Placemark>
    <Placemark>
      <name>Sukhakarta Clinic</name>
      <description><![CDATA[Description: <br>address: <br>phoneNumber: <br>Coordinates: 73.7581048,19.9688972<br>Category: medical_clinic<br>Address: XQ95+H65, Saibaba Nagar, Vijay Nagar, Nashik, Maharashtra 422009, India<br>Latitude: 19.9688972<br>Longitude: 73.7581048<br>Rating: 4.9<br>Place_ID: ChIJpyp6joDr3TsR_VSuu4qruN4<br>Distance_m: 385]]></description>
      <styleUrl>#icon-1899-1A237E</styleUrl>
      <ExtendedData>
        <Data name="Description">
          <value/>
        </Data>
        <Data name="address">
          <value/>
        </Data>
        <Data name="phoneNumber">
          <value/>
        </Data>
        <Data name="Coordinates">
          <value>73.7581048,19.9688972</value>
        </Data>
        <Data name="Category">
          <value>medical_clinic</value>
        </Data>
        <Data name="Address">
          <value>XQ95+H65, Saibaba Nagar, Vijay Nagar, Nashik, Maharashtra 422009, India</value>
        </Data>
        <Data name="Latitude">
          <value>19.9688972</value>
        </Data>
        <Data name="Longitude">
          <value>73.7581048</value>
        </Data>
        <Data name="Rating">
          <value>4.9</value>
        </Data>
        <Data name="Place_ID">
          <value>ChIJpyp6joDr3TsR_VSuu4qruN4</value>
        </Data>
        <Data name="Distance_m">
          <value>385.0</value>
        </Data>
      </ExtendedData>
      <Point>
        <coordinates>
          73.7581048,19.9688972,0
        </coordinates>
      </Point>
    </Placemark>
    <Placemark>
      <name>JIVAN CLINIC</name>
      <description><![CDATA[Description: <br>address: <br>phoneNumber: <br>Coordinates: 73.781136,19.969816<br>Category: consultant<br>Address: Shop no 1, Shivam plaza, building, near Honda two wheeler showroom, near icici bank, Kala Nagar, Indira Nagar, Nashik, Maharashtra 422009, India<br>Latitude: 19.969816<br>Longitude: 73.781136<br>Rating: 5<br>Place_ID: ChIJ5bDIEzvr3TsRWvUHJWjKT08<br>Distance_m: 282]]></description>
      <styleUrl>#icon-1899-1A237E</styleUrl>
      <ExtendedData>
        <Data name="Description">
          <value/>
        </Data>
        <Data name="address">
          <value/>
        </Data>
        <Data name="phoneNumber">
          <value/>
        </Data>
        <Data name="Coordinates">
          <value>73.781136,19.969816</value>
        </Data>
        <Data name="Category">
          <value>consultant</value>
        </Data>
        <Data name="Address">
          <value>Shop no 1, Shivam plaza, building, near Honda two wheeler showroom, near icici bank, Kala Nagar, Indira Nagar, Nashik, Maharashtra 422009, India</value>
        </Data>
        <Data name="Latitude">
          <value>19.969816</value>
        </Data>
        <Data name="Longitude">
          <value>73.781136</value>
        </Data>
        <Data name="Rating">
          <value>5.0</value>
        </Data>
        <Data name="Place_ID">
          <value>ChIJ5bDIEzvr3TsRWvUHJWjKT08</value>
        </Data>
        <Data name="Distance_m">
          <value>282.0</value>
        </Data>
      </ExtendedData>
      <Point>
        <coordinates>
          73.781136,19.969816,0
        </coordinates>
      </Point>
    </Placemark>
    <Placemark>
      <name>Ayush clinic</name>
      <description><![CDATA[Description: <br>address: <br>phoneNumber: <br>Coordinates: 73.7747288,19.9539335<br>Category: doctor<br>Address: Samarth Nagar, Dnyaneshwar Nagar, Pathardi Phata, Nashik, Maharashtra 422009, India<br>Latitude: 19.9539335<br>Longitude: 73.7747288<br>Rating: 5<br>Place_ID: ChIJudLl-17r3TsRX54Ob1Js4Qs<br>Distance_m: 986]]></description>
      <styleUrl>#icon-1899-1A237E</styleUrl>
      <ExtendedData>
        <Data name="Description">
          <value/>
        </Data>
        <Data name="address">
          <value/>
        </Data>
        <Data name="phoneNumber">
          <value/>
        </Data>
        <Data name="Coordinates">
          <value>73.7747288,19.9539335</value>
        </Data>
        <Data name="Category">
          <value>doctor</value>
        </Data>
        <Data name="Address">
          <value>Samarth Nagar, Dnyaneshwar Nagar, Pathardi Phata, Nashik, Maharashtra 422009, India</value>
        </Data>
        <Data name="Latitude">
          <value>19.9539335</value>
        </Data>
        <Data name="Longitude">
          <value>73.7747288</value>
        </Data>
        <Data name="Rating">
          <value>5.0</value>
        </Data>
        <Data name="Place_ID">
          <value>ChIJudLl-17r3TsRX54Ob1Js4Qs</value>
        </Data>
        <Data name="Distance_m">
          <value>986.0</value>
        </Data>
      </ExtendedData>
      <Point>
        <coordinates>
          73.7747288,19.9539335,0
        </coordinates>
      </Point>
    </Placemark>
    <Placemark>
      <name>CARE AND CURE CLINIC</name>
      <description><![CDATA[Description: <br>address: <br>phoneNumber: <br>Coordinates: 73.7691576,19.9566562<br>Category: doctor<br>Address: Shop No 5 Park Avenue, near Gamane Ground, Mauli Nagari, Wasan Nagar, Pathardi Phata, Nashik, Maharashtra 422009, India<br>Latitude: 19.9566562<br>Longitude: 73.7691576<br>Rating: 3<br>Place_ID: ChIJr2r2J1Tr3TsRkmMxiecTePg<br>Distance_m: 882]]></description>
      <styleUrl>#icon-1899-1A237E</styleUrl>
      <ExtendedData>
        <Data name="Description">
          <value/>
        </Data>
        <Data name="address">
          <value/>
        </Data>
        <Data name="phoneNumber">
          <value/>
        </Data>
        <Data name="Coordinates">
          <value>73.7691576,19.9566562</value>
        </Data>
        <Data name="Category">
          <value>doctor</value>
        </Data>
        <Data name="Address">
          <value>Shop No 5 Park Avenue, near Gamane Ground, Mauli Nagari, Wasan Nagar, Pathardi Phata, Nashik, Maharashtra 422009, India</value>
        </Data>
        <Data name="Latitude">
          <value>19.9566562</value>
        </Data>
        <Data name="Longitude">
          <value>73.7691576</value>
        </Data>
        <Data name="Rating">
          <value>3.0</value>
        </Data>
        <Data name="Place_ID">
          <value>ChIJr2r2J1Tr3TsRkmMxiecTePg</value>
        </Data>
        <Data name="Distance_m">
          <value>882.0</value>
        </Data>
      </ExtendedData>
      <Point>
        <coordinates>
          73.7691576,19.9566562,0
        </coordinates>
      </Point>
    </Placemark>
    <Placemark>
      <name>Tejomay Health Care Clinic</name>
      <description><![CDATA[Description: <br>address: <br>phoneNumber: <br>Coordinates: 73.7711289,19.9546219<br>Category: doctor<br>Address: Row House No 1, next to Mahadev Petrol Pump, Dnyaneshwar Nagar, Pathardi Phata, Nashik, Maharashtra 422009, India<br>Latitude: 19.9546219<br>Longitude: 73.7711289<br>Rating: 5<br>Place_ID: ChIJl-Eeafrr3TsRFnA7qJ9E5Pc<br>Distance_m: 975]]></description>
      <styleUrl>#icon-1899-1A237E</styleUrl>
      <ExtendedData>
        <Data name="Description">
          <value/>
        </Data>
        <Data name="address">
          <value/>
        </Data>
        <Data name="phoneNumber">
          <value/>
        </Data>
        <Data name="Coordinates">
          <value>73.7711289,19.9546219</value>
        </Data>
        <Data name="Category">
          <value>doctor</value>
        </Data>
        <Data name="Address">
          <value>Row House No 1, next to Mahadev Petrol Pump, Dnyaneshwar Nagar, Pathardi Phata, Nashik, Maharashtra 422009, India</value>
        </Data>
        <Data name="Latitude">
          <value>19.9546219</value>
        </Data>
        <Data name="Longitude">
          <value>73.7711289</value>
        </Data>
        <Data name="Rating">
          <value>5.0</value>
        </Data>
        <Data name="Place_ID">
          <value>ChIJl-Eeafrr3TsRFnA7qJ9E5Pc</value>
        </Data>
        <Data name="Distance_m">
          <value>975.0</value>
        </Data>
      </ExtendedData>
      <Point>
        <coordinates>
          73.7711289,19.9546219,0
        </coordinates>
      </Point>
    </Placemark>
    <Placemark>
      <name>KRUSHNA CLINIC</name>
      <description><![CDATA[Description: <br>address: <br>phoneNumber: <br>Coordinates: 73.7983759,19.9740428<br>Category: doctor<br>Address: Shop No 1 Krishita Tulip Khote Mala, Pakhal Rd, Vidhate Nagar, Tirumla Nagar, Wadala Gaon, Nashik, Maharashtra 422006, India<br>Latitude: 19.9740428<br>Longitude: 73.7983759<br>Rating: 3<br>Place_ID: ChIJ62YHbzPr3TsR5imxtv-9084<br>Distance_m: 2161]]></description>
      <styleUrl>#icon-1899-1A237E</styleUrl>
      <ExtendedData>
        <Data name="Description">
          <value/>
        </Data>
        <Data name="address">
          <value/>
        </Data>
        <Data name="phoneNumber">
          <value/>
        </Data>
        <Data name="Coordinates">
          <value>73.7983759,19.9740428</value>
        </Data>
        <Data name="Category">
          <value>doctor</value>
        </Data>
        <Data name="Address">
          <value>Shop No 1 Krishita Tulip Khote Mala, Pakhal Rd, Vidhate Nagar, Tirumla Nagar, Wadala Gaon, Nashik, Maharashtra 422006, India</value>
        </Data>
        <Data name="Latitude">
          <value>19.9740428</value>
        </Data>
        <Data name="Longitude">
          <value>73.7983759</value>
        </Data>
        <Data name="Rating">
          <value>3.0</value>
        </Data>
        <Data name="Place_ID">
          <value>ChIJ62YHbzPr3TsR5imxtv-9084</value>
        </Data>
        <Data name="Distance_m">
          <value>2161.0</value>
        </Data>
      </ExtendedData>
      <Point>
        <coordinates>
          73.7983759,19.9740428,0
        </coordinates>
      </Point>
    </Placemark>
    <Placemark>
      <name>Aarogyam Clinic and Health care Center</name>
      <description><![CDATA[Description: <br>address: <br>phoneNumber: <br>Coordinates: 73.7986665,19.9722518<br>Category: doctor<br>Address: Shop No. 2, Guruayyapan Appartment, Khode Nagar, Tirumla Nagar, Wadala, Nashik, Maharashtra 422006, India<br>Latitude: 19.9722518<br>Longitude: 73.7986665<br>Rating: 5<br>Place_ID: ChIJt3uhaubr3TsRLm5aJO3g518<br>Distance_m: 2262]]></description>
      <styleUrl>#icon-1899-1A237E</styleUrl>
      <ExtendedData>
        <Data name="Description">
          <value/>
        </Data>
        <Data name="address">
          <value/>
        </Data>
        <Data name="phoneNumber">
          <value/>
        </Data>
        <Data name="Coordinates">
          <value>73.7986665,19.9722518</value>
        </Data>
        <Data name="Category">
          <value>doctor</value>
        </Data>
        <Data name="Address">
          <value>Shop No. 2, Guruayyapan Appartment, Khode Nagar, Tirumla Nagar, Wadala, Nashik, Maharashtra 422006, India</value>
        </Data>
        <Data name="Latitude">
          <value>19.9722518</value>
        </Data>
        <Data name="Longitude">
          <value>73.7986665</value>
        </Data>
        <Data name="Rating">
          <value>5.0</value>
        </Data>
        <Data name="Place_ID">
          <value>ChIJt3uhaubr3TsRLm5aJO3g518</value>
        </Data>
        <Data name="Distance_m">
          <value>2262.0</value>
        </Data>
      </ExtendedData>
      <Point>
        <coordinates>
          73.7986665,19.9722518,0
        </coordinates>
      </Point>
    </Placemark>
    <Placemark>
      <name>AL Karam Clinic</name>
      <description><![CDATA[Description: <br>address: <br>phoneNumber: <br>Coordinates: 73.794458,19.96937<br>Category: doctor<br>Address: 35/A/8, Wadala Rd, Wadala Gaon, Nashik, Maharashtra 422006, India<br>Latitude: 19.96937<br>Longitude: 73.794458<br>Rating: <br>Place_ID: ChIJAYRsdv7r3TsRZfZN6vyAEPw<br>Distance_m: 2805]]></description>
      <styleUrl>#icon-1899-1A237E</styleUrl>
      <ExtendedData>
        <Data name="Description">
          <value/>
        </Data>
        <Data name="address">
          <value/>
        </Data>
        <Data name="phoneNumber">
          <value/>
        </Data>
        <Data name="Coordinates">
          <value>73.794458,19.96937</value>
        </Data>
        <Data name="Category">
          <value>doctor</value>
        </Data>
        <Data name="Address">
          <value>35/A/8, Wadala Rd, Wadala Gaon, Nashik, Maharashtra 422006, India</value>
        </Data>
        <Data name="Latitude">
          <value>19.96937</value>
        </Data>
        <Data name="Longitude">
          <value>73.794458</value>
        </Data>
        <Data name="Rating">
          <value/>
        </Data>
        <Data name="Place_ID">
          <value>ChIJAYRsdv7r3TsRZfZN6vyAEPw</value>
        </Data>
        <Data name="Distance_m">
          <value>2805.0</value>
        </Data>
      </ExtendedData>
      <Point>
        <coordinates>
          73.794458,19.96937,0
        </coordinates>
      </Point>
    </Placemark>
    <Placemark>
      <name>Sarvam clinic, Dr Shrenik gugale</name>
      <description><![CDATA[Description: <br>address: <br>phoneNumber: <br>Coordinates: 73.7837606,19.9705787<br>Category: doctor<br>Address: Shop number 3, balaji banagalo, Wadala - Pathardi Rd, Near rajsarthi society and Bank of Maharashtra, Indira Nagar, Nashik, Maharashtra 422009, India<br>Latitude: 19.9705787<br>Longitude: 73.7837606<br>Rating: 4.9<br>Place_ID: ChIJV4EN3wDr3TsRrpRxdZEH8kM<br>Distance_m: 288]]></description>
      <styleUrl>#icon-1899-1A237E</styleUrl>
      <ExtendedData>
        <Data name="Description">
          <value/>
        </Data>
        <Data name="address">
          <value/>
        </Data>
        <Data name="phoneNumber">
          <value/>
        </Data>
        <Data name="Coordinates">
          <value>73.7837606,19.9705787</value>
        </Data>
        <Data name="Category">
          <value>doctor</value>
        </Data>
        <Data name="Address">
          <value>Shop number 3, balaji banagalo, Wadala - Pathardi Rd, Near rajsarthi society and Bank of Maharashtra, Indira Nagar, Nashik, Maharashtra 422009, India</value>
        </Data>
        <Data name="Latitude">
          <value>19.9705787</value>
        </Data>
        <Data name="Longitude">
          <value>73.7837606</value>
        </Data>
        <Data name="Rating">
          <value>4.9</value>
        </Data>
        <Data name="Place_ID">
          <value>ChIJV4EN3wDr3TsRrpRxdZEH8kM</value>
        </Data>
        <Data name="Distance_m">
          <value>288.0</value>
        </Data>
      </ExtendedData>
      <Point>
        <coordinates>
          73.7837606,19.9705787,0
        </coordinates>
      </Point>
    </Placemark>
    <Placemark>
      <name>Sarvam clinic</name>
      <description><![CDATA[Description: <br>address: <br>phoneNumber: <br>Coordinates: 73.7836952,19.9704958<br>Category: doctor<br>Address: XQCM+5FW, Indira Nagar, Nashik, Maharashtra 422009, India<br>Latitude: 19.9704958<br>Longitude: 73.7836952<br>Rating: 4.8<br>Place_ID: ChIJyxFeFMLr3TsRpsxItRF6mSQ<br>Distance_m: 289]]></description>
      <styleUrl>#icon-1899-1A237E</styleUrl>
      <ExtendedData>
        <Data name="Description">
          <value/>
        </Data>
        <Data name="address">
          <value/>
        </Data>
        <Data name="phoneNumber">
          <value/>
        </Data>
        <Data name="Coordinates">
          <value>73.7836952,19.9704958</value>
        </Data>
        <Data name="Category">
          <value>doctor</value>
        </Data>
        <Data name="Address">
          <value>XQCM+5FW, Indira Nagar, Nashik, Maharashtra 422009, India</value>
        </Data>
        <Data name="Latitude">
          <value>19.9704958</value>
        </Data>
        <Data name="Longitude">
          <value>73.7836952</value>
        </Data>
        <Data name="Rating">
          <value>4.8</value>
        </Data>
        <Data name="Place_ID">
          <value>ChIJyxFeFMLr3TsRpsxItRF6mSQ</value>
        </Data>
        <Data name="Distance_m">
          <value>289.0</value>
        </Data>
      </ExtendedData>
      <Point>
        <coordinates>
          73.7836952,19.9704958,0
        </coordinates>
      </Point>
    </Placemark>
    <Placemark>
      <name>Ayuryog Ayurveda Clinic and Panchakarma Centre</name>
      <description><![CDATA[Description: <br>address: <br>phoneNumber: <br>Coordinates: 73.7837359,19.9710814<br>Category: health<br>Address: Rathachakra Chowk, opposite Bank of Maharashtra, Indira Nagar, Nashik, Maharashtra 422009, India<br>Latitude: 19.9710814<br>Longitude: 73.7837359<br>Rating: 5<br>Place_ID: ChIJqxLjryTr3TsRAbOwH2fqBKc<br>Distance_m: 252]]></description>
      <styleUrl>#icon-1899-1A237E</styleUrl>
      <ExtendedData>
        <Data name="Description">
          <value/>
        </Data>
        <Data name="address">
          <value/>
        </Data>
        <Data name="phoneNumber">
          <value/>
        </Data>
        <Data name="Coordinates">
          <value>73.7837359,19.9710814</value>
        </Data>
        <Data name="Category">
          <value>health</value>
        </Data>
        <Data name="Address">
          <value>Rathachakra Chowk, opposite Bank of Maharashtra, Indira Nagar, Nashik, Maharashtra 422009, India</value>
        </Data>
        <Data name="Latitude">
          <value>19.9710814</value>
        </Data>
        <Data name="Longitude">
          <value>73.7837359</value>
        </Data>
        <Data name="Rating">
          <value>5.0</value>
        </Data>
        <Data name="Place_ID">
          <value>ChIJqxLjryTr3TsRAbOwH2fqBKc</value>
        </Data>
        <Data name="Distance_m">
          <value>252.0</value>
        </Data>
      </ExtendedData>
      <Point>
        <coordinates>
          73.7837359,19.9710814,0
        </coordinates>
      </Point>
    </Placemark>
    <Placemark>
      <name>Madhavbaug Clinic - Best Cardiologist in Nashik | Diabetes Reversal | Panchkarma Treatment |</name>
      <description><![CDATA[Description: <br>address: <br>phoneNumber: <br>Coordinates: 73.7882249,19.9751855<br>Category: health<br>Address: 5Th Floor, Atrey Capital Building, Wadala - Pathardi Rd, above Lenskart Showroom, near Sainath Nagar Chowk, Shrijay Nagar, Indira Nagar, Nashik, Maharashtra 422009, India<br>Latitude: 19.9751855<br>Longitude: 73.7882249<br>Rating: 4.9<br>Place_ID: ChIJWfR8pB_r3TsRLH8A5qxN1bE<br>Distance_m: 754]]></description>
      <styleUrl>#icon-1899-1A237E</styleUrl>
      <ExtendedData>
        <Data name="Description">
          <value/>
        </Data>
        <Data name="address">
          <value/>
        </Data>
        <Data name="phoneNumber">
          <value/>
        </Data>
        <Data name="Coordinates">
          <value>73.7882249,19.9751855</value>
        </Data>
        <Data name="Category">
          <value>health</value>
        </Data>
        <Data name="Address">
          <value>5Th Floor, Atrey Capital Building, Wadala - Pathardi Rd, above Lenskart Showroom, near Sainath Nagar Chowk, Shrijay Nagar, Indira Nagar, Nashik, Maharashtra 422009, India</value>
        </Data>
        <Data name="Latitude">
          <value>19.9751855</value>
        </Data>
        <Data name="Longitude">
          <value>73.7882249</value>
        </Data>
        <Data name="Rating">
          <value>4.9</value>
        </Data>
        <Data name="Place_ID">
          <value>ChIJWfR8pB_r3TsRLH8A5qxN1bE</value>
        </Data>
        <Data name="Distance_m">
          <value>754.0</value>
        </Data>
      </ExtendedData>
      <Point>
        <coordinates>
          73.7882249,19.9751855,0
        </coordinates>
      </Point>
    </Placemark>
    <Placemark>
      <name><![CDATA[Tatvavid Superspeciality Clinic of Ayurved & Panchakarma]]></name>
      <description><![CDATA[Description: <br>address: <br>phoneNumber: <br>Coordinates: 73.7817514,19.9758783<br>Category: health<br>Address: No. 5, Ajita Apartment, Gajanan Maharaj Mandir Rd, near Shri, Gajanan Colony, Indira Nagar, Nashik, Maharashtra 422009, India<br>Latitude: 19.9758783<br>Longitude: 73.7817514<br>Rating: 5<br>Place_ID: ChIJGRk3tZXr3TsRn9lP6u_3A5s<br>Distance_m: 398]]></description>
      <styleUrl>#icon-1899-1A237E</styleUrl>
      <ExtendedData>
        <Data name="Description">
          <value/>
        </Data>
        <Data name="address">
          <value/>
        </Data>
        <Data name="phoneNumber">
          <value/>
        </Data>
        <Data name="Coordinates">
          <value>73.7817514,19.9758783</value>
        </Data>
        <Data name="Category">
          <value>health</value>
        </Data>
        <Data name="Address">
          <value>No. 5, Ajita Apartment, Gajanan Maharaj Mandir Rd, near Shri, Gajanan Colony, Indira Nagar, Nashik, Maharashtra 422009, India</value>
        </Data>
        <Data name="Latitude">
          <value>19.9758783</value>
        </Data>
        <Data name="Longitude">
          <value>73.7817514</value>
        </Data>
        <Data name="Rating">
          <value>5.0</value>
        </Data>
        <Data name="Place_ID">
          <value>ChIJGRk3tZXr3TsRn9lP6u_3A5s</value>
        </Data>
        <Data name="Distance_m">
          <value>398.0</value>
        </Data>
      </ExtendedData>
      <Point>
        <coordinates>
          73.7817514,19.9758783,0
        </coordinates>
      </Point>
    </Placemark>
    <Placemark>
      <name>Yogesh Clinic</name>
      <description><![CDATA[Description: <br>address: <br>phoneNumber: <br>Coordinates: 73.7884934,19.9758727<br>Category: health<br>Address: 1, Rishabhi Apt., Sainath Nagar Bus Stop, Indira Nagar, Nashik - 422 009, State Bank Colony, Indira Nagar, Nashik, Maharashtra 422009, India<br>Latitude: 19.9758727<br>Longitude: 73.7884934<br>Rating: 4.9<br>Place_ID: ChIJzyVlLyLr3TsRVxL5E4SegvQ<br>Distance_m: 814]]></description>
      <styleUrl>#icon-1899-1A237E</styleUrl>
      <ExtendedData>
        <Data name="Description">
          <value/>
        </Data>
        <Data name="address">
          <value/>
        </Data>
        <Data name="phoneNumber">
          <value/>
        </Data>
        <Data name="Coordinates">
          <value>73.7884934,19.9758727</value>
        </Data>
        <Data name="Category">
          <value>health</value>
        </Data>
        <Data name="Address">
          <value>1, Rishabhi Apt., Sainath Nagar Bus Stop, Indira Nagar, Nashik - 422 009, State Bank Colony, Indira Nagar, Nashik, Maharashtra 422009, India</value>
        </Data>
        <Data name="Latitude">
          <value>19.9758727</value>
        </Data>
        <Data name="Longitude">
          <value>73.7884934</value>
        </Data>
        <Data name="Rating">
          <value>4.9</value>
        </Data>
        <Data name="Place_ID">
          <value>ChIJzyVlLyLr3TsRVxL5E4SegvQ</value>
        </Data>
        <Data name="Distance_m">
          <value>814.0</value>
        </Data>
      </ExtendedData>
      <Point>
        <coordinates>
          73.7884934,19.9758727,0
        </coordinates>
      </Point>
    </Placemark>
    <Placemark>
      <name>Krupa Sai clinic</name>
      <description><![CDATA[Description: <br>address: <br>phoneNumber: <br>Coordinates: 73.7697671,19.9758589<br>Category: hospital<br>Address: Shivaji Chowk, near Sai baba mandir, Old Cidco, Lekha Nagar, Nashik, Maharashtra 422009, India<br>Latitude: 19.9758589<br>Longitude: 73.7697671<br>Rating: 5<br>Place_ID: ChIJvTKnsJHr3TsRgzcVv_xQoIQ<br>Distance_m: 1395]]></description>
      <styleUrl>#icon-1899-1A237E</styleUrl>
      <ExtendedData>
        <Data name="Description">
          <value/>
        </Data>
        <Data name="address">
          <value/>
        </Data>
        <Data name="phoneNumber">
          <value/>
        </Data>
        <Data name="Coordinates">
          <value>73.7697671,19.9758589</value>
        </Data>
        <Data name="Category">
          <value>hospital</value>
        </Data>
        <Data name="Address">
          <value>Shivaji Chowk, near Sai baba mandir, Old Cidco, Lekha Nagar, Nashik, Maharashtra 422009, India</value>
        </Data>
        <Data name="Latitude">
          <value>19.9758589</value>
        </Data>
        <Data name="Longitude">
          <value>73.7697671</value>
        </Data>
        <Data name="Rating">
          <value>5.0</value>
        </Data>
        <Data name="Place_ID">
          <value>ChIJvTKnsJHr3TsRgzcVv_xQoIQ</value>
        </Data>
        <Data name="Distance_m">
          <value>1395.0</value>
        </Data>
      </ExtendedData>
      <Point>
        <coordinates>
          73.7697671,19.9758589,0
        </coordinates>
      </Point>
    </Placemark>
    <Placemark>
      <name>Ankur Clinic</name>
      <description><![CDATA[Description: <br>address: <br>phoneNumber: <br>Coordinates: 73.7690948,19.9547025<br>Category: medical_clinic<br>Address: shop no 4, Prathamesh Park Building, near maruti sweets, Pathardi Shivar, Dnyaneshwar Nagar, Pathardi Phata, Nashik, Maharashtra 422009, India<br>Latitude: 19.9547025<br>Longitude: 73.7690948<br>Rating: <br>Place_ID: ChIJQ7HT6dLr3TsRBHoB1tmUGCc<br>Distance_m: 1063]]></description>
      <styleUrl>#icon-1899-1A237E</styleUrl>
      <ExtendedData>
        <Data name="Description">
          <value/>
        </Data>
        <Data name="address">
          <value/>
        </Data>
        <Data name="phoneNumber">
          <value/>
        </Data>
        <Data name="Coordinates">
          <value>73.7690948,19.9547025</value>
        </Data>
        <Data name="Category">
          <value>medical_clinic</value>
        </Data>
        <Data name="Address">
          <value>shop no 4, Prathamesh Park Building, near maruti sweets, Pathardi Shivar, Dnyaneshwar Nagar, Pathardi Phata, Nashik, Maharashtra 422009, India</value>
        </Data>
        <Data name="Latitude">
          <value>19.9547025</value>
        </Data>
        <Data name="Longitude">
          <value>73.7690948</value>
        </Data>
        <Data name="Rating">
          <value/>
        </Data>
        <Data name="Place_ID">
          <value>ChIJQ7HT6dLr3TsRBHoB1tmUGCc</value>
        </Data>
        <Data name="Distance_m">
          <value>1063.0</value>
        </Data>
      </ExtendedData>
      <Point>
        <coordinates>
          73.7690948,19.9547025,0
        </coordinates>
      </Point>
    </Placemark>
    <Placemark>
      <name>Samarth Clinic</name>
      <description><![CDATA[Description: <br>address: <br>phoneNumber: <br>Coordinates: 73.7815875,19.9676481<br>Category: medical_clinic<br>Address: Shriji Aradhana, Pathardi Rd, opp. Church, Pandav Nagari, Indira Nagar, Nashik, Maharashtra 422009, India<br>Latitude: 19.9676481<br>Longitude: 73.7815875<br>Rating: 5<br>Place_ID: ChIJdcgahTrr3TsRGTx3LJPBSFQ<br>Distance_m: 916]]></description>
      <styleUrl>#icon-1899-1A237E</styleUrl>
      <ExtendedData>
        <Data name="Description">
          <value/>
        </Data>
        <Data name="address">
          <value/>
        </Data>
        <Data name="phoneNumber">
          <value/>
        </Data>
        <Data name="Coordinates">
          <value>73.7815875,19.9676481</value>
        </Data>
        <Data name="Category">
          <value>medical_clinic</value>
        </Data>
        <Data name="Address">
          <value>Shriji Aradhana, Pathardi Rd, opp. Church, Pandav Nagari, Indira Nagar, Nashik, Maharashtra 422009, India</value>
        </Data>
        <Data name="Latitude">
          <value>19.9676481</value>
        </Data>
        <Data name="Longitude">
          <value>73.7815875</value>
        </Data>
        <Data name="Rating">
          <value>5.0</value>
        </Data>
        <Data name="Place_ID">
          <value>ChIJdcgahTrr3TsRGTx3LJPBSFQ</value>
        </Data>
        <Data name="Distance_m">
          <value>916.0</value>
        </Data>
      </ExtendedData>
      <Point>
        <coordinates>
          73.7815875,19.9676481,0
        </coordinates>
      </Point>
    </Placemark>
    <Placemark>
      <name>Dr. Dhopavkar clinic</name>
      <description><![CDATA[Description: <br>address: <br>phoneNumber: <br>Coordinates: 73.7852381,19.9703191<br>Category: medical_clinic<br>Address: XQCP+43H, Indira Nagar, Nashik, Maharashtra 422009, India<br>Latitude: 19.9703191<br>Longitude: 73.7852381<br>Rating: 5<br>Place_ID: ChIJ99E7VgDr3TsR7vurZk6vqfA<br>Distance_m: 430]]></description>
      <styleUrl>#icon-1899-1A237E</styleUrl>
      <ExtendedData>
        <Data name="Description">
          <value/>
        </Data>
        <Data name="address">
          <value/>
        </Data>
        <Data name="phoneNumber">
          <value/>
        </Data>
        <Data name="Coordinates">
          <value>73.7852381,19.9703191</value>
        </Data>
        <Data name="Category">
          <value>medical_clinic</value>
        </Data>
        <Data name="Address">
          <value>XQCP+43H, Indira Nagar, Nashik, Maharashtra 422009, India</value>
        </Data>
        <Data name="Latitude">
          <value>19.9703191</value>
        </Data>
        <Data name="Longitude">
          <value>73.7852381</value>
        </Data>
        <Data name="Rating">
          <value>5.0</value>
        </Data>
        <Data name="Place_ID">
          <value>ChIJ99E7VgDr3TsR7vurZk6vqfA</value>
        </Data>
        <Data name="Distance_m">
          <value>430.0</value>
        </Data>
      </ExtendedData>
      <Point>
        <coordinates>
          73.7852381,19.9703191,0
        </coordinates>
      </Point>
    </Placemark>
    <Placemark>
      <name>Dr Sagar Mandlik Om Health Clinic</name>
      <description><![CDATA[Description: <br>address: <br>phoneNumber: <br>Coordinates: 73.7843952,19.9706809<br>Category: medical_clinic<br>Address: XQCM+7QC, Unnamed Road, Parab Nagar, Nashik, Maharashtra 422009, India<br>Latitude: 19.9706809<br>Longitude: 73.7843952<br>Rating: 4.6<br>Place_ID: ChIJpRx67jrr3TsRgJJ_7Y3SplY<br>Distance_m: 334]]></description>
      <styleUrl>#icon-1899-1A237E</styleUrl>
      <ExtendedData>
        <Data name="Description">
          <value/>
        </Data>
        <Data name="address">
          <value/>
        </Data>
        <Data name="phoneNumber">
          <value/>
        </Data>
        <Data name="Coordinates">
          <value>73.7843952,19.9706809</value>
        </Data>
        <Data name="Category">
          <value>medical_clinic</value>
        </Data>
        <Data name="Address">
          <value>XQCM+7QC, Unnamed Road, Parab Nagar, Nashik, Maharashtra 422009, India</value>
        </Data>
        <Data name="Latitude">
          <value>19.9706809</value>
        </Data>
        <Data name="Longitude">
          <value>73.7843952</value>
        </Data>
        <Data name="Rating">
          <value>4.6</value>
        </Data>
        <Data name="Place_ID">
          <value>ChIJpRx67jrr3TsRgJJ_7Y3SplY</value>
        </Data>
        <Data name="Distance_m">
          <value>334.0</value>
        </Data>
      </ExtendedData>
      <Point>
        <coordinates>
          73.7843952,19.9706809,0
        </coordinates>
      </Point>
    </Placemark>
    <Placemark>
      <name>Sai Clinic</name>
      <description><![CDATA[Description: <br>address: <br>phoneNumber: <br>Coordinates: 73.7715972,19.9753447<br>Category: medical_clinic<br>Address: Shop No 1, K-6, Shivaji Chowk, N-6, Old Cidco, Shanti Nagar, Lekha Nagar, Nashik, Maharashtra 422009, India<br>Latitude: 19.9753447<br>Longitude: 73.7715972<br>Rating: 5<br>Place_ID: ChIJ3WIWjm7r3TsRaG1391zu09s<br>Distance_m: 1565]]></description>
      <styleUrl>#icon-1899-1A237E</styleUrl>
      <ExtendedData>
        <Data name="Description">
          <value/>
        </Data>
        <Data name="address">
          <value/>
        </Data>
        <Data name="phoneNumber">
          <value/>
        </Data>
        <Data name="Coordinates">
          <value>73.7715972,19.9753447</value>
        </Data>
        <Data name="Category">
          <value>medical_clinic</value>
        </Data>
        <Data name="Address">
          <value>Shop No 1, K-6, Shivaji Chowk, N-6, Old Cidco, Shanti Nagar, Lekha Nagar, Nashik, Maharashtra 422009, India</value>
        </Data>
        <Data name="Latitude">
          <value>19.9753447</value>
        </Data>
        <Data name="Longitude">
          <value>73.7715972</value>
        </Data>
        <Data name="Rating">
          <value>5.0</value>
        </Data>
        <Data name="Place_ID">
          <value>ChIJ3WIWjm7r3TsRaG1391zu09s</value>
        </Data>
        <Data name="Distance_m">
          <value>1565.0</value>
        </Data>
      </ExtendedData>
      <Point>
        <coordinates>
          73.7715972,19.9753447,0
        </coordinates>
      </Point>
    </Placemark>
    <Placemark>
      <name>RAHAT CLINIC</name>
      <description><![CDATA[Description: <br>address: <br>phoneNumber: <br>Coordinates: 73.7940719,19.9718294<br>Category: point_of_interest<br>Address: XQCV+PJP, Wadala Rd, Wadala Gaon, Nashik, Maharashtra 422006, India<br>Latitude: 19.9718294<br>Longitude: 73.7940719<br>Rating: <br>Place_ID: ChIJp64oRSfr3TsRDw6Otoujj_c<br>Distance_m: 2670]]></description>
      <styleUrl>#icon-1899-1A237E</styleUrl>
      <ExtendedData>
        <Data name="Description">
          <value/>
        </Data>
        <Data name="address">
          <value/>
        </Data>
        <Data name="phoneNumber">
          <value/>
        </Data>
        <Data name="Coordinates">
          <value>73.7940719,19.9718294</value>
        </Data>
        <Data name="Category">
          <value>point_of_interest</value>
        </Data>
        <Data name="Address">
          <value>XQCV+PJP, Wadala Rd, Wadala Gaon, Nashik, Maharashtra 422006, India</value>
        </Data>
        <Data name="Latitude">
          <value>19.9718294</value>
        </Data>
        <Data name="Longitude">
          <value>73.7940719</value>
        </Data>
        <Data name="Rating">
          <value/>
        </Data>
        <Data name="Place_ID">
          <value>ChIJp64oRSfr3TsRDw6Otoujj_c</value>
        </Data>
        <Data name="Distance_m">
          <value>2670.0</value>
        </Data>
      </ExtendedData>
      <Point>
        <coordinates>
          73.7940719,19.9718294,0
        </coordinates>
      </Point>
    </Placemark>
    <Placemark>
      <name>Arya Clinic</name>
      <description><![CDATA[Description: <br>address: <br>phoneNumber: <br>Coordinates: 73.7453899,19.9709401<br>Category: doctor<br>Address: Shop No 2, Ambad Link Rd, opp. Fitness Club, DGP Nagar 2, Kamatwade, Nashik, Maharashtra 422010, India<br>Latitude: 19.9709401<br>Longitude: 73.7453899<br>Rating: 4.2<br>Place_ID: ChIJXQvXFOrt3TsR3RrifcHqeGc<br>Distance_m: 235]]></description>
      <styleUrl>#icon-1899-1A237E</styleUrl>
      <ExtendedData>
        <Data name="Description">
          <value/>
        </Data>
        <Data name="address">
          <value/>
        </Data>
        <Data name="phoneNumber">
          <value/>
        </Data>
        <Data name="Coordinates">
          <value>73.7453899,19.9709401</value>
        </Data>
        <Data name="Category">
          <value>doctor</value>
        </Data>
        <Data name="Address">
          <value>Shop No 2, Ambad Link Rd, opp. Fitness Club, DGP Nagar 2, Kamatwade, Nashik, Maharashtra 422010, India</value>
        </Data>
        <Data name="Latitude">
          <value>19.9709401</value>
        </Data>
        <Data name="Longitude">
          <value>73.7453899</value>
        </Data>
        <Data name="Rating">
          <value>4.2</value>
        </Data>
        <Data name="Place_ID">
          <value>ChIJXQvXFOrt3TsR3RrifcHqeGc</value>
        </Data>
        <Data name="Distance_m">
          <value>235.0</value>
        </Data>
      </ExtendedData>
      <Point>
        <coordinates>
          73.7453899,19.9709401,0
        </coordinates>
      </Point>
    </Placemark>
    <Placemark>
      <name>Dr.Snehal Gajbhiye Dange (RAJAS CLINIC)</name>
      <description><![CDATA[Description: <br>address: <br>phoneNumber: <br>Coordinates: 73.7450512,19.9729708<br>Category: doctor<br>Address: Rama Society, Ambad, Murari Nagar, Nashik, Maharashtra 422010, India<br>Latitude: 19.9729708<br>Longitude: 73.7450512<br>Rating: 5<br>Place_ID: ChIJH60knRDr3TsRhyTURhSymeI<br>Distance_m: 200]]></description>
      <styleUrl>#icon-1899-1A237E</styleUrl>
      <ExtendedData>
        <Data name="Description">
          <value/>
        </Data>
        <Data name="address">
          <value/>
        </Data>
        <Data name="phoneNumber">
          <value/>
        </Data>
        <Data name="Coordinates">
          <value>73.7450512,19.9729708</value>
        </Data>
        <Data name="Category">
          <value>doctor</value>
        </Data>
        <Data name="Address">
          <value>Rama Society, Ambad, Murari Nagar, Nashik, Maharashtra 422010, India</value>
        </Data>
        <Data name="Latitude">
          <value>19.9729708</value>
        </Data>
        <Data name="Longitude">
          <value>73.7450512</value>
        </Data>
        <Data name="Rating">
          <value>5.0</value>
        </Data>
        <Data name="Place_ID">
          <value>ChIJH60knRDr3TsRhyTURhSymeI</value>
        </Data>
        <Data name="Distance_m">
          <value>200.0</value>
        </Data>
      </ExtendedData>
      <Point>
        <coordinates>
          73.7450512,19.9729708,0
        </coordinates>
      </Point>
    </Placemark>
    <Placemark>
      <name>RAYA CLINIC</name>
      <description><![CDATA[Description: <br>address: <br>phoneNumber: <br>Coordinates: 73.746043,19.971159<br>Category: doctor<br>Address: Shop No 2, Narayani Appr, Ambad Link Rd, near Sonal Diairy, DGP Nagar 2, DGP Nagar, Nashik, Maharashtra 422010, India<br>Latitude: 19.971159<br>Longitude: 73.746043<br>Rating: 1<br>Place_ID: ChIJH5jPMq3t3TsRnFI5i8iJ75o<br>Distance_m: 174]]></description>
      <styleUrl>#icon-1899-1A237E</styleUrl>
      <ExtendedData>
        <Data name="Description">
          <value/>
        </Data>
        <Data name="address">
          <value/>
        </Data>
        <Data name="phoneNumber">
          <value/>
        </Data>
        <Data name="Coordinates">
          <value>73.746043,19.971159</value>
        </Data>
        <Data name="Category">
          <value>doctor</value>
        </Data>
        <Data name="Address">
          <value>Shop No 2, Narayani Appr, Ambad Link Rd, near Sonal Diairy, DGP Nagar 2, DGP Nagar, Nashik, Maharashtra 422010, India</value>
        </Data>
        <Data name="Latitude">
          <value>19.971159</value>
        </Data>
        <Data name="Longitude">
          <value>73.746043</value>
        </Data>
        <Data name="Rating">
          <value>1.0</value>
        </Data>
        <Data name="Place_ID">
          <value>ChIJH5jPMq3t3TsRnFI5i8iJ75o</value>
        </Data>
        <Data name="Distance_m">
          <value>174.0</value>
        </Data>
      </ExtendedData>
      <Point>
        <coordinates>
          73.746043,19.971159,0
        </coordinates>
      </Point>
    </Placemark>
    <Placemark>
      <name>Sadguru Clinic</name>
      <description><![CDATA[Description: <br>address: <br>phoneNumber: <br>Coordinates: 73.746561,19.9721419<br>Category: hospital<br>Address: XPCW+VJ3, Ambad Kamatwade Rd, Ambad, Kamatwade, Nashik, Maharashtra 422010, India<br>Latitude: 19.9721419<br>Longitude: 73.746561<br>Rating: 1<br>Place_ID: ChIJkTTfZ6Ds3TsR4Um3vRHa60A<br>Distance_m: 2123]]></description>
      <styleUrl>#icon-1899-1A237E</styleUrl>
      <ExtendedData>
        <Data name="Description">
          <value/>
        </Data>
        <Data name="address">
          <value/>
        </Data>
        <Data name="phoneNumber">
          <value/>
        </Data>
        <Data name="Coordinates">
          <value>73.746561,19.9721419</value>
        </Data>
        <Data name="Category">
          <value>hospital</value>
        </Data>
        <Data name="Address">
          <value>XPCW+VJ3, Ambad Kamatwade Rd, Ambad, Kamatwade, Nashik, Maharashtra 422010, India</value>
        </Data>
        <Data name="Latitude">
          <value>19.9721419</value>
        </Data>
        <Data name="Longitude">
          <value>73.746561</value>
        </Data>
        <Data name="Rating">
          <value>1.0</value>
        </Data>
        <Data name="Place_ID">
          <value>ChIJkTTfZ6Ds3TsR4Um3vRHa60A</value>
        </Data>
        <Data name="Distance_m">
          <value>2123.0</value>
        </Data>
      </ExtendedData>
      <Point>
        <coordinates>
          73.746561,19.9721419,0
        </coordinates>
      </Point>
    </Placemark>
    <Placemark>
      <name>Bhamare Clinic</name>
      <description><![CDATA[Description: <br>address: <br>phoneNumber: <br>Coordinates: 73.7471464,19.9762167<br>Category: hospital<br>Address: ITI Ambad Road Shop no.4,Rushikesh apartment, Ayodhya Colony, Saptashrungi Nagar, Kamatwade, Nashik, Maharashtra 422010, India<br>Latitude: 19.9762167<br>Longitude: 73.7471464<br>Rating: 4.4<br>Place_ID: ChIJ9zDKGZ7s3TsRu0PT9wDhvUM<br>Distance_m: 414]]></description>
      <styleUrl>#icon-1899-1A237E</styleUrl>
      <ExtendedData>
        <Data name="Description">
          <value/>
        </Data>
        <Data name="address">
          <value/>
        </Data>
        <Data name="phoneNumber">
          <value/>
        </Data>
        <Data name="Coordinates">
          <value>73.7471464,19.9762167</value>
        </Data>
        <Data name="Category">
          <value>hospital</value>
        </Data>
        <Data name="Address">
          <value>ITI Ambad Road Shop no.4,Rushikesh apartment, Ayodhya Colony, Saptashrungi Nagar, Kamatwade, Nashik, Maharashtra 422010, India</value>
        </Data>
        <Data name="Latitude">
          <value>19.9762167</value>
        </Data>
        <Data name="Longitude">
          <value>73.7471464</value>
        </Data>
        <Data name="Rating">
          <value>4.4</value>
        </Data>
        <Data name="Place_ID">
          <value>ChIJ9zDKGZ7s3TsRu0PT9wDhvUM</value>
        </Data>
        <Data name="Distance_m">
          <value>414.0</value>
        </Data>
      </ExtendedData>
      <Point>
        <coordinates>
          73.7471464,19.9762167,0
        </coordinates>
      </Point>
    </Placemark>
    <Placemark>
      <name>Laxmi Clinic</name>
      <description><![CDATA[Description: <br>address: <br>phoneNumber: <br>Coordinates: 73.7535361,19.9620701<br>Category: medical_clinic<br>Address: Gala No.3, Ambad Link Rd, Behind Vandana Apartment,Beside Sai Raj Kirana, Saigram, Cidco, Nashik, Maharashtra 422010, India<br>Latitude: 19.9620701<br>Longitude: 73.7535361<br>Rating: 5<br>Place_ID: ChIJKe6CtFDr3TsR08jRY45Zlhw<br>Distance_m: 1375]]></description>
      <styleUrl>#icon-1899-1A237E</styleUrl>
      <ExtendedData>
        <Data name="Description">
          <value/>
        </Data>
        <Data name="address">
          <value/>
        </Data>
        <Data name="phoneNumber">
          <value/>
        </Data>
        <Data name="Coordinates">
          <value>73.7535361,19.9620701</value>
        </Data>
        <Data name="Category">
          <value>medical_clinic</value>
        </Data>
        <Data name="Address">
          <value>Gala No.3, Ambad Link Rd, Behind Vandana Apartment,Beside Sai Raj Kirana, Saigram, Cidco, Nashik, Maharashtra 422010, India</value>
        </Data>
        <Data name="Latitude">
          <value>19.9620701</value>
        </Data>
        <Data name="Longitude">
          <value>73.7535361</value>
        </Data>
        <Data name="Rating">
          <value>5.0</value>
        </Data>
        <Data name="Place_ID">
          <value>ChIJKe6CtFDr3TsR08jRY45Zlhw</value>
        </Data>
        <Data name="Distance_m">
          <value>1375.0</value>
        </Data>
      </ExtendedData>
      <Point>
        <coordinates>
          73.7535361,19.9620701,0
        </coordinates>
      </Point>
    </Placemark>
    <Placemark>
      <name>Anand Clinic</name>
      <description><![CDATA[Description: <br>address: <br>phoneNumber: <br>Coordinates: 73.7463945,19.972725<br>Category: medical_clinic<br>Address: 7, Raj Palace, Ambad, Murari Nagar, Nashik, Maharashtra 422010, India<br>Latitude: 19.972725<br>Longitude: 73.7463945<br>Rating: 5<br>Place_ID: ChIJsbe0EqDs3TsR2dJZZVfodNg<br>Distance_m: 2160]]></description>
      <styleUrl>#icon-1899-1A237E</styleUrl>
      <ExtendedData>
        <Data name="Description">
          <value/>
        </Data>
        <Data name="address">
          <value/>
        </Data>
        <Data name="phoneNumber">
          <value/>
        </Data>
        <Data name="Coordinates">
          <value>73.7463945,19.972725</value>
        </Data>
        <Data name="Category">
          <value>medical_clinic</value>
        </Data>
        <Data name="Address">
          <value>7, Raj Palace, Ambad, Murari Nagar, Nashik, Maharashtra 422010, India</value>
        </Data>
        <Data name="Latitude">
          <value>19.972725</value>
        </Data>
        <Data name="Longitude">
          <value>73.7463945</value>
        </Data>
        <Data name="Rating">
          <value>5.0</value>
        </Data>
        <Data name="Place_ID">
          <value>ChIJsbe0EqDs3TsR2dJZZVfodNg</value>
        </Data>
        <Data name="Distance_m">
          <value>2160.0</value>
        </Data>
      </ExtendedData>
      <Point>
        <coordinates>
          73.7463945,19.972725,0
        </coordinates>
      </Point>
    </Placemark>
    <Placemark>
      <name>Ashirwad Clinic</name>
      <description><![CDATA[Description: <br>address: <br>phoneNumber: <br>Coordinates: 73.7416499,19.9678629<br>Category: medical_clinic<br>Address: Shop No. 1, Mishra Sankul, Ambad, D.G.P. -2, Krishna Nagar, MIDC Ambad, Nashik, Maharashtra 422010, India<br>Latitude: 19.9678629<br>Longitude: 73.7416499<br>Rating: <br>Place_ID: ChIJbUpv_6Ps3TsR0nefenjPbaw<br>Distance_m: 2540]]></description>
      <styleUrl>#icon-1899-1A237E</styleUrl>
      <ExtendedData>
        <Data name="Description">
          <value/>
        </Data>
        <Data name="address">
          <value/>
        </Data>
        <Data name="phoneNumber">
          <value/>
        </Data>
        <Data name="Coordinates">
          <value>73.7416499,19.9678629</value>
        </Data>
        <Data name="Category">
          <value>medical_clinic</value>
        </Data>
        <Data name="Address">
          <value>Shop No. 1, Mishra Sankul, Ambad, D.G.P. -2, Krishna Nagar, MIDC Ambad, Nashik, Maharashtra 422010, India</value>
        </Data>
        <Data name="Latitude">
          <value>19.9678629</value>
        </Data>
        <Data name="Longitude">
          <value>73.7416499</value>
        </Data>
        <Data name="Rating">
          <value/>
        </Data>
        <Data name="Place_ID">
          <value>ChIJbUpv_6Ps3TsR0nefenjPbaw</value>
        </Data>
        <Data name="Distance_m">
          <value>2540.0</value>
        </Data>
      </ExtendedData>
      <Point>
        <coordinates>
          73.7416499,19.9678629,0
        </coordinates>
      </Point>
    </Placemark>
    <Placemark>
      <name>Shree Balaji clinic</name>
      <description><![CDATA[Description: <br>address: <br>phoneNumber: <br>Coordinates: 73.7528512,19.9638741<br>Category: medical_clinic<br>Address: XQ73+G4X, Ambad - Uttam Nagar Rd, Saigram Nagar, Ekdant Nagar, Nashik, Maharashtra 422010, India<br>Latitude: 19.9638741<br>Longitude: 73.7528512<br>Rating: 5<br>Place_ID: ChIJXz0jcQDr3TsR8uYeX5hSoUk<br>Distance_m: 1143]]></description>
      <styleUrl>#icon-1899-1A237E</styleUrl>
      <ExtendedData>
        <Data name="Description">
          <value/>
        </Data>
        <Data name="address">
          <value/>
        </Data>
        <Data name="phoneNumber">
          <value/>
        </Data>
        <Data name="Coordinates">
          <value>73.7528512,19.9638741</value>
        </Data>
        <Data name="Category">
          <value>medical_clinic</value>
        </Data>
        <Data name="Address">
          <value>XQ73+G4X, Ambad - Uttam Nagar Rd, Saigram Nagar, Ekdant Nagar, Nashik, Maharashtra 422010, India</value>
        </Data>
        <Data name="Latitude">
          <value>19.9638741</value>
        </Data>
        <Data name="Longitude">
          <value>73.7528512</value>
        </Data>
        <Data name="Rating">
          <value>5.0</value>
        </Data>
        <Data name="Place_ID">
          <value>ChIJXz0jcQDr3TsR8uYeX5hSoUk</value>
        </Data>
        <Data name="Distance_m">
          <value>1143.0</value>
        </Data>
      </ExtendedData>
      <Point>
        <coordinates>
          73.7528512,19.9638741,0
        </coordinates>
      </Point>
    </Placemark>
    <Placemark>
      <name>Shifa Unani Clinic</name>
      <description><![CDATA[Description: <br>address: <br>phoneNumber: <br>Coordinates: 73.789362,19.9839879<br>Category: doctor<br>Address: Shop No 1, Wadala Rd, near Aqsa Masjid, Bharat Nagar, Nashik, Maharashtra 422009, India<br>Latitude: 19.9839879<br>Longitude: 73.789362<br>Rating: 5<br>Place_ID: ChIJSY4LY3Xr3TsRV_6u5RCzNQQ<br>Distance_m: 2685]]></description>
      <styleUrl>#icon-1899-1A237E</styleUrl>
      <ExtendedData>
        <Data name="Description">
          <value/>
        </Data>
        <Data name="address">
          <value/>
        </Data>
        <Data name="phoneNumber">
          <value/>
        </Data>
        <Data name="Coordinates">
          <value>73.789362,19.9839879</value>
        </Data>
        <Data name="Category">
          <value>doctor</value>
        </Data>
        <Data name="Address">
          <value>Shop No 1, Wadala Rd, near Aqsa Masjid, Bharat Nagar, Nashik, Maharashtra 422009, India</value>
        </Data>
        <Data name="Latitude">
          <value>19.9839879</value>
        </Data>
        <Data name="Longitude">
          <value>73.789362</value>
        </Data>
        <Data name="Rating">
          <value>5.0</value>
        </Data>
        <Data name="Place_ID">
          <value>ChIJSY4LY3Xr3TsRV_6u5RCzNQQ</value>
        </Data>
        <Data name="Distance_m">
          <value>2685.0</value>
        </Data>
      </ExtendedData>
      <Point>
        <coordinates>
          73.789362,19.9839879,0
        </coordinates>
      </Point>
    </Placemark>
    <Placemark>
      <name>Sanjivani Clinic</name>
      <description><![CDATA[Description: <br>address: <br>phoneNumber: <br>Coordinates: 73.790702,19.9787865<br>Category: medical_clinic<br>Address: XQHR+G78, Wadala Rd, Near Vinay Nagar, Sai Nath Nagar, Nashik, Maharashtra 422006, India<br>Latitude: 19.9787865<br>Longitude: 73.790702<br>Rating: 5<br>Place_ID: ChIJReJsAR_r3TsRywdSE2d2VxU<br>Distance_m: 2650]]></description>
      <styleUrl>#icon-1899-1A237E</styleUrl>
      <ExtendedData>
        <Data name="Description">
          <value/>
        </Data>
        <Data name="address">
          <value/>
        </Data>
        <Data name="phoneNumber">
          <value/>
        </Data>
        <Data name="Coordinates">
          <value>73.790702,19.9787865</value>
        </Data>
        <Data name="Category">
          <value>medical_clinic</value>
        </Data>
        <Data name="Address">
          <value>XQHR+G78, Wadala Rd, Near Vinay Nagar, Sai Nath Nagar, Nashik, Maharashtra 422006, India</value>
        </Data>
        <Data name="Latitude">
          <value>19.9787865</value>
        </Data>
        <Data name="Longitude">
          <value>73.790702</value>
        </Data>
        <Data name="Rating">
          <value>5.0</value>
        </Data>
        <Data name="Place_ID">
          <value>ChIJReJsAR_r3TsRywdSE2d2VxU</value>
        </Data>
        <Data name="Distance_m">
          <value>2650.0</value>
        </Data>
      </ExtendedData>
      <Point>
        <coordinates>
          73.790702,19.9787865,0
        </coordinates>
      </Point>
    </Placemark>
    <Placemark>
      <name>Global Homeopathy Clinic</name>
      <description><![CDATA[Description: <br>address: <br>phoneNumber: <br>Coordinates: 73.7926001,19.977691<br>Category: medical_clinic<br>Address: Shop No 1, Green Park, Wadala Rd, opp. JMCT POLYTECHNICS COLLEGE, Sai Nath Nagar, Nashik, Maharashtra 422006, India<br>Latitude: 19.977691<br>Longitude: 73.7926001<br>Rating: 5<br>Place_ID: ChIJa-UmBzXr3TsRk3e3C9mdhXM<br>Distance_m: 2501]]></description>
      <styleUrl>#icon-1899-1A237E</styleUrl>
      <ExtendedData>
        <Data name="Description">
          <value/>
        </Data>
        <Data name="address">
          <value/>
        </Data>
        <Data name="phoneNumber">
          <value/>
        </Data>
        <Data name="Coordinates">
          <value>73.7926001,19.977691</value>
        </Data>
        <Data name="Category">
          <value>medical_clinic</value>
        </Data>
        <Data name="Address">
          <value>Shop No 1, Green Park, Wadala Rd, opp. JMCT POLYTECHNICS COLLEGE, Sai Nath Nagar, Nashik, Maharashtra 422006, India</value>
        </Data>
        <Data name="Latitude">
          <value>19.977691</value>
        </Data>
        <Data name="Longitude">
          <value>73.7926001</value>
        </Data>
        <Data name="Rating">
          <value>5.0</value>
        </Data>
        <Data name="Place_ID">
          <value>ChIJa-UmBzXr3TsRk3e3C9mdhXM</value>
        </Data>
        <Data name="Distance_m">
          <value>2501.0</value>
        </Data>
      </ExtendedData>
      <Point>
        <coordinates>
          73.7926001,19.977691,0
        </coordinates>
      </Point>
    </Placemark>
    <Placemark>
      <name>SIGMA CLINIC NASHIK</name>
      <description><![CDATA[Description: <br>address: <br>phoneNumber: <br>Coordinates: 73.7950897,19.9835948<br>Category: medical_clinic<br>Address: Shop no. 5, Skyline nexus Apartment, Pakhal Rd, opposite to sumanchandra apartment, Royal Colony, Rehnuma Nagar, Nashik, Maharashtra 422011, India<br>Latitude: 19.9835948<br>Longitude: 73.7950897<br>Rating: 5<br>Place_ID: ChIJKaKxXh3r3TsRgeKMeS_qst8<br>Distance_m: 1443]]></description>
      <styleUrl>#icon-1899-1A237E</styleUrl>
      <ExtendedData>
        <Data name="Description">
          <value/>
        </Data>
        <Data name="address">
          <value/>
        </Data>
        <Data name="phoneNumber">
          <value/>
        </Data>
        <Data name="Coordinates">
          <value>73.7950897,19.9835948</value>
        </Data>
        <Data name="Category">
          <value>medical_clinic</value>
        </Data>
        <Data name="Address">
          <value>Shop no. 5, Skyline nexus Apartment, Pakhal Rd, opposite to sumanchandra apartment, Royal Colony, Rehnuma Nagar, Nashik, Maharashtra 422011, India</value>
        </Data>
        <Data name="Latitude">
          <value>19.9835948</value>
        </Data>
        <Data name="Longitude">
          <value>73.7950897</value>
        </Data>
        <Data name="Rating">
          <value>5.0</value>
        </Data>
        <Data name="Place_ID">
          <value>ChIJKaKxXh3r3TsRgeKMeS_qst8</value>
        </Data>
        <Data name="Distance_m">
          <value>1443.0</value>
        </Data>
      </ExtendedData>
      <Point>
        <coordinates>
          73.7950897,19.9835948,0
        </coordinates>
      </Point>
    </Placemark>
    <Placemark>
      <name>SX CLINIC NASHIK</name>
      <description><![CDATA[Description: <br>address: <br>phoneNumber: <br>Coordinates: 73.7794961,19.9785022<br>Category: point_of_interest<br>Address: XQHH+CQ5, Madhumangal Rd, Kamod Nagar, Indira Nagar, Nashik, Maharashtra 422009, India<br>Latitude: 19.9785022<br>Longitude: 73.7794961<br>Rating: 5<br>Place_ID: ChIJqRXqNxbr3TsR4pdUs9xPqG4<br>Distance_m: 727]]></description>
      <styleUrl>#icon-1899-1A237E</styleUrl>
      <ExtendedData>
        <Data name="Description">
          <value/>
        </Data>
        <Data name="address">
          <value/>
        </Data>
        <Data name="phoneNumber">
          <value/>
        </Data>
        <Data name="Coordinates">
          <value>73.7794961,19.9785022</value>
        </Data>
        <Data name="Category">
          <value>point_of_interest</value>
        </Data>
        <Data name="Address">
          <value>XQHH+CQ5, Madhumangal Rd, Kamod Nagar, Indira Nagar, Nashik, Maharashtra 422009, India</value>
        </Data>
        <Data name="Latitude">
          <value>19.9785022</value>
        </Data>
        <Data name="Longitude">
          <value>73.7794961</value>
        </Data>
        <Data name="Rating">
          <value>5.0</value>
        </Data>
        <Data name="Place_ID">
          <value>ChIJqRXqNxbr3TsR4pdUs9xPqG4</value>
        </Data>
        <Data name="Distance_m">
          <value>727.0</value>
        </Data>
      </ExtendedData>
      <Point>
        <coordinates>
          73.7794961,19.9785022,0
        </coordinates>
      </Point>
    </Placemark>
    <Placemark>
      <name>Kaivalya Clinic</name>
      <description><![CDATA[Description: <br>address: <br>phoneNumber: <br>Coordinates: 73.8401856,19.9772989<br>Category: hospital<br>Address: Nashik Road, Nashik, Maharashtra 422101, India<br>Latitude: 19.9772989<br>Longitude: 73.8401856<br>Rating: 4.2<br>Place_ID: ChIJUS5jyqDq3TsRZcs-kuNkJqA<br>Distance_m: 1861]]></description>
      <styleUrl>#icon-1899-1A237E</styleUrl>
      <ExtendedData>
        <Data name="Description">
          <value/>
        </Data>
        <Data name="address">
          <value/>
        </Data>
        <Data name="phoneNumber">
          <value/>
        </Data>
        <Data name="Coordinates">
          <value>73.8401856,19.9772989</value>
        </Data>
        <Data name="Category">
          <value>hospital</value>
        </Data>
        <Data name="Address">
          <value>Nashik Road, Nashik, Maharashtra 422101, India</value>
        </Data>
        <Data name="Latitude">
          <value>19.9772989</value>
        </Data>
        <Data name="Longitude">
          <value>73.8401856</value>
        </Data>
        <Data name="Rating">
          <value>4.2</value>
        </Data>
        <Data name="Place_ID">
          <value>ChIJUS5jyqDq3TsRZcs-kuNkJqA</value>
        </Data>
        <Data name="Distance_m">
          <value>1861.0</value>
        </Data>
      </ExtendedData>
      <Point>
        <coordinates>
          73.8401856,19.9772989,0
        </coordinates>
      </Point>
    </Placemark>
    <Placemark>
      <name><![CDATA[Dr. Sagar More | Shriniwas Healthcare Clinic | Chest & Critical Care medicine and Diabetology]]></name>
      <description><![CDATA[Description: <br>address: <br>phoneNumber: <br>Coordinates: 73.8021093,19.9893993<br>Category: doctor<br>Address: Kathe Ln, opp. atalbihari vajpaee school, Bankar Chowk, Dwarka, Nashik, Maharashtra 422011, India<br>Latitude: 19.9893993<br>Longitude: 73.8021093<br>Rating: 5<br>Place_ID: ChIJm9hYTefr3TsR5pclPJ0DGSg<br>Distance_m: 1532]]></description>
      <styleUrl>#icon-1899-1A237E</styleUrl>
      <ExtendedData>
        <Data name="Description">
          <value/>
        </Data>
        <Data name="address">
          <value/>
        </Data>
        <Data name="phoneNumber">
          <value/>
        </Data>
        <Data name="Coordinates">
          <value>73.8021093,19.9893993</value>
        </Data>
        <Data name="Category">
          <value>doctor</value>
        </Data>
        <Data name="Address">
          <value>Kathe Ln, opp. atalbihari vajpaee school, Bankar Chowk, Dwarka, Nashik, Maharashtra 422011, India</value>
        </Data>
        <Data name="Latitude">
          <value>19.9893993</value>
        </Data>
        <Data name="Longitude">
          <value>73.8021093</value>
        </Data>
        <Data name="Rating">
          <value>5.0</value>
        </Data>
        <Data name="Place_ID">
          <value>ChIJm9hYTefr3TsR5pclPJ0DGSg</value>
        </Data>
        <Data name="Distance_m">
          <value>1532.0</value>
        </Data>
      </ExtendedData>
      <Point>
        <coordinates>
          73.8021093,19.9893993,0
        </coordinates>
      </Point>
    </Placemark>
    <Placemark>
      <name><![CDATA[Dr Harshal Gunjal's SHREE DATTA POLYCLINIC]]></name>
      <description><![CDATA[Description: <br>address: <br>phoneNumber: <br>Coordinates: 73.8057141,19.9895811<br>Category: health<br>Address: Shop No -1/2, Sunand Plaza, Kathe Galli - Mumbai Naka link Rd, near Trikoni Garden, Baghbanpura, Nashik, Maharashtra 422011, India<br>Latitude: 19.9895811<br>Longitude: 73.8057141<br>Rating: 5<br>Place_ID: ChIJr6L68p_r3TsR1k2gm20muAg<br>Distance_m: 1205]]></description>
      <styleUrl>#icon-1899-1A237E</styleUrl>
      <ExtendedData>
        <Data name="Description">
          <value/>
        </Data>
        <Data name="address">
          <value/>
        </Data>
        <Data name="phoneNumber">
          <value/>
        </Data>
        <Data name="Coordinates">
          <value>73.8057141,19.9895811</value>
        </Data>
        <Data name="Category">
          <value>health</value>
        </Data>
        <Data name="Address">
          <value>Shop No -1/2, Sunand Plaza, Kathe Galli - Mumbai Naka link Rd, near Trikoni Garden, Baghbanpura, Nashik, Maharashtra 422011, India</value>
        </Data>
        <Data name="Latitude">
          <value>19.9895811</value>
        </Data>
        <Data name="Longitude">
          <value>73.8057141</value>
        </Data>
        <Data name="Rating">
          <value>5.0</value>
        </Data>
        <Data name="Place_ID">
          <value>ChIJr6L68p_r3TsR1k2gm20muAg</value>
        </Data>
        <Data name="Distance_m">
          <value>1205.0</value>
        </Data>
      </ExtendedData>
      <Point>
        <coordinates>
          73.8057141,19.9895811,0
        </coordinates>
      </Point>
    </Placemark>
    <Placemark>
      <name>Dr. Harshal Gunjal, Dr Balaji Tambe Products and Shree Datta Polyclinic</name>
      <description><![CDATA[Description: <br>address: <br>phoneNumber: <br>Coordinates: 73.8062062,19.9892737<br>Category: medical_clinic<br>Address: Shop No-1, Sunand plaza, 2, Kathe Ln, near trikoni gardan, Dwarka, Nashik, Maharashtra 422011, India<br>Latitude: 19.9892737<br>Longitude: 73.8062062<br>Rating: 4.1<br>Place_ID: ChIJrQ0JZOXq3TsR0JgcDLfF0Bc<br>Distance_m: 1143]]></description>
      <styleUrl>#icon-1899-1A237E</styleUrl>
      <ExtendedData>
        <Data name="Description">
          <value/>
        </Data>
        <Data name="address">
          <value/>
        </Data>
        <Data name="phoneNumber">
          <value/>
        </Data>
        <Data name="Coordinates">
          <value>73.8062062,19.9892737</value>
        </Data>
        <Data name="Category">
          <value>medical_clinic</value>
        </Data>
        <Data name="Address">
          <value>Shop No-1, Sunand plaza, 2, Kathe Ln, near trikoni gardan, Dwarka, Nashik, Maharashtra 422011, India</value>
        </Data>
        <Data name="Latitude">
          <value>19.9892737</value>
        </Data>
        <Data name="Longitude">
          <value>73.8062062</value>
        </Data>
        <Data name="Rating">
          <value>4.1</value>
        </Data>
        <Data name="Place_ID">
          <value>ChIJrQ0JZOXq3TsR0JgcDLfF0Bc</value>
        </Data>
        <Data name="Distance_m">
          <value>1143.0</value>
        </Data>
      </ExtendedData>
      <Point>
        <coordinates>
          73.8062062,19.9892737,0
        </coordinates>
      </Point>
    </Placemark>
    <Placemark>
      <name>Vedant Clinic</name>
      <description><![CDATA[Description: <br>address: <br>phoneNumber: <br>Coordinates: 73.8058121,19.9882335<br>Category: medical_clinic<br>Address: Shop Number 7, Akshar Estate, Kathe Ln, opp. Brsmhsni super market, near Trikoni Garden, Dwarka, Nashik, Maharashtra 422011, India<br>Latitude: 19.9882335<br>Longitude: 73.8058121<br>Rating: 5<br>Place_ID: ChIJ9ZkYYuXq3TsRe571DcqjGo4<br>Distance_m: 1126]]></description>
      <styleUrl>#icon-1899-1A237E</styleUrl>
      <ExtendedData>
        <Data name="Description">
          <value/>
        </Data>
        <Data name="address">
          <value/>
        </Data>
        <Data name="phoneNumber">
          <value/>
        </Data>
        <Data name="Coordinates">
          <value>73.8058121,19.9882335</value>
        </Data>
        <Data name="Category">
          <value>medical_clinic</value>
        </Data>
        <Data name="Address">
          <value>Shop Number 7, Akshar Estate, Kathe Ln, opp. Brsmhsni super market, near Trikoni Garden, Dwarka, Nashik, Maharashtra 422011, India</value>
        </Data>
        <Data name="Latitude">
          <value>19.9882335</value>
        </Data>
        <Data name="Longitude">
          <value>73.8058121</value>
        </Data>
        <Data name="Rating">
          <value>5.0</value>
        </Data>
        <Data name="Place_ID">
          <value>ChIJ9ZkYYuXq3TsRe571DcqjGo4</value>
        </Data>
        <Data name="Distance_m">
          <value>1126.0</value>
        </Data>
      </ExtendedData>
      <Point>
        <coordinates>
          73.8058121,19.9882335,0
        </coordinates>
      </Point>
    </Placemark>
    <Placemark>
      <name>Neurotherapy Clinic</name>
      <description><![CDATA[Description: <br>address: <br>phoneNumber: <br>Coordinates: 73.8237359,19.9737755<br>Category: medical_clinic<br>Address: Sai Baba Market, Upnagar, Nashik, Maharashtra 422006, India<br>Latitude: 19.9737755<br>Longitude: 73.8237359<br>Rating: 5<br>Place_ID: ChIJSbntZrnq3TsRX8UooaqLC0U<br>Distance_m: 124]]></description>
      <styleUrl>#icon-1899-1A237E</styleUrl>
      <ExtendedData>
        <Data name="Description">
          <value/>
        </Data>
        <Data name="address">
          <value/>
        </Data>
        <Data name="phoneNumber">
          <value/>
        </Data>
        <Data name="Coordinates">
          <value>73.8237359,19.9737755</value>
        </Data>
        <Data name="Category">
          <value>medical_clinic</value>
        </Data>
        <Data name="Address">
          <value>Sai Baba Market, Upnagar, Nashik, Maharashtra 422006, India</value>
        </Data>
        <Data name="Latitude">
          <value>19.9737755</value>
        </Data>
        <Data name="Longitude">
          <value>73.8237359</value>
        </Data>
        <Data name="Rating">
          <value>5.0</value>
        </Data>
        <Data name="Place_ID">
          <value>ChIJSbntZrnq3TsRX8UooaqLC0U</value>
        </Data>
        <Data name="Distance_m">
          <value>124.0</value>
        </Data>
      </ExtendedData>
      <Point>
        <coordinates>
          73.8237359,19.9737755,0
        </coordinates>
      </Point>
    </Placemark>
    <Placemark>
      <name>Madhavbaug Clinic-Nashik Cidco</name>
      <description><![CDATA[Description: <br>address: <br>phoneNumber: <br>Coordinates: 73.7585888,19.987443<br>Category: health<br>Address: Untwadi Rd, behind Croma showroom, near Bharat Petrol pump, Trimurti Chowk, Cidco, Shivshakti Nagar, Nashik, Maharashtra 422008, India<br>Latitude: 19.987443<br>Longitude: 73.7585888<br>Rating: 4.8<br>Place_ID: ChIJ4Te-HmXr3TsROKcxGdsmASE<br>Distance_m: 1703]]></description>
      <styleUrl>#icon-1899-1A237E</styleUrl>
      <ExtendedData>
        <Data name="Description">
          <value/>
        </Data>
        <Data name="address">
          <value/>
        </Data>
        <Data name="phoneNumber">
          <value/>
        </Data>
        <Data name="Coordinates">
          <value>73.7585888,19.987443</value>
        </Data>
        <Data name="Category">
          <value>health</value>
        </Data>
        <Data name="Address">
          <value>Untwadi Rd, behind Croma showroom, near Bharat Petrol pump, Trimurti Chowk, Cidco, Shivshakti Nagar, Nashik, Maharashtra 422008, India</value>
        </Data>
        <Data name="Latitude">
          <value>19.987443</value>
        </Data>
        <Data name="Longitude">
          <value>73.7585888</value>
        </Data>
        <Data name="Rating">
          <value>4.8</value>
        </Data>
        <Data name="Place_ID">
          <value>ChIJ4Te-HmXr3TsROKcxGdsmASE</value>
        </Data>
        <Data name="Distance_m">
          <value>1703.0</value>
        </Data>
      </ExtendedData>
      <Point>
        <coordinates>
          73.7585888,19.987443,0
        </coordinates>
      </Point>
    </Placemark>
    <Placemark>
      <name>Sushant Clinic</name>
      <description><![CDATA[Description: <br>address: <br>phoneNumber: <br>Coordinates: 73.7511161,19.9793787<br>Category: medical_clinic<br>Address: Shop no 4, Mauli Sadan, Ekdant chowk, Kamatwade Rd, near dhanvantari homeopathic medical college, Laxmi Nagar, Cidco, Nashik, Maharashtra 422008, India<br>Latitude: 19.9793787<br>Longitude: 73.7511161<br>Rating: 4<br>Place_ID: ChIJYVKqcWHr3TsRcxKL0OqXo5U<br>Distance_m: 1008]]></description>
      <styleUrl>#icon-1899-1A237E</styleUrl>
      <ExtendedData>
        <Data name="Description">
          <value/>
        </Data>
        <Data name="address">
          <value/>
        </Data>
        <Data name="phoneNumber">
          <value/>
        </Data>
        <Data name="Coordinates">
          <value>73.7511161,19.9793787</value>
        </Data>
        <Data name="Category">
          <value>medical_clinic</value>
        </Data>
        <Data name="Address">
          <value>Shop no 4, Mauli Sadan, Ekdant chowk, Kamatwade Rd, near dhanvantari homeopathic medical college, Laxmi Nagar, Cidco, Nashik, Maharashtra 422008, India</value>
        </Data>
        <Data name="Latitude">
          <value>19.9793787</value>
        </Data>
        <Data name="Longitude">
          <value>73.7511161</value>
        </Data>
        <Data name="Rating">
          <value>4.0</value>
        </Data>
        <Data name="Place_ID">
          <value>ChIJYVKqcWHr3TsRcxKL0OqXo5U</value>
        </Data>
        <Data name="Distance_m">
          <value>1008.0</value>
        </Data>
      </ExtendedData>
      <Point>
        <coordinates>
          73.7511161,19.9793787,0
        </coordinates>
      </Point>
    </Placemark>
    <Placemark>
      <name>Sarvadnya clinic</name>
      <description><![CDATA[Description: <br>address: <br>phoneNumber: <br>Coordinates: 73.75896,19.9752646<br>Category: medical_clinic<br>Address: clinic,sai baba nagar, Sarvadnya clinic, akshay chowk, mahakali chowk, Torna Nagar, Sri Ram Nagar, Cidco, Nashik, Maharashtra 422009, India<br>Latitude: 19.9752646<br>Longitude: 73.75896<br>Rating: 5<br>Place_ID: ChIJ52C0xIzr3TsRarhADcBAdfI<br>Distance_m: 398]]></description>
      <styleUrl>#icon-1899-1A237E</styleUrl>
      <ExtendedData>
        <Data name="Description">
          <value/>
        </Data>
        <Data name="address">
          <value/>
        </Data>
        <Data name="phoneNumber">
          <value/>
        </Data>
        <Data name="Coordinates">
          <value>73.75896,19.9752646</value>
        </Data>
        <Data name="Category">
          <value>medical_clinic</value>
        </Data>
        <Data name="Address">
          <value>clinic,sai baba nagar, Sarvadnya clinic, akshay chowk, mahakali chowk, Torna Nagar, Sri Ram Nagar, Cidco, Nashik, Maharashtra 422009, India</value>
        </Data>
        <Data name="Latitude">
          <value>19.9752646</value>
        </Data>
        <Data name="Longitude">
          <value>73.75896</value>
        </Data>
        <Data name="Rating">
          <value>5.0</value>
        </Data>
        <Data name="Place_ID">
          <value>ChIJ52C0xIzr3TsRarhADcBAdfI</value>
        </Data>
        <Data name="Distance_m">
          <value>398.0</value>
        </Data>
      </ExtendedData>
      <Point>
        <coordinates>
          73.75896,19.9752646,0
        </coordinates>
      </Point>
    </Placemark>
    <Placemark>
      <name>Unique Multicare Clinic</name>
      <description><![CDATA[Description: <br>address: <br>phoneNumber: <br>Coordinates: 73.797855,19.991964<br>Category: doctor<br>Address: Unique Multicare clinic.Sheetal complex,Dwarka-circal, Nashik - Pune Hwy, behind anjali plywood, Near Dwarka Bus Stop, General Vaidya Nagar, Nashik, Maharashtra 422011, India<br>Latitude: 19.991964<br>Longitude: 73.797855<br>Rating: 5<br>Place_ID: ChIJB5gp4Pzq3TsRLj__7OzFUfQ<br>Distance_m: 1926]]></description>
      <styleUrl>#icon-1899-1A237E</styleUrl>
      <ExtendedData>
        <Data name="Description">
          <value/>
        </Data>
        <Data name="address">
          <value/>
        </Data>
        <Data name="phoneNumber">
          <value/>
        </Data>
        <Data name="Coordinates">
          <value>73.797855,19.991964</value>
        </Data>
        <Data name="Category">
          <value>doctor</value>
        </Data>
        <Data name="Address">
          <value>Unique Multicare clinic.Sheetal complex,Dwarka-circal, Nashik - Pune Hwy, behind anjali plywood, Near Dwarka Bus Stop, General Vaidya Nagar, Nashik, Maharashtra 422011, India</value>
        </Data>
        <Data name="Latitude">
          <value>19.991964</value>
        </Data>
        <Data name="Longitude">
          <value>73.797855</value>
        </Data>
        <Data name="Rating">
          <value>5.0</value>
        </Data>
        <Data name="Place_ID">
          <value>ChIJB5gp4Pzq3TsRLj__7OzFUfQ</value>
        </Data>
        <Data name="Distance_m">
          <value>1926.0</value>
        </Data>
      </ExtendedData>
      <Point>
        <coordinates>
          73.797855,19.991964,0
        </coordinates>
      </Point>
    </Placemark>
    <Placemark>
      <name>AYUMED CLINIC</name>
      <description><![CDATA[Description: <br>address: <br>phoneNumber: <br>Coordinates: 73.8015701,19.9903332<br>Category: health<br>Address: Shop No.2, Prakash aarket, Kathe Ln, Bankar Chowk, Dwarka, Nashik, Maharashtra 422303, India<br>Latitude: 19.9903332<br>Longitude: 73.8015701<br>Rating: 5<br>Place_ID: ChIJV6sXpubr3TsRHgHMqBhO3bE<br>Distance_m: 1626]]></description>
      <styleUrl>#icon-1899-1A237E</styleUrl>
      <ExtendedData>
        <Data name="Description">
          <value/>
        </Data>
        <Data name="address">
          <value/>
        </Data>
        <Data name="phoneNumber">
          <value/>
        </Data>
        <Data name="Coordinates">
          <value>73.8015701,19.9903332</value>
        </Data>
        <Data name="Category">
          <value>health</value>
        </Data>
        <Data name="Address">
          <value>Shop No.2, Prakash aarket, Kathe Ln, Bankar Chowk, Dwarka, Nashik, Maharashtra 422303, India</value>
        </Data>
        <Data name="Latitude">
          <value>19.9903332</value>
        </Data>
        <Data name="Longitude">
          <value>73.8015701</value>
        </Data>
        <Data name="Rating">
          <value>5.0</value>
        </Data>
        <Data name="Place_ID">
          <value>ChIJV6sXpubr3TsRHgHMqBhO3bE</value>
        </Data>
        <Data name="Distance_m">
          <value>1626.0</value>
        </Data>
      </ExtendedData>
      <Point>
        <coordinates>
          73.8015701,19.9903332,0
        </coordinates>
      </Point>
    </Placemark>
    <Placemark>
      <name>Fortune Hospital / Dr. Khairnar Clinic</name>
      <description><![CDATA[Description: <br>address: <br>phoneNumber: <br>Coordinates: 73.7927477,19.9871995<br>Category: hospital<br>Address: 1st Floor, Samarai Society, Wadala Rd, near Sahyadri Hospital Hirve nagar, General Arun Kumar Vaidya Nagar, General Vaidya Nagar, Nashik, Maharashtra 422011, India<br>Latitude: 19.9871995<br>Longitude: 73.7927477<br>Rating: 4.9<br>Place_ID: ChIJMXmmhcDr3TsRr3xwhK-Y8bg<br>Distance_m: 2332]]></description>
      <styleUrl>#icon-1899-1A237E</styleUrl>
      <ExtendedData>
        <Data name="Description">
          <value/>
        </Data>
        <Data name="address">
          <value/>
        </Data>
        <Data name="phoneNumber">
          <value/>
        </Data>
        <Data name="Coordinates">
          <value>73.7927477,19.9871995</value>
        </Data>
        <Data name="Category">
          <value>hospital</value>
        </Data>
        <Data name="Address">
          <value>1st Floor, Samarai Society, Wadala Rd, near Sahyadri Hospital Hirve nagar, General Arun Kumar Vaidya Nagar, General Vaidya Nagar, Nashik, Maharashtra 422011, India</value>
        </Data>
        <Data name="Latitude">
          <value>19.9871995</value>
        </Data>
        <Data name="Longitude">
          <value>73.7927477</value>
        </Data>
        <Data name="Rating">
          <value>4.9</value>
        </Data>
        <Data name="Place_ID">
          <value>ChIJMXmmhcDr3TsRr3xwhK-Y8bg</value>
        </Data>
        <Data name="Distance_m">
          <value>2332.0</value>
        </Data>
      </ExtendedData>
      <Point>
        <coordinates>
          73.7927477,19.9871995,0
        </coordinates>
      </Point>
    </Placemark>
    <Placemark>
      <name>Madina Clinic</name>
      <description><![CDATA[Description: <br>address: <br>phoneNumber: <br>Coordinates: 73.7930421,19.9894043<br>Category: hospital<br>Address: Wadala Rd, General Arun Kumar Vaidya Nagar, General Vaidya Nagar, Nashik, Maharashtra 422011, India<br>Latitude: 19.9894043<br>Longitude: 73.7930421<br>Rating: 5<br>Place_ID: ChIJL8XDhE7r3TsRJcJOd_uA5KQ<br>Distance_m: 2333]]></description>
      <styleUrl>#icon-1899-1A237E</styleUrl>
      <ExtendedData>
        <Data name="Description">
          <value/>
        </Data>
        <Data name="address">
          <value/>
        </Data>
        <Data name="phoneNumber">
          <value/>
        </Data>
        <Data name="Coordinates">
          <value>73.7930421,19.9894043</value>
        </Data>
        <Data name="Category">
          <value>hospital</value>
        </Data>
        <Data name="Address">
          <value>Wadala Rd, General Arun Kumar Vaidya Nagar, General Vaidya Nagar, Nashik, Maharashtra 422011, India</value>
        </Data>
        <Data name="Latitude">
          <value>19.9894043</value>
        </Data>
        <Data name="Longitude">
          <value>73.7930421</value>
        </Data>
        <Data name="Rating">
          <value>5.0</value>
        </Data>
        <Data name="Place_ID">
          <value>ChIJL8XDhE7r3TsRJcJOd_uA5KQ</value>
        </Data>
        <Data name="Distance_m">
          <value>2333.0</value>
        </Data>
      </ExtendedData>
      <Point>
        <coordinates>
          73.7930421,19.9894043,0
        </coordinates>
      </Point>
    </Placemark>
    <Placemark>
      <name>AL-SHIFA CLINIC DR.WASIM A MIRZA</name>
      <description><![CDATA[Description: <br>address: <br>phoneNumber: <br>Coordinates: 73.7895736,19.9925808<br>Category: medical_clinic<br>Address: 7, Silver Dale Apartment, Madina Chowk, Renuka Nagar, Nashik, Maharashtra 422001, India<br>Latitude: 19.9925808<br>Longitude: 73.7895736<br>Rating: 5<br>Place_ID: ChIJIeqaLgnr3TsRp7bw4lvG_qg<br>Distance_m: 291]]></description>
      <styleUrl>#icon-1899-1A237E</styleUrl>
      <ExtendedData>
        <Data name="Description">
          <value/>
        </Data>
        <Data name="address">
          <value/>
        </Data>
        <Data name="phoneNumber">
          <value/>
        </Data>
        <Data name="Coordinates">
          <value>73.7895736,19.9925808</value>
        </Data>
        <Data name="Category">
          <value>medical_clinic</value>
        </Data>
        <Data name="Address">
          <value>7, Silver Dale Apartment, Madina Chowk, Renuka Nagar, Nashik, Maharashtra 422001, India</value>
        </Data>
        <Data name="Latitude">
          <value>19.9925808</value>
        </Data>
        <Data name="Longitude">
          <value>73.7895736</value>
        </Data>
        <Data name="Rating">
          <value>5.0</value>
        </Data>
        <Data name="Place_ID">
          <value>ChIJIeqaLgnr3TsRp7bw4lvG_qg</value>
        </Data>
        <Data name="Distance_m">
          <value>291.0</value>
        </Data>
      </ExtendedData>
      <Point>
        <coordinates>
          73.7895736,19.9925808,0
        </coordinates>
      </Point>
    </Placemark>
    <Placemark>
      <name>Sai samarth clinic</name>
      <description><![CDATA[Description: <br>address: <br>phoneNumber: <br>Coordinates: 73.7968036,19.9984188<br>Category: medical_clinic<br>Address: XQXW+9PQ Shivaji chowk, Amardham Rd, Kathda, Nashik, Maharashtra 422001, India<br>Latitude: 19.9984188<br>Longitude: 73.7968036<br>Rating: <br>Place_ID: ChIJUyMOXVLr3TsRxMW5VdLmVM0<br>Distance_m: 947]]></description>
      <styleUrl>#icon-1899-1A237E</styleUrl>
      <ExtendedData>
        <Data name="Description">
          <value/>
        </Data>
        <Data name="address">
          <value/>
        </Data>
        <Data name="phoneNumber">
          <value/>
        </Data>
        <Data name="Coordinates">
          <value>73.7968036,19.9984188</value>
        </Data>
        <Data name="Category">
          <value>medical_clinic</value>
        </Data>
        <Data name="Address">
          <value>XQXW+9PQ Shivaji chowk, Amardham Rd, Kathda, Nashik, Maharashtra 422001, India</value>
        </Data>
        <Data name="Latitude">
          <value>19.9984188</value>
        </Data>
        <Data name="Longitude">
          <value>73.7968036</value>
        </Data>
        <Data name="Rating">
          <value/>
        </Data>
        <Data name="Place_ID">
          <value>ChIJUyMOXVLr3TsRxMW5VdLmVM0</value>
        </Data>
        <Data name="Distance_m">
          <value>947.0</value>
        </Data>
      </ExtendedData>
      <Point>
        <coordinates>
          73.7968036,19.9984188,0
        </coordinates>
      </Point>
    </Placemark>
    <Placemark>
      <name>Charuhas Clinic</name>
      <description><![CDATA[Description: <br>address: <br>phoneNumber: <br>Coordinates: 73.8029541,19.9954813<br>Category: medical_clinic<br>Address: XRW3+55W, Takli Rd, Dwarka, Nashik, Maharashtra 422011, India<br>Latitude: 19.9954813<br>Longitude: 73.8029541<br>Rating: 5<br>Place_ID: ChIJdVAYxvvq3TsRJ2xJLs0TzqA<br>Distance_m: 276]]></description>
      <styleUrl>#icon-1899-1A237E</styleUrl>
      <ExtendedData>
        <Data name="Description">
          <value/>
        </Data>
        <Data name="address">
          <value/>
        </Data>
        <Data name="phoneNumber">
          <value/>
        </Data>
        <Data name="Coordinates">
          <value>73.8029541,19.9954813</value>
        </Data>
        <Data name="Category">
          <value>medical_clinic</value>
        </Data>
        <Data name="Address">
          <value>XRW3+55W, Takli Rd, Dwarka, Nashik, Maharashtra 422011, India</value>
        </Data>
        <Data name="Latitude">
          <value>19.9954813</value>
        </Data>
        <Data name="Longitude">
          <value>73.8029541</value>
        </Data>
        <Data name="Rating">
          <value>5.0</value>
        </Data>
        <Data name="Place_ID">
          <value>ChIJdVAYxvvq3TsRJ2xJLs0TzqA</value>
        </Data>
        <Data name="Distance_m">
          <value>276.0</value>
        </Data>
      </ExtendedData>
      <Point>
        <coordinates>
          73.8029541,19.9954813,0
        </coordinates>
      </Point>
    </Placemark>
    <Placemark>
      <name>Dhanwantari Clinic</name>
      <description><![CDATA[Description: <br>address: <br>phoneNumber: <br>Coordinates: 73.8025327,19.9904995<br>Category: medical_clinic<br>Address: Barkha Batur, XRR3+52V, Kathe Ln, Bankar Chowk, Dwarka, Nashik, Maharashtra 422011, India<br>Latitude: 19.9904995<br>Longitude: 73.8025327<br>Rating: 5<br>Place_ID: ChIJmQdOBPvq3TsRJhdDB2OL3LY<br>Distance_m: 314]]></description>
      <styleUrl>#icon-1899-1A237E</styleUrl>
      <ExtendedData>
        <Data name="Description">
          <value/>
        </Data>
        <Data name="address">
          <value/>
        </Data>
        <Data name="phoneNumber">
          <value/>
        </Data>
        <Data name="Coordinates">
          <value>73.8025327,19.9904995</value>
        </Data>
        <Data name="Category">
          <value>medical_clinic</value>
        </Data>
        <Data name="Address">
          <value>Barkha Batur, XRR3+52V, Kathe Ln, Bankar Chowk, Dwarka, Nashik, Maharashtra 422011, India</value>
        </Data>
        <Data name="Latitude">
          <value>19.9904995</value>
        </Data>
        <Data name="Longitude">
          <value>73.8025327</value>
        </Data>
        <Data name="Rating">
          <value>5.0</value>
        </Data>
        <Data name="Place_ID">
          <value>ChIJmQdOBPvq3TsRJhdDB2OL3LY</value>
        </Data>
        <Data name="Distance_m">
          <value>314.0</value>
        </Data>
      </ExtendedData>
      <Point>
        <coordinates>
          73.8025327,19.9904995,0
        </coordinates>
      </Point>
    </Placemark>
    <Placemark>
      <name>SHREE SWAMI CLINIC</name>
      <description><![CDATA[Description: <br>address: <br>phoneNumber: <br>Coordinates: 73.8046334,19.9896239<br>Category: doctor<br>Address: Shop No-2, Apna Ghar Appartment, Infront of Trikoni Garden, Kathe Ln, Dwarka, Nashik, Maharashtra 422011, India<br>Latitude: 19.9896239<br>Longitude: 73.8046334<br>Rating: 5<br>Place_ID: ChIJBf7or7zr3TsRv7fjDCjFoCg<br>Distance_m: 1306]]></description>
      <styleUrl>#icon-1899-1A237E</styleUrl>
      <ExtendedData>
        <Data name="Description">
          <value/>
        </Data>
        <Data name="address">
          <value/>
        </Data>
        <Data name="phoneNumber">
          <value/>
        </Data>
        <Data name="Coordinates">
          <value>73.8046334,19.9896239</value>
        </Data>
        <Data name="Category">
          <value>doctor</value>
        </Data>
        <Data name="Address">
          <value>Shop No-2, Apna Ghar Appartment, Infront of Trikoni Garden, Kathe Ln, Dwarka, Nashik, Maharashtra 422011, India</value>
        </Data>
        <Data name="Latitude">
          <value>19.9896239</value>
        </Data>
        <Data name="Longitude">
          <value>73.8046334</value>
        </Data>
        <Data name="Rating">
          <value>5.0</value>
        </Data>
        <Data name="Place_ID">
          <value>ChIJBf7or7zr3TsRv7fjDCjFoCg</value>
        </Data>
        <Data name="Distance_m">
          <value>1306.0</value>
        </Data>
      </ExtendedData>
      <Point>
        <coordinates>
          73.8046334,19.9896239,0
        </coordinates>
      </Point>
    </Placemark>
    <Placemark>
      <name>SHREE OMPREET CLINIC.</name>
      <description><![CDATA[Description: <br>address: <br>phoneNumber: <br>Coordinates: 73.8091387,19.9913797<br>Category: doctor<br>Address: SAMARTH NAGAR, TAPOVAN, LINK ROAD, Dwarka, Nashik, Maharashtra 422011, India<br>Latitude: 19.9913797<br>Longitude: 73.8091387<br>Rating: 4.8<br>Place_ID: ChIJz-KCKqbr3TsRD8s1eS4GOUI<br>Distance_m: 1063]]></description>
      <styleUrl>#icon-1899-1A237E</styleUrl>
      <ExtendedData>
        <Data name="Description">
          <value/>
        </Data>
        <Data name="address">
          <value/>
        </Data>
        <Data name="phoneNumber">
          <value/>
        </Data>
        <Data name="Coordinates">
          <value>73.8091387,19.9913797</value>
        </Data>
        <Data name="Category">
          <value>doctor</value>
        </Data>
        <Data name="Address">
          <value>SAMARTH NAGAR, TAPOVAN, LINK ROAD, Dwarka, Nashik, Maharashtra 422011, India</value>
        </Data>
        <Data name="Latitude">
          <value>19.9913797</value>
        </Data>
        <Data name="Longitude">
          <value>73.8091387</value>
        </Data>
        <Data name="Rating">
          <value>4.8</value>
        </Data>
        <Data name="Place_ID">
          <value>ChIJz-KCKqbr3TsRD8s1eS4GOUI</value>
        </Data>
        <Data name="Distance_m">
          <value>1063.0</value>
        </Data>
      </ExtendedData>
      <Point>
        <coordinates>
          73.8091387,19.9913797,0
        </coordinates>
      </Point>
    </Placemark>
    <Placemark>
      <name>Shri Samarth Ayurvedic Clinic</name>
      <description><![CDATA[Description: <br>address: <br>phoneNumber: <br>Coordinates: 73.8096644,19.9906389<br>Category: doctor<br>Address: 102, Dnyaneshwari Apartment, Tapovan Link Road, Samarth Nagar, Anusuya Nagar, Nashik, Maharashtra 422011, India<br>Latitude: 19.9906389<br>Longitude: 73.8096644<br>Rating: 4<br>Place_ID: ChIJFZOnAFnr3TsROmhey4HkDWw<br>Distance_m: 964]]></description>
      <styleUrl>#icon-1899-1A237E</styleUrl>
      <ExtendedData>
        <Data name="Description">
          <value/>
        </Data>
        <Data name="address">
          <value/>
        </Data>
        <Data name="phoneNumber">
          <value/>
        </Data>
        <Data name="Coordinates">
          <value>73.8096644,19.9906389</value>
        </Data>
        <Data name="Category">
          <value>doctor</value>
        </Data>
        <Data name="Address">
          <value>102, Dnyaneshwari Apartment, Tapovan Link Road, Samarth Nagar, Anusuya Nagar, Nashik, Maharashtra 422011, India</value>
        </Data>
        <Data name="Latitude">
          <value>19.9906389</value>
        </Data>
        <Data name="Longitude">
          <value>73.8096644</value>
        </Data>
        <Data name="Rating">
          <value>4.0</value>
        </Data>
        <Data name="Place_ID">
          <value>ChIJFZOnAFnr3TsROmhey4HkDWw</value>
        </Data>
        <Data name="Distance_m">
          <value>964.0</value>
        </Data>
      </ExtendedData>
      <Point>
        <coordinates>
          73.8096644,19.9906389,0
        </coordinates>
      </Point>
    </Placemark>
    <Placemark>
      <name>Arihant clinic</name>
      <description><![CDATA[Description: <br>address: <br>phoneNumber: <br>Coordinates: 73.8048153,19.9949745<br>Category: doctor<br>Address: Shop no 24 Rushab opp shankar nagar, Takli Rd, Dwarka, Nashik, Maharashtra 422011, India<br>Latitude: 19.9949745<br>Longitude: 73.8048153<br>Rating: 5<br>Place_ID: ChIJcQBSRzDr3TsRNJGmEzLpwx0<br>Distance_m: 239]]></description>
      <styleUrl>#icon-1899-1A237E</styleUrl>
      <ExtendedData>
        <Data name="Description">
          <value/>
        </Data>
        <Data name="address">
          <value/>
        </Data>
        <Data name="phoneNumber">
          <value/>
        </Data>
        <Data name="Coordinates">
          <value>73.8048153,19.9949745</value>
        </Data>
        <Data name="Category">
          <value>doctor</value>
        </Data>
        <Data name="Address">
          <value>Shop no 24 Rushab opp shankar nagar, Takli Rd, Dwarka, Nashik, Maharashtra 422011, India</value>
        </Data>
        <Data name="Latitude">
          <value>19.9949745</value>
        </Data>
        <Data name="Longitude">
          <value>73.8048153</value>
        </Data>
        <Data name="Rating">
          <value>5.0</value>
        </Data>
        <Data name="Place_ID">
          <value>ChIJcQBSRzDr3TsRNJGmEzLpwx0</value>
        </Data>
        <Data name="Distance_m">
          <value>239.0</value>
        </Data>
      </ExtendedData>
      <Point>
        <coordinates>
          73.8048153,19.9949745,0
        </coordinates>
      </Point>
    </Placemark>
    <Placemark>
      <name><![CDATA[Dr Roopam's Skinacea Skin & Hair Clinic]]></name>
      <description><![CDATA[Description: <br>address: <br>phoneNumber: <br>Coordinates: 73.7582354,20.0107873<br>Category: doctor<br>Address: 1st floor, College Rd, near Kathiyawad Store, D'souza Colony, Nashik, Maharashtra 422005, India<br>Latitude: 20.0107873<br>Longitude: 73.7582354<br>Rating: 4.9<br>Place_ID: ChIJK9r77I_r3TsRONRvdRUGYF4<br>Distance_m: 729]]></description>
      <styleUrl>#icon-1899-1A237E</styleUrl>
      <ExtendedData>
        <Data name="Description">
          <value/>
        </Data>
        <Data name="address">
          <value/>
        </Data>
        <Data name="phoneNumber">
          <value/>
        </Data>
        <Data name="Coordinates">
          <value>73.7582354,20.0107873</value>
        </Data>
        <Data name="Category">
          <value>doctor</value>
        </Data>
        <Data name="Address">
          <value><![CDATA[1st floor, College Rd, near Kathiyawad Store, D'souza Colony, Nashik, Maharashtra 422005, India]]></value>
        </Data>
        <Data name="Latitude">
          <value>20.0107873</value>
        </Data>
        <Data name="Longitude">
          <value>73.7582354</value>
        </Data>
        <Data name="Rating">
          <value>4.9</value>
        </Data>
        <Data name="Place_ID">
          <value>ChIJK9r77I_r3TsRONRvdRUGYF4</value>
        </Data>
        <Data name="Distance_m">
          <value>729.0</value>
        </Data>
      </ExtendedData>
      <Point>
        <coordinates>
          73.7582354,20.0107873,0
        </coordinates>
      </Point>
    </Placemark>
    <Placemark>
      <name><![CDATA[Dr. Prachi's Homoeo clinic]]></name>
      <description><![CDATA[Description: <br>address: <br>phoneNumber: <br>Coordinates: 73.7652758,20.0054869<br>Category: doctor<br>Address: College Rd, above Nykka showroom, near Big Bazar, Ramdas Colony, Nashik, Maharashtra 422005, India<br>Latitude: 20.0054869<br>Longitude: 73.7652758<br>Rating: 5<br>Place_ID: ChIJBzhM84jr3TsR_RGZ5rgh4t8<br>Distance_m: 245]]></description>
      <styleUrl>#icon-1899-1A237E</styleUrl>
      <ExtendedData>
        <Data name="Description">
          <value/>
        </Data>
        <Data name="address">
          <value/>
        </Data>
        <Data name="phoneNumber">
          <value/>
        </Data>
        <Data name="Coordinates">
          <value>73.7652758,20.0054869</value>
        </Data>
        <Data name="Category">
          <value>doctor</value>
        </Data>
        <Data name="Address">
          <value>College Rd, above Nykka showroom, near Big Bazar, Ramdas Colony, Nashik, Maharashtra 422005, India</value>
        </Data>
        <Data name="Latitude">
          <value>20.0054869</value>
        </Data>
        <Data name="Longitude">
          <value>73.7652758</value>
        </Data>
        <Data name="Rating">
          <value>5.0</value>
        </Data>
        <Data name="Place_ID">
          <value>ChIJBzhM84jr3TsR_RGZ5rgh4t8</value>
        </Data>
        <Data name="Distance_m">
          <value>245.0</value>
        </Data>
      </ExtendedData>
      <Point>
        <coordinates>
          73.7652758,20.0054869,0
        </coordinates>
      </Point>
    </Placemark>
    <Placemark>
      <name><![CDATA[Vidula Nursing Home & Fertility Clinic]]></name>
      <description><![CDATA[Description: <br>address: <br>phoneNumber: <br>Coordinates: 73.7750892,20.0056689<br>Category: health<br>Address: Gangapur Rd, Murkute Colony, Runanubandha, New Pandit Colony, Nashik, Maharashtra 422002, India<br>Latitude: 20.0056689<br>Longitude: 73.7750892<br>Rating: 4.3<br>Place_ID: ChIJ3SzzX5jr3TsRryA1Kb7GoXw<br>Distance_m: 433]]></description>
      <styleUrl>#icon-1899-1A237E</styleUrl>
      <ExtendedData>
        <Data name="Description">
          <value/>
        </Data>
        <Data name="address">
          <value/>
        </Data>
        <Data name="phoneNumber">
          <value/>
        </Data>
        <Data name="Coordinates">
          <value>73.7750892,20.0056689</value>
        </Data>
        <Data name="Category">
          <value>health</value>
        </Data>
        <Data name="Address">
          <value>Gangapur Rd, Murkute Colony, Runanubandha, New Pandit Colony, Nashik, Maharashtra 422002, India</value>
        </Data>
        <Data name="Latitude">
          <value>20.0056689</value>
        </Data>
        <Data name="Longitude">
          <value>73.7750892</value>
        </Data>
        <Data name="Rating">
          <value>4.3</value>
        </Data>
        <Data name="Place_ID">
          <value>ChIJ3SzzX5jr3TsRryA1Kb7GoXw</value>
        </Data>
        <Data name="Distance_m">
          <value>433.0</value>
        </Data>
      </ExtendedData>
      <Point>
        <coordinates>
          73.7750892,20.0056689,0
        </coordinates>
      </Point>
    </Placemark>
    <Placemark>
      <name>Ayuswasthya Panchakarma Superspeciality Clinic-Dr.Omkar Londhe Patil</name>
      <description><![CDATA[Description: <br>address: <br>phoneNumber: <br>Coordinates: 73.7563711,20.0118739<br>Category: health<br>Address: Jihan circle, Bus Stop, Gangapur Rd, D'souza Colony, Nashik, Maharashtra 422005, India<br>Latitude: 20.0118739<br>Longitude: 73.7563711<br>Rating: 4.9<br>Place_ID: ChIJHaqYAADr3TsRVfCbDwuAc-g<br>Distance_m: 646]]></description>
      <styleUrl>#icon-1899-1A237E</styleUrl>
      <ExtendedData>
        <Data name="Description">
          <value/>
        </Data>
        <Data name="address">
          <value/>
        </Data>
        <Data name="phoneNumber">
          <value/>
        </Data>
        <Data name="Coordinates">
          <value>73.7563711,20.0118739</value>
        </Data>
        <Data name="Category">
          <value>health</value>
        </Data>
        <Data name="Address">
          <value><![CDATA[Jihan circle, Bus Stop, Gangapur Rd, D'souza Colony, Nashik, Maharashtra 422005, India]]></value>
        </Data>
        <Data name="Latitude">
          <value>20.0118739</value>
        </Data>
        <Data name="Longitude">
          <value>73.7563711</value>
        </Data>
        <Data name="Rating">
          <value>4.9</value>
        </Data>
        <Data name="Place_ID">
          <value>ChIJHaqYAADr3TsRVfCbDwuAc-g</value>
        </Data>
        <Data name="Distance_m">
          <value>646.0</value>
        </Data>
      </ExtendedData>
      <Point>
        <coordinates>
          73.7563711,20.0118739,0
        </coordinates>
      </Point>
    </Placemark>
    <Placemark>
      <name><![CDATA[Karnawat Speciality Clinic & Diagnostic Centre]]></name>
      <description><![CDATA[Description: <br>address: <br>phoneNumber: <br>Coordinates: 73.7764573,20.0003391<br>Category: hospital<br>Address: Near Rajiv Gandhi Bhavan, Third Floor, Suyojit Sankul, Sharanpur Rd, Sharanpur, Tilak Wadi, Jejurkar Wadi, Sharanpur, Nashik, Maharashtra 422002, India<br>Latitude: 20.0003391<br>Longitude: 73.7764573<br>Rating: 4.6<br>Place_ID: ChIJK0jFr6Dr3TsR_zcs2jo04r0<br>Distance_m: 253]]></description>
      <styleUrl>#icon-1899-1A237E</styleUrl>
      <ExtendedData>
        <Data name="Description">
          <value/>
        </Data>
        <Data name="address">
          <value/>
        </Data>
        <Data name="phoneNumber">
          <value/>
        </Data>
        <Data name="Coordinates">
          <value>73.7764573,20.0003391</value>
        </Data>
        <Data name="Category">
          <value>hospital</value>
        </Data>
        <Data name="Address">
          <value>Near Rajiv Gandhi Bhavan, Third Floor, Suyojit Sankul, Sharanpur Rd, Sharanpur, Tilak Wadi, Jejurkar Wadi, Sharanpur, Nashik, Maharashtra 422002, India</value>
        </Data>
        <Data name="Latitude">
          <value>20.0003391</value>
        </Data>
        <Data name="Longitude">
          <value>73.7764573</value>
        </Data>
        <Data name="Rating">
          <value>4.6</value>
        </Data>
        <Data name="Place_ID">
          <value>ChIJK0jFr6Dr3TsR_zcs2jo04r0</value>
        </Data>
        <Data name="Distance_m">
          <value>253.0</value>
        </Data>
      </ExtendedData>
      <Point>
        <coordinates>
          73.7764573,20.0003391,0
        </coordinates>
      </Point>
    </Placemark>
    <Placemark>
      <name>Healing Hands Clinic</name>
      <description><![CDATA[Description: <br>address: <br>phoneNumber: <br>Coordinates: 73.7665389,20.005625<br>Category: hospital<br>Address: Devi Complex, The Zone, 3rd floor, College Rd, opp. Movie Max, above subway, Patil Colony, Canada Corner, Nashik, Maharashtra 422005, India<br>Latitude: 20.005625<br>Longitude: 73.7665389<br>Rating: 4.9<br>Place_ID: ChIJDw49RJnr3TsRlJZPTWbPnMI<br>Distance_m: 2581]]></description>
      <styleUrl>#icon-1899-1A237E</styleUrl>
      <ExtendedData>
        <Data name="Description">
          <value/>
        </Data>
        <Data name="address">
          <value/>
        </Data>
        <Data name="phoneNumber">
          <value/>
        </Data>
        <Data name="Coordinates">
          <value>73.7665389,20.005625</value>
        </Data>
        <Data name="Category">
          <value>hospital</value>
        </Data>
        <Data name="Address">
          <value>Devi Complex, The Zone, 3rd floor, College Rd, opp. Movie Max, above subway, Patil Colony, Canada Corner, Nashik, Maharashtra 422005, India</value>
        </Data>
        <Data name="Latitude">
          <value>20.005625</value>
        </Data>
        <Data name="Longitude">
          <value>73.7665389</value>
        </Data>
        <Data name="Rating">
          <value>4.9</value>
        </Data>
        <Data name="Place_ID">
          <value>ChIJDw49RJnr3TsRlJZPTWbPnMI</value>
        </Data>
        <Data name="Distance_m">
          <value>2581.0</value>
        </Data>
      </ExtendedData>
      <Point>
        <coordinates>
          73.7665389,20.005625,0
        </coordinates>
      </Point>
    </Placemark>
    <Placemark>
      <name>Acacia Clinic</name>
      <description><![CDATA[Description: <br>address: <br>phoneNumber: <br>Coordinates: 73.7685163,20.0050452<br>Category: hospital<br>Address: Yashomandir Avenue, 4, College Rd, Patil Colony, Canada Corner, Nashik, Maharashtra 422005, India<br>Latitude: 20.0050452<br>Longitude: 73.7685163<br>Rating: 5<br>Place_ID: ChIJzREkX7nr3TsRqTEwEQd9OSc<br>Distance_m: 586]]></description>
      <styleUrl>#icon-1899-1A237E</styleUrl>
      <ExtendedData>
        <Data name="Description">
          <value/>
        </Data>
        <Data name="address">
          <value/>
        </Data>
        <Data name="phoneNumber">
          <value/>
        </Data>
        <Data name="Coordinates">
          <value>73.7685163,20.0050452</value>
        </Data>
        <Data name="Category">
          <value>hospital</value>
        </Data>
        <Data name="Address">
          <value>Yashomandir Avenue, 4, College Rd, Patil Colony, Canada Corner, Nashik, Maharashtra 422005, India</value>
        </Data>
        <Data name="Latitude">
          <value>20.0050452</value>
        </Data>
        <Data name="Longitude">
          <value>73.7685163</value>
        </Data>
        <Data name="Rating">
          <value>5.0</value>
        </Data>
        <Data name="Place_ID">
          <value>ChIJzREkX7nr3TsRqTEwEQd9OSc</value>
        </Data>
        <Data name="Distance_m">
          <value>586.0</value>
        </Data>
      </ExtendedData>
      <Point>
        <coordinates>
          73.7685163,20.0050452,0
        </coordinates>
      </Point>
    </Placemark>
    <Placemark>
      <name>Ayushyaman Clinic</name>
      <description><![CDATA[Description: <br>address: <br>phoneNumber: <br>Coordinates: 73.7775999,20.0006509<br>Category: medical_clinic<br>Address: G/14, Suyojit Modern Point, Sharanpur Rd, Opp. Police Prade Ground, Behind Kalakruti Sadi Center, Police Staff Colony, Nashik, Maharashtra 422002, India<br>Latitude: 20.0006509<br>Longitude: 73.7775999<br>Rating: <br>Place_ID: ChIJdb-FUafr3TsRFYkeLBbxUVM<br>Distance_m: 338]]></description>
      <styleUrl>#icon-1899-1A237E</styleUrl>
      <ExtendedData>
        <Data name="Description">
          <value/>
        </Data>
        <Data name="address">
          <value/>
        </Data>
        <Data name="phoneNumber">
          <value/>
        </Data>
        <Data name="Coordinates">
          <value>73.7775999,20.0006509</value>
        </Data>
        <Data name="Category">
          <value>medical_clinic</value>
        </Data>
        <Data name="Address">
          <value>G/14, Suyojit Modern Point, Sharanpur Rd, Opp. Police Prade Ground, Behind Kalakruti Sadi Center, Police Staff Colony, Nashik, Maharashtra 422002, India</value>
        </Data>
        <Data name="Latitude">
          <value>20.0006509</value>
        </Data>
        <Data name="Longitude">
          <value>73.7775999</value>
        </Data>
        <Data name="Rating">
          <value/>
        </Data>
        <Data name="Place_ID">
          <value>ChIJdb-FUafr3TsRFYkeLBbxUVM</value>
        </Data>
        <Data name="Distance_m">
          <value>338.0</value>
        </Data>
      </ExtendedData>
      <Point>
        <coordinates>
          73.7775999,20.0006509,0
        </coordinates>
      </Point>
    </Placemark>
    <Placemark>
      <name>Siddhant Clinic And Home Care Services.</name>
      <description><![CDATA[Description: <br>address: <br>phoneNumber: <br>Coordinates: 73.7706958,20.0108193<br>Category: medical_clinic<br>Address: 1, June Gangapur Naka,Opposite Rathi Amrai, Shreerang Nagar, Nashik, Maharashtra 422013, India<br>Latitude: 20.0108193<br>Longitude: 73.7706958<br>Rating: 5<br>Place_ID: ChIJszj6Apjr3TsRxPauKG7SLb0<br>Distance_m: 2147]]></description>
      <styleUrl>#icon-1899-1A237E</styleUrl>
      <ExtendedData>
        <Data name="Description">
          <value/>
        </Data>
        <Data name="address">
          <value/>
        </Data>
        <Data name="phoneNumber">
          <value/>
        </Data>
        <Data name="Coordinates">
          <value>73.7706958,20.0108193</value>
        </Data>
        <Data name="Category">
          <value>medical_clinic</value>
        </Data>
        <Data name="Address">
          <value>1, June Gangapur Naka,Opposite Rathi Amrai, Shreerang Nagar, Nashik, Maharashtra 422013, India</value>
        </Data>
        <Data name="Latitude">
          <value>20.0108193</value>
        </Data>
        <Data name="Longitude">
          <value>73.7706958</value>
        </Data>
        <Data name="Rating">
          <value>5.0</value>
        </Data>
        <Data name="Place_ID">
          <value>ChIJszj6Apjr3TsRxPauKG7SLb0</value>
        </Data>
        <Data name="Distance_m">
          <value>2147.0</value>
        </Data>
      </ExtendedData>
      <Point>
        <coordinates>
          73.7706958,20.0108193,0
        </coordinates>
      </Point>
    </Placemark>
    <Placemark>
      <name>Dr. Swapnil Deore Clinic C2P Health Tech</name>
      <description><![CDATA[Description: <br>address: <br>phoneNumber: <br>Coordinates: 73.758058,20.0114351<br>Category: medical_clinic<br>Address: Dr Swapnil Deore Clinic, C2P Health Tech, Shahid Chowk, Swami Samartha Chowk, Gangapur Rd, opp. Gangapur Wines, near Jehan Circle, D'souza Colony, Nashik, Maharashtra 422005, India<br>Latitude: 20.0114351<br>Longitude: 73.758058<br>Rating: 4.8<br>Place_ID: ChIJ9fsFrkLr3TsR2NXUfgPr4UU<br>Distance_m: 825]]></description>
      <styleUrl>#icon-1899-1A237E</styleUrl>
      <ExtendedData>
        <Data name="Description">
          <value/>
        </Data>
        <Data name="address">
          <value/>
        </Data>
        <Data name="phoneNumber">
          <value/>
        </Data>
        <Data name="Coordinates">
          <value>73.758058,20.0114351</value>
        </Data>
        <Data name="Category">
          <value>medical_clinic</value>
        </Data>
        <Data name="Address">
          <value><![CDATA[Dr Swapnil Deore Clinic, C2P Health Tech, Shahid Chowk, Swami Samartha Chowk, Gangapur Rd, opp. Gangapur Wines, near Jehan Circle, D'souza Colony, Nashik, Maharashtra 422005, India]]></value>
        </Data>
        <Data name="Latitude">
          <value>20.0114351</value>
        </Data>
        <Data name="Longitude">
          <value>73.758058</value>
        </Data>
        <Data name="Rating">
          <value>4.8</value>
        </Data>
        <Data name="Place_ID">
          <value>ChIJ9fsFrkLr3TsR2NXUfgPr4UU</value>
        </Data>
        <Data name="Distance_m">
          <value>825.0</value>
        </Data>
      </ExtendedData>
      <Point>
        <coordinates>
          73.758058,20.0114351,0
        </coordinates>
      </Point>
    </Placemark>
    <Placemark>
      <name>Spandan Clinic</name>
      <description><![CDATA[Description: <br>address: <br>phoneNumber: <br>Coordinates: 73.7667109,20.009389<br>Category: medical_clinic<br>Address: Shop no.1, Rambaug Society, Vidya Vikas Circle, Gangapur Rd, Vise Mala, Shreerang Nagar, Nashik, Maharashtra 422013, India<br>Latitude: 20.009389<br>Longitude: 73.7667109<br>Rating: 4.9<br>Place_ID: ChIJya0zTv7r3TsRiGhUwJbwNNM<br>Distance_m: 1753]]></description>
      <styleUrl>#icon-1899-1A237E</styleUrl>
      <ExtendedData>
        <Data name="Description">
          <value/>
        </Data>
        <Data name="address">
          <value/>
        </Data>
        <Data name="phoneNumber">
          <value/>
        </Data>
        <Data name="Coordinates">
          <value>73.7667109,20.009389</value>
        </Data>
        <Data name="Category">
          <value>medical_clinic</value>
        </Data>
        <Data name="Address">
          <value>Shop no.1, Rambaug Society, Vidya Vikas Circle, Gangapur Rd, Vise Mala, Shreerang Nagar, Nashik, Maharashtra 422013, India</value>
        </Data>
        <Data name="Latitude">
          <value>20.009389</value>
        </Data>
        <Data name="Longitude">
          <value>73.7667109</value>
        </Data>
        <Data name="Rating">
          <value>4.9</value>
        </Data>
        <Data name="Place_ID">
          <value>ChIJya0zTv7r3TsRiGhUwJbwNNM</value>
        </Data>
        <Data name="Distance_m">
          <value>1753.0</value>
        </Data>
      </ExtendedData>
      <Point>
        <coordinates>
          73.7667109,20.009389,0
        </coordinates>
      </Point>
    </Placemark>
    <Placemark>
      <name>Jyotinandan Clinic</name>
      <description><![CDATA[Description: <br>address: <br>phoneNumber: <br>Coordinates: 73.7693511,20.0084655<br>Category: medical_clinic<br>Address: Shop no 2, Near Peruchi Wadi, old Gangapur Road, Road, Gangapur, Nashik, Maharashtra 422013, India<br>Latitude: 20.0084655<br>Longitude: 73.7693511<br>Rating: 5<br>Place_ID: ChIJjfJFWZjr3TsR1cfW_JSsTU8<br>Distance_m: 2044]]></description>
      <styleUrl>#icon-1899-1A237E</styleUrl>
      <ExtendedData>
        <Data name="Description">
          <value/>
        </Data>
        <Data name="address">
          <value/>
        </Data>
        <Data name="phoneNumber">
          <value/>
        </Data>
        <Data name="Coordinates">
          <value>73.7693511,20.0084655</value>
        </Data>
        <Data name="Category">
          <value>medical_clinic</value>
        </Data>
        <Data name="Address">
          <value>Shop no 2, Near Peruchi Wadi, old Gangapur Road, Road, Gangapur, Nashik, Maharashtra 422013, India</value>
        </Data>
        <Data name="Latitude">
          <value>20.0084655</value>
        </Data>
        <Data name="Longitude">
          <value>73.7693511</value>
        </Data>
        <Data name="Rating">
          <value>5.0</value>
        </Data>
        <Data name="Place_ID">
          <value>ChIJjfJFWZjr3TsR1cfW_JSsTU8</value>
        </Data>
        <Data name="Distance_m">
          <value>2044.0</value>
        </Data>
      </ExtendedData>
      <Point>
        <coordinates>
          73.7693511,20.0084655,0
        </coordinates>
      </Point>
    </Placemark>
    <Placemark>
      <name><![CDATA[Dr Gunjal's Shatayu Physiotherapy Clinic | College road branch | Best Physiotherapy Clinic]]></name>
      <description><![CDATA[Description: <br>address: <br>phoneNumber: <br>Coordinates: 73.7579631,20.0077071<br>Category: medical_clinic<br>Address: 1st floor, New Shantivan Society, Besides Annapurna Laundry infront of college road police chowky, Model colony chowk, College Rd, D'souza Colony, Nashik, Maharashtra 422005, India<br>Latitude: 20.0077071<br>Longitude: 73.7579631<br>Rating: 5<br>Place_ID: ChIJB_5QdxHr3TsR7-7hAkhtgZ8<br>Distance_m: 559]]></description>
      <styleUrl>#icon-1899-1A237E</styleUrl>
      <ExtendedData>
        <Data name="Description">
          <value/>
        </Data>
        <Data name="address">
          <value/>
        </Data>
        <Data name="phoneNumber">
          <value/>
        </Data>
        <Data name="Coordinates">
          <value>73.7579631,20.0077071</value>
        </Data>
        <Data name="Category">
          <value>medical_clinic</value>
        </Data>
        <Data name="Address">
          <value><![CDATA[1st floor, New Shantivan Society, Besides Annapurna Laundry infront of college road police chowky, Model colony chowk, College Rd, D'souza Colony, Nashik, Maharashtra 422005, India]]></value>
        </Data>
        <Data name="Latitude">
          <value>20.0077071</value>
        </Data>
        <Data name="Longitude">
          <value>73.7579631</value>
        </Data>
        <Data name="Rating">
          <value>5.0</value>
        </Data>
        <Data name="Place_ID">
          <value>ChIJB_5QdxHr3TsR7-7hAkhtgZ8</value>
        </Data>
        <Data name="Distance_m">
          <value>559.0</value>
        </Data>
      </ExtendedData>
      <Point>
        <coordinates>
          73.7579631,20.0077071,0
        </coordinates>
      </Point>
    </Placemark>
    <Placemark>
      <name>Sarth Clinic</name>
      <description><![CDATA[Description: <br>address: <br>phoneNumber: <br>Coordinates: 73.7665656,20.0057764<br>Category: medical_clinic<br>Address: College Road Behind Mac D, opposite Reliance Smart Bazaar, Patil Colony, Canada Corner, Nashik, Maharashtra 422005, India<br>Latitude: 20.0057764<br>Longitude: 73.7665656<br>Rating: 4.5<br>Place_ID: ChIJx4vPpNLr3TsR5KiYVD7dSas<br>Distance_m: 373]]></description>
      <styleUrl>#icon-1899-1A237E</styleUrl>
      <ExtendedData>
        <Data name="Description">
          <value/>
        </Data>
        <Data name="address">
          <value/>
        </Data>
        <Data name="phoneNumber">
          <value/>
        </Data>
        <Data name="Coordinates">
          <value>73.7665656,20.0057764</value>
        </Data>
        <Data name="Category">
          <value>medical_clinic</value>
        </Data>
        <Data name="Address">
          <value>College Road Behind Mac D, opposite Reliance Smart Bazaar, Patil Colony, Canada Corner, Nashik, Maharashtra 422005, India</value>
        </Data>
        <Data name="Latitude">
          <value>20.0057764</value>
        </Data>
        <Data name="Longitude">
          <value>73.7665656</value>
        </Data>
        <Data name="Rating">
          <value>4.5</value>
        </Data>
        <Data name="Place_ID">
          <value>ChIJx4vPpNLr3TsR5KiYVD7dSas</value>
        </Data>
        <Data name="Distance_m">
          <value>373.0</value>
        </Data>
      </ExtendedData>
      <Point>
        <coordinates>
          73.7665656,20.0057764,0
        </coordinates>
      </Point>
    </Placemark>
    <Placemark>
      <name>Dr Rupal?s The breastfeeding clinic</name>
      <description><![CDATA[Description: <br>address: <br>phoneNumber: <br>Coordinates: 73.762879,20.0062329<br>Category: medical_clinic<br>Address: Venus apartment, College Rd, beside fastrack showroom, opp. byk college, Kulkarni Baug, Nashik, Maharashtra 422005, India<br>Latitude: 20.0062329<br>Longitude: 73.762879<br>Rating: 4.9<br>Place_ID: ChIJrTvaCQDr3TsRJalqR7iEpZ0<br>Distance_m: 29]]></description>
      <styleUrl>#icon-1899-1A237E</styleUrl>
      <ExtendedData>
        <Data name="Description">
          <value/>
        </Data>
        <Data name="address">
          <value/>
        </Data>
        <Data name="phoneNumber">
          <value/>
        </Data>
        <Data name="Coordinates">
          <value>73.762879,20.0062329</value>
        </Data>
        <Data name="Category">
          <value>medical_clinic</value>
        </Data>
        <Data name="Address">
          <value>Venus apartment, College Rd, beside fastrack showroom, opp. byk college, Kulkarni Baug, Nashik, Maharashtra 422005, India</value>
        </Data>
        <Data name="Latitude">
          <value>20.0062329</value>
        </Data>
        <Data name="Longitude">
          <value>73.762879</value>
        </Data>
        <Data name="Rating">
          <value>4.9</value>
        </Data>
        <Data name="Place_ID">
          <value>ChIJrTvaCQDr3TsRJalqR7iEpZ0</value>
        </Data>
        <Data name="Distance_m">
          <value>29.0</value>
        </Data>
      </ExtendedData>
      <Point>
        <coordinates>
          73.762879,20.0062329,0
        </coordinates>
      </Point>
    </Placemark>
    <Placemark>
      <name>Smart Look Clinic</name>
      <description><![CDATA[Description: <br>address: <br>phoneNumber: <br>Coordinates: 73.7652758,20.0054869<br>Category: medical_clinic<br>Address: 101, 1st Floor, 101, 1st Floor, College Rd, near Big Bazar, Ramdas Colony, Nashik, Maharashtra 422005, India<br>Latitude: 20.0054869<br>Longitude: 73.7652758<br>Rating: 4.9<br>Place_ID: ChIJw5P4VhHr3TsRQstowm7MR4Q<br>Distance_m: 245]]></description>
      <styleUrl>#icon-1899-1A237E</styleUrl>
      <ExtendedData>
        <Data name="Description">
          <value/>
        </Data>
        <Data name="address">
          <value/>
        </Data>
        <Data name="phoneNumber">
          <value/>
        </Data>
        <Data name="Coordinates">
          <value>73.7652758,20.0054869</value>
        </Data>
        <Data name="Category">
          <value>medical_clinic</value>
        </Data>
        <Data name="Address">
          <value>101, 1st Floor, 101, 1st Floor, College Rd, near Big Bazar, Ramdas Colony, Nashik, Maharashtra 422005, India</value>
        </Data>
        <Data name="Latitude">
          <value>20.0054869</value>
        </Data>
        <Data name="Longitude">
          <value>73.7652758</value>
        </Data>
        <Data name="Rating">
          <value>4.9</value>
        </Data>
        <Data name="Place_ID">
          <value>ChIJw5P4VhHr3TsRQstowm7MR4Q</value>
        </Data>
        <Data name="Distance_m">
          <value>245.0</value>
        </Data>
      </ExtendedData>
      <Point>
        <coordinates>
          73.7652758,20.0054869,0
        </coordinates>
      </Point>
    </Placemark>
    <Placemark>
      <name>Shatayushree Clinic</name>
      <description><![CDATA[Description: <br>address: <br>phoneNumber: <br>Coordinates: 73.7574322,20.0024228<br>Category: medical_clinic<br>Address: 2Q24+XX7, College Rd, Samartha Nagar, Parijat Nagar, Nashik, Maharashtra 422005, India<br>Latitude: 20.0024228<br>Longitude: 73.7574322<br>Rating: 5<br>Place_ID: ChIJTxhW01Dr3TsRpN1LnThehKI<br>Distance_m: 705]]></description>
      <styleUrl>#icon-1899-1A237E</styleUrl>
      <ExtendedData>
        <Data name="Description">
          <value/>
        </Data>
        <Data name="address">
          <value/>
        </Data>
        <Data name="phoneNumber">
          <value/>
        </Data>
        <Data name="Coordinates">
          <value>73.7574322,20.0024228</value>
        </Data>
        <Data name="Category">
          <value>medical_clinic</value>
        </Data>
        <Data name="Address">
          <value>2Q24+XX7, College Rd, Samartha Nagar, Parijat Nagar, Nashik, Maharashtra 422005, India</value>
        </Data>
        <Data name="Latitude">
          <value>20.0024228</value>
        </Data>
        <Data name="Longitude">
          <value>73.7574322</value>
        </Data>
        <Data name="Rating">
          <value>5.0</value>
        </Data>
        <Data name="Place_ID">
          <value>ChIJTxhW01Dr3TsRpN1LnThehKI</value>
        </Data>
        <Data name="Distance_m">
          <value>705.0</value>
        </Data>
      </ExtendedData>
      <Point>
        <coordinates>
          73.7574322,20.0024228,0
        </coordinates>
      </Point>
    </Placemark>
    <Placemark>
      <name>Enlight Homoeopathic Clinic | College road</name>
      <description><![CDATA[Description: <br>address: <br>phoneNumber: <br>Coordinates: 73.7566605,20.0063874<br>Category: medical_clinic<br>Address: near Shiv mandir, Yashwant Colony, Nashik, Maharashtra 422005, India<br>Latitude: 20.0063874<br>Longitude: 73.7566605<br>Rating: 5<br>Place_ID: ChIJD_Uiwdzr3TsRcGvMfe3ydtI<br>Distance_m: 664]]></description>
      <styleUrl>#icon-1899-1A237E</styleUrl>
      <ExtendedData>
        <Data name="Description">
          <value/>
        </Data>
        <Data name="address">
          <value/>
        </Data>
        <Data name="phoneNumber">
          <value/>
        </Data>
        <Data name="Coordinates">
          <value>73.7566605,20.0063874</value>
        </Data>
        <Data name="Category">
          <value>medical_clinic</value>
        </Data>
        <Data name="Address">
          <value>near Shiv mandir, Yashwant Colony, Nashik, Maharashtra 422005, India</value>
        </Data>
        <Data name="Latitude">
          <value>20.0063874</value>
        </Data>
        <Data name="Longitude">
          <value>73.7566605</value>
        </Data>
        <Data name="Rating">
          <value>5.0</value>
        </Data>
        <Data name="Place_ID">
          <value>ChIJD_Uiwdzr3TsRcGvMfe3ydtI</value>
        </Data>
        <Data name="Distance_m">
          <value>664.0</value>
        </Data>
      </ExtendedData>
      <Point>
        <coordinates>
          73.7566605,20.0063874,0
        </coordinates>
      </Point>
    </Placemark>
    <Placemark>
      <name>Relook Clinic - Best Hair Transplant Clinic Nashik</name>
      <description><![CDATA[Description: <br>address: <br>phoneNumber: <br>Coordinates: 73.7657804,20.0064713<br>Category: medical_clinic<br>Address: Flat No.03, Gangaliala Apartment, Patil Line-3, College Rd, Patil Colony, Nashik, Maharashtra 422005, India<br>Latitude: 20.0064713<br>Longitude: 73.7657804<br>Rating: 5<br>Place_ID: ChIJ3fFhBFfr3TsRuKEA_Nws5Dw<br>Distance_m: 295]]></description>
      <styleUrl>#icon-1899-1A237E</styleUrl>
      <ExtendedData>
        <Data name="Description">
          <value/>
        </Data>
        <Data name="address">
          <value/>
        </Data>
        <Data name="phoneNumber">
          <value/>
        </Data>
        <Data name="Coordinates">
          <value>73.7657804,20.0064713</value>
        </Data>
        <Data name="Category">
          <value>medical_clinic</value>
        </Data>
        <Data name="Address">
          <value>Flat No.03, Gangaliala Apartment, Patil Line-3, College Rd, Patil Colony, Nashik, Maharashtra 422005, India</value>
        </Data>
        <Data name="Latitude">
          <value>20.0064713</value>
        </Data>
        <Data name="Longitude">
          <value>73.7657804</value>
        </Data>
        <Data name="Rating">
          <value>5.0</value>
        </Data>
        <Data name="Place_ID">
          <value>ChIJ3fFhBFfr3TsRuKEA_Nws5Dw</value>
        </Data>
        <Data name="Distance_m">
          <value>295.0</value>
        </Data>
      </ExtendedData>
      <Point>
        <coordinates>
          73.7657804,20.0064713,0
        </coordinates>
      </Point>
    </Placemark>
    <Placemark>
      <name>O2 Clinic</name>
      <description><![CDATA[Description: <br>address: <br>phoneNumber: <br>Coordinates: 73.7693727,20.0041996<br>Category: medical_clinic<br>Address: First Floor, Canada Complex, College Rd, above Sagar sweets, Adwait Colony, Canada Corner, Nashik, Maharashtra 422005, India<br>Latitude: 20.0041996<br>Longitude: 73.7693727<br>Rating: <br>Place_ID: ChIJkYi24d3r3TsRmBfvJI7KHmk<br>Distance_m: 695]]></description>
      <styleUrl>#icon-1899-1A237E</styleUrl>
      <ExtendedData>
        <Data name="Description">
          <value/>
        </Data>
        <Data name="address">
          <value/>
        </Data>
        <Data name="phoneNumber">
          <value/>
        </Data>
        <Data name="Coordinates">
          <value>73.7693727,20.0041996</value>
        </Data>
        <Data name="Category">
          <value>medical_clinic</value>
        </Data>
        <Data name="Address">
          <value>First Floor, Canada Complex, College Rd, above Sagar sweets, Adwait Colony, Canada Corner, Nashik, Maharashtra 422005, India</value>
        </Data>
        <Data name="Latitude">
          <value>20.0041996</value>
        </Data>
        <Data name="Longitude">
          <value>73.7693727</value>
        </Data>
        <Data name="Rating">
          <value/>
        </Data>
        <Data name="Place_ID">
          <value>ChIJkYi24d3r3TsRmBfvJI7KHmk</value>
        </Data>
        <Data name="Distance_m">
          <value>695.0</value>
        </Data>
      </ExtendedData>
      <Point>
        <coordinates>
          73.7693727,20.0041996,0
        </coordinates>
      </Point>
    </Placemark>
    <Placemark>
      <name>Swastik Health Clinic</name>
      <description><![CDATA[Description: <br>address: <br>phoneNumber: <br>Coordinates: 73.787686,20.015475<br>Category: consultant<br>Address: Makhmalabad road, opposite dream castle building, Kranti Nagar, Ram Wadi, Nashik, Maharashtra 422003, India<br>Latitude: 20.015475<br>Longitude: 73.787686<br>Rating: 3.8<br>Place_ID: ChIJQQzMSrHr3TsRW-CXoUcI__M<br>Distance_m: 2492]]></description>
      <styleUrl>#icon-1899-1A237E</styleUrl>
      <ExtendedData>
        <Data name="Description">
          <value/>
        </Data>
        <Data name="address">
          <value/>
        </Data>
        <Data name="phoneNumber">
          <value/>
        </Data>
        <Data name="Coordinates">
          <value>73.787686,20.015475</value>
        </Data>
        <Data name="Category">
          <value>consultant</value>
        </Data>
        <Data name="Address">
          <value>Makhmalabad road, opposite dream castle building, Kranti Nagar, Ram Wadi, Nashik, Maharashtra 422003, India</value>
        </Data>
        <Data name="Latitude">
          <value>20.015475</value>
        </Data>
        <Data name="Longitude">
          <value>73.787686</value>
        </Data>
        <Data name="Rating">
          <value>3.8</value>
        </Data>
        <Data name="Place_ID">
          <value>ChIJQQzMSrHr3TsRW-CXoUcI__M</value>
        </Data>
        <Data name="Distance_m">
          <value>2492.0</value>
        </Data>
      </ExtendedData>
      <Point>
        <coordinates>
          73.787686,20.015475,0
        </coordinates>
      </Point>
    </Placemark>
    <Placemark>
      <name>Shraddha Clinic</name>
      <description><![CDATA[Description: <br>address: <br>phoneNumber: <br>Coordinates: 73.7591481,20.0185011<br>Category: doctor<br>Address: Shop .no 2 Akashwani Tower Rd, Gangapur Rd, Pramod Nagar, Nashik, Maharashtra 422013, India<br>Latitude: 20.0185011<br>Longitude: 73.7591481<br>Rating: 5<br>Place_ID: ChIJAcBHMV7r3TsRCquFFMvPtLM<br>Distance_m: 1168]]></description>
      <styleUrl>#icon-1899-1A237E</styleUrl>
      <ExtendedData>
        <Data name="Description">
          <value/>
        </Data>
        <Data name="address">
          <value/>
        </Data>
        <Data name="phoneNumber">
          <value/>
        </Data>
        <Data name="Coordinates">
          <value>73.7591481,20.0185011</value>
        </Data>
        <Data name="Category">
          <value>doctor</value>
        </Data>
        <Data name="Address">
          <value>Shop .no 2 Akashwani Tower Rd, Gangapur Rd, Pramod Nagar, Nashik, Maharashtra 422013, India</value>
        </Data>
        <Data name="Latitude">
          <value>20.0185011</value>
        </Data>
        <Data name="Longitude">
          <value>73.7591481</value>
        </Data>
        <Data name="Rating">
          <value>5.0</value>
        </Data>
        <Data name="Place_ID">
          <value>ChIJAcBHMV7r3TsRCquFFMvPtLM</value>
        </Data>
        <Data name="Distance_m">
          <value>1168.0</value>
        </Data>
      </ExtendedData>
      <Point>
        <coordinates>
          73.7591481,20.0185011,0
        </coordinates>
      </Point>
    </Placemark>
    <Placemark>
      <name>Dr Darekars Shree Sai Clinic</name>
      <description><![CDATA[Description: <br>address: <br>phoneNumber: <br>Coordinates: 73.7867373,20.0202003<br>Category: doctor<br>Address: 203,204, ABH samruddhi, above HDFC bank, Makhmalabad Naka, Janata Raja Colony, Nashik, Maharashtra 422003, India<br>Latitude: 20.0202003<br>Longitude: 73.7867373<br>Rating: 5<br>Place_ID: ChIJUzVTx6fr3TsRpJJzYJhxlKQ<br>Distance_m: 2073]]></description>
      <styleUrl>#icon-1899-1A237E</styleUrl>
      <ExtendedData>
        <Data name="Description">
          <value/>
        </Data>
        <Data name="address">
          <value/>
        </Data>
        <Data name="phoneNumber">
          <value/>
        </Data>
        <Data name="Coordinates">
          <value>73.7867373,20.0202003</value>
        </Data>
        <Data name="Category">
          <value>doctor</value>
        </Data>
        <Data name="Address">
          <value>203,204, ABH samruddhi, above HDFC bank, Makhmalabad Naka, Janata Raja Colony, Nashik, Maharashtra 422003, India</value>
        </Data>
        <Data name="Latitude">
          <value>20.0202003</value>
        </Data>
        <Data name="Longitude">
          <value>73.7867373</value>
        </Data>
        <Data name="Rating">
          <value>5.0</value>
        </Data>
        <Data name="Place_ID">
          <value>ChIJUzVTx6fr3TsRpJJzYJhxlKQ</value>
        </Data>
        <Data name="Distance_m">
          <value>2073.0</value>
        </Data>
      </ExtendedData>
      <Point>
        <coordinates>
          73.7867373,20.0202003,0
        </coordinates>
      </Point>
    </Placemark>
    <Placemark>
      <name>Navjeevan Clinic Nashik</name>
      <description><![CDATA[Description: <br>address: <br>phoneNumber: <br>Coordinates: 73.7861169,20.0204484<br>Category: doctor<br>Address: Gala No.6,Archit Madhuban Apartment, Makhmalabad Rd, near hanuman mandir, Panchavati, Nashik, Maharashtra 422003, India<br>Latitude: 20.0204484<br>Longitude: 73.7861169<br>Rating: 5<br>Place_ID: ChIJvUjJNmXr3TsRh8SiEDMr9SM<br>Distance_m: 2004]]></description>
      <styleUrl>#icon-1899-1A237E</styleUrl>
      <ExtendedData>
        <Data name="Description">
          <value/>
        </Data>
        <Data name="address">
          <value/>
        </Data>
        <Data name="phoneNumber">
          <value/>
        </Data>
        <Data name="Coordinates">
          <value>73.7861169,20.0204484</value>
        </Data>
        <Data name="Category">
          <value>doctor</value>
        </Data>
        <Data name="Address">
          <value>Gala No.6,Archit Madhuban Apartment, Makhmalabad Rd, near hanuman mandir, Panchavati, Nashik, Maharashtra 422003, India</value>
        </Data>
        <Data name="Latitude">
          <value>20.0204484</value>
        </Data>
        <Data name="Longitude">
          <value>73.7861169</value>
        </Data>
        <Data name="Rating">
          <value>5.0</value>
        </Data>
        <Data name="Place_ID">
          <value>ChIJvUjJNmXr3TsRh8SiEDMr9SM</value>
        </Data>
        <Data name="Distance_m">
          <value>2004.0</value>
        </Data>
      </ExtendedData>
      <Point>
        <coordinates>
          73.7861169,20.0204484,0
        </coordinates>
      </Point>
    </Placemark>
    <Placemark>
      <name><![CDATA[SPANDAN CLINIC Dr.Deepali Raundal (family physician & Ayurved Consultant]]></name>
      <description><![CDATA[Description: <br>address: <br>phoneNumber: <br>Coordinates: 73.7860961,20.0204216<br>Category: doctor<br>Address: 422003, Shinde Plaza, 20, Peth Rd, Durga Nagar, Sneha Nagar, Nashik, Maharashtra 422003, India<br>Latitude: 20.0204216<br>Longitude: 73.7860961<br>Rating: 5<br>Place_ID: ChIJSVVOM7br3TsR0v3RR6sZMv0<br>Distance_m: 393]]></description>
      <styleUrl>#icon-1899-1A237E</styleUrl>
      <ExtendedData>
        <Data name="Description">
          <value/>
        </Data>
        <Data name="address">
          <value/>
        </Data>
        <Data name="phoneNumber">
          <value/>
        </Data>
        <Data name="Coordinates">
          <value>73.7860961,20.0204216</value>
        </Data>
        <Data name="Category">
          <value>doctor</value>
        </Data>
        <Data name="Address">
          <value>422003, Shinde Plaza, 20, Peth Rd, Durga Nagar, Sneha Nagar, Nashik, Maharashtra 422003, India</value>
        </Data>
        <Data name="Latitude">
          <value>20.0204216</value>
        </Data>
        <Data name="Longitude">
          <value>73.7860961</value>
        </Data>
        <Data name="Rating">
          <value>5.0</value>
        </Data>
        <Data name="Place_ID">
          <value>ChIJSVVOM7br3TsR0v3RR6sZMv0</value>
        </Data>
        <Data name="Distance_m">
          <value>393.0</value>
        </Data>
      </ExtendedData>
      <Point>
        <coordinates>
          73.7860961,20.0204216,0
        </coordinates>
      </Point>
    </Placemark>
    <Placemark>
      <name><![CDATA[Dr.Songire's Ashwin Ayurved Clinic, Nashik]]></name>
      <description><![CDATA[Description: <br>address: <br>phoneNumber: <br>Coordinates: 73.7867404,20.0201825<br>Category: health<br>Address: 205, ABH Samruddhi, Makhmalabad Rd, above HDFC Bank, Ganesh Nagar, Panchavati, Nashik, Maharashtra 422003, India<br>Latitude: 20.0201825<br>Longitude: 73.7867404<br>Rating: 4.9<br>Place_ID: ChIJtcXgNQjr3TsRPlTx2A4XsX8<br>Distance_m: 322]]></description>
      <styleUrl>#icon-1899-1A237E</styleUrl>
      <ExtendedData>
        <Data name="Description">
          <value/>
        </Data>
        <Data name="address">
          <value/>
        </Data>
        <Data name="phoneNumber">
          <value/>
        </Data>
        <Data name="Coordinates">
          <value>73.7867404,20.0201825</value>
        </Data>
        <Data name="Category">
          <value>health</value>
        </Data>
        <Data name="Address">
          <value>205, ABH Samruddhi, Makhmalabad Rd, above HDFC Bank, Ganesh Nagar, Panchavati, Nashik, Maharashtra 422003, India</value>
        </Data>
        <Data name="Latitude">
          <value>20.0201825</value>
        </Data>
        <Data name="Longitude">
          <value>73.7867404</value>
        </Data>
        <Data name="Rating">
          <value>4.9</value>
        </Data>
        <Data name="Place_ID">
          <value>ChIJtcXgNQjr3TsRPlTx2A4XsX8</value>
        </Data>
        <Data name="Distance_m">
          <value>322.0</value>
        </Data>
      </ExtendedData>
      <Point>
        <coordinates>
          73.7867404,20.0201825,0
        </coordinates>
      </Point>
    </Placemark>
    <Placemark>
      <name><![CDATA[Chirayu General & Childrens Clinic & Hospital]]></name>
      <description><![CDATA[Description: <br>address: <br>phoneNumber: <br>Coordinates: 73.7876802,20.0168709<br>Category: hospital<br>Address: Hanumanwadi Corner, Shop No. 10, Dream Castle Building, Makhmalabad Rd, Madhuban Colony, Nashik, Maharashtra 422003, India<br>Latitude: 20.0168709<br>Longitude: 73.7876802<br>Rating: 4.6<br>Place_ID: ChIJO5wts7br3TsRshyc_No6t0I<br>Distance_m: 931]]></description>
      <styleUrl>#icon-1899-1A237E</styleUrl>
      <ExtendedData>
        <Data name="Description">
          <value/>
        </Data>
        <Data name="address">
          <value/>
        </Data>
        <Data name="phoneNumber">
          <value/>
        </Data>
        <Data name="Coordinates">
          <value>73.7876802,20.0168709</value>
        </Data>
        <Data name="Category">
          <value>hospital</value>
        </Data>
        <Data name="Address">
          <value>Hanumanwadi Corner, Shop No. 10, Dream Castle Building, Makhmalabad Rd, Madhuban Colony, Nashik, Maharashtra 422003, India</value>
        </Data>
        <Data name="Latitude">
          <value>20.0168709</value>
        </Data>
        <Data name="Longitude">
          <value>73.7876802</value>
        </Data>
        <Data name="Rating">
          <value>4.6</value>
        </Data>
        <Data name="Place_ID">
          <value>ChIJO5wts7br3TsRshyc_No6t0I</value>
        </Data>
        <Data name="Distance_m">
          <value>931.0</value>
        </Data>
      </ExtendedData>
      <Point>
        <coordinates>
          73.7876802,20.0168709,0
        </coordinates>
      </Point>
    </Placemark>
    <Placemark>
      <name>Deshkar Clinic</name>
      <description><![CDATA[Description: <br>address: <br>phoneNumber: <br>Coordinates: 73.7572207,20.0142119<br>Category: medical_clinic<br>Address: Pandurang Krupa Apartment, Gangapur Rd, opposite Akashwani Kendra, Uday Nagar, Nashik, Maharashtra 422013, India<br>Latitude: 20.0142119<br>Longitude: 73.7572207<br>Rating: 4.8<br>Place_ID: ChIJO_m6Z47r3TsR2HJqAS_GWCQ<br>Distance_m: 767]]></description>
      <styleUrl>#icon-1899-1A237E</styleUrl>
      <ExtendedData>
        <Data name="Description">
          <value/>
        </Data>
        <Data name="address">
          <value/>
        </Data>
        <Data name="phoneNumber">
          <value/>
        </Data>
        <Data name="Coordinates">
          <value>73.7572207,20.0142119</value>
        </Data>
        <Data name="Category">
          <value>medical_clinic</value>
        </Data>
        <Data name="Address">
          <value>Pandurang Krupa Apartment, Gangapur Rd, opposite Akashwani Kendra, Uday Nagar, Nashik, Maharashtra 422013, India</value>
        </Data>
        <Data name="Latitude">
          <value>20.0142119</value>
        </Data>
        <Data name="Longitude">
          <value>73.7572207</value>
        </Data>
        <Data name="Rating">
          <value>4.8</value>
        </Data>
        <Data name="Place_ID">
          <value>ChIJO_m6Z47r3TsR2HJqAS_GWCQ</value>
        </Data>
        <Data name="Distance_m">
          <value>767.0</value>
        </Data>
      </ExtendedData>
      <Point>
        <coordinates>
          73.7572207,20.0142119,0
        </coordinates>
      </Point>
    </Placemark>
    <Placemark>
      <name>Shreyash Clinic</name>
      <description><![CDATA[Description: <br>address: <br>phoneNumber: <br>Coordinates: 73.7563639,20.0170607<br>Category: medical_clinic<br>Address: Narsinha Nagar, Datey Nagar, Veer Sawarkar Nagar, Nashik, Maharashtra 422013, India<br>Latitude: 20.0170607<br>Longitude: 73.7563639<br>Rating: 4.1<br>Place_ID: ChIJsYWqS4zr3TsRbDD7LgOB9bc<br>Distance_m: 841]]></description>
      <styleUrl>#icon-1899-1A237E</styleUrl>
      <ExtendedData>
        <Data name="Description">
          <value/>
        </Data>
        <Data name="address">
          <value/>
        </Data>
        <Data name="phoneNumber">
          <value/>
        </Data>
        <Data name="Coordinates">
          <value>73.7563639,20.0170607</value>
        </Data>
        <Data name="Category">
          <value>medical_clinic</value>
        </Data>
        <Data name="Address">
          <value>Narsinha Nagar, Datey Nagar, Veer Sawarkar Nagar, Nashik, Maharashtra 422013, India</value>
        </Data>
        <Data name="Latitude">
          <value>20.0170607</value>
        </Data>
        <Data name="Longitude">
          <value>73.7563639</value>
        </Data>
        <Data name="Rating">
          <value>4.1</value>
        </Data>
        <Data name="Place_ID">
          <value>ChIJsYWqS4zr3TsRbDD7LgOB9bc</value>
        </Data>
        <Data name="Distance_m">
          <value>841.0</value>
        </Data>
      </ExtendedData>
      <Point>
        <coordinates>
          73.7563639,20.0170607,0
        </coordinates>
      </Point>
    </Placemark>
    <Placemark>
      <name>Satpur Physician Clinic- MD Doctor. Dr. Girish Borkar</name>
      <description><![CDATA[Description: <br>address: <br>phoneNumber: <br>Coordinates: 73.7171663,19.9897153<br>Category: doctor<br>Address: Shri Samarth Plot, Rajya Karmachari Society, 21/A, near Ashirwad medical, Savarkar Nagar, Ashoknagar, Satpur Colony, Nashik, Maharashtra 422012, India<br>Latitude: 19.9897153<br>Longitude: 73.7171663<br>Rating: 5<br>Place_ID: ChIJXwWy-Qbt3TsR0YuewuMQyg4<br>Distance_m: 2437]]></description>
      <styleUrl>#icon-1899-1A237E</styleUrl>
      <ExtendedData>
        <Data name="Description">
          <value/>
        </Data>
        <Data name="address">
          <value/>
        </Data>
        <Data name="phoneNumber">
          <value/>
        </Data>
        <Data name="Coordinates">
          <value>73.7171663,19.9897153</value>
        </Data>
        <Data name="Category">
          <value>doctor</value>
        </Data>
        <Data name="Address">
          <value>Shri Samarth Plot, Rajya Karmachari Society, 21/A, near Ashirwad medical, Savarkar Nagar, Ashoknagar, Satpur Colony, Nashik, Maharashtra 422012, India</value>
        </Data>
        <Data name="Latitude">
          <value>19.9897153</value>
        </Data>
        <Data name="Longitude">
          <value>73.7171663</value>
        </Data>
        <Data name="Rating">
          <value>5.0</value>
        </Data>
        <Data name="Place_ID">
          <value>ChIJXwWy-Qbt3TsR0YuewuMQyg4</value>
        </Data>
        <Data name="Distance_m">
          <value>2437.0</value>
        </Data>
      </ExtendedData>
      <Point>
        <coordinates>
          73.7171663,19.9897153,0
        </coordinates>
      </Point>
    </Placemark>
    <Placemark>
      <name>Shree Clinic  Dr. Kavita Dhage </name>
      <description><![CDATA[Description: <br>address: <br>phoneNumber: <br>Coordinates: 73.7191083,19.9874582<br>Category: doctor<br>Address: XPP9+XJQ, Savarkar Nagar, Ashoknagar, Shaneshwar Nagar, Nashik, Maharashtra 422007, India<br>Latitude: 19.9874582<br>Longitude: 73.7191083<br>Rating: <br>Place_ID: ChIJbXYTDADt3TsRnkYy3hXsrLE<br>Distance_m: 2755]]></description>
      <styleUrl>#icon-1899-1A237E</styleUrl>
      <ExtendedData>
        <Data name="Description">
          <value/>
        </Data>
        <Data name="address">
          <value/>
        </Data>
        <Data name="phoneNumber">
          <value/>
        </Data>
        <Data name="Coordinates">
          <value>73.7191083,19.9874582</value>
        </Data>
        <Data name="Category">
          <value>doctor</value>
        </Data>
        <Data name="Address">
          <value>XPP9+XJQ, Savarkar Nagar, Ashoknagar, Shaneshwar Nagar, Nashik, Maharashtra 422007, India</value>
        </Data>
        <Data name="Latitude">
          <value>19.9874582</value>
        </Data>
        <Data name="Longitude">
          <value>73.7191083</value>
        </Data>
        <Data name="Rating">
          <value/>
        </Data>
        <Data name="Place_ID">
          <value>ChIJbXYTDADt3TsRnkYy3hXsrLE</value>
        </Data>
        <Data name="Distance_m">
          <value>2755.0</value>
        </Data>
      </ExtendedData>
      <Point>
        <coordinates>
          73.7191083,19.9874582,0
        </coordinates>
      </Point>
    </Placemark>
    <Placemark>
      <name>Chinmay Clinic</name>
      <description><![CDATA[Description: <br>address: <br>phoneNumber: <br>Coordinates: 73.7127288,19.9901248<br>Category: doctor<br>Address: 11, Ashoknagar, Near Ashoknagar Last Bus Stop, Jaswant Nagar, Satpur Colony, Nashik, Maharashtra 422012, India<br>Latitude: 19.9901248<br>Longitude: 73.7127288<br>Rating: 5<br>Place_ID: ChIJl7VTlvfs3TsRVoyspfz29FI<br>Distance_m: 2251]]></description>
      <styleUrl>#icon-1899-1A237E</styleUrl>
      <ExtendedData>
        <Data name="Description">
          <value/>
        </Data>
        <Data name="address">
          <value/>
        </Data>
        <Data name="phoneNumber">
          <value/>
        </Data>
        <Data name="Coordinates">
          <value>73.7127288,19.9901248</value>
        </Data>
        <Data name="Category">
          <value>doctor</value>
        </Data>
        <Data name="Address">
          <value>11, Ashoknagar, Near Ashoknagar Last Bus Stop, Jaswant Nagar, Satpur Colony, Nashik, Maharashtra 422012, India</value>
        </Data>
        <Data name="Latitude">
          <value>19.9901248</value>
        </Data>
        <Data name="Longitude">
          <value>73.7127288</value>
        </Data>
        <Data name="Rating">
          <value>5.0</value>
        </Data>
        <Data name="Place_ID">
          <value>ChIJl7VTlvfs3TsRVoyspfz29FI</value>
        </Data>
        <Data name="Distance_m">
          <value>2251.0</value>
        </Data>
      </ExtendedData>
      <Point>
        <coordinates>
          73.7127288,19.9901248,0
        </coordinates>
      </Point>
    </Placemark>
    <Placemark>
      <name><![CDATA[Satpur Physician's Clinic]]></name>
      <description><![CDATA[Description: <br>address: <br>phoneNumber: <br>Coordinates: 73.7121687,19.9908136<br>Category: doctor<br>Address: Ashok Nagar bus Stop, 1, opposite Thakkar Ground, Near Ashoknagar Last Bus Stop, Ashoknagar, Shramik Nagar, Nashik, Maharashtra 422012, India<br>Latitude: 19.9908136<br>Longitude: 73.7121687<br>Rating: <br>Place_ID: ChIJm-5lPmnt3TsRsyXSdXY1ijk<br>Distance_m: 2263]]></description>
      <styleUrl>#icon-1899-1A237E</styleUrl>
      <ExtendedData>
        <Data name="Description">
          <value/>
        </Data>
        <Data name="address">
          <value/>
        </Data>
        <Data name="phoneNumber">
          <value/>
        </Data>
        <Data name="Coordinates">
          <value>73.7121687,19.9908136</value>
        </Data>
        <Data name="Category">
          <value>doctor</value>
        </Data>
        <Data name="Address">
          <value>Ashok Nagar bus Stop, 1, opposite Thakkar Ground, Near Ashoknagar Last Bus Stop, Ashoknagar, Shramik Nagar, Nashik, Maharashtra 422012, India</value>
        </Data>
        <Data name="Latitude">
          <value>19.9908136</value>
        </Data>
        <Data name="Longitude">
          <value>73.7121687</value>
        </Data>
        <Data name="Rating">
          <value/>
        </Data>
        <Data name="Place_ID">
          <value>ChIJm-5lPmnt3TsRsyXSdXY1ijk</value>
        </Data>
        <Data name="Distance_m">
          <value>2263.0</value>
        </Data>
      </ExtendedData>
      <Point>
        <coordinates>
          73.7121687,19.9908136,0
        </coordinates>
      </Point>
    </Placemark>
    <Placemark>
      <name>Serenity Healthcare Clinic</name>
      <description><![CDATA[Description: <br>address: <br>phoneNumber: <br>Coordinates: 73.7124846,19.9914705<br>Category: doctor<br>Address: XPR6+HXQ, Near Ashoknagar Last Bus Stop, Ashoknagar, Satpur Colony, Nashik, Maharashtra 422012, India<br>Latitude: 19.9914705<br>Longitude: 73.7124846<br>Rating: 5<br>Place_ID: ChIJl56aBwDt3TsRQ17MMFmDD8A<br>Distance_m: 1179]]></description>
      <styleUrl>#icon-1899-1A237E</styleUrl>
      <ExtendedData>
        <Data name="Description">
          <value/>
        </Data>
        <Data name="address">
          <value/>
        </Data>
        <Data name="phoneNumber">
          <value/>
        </Data>
        <Data name="Coordinates">
          <value>73.7124846,19.9914705</value>
        </Data>
        <Data name="Category">
          <value>doctor</value>
        </Data>
        <Data name="Address">
          <value>XPR6+HXQ, Near Ashoknagar Last Bus Stop, Ashoknagar, Satpur Colony, Nashik, Maharashtra 422012, India</value>
        </Data>
        <Data name="Latitude">
          <value>19.9914705</value>
        </Data>
        <Data name="Longitude">
          <value>73.7124846</value>
        </Data>
        <Data name="Rating">
          <value>5.0</value>
        </Data>
        <Data name="Place_ID">
          <value>ChIJl56aBwDt3TsRQ17MMFmDD8A</value>
        </Data>
        <Data name="Distance_m">
          <value>1179.0</value>
        </Data>
      </ExtendedData>
      <Point>
        <coordinates>
          73.7124846,19.9914705,0
        </coordinates>
      </Point>
    </Placemark>
    <Placemark>
      <name>Sai Clinic</name>
      <description><![CDATA[Description: <br>address: <br>phoneNumber: <br>Coordinates: 73.733209,19.989288<br>Category: hospital<br>Address: Shop No 2, Bhagwan Maule Shopping Complex, Chhatrapati Shivaji Maharaj Bhaji Market, Mahadevwadi, Satpur Gaon, Satpur Colony, Nashik, Maharashtra 422007, India<br>Latitude: 19.989288<br>Longitude: 73.733209<br>Rating: 5<br>Place_ID: ChIJCZvpDzft3TsRGl1Epu4D1ck<br>Distance_m: 1288]]></description>
      <styleUrl>#icon-1899-1A237E</styleUrl>
      <ExtendedData>
        <Data name="Description">
          <value/>
        </Data>
        <Data name="address">
          <value/>
        </Data>
        <Data name="phoneNumber">
          <value/>
        </Data>
        <Data name="Coordinates">
          <value>73.733209,19.989288</value>
        </Data>
        <Data name="Category">
          <value>hospital</value>
        </Data>
        <Data name="Address">
          <value>Shop No 2, Bhagwan Maule Shopping Complex, Chhatrapati Shivaji Maharaj Bhaji Market, Mahadevwadi, Satpur Gaon, Satpur Colony, Nashik, Maharashtra 422007, India</value>
        </Data>
        <Data name="Latitude">
          <value>19.989288</value>
        </Data>
        <Data name="Longitude">
          <value>73.733209</value>
        </Data>
        <Data name="Rating">
          <value>5.0</value>
        </Data>
        <Data name="Place_ID">
          <value>ChIJCZvpDzft3TsRGl1Epu4D1ck</value>
        </Data>
        <Data name="Distance_m">
          <value>1288.0</value>
        </Data>
      </ExtendedData>
      <Point>
        <coordinates>
          73.733209,19.989288,0
        </coordinates>
      </Point>
    </Placemark>
    <Placemark>
      <name>Mamta Clinic</name>
      <description><![CDATA[Description: <br>address: <br>phoneNumber: <br>Coordinates: 73.7343071,19.9891986<br>Category: hospital<br>Address: XPQM+RP6, Mali Ln, Satpur Gaon, Satpur Colony, Nashik, Maharashtra 422007, India<br>Latitude: 19.9891986<br>Longitude: 73.7343071<br>Rating: 5<br>Place_ID: ChIJ4_e-MwDt3TsRHMRj3DA1Hk8<br>Distance_m: 1322]]></description>
      <styleUrl>#icon-1899-1A237E</styleUrl>
      <ExtendedData>
        <Data name="Description">
          <value/>
        </Data>
        <Data name="address">
          <value/>
        </Data>
        <Data name="phoneNumber">
          <value/>
        </Data>
        <Data name="Coordinates">
          <value>73.7343071,19.9891986</value>
        </Data>
        <Data name="Category">
          <value>hospital</value>
        </Data>
        <Data name="Address">
          <value>XPQM+RP6, Mali Ln, Satpur Gaon, Satpur Colony, Nashik, Maharashtra 422007, India</value>
        </Data>
        <Data name="Latitude">
          <value>19.9891986</value>
        </Data>
        <Data name="Longitude">
          <value>73.7343071</value>
        </Data>
        <Data name="Rating">
          <value>5.0</value>
        </Data>
        <Data name="Place_ID">
          <value>ChIJ4_e-MwDt3TsRHMRj3DA1Hk8</value>
        </Data>
        <Data name="Distance_m">
          <value>1322.0</value>
        </Data>
      </ExtendedData>
      <Point>
        <coordinates>
          73.7343071,19.9891986,0
        </coordinates>
      </Point>
    </Placemark>
    <Placemark>
      <name>Shree Clinic</name>
      <description><![CDATA[Description: <br>address: <br>phoneNumber: <br>Coordinates: 73.7180215,19.9871312<br>Category: medical_clinic<br>Address: Ashok Nagar Rd, Ashoknagar, Satpur Colony, Nashik, Maharashtra 422007, India<br>Latitude: 19.9871312<br>Longitude: 73.7180215<br>Rating: 5<br>Place_ID: ChIJuYdqYPHs3TsR0OriEU_5OY4<br>Distance_m: 2732]]></description>
      <styleUrl>#icon-1899-1A237E</styleUrl>
      <ExtendedData>
        <Data name="Description">
          <value/>
        </Data>
        <Data name="address">
          <value/>
        </Data>
        <Data name="phoneNumber">
          <value/>
        </Data>
        <Data name="Coordinates">
          <value>73.7180215,19.9871312</value>
        </Data>
        <Data name="Category">
          <value>medical_clinic</value>
        </Data>
        <Data name="Address">
          <value>Ashok Nagar Rd, Ashoknagar, Satpur Colony, Nashik, Maharashtra 422007, India</value>
        </Data>
        <Data name="Latitude">
          <value>19.9871312</value>
        </Data>
        <Data name="Longitude">
          <value>73.7180215</value>
        </Data>
        <Data name="Rating">
          <value>5.0</value>
        </Data>
        <Data name="Place_ID">
          <value>ChIJuYdqYPHs3TsR0OriEU_5OY4</value>
        </Data>
        <Data name="Distance_m">
          <value>2732.0</value>
        </Data>
      </ExtendedData>
      <Point>
        <coordinates>
          73.7180215,19.9871312,0
        </coordinates>
      </Point>
    </Placemark>
    <Placemark>
      <name>Suyog Clinic</name>
      <description><![CDATA[Description: <br>address: <br>phoneNumber: <br>Coordinates: 73.717426,19.9897299<br>Category: medical_clinic<br>Address: 1st Bus Stop, Savarkar Nagar, Ashoknagar, Satpur Colony, Nashik, Maharashtra 422012, India<br>Latitude: 19.9897299<br>Longitude: 73.717426<br>Rating: 3<br>Place_ID: ChIJtdyAu_bs3TsRZbrfpjBHooU<br>Distance_m: 2448]]></description>
      <styleUrl>#icon-1899-1A237E</styleUrl>
      <ExtendedData>
        <Data name="Description">
          <value/>
        </Data>
        <Data name="address">
          <value/>
        </Data>
        <Data name="phoneNumber">
          <value/>
        </Data>
        <Data name="Coordinates">
          <value>73.717426,19.9897299</value>
        </Data>
        <Data name="Category">
          <value>medical_clinic</value>
        </Data>
        <Data name="Address">
          <value>1st Bus Stop, Savarkar Nagar, Ashoknagar, Satpur Colony, Nashik, Maharashtra 422012, India</value>
        </Data>
        <Data name="Latitude">
          <value>19.9897299</value>
        </Data>
        <Data name="Longitude">
          <value>73.717426</value>
        </Data>
        <Data name="Rating">
          <value>3.0</value>
        </Data>
        <Data name="Place_ID">
          <value>ChIJtdyAu_bs3TsRZbrfpjBHooU</value>
        </Data>
        <Data name="Distance_m">
          <value>2448.0</value>
        </Data>
      </ExtendedData>
      <Point>
        <coordinates>
          73.717426,19.9897299,0
        </coordinates>
      </Point>
    </Placemark>
    <Placemark>
      <name><![CDATA[Dr. Unnati's Physiotherapy Clinic]]></name>
      <description><![CDATA[Description: <br>address: <br>phoneNumber: <br>Coordinates: 73.7419949,20.0038434<br>Category: medical_clinic<br>Address: Dr. Unnati?s physiotherapy clinic, B/h jio petrol pump, gulmohar vihar colony, pipeline rd, Gangapur Rd, Gulmohar Vihar, Satpur Colony, Nashik, Maharashtra 422007, India<br>Latitude: 20.0038434<br>Longitude: 73.7419949<br>Rating: 5<br>Place_ID: ChIJIWUv7d_t3TsR4Gs40-s4Qyw<br>Distance_m: 1264]]></description>
      <styleUrl>#icon-1899-1A237E</styleUrl>
      <ExtendedData>
        <Data name="Description">
          <value/>
        </Data>
        <Data name="address">
          <value/>
        </Data>
        <Data name="phoneNumber">
          <value/>
        </Data>
        <Data name="Coordinates">
          <value>73.7419949,20.0038434</value>
        </Data>
        <Data name="Category">
          <value>medical_clinic</value>
        </Data>
        <Data name="Address">
          <value>Dr. Unnati?s physiotherapy clinic, B/h jio petrol pump, gulmohar vihar colony, pipeline rd, Gangapur Rd, Gulmohar Vihar, Satpur Colony, Nashik, Maharashtra 422007, India</value>
        </Data>
        <Data name="Latitude">
          <value>20.0038434</value>
        </Data>
        <Data name="Longitude">
          <value>73.7419949</value>
        </Data>
        <Data name="Rating">
          <value>5.0</value>
        </Data>
        <Data name="Place_ID">
          <value>ChIJIWUv7d_t3TsR4Gs40-s4Qyw</value>
        </Data>
        <Data name="Distance_m">
          <value>1264.0</value>
        </Data>
      </ExtendedData>
      <Point>
        <coordinates>
          73.7419949,20.0038434,0
        </coordinates>
      </Point>
    </Placemark>
    <Placemark>
      <name>Shiv clinic and Day care</name>
      <description><![CDATA[Description: <br>address: <br>phoneNumber: <br>Coordinates: 73.7123039,20.0060977<br>Category: medical_clinic<br>Address: Shop no 4, Imperial appartment, near Raj mobile, Shivaji Nagar, Satpur Colony, Nashik, Maharashtra 422012, India<br>Latitude: 20.0060977<br>Longitude: 73.7123039<br>Rating: <br>Place_ID: ChIJbXySQk_t3TsRy8dOJ_GP5NQ<br>Distance_m: 2054]]></description>
      <styleUrl>#icon-1899-1A237E</styleUrl>
      <ExtendedData>
        <Data name="Description">
          <value/>
        </Data>
        <Data name="address">
          <value/>
        </Data>
        <Data name="phoneNumber">
          <value/>
        </Data>
        <Data name="Coordinates">
          <value>73.7123039,20.0060977</value>
        </Data>
        <Data name="Category">
          <value>medical_clinic</value>
        </Data>
        <Data name="Address">
          <value>Shop no 4, Imperial appartment, near Raj mobile, Shivaji Nagar, Satpur Colony, Nashik, Maharashtra 422012, India</value>
        </Data>
        <Data name="Latitude">
          <value>20.0060977</value>
        </Data>
        <Data name="Longitude">
          <value>73.7123039</value>
        </Data>
        <Data name="Rating">
          <value/>
        </Data>
        <Data name="Place_ID">
          <value>ChIJbXySQk_t3TsRy8dOJ_GP5NQ</value>
        </Data>
        <Data name="Distance_m">
          <value>2054.0</value>
        </Data>
      </ExtendedData>
      <Point>
        <coordinates>
          73.7123039,20.0060977,0
        </coordinates>
      </Point>
    </Placemark>
    <Placemark>
      <name>Avtar Clinic</name>
      <description><![CDATA[Description: <br>address: <br>phoneNumber: <br>Coordinates: 73.7193243,19.9902859<br>Category: medical_clinic<br>Address: 4, Infront Of Kesar Park, Savarkar Nagar, Ashoknagar, Satpur Colony, Nashik, Maharashtra 422012, India<br>Latitude: 19.9902859<br>Longitude: 73.7193243<br>Rating: 5<br>Place_ID: ChIJxW0oFvTs3TsRVawzeAY6LWU<br>Distance_m: 1690]]></description>
      <styleUrl>#icon-1899-1A237E</styleUrl>
      <ExtendedData>
        <Data name="Description">
          <value/>
        </Data>
        <Data name="address">
          <value/>
        </Data>
        <Data name="phoneNumber">
          <value/>
        </Data>
        <Data name="Coordinates">
          <value>73.7193243,19.9902859</value>
        </Data>
        <Data name="Category">
          <value>medical_clinic</value>
        </Data>
        <Data name="Address">
          <value>4, Infront Of Kesar Park, Savarkar Nagar, Ashoknagar, Satpur Colony, Nashik, Maharashtra 422012, India</value>
        </Data>
        <Data name="Latitude">
          <value>19.9902859</value>
        </Data>
        <Data name="Longitude">
          <value>73.7193243</value>
        </Data>
        <Data name="Rating">
          <value>5.0</value>
        </Data>
        <Data name="Place_ID">
          <value>ChIJxW0oFvTs3TsRVawzeAY6LWU</value>
        </Data>
        <Data name="Distance_m">
          <value>1690.0</value>
        </Data>
      </ExtendedData>
      <Point>
        <coordinates>
          73.7193243,19.9902859,0
        </coordinates>
      </Point>
    </Placemark>
    <Placemark>
      <name>Advira Clinic</name>
      <description><![CDATA[Description: <br>address: <br>phoneNumber: <br>Coordinates: 73.7888638,20.0180928<br>Category: doctor<br>Address: Advira Clinic Chetana park madhuban colony, Makhmalabad Rd, Ganesh Nagar, Panchavati, Nashik, Maharashtra 422003, India<br>Latitude: 20.0180928<br>Longitude: 73.7888638<br>Rating: 5<br>Place_ID: ChIJpY-JAwDr3TsRwTYDi-YYIz8<br>Distance_m: 2391]]></description>
      <styleUrl>#icon-1899-1A237E</styleUrl>
      <ExtendedData>
        <Data name="Description">
          <value/>
        </Data>
        <Data name="address">
          <value/>
        </Data>
        <Data name="phoneNumber">
          <value/>
        </Data>
        <Data name="Coordinates">
          <value>73.7888638,20.0180928</value>
        </Data>
        <Data name="Category">
          <value>doctor</value>
        </Data>
        <Data name="Address">
          <value>Advira Clinic Chetana park madhuban colony, Makhmalabad Rd, Ganesh Nagar, Panchavati, Nashik, Maharashtra 422003, India</value>
        </Data>
        <Data name="Latitude">
          <value>20.0180928</value>
        </Data>
        <Data name="Longitude">
          <value>73.7888638</value>
        </Data>
        <Data name="Rating">
          <value>5.0</value>
        </Data>
        <Data name="Place_ID">
          <value>ChIJpY-JAwDr3TsRwTYDi-YYIz8</value>
        </Data>
        <Data name="Distance_m">
          <value>2391.0</value>
        </Data>
      </ExtendedData>
      <Point>
        <coordinates>
          73.7888638,20.0180928,0
        </coordinates>
      </Point>
    </Placemark>
    <Placemark>
      <name>Sarwarthsiddhi Clinic</name>
      <description><![CDATA[Description: <br>address: <br>phoneNumber: <br>Coordinates: 73.7952857,20.0090467<br>Category: hospital<br>Address: shop no 21/22, Rathi Sankul Apartment, in front of Parag Medical, Malviya Chowk, Panchavati Karanja, Panchavati, Nashik, Maharashtra 422003, India<br>Latitude: 20.0090467<br>Longitude: 73.7952857<br>Rating: 5<br>Place_ID: ChIJx5psNlPq3TsRDNw4qvCTjo4<br>Distance_m: 357]]></description>
      <styleUrl>#icon-1899-1A237E</styleUrl>
      <ExtendedData>
        <Data name="Description">
          <value/>
        </Data>
        <Data name="address">
          <value/>
        </Data>
        <Data name="phoneNumber">
          <value/>
        </Data>
        <Data name="Coordinates">
          <value>73.7952857,20.0090467</value>
        </Data>
        <Data name="Category">
          <value>hospital</value>
        </Data>
        <Data name="Address">
          <value>shop no 21/22, Rathi Sankul Apartment, in front of Parag Medical, Malviya Chowk, Panchavati Karanja, Panchavati, Nashik, Maharashtra 422003, India</value>
        </Data>
        <Data name="Latitude">
          <value>20.0090467</value>
        </Data>
        <Data name="Longitude">
          <value>73.7952857</value>
        </Data>
        <Data name="Rating">
          <value>5.0</value>
        </Data>
        <Data name="Place_ID">
          <value>ChIJx5psNlPq3TsRDNw4qvCTjo4</value>
        </Data>
        <Data name="Distance_m">
          <value>357.0</value>
        </Data>
      </ExtendedData>
      <Point>
        <coordinates>
          73.7952857,20.0090467,0
        </coordinates>
      </Point>
    </Placemark>
    <Placemark>
      <name>Sai Clinic</name>
      <description><![CDATA[Description: <br>address: <br>phoneNumber: <br>Coordinates: 73.7886467,20.0183688<br>Category: medical_clinic<br>Address: Shop no 6, Sayali Plaza, besides Yugandhara Lab, Ganesh Nagar, Janata Raja Colony, Nashik, Maharashtra 422003, India<br>Latitude: 20.0183688<br>Longitude: 73.7886467<br>Rating: 4.7<br>Place_ID: ChIJb23ZZKXr3TsRcI2IYAvI4Qk<br>Distance_m: 2599]]></description>
      <styleUrl>#icon-1899-1A237E</styleUrl>
      <ExtendedData>
        <Data name="Description">
          <value/>
        </Data>
        <Data name="address">
          <value/>
        </Data>
        <Data name="phoneNumber">
          <value/>
        </Data>
        <Data name="Coordinates">
          <value>73.7886467,20.0183688</value>
        </Data>
        <Data name="Category">
          <value>medical_clinic</value>
        </Data>
        <Data name="Address">
          <value>Shop no 6, Sayali Plaza, besides Yugandhara Lab, Ganesh Nagar, Janata Raja Colony, Nashik, Maharashtra 422003, India</value>
        </Data>
        <Data name="Latitude">
          <value>20.0183688</value>
        </Data>
        <Data name="Longitude">
          <value>73.7886467</value>
        </Data>
        <Data name="Rating">
          <value>4.7</value>
        </Data>
        <Data name="Place_ID">
          <value>ChIJb23ZZKXr3TsRcI2IYAvI4Qk</value>
        </Data>
        <Data name="Distance_m">
          <value>2599.0</value>
        </Data>
      </ExtendedData>
      <Point>
        <coordinates>
          73.7886467,20.0183688,0
        </coordinates>
      </Point>
    </Placemark>
    <Placemark>
      <name>AYUSH CLINIC (Dr.Suvarna Chandak)</name>
      <description><![CDATA[Description: <br>address: <br>phoneNumber: <br>Coordinates: 73.7963978,20.0084726<br>Category: medical_clinic<br>Address: Shop.no 2, Reva Swami Apt, Sita Gufaa Rd, near Datta Mandir, Panchavati, Nashik, Maharashtra 422003, India<br>Latitude: 20.0084726<br>Longitude: 73.7963978<br>Rating: 4.9<br>Place_ID: ChIJqav0cQbr3TsRWBncRmpYRO4<br>Distance_m: 484]]></description>
      <styleUrl>#icon-1899-1A237E</styleUrl>
      <ExtendedData>
        <Data name="Description">
          <value/>
        </Data>
        <Data name="address">
          <value/>
        </Data>
        <Data name="phoneNumber">
          <value/>
        </Data>
        <Data name="Coordinates">
          <value>73.7963978,20.0084726</value>
        </Data>
        <Data name="Category">
          <value>medical_clinic</value>
        </Data>
        <Data name="Address">
          <value>Shop.no 2, Reva Swami Apt, Sita Gufaa Rd, near Datta Mandir, Panchavati, Nashik, Maharashtra 422003, India</value>
        </Data>
        <Data name="Latitude">
          <value>20.0084726</value>
        </Data>
        <Data name="Longitude">
          <value>73.7963978</value>
        </Data>
        <Data name="Rating">
          <value>4.9</value>
        </Data>
        <Data name="Place_ID">
          <value>ChIJqav0cQbr3TsRWBncRmpYRO4</value>
        </Data>
        <Data name="Distance_m">
          <value>484.0</value>
        </Data>
      </ExtendedData>
      <Point>
        <coordinates>
          73.7963978,20.0084726,0
        </coordinates>
      </Point>
    </Placemark>
    <Placemark>
      <name>Samarth Clinic</name>
      <description><![CDATA[Description: <br>address: <br>phoneNumber: <br>Coordinates: 73.7965977,20.0087685<br>Category: medical_clinic<br>Address: 2Q5W+GJ5, Panchavati Rd, Panchavati, Nashik, Maharashtra 422003, India<br>Latitude: 20.0087685<br>Longitude: 73.7965977<br>Rating: 5<br>Place_ID: ChIJmdbBa1Pq3TsRlffpp4zBLYs<br>Distance_m: 498]]></description>
      <styleUrl>#icon-1899-1A237E</styleUrl>
      <ExtendedData>
        <Data name="Description">
          <value/>
        </Data>
        <Data name="address">
          <value/>
        </Data>
        <Data name="phoneNumber">
          <value/>
        </Data>
        <Data name="Coordinates">
          <value>73.7965977,20.0087685</value>
        </Data>
        <Data name="Category">
          <value>medical_clinic</value>
        </Data>
        <Data name="Address">
          <value>2Q5W+GJ5, Panchavati Rd, Panchavati, Nashik, Maharashtra 422003, India</value>
        </Data>
        <Data name="Latitude">
          <value>20.0087685</value>
        </Data>
        <Data name="Longitude">
          <value>73.7965977</value>
        </Data>
        <Data name="Rating">
          <value>5.0</value>
        </Data>
        <Data name="Place_ID">
          <value>ChIJmdbBa1Pq3TsRlffpp4zBLYs</value>
        </Data>
        <Data name="Distance_m">
          <value>498.0</value>
        </Data>
      </ExtendedData>
      <Point>
        <coordinates>
          73.7965977,20.0087685,0
        </coordinates>
      </Point>
    </Placemark>
    <Placemark>
      <name>Gayatri Clinic</name>
      <description><![CDATA[Description: <br>address: <br>phoneNumber: <br>Coordinates: 73.7939308,20.0095945<br>Category: medical_clinic<br>Address: Panchavati Karanja Rd, near namco bank, Panchavati Karanja, Panchavati, Nashik, Maharashtra 422003, India<br>Latitude: 20.0095945<br>Longitude: 73.7939308<br>Rating: 5<br>Place_ID: ChIJUUja2qzr3TsR-1BC9Tlu9rs<br>Distance_m: 212]]></description>
      <styleUrl>#icon-1899-1A237E</styleUrl>
      <ExtendedData>
        <Data name="Description">
          <value/>
        </Data>
        <Data name="address">
          <value/>
        </Data>
        <Data name="phoneNumber">
          <value/>
        </Data>
        <Data name="Coordinates">
          <value>73.7939308,20.0095945</value>
        </Data>
        <Data name="Category">
          <value>medical_clinic</value>
        </Data>
        <Data name="Address">
          <value>Panchavati Karanja Rd, near namco bank, Panchavati Karanja, Panchavati, Nashik, Maharashtra 422003, India</value>
        </Data>
        <Data name="Latitude">
          <value>20.0095945</value>
        </Data>
        <Data name="Longitude">
          <value>73.7939308</value>
        </Data>
        <Data name="Rating">
          <value>5.0</value>
        </Data>
        <Data name="Place_ID">
          <value>ChIJUUja2qzr3TsR-1BC9Tlu9rs</value>
        </Data>
        <Data name="Distance_m">
          <value>212.0</value>
        </Data>
      </ExtendedData>
      <Point>
        <coordinates>
          73.7939308,20.0095945,0
        </coordinates>
      </Point>
    </Placemark>
    <Placemark>
      <name>Shree Parshwa Clinic</name>
      <description><![CDATA[Description: <br>address: <br>phoneNumber: <br>Coordinates: 73.7966019,20.0089039<br>Category: medical_clinic<br>Address: 2Q5W+HJ9, Panchavati Rd, Panchavati, Nashik, Maharashtra 422003, India<br>Latitude: 20.0089039<br>Longitude: 73.7966019<br>Rating: 5<br>Place_ID: ChIJn9t0a1Pq3TsRweqvEgtbyf4<br>Distance_m: 496]]></description>
      <styleUrl>#icon-1899-1A237E</styleUrl>
      <ExtendedData>
        <Data name="Description">
          <value/>
        </Data>
        <Data name="address">
          <value/>
        </Data>
        <Data name="phoneNumber">
          <value/>
        </Data>
        <Data name="Coordinates">
          <value>73.7966019,20.0089039</value>
        </Data>
        <Data name="Category">
          <value>medical_clinic</value>
        </Data>
        <Data name="Address">
          <value>2Q5W+HJ9, Panchavati Rd, Panchavati, Nashik, Maharashtra 422003, India</value>
        </Data>
        <Data name="Latitude">
          <value>20.0089039</value>
        </Data>
        <Data name="Longitude">
          <value>73.7966019</value>
        </Data>
        <Data name="Rating">
          <value>5.0</value>
        </Data>
        <Data name="Place_ID">
          <value>ChIJn9t0a1Pq3TsRweqvEgtbyf4</value>
        </Data>
        <Data name="Distance_m">
          <value>496.0</value>
        </Data>
      </ExtendedData>
      <Point>
        <coordinates>
          73.7966019,20.0089039,0
        </coordinates>
      </Point>
    </Placemark>
    <Placemark>
      <name><![CDATA[Pratibha Clinic - Dr Neelam Jain & Dr Nemichand Jain]]></name>
      <description><![CDATA[Description: <br>address: <br>phoneNumber: <br>Coordinates: 73.789499,20.0159024<br>Category: medical_clinic<br>Address: 1, Brijpark Apartment, Makhmalabad Naka, Rajpal Colony, Panchavati, Nashik, Maharashtra 422003, India<br>Latitude: 20.0159024<br>Longitude: 73.789499<br>Rating: 5<br>Place_ID: ChIJeSbK07Pr3TsR3SDnjNIitdU<br>Distance_m: 755]]></description>
      <styleUrl>#icon-1899-1A237E</styleUrl>
      <ExtendedData>
        <Data name="Description">
          <value/>
        </Data>
        <Data name="address">
          <value/>
        </Data>
        <Data name="phoneNumber">
          <value/>
        </Data>
        <Data name="Coordinates">
          <value>73.789499,20.0159024</value>
        </Data>
        <Data name="Category">
          <value>medical_clinic</value>
        </Data>
        <Data name="Address">
          <value>1, Brijpark Apartment, Makhmalabad Naka, Rajpal Colony, Panchavati, Nashik, Maharashtra 422003, India</value>
        </Data>
        <Data name="Latitude">
          <value>20.0159024</value>
        </Data>
        <Data name="Longitude">
          <value>73.789499</value>
        </Data>
        <Data name="Rating">
          <value>5.0</value>
        </Data>
        <Data name="Place_ID">
          <value>ChIJeSbK07Pr3TsR3SDnjNIitdU</value>
        </Data>
        <Data name="Distance_m">
          <value>755.0</value>
        </Data>
      </ExtendedData>
      <Point>
        <coordinates>
          73.789499,20.0159024,0
        </coordinates>
      </Point>
    </Placemark>
    <Placemark>
      <name>Sukhkarta Clinic Dr. Arjun S Thorat</name>
      <description><![CDATA[Description: <br>address: <br>phoneNumber: <br>Coordinates: 73.7952344,20.0088834<br>Category: medical_clinic<br>Address: Nath Ln, Malviya Chowk, Panchavati, Nashik, Maharashtra 422003, India<br>Latitude: 20.0088834<br>Longitude: 73.7952344<br>Rating: 5<br>Place_ID: ChIJUWpVvtTr3TsRNG8rAWV3xXE<br>Distance_m: 355]]></description>
      <styleUrl>#icon-1899-1A237E</styleUrl>
      <ExtendedData>
        <Data name="Description">
          <value/>
        </Data>
        <Data name="address">
          <value/>
        </Data>
        <Data name="phoneNumber">
          <value/>
        </Data>
        <Data name="Coordinates">
          <value>73.7952344,20.0088834</value>
        </Data>
        <Data name="Category">
          <value>medical_clinic</value>
        </Data>
        <Data name="Address">
          <value>Nath Ln, Malviya Chowk, Panchavati, Nashik, Maharashtra 422003, India</value>
        </Data>
        <Data name="Latitude">
          <value>20.0088834</value>
        </Data>
        <Data name="Longitude">
          <value>73.7952344</value>
        </Data>
        <Data name="Rating">
          <value>5.0</value>
        </Data>
        <Data name="Place_ID">
          <value>ChIJUWpVvtTr3TsRNG8rAWV3xXE</value>
        </Data>
        <Data name="Distance_m">
          <value>355.0</value>
        </Data>
      </ExtendedData>
      <Point>
        <coordinates>
          73.7952344,20.0088834,0
        </coordinates>
      </Point>
    </Placemark>
    <Placemark>
      <name>Swati Clinic</name>
      <description><![CDATA[Description: <br>address: <br>phoneNumber: <br>Coordinates: 73.7902304,20.0124115<br>Category: medical_clinic<br>Address: 2Q6R+X39, Makhmalabad Naka, Old Makhmalabad Naka, Panchavati, Nashik, Maharashtra 422003, India<br>Latitude: 20.0124115<br>Longitude: 73.7902304<br>Rating: 5<br>Place_ID: ChIJrRKn863r3TsR5yMGy0jq2o0<br>Distance_m: 368]]></description>
      <styleUrl>#icon-1899-1A237E</styleUrl>
      <ExtendedData>
        <Data name="Description">
          <value/>
        </Data>
        <Data name="address">
          <value/>
        </Data>
        <Data name="phoneNumber">
          <value/>
        </Data>
        <Data name="Coordinates">
          <value>73.7902304,20.0124115</value>
        </Data>
        <Data name="Category">
          <value>medical_clinic</value>
        </Data>
        <Data name="Address">
          <value>2Q6R+X39, Makhmalabad Naka, Old Makhmalabad Naka, Panchavati, Nashik, Maharashtra 422003, India</value>
        </Data>
        <Data name="Latitude">
          <value>20.0124115</value>
        </Data>
        <Data name="Longitude">
          <value>73.7902304</value>
        </Data>
        <Data name="Rating">
          <value>5.0</value>
        </Data>
        <Data name="Place_ID">
          <value>ChIJrRKn863r3TsR5yMGy0jq2o0</value>
        </Data>
        <Data name="Distance_m">
          <value>368.0</value>
        </Data>
      </ExtendedData>
      <Point>
        <coordinates>
          73.7902304,20.0124115,0
        </coordinates>
      </Point>
    </Placemark>
    <Placemark>
      <name><![CDATA[Mukuls Pain & Spine Clinic]]></name>
      <description><![CDATA[Description: <br>address: <br>phoneNumber: <br>Coordinates: 73.7938803,20.0120838<br>Category: medical_clinic<br>Address: Shop No.12, Ground Floor, Bhakti Sankul, near Jankalyan Bank & Ganga Electricals, Peth Naka, Panchavati, Nashik, Maharashtra 422003, India<br>Latitude: 20.0120838<br>Longitude: 73.7938803<br>Rating: 5<br>Place_ID: ChIJbWJzjCnr3TsRqnIAEigKJds<br>Distance_m: 354]]></description>
      <styleUrl>#icon-1899-1A237E</styleUrl>
      <ExtendedData>
        <Data name="Description">
          <value/>
        </Data>
        <Data name="address">
          <value/>
        </Data>
        <Data name="phoneNumber">
          <value/>
        </Data>
        <Data name="Coordinates">
          <value>73.7938803,20.0120838</value>
        </Data>
        <Data name="Category">
          <value>medical_clinic</value>
        </Data>
        <Data name="Address">
          <value><![CDATA[Shop No.12, Ground Floor, Bhakti Sankul, near Jankalyan Bank & Ganga Electricals, Peth Naka, Panchavati, Nashik, Maharashtra 422003, India]]></value>
        </Data>
        <Data name="Latitude">
          <value>20.0120838</value>
        </Data>
        <Data name="Longitude">
          <value>73.7938803</value>
        </Data>
        <Data name="Rating">
          <value>5.0</value>
        </Data>
        <Data name="Place_ID">
          <value>ChIJbWJzjCnr3TsRqnIAEigKJds</value>
        </Data>
        <Data name="Distance_m">
          <value>354.0</value>
        </Data>
      </ExtendedData>
      <Point>
        <coordinates>
          73.7938803,20.0120838,0
        </coordinates>
      </Point>
    </Placemark>
    <Placemark>
      <name>Suyash Sonography Clinic</name>
      <description><![CDATA[Description: <br>address: <br>phoneNumber: <br>Coordinates: 73.795395,20.010219<br>Category: medical_clinic<br>Address: 2Q6W+35J, Panchavati Karanja, Panchavati, Nashik, Maharashtra 422003, India<br>Latitude: 20.010219<br>Longitude: 73.795395<br>Rating: 1.7<br>Place_ID: ChIJG28AKVPq3TsRBmXS0FxQHZU<br>Distance_m: 374]]></description>
      <styleUrl>#icon-1899-1A237E</styleUrl>
      <ExtendedData>
        <Data name="Description">
          <value/>
        </Data>
        <Data name="address">
          <value/>
        </Data>
        <Data name="phoneNumber">
          <value/>
        </Data>
        <Data name="Coordinates">
          <value>73.795395,20.010219</value>
        </Data>
        <Data name="Category">
          <value>medical_clinic</value>
        </Data>
        <Data name="Address">
          <value>2Q6W+35J, Panchavati Karanja, Panchavati, Nashik, Maharashtra 422003, India</value>
        </Data>
        <Data name="Latitude">
          <value>20.010219</value>
        </Data>
        <Data name="Longitude">
          <value>73.795395</value>
        </Data>
        <Data name="Rating">
          <value>1.7</value>
        </Data>
        <Data name="Place_ID">
          <value>ChIJG28AKVPq3TsRBmXS0FxQHZU</value>
        </Data>
        <Data name="Distance_m">
          <value>374.0</value>
        </Data>
      </ExtendedData>
      <Point>
        <coordinates>
          73.795395,20.010219,0
        </coordinates>
      </Point>
    </Placemark>
    <Placemark>
      <name>KATKADE CLINIC</name>
      <description><![CDATA[Description: <br>address: <br>phoneNumber: <br>Coordinates: 73.801563,20.0076404<br>Category: doctor<br>Address: Shop No-3 Opp. Krishna Mandir, Old, Adgaon Naka, Krishna Nagar, Nashik, Maharashtra 422003, India<br>Latitude: 20.0076404<br>Longitude: 73.801563<br>Rating: 5<br>Place_ID: ChIJDSg2eezr3TsRZApuYtu1eLY<br>Distance_m: 1031]]></description>
      <styleUrl>#icon-1899-1A237E</styleUrl>
      <ExtendedData>
        <Data name="Description">
          <value/>
        </Data>
        <Data name="address">
          <value/>
        </Data>
        <Data name="phoneNumber">
          <value/>
        </Data>
        <Data name="Coordinates">
          <value>73.801563,20.0076404</value>
        </Data>
        <Data name="Category">
          <value>doctor</value>
        </Data>
        <Data name="Address">
          <value>Shop No-3 Opp. Krishna Mandir, Old, Adgaon Naka, Krishna Nagar, Nashik, Maharashtra 422003, India</value>
        </Data>
        <Data name="Latitude">
          <value>20.0076404</value>
        </Data>
        <Data name="Longitude">
          <value>73.801563</value>
        </Data>
        <Data name="Rating">
          <value>5.0</value>
        </Data>
        <Data name="Place_ID">
          <value>ChIJDSg2eezr3TsRZApuYtu1eLY</value>
        </Data>
        <Data name="Distance_m">
          <value>1031.0</value>
        </Data>
      </ExtendedData>
      <Point>
        <coordinates>
          73.801563,20.0076404,0
        </coordinates>
      </Point>
    </Placemark>
    <Placemark>
      <name>Dr Rupesh Patani - Vijaya Clinic</name>
      <description><![CDATA[Description: <br>address: <br>phoneNumber: <br>Coordinates: 73.8010847,20.008177<br>Category: medical_clinic<br>Address: 4, Saikruti, Ganeshwadi Rd, Juna Adgaon Naka, Adgaon Naka, Panchavati, Nashik, Maharashtra 422003, India<br>Latitude: 20.008177<br>Longitude: 73.8010847<br>Rating: 4.8<br>Place_ID: ChIJQZcsq1bq3TsR21foMO6r4vI<br>Distance_m: 971]]></description>
      <styleUrl>#icon-1899-1A237E</styleUrl>
      <ExtendedData>
        <Data name="Description">
          <value/>
        </Data>
        <Data name="address">
          <value/>
        </Data>
        <Data name="phoneNumber">
          <value/>
        </Data>
        <Data name="Coordinates">
          <value>73.8010847,20.008177</value>
        </Data>
        <Data name="Category">
          <value>medical_clinic</value>
        </Data>
        <Data name="Address">
          <value>4, Saikruti, Ganeshwadi Rd, Juna Adgaon Naka, Adgaon Naka, Panchavati, Nashik, Maharashtra 422003, India</value>
        </Data>
        <Data name="Latitude">
          <value>20.008177</value>
        </Data>
        <Data name="Longitude">
          <value>73.8010847</value>
        </Data>
        <Data name="Rating">
          <value>4.8</value>
        </Data>
        <Data name="Place_ID">
          <value>ChIJQZcsq1bq3TsR21foMO6r4vI</value>
        </Data>
        <Data name="Distance_m">
          <value>971.0</value>
        </Data>
      </ExtendedData>
      <Point>
        <coordinates>
          73.8010847,20.008177,0
        </coordinates>
      </Point>
    </Placemark>
    <Placemark>
      <name>Atharva Clinic Dr. Kapil Wagh</name>
      <description><![CDATA[Description: <br>address: <br>phoneNumber: <br>Coordinates: 73.7537708,20.0150887<br>Category: doctor<br>Address: Archit Regency, Society, Gangapur Rd, opp. Madhur Sweets, Sharda Nagar, Savarkar Nagar, Nashik, Maharashtra 422013, India<br>Latitude: 20.0150887<br>Longitude: 73.7537708<br>Rating: 4.9<br>Place_ID: ChIJg5AcnlHr3TsRYDqizdaxptg<br>Distance_m: 492]]></description>
      <styleUrl>#icon-1899-1A237E</styleUrl>
      <ExtendedData>
        <Data name="Description">
          <value/>
        </Data>
        <Data name="address">
          <value/>
        </Data>
        <Data name="phoneNumber">
          <value/>
        </Data>
        <Data name="Coordinates">
          <value>73.7537708,20.0150887</value>
        </Data>
        <Data name="Category">
          <value>doctor</value>
        </Data>
        <Data name="Address">
          <value>Archit Regency, Society, Gangapur Rd, opp. Madhur Sweets, Sharda Nagar, Savarkar Nagar, Nashik, Maharashtra 422013, India</value>
        </Data>
        <Data name="Latitude">
          <value>20.0150887</value>
        </Data>
        <Data name="Longitude">
          <value>73.7537708</value>
        </Data>
        <Data name="Rating">
          <value>4.9</value>
        </Data>
        <Data name="Place_ID">
          <value>ChIJg5AcnlHr3TsRYDqizdaxptg</value>
        </Data>
        <Data name="Distance_m">
          <value>492.0</value>
        </Data>
      </ExtendedData>
      <Point>
        <coordinates>
          73.7537708,20.0150887,0
        </coordinates>
      </Point>
    </Placemark>
    <Placemark>
      <name>Dr. Ghongde Sanjivani Homoeopathy Clinic Pvt Ltd Gangapur Road-Top Homeopathy |Best Homeopathy |Famous Homeopathy Doctor</name>
      <description><![CDATA[Description: <br>address: <br>phoneNumber: <br>Coordinates: 73.7516247,20.0125843<br>Category: doctor<br>Address: Shop no.1, Dhareshwar park apartment, Gangapur Rd, near Aditya petrol pump, Chintamani Colony, Ashtavinayak Colony, Savarkar Nagar, Nashik, Maharashtra 422013, India<br>Latitude: 20.0125843<br>Longitude: 73.7516247<br>Rating: 4.9<br>Place_ID: ChIJXQNP1KPr3TsRFJygT_y1AVA<br>Distance_m: 155]]></description>
      <styleUrl>#icon-1899-1A237E</styleUrl>
      <ExtendedData>
        <Data name="Description">
          <value/>
        </Data>
        <Data name="address">
          <value/>
        </Data>
        <Data name="phoneNumber">
          <value/>
        </Data>
        <Data name="Coordinates">
          <value>73.7516247,20.0125843</value>
        </Data>
        <Data name="Category">
          <value>doctor</value>
        </Data>
        <Data name="Address">
          <value>Shop no.1, Dhareshwar park apartment, Gangapur Rd, near Aditya petrol pump, Chintamani Colony, Ashtavinayak Colony, Savarkar Nagar, Nashik, Maharashtra 422013, India</value>
        </Data>
        <Data name="Latitude">
          <value>20.0125843</value>
        </Data>
        <Data name="Longitude">
          <value>73.7516247</value>
        </Data>
        <Data name="Rating">
          <value>4.9</value>
        </Data>
        <Data name="Place_ID">
          <value>ChIJXQNP1KPr3TsRFJygT_y1AVA</value>
        </Data>
        <Data name="Distance_m">
          <value>155.0</value>
        </Data>
      </ExtendedData>
      <Point>
        <coordinates>
          73.7516247,20.0125843,0
        </coordinates>
      </Point>
    </Placemark>
    <Placemark>
      <name>Gynecologist Clinic</name>
      <description><![CDATA[Description: <br>address: <br>phoneNumber: <br>Coordinates: 73.7488939,20.0144984<br>Category: doctor<br>Address: Grace bungalow,Cherry Garden.Sawarkar nagar, Road, Gangapur Rd, behind Gangapur police station, Chintamani Colony, Anand Vihar Colony, Gangapur, Nashik, Maharashtra 422013, India<br>Latitude: 20.0144984<br>Longitude: 73.7488939<br>Rating: 5<br>Place_ID: ChIJlTbNYFPt3TsRg7nFQB1C-Lc<br>Distance_m: 290]]></description>
      <styleUrl>#icon-1899-1A237E</styleUrl>
      <ExtendedData>
        <Data name="Description">
          <value/>
        </Data>
        <Data name="address">
          <value/>
        </Data>
        <Data name="phoneNumber">
          <value/>
        </Data>
        <Data name="Coordinates">
          <value>73.7488939,20.0144984</value>
        </Data>
        <Data name="Category">
          <value>doctor</value>
        </Data>
        <Data name="Address">
          <value>Grace bungalow,Cherry Garden.Sawarkar nagar, Road, Gangapur Rd, behind Gangapur police station, Chintamani Colony, Anand Vihar Colony, Gangapur, Nashik, Maharashtra 422013, India</value>
        </Data>
        <Data name="Latitude">
          <value>20.0144984</value>
        </Data>
        <Data name="Longitude">
          <value>73.7488939</value>
        </Data>
        <Data name="Rating">
          <value>5.0</value>
        </Data>
        <Data name="Place_ID">
          <value>ChIJlTbNYFPt3TsRg7nFQB1C-Lc</value>
        </Data>
        <Data name="Distance_m">
          <value>290.0</value>
        </Data>
      </ExtendedData>
      <Point>
        <coordinates>
          73.7488939,20.0144984,0
        </coordinates>
      </Point>
    </Placemark>
    <Placemark>
      <name>Samdani clinic</name>
      <description><![CDATA[Description: <br>address: <br>phoneNumber: <br>Coordinates: 73.7229495,20.0084693<br>Category: doctor<br>Address: Samrat apna ghar, someshwar satpur link road, Right Canal Rd, Dhurav Nagar, Satpur Colony, Nashik, Maharashtra 422012, India<br>Latitude: 20.0084693<br>Longitude: 73.7229495<br>Rating: 5<br>Place_ID: ChIJz1RenMft3TsRSXyVhmA6jK0<br>Distance_m: 1213]]></description>
      <styleUrl>#icon-1899-1A237E</styleUrl>
      <ExtendedData>
        <Data name="Description">
          <value/>
        </Data>
        <Data name="address">
          <value/>
        </Data>
        <Data name="phoneNumber">
          <value/>
        </Data>
        <Data name="Coordinates">
          <value>73.7229495,20.0084693</value>
        </Data>
        <Data name="Category">
          <value>doctor</value>
        </Data>
        <Data name="Address">
          <value>Samrat apna ghar, someshwar satpur link road, Right Canal Rd, Dhurav Nagar, Satpur Colony, Nashik, Maharashtra 422012, India</value>
        </Data>
        <Data name="Latitude">
          <value>20.0084693</value>
        </Data>
        <Data name="Longitude">
          <value>73.7229495</value>
        </Data>
        <Data name="Rating">
          <value>5.0</value>
        </Data>
        <Data name="Place_ID">
          <value>ChIJz1RenMft3TsRSXyVhmA6jK0</value>
        </Data>
        <Data name="Distance_m">
          <value>1213.0</value>
        </Data>
      </ExtendedData>
      <Point>
        <coordinates>
          73.7229495,20.0084693,0
        </coordinates>
      </Point>
    </Placemark>
    <Placemark>
      <name>Samarth clinic, samraat Apna ghar</name>
      <description><![CDATA[Description: <br>address: <br>phoneNumber: <br>Coordinates: 73.7240625,20.0088125<br>Category: doctor<br>Address: Someshwar-Satpur Link Rd, Someshwar Colony, Satpur Colony, Nashik, Maharashtra 422012, India<br>Latitude: 20.0088125<br>Longitude: 73.7240625<br>Rating: 4.8<br>Place_ID: ChIJvQ2EGwDt3TsRh2ehbPfKK84<br>Distance_m: 1164]]></description>
      <styleUrl>#icon-1899-1A237E</styleUrl>
      <ExtendedData>
        <Data name="Description">
          <value/>
        </Data>
        <Data name="address">
          <value/>
        </Data>
        <Data name="phoneNumber">
          <value/>
        </Data>
        <Data name="Coordinates">
          <value>73.7240625,20.0088125</value>
        </Data>
        <Data name="Category">
          <value>doctor</value>
        </Data>
        <Data name="Address">
          <value>Someshwar-Satpur Link Rd, Someshwar Colony, Satpur Colony, Nashik, Maharashtra 422012, India</value>
        </Data>
        <Data name="Latitude">
          <value>20.0088125</value>
        </Data>
        <Data name="Longitude">
          <value>73.7240625</value>
        </Data>
        <Data name="Rating">
          <value>4.8</value>
        </Data>
        <Data name="Place_ID">
          <value>ChIJvQ2EGwDt3TsRh2ehbPfKK84</value>
        </Data>
        <Data name="Distance_m">
          <value>1164.0</value>
        </Data>
      </ExtendedData>
      <Point>
        <coordinates>
          73.7240625,20.0088125,0
        </coordinates>
      </Point>
    </Placemark>
    <Placemark>
      <name>Shree Clinic</name>
      <description><![CDATA[Description: <br>address: <br>phoneNumber: <br>Coordinates: 73.7167223,20.0110069<br>Category: doctor<br>Address: Shop no 5, Yash Plaza, behind water tank, near Saundarya Sarees, Dhruv Nagar, Gangapur, Nashik, Maharashtra 422012, India<br>Latitude: 20.0110069<br>Longitude: 73.7167223<br>Rating: 5<br>Place_ID: ChIJnd7w_Kjt3TsRvXh5zfG4Eh4<br>Distance_m: 1779]]></description>
      <styleUrl>#icon-1899-1A237E</styleUrl>
      <ExtendedData>
        <Data name="Description">
          <value/>
        </Data>
        <Data name="address">
          <value/>
        </Data>
        <Data name="phoneNumber">
          <value/>
        </Data>
        <Data name="Coordinates">
          <value>73.7167223,20.0110069</value>
        </Data>
        <Data name="Category">
          <value>doctor</value>
        </Data>
        <Data name="Address">
          <value>Shop no 5, Yash Plaza, behind water tank, near Saundarya Sarees, Dhruv Nagar, Gangapur, Nashik, Maharashtra 422012, India</value>
        </Data>
        <Data name="Latitude">
          <value>20.0110069</value>
        </Data>
        <Data name="Longitude">
          <value>73.7167223</value>
        </Data>
        <Data name="Rating">
          <value>5.0</value>
        </Data>
        <Data name="Place_ID">
          <value>ChIJnd7w_Kjt3TsRvXh5zfG4Eh4</value>
        </Data>
        <Data name="Distance_m">
          <value>1779.0</value>
        </Data>
      </ExtendedData>
      <Point>
        <coordinates>
          73.7167223,20.0110069,0
        </coordinates>
      </Point>
    </Placemark>
    <Placemark>
      <name>Serene Health Clinic - Dr Rahul Kekan - Consultant Physician and Diabetologist</name>
      <description><![CDATA[Description: <br>address: <br>phoneNumber: <br>Coordinates: 73.7387376,20.0079648<br>Category: hospital<br>Address: Prabhu's Atlantis Building, 3, Gangapur Rd, Rameshwar Nagar, Serene Meadows, Anandvalli, Nashik, Maharashtra 422013, India<br>Latitude: 20.0079648<br>Longitude: 73.7387376<br>Rating: 5<br>Place_ID: ChIJOQfslE3t3TsRP7yVOwc3evY<br>Distance_m: 1287]]></description>
      <styleUrl>#icon-1899-1A237E</styleUrl>
      <ExtendedData>
        <Data name="Description">
          <value/>
        </Data>
        <Data name="address">
          <value/>
        </Data>
        <Data name="phoneNumber">
          <value/>
        </Data>
        <Data name="Coordinates">
          <value>73.7387376,20.0079648</value>
        </Data>
        <Data name="Category">
          <value>hospital</value>
        </Data>
        <Data name="Address">
          <value><![CDATA[Prabhu's Atlantis Building, 3, Gangapur Rd, Rameshwar Nagar, Serene Meadows, Anandvalli, Nashik, Maharashtra 422013, India]]></value>
        </Data>
        <Data name="Latitude">
          <value>20.0079648</value>
        </Data>
        <Data name="Longitude">
          <value>73.7387376</value>
        </Data>
        <Data name="Rating">
          <value>5.0</value>
        </Data>
        <Data name="Place_ID">
          <value>ChIJOQfslE3t3TsRP7yVOwc3evY</value>
        </Data>
        <Data name="Distance_m">
          <value>1287.0</value>
        </Data>
      </ExtendedData>
      <Point>
        <coordinates>
          73.7387376,20.0079648,0
        </coordinates>
      </Point>
    </Placemark>
    <Placemark>
      <name>Shree Siddhivinayak Clinic</name>
      <description><![CDATA[Description: <br>address: <br>phoneNumber: <br>Coordinates: 73.7158448,20.0169463<br>Category: hospital<br>Address: Gajanan Row banglow No1 ,Shivshakti colony, link road, opp. to motiwala college, Dhruv Nagar, Shivaji Nagar, Satpur Colony, Nashik, Maharashtra 422012, India<br>Latitude: 20.0169463<br>Longitude: 73.7158448<br>Rating: 5<br>Place_ID: ChIJucvWmKft3TsRj7VEwTtjvV8<br>Distance_m: 2256]]></description>
      <styleUrl>#icon-1899-1A237E</styleUrl>
      <ExtendedData>
        <Data name="Description">
          <value/>
        </Data>
        <Data name="address">
          <value/>
        </Data>
        <Data name="phoneNumber">
          <value/>
        </Data>
        <Data name="Coordinates">
          <value>73.7158448,20.0169463</value>
        </Data>
        <Data name="Category">
          <value>hospital</value>
        </Data>
        <Data name="Address">
          <value>Gajanan Row banglow No1 ,Shivshakti colony, link road, opp. to motiwala college, Dhruv Nagar, Shivaji Nagar, Satpur Colony, Nashik, Maharashtra 422012, India</value>
        </Data>
        <Data name="Latitude">
          <value>20.0169463</value>
        </Data>
        <Data name="Longitude">
          <value>73.7158448</value>
        </Data>
        <Data name="Rating">
          <value>5.0</value>
        </Data>
        <Data name="Place_ID">
          <value>ChIJucvWmKft3TsRj7VEwTtjvV8</value>
        </Data>
        <Data name="Distance_m">
          <value>2256.0</value>
        </Data>
      </ExtendedData>
      <Point>
        <coordinates>
          73.7158448,20.0169463,0
        </coordinates>
      </Point>
    </Placemark>
    <Placemark>
      <name>Clinic</name>
      <description><![CDATA[Description: <br>address: <br>phoneNumber: <br>Coordinates: 73.7430267,20.0130755<br>Category: medical_clinic<br>Address: Gangapur Rd, near Chopda lawns, Navshya Ganapati Parisar, Ganpati Nagar, Anandvalli, Nashik, Maharashtra 422013, India<br>Latitude: 20.0130755<br>Longitude: 73.7430267<br>Rating: 5<br>Place_ID: ChIJ42ggdJjr3TsR4A9u64nrXJ4<br>Distance_m: 756]]></description>
      <styleUrl>#icon-1899-1A237E</styleUrl>
      <ExtendedData>
        <Data name="Description">
          <value/>
        </Data>
        <Data name="address">
          <value/>
        </Data>
        <Data name="phoneNumber">
          <value/>
        </Data>
        <Data name="Coordinates">
          <value>73.7430267,20.0130755</value>
        </Data>
        <Data name="Category">
          <value>medical_clinic</value>
        </Data>
        <Data name="Address">
          <value>Gangapur Rd, near Chopda lawns, Navshya Ganapati Parisar, Ganpati Nagar, Anandvalli, Nashik, Maharashtra 422013, India</value>
        </Data>
        <Data name="Latitude">
          <value>20.0130755</value>
        </Data>
        <Data name="Longitude">
          <value>73.7430267</value>
        </Data>
        <Data name="Rating">
          <value>5.0</value>
        </Data>
        <Data name="Place_ID">
          <value>ChIJ42ggdJjr3TsR4A9u64nrXJ4</value>
        </Data>
        <Data name="Distance_m">
          <value>756.0</value>
        </Data>
      </ExtendedData>
      <Point>
        <coordinates>
          73.7430267,20.0130755,0
        </coordinates>
      </Point>
    </Placemark>
    <Placemark>
      <name><![CDATA[Saudagar's Homoeopathy Clinic]]></name>
      <description><![CDATA[Description: <br>address: <br>phoneNumber: <br>Coordinates: 73.7505493,20.0125007<br>Category: medical_clinic<br>Address: Dj avanti Appartment, First floor, Gangapur Rd, beside Bharat Petrolium, Chintamani Colony, Anand Vihar Colony, Savarkar Nagar, Nashik, Maharashtra 422013, India<br>Latitude: 20.0125007<br>Longitude: 73.7505493<br>Rating: 4.8<br>Place_ID: ChIJ79ONxH7s3TsRjYz709VpmgI<br>Distance_m: 49]]></description>
      <styleUrl>#icon-1899-1A237E</styleUrl>
      <ExtendedData>
        <Data name="Description">
          <value/>
        </Data>
        <Data name="address">
          <value/>
        </Data>
        <Data name="phoneNumber">
          <value/>
        </Data>
        <Data name="Coordinates">
          <value>73.7505493,20.0125007</value>
        </Data>
        <Data name="Category">
          <value>medical_clinic</value>
        </Data>
        <Data name="Address">
          <value>Dj avanti Appartment, First floor, Gangapur Rd, beside Bharat Petrolium, Chintamani Colony, Anand Vihar Colony, Savarkar Nagar, Nashik, Maharashtra 422013, India</value>
        </Data>
        <Data name="Latitude">
          <value>20.0125007</value>
        </Data>
        <Data name="Longitude">
          <value>73.7505493</value>
        </Data>
        <Data name="Rating">
          <value>4.8</value>
        </Data>
        <Data name="Place_ID">
          <value>ChIJ79ONxH7s3TsRjYz709VpmgI</value>
        </Data>
        <Data name="Distance_m">
          <value>49.0</value>
        </Data>
      </ExtendedData>
      <Point>
        <coordinates>
          73.7505493,20.0125007,0
        </coordinates>
      </Point>
    </Placemark>
    <Placemark>
      <name>Matoshri Clinic</name>
      <description><![CDATA[Description: <br>address: <br>phoneNumber: <br>Coordinates: 73.7173777,20.016066<br>Category: medical_clinic<br>Address: Gangapur - Satpur Link Rd, Dhruv Nagar, Dhurav Nagar, Satpur Colony, Nashik, Maharashtra 422012, India<br>Latitude: 20.016066<br>Longitude: 73.7173777<br>Rating: 5<br>Place_ID: ChIJ3dlRql3t3TsRbDZazn6BHEs<br>Distance_m: 2230]]></description>
      <styleUrl>#icon-1899-1A237E</styleUrl>
      <ExtendedData>
        <Data name="Description">
          <value/>
        </Data>
        <Data name="address">
          <value/>
        </Data>
        <Data name="phoneNumber">
          <value/>
        </Data>
        <Data name="Coordinates">
          <value>73.7173777,20.016066</value>
        </Data>
        <Data name="Category">
          <value>medical_clinic</value>
        </Data>
        <Data name="Address">
          <value>Gangapur - Satpur Link Rd, Dhruv Nagar, Dhurav Nagar, Satpur Colony, Nashik, Maharashtra 422012, India</value>
        </Data>
        <Data name="Latitude">
          <value>20.016066</value>
        </Data>
        <Data name="Longitude">
          <value>73.7173777</value>
        </Data>
        <Data name="Rating">
          <value>5.0</value>
        </Data>
        <Data name="Place_ID">
          <value>ChIJ3dlRql3t3TsRbDZazn6BHEs</value>
        </Data>
        <Data name="Distance_m">
          <value>2230.0</value>
        </Data>
      </ExtendedData>
      <Point>
        <coordinates>
          73.7173777,20.016066,0
        </coordinates>
      </Point>
    </Placemark>
    <Placemark>
      <name>Sai Clinic</name>
      <description><![CDATA[Description: <br>address: <br>phoneNumber: <br>Coordinates: 73.7137331,20.007921<br>Category: medical_clinic<br>Address: Savdhan Housing Society, P-37, Dhurav Nagar, Satpur Colony, Nashik, Maharashtra 422012, India<br>Latitude: 20.007921<br>Longitude: 73.7137331<br>Rating: <br>Place_ID: ChIJNwWoOO7t3TsRTuA55_Gmiyc<br>Distance_m: 1984]]></description>
      <styleUrl>#icon-1899-1A237E</styleUrl>
      <ExtendedData>
        <Data name="Description">
          <value/>
        </Data>
        <Data name="address">
          <value/>
        </Data>
        <Data name="phoneNumber">
          <value/>
        </Data>
        <Data name="Coordinates">
          <value>73.7137331,20.007921</value>
        </Data>
        <Data name="Category">
          <value>medical_clinic</value>
        </Data>
        <Data name="Address">
          <value>Savdhan Housing Society, P-37, Dhurav Nagar, Satpur Colony, Nashik, Maharashtra 422012, India</value>
        </Data>
        <Data name="Latitude">
          <value>20.007921</value>
        </Data>
        <Data name="Longitude">
          <value>73.7137331</value>
        </Data>
        <Data name="Rating">
          <value/>
        </Data>
        <Data name="Place_ID">
          <value>ChIJNwWoOO7t3TsRTuA55_Gmiyc</value>
        </Data>
        <Data name="Distance_m">
          <value>1984.0</value>
        </Data>
      </ExtendedData>
      <Point>
        <coordinates>
          73.7137331,20.007921,0
        </coordinates>
      </Point>
    </Placemark>
    <Placemark>
      <name>Seva clinic</name>
      <description><![CDATA[Description: <br>address: <br>phoneNumber: <br>Coordinates: 73.7225564,20.0142478<br>Category: medical_clinic<br>Address: 2P7F+M2V, Dhruv Nagar, Kale Nagar, Dhurav Nagar, Satpur Colony, Nashik, Maharashtra 422012, India<br>Latitude: 20.0142478<br>Longitude: 73.7225564<br>Rating: 5<br>Place_ID: ChIJvT6bFwDt3TsRV5jC57HBtV8<br>Distance_m: 1751]]></description>
      <styleUrl>#icon-1899-1A237E</styleUrl>
      <ExtendedData>
        <Data name="Description">
          <value/>
        </Data>
        <Data name="address">
          <value/>
        </Data>
        <Data name="phoneNumber">
          <value/>
        </Data>
        <Data name="Coordinates">
          <value>73.7225564,20.0142478</value>
        </Data>
        <Data name="Category">
          <value>medical_clinic</value>
        </Data>
        <Data name="Address">
          <value>2P7F+M2V, Dhruv Nagar, Kale Nagar, Dhurav Nagar, Satpur Colony, Nashik, Maharashtra 422012, India</value>
        </Data>
        <Data name="Latitude">
          <value>20.0142478</value>
        </Data>
        <Data name="Longitude">
          <value>73.7225564</value>
        </Data>
        <Data name="Rating">
          <value>5.0</value>
        </Data>
        <Data name="Place_ID">
          <value>ChIJvT6bFwDt3TsRV5jC57HBtV8</value>
        </Data>
        <Data name="Distance_m">
          <value>1751.0</value>
        </Data>
      </ExtendedData>
      <Point>
        <coordinates>
          73.7225564,20.0142478,0
        </coordinates>
      </Point>
    </Placemark>
    <Placemark>
      <name>GURUKRUPA CLINIC</name>
      <description><![CDATA[Description: <br>address: <br>phoneNumber: <br>Coordinates: 73.7813086,20.0482658<br>Category: doctor<br>Address: Shop No. 02, ShreeRaj Vihar, 417/60, behind WaterTank, Swami Vivekananda Nagar, Makhmalabad, Nashik, Maharashtra 422003, India<br>Latitude: 20.0482658<br>Longitude: 73.7813086<br>Rating: 5<br>Place_ID: ChIJD5XjA_Tp3TsR8gE6dfONFB0<br>Distance_m: 2183]]></description>
      <styleUrl>#icon-1899-1A237E</styleUrl>
      <ExtendedData>
        <Data name="Description">
          <value/>
        </Data>
        <Data name="address">
          <value/>
        </Data>
        <Data name="phoneNumber">
          <value/>
        </Data>
        <Data name="Coordinates">
          <value>73.7813086,20.0482658</value>
        </Data>
        <Data name="Category">
          <value>doctor</value>
        </Data>
        <Data name="Address">
          <value>Shop No. 02, ShreeRaj Vihar, 417/60, behind WaterTank, Swami Vivekananda Nagar, Makhmalabad, Nashik, Maharashtra 422003, India</value>
        </Data>
        <Data name="Latitude">
          <value>20.0482658</value>
        </Data>
        <Data name="Longitude">
          <value>73.7813086</value>
        </Data>
        <Data name="Rating">
          <value>5.0</value>
        </Data>
        <Data name="Place_ID">
          <value>ChIJD5XjA_Tp3TsR8gE6dfONFB0</value>
        </Data>
        <Data name="Distance_m">
          <value>2183.0</value>
        </Data>
      </ExtendedData>
      <Point>
        <coordinates>
          73.7813086,20.0482658,0
        </coordinates>
      </Point>
    </Placemark>
    <Placemark>
      <name>VARAD CLINIC</name>
      <description><![CDATA[Description: <br>address: <br>phoneNumber: <br>Coordinates: 73.7784629,20.0377626<br>Category: doctor<br>Address: Shop No 1 Ekvira Banglow, Shanti Nagar, Makhmalabad, Nashik, Maharashtra 422003, India<br>Latitude: 20.0377626<br>Longitude: 73.7784629<br>Rating: 5<br>Place_ID: ChIJp7AHX4Xr3TsRW9M8ly-8j-0<br>Distance_m: 1076]]></description>
      <styleUrl>#icon-1899-1A237E</styleUrl>
      <ExtendedData>
        <Data name="Description">
          <value/>
        </Data>
        <Data name="address">
          <value/>
        </Data>
        <Data name="phoneNumber">
          <value/>
        </Data>
        <Data name="Coordinates">
          <value>73.7784629,20.0377626</value>
        </Data>
        <Data name="Category">
          <value>doctor</value>
        </Data>
        <Data name="Address">
          <value>Shop No 1 Ekvira Banglow, Shanti Nagar, Makhmalabad, Nashik, Maharashtra 422003, India</value>
        </Data>
        <Data name="Latitude">
          <value>20.0377626</value>
        </Data>
        <Data name="Longitude">
          <value>73.7784629</value>
        </Data>
        <Data name="Rating">
          <value>5.0</value>
        </Data>
        <Data name="Place_ID">
          <value>ChIJp7AHX4Xr3TsRW9M8ly-8j-0</value>
        </Data>
        <Data name="Distance_m">
          <value>1076.0</value>
        </Data>
      </ExtendedData>
      <Point>
        <coordinates>
          73.7784629,20.0377626,0
        </coordinates>
      </Point>
    </Placemark>
    <Placemark>
      <name>SHREE SAI CLINIC</name>
      <description><![CDATA[Description: <br>address: <br>phoneNumber: <br>Coordinates: 73.7839366,20.0292182<br>Category: doctor<br>Address: Shop No.7, Indupride Apartment, Makhmalabad Rd, Vidya Nagar, Ghadge Nagar, Makhmalabad, Nashik, Maharashtra 422003, India<br>Latitude: 20.0292182<br>Longitude: 73.7839366<br>Rating: 5<br>Place_ID: ChIJQxDerr3r3TsRjw3f7OAyPo4<br>Distance_m: 1392]]></description>
      <styleUrl>#icon-1899-1A237E</styleUrl>
      <ExtendedData>
        <Data name="Description">
          <value/>
        </Data>
        <Data name="address">
          <value/>
        </Data>
        <Data name="phoneNumber">
          <value/>
        </Data>
        <Data name="Coordinates">
          <value>73.7839366,20.0292182</value>
        </Data>
        <Data name="Category">
          <value>doctor</value>
        </Data>
        <Data name="Address">
          <value>Shop No.7, Indupride Apartment, Makhmalabad Rd, Vidya Nagar, Ghadge Nagar, Makhmalabad, Nashik, Maharashtra 422003, India</value>
        </Data>
        <Data name="Latitude">
          <value>20.0292182</value>
        </Data>
        <Data name="Longitude">
          <value>73.7839366</value>
        </Data>
        <Data name="Rating">
          <value>5.0</value>
        </Data>
        <Data name="Place_ID">
          <value>ChIJQxDerr3r3TsRjw3f7OAyPo4</value>
        </Data>
        <Data name="Distance_m">
          <value>1392.0</value>
        </Data>
      </ExtendedData>
      <Point>
        <coordinates>
          73.7839366,20.0292182,0
        </coordinates>
      </Point>
    </Placemark>
    <Placemark>
      <name><![CDATA[Atharv Clinic & Wellness centre]]></name>
      <description><![CDATA[Description: <br>address: <br>phoneNumber: <br>Coordinates: 73.78471,20.0420068<br>Category: doctor<br>Address: S. No.7, Ramkrishna Ngr, Shanti Ngr, Makhmalabad Rd, Panchvati, Makhmalabad, Nashik, Maharashtra 422003, India<br>Latitude: 20.0420068<br>Longitude: 73.78471<br>Rating: 4.9<br>Place_ID: ChIJZ0lFmx_r3TsRmqxKRVjs_jU<br>Distance_m: 1879]]></description>
      <styleUrl>#icon-1899-1A237E</styleUrl>
      <ExtendedData>
        <Data name="Description">
          <value/>
        </Data>
        <Data name="address">
          <value/>
        </Data>
        <Data name="phoneNumber">
          <value/>
        </Data>
        <Data name="Coordinates">
          <value>73.78471,20.0420068</value>
        </Data>
        <Data name="Category">
          <value>doctor</value>
        </Data>
        <Data name="Address">
          <value>S. No.7, Ramkrishna Ngr, Shanti Ngr, Makhmalabad Rd, Panchvati, Makhmalabad, Nashik, Maharashtra 422003, India</value>
        </Data>
        <Data name="Latitude">
          <value>20.0420068</value>
        </Data>
        <Data name="Longitude">
          <value>73.78471</value>
        </Data>
        <Data name="Rating">
          <value>4.9</value>
        </Data>
        <Data name="Place_ID">
          <value>ChIJZ0lFmx_r3TsRmqxKRVjs_jU</value>
        </Data>
        <Data name="Distance_m">
          <value>1879.0</value>
        </Data>
      </ExtendedData>
      <Point>
        <coordinates>
          73.78471,20.0420068,0
        </coordinates>
      </Point>
    </Placemark>
    <Placemark>
      <name>Shrutika Clinic</name>
      <description><![CDATA[Description: <br>address: <br>phoneNumber: <br>Coordinates: 73.7909912,20.0452313<br>Category: doctor<br>Address: Shop No 9, Shrutika Clinic, Khushi Residency, Swami Vivekananda Nagar, Ashwamegh Nagar, Makhamalabad, Nashik, Maharashtra 422003, India<br>Latitude: 20.0452313<br>Longitude: 73.7909912<br>Rating: 5<br>Place_ID: ChIJqwg6VZHr3TsRs85IJxGbCl0<br>Distance_m: 2617]]></description>
      <styleUrl>#icon-1899-1A237E</styleUrl>
      <ExtendedData>
        <Data name="Description">
          <value/>
        </Data>
        <Data name="address">
          <value/>
        </Data>
        <Data name="phoneNumber">
          <value/>
        </Data>
        <Data name="Coordinates">
          <value>73.7909912,20.0452313</value>
        </Data>
        <Data name="Category">
          <value>doctor</value>
        </Data>
        <Data name="Address">
          <value>Shop No 9, Shrutika Clinic, Khushi Residency, Swami Vivekananda Nagar, Ashwamegh Nagar, Makhamalabad, Nashik, Maharashtra 422003, India</value>
        </Data>
        <Data name="Latitude">
          <value>20.0452313</value>
        </Data>
        <Data name="Longitude">
          <value>73.7909912</value>
        </Data>
        <Data name="Rating">
          <value>5.0</value>
        </Data>
        <Data name="Place_ID">
          <value>ChIJqwg6VZHr3TsRs85IJxGbCl0</value>
        </Data>
        <Data name="Distance_m">
          <value>2617.0</value>
        </Data>
      </ExtendedData>
      <Point>
        <coordinates>
          73.7909912,20.0452313,0
        </coordinates>
      </Point>
    </Placemark>
    <Placemark>
      <name>Dr. Vaibhav Godse Clinic in Nashik</name>
      <description><![CDATA[Description: <br>address: <br>phoneNumber: <br>Coordinates: 73.7805178,20.0438766<br>Category: health<br>Address: Shraddha Park, Makhmalabad Rd, shantinagar, Makhmalabad, Nashik, Maharashtra 422003, India<br>Latitude: 20.0438766<br>Longitude: 73.7805178<br>Rating: 5<br>Place_ID: ChIJmSgAyKvr3TsRaRv-sNFaGGA<br>Distance_m: 1728]]></description>
      <styleUrl>#icon-1899-1A237E</styleUrl>
      <ExtendedData>
        <Data name="Description">
          <value/>
        </Data>
        <Data name="address">
          <value/>
        </Data>
        <Data name="phoneNumber">
          <value/>
        </Data>
        <Data name="Coordinates">
          <value>73.7805178,20.0438766</value>
        </Data>
        <Data name="Category">
          <value>health</value>
        </Data>
        <Data name="Address">
          <value>Shraddha Park, Makhmalabad Rd, shantinagar, Makhmalabad, Nashik, Maharashtra 422003, India</value>
        </Data>
        <Data name="Latitude">
          <value>20.0438766</value>
        </Data>
        <Data name="Longitude">
          <value>73.7805178</value>
        </Data>
        <Data name="Rating">
          <value>5.0</value>
        </Data>
        <Data name="Place_ID">
          <value>ChIJmSgAyKvr3TsRaRv-sNFaGGA</value>
        </Data>
        <Data name="Distance_m">
          <value>1728.0</value>
        </Data>
      </ExtendedData>
      <Point>
        <coordinates>
          73.7805178,20.0438766,0
        </coordinates>
      </Point>
    </Placemark>
    <Placemark>
      <name><![CDATA[Sai Shraddha Clinic & Medical]]></name>
      <description><![CDATA[Description: <br>address: <br>phoneNumber: <br>Coordinates: 73.7838647,20.0288245<br>Category: hospital<br>Address: Dattaraj Apartment, Makhmalabad Rd, near canal,Bhoir mala, Vidya Nagar, Ghadge Nagar, Panchavati, Nashik, Maharashtra 422003, India<br>Latitude: 20.0288245<br>Longitude: 73.7838647<br>Rating: 5<br>Place_ID: ChIJE61nYQDr3TsRPuIKuWlv1as<br>Distance_m: 1392]]></description>
      <styleUrl>#icon-1899-1A237E</styleUrl>
      <ExtendedData>
        <Data name="Description">
          <value/>
        </Data>
        <Data name="address">
          <value/>
        </Data>
        <Data name="phoneNumber">
          <value/>
        </Data>
        <Data name="Coordinates">
          <value>73.7838647,20.0288245</value>
        </Data>
        <Data name="Category">
          <value>hospital</value>
        </Data>
        <Data name="Address">
          <value>Dattaraj Apartment, Makhmalabad Rd, near canal,Bhoir mala, Vidya Nagar, Ghadge Nagar, Panchavati, Nashik, Maharashtra 422003, India</value>
        </Data>
        <Data name="Latitude">
          <value>20.0288245</value>
        </Data>
        <Data name="Longitude">
          <value>73.7838647</value>
        </Data>
        <Data name="Rating">
          <value>5.0</value>
        </Data>
        <Data name="Place_ID">
          <value>ChIJE61nYQDr3TsRPuIKuWlv1as</value>
        </Data>
        <Data name="Distance_m">
          <value>1392.0</value>
        </Data>
      </ExtendedData>
      <Point>
        <coordinates>
          73.7838647,20.0288245,0
        </coordinates>
      </Point>
    </Placemark>
    <Placemark>
      <name>Sankalp Clinic</name>
      <description><![CDATA[Description: <br>address: <br>phoneNumber: <br>Coordinates: 73.7856803,20.0480998<br>Category: hospital<br>Address: Peth Rd, Swami Vivekananda Nagar, Makhmalabad, Nashik, Maharashtra 422003, India<br>Latitude: 20.0480998<br>Longitude: 73.7856803<br>Rating: 5<br>Place_ID: ChIJ7XB8hLfp3TsRD6yWEkGweFE<br>Distance_m: 2430]]></description>
      <styleUrl>#icon-1899-1A237E</styleUrl>
      <ExtendedData>
        <Data name="Description">
          <value/>
        </Data>
        <Data name="address">
          <value/>
        </Data>
        <Data name="phoneNumber">
          <value/>
        </Data>
        <Data name="Coordinates">
          <value>73.7856803,20.0480998</value>
        </Data>
        <Data name="Category">
          <value>hospital</value>
        </Data>
        <Data name="Address">
          <value>Peth Rd, Swami Vivekananda Nagar, Makhmalabad, Nashik, Maharashtra 422003, India</value>
        </Data>
        <Data name="Latitude">
          <value>20.0480998</value>
        </Data>
        <Data name="Longitude">
          <value>73.7856803</value>
        </Data>
        <Data name="Rating">
          <value>5.0</value>
        </Data>
        <Data name="Place_ID">
          <value>ChIJ7XB8hLfp3TsRD6yWEkGweFE</value>
        </Data>
        <Data name="Distance_m">
          <value>2430.0</value>
        </Data>
      </ExtendedData>
      <Point>
        <coordinates>
          73.7856803,20.0480998,0
        </coordinates>
      </Point>
    </Placemark>
    <Placemark>
      <name>Varad Clinic</name>
      <description><![CDATA[Description: <br>address: <br>phoneNumber: <br>Coordinates: 73.7856526,20.0481164<br>Category: medical_clinic<br>Address: Shop No 3, 2QXP+673, Swami Vivekananda Nagar, Makhmalabad, Nashik, Maharashtra 422003, India<br>Latitude: 20.0481164<br>Longitude: 73.7856526<br>Rating: <br>Place_ID: ChIJBRr_DgDp3TsR4JZ1z386ey4<br>Distance_m: 2430]]></description>
      <styleUrl>#icon-1899-1A237E</styleUrl>
      <ExtendedData>
        <Data name="Description">
          <value/>
        </Data>
        <Data name="address">
          <value/>
        </Data>
        <Data name="phoneNumber">
          <value/>
        </Data>
        <Data name="Coordinates">
          <value>73.7856526,20.0481164</value>
        </Data>
        <Data name="Category">
          <value>medical_clinic</value>
        </Data>
        <Data name="Address">
          <value>Shop No 3, 2QXP+673, Swami Vivekananda Nagar, Makhmalabad, Nashik, Maharashtra 422003, India</value>
        </Data>
        <Data name="Latitude">
          <value>20.0481164</value>
        </Data>
        <Data name="Longitude">
          <value>73.7856526</value>
        </Data>
        <Data name="Rating">
          <value/>
        </Data>
        <Data name="Place_ID">
          <value>ChIJBRr_DgDp3TsR4JZ1z386ey4</value>
        </Data>
        <Data name="Distance_m">
          <value>2430.0</value>
        </Data>
      </ExtendedData>
      <Point>
        <coordinates>
          73.7856526,20.0481164,0
        </coordinates>
      </Point>
    </Placemark>
    <Placemark>
      <name>Shree Swami Clinic</name>
      <description><![CDATA[Description: <br>address: <br>phoneNumber: <br>Coordinates: 73.781514,20.0393389<br>Category: medical_clinic<br>Address: Shop no.2, Dwarkadish apartment, road, opposite Gas godown, Shanti Nagar, Ashwamegh Nagar, Makhmalabad, Nashik, Maharashtra 422003, India<br>Latitude: 20.0393389<br>Longitude: 73.781514<br>Rating: 5<br>Place_ID: ChIJLYJDrizr3TsRHnVflsdaP-k<br>Distance_m: 1432]]></description>
      <styleUrl>#icon-1899-1A237E</styleUrl>
      <ExtendedData>
        <Data name="Description">
          <value/>
        </Data>
        <Data name="address">
          <value/>
        </Data>
        <Data name="phoneNumber">
          <value/>
        </Data>
        <Data name="Coordinates">
          <value>73.781514,20.0393389</value>
        </Data>
        <Data name="Category">
          <value>medical_clinic</value>
        </Data>
        <Data name="Address">
          <value>Shop no.2, Dwarkadish apartment, road, opposite Gas godown, Shanti Nagar, Ashwamegh Nagar, Makhmalabad, Nashik, Maharashtra 422003, India</value>
        </Data>
        <Data name="Latitude">
          <value>20.0393389</value>
        </Data>
        <Data name="Longitude">
          <value>73.781514</value>
        </Data>
        <Data name="Rating">
          <value>5.0</value>
        </Data>
        <Data name="Place_ID">
          <value>ChIJLYJDrizr3TsRHnVflsdaP-k</value>
        </Data>
        <Data name="Distance_m">
          <value>1432.0</value>
        </Data>
      </ExtendedData>
      <Point>
        <coordinates>
          73.781514,20.0393389,0
        </coordinates>
      </Point>
    </Placemark>
    <Placemark>
      <name>Shree Swami Clinic Dr Aher</name>
      <description><![CDATA[Description: <br>address: <br>phoneNumber: <br>Coordinates: 73.7825638,20.04029<br>Category: medical_clinic<br>Address: Flat no 102, B wing,Prathamesh Park,Tambe Mala,Makhamalabad, Road, Ashwamegh Nagar, Panchavati, Nashik, Maharashtra 422003, India<br>Latitude: 20.04029<br>Longitude: 73.7825638<br>Rating: 5<br>Place_ID: ChIJ0UiKQJLr3TsRVq9ogBRbe84<br>Distance_m: 1584]]></description>
      <styleUrl>#icon-1899-1A237E</styleUrl>
      <ExtendedData>
        <Data name="Description">
          <value/>
        </Data>
        <Data name="address">
          <value/>
        </Data>
        <Data name="phoneNumber">
          <value/>
        </Data>
        <Data name="Coordinates">
          <value>73.7825638,20.04029</value>
        </Data>
        <Data name="Category">
          <value>medical_clinic</value>
        </Data>
        <Data name="Address">
          <value>Flat no 102, B wing,Prathamesh Park,Tambe Mala,Makhamalabad, Road, Ashwamegh Nagar, Panchavati, Nashik, Maharashtra 422003, India</value>
        </Data>
        <Data name="Latitude">
          <value>20.04029</value>
        </Data>
        <Data name="Longitude">
          <value>73.7825638</value>
        </Data>
        <Data name="Rating">
          <value>5.0</value>
        </Data>
        <Data name="Place_ID">
          <value>ChIJ0UiKQJLr3TsRVq9ogBRbe84</value>
        </Data>
        <Data name="Distance_m">
          <value>1584.0</value>
        </Data>
      </ExtendedData>
      <Point>
        <coordinates>
          73.7825638,20.04029,0
        </coordinates>
      </Point>
    </Placemark>
    <Placemark>
      <name>Dr. Bhavsar Clinic</name>
      <description><![CDATA[Description: <br>address: <br>phoneNumber: <br>Coordinates: 73.8340943,19.9444474<br>Category: doctor<br>Address: 8, Lam Rd, Devlali Gaon, Devlali, Nashik, Maharashtra 422101, India<br>Latitude: 19.9444474<br>Longitude: 73.8340943<br>Rating: 5<br>Place_ID: ChIJmf6hs1uV3TsROOX3MPAu3S8<br>Distance_m: 1585]]></description>
      <styleUrl>#icon-1899-1A237E</styleUrl>
      <ExtendedData>
        <Data name="Description">
          <value/>
        </Data>
        <Data name="address">
          <value/>
        </Data>
        <Data name="phoneNumber">
          <value/>
        </Data>
        <Data name="Coordinates">
          <value>73.8340943,19.9444474</value>
        </Data>
        <Data name="Category">
          <value>doctor</value>
        </Data>
        <Data name="Address">
          <value>8, Lam Rd, Devlali Gaon, Devlali, Nashik, Maharashtra 422101, India</value>
        </Data>
        <Data name="Latitude">
          <value>19.9444474</value>
        </Data>
        <Data name="Longitude">
          <value>73.8340943</value>
        </Data>
        <Data name="Rating">
          <value>5.0</value>
        </Data>
        <Data name="Place_ID">
          <value>ChIJmf6hs1uV3TsROOX3MPAu3S8</value>
        </Data>
        <Data name="Distance_m">
          <value>1585.0</value>
        </Data>
      </ExtendedData>
      <Point>
        <coordinates>
          73.8340943,19.9444474,0
        </coordinates>
      </Point>
    </Placemark>
    <Placemark>
      <name>Tamboli clinic</name>
      <description><![CDATA[Description: <br>address: <br>phoneNumber: <br>Coordinates: 73.8343521,19.9362774<br>Category: doctor<br>Address: WRPM+GP9, Lam Rd, Vihitgaon, Nashik, Maharashtra 422401, India<br>Latitude: 19.9362774<br>Longitude: 73.8343521<br>Rating: 4.9<br>Place_ID: ChIJkUSfi12V3TsRpXIi9kBFT3Y<br>Distance_m: 857]]></description>
      <styleUrl>#icon-1899-1A237E</styleUrl>
      <ExtendedData>
        <Data name="Description">
          <value/>
        </Data>
        <Data name="address">
          <value/>
        </Data>
        <Data name="phoneNumber">
          <value/>
        </Data>
        <Data name="Coordinates">
          <value>73.8343521,19.9362774</value>
        </Data>
        <Data name="Category">
          <value>doctor</value>
        </Data>
        <Data name="Address">
          <value>WRPM+GP9, Lam Rd, Vihitgaon, Nashik, Maharashtra 422401, India</value>
        </Data>
        <Data name="Latitude">
          <value>19.9362774</value>
        </Data>
        <Data name="Longitude">
          <value>73.8343521</value>
        </Data>
        <Data name="Rating">
          <value>4.9</value>
        </Data>
        <Data name="Place_ID">
          <value>ChIJkUSfi12V3TsRpXIi9kBFT3Y</value>
        </Data>
        <Data name="Distance_m">
          <value>857.0</value>
        </Data>
      </ExtendedData>
      <Point>
        <coordinates>
          73.8343521,19.9362774,0
        </coordinates>
      </Point>
    </Placemark>
    <Placemark>
      <name>Khadija Clinic</name>
      <description><![CDATA[Description: <br>address: <br>phoneNumber: <br>Coordinates: 73.8357053,19.9425662<br>Category: doctor<br>Address: Shop No.1 Vehitgaon, Road, Nashik Road, Nashik, Maharashtra 422101, India<br>Latitude: 19.9425662<br>Longitude: 73.8357053<br>Rating: 4.5<br>Place_ID: ChIJB5bws8qV3TsRNLUORvDj6Pg<br>Distance_m: 1480]]></description>
      <styleUrl>#icon-1899-1A237E</styleUrl>
      <ExtendedData>
        <Data name="Description">
          <value/>
        </Data>
        <Data name="address">
          <value/>
        </Data>
        <Data name="phoneNumber">
          <value/>
        </Data>
        <Data name="Coordinates">
          <value>73.8357053,19.9425662</value>
        </Data>
        <Data name="Category">
          <value>doctor</value>
        </Data>
        <Data name="Address">
          <value>Shop No.1 Vehitgaon, Road, Nashik Road, Nashik, Maharashtra 422101, India</value>
        </Data>
        <Data name="Latitude">
          <value>19.9425662</value>
        </Data>
        <Data name="Longitude">
          <value>73.8357053</value>
        </Data>
        <Data name="Rating">
          <value>4.5</value>
        </Data>
        <Data name="Place_ID">
          <value>ChIJB5bws8qV3TsRNLUORvDj6Pg</value>
        </Data>
        <Data name="Distance_m">
          <value>1480.0</value>
        </Data>
      </ExtendedData>
      <Point>
        <coordinates>
          73.8357053,19.9425662,0
        </coordinates>
      </Point>
    </Placemark>
    <Placemark>
      <name>Anand Clinic</name>
      <description><![CDATA[Description: <br>address: <br>phoneNumber: <br>Coordinates: 73.8260811,19.9473942<br>Category: medical_clinic<br>Address: Artillery Centre Rd, Aute Nagar, Gandhi Nagar Airport Area, Nashik Road, Nashik, Maharashtra 422102, India<br>Latitude: 19.9473942<br>Longitude: 73.8260811<br>Rating: 5<br>Place_ID: ChIJw4TmZU-V3TsRtLS7mtOfmU4<br>Distance_m: 1790]]></description>
      <styleUrl>#icon-1899-1A237E</styleUrl>
      <ExtendedData>
        <Data name="Description">
          <value/>
        </Data>
        <Data name="address">
          <value/>
        </Data>
        <Data name="phoneNumber">
          <value/>
        </Data>
        <Data name="Coordinates">
          <value>73.8260811,19.9473942</value>
        </Data>
        <Data name="Category">
          <value>medical_clinic</value>
        </Data>
        <Data name="Address">
          <value>Artillery Centre Rd, Aute Nagar, Gandhi Nagar Airport Area, Nashik Road, Nashik, Maharashtra 422102, India</value>
        </Data>
        <Data name="Latitude">
          <value>19.9473942</value>
        </Data>
        <Data name="Longitude">
          <value>73.8260811</value>
        </Data>
        <Data name="Rating">
          <value>5.0</value>
        </Data>
        <Data name="Place_ID">
          <value>ChIJw4TmZU-V3TsRtLS7mtOfmU4</value>
        </Data>
        <Data name="Distance_m">
          <value>1790.0</value>
        </Data>
      </ExtendedData>
      <Point>
        <coordinates>
          73.8260811,19.9473942,0
        </coordinates>
      </Point>
    </Placemark>
    <Placemark>
      <name>DR PRAMOD GOVINDRAO PATIL NASHIK ROAD CLINIC</name>
      <description><![CDATA[Description: <br>address: <br>phoneNumber: <br>Coordinates: 73.8282155,19.9465618<br>Category: medical_clinic<br>Address: WRWH+J7G, Hariom Nagar, Deolali Gaon, Nashik, Maharashtra 422102, India<br>Latitude: 19.9465618<br>Longitude: 73.8282155<br>Rating: 3.3<br>Place_ID: ChIJYXQUZEWV3TsRVMDs73BQwHs<br>Distance_m: 1686]]></description>
      <styleUrl>#icon-1899-1A237E</styleUrl>
      <ExtendedData>
        <Data name="Description">
          <value/>
        </Data>
        <Data name="address">
          <value/>
        </Data>
        <Data name="phoneNumber">
          <value/>
        </Data>
        <Data name="Coordinates">
          <value>73.8282155,19.9465618</value>
        </Data>
        <Data name="Category">
          <value>medical_clinic</value>
        </Data>
        <Data name="Address">
          <value>WRWH+J7G, Hariom Nagar, Deolali Gaon, Nashik, Maharashtra 422102, India</value>
        </Data>
        <Data name="Latitude">
          <value>19.9465618</value>
        </Data>
        <Data name="Longitude">
          <value>73.8282155</value>
        </Data>
        <Data name="Rating">
          <value>3.3</value>
        </Data>
        <Data name="Place_ID">
          <value>ChIJYXQUZEWV3TsRVMDs73BQwHs</value>
        </Data>
        <Data name="Distance_m">
          <value>1686.0</value>
        </Data>
      </ExtendedData>
      <Point>
        <coordinates>
          73.8282155,19.9465618,0
        </coordinates>
      </Point>
    </Placemark>
    <Placemark>
      <name>SARVADNYA CLINIC</name>
      <description><![CDATA[Description: <br>address: <br>phoneNumber: <br>Coordinates: 73.7568289,19.942974<br>Category: doctor<br>Address: Shop No 10, Saptashrungi Charan Appt, near Ekta Green Vally, Shivar, Pathardi Phata, Nashik, Maharashtra 422010, India<br>Latitude: 19.942974<br>Longitude: 73.7568289<br>Rating: 4.8<br>Place_ID: ChIJ_8RP2sKV3TsRCrU77ISGjB4<br>Distance_m: 2876]]></description>
      <styleUrl>#icon-1899-1A237E</styleUrl>
      <ExtendedData>
        <Data name="Description">
          <value/>
        </Data>
        <Data name="address">
          <value/>
        </Data>
        <Data name="phoneNumber">
          <value/>
        </Data>
        <Data name="Coordinates">
          <value>73.7568289,19.942974</value>
        </Data>
        <Data name="Category">
          <value>doctor</value>
        </Data>
        <Data name="Address">
          <value>Shop No 10, Saptashrungi Charan Appt, near Ekta Green Vally, Shivar, Pathardi Phata, Nashik, Maharashtra 422010, India</value>
        </Data>
        <Data name="Latitude">
          <value>19.942974</value>
        </Data>
        <Data name="Longitude">
          <value>73.7568289</value>
        </Data>
        <Data name="Rating">
          <value>4.8</value>
        </Data>
        <Data name="Place_ID">
          <value>ChIJ_8RP2sKV3TsRCrU77ISGjB4</value>
        </Data>
        <Data name="Distance_m">
          <value>2876.0</value>
        </Data>
      </ExtendedData>
      <Point>
        <coordinates>
          73.7568289,19.942974,0
        </coordinates>
      </Point>
    </Placemark>
    <Placemark>
      <name>TULJAI CLINIC</name>
      <description><![CDATA[Description: <br>address: <br>phoneNumber: <br>Coordinates: 73.75464,19.9481303<br>Category: doctor<br>Address: Shop No 5 Kamdhenu Pride, khanderao Nagar, near Hari Vishwa, Shivar, Pathardi Phata, Nashik, Maharashtra 422010, India<br>Latitude: 19.9481303<br>Longitude: 73.75464<br>Rating: 5<br>Place_ID: ChIJk5_hwaSV3TsRGmhyJEsPCWg<br>Distance_m: 2640]]></description>
      <styleUrl>#icon-1899-1A237E</styleUrl>
      <ExtendedData>
        <Data name="Description">
          <value/>
        </Data>
        <Data name="address">
          <value/>
        </Data>
        <Data name="phoneNumber">
          <value/>
        </Data>
        <Data name="Coordinates">
          <value>73.75464,19.9481303</value>
        </Data>
        <Data name="Category">
          <value>doctor</value>
        </Data>
        <Data name="Address">
          <value>Shop No 5 Kamdhenu Pride, khanderao Nagar, near Hari Vishwa, Shivar, Pathardi Phata, Nashik, Maharashtra 422010, India</value>
        </Data>
        <Data name="Latitude">
          <value>19.9481303</value>
        </Data>
        <Data name="Longitude">
          <value>73.75464</value>
        </Data>
        <Data name="Rating">
          <value>5.0</value>
        </Data>
        <Data name="Place_ID">
          <value>ChIJk5_hwaSV3TsRGmhyJEsPCWg</value>
        </Data>
        <Data name="Distance_m">
          <value>2640.0</value>
        </Data>
      </ExtendedData>
      <Point>
        <coordinates>
          73.75464,19.9481303,0
        </coordinates>
      </Point>
    </Placemark>
    <Placemark>
      <name><![CDATA[Dr Pandey's Prisha Poly Health Clinic]]></name>
      <description><![CDATA[Description: <br>address: <br>phoneNumber: <br>Coordinates: 73.7580909,19.9409627<br>Category: doctor<br>Address: Balaji Park, Shop No. 3, Survey No. 237-4, 5, near Poddar (School, Pathardi Gaon, Pathardi Phata, Nashik, Maharashtra 422010, India<br>Latitude: 19.9409627<br>Longitude: 73.7580909<br>Rating: 5<br>Place_ID: ChIJfeIwQpKV3TsRzwcvwFq31lg<br>Distance_m: 2973]]></description>
      <styleUrl>#icon-1899-1A237E</styleUrl>
      <ExtendedData>
        <Data name="Description">
          <value/>
        </Data>
        <Data name="address">
          <value/>
        </Data>
        <Data name="phoneNumber">
          <value/>
        </Data>
        <Data name="Coordinates">
          <value>73.7580909,19.9409627</value>
        </Data>
        <Data name="Category">
          <value>doctor</value>
        </Data>
        <Data name="Address">
          <value>Balaji Park, Shop No. 3, Survey No. 237-4, 5, near Poddar (School, Pathardi Gaon, Pathardi Phata, Nashik, Maharashtra 422010, India</value>
        </Data>
        <Data name="Latitude">
          <value>19.9409627</value>
        </Data>
        <Data name="Longitude">
          <value>73.7580909</value>
        </Data>
        <Data name="Rating">
          <value>5.0</value>
        </Data>
        <Data name="Place_ID">
          <value>ChIJfeIwQpKV3TsRzwcvwFq31lg</value>
        </Data>
        <Data name="Distance_m">
          <value>2973.0</value>
        </Data>
      </ExtendedData>
      <Point>
        <coordinates>
          73.7580909,19.9409627,0
        </coordinates>
      </Point>
    </Placemark>
    <Placemark>
      <name>Varad Wellness Clinic</name>
      <description><![CDATA[Description: <br>address: <br>phoneNumber: <br>Coordinates: 73.7693354,19.9493015<br>Category: doctor<br>Address: Shop No 2, Ballaleshwar Apartment, Near, GD Sawant College Rd, Narhari Nagar, Damodar Nagar, Pathardi Phata, Nashik, Maharashtra 422010, India<br>Latitude: 19.9493015<br>Longitude: 73.7693354<br>Rating: 4<br>Place_ID: ChIJRc19YtiV3TsR5-9xh84LpjM<br>Distance_m: 1595]]></description>
      <styleUrl>#icon-1899-1A237E</styleUrl>
      <ExtendedData>
        <Data name="Description">
          <value/>
        </Data>
        <Data name="address">
          <value/>
        </Data>
        <Data name="phoneNumber">
          <value/>
        </Data>
        <Data name="Coordinates">
          <value>73.7693354,19.9493015</value>
        </Data>
        <Data name="Category">
          <value>doctor</value>
        </Data>
        <Data name="Address">
          <value>Shop No 2, Ballaleshwar Apartment, Near, GD Sawant College Rd, Narhari Nagar, Damodar Nagar, Pathardi Phata, Nashik, Maharashtra 422010, India</value>
        </Data>
        <Data name="Latitude">
          <value>19.9493015</value>
        </Data>
        <Data name="Longitude">
          <value>73.7693354</value>
        </Data>
        <Data name="Rating">
          <value>4.0</value>
        </Data>
        <Data name="Place_ID">
          <value>ChIJRc19YtiV3TsR5-9xh84LpjM</value>
        </Data>
        <Data name="Distance_m">
          <value>1595.0</value>
        </Data>
      </ExtendedData>
      <Point>
        <coordinates>
          73.7693354,19.9493015,0
        </coordinates>
      </Point>
    </Placemark>
    <Placemark>
      <name>Akanksha Clinic</name>
      <description><![CDATA[Description: <br>address: <br>phoneNumber: <br>Coordinates: 73.7449257,19.9609487<br>Category: doctor<br>Address: Matoshree sankul, near Harshvardhan medical medical, Ambad Khrud, MIDC Ambad, Nashik, Maharashtra 422009, India<br>Latitude: 19.9609487<br>Longitude: 73.7449257<br>Rating: 5<br>Place_ID: ChIJJ6UVYKjs3TsRxZs2wkP4dbI<br>Distance_m: 1301]]></description>
      <styleUrl>#icon-1899-1A237E</styleUrl>
      <ExtendedData>
        <Data name="Description">
          <value/>
        </Data>
        <Data name="address">
          <value/>
        </Data>
        <Data name="phoneNumber">
          <value/>
        </Data>
        <Data name="Coordinates">
          <value>73.7449257,19.9609487</value>
        </Data>
        <Data name="Category">
          <value>doctor</value>
        </Data>
        <Data name="Address">
          <value>Matoshree sankul, near Harshvardhan medical medical, Ambad Khrud, MIDC Ambad, Nashik, Maharashtra 422009, India</value>
        </Data>
        <Data name="Latitude">
          <value>19.9609487</value>
        </Data>
        <Data name="Longitude">
          <value>73.7449257</value>
        </Data>
        <Data name="Rating">
          <value>5.0</value>
        </Data>
        <Data name="Place_ID">
          <value>ChIJJ6UVYKjs3TsRxZs2wkP4dbI</value>
        </Data>
        <Data name="Distance_m">
          <value>1301.0</value>
        </Data>
      </ExtendedData>
      <Point>
        <coordinates>
          73.7449257,19.9609487,0
        </coordinates>
      </Point>
    </Placemark>
    <Placemark>
      <name>Renuka Clinic And Nursing Home</name>
      <description><![CDATA[Description: <br>address: <br>phoneNumber: <br>Coordinates: 73.76948,19.950758<br>Category: health<br>Address: XQ29+8Q5, Narhari Nagar, Wasan Nagar, Pathardi Phata, Nashik, Maharashtra 422010, India<br>Latitude: 19.950758<br>Longitude: 73.76948<br>Rating: 3.8<br>Place_ID: ChIJ_970DrWU3TsRfHegngMSTIw<br>Distance_m: 1438]]></description>
      <styleUrl>#icon-1899-1A237E</styleUrl>
      <ExtendedData>
        <Data name="Description">
          <value/>
        </Data>
        <Data name="address">
          <value/>
        </Data>
        <Data name="phoneNumber">
          <value/>
        </Data>
        <Data name="Coordinates">
          <value>73.76948,19.950758</value>
        </Data>
        <Data name="Category">
          <value>health</value>
        </Data>
        <Data name="Address">
          <value>XQ29+8Q5, Narhari Nagar, Wasan Nagar, Pathardi Phata, Nashik, Maharashtra 422010, India</value>
        </Data>
        <Data name="Latitude">
          <value>19.950758</value>
        </Data>
        <Data name="Longitude">
          <value>73.76948</value>
        </Data>
        <Data name="Rating">
          <value>3.8</value>
        </Data>
        <Data name="Place_ID">
          <value>ChIJ_970DrWU3TsRfHegngMSTIw</value>
        </Data>
        <Data name="Distance_m">
          <value>1438.0</value>
        </Data>
      </ExtendedData>
      <Point>
        <coordinates>
          73.76948,19.950758,0
        </coordinates>
      </Point>
    </Placemark>
    <Placemark>
      <name>Vatsalya Clinic</name>
      <description><![CDATA[Description: <br>address: <br>phoneNumber: <br>Coordinates: 73.7652957,19.9568208<br>Category: health<br>Address: 1, Shanti Kunj, Pathardi Rd, Mauli Nagari, Wasan Nagar, Pathardi Phata, Nashik, Maharashtra 422009, India<br>Latitude: 19.9568208<br>Longitude: 73.7652957<br>Rating: 4<br>Place_ID: ChIJS9kPdUzr3TsR5nfVzfMzNws<br>Distance_m: 1169]]></description>
      <styleUrl>#icon-1899-1A237E</styleUrl>
      <ExtendedData>
        <Data name="Description">
          <value/>
        </Data>
        <Data name="address">
          <value/>
        </Data>
        <Data name="phoneNumber">
          <value/>
        </Data>
        <Data name="Coordinates">
          <value>73.7652957,19.9568208</value>
        </Data>
        <Data name="Category">
          <value>health</value>
        </Data>
        <Data name="Address">
          <value>1, Shanti Kunj, Pathardi Rd, Mauli Nagari, Wasan Nagar, Pathardi Phata, Nashik, Maharashtra 422009, India</value>
        </Data>
        <Data name="Latitude">
          <value>19.9568208</value>
        </Data>
        <Data name="Longitude">
          <value>73.7652957</value>
        </Data>
        <Data name="Rating">
          <value>4.0</value>
        </Data>
        <Data name="Place_ID">
          <value>ChIJS9kPdUzr3TsR5nfVzfMzNws</value>
        </Data>
        <Data name="Distance_m">
          <value>1169.0</value>
        </Data>
      </ExtendedData>
      <Point>
        <coordinates>
          73.7652957,19.9568208,0
        </coordinates>
      </Point>
    </Placemark>
    <Placemark>
      <name>MATOSHRI CLINIC</name>
      <description><![CDATA[Description: <br>address: <br>phoneNumber: <br>Coordinates: 73.7596442,19.9541214<br>Category: hospital<br>Address: MATOSHRI CLINIC, Gajraj Row House, behind Nilkantheshwar Temple, Nawale Nagar, Prashant Nagar, Pathardi Phata, Nashik, Maharashtra 422010, India<br>Latitude: 19.9541214<br>Longitude: 73.7596442<br>Rating: 5<br>Place_ID: ChIJ3xhTVTfr3TsRmEESRWHYcaw<br>Distance_m: 1828]]></description>
      <styleUrl>#icon-1899-1A237E</styleUrl>
      <ExtendedData>
        <Data name="Description">
          <value/>
        </Data>
        <Data name="address">
          <value/>
        </Data>
        <Data name="phoneNumber">
          <value/>
        </Data>
        <Data name="Coordinates">
          <value>73.7596442,19.9541214</value>
        </Data>
        <Data name="Category">
          <value>hospital</value>
        </Data>
        <Data name="Address">
          <value>MATOSHRI CLINIC, Gajraj Row House, behind Nilkantheshwar Temple, Nawale Nagar, Prashant Nagar, Pathardi Phata, Nashik, Maharashtra 422010, India</value>
        </Data>
        <Data name="Latitude">
          <value>19.9541214</value>
        </Data>
        <Data name="Longitude">
          <value>73.7596442</value>
        </Data>
        <Data name="Rating">
          <value>5.0</value>
        </Data>
        <Data name="Place_ID">
          <value>ChIJ3xhTVTfr3TsRmEESRWHYcaw</value>
        </Data>
        <Data name="Distance_m">
          <value>1828.0</value>
        </Data>
      </ExtendedData>
      <Point>
        <coordinates>
          73.7596442,19.9541214,0
        </coordinates>
      </Point>
    </Placemark>
    <Placemark>
      <name>Shakambari Clinic</name>
      <description><![CDATA[Description: <br>address: <br>phoneNumber: <br>Coordinates: 73.7640329,19.9568755<br>Category: hospital<br>Address: Shop No. 4, Radhika Apartment Wasan Nagar Road, Headquarter Rd, opp. Police, Wasan Nagar, Pathardi Phata, Nashik, Maharashtra 422009, India<br>Latitude: 19.9568755<br>Longitude: 73.7640329<br>Rating: 5<br>Place_ID: ChIJvwzkg9nr3TsRlw01D_U3L-o<br>Distance_m: 1277]]></description>
      <styleUrl>#icon-1899-1A237E</styleUrl>
      <ExtendedData>
        <Data name="Description">
          <value/>
        </Data>
        <Data name="address">
          <value/>
        </Data>
        <Data name="phoneNumber">
          <value/>
        </Data>
        <Data name="Coordinates">
          <value>73.7640329,19.9568755</value>
        </Data>
        <Data name="Category">
          <value>hospital</value>
        </Data>
        <Data name="Address">
          <value>Shop No. 4, Radhika Apartment Wasan Nagar Road, Headquarter Rd, opp. Police, Wasan Nagar, Pathardi Phata, Nashik, Maharashtra 422009, India</value>
        </Data>
        <Data name="Latitude">
          <value>19.9568755</value>
        </Data>
        <Data name="Longitude">
          <value>73.7640329</value>
        </Data>
        <Data name="Rating">
          <value>5.0</value>
        </Data>
        <Data name="Place_ID">
          <value>ChIJvwzkg9nr3TsRlw01D_U3L-o</value>
        </Data>
        <Data name="Distance_m">
          <value>1277.0</value>
        </Data>
      </ExtendedData>
      <Point>
        <coordinates>
          73.7640329,19.9568755,0
        </coordinates>
      </Point>
    </Placemark>
    <Placemark>
      <name>Dr. Subodh Shewale, MBBS .Avighna Clinic</name>
      <description><![CDATA[Description: <br>address: <br>phoneNumber: <br>Coordinates: 73.7650674,19.9526572<br>Category: medical_clinic<br>Address: XQ38+328, Kadve Nagar, Wasan Nagar, Pathardi Phata, Nashik, Maharashtra 422010, India<br>Latitude: 19.9526572<br>Longitude: 73.7650674<br>Rating: 5<br>Place_ID: ChIJgwndFQCV3TsRMXJ6q1u3WXQ<br>Distance_m: 1498]]></description>
      <styleUrl>#icon-1899-1A237E</styleUrl>
      <ExtendedData>
        <Data name="Description">
          <value/>
        </Data>
        <Data name="address">
          <value/>
        </Data>
        <Data name="phoneNumber">
          <value/>
        </Data>
        <Data name="Coordinates">
          <value>73.7650674,19.9526572</value>
        </Data>
        <Data name="Category">
          <value>medical_clinic</value>
        </Data>
        <Data name="Address">
          <value>XQ38+328, Kadve Nagar, Wasan Nagar, Pathardi Phata, Nashik, Maharashtra 422010, India</value>
        </Data>
        <Data name="Latitude">
          <value>19.9526572</value>
        </Data>
        <Data name="Longitude">
          <value>73.7650674</value>
        </Data>
        <Data name="Rating">
          <value>5.0</value>
        </Data>
        <Data name="Place_ID">
          <value>ChIJgwndFQCV3TsRMXJ6q1u3WXQ</value>
        </Data>
        <Data name="Distance_m">
          <value>1498.0</value>
        </Data>
      </ExtendedData>
      <Point>
        <coordinates>
          73.7650674,19.9526572,0
        </coordinates>
      </Point>
    </Placemark>
    <Placemark>
      <name>Ekvira Clinic</name>
      <description><![CDATA[Description: <br>address: <br>phoneNumber: <br>Coordinates: 73.7614101,19.9497831<br>Category: medical_clinic<br>Address: Shop No 1 near Damodar Chowk, Prashant Nagar, Ohara, Pathardi Phata, Nashik, Maharashtra 422010, India<br>Latitude: 19.9497831<br>Longitude: 73.7614101<br>Rating: 4.7<br>Place_ID: ChIJq4QrSgCV3TsRveCcJqgCYe8<br>Distance_m: 1992]]></description>
      <styleUrl>#icon-1899-1A237E</styleUrl>
      <ExtendedData>
        <Data name="Description">
          <value/>
        </Data>
        <Data name="address">
          <value/>
        </Data>
        <Data name="phoneNumber">
          <value/>
        </Data>
        <Data name="Coordinates">
          <value>73.7614101,19.9497831</value>
        </Data>
        <Data name="Category">
          <value>medical_clinic</value>
        </Data>
        <Data name="Address">
          <value>Shop No 1 near Damodar Chowk, Prashant Nagar, Ohara, Pathardi Phata, Nashik, Maharashtra 422010, India</value>
        </Data>
        <Data name="Latitude">
          <value>19.9497831</value>
        </Data>
        <Data name="Longitude">
          <value>73.7614101</value>
        </Data>
        <Data name="Rating">
          <value>4.7</value>
        </Data>
        <Data name="Place_ID">
          <value>ChIJq4QrSgCV3TsRveCcJqgCYe8</value>
        </Data>
        <Data name="Distance_m">
          <value>1992.0</value>
        </Data>
      </ExtendedData>
      <Point>
        <coordinates>
          73.7614101,19.9497831,0
        </coordinates>
      </Point>
    </Placemark>
    <Placemark>
      <name>Shri vinayak clinic</name>
      <description><![CDATA[Description: <br>address: <br>phoneNumber: <br>Coordinates: 73.7665397,19.944636<br>Category: medical_clinic<br>Address: Omkareshwar AG-2, Swarajnagar Rd, Damodar Nagar, Pathardi Phata, Nashik, Maharashtra 422110, India<br>Latitude: 19.944636<br>Longitude: 73.7665397<br>Rating: <br>Place_ID: ChIJ93hSYACV3TsR9937nQ-MIaM<br>Distance_m: 2184]]></description>
      <styleUrl>#icon-1899-1A237E</styleUrl>
      <ExtendedData>
        <Data name="Description">
          <value/>
        </Data>
        <Data name="address">
          <value/>
        </Data>
        <Data name="phoneNumber">
          <value/>
        </Data>
        <Data name="Coordinates">
          <value>73.7665397,19.944636</value>
        </Data>
        <Data name="Category">
          <value>medical_clinic</value>
        </Data>
        <Data name="Address">
          <value>Omkareshwar AG-2, Swarajnagar Rd, Damodar Nagar, Pathardi Phata, Nashik, Maharashtra 422110, India</value>
        </Data>
        <Data name="Latitude">
          <value>19.944636</value>
        </Data>
        <Data name="Longitude">
          <value>73.7665397</value>
        </Data>
        <Data name="Rating">
          <value/>
        </Data>
        <Data name="Place_ID">
          <value>ChIJ93hSYACV3TsR9937nQ-MIaM</value>
        </Data>
        <Data name="Distance_m">
          <value>2184.0</value>
        </Data>
      </ExtendedData>
      <Point>
        <coordinates>
          73.7665397,19.944636,0
        </coordinates>
      </Point>
    </Placemark>
    <Placemark>
      <name>Prathamesh Clinic</name>
      <description><![CDATA[Description: <br>address: <br>phoneNumber: <br>Coordinates: 73.7632029,19.957168<br>Category: medical_clinic<br>Address: 03, Radhika Apartment, Mumbai - Agra Rd, New Nashik, Kundanlal Wasan Nagar, Pathardi Phata, Nashik, Maharashtra 422009, India<br>Latitude: 19.957168<br>Longitude: 73.7632029<br>Rating: 5<br>Place_ID: ChIJxehTN0zr3TsR9Q69x0IMFVM<br>Distance_m: 1337]]></description>
      <styleUrl>#icon-1899-1A237E</styleUrl>
      <ExtendedData>
        <Data name="Description">
          <value/>
        </Data>
        <Data name="address">
          <value/>
        </Data>
        <Data name="phoneNumber">
          <value/>
        </Data>
        <Data name="Coordinates">
          <value>73.7632029,19.957168</value>
        </Data>
        <Data name="Category">
          <value>medical_clinic</value>
        </Data>
        <Data name="Address">
          <value>03, Radhika Apartment, Mumbai - Agra Rd, New Nashik, Kundanlal Wasan Nagar, Pathardi Phata, Nashik, Maharashtra 422009, India</value>
        </Data>
        <Data name="Latitude">
          <value>19.957168</value>
        </Data>
        <Data name="Longitude">
          <value>73.7632029</value>
        </Data>
        <Data name="Rating">
          <value>5.0</value>
        </Data>
        <Data name="Place_ID">
          <value>ChIJxehTN0zr3TsR9Q69x0IMFVM</value>
        </Data>
        <Data name="Distance_m">
          <value>1337.0</value>
        </Data>
      </ExtendedData>
      <Point>
        <coordinates>
          73.7632029,19.957168,0
        </coordinates>
      </Point>
    </Placemark>
    <Placemark>
      <name>DR. Pravin M. Patil Clinic</name>
      <description><![CDATA[Description: <br>address: <br>phoneNumber: <br>Coordinates: 73.7447575,19.9614639<br>Category: medical_clinic<br>Address: in front of school, Ambad Khrud, Ambad Village, Nashik, Maharashtra 422010, India<br>Latitude: 19.9614639<br>Longitude: 73.7447575<br>Rating: <br>Place_ID: ChIJVdmd9H3t3TsRhJTDrOjnFg8<br>Distance_m: 2274]]></description>
      <styleUrl>#icon-1899-1A237E</styleUrl>
      <ExtendedData>
        <Data name="Description">
          <value/>
        </Data>
        <Data name="address">
          <value/>
        </Data>
        <Data name="phoneNumber">
          <value/>
        </Data>
        <Data name="Coordinates">
          <value>73.7447575,19.9614639</value>
        </Data>
        <Data name="Category">
          <value>medical_clinic</value>
        </Data>
        <Data name="Address">
          <value>in front of school, Ambad Khrud, Ambad Village, Nashik, Maharashtra 422010, India</value>
        </Data>
        <Data name="Latitude">
          <value>19.9614639</value>
        </Data>
        <Data name="Longitude">
          <value>73.7447575</value>
        </Data>
        <Data name="Rating">
          <value/>
        </Data>
        <Data name="Place_ID">
          <value>ChIJVdmd9H3t3TsRhJTDrOjnFg8</value>
        </Data>
        <Data name="Distance_m">
          <value>2274.0</value>
        </Data>
      </ExtendedData>
      <Point>
        <coordinates>
          73.7447575,19.9614639,0
        </coordinates>
      </Point>
    </Placemark>
    <Placemark>
      <name>Akanksha Clinic-Dr Pratibha Joshi</name>
      <description><![CDATA[Description: <br>address: <br>phoneNumber: <br>Coordinates: 73.7449276,19.9609408<br>Category: service<br>Address: Akanksha Clinic, Matoshree Sankul, near NMC school, Ambad Khrud, MIDC Ambad, Nashik, Maharashtra 422009, India<br>Latitude: 19.9609408<br>Longitude: 73.7449276<br>Rating: <br>Place_ID: ChIJw0M_Xbzt3TsRVTg6gxaVAho<br>Distance_m: 1302]]></description>
      <styleUrl>#icon-1899-1A237E</styleUrl>
      <ExtendedData>
        <Data name="Description">
          <value/>
        </Data>
        <Data name="address">
          <value/>
        </Data>
        <Data name="phoneNumber">
          <value/>
        </Data>
        <Data name="Coordinates">
          <value>73.7449276,19.9609408</value>
        </Data>
        <Data name="Category">
          <value>service</value>
        </Data>
        <Data name="Address">
          <value>Akanksha Clinic, Matoshree Sankul, near NMC school, Ambad Khrud, MIDC Ambad, Nashik, Maharashtra 422009, India</value>
        </Data>
        <Data name="Latitude">
          <value>19.9609408</value>
        </Data>
        <Data name="Longitude">
          <value>73.7449276</value>
        </Data>
        <Data name="Rating">
          <value/>
        </Data>
        <Data name="Place_ID">
          <value>ChIJw0M_Xbzt3TsRVTg6gxaVAho</value>
        </Data>
        <Data name="Distance_m">
          <value>1302.0</value>
        </Data>
      </ExtendedData>
      <Point>
        <coordinates>
          73.7449276,19.9609408,0
        </coordinates>
      </Point>
    </Placemark>
    <Placemark>
      <name>Sanjeevani Clinic</name>
      <description><![CDATA[Description: <br>address: <br>phoneNumber: <br>Coordinates: 73.7260316,19.958859<br>Category: doctor<br>Address: shop No 1, Nikanth Apt, Datta Nagar Rd, Chinchole Shivar, Ambedkar Nagar, MIDC Ambad, Nashik, Maharashtra 422010, India<br>Latitude: 19.958859<br>Longitude: 73.7260316<br>Rating: 5<br>Place_ID: ChIJsdd6jkjt3TsR8xIp4mwZUGE<br>Distance_m: 2657]]></description>
      <styleUrl>#icon-1899-1A237E</styleUrl>
      <ExtendedData>
        <Data name="Description">
          <value/>
        </Data>
        <Data name="address">
          <value/>
        </Data>
        <Data name="phoneNumber">
          <value/>
        </Data>
        <Data name="Coordinates">
          <value>73.7260316,19.958859</value>
        </Data>
        <Data name="Category">
          <value>doctor</value>
        </Data>
        <Data name="Address">
          <value>shop No 1, Nikanth Apt, Datta Nagar Rd, Chinchole Shivar, Ambedkar Nagar, MIDC Ambad, Nashik, Maharashtra 422010, India</value>
        </Data>
        <Data name="Latitude">
          <value>19.958859</value>
        </Data>
        <Data name="Longitude">
          <value>73.7260316</value>
        </Data>
        <Data name="Rating">
          <value>5.0</value>
        </Data>
        <Data name="Place_ID">
          <value>ChIJsdd6jkjt3TsR8xIp4mwZUGE</value>
        </Data>
        <Data name="Distance_m">
          <value>2657.0</value>
        </Data>
      </ExtendedData>
      <Point>
        <coordinates>
          73.7260316,19.958859,0
        </coordinates>
      </Point>
    </Placemark>
    <Placemark>
      <name>Shree Gajanan Clinic (Dr Patil)</name>
      <description><![CDATA[Description: <br>address: <br>phoneNumber: <br>Coordinates: 73.8653077,20.0342775<br>Category: doctor<br>Address: Adgaon Rd, opp. to mayur collection, Adgaon, Nashik, Maharashtra 422003, India<br>Latitude: 20.0342775<br>Longitude: 73.8653077<br>Rating: 4<br>Place_ID: ChIJ99KvXJPB3TsR8l4u4ZChPxg<br>Distance_m: 198]]></description>
      <styleUrl>#icon-1899-1A237E</styleUrl>
      <ExtendedData>
        <Data name="Description">
          <value/>
        </Data>
        <Data name="address">
          <value/>
        </Data>
        <Data name="phoneNumber">
          <value/>
        </Data>
        <Data name="Coordinates">
          <value>73.8653077,20.0342775</value>
        </Data>
        <Data name="Category">
          <value>doctor</value>
        </Data>
        <Data name="Address">
          <value>Adgaon Rd, opp. to mayur collection, Adgaon, Nashik, Maharashtra 422003, India</value>
        </Data>
        <Data name="Latitude">
          <value>20.0342775</value>
        </Data>
        <Data name="Longitude">
          <value>73.8653077</value>
        </Data>
        <Data name="Rating">
          <value>4.0</value>
        </Data>
        <Data name="Place_ID">
          <value>ChIJ99KvXJPB3TsR8l4u4ZChPxg</value>
        </Data>
        <Data name="Distance_m">
          <value>198.0</value>
        </Data>
      </ExtendedData>
      <Point>
        <coordinates>
          73.8653077,20.0342775,0
        </coordinates>
      </Point>
    </Placemark>
    <Placemark>
      <name>Aditi ayurved Clinic</name>
      <description><![CDATA[Description: <br>address: <br>phoneNumber: <br>Coordinates: 73.8466964,20.0221006<br>Category: doctor<br>Address: 14/A, opp. Omkareshwar Ganesh Temple, Dnyaneshwar society, adgaon shivar, Konark Nagar, Nashik, Maharashtra 422003, India<br>Latitude: 20.0221006<br>Longitude: 73.8466964<br>Rating: 5<br>Place_ID: ChIJsza6OP3B3TsRB94Z1d1M2WI<br>Distance_m: 2174]]></description>
      <styleUrl>#icon-1899-1A237E</styleUrl>
      <ExtendedData>
        <Data name="Description">
          <value/>
        </Data>
        <Data name="address">
          <value/>
        </Data>
        <Data name="phoneNumber">
          <value/>
        </Data>
        <Data name="Coordinates">
          <value>73.8466964,20.0221006</value>
        </Data>
        <Data name="Category">
          <value>doctor</value>
        </Data>
        <Data name="Address">
          <value>14/A, opp. Omkareshwar Ganesh Temple, Dnyaneshwar society, adgaon shivar, Konark Nagar, Nashik, Maharashtra 422003, India</value>
        </Data>
        <Data name="Latitude">
          <value>20.0221006</value>
        </Data>
        <Data name="Longitude">
          <value>73.8466964</value>
        </Data>
        <Data name="Rating">
          <value>5.0</value>
        </Data>
        <Data name="Place_ID">
          <value>ChIJsza6OP3B3TsRB94Z1d1M2WI</value>
        </Data>
        <Data name="Distance_m">
          <value>2174.0</value>
        </Data>
      </ExtendedData>
      <Point>
        <coordinates>
          73.8466964,20.0221006,0
        </coordinates>
      </Point>
    </Placemark>
    <Placemark>
      <name>Matoshree Clinic - Female doctor and gynaecologist</name>
      <description><![CDATA[Description: <br>address: <br>phoneNumber: <br>Coordinates: 73.8414193,20.0285411<br>Category: doctor<br>Address: Matoshri clinic, nivrutti nagar, jatra hotel chaufuli, near moraya medical, Sagar Village, Nashik, Maharashtra 422003, India<br>Latitude: 20.0285411<br>Longitude: 73.8414193<br>Rating: 5<br>Place_ID: ChIJCcmKJJ7r3TsRgbU14o4JIQ0<br>Distance_m: 2382]]></description>
      <styleUrl>#icon-1899-1A237E</styleUrl>
      <ExtendedData>
        <Data name="Description">
          <value/>
        </Data>
        <Data name="address">
          <value/>
        </Data>
        <Data name="phoneNumber">
          <value/>
        </Data>
        <Data name="Coordinates">
          <value>73.8414193,20.0285411</value>
        </Data>
        <Data name="Category">
          <value>doctor</value>
        </Data>
        <Data name="Address">
          <value>Matoshri clinic, nivrutti nagar, jatra hotel chaufuli, near moraya medical, Sagar Village, Nashik, Maharashtra 422003, India</value>
        </Data>
        <Data name="Latitude">
          <value>20.0285411</value>
        </Data>
        <Data name="Longitude">
          <value>73.8414193</value>
        </Data>
        <Data name="Rating">
          <value>5.0</value>
        </Data>
        <Data name="Place_ID">
          <value>ChIJCcmKJJ7r3TsRgbU14o4JIQ0</value>
        </Data>
        <Data name="Distance_m">
          <value>2382.0</value>
        </Data>
      </ExtendedData>
      <Point>
        <coordinates>
          73.8414193,20.0285411,0
        </coordinates>
      </Point>
    </Placemark>
    <Placemark>
      <name>Patil Clinic</name>
      <description><![CDATA[Description: <br>address: <br>phoneNumber: <br>Coordinates: 73.8437747,20.0233375<br>Category: doctor<br>Address: Shop No.1 Sreeram Nagar, near Maharashtra Bank, Pachwati, Shiwar, Adgaon, Nashik, Maharashtra 422003, India<br>Latitude: 20.0233375<br>Longitude: 73.8437747<br>Rating: 5<br>Place_ID: ChIJ3Uh2y9jB3TsR4hocTAwBHAU<br>Distance_m: 2359]]></description>
      <styleUrl>#icon-1899-1A237E</styleUrl>
      <ExtendedData>
        <Data name="Description">
          <value/>
        </Data>
        <Data name="address">
          <value/>
        </Data>
        <Data name="phoneNumber">
          <value/>
        </Data>
        <Data name="Coordinates">
          <value>73.8437747,20.0233375</value>
        </Data>
        <Data name="Category">
          <value>doctor</value>
        </Data>
        <Data name="Address">
          <value>Shop No.1 Sreeram Nagar, near Maharashtra Bank, Pachwati, Shiwar, Adgaon, Nashik, Maharashtra 422003, India</value>
        </Data>
        <Data name="Latitude">
          <value>20.0233375</value>
        </Data>
        <Data name="Longitude">
          <value>73.8437747</value>
        </Data>
        <Data name="Rating">
          <value>5.0</value>
        </Data>
        <Data name="Place_ID">
          <value>ChIJ3Uh2y9jB3TsR4hocTAwBHAU</value>
        </Data>
        <Data name="Distance_m">
          <value>2359.0</value>
        </Data>
      </ExtendedData>
      <Point>
        <coordinates>
          73.8437747,20.0233375,0
        </coordinates>
      </Point>
    </Placemark>
    <Placemark>
      <name>Sanjivani multispcialty Clinic</name>
      <description><![CDATA[Description: <br>address: <br>phoneNumber: <br>Coordinates: 73.8590339,20.0313268<br>Category: hospital<br>Address: Medical phata, Shree Samarth Nagar, Adgaon, Nashik, Maharashtra 422003, India<br>Latitude: 20.0313268<br>Longitude: 73.8590339<br>Rating: 5<br>Place_ID: ChIJT7y_g27B3TsRJ6SDL2K3Kl8<br>Distance_m: 535]]></description>
      <styleUrl>#icon-1899-1A237E</styleUrl>
      <ExtendedData>
        <Data name="Description">
          <value/>
        </Data>
        <Data name="address">
          <value/>
        </Data>
        <Data name="phoneNumber">
          <value/>
        </Data>
        <Data name="Coordinates">
          <value>73.8590339,20.0313268</value>
        </Data>
        <Data name="Category">
          <value>hospital</value>
        </Data>
        <Data name="Address">
          <value>Medical phata, Shree Samarth Nagar, Adgaon, Nashik, Maharashtra 422003, India</value>
        </Data>
        <Data name="Latitude">
          <value>20.0313268</value>
        </Data>
        <Data name="Longitude">
          <value>73.8590339</value>
        </Data>
        <Data name="Rating">
          <value>5.0</value>
        </Data>
        <Data name="Place_ID">
          <value>ChIJT7y_g27B3TsRJ6SDL2K3Kl8</value>
        </Data>
        <Data name="Distance_m">
          <value>535.0</value>
        </Data>
      </ExtendedData>
      <Point>
        <coordinates>
          73.8590339,20.0313268,0
        </coordinates>
      </Point>
    </Placemark>
    <Placemark>
      <name>Swami Clinic</name>
      <description><![CDATA[Description: <br>address: <br>phoneNumber: <br>Coordinates: 73.8445205,20.0196194<br>Category: hospital<br>Address: Jatra-Nadur link road, Konark Nagar, Nashik, Maharashtra 422003, India<br>Latitude: 20.0196194<br>Longitude: 73.8445205<br>Rating: 5<br>Place_ID: ChIJCfjeQNLB3TsROgOSGGbEBZ0<br>Distance_m: 2521]]></description>
      <styleUrl>#icon-1899-1A237E</styleUrl>
      <ExtendedData>
        <Data name="Description">
          <value/>
        </Data>
        <Data name="address">
          <value/>
        </Data>
        <Data name="phoneNumber">
          <value/>
        </Data>
        <Data name="Coordinates">
          <value>73.8445205,20.0196194</value>
        </Data>
        <Data name="Category">
          <value>hospital</value>
        </Data>
        <Data name="Address">
          <value>Jatra-Nadur link road, Konark Nagar, Nashik, Maharashtra 422003, India</value>
        </Data>
        <Data name="Latitude">
          <value>20.0196194</value>
        </Data>
        <Data name="Longitude">
          <value>73.8445205</value>
        </Data>
        <Data name="Rating">
          <value>5.0</value>
        </Data>
        <Data name="Place_ID">
          <value>ChIJCfjeQNLB3TsROgOSGGbEBZ0</value>
        </Data>
        <Data name="Distance_m">
          <value>2521.0</value>
        </Data>
      </ExtendedData>
      <Point>
        <coordinates>
          73.8445205,20.0196194,0
        </coordinates>
      </Point>
    </Placemark>
    <Placemark>
      <name>Skinnovation Skin Clinic</name>
      <description><![CDATA[Description: <br>address: <br>phoneNumber: <br>Coordinates: 73.8653072,20.0343265<br>Category: medical_clinic<br>Address: Main Rd, near Mahamrityunjay mahadev mandir, opposite to mayur collection, Adgaon, Nashik, Maharashtra 422003, India<br>Latitude: 20.0343265<br>Longitude: 73.8653072<br>Rating: <br>Place_ID: ChIJ80LdFevr3TsRI3MtGWel6kk<br>Distance_m: 201]]></description>
      <styleUrl>#icon-1899-1A237E</styleUrl>
      <ExtendedData>
        <Data name="Description">
          <value/>
        </Data>
        <Data name="address">
          <value/>
        </Data>
        <Data name="phoneNumber">
          <value/>
        </Data>
        <Data name="Coordinates">
          <value>73.8653072,20.0343265</value>
        </Data>
        <Data name="Category">
          <value>medical_clinic</value>
        </Data>
        <Data name="Address">
          <value>Main Rd, near Mahamrityunjay mahadev mandir, opposite to mayur collection, Adgaon, Nashik, Maharashtra 422003, India</value>
        </Data>
        <Data name="Latitude">
          <value>20.0343265</value>
        </Data>
        <Data name="Longitude">
          <value>73.8653072</value>
        </Data>
        <Data name="Rating">
          <value/>
        </Data>
        <Data name="Place_ID">
          <value>ChIJ80LdFevr3TsRI3MtGWel6kk</value>
        </Data>
        <Data name="Distance_m">
          <value>201.0</value>
        </Data>
      </ExtendedData>
      <Point>
        <coordinates>
          73.8653072,20.0343265,0
        </coordinates>
      </Point>
    </Placemark>
    <Placemark>
      <name>Sidhivinayak Clinic, Best Homoeopathic Clinic In Nashik, Dr. Nitin Damodar Jagtap</name>
      <description><![CDATA[Description: <br>address: <br>phoneNumber: <br>Coordinates: 73.8433062,20.0161032<br>Category: medical_clinic<br>Address: 5, Sakar Yug Vrundavan Nagar Ozhar, Adgaon Shivar, Jatra-Nandur Rd, Konark Nagar, Nashik, Maharashtra 422003, India<br>Latitude: 20.0161032<br>Longitude: 73.8433062<br>Rating: 5<br>Place_ID: ChIJ54EvKlzB3TsR5YmxvWEdAGg<br>Distance_m: 2870]]></description>
      <styleUrl>#icon-1899-1A237E</styleUrl>
      <ExtendedData>
        <Data name="Description">
          <value/>
        </Data>
        <Data name="address">
          <value/>
        </Data>
        <Data name="phoneNumber">
          <value/>
        </Data>
        <Data name="Coordinates">
          <value>73.8433062,20.0161032</value>
        </Data>
        <Data name="Category">
          <value>medical_clinic</value>
        </Data>
        <Data name="Address">
          <value>5, Sakar Yug Vrundavan Nagar Ozhar, Adgaon Shivar, Jatra-Nandur Rd, Konark Nagar, Nashik, Maharashtra 422003, India</value>
        </Data>
        <Data name="Latitude">
          <value>20.0161032</value>
        </Data>
        <Data name="Longitude">
          <value>73.8433062</value>
        </Data>
        <Data name="Rating">
          <value>5.0</value>
        </Data>
        <Data name="Place_ID">
          <value>ChIJ54EvKlzB3TsR5YmxvWEdAGg</value>
        </Data>
        <Data name="Distance_m">
          <value>2870.0</value>
        </Data>
      </ExtendedData>
      <Point>
        <coordinates>
          73.8433062,20.0161032,0
        </coordinates>
      </Point>
    </Placemark>
    <Placemark>
      <name>Shree Niwas Clinic</name>
      <description><![CDATA[Description: <br>address: <br>phoneNumber: <br>Coordinates: 73.8657397,20.0348885<br>Category: medical_clinic<br>Address: 2VM8+X75, Adgaon Rd, Adgaon, Nashik, Maharashtra 422003, India<br>Latitude: 20.0348885<br>Longitude: 73.8657397<br>Rating: <br>Place_ID: ChIJsQ890pTB3TsRRtcEWnMSVqY<br>Distance_m: 272]]></description>
      <styleUrl>#icon-1899-1A237E</styleUrl>
      <ExtendedData>
        <Data name="Description">
          <value/>
        </Data>
        <Data name="address">
          <value/>
        </Data>
        <Data name="phoneNumber">
          <value/>
        </Data>
        <Data name="Coordinates">
          <value>73.8657397,20.0348885</value>
        </Data>
        <Data name="Category">
          <value>medical_clinic</value>
        </Data>
        <Data name="Address">
          <value>2VM8+X75, Adgaon Rd, Adgaon, Nashik, Maharashtra 422003, India</value>
        </Data>
        <Data name="Latitude">
          <value>20.0348885</value>
        </Data>
        <Data name="Longitude">
          <value>73.8657397</value>
        </Data>
        <Data name="Rating">
          <value/>
        </Data>
        <Data name="Place_ID">
          <value>ChIJsQ890pTB3TsRRtcEWnMSVqY</value>
        </Data>
        <Data name="Distance_m">
          <value>272.0</value>
        </Data>
      </ExtendedData>
      <Point>
        <coordinates>
          73.8657397,20.0348885,0
        </coordinates>
      </Point>
    </Placemark>
    <Placemark>
      <name>Venu Clinic</name>
      <description><![CDATA[Description: <br>address: <br>phoneNumber: <br>Coordinates: 73.865472,20.033724<br>Category: medical_clinic<br>Address: 2VM8+F5Q, Adgaon, Nashik, Maharashtra 422003, India<br>Latitude: 20.033724<br>Longitude: 73.865472<br>Rating: <br>Place_ID: ChIJqZcoLZXB3TsRXDtJfBu6iJw<br>Distance_m: 197]]></description>
      <styleUrl>#icon-1899-1A237E</styleUrl>
      <ExtendedData>
        <Data name="Description">
          <value/>
        </Data>
        <Data name="address">
          <value/>
        </Data>
        <Data name="phoneNumber">
          <value/>
        </Data>
        <Data name="Coordinates">
          <value>73.865472,20.033724</value>
        </Data>
        <Data name="Category">
          <value>medical_clinic</value>
        </Data>
        <Data name="Address">
          <value>2VM8+F5Q, Adgaon, Nashik, Maharashtra 422003, India</value>
        </Data>
        <Data name="Latitude">
          <value>20.033724</value>
        </Data>
        <Data name="Longitude">
          <value>73.865472</value>
        </Data>
        <Data name="Rating">
          <value/>
        </Data>
        <Data name="Place_ID">
          <value>ChIJqZcoLZXB3TsRXDtJfBu6iJw</value>
        </Data>
        <Data name="Distance_m">
          <value>197.0</value>
        </Data>
      </ExtendedData>
      <Point>
        <coordinates>
          73.865472,20.033724,0
        </coordinates>
      </Point>
    </Placemark>
    <Placemark>
      <name>shalyajay clinic</name>
      <description><![CDATA[Description: <br>address: <br>phoneNumber: <br>Coordinates: 73.8464693,20.0231257<br>Category: medical_clinic<br>Address: Shop No 4, 2RFW+7H5 Abhishek Heights, Nashik - Pune Rd, Sri Ram Nagar, Shivaji Nagar, Nashik, Maharashtra 422003, India<br>Latitude: 20.0231257<br>Longitude: 73.8464693<br>Rating: 5<br>Place_ID: ChIJmwnQGujr3TsRhp4UOPI6nRw<br>Distance_m: 2129]]></description>
      <styleUrl>#icon-1899-1A237E</styleUrl>
      <ExtendedData>
        <Data name="Description">
          <value/>
        </Data>
        <Data name="address">
          <value/>
        </Data>
        <Data name="phoneNumber">
          <value/>
        </Data>
        <Data name="Coordinates">
          <value>73.8464693,20.0231257</value>
        </Data>
        <Data name="Category">
          <value>medical_clinic</value>
        </Data>
        <Data name="Address">
          <value>Shop No 4, 2RFW+7H5 Abhishek Heights, Nashik - Pune Rd, Sri Ram Nagar, Shivaji Nagar, Nashik, Maharashtra 422003, India</value>
        </Data>
        <Data name="Latitude">
          <value>20.0231257</value>
        </Data>
        <Data name="Longitude">
          <value>73.8464693</value>
        </Data>
        <Data name="Rating">
          <value>5.0</value>
        </Data>
        <Data name="Place_ID">
          <value>ChIJmwnQGujr3TsRhp4UOPI6nRw</value>
        </Data>
        <Data name="Distance_m">
          <value>2129.0</value>
        </Data>
      </ExtendedData>
      <Point>
        <coordinates>
          73.8464693,20.0231257,0
        </coordinates>
      </Point>
    </Placemark>
    <Placemark>
      <name>Vignaharta Clinic</name>
      <description><![CDATA[Description: <br>address: <br>phoneNumber: <br>Coordinates: 73.7112239,19.9948394<br>Category: health<br>Address: Satmauli chowk, Shramik Nagar, Nashik, Maharashtra 422012, India<br>Latitude: 19.9948394<br>Longitude: 73.7112239<br>Rating: <br>Place_ID: ChIJwc_dFADt3TsRVVxlQtyr5TY<br>Distance_m: 825]]></description>
      <styleUrl>#icon-1899-1A237E</styleUrl>
      <ExtendedData>
        <Data name="Description">
          <value/>
        </Data>
        <Data name="address">
          <value/>
        </Data>
        <Data name="phoneNumber">
          <value/>
        </Data>
        <Data name="Coordinates">
          <value>73.7112239,19.9948394</value>
        </Data>
        <Data name="Category">
          <value>health</value>
        </Data>
        <Data name="Address">
          <value>Satmauli chowk, Shramik Nagar, Nashik, Maharashtra 422012, India</value>
        </Data>
        <Data name="Latitude">
          <value>19.9948394</value>
        </Data>
        <Data name="Longitude">
          <value>73.7112239</value>
        </Data>
        <Data name="Rating">
          <value/>
        </Data>
        <Data name="Place_ID">
          <value>ChIJwc_dFADt3TsRVVxlQtyr5TY</value>
        </Data>
        <Data name="Distance_m">
          <value>825.0</value>
        </Data>
      </ExtendedData>
      <Point>
        <coordinates>
          73.7112239,19.9948394,0
        </coordinates>
      </Point>
    </Placemark>
    <Placemark>
      <name>Chintamani Clinic by Dr. Bagul</name>
      <description><![CDATA[Description: <br>address: <br>phoneNumber: <br>Coordinates: 73.7006997,19.9979398<br>Category: medical_clinic<br>Address: Chintamani clinic, ground floor, Jai ganesh colony, opposite to raygad kirana, shramik nagar, near raygad kirana, Satpur Colony, Nashik, Maharashtra 422012, India<br>Latitude: 19.9979398<br>Longitude: 73.7006997<br>Rating: 5<br>Place_ID: ChIJ4ZdF3ant3TsRZw2dHdcdMGE<br>Distance_m: 1334]]></description>
      <styleUrl>#icon-1899-1A237E</styleUrl>
      <ExtendedData>
        <Data name="Description">
          <value/>
        </Data>
        <Data name="address">
          <value/>
        </Data>
        <Data name="phoneNumber">
          <value/>
        </Data>
        <Data name="Coordinates">
          <value>73.7006997,19.9979398</value>
        </Data>
        <Data name="Category">
          <value>medical_clinic</value>
        </Data>
        <Data name="Address">
          <value>Chintamani clinic, ground floor, Jai ganesh colony, opposite to raygad kirana, shramik nagar, near raygad kirana, Satpur Colony, Nashik, Maharashtra 422012, India</value>
        </Data>
        <Data name="Latitude">
          <value>19.9979398</value>
        </Data>
        <Data name="Longitude">
          <value>73.7006997</value>
        </Data>
        <Data name="Rating">
          <value>5.0</value>
        </Data>
        <Data name="Place_ID">
          <value>ChIJ4ZdF3ant3TsRZw2dHdcdMGE</value>
        </Data>
        <Data name="Distance_m">
          <value>1334.0</value>
        </Data>
      </ExtendedData>
      <Point>
        <coordinates>
          73.7006997,19.9979398,0
        </coordinates>
      </Point>
    </Placemark>
    <Placemark>
      <name>Unity Family Clinic</name>
      <description><![CDATA[Description: <br>address: <br>phoneNumber: <br>Coordinates: 73.7011292,19.9970737<br>Category: medical_clinic<br>Address: XPW2+RF, Nashik, Maharashtra 422012, India<br>Latitude: 19.9970737<br>Longitude: 73.7011292<br>Rating: 5<br>Place_ID: ChIJt7tNdwDt3TsRwA-h9sHtQTg<br>Distance_m: 2273]]></description>
      <styleUrl>#icon-1899-1A237E</styleUrl>
      <ExtendedData>
        <Data name="Description">
          <value/>
        </Data>
        <Data name="address">
          <value/>
        </Data>
        <Data name="phoneNumber">
          <value/>
        </Data>
        <Data name="Coordinates">
          <value>73.7011292,19.9970737</value>
        </Data>
        <Data name="Category">
          <value>medical_clinic</value>
        </Data>
        <Data name="Address">
          <value>XPW2+RF, Nashik, Maharashtra 422012, India</value>
        </Data>
        <Data name="Latitude">
          <value>19.9970737</value>
        </Data>
        <Data name="Longitude">
          <value>73.7011292</value>
        </Data>
        <Data name="Rating">
          <value>5.0</value>
        </Data>
        <Data name="Place_ID">
          <value>ChIJt7tNdwDt3TsRwA-h9sHtQTg</value>
        </Data>
        <Data name="Distance_m">
          <value>2273.0</value>
        </Data>
      </ExtendedData>
      <Point>
        <coordinates>
          73.7011292,19.9970737,0
        </coordinates>
      </Point>
    </Placemark>
    <Placemark>
      <name>Snehal Clinic</name>
      <description><![CDATA[Description: <br>address: <br>phoneNumber: <br>Coordinates: 73.7476017,19.9844409<br>Category: doctor<br>Address: Shop No 1098, Near, Ambedkar Chowk, Swarbaba Nagar, Satpur Colony, Nashik, Maharashtra 422008, India<br>Latitude: 19.9844409<br>Longitude: 73.7476017<br>Rating: <br>Place_ID: ChIJJc6sjJDt3TsRnD0mB9PhHmA<br>Distance_m: 2498]]></description>
      <styleUrl>#icon-1899-1A237E</styleUrl>
      <ExtendedData>
        <Data name="Description">
          <value/>
        </Data>
        <Data name="address">
          <value/>
        </Data>
        <Data name="phoneNumber">
          <value/>
        </Data>
        <Data name="Coordinates">
          <value>73.7476017,19.9844409</value>
        </Data>
        <Data name="Category">
          <value>doctor</value>
        </Data>
        <Data name="Address">
          <value>Shop No 1098, Near, Ambedkar Chowk, Swarbaba Nagar, Satpur Colony, Nashik, Maharashtra 422008, India</value>
        </Data>
        <Data name="Latitude">
          <value>19.9844409</value>
        </Data>
        <Data name="Longitude">
          <value>73.7476017</value>
        </Data>
        <Data name="Rating">
          <value/>
        </Data>
        <Data name="Place_ID">
          <value>ChIJJc6sjJDt3TsRnD0mB9PhHmA</value>
        </Data>
        <Data name="Distance_m">
          <value>2498.0</value>
        </Data>
      </ExtendedData>
      <Point>
        <coordinates>
          73.7476017,19.9844409,0
        </coordinates>
      </Point>
    </Placemark>
    <Placemark>
      <name><![CDATA[Madhavbaug Satpur Clinic & Dr. Joshi Ayurved Chikitsa Kendra]]></name>
      <description><![CDATA[Description: <br>address: <br>phoneNumber: <br>Coordinates: 73.722605,19.9865386<br>Category: health<br>Address: Dr. Joshi Nursing Home, Saubhaghya Lawns Lane, Plot No. 21, Trambakeshwar Rd, near Papaya Nursery, Ashoknagar, Satpur Colony, Nashik, Maharashtra 422012, India<br>Latitude: 19.9865386<br>Longitude: 73.722605<br>Rating: 5<br>Place_ID: ChIJDXdpJArt3TsRLv1wlqskWVg<br>Distance_m: 1808]]></description>
      <styleUrl>#icon-1899-1A237E</styleUrl>
      <ExtendedData>
        <Data name="Description">
          <value/>
        </Data>
        <Data name="address">
          <value/>
        </Data>
        <Data name="phoneNumber">
          <value/>
        </Data>
        <Data name="Coordinates">
          <value>73.722605,19.9865386</value>
        </Data>
        <Data name="Category">
          <value>health</value>
        </Data>
        <Data name="Address">
          <value>Dr. Joshi Nursing Home, Saubhaghya Lawns Lane, Plot No. 21, Trambakeshwar Rd, near Papaya Nursery, Ashoknagar, Satpur Colony, Nashik, Maharashtra 422012, India</value>
        </Data>
        <Data name="Latitude">
          <value>19.9865386</value>
        </Data>
        <Data name="Longitude">
          <value>73.722605</value>
        </Data>
        <Data name="Rating">
          <value>5.0</value>
        </Data>
        <Data name="Place_ID">
          <value>ChIJDXdpJArt3TsRLv1wlqskWVg</value>
        </Data>
        <Data name="Distance_m">
          <value>1808.0</value>
        </Data>
      </ExtendedData>
      <Point>
        <coordinates>
          73.722605,19.9865386,0
        </coordinates>
      </Point>
    </Placemark>
    <Placemark>
      <name><![CDATA[Joshi Nursing Home & Ayurved Chikitsa Kendra - Madhavbaug clinic]]></name>
      <description><![CDATA[Description: <br>address: <br>phoneNumber: <br>Coordinates: 73.7226129,19.9864776<br>Category: hospital<br>Address: Trambakeshwar Rd, near Papaya Nursery, Ashoknagar, Satpur Colony, Nashik, Maharashtra 422007, India<br>Latitude: 19.9864776<br>Longitude: 73.7226129<br>Rating: 4.8<br>Place_ID: ChIJK6uhyIjs3TsRxAdncpuWVQw<br>Distance_m: 1813]]></description>
      <styleUrl>#icon-1899-1A237E</styleUrl>
      <ExtendedData>
        <Data name="Description">
          <value/>
        </Data>
        <Data name="address">
          <value/>
        </Data>
        <Data name="phoneNumber">
          <value/>
        </Data>
        <Data name="Coordinates">
          <value>73.7226129,19.9864776</value>
        </Data>
        <Data name="Category">
          <value>hospital</value>
        </Data>
        <Data name="Address">
          <value>Trambakeshwar Rd, near Papaya Nursery, Ashoknagar, Satpur Colony, Nashik, Maharashtra 422007, India</value>
        </Data>
        <Data name="Latitude">
          <value>19.9864776</value>
        </Data>
        <Data name="Longitude">
          <value>73.7226129</value>
        </Data>
        <Data name="Rating">
          <value>4.8</value>
        </Data>
        <Data name="Place_ID">
          <value>ChIJK6uhyIjs3TsRxAdncpuWVQw</value>
        </Data>
        <Data name="Distance_m">
          <value>1813.0</value>
        </Data>
      </ExtendedData>
      <Point>
        <coordinates>
          73.7226129,19.9864776,0
        </coordinates>
      </Point>
    </Placemark>
    <Placemark>
      <name>City Clinic</name>
      <description><![CDATA[Description: <br>address: <br>phoneNumber: <br>Coordinates: 73.7293312,19.9692681<br>Category: hospital<br>Address: City clinic, Ambad Satpur Link Rd, Sanjeev Nagar, Nashik, Maharashtra 422010, India<br>Latitude: 19.9692681<br>Longitude: 73.7293312<br>Rating: 5<br>Place_ID: ChIJSXkhEsjt3TsRTEo8cnVZL1c<br>Distance_m: 1871]]></description>
      <styleUrl>#icon-1899-1A237E</styleUrl>
      <ExtendedData>
        <Data name="Description">
          <value/>
        </Data>
        <Data name="address">
          <value/>
        </Data>
        <Data name="phoneNumber">
          <value/>
        </Data>
        <Data name="Coordinates">
          <value>73.7293312,19.9692681</value>
        </Data>
        <Data name="Category">
          <value>hospital</value>
        </Data>
        <Data name="Address">
          <value>City clinic, Ambad Satpur Link Rd, Sanjeev Nagar, Nashik, Maharashtra 422010, India</value>
        </Data>
        <Data name="Latitude">
          <value>19.9692681</value>
        </Data>
        <Data name="Longitude">
          <value>73.7293312</value>
        </Data>
        <Data name="Rating">
          <value>5.0</value>
        </Data>
        <Data name="Place_ID">
          <value>ChIJSXkhEsjt3TsRTEo8cnVZL1c</value>
        </Data>
        <Data name="Distance_m">
          <value>1871.0</value>
        </Data>
      </ExtendedData>
      <Point>
        <coordinates>
          73.7293312,19.9692681,0
        </coordinates>
      </Point>
    </Placemark>
    <Placemark>
      <name>Dhanwantari Clinic</name>
      <description><![CDATA[Description: <br>address: <br>phoneNumber: <br>Coordinates: 73.7064531,19.9928144<br>Category: medical_clinic<br>Address: Balaji Apartment, Radhe Krishna Nagar, Ashoknagar, Satpur Colony, Nashik, Maharashtra 422012, India<br>Latitude: 19.9928144<br>Longitude: 73.7064531<br>Rating: 5<br>Place_ID: ChIJc0rfUBHt3TsR4wkyM8QDp3I<br>Distance_m: 2721]]></description>
      <styleUrl>#icon-1899-1A237E</styleUrl>
      <ExtendedData>
        <Data name="Description">
          <value/>
        </Data>
        <Data name="address">
          <value/>
        </Data>
        <Data name="phoneNumber">
          <value/>
        </Data>
        <Data name="Coordinates">
          <value>73.7064531,19.9928144</value>
        </Data>
        <Data name="Category">
          <value>medical_clinic</value>
        </Data>
        <Data name="Address">
          <value>Balaji Apartment, Radhe Krishna Nagar, Ashoknagar, Satpur Colony, Nashik, Maharashtra 422012, India</value>
        </Data>
        <Data name="Latitude">
          <value>19.9928144</value>
        </Data>
        <Data name="Longitude">
          <value>73.7064531</value>
        </Data>
        <Data name="Rating">
          <value>5.0</value>
        </Data>
        <Data name="Place_ID">
          <value>ChIJc0rfUBHt3TsR4wkyM8QDp3I</value>
        </Data>
        <Data name="Distance_m">
          <value>2721.0</value>
        </Data>
      </ExtendedData>
      <Point>
        <coordinates>
          73.7064531,19.9928144,0
        </coordinates>
      </Point>
    </Placemark>
    <Placemark>
      <name>NMC CIDCO UPHC</name>
      <description><![CDATA[Description: <br>address: <br>phoneNumber: <br>Coordinates: 73.768393,19.974698<br>Category: hospital<br>Address: XQF9+V9C, Mahatma phule Chowk, Old Cidco, Cidco, Lekha Nagar, Nashik, Maharashtra 422009, India<br>Latitude: 19.974698<br>Longitude: 73.768393<br>Rating: 4.1<br>Place_ID: ChIJm5dNNUDr3TsREIbOn0hwwc4<br>Distance_m: 1469]]></description>
      <styleUrl>#icon-1899-1A237E</styleUrl>
      <ExtendedData>
        <Data name="Description">
          <value/>
        </Data>
        <Data name="address">
          <value/>
        </Data>
        <Data name="phoneNumber">
          <value/>
        </Data>
        <Data name="Coordinates">
          <value>73.768393,19.974698</value>
        </Data>
        <Data name="Category">
          <value>hospital</value>
        </Data>
        <Data name="Address">
          <value>XQF9+V9C, Mahatma phule Chowk, Old Cidco, Cidco, Lekha Nagar, Nashik, Maharashtra 422009, India</value>
        </Data>
        <Data name="Latitude">
          <value>19.974698</value>
        </Data>
        <Data name="Longitude">
          <value>73.768393</value>
        </Data>
        <Data name="Rating">
          <value>4.1</value>
        </Data>
        <Data name="Place_ID">
          <value>ChIJm5dNNUDr3TsREIbOn0hwwc4</value>
        </Data>
        <Data name="Distance_m">
          <value>1469.0</value>
        </Data>
      </ExtendedData>
      <Point>
        <coordinates>
          73.768393,19.974698,0
        </coordinates>
      </Point>
    </Placemark>
    <Placemark>
      <name>Dr. Wajeda Tabassum(Shirin)</name>
      <description><![CDATA[Description: <br>address: <br>phoneNumber: <br>Coordinates: 73.794073,19.9824713<br>Category: doctor<br>Address: Plot no 16, Ammi Bunglow, Wadala Rd, Rehnuma Nagar, Nashik, Maharashtra 422011, India<br>Latitude: 19.9824713<br>Longitude: 73.794073<br>Rating: 5<br>Place_ID: ChIJpz8Zwb_r3TsR0nE1fbSzqss<br>Distance_m: 2214]]></description>
      <styleUrl>#icon-1899-1A237E</styleUrl>
      <ExtendedData>
        <Data name="Description">
          <value/>
        </Data>
        <Data name="address">
          <value/>
        </Data>
        <Data name="phoneNumber">
          <value/>
        </Data>
        <Data name="Coordinates">
          <value>73.794073,19.9824713</value>
        </Data>
        <Data name="Category">
          <value>doctor</value>
        </Data>
        <Data name="Address">
          <value>Plot no 16, Ammi Bunglow, Wadala Rd, Rehnuma Nagar, Nashik, Maharashtra 422011, India</value>
        </Data>
        <Data name="Latitude">
          <value>19.9824713</value>
        </Data>
        <Data name="Longitude">
          <value>73.794073</value>
        </Data>
        <Data name="Rating">
          <value>5.0</value>
        </Data>
        <Data name="Place_ID">
          <value>ChIJpz8Zwb_r3TsR0nE1fbSzqss</value>
        </Data>
        <Data name="Distance_m">
          <value>2214.0</value>
        </Data>
      </ExtendedData>
      <Point>
        <coordinates>
          73.794073,19.9824713,0
        </coordinates>
      </Point>
    </Placemark>
    <Placemark>
      <name>Aagartakli arogyavardhini kendra</name>
      <description><![CDATA[Description: <br>address: <br>phoneNumber: <br>Coordinates: 73.8095574,19.9712655<br>Category: hospital<br>Address: Gadge maharaj vasahat, Gandhi Nagar Airport Area, Nashik Road, aagartakli, Nashik, Maharashtra 422006, India<br>Latitude: 19.9712655<br>Longitude: 73.8095574<br>Rating: <br>Place_ID: ChIJeXgLSQDr3TsRJWwGPGdFLc0<br>Distance_m: 1692]]></description>
      <styleUrl>#icon-1899-1A237E</styleUrl>
      <ExtendedData>
        <Data name="Description">
          <value/>
        </Data>
        <Data name="address">
          <value/>
        </Data>
        <Data name="phoneNumber">
          <value/>
        </Data>
        <Data name="Coordinates">
          <value>73.8095574,19.9712655</value>
        </Data>
        <Data name="Category">
          <value>hospital</value>
        </Data>
        <Data name="Address">
          <value>Gadge maharaj vasahat, Gandhi Nagar Airport Area, Nashik Road, aagartakli, Nashik, Maharashtra 422006, India</value>
        </Data>
        <Data name="Latitude">
          <value>19.9712655</value>
        </Data>
        <Data name="Longitude">
          <value>73.8095574</value>
        </Data>
        <Data name="Rating">
          <value/>
        </Data>
        <Data name="Place_ID">
          <value>ChIJeXgLSQDr3TsRJWwGPGdFLc0</value>
        </Data>
        <Data name="Distance_m">
          <value>1692.0</value>
        </Data>
      </ExtendedData>
      <Point>
        <coordinates>
          73.8095574,19.9712655,0
        </coordinates>
      </Point>
    </Placemark>
    <Placemark>
      <name>Urban Public Health Center Upnagar</name>
      <description><![CDATA[Description: <br>address: <br>phoneNumber: <br>Coordinates: 73.8240436,19.9732545<br>Category: hospital<br>Address: UPHC UPNAGAR, XRFF+8J3, near Maharashtra High School, Shram Nagar, Nashik Road, Nashik, Maharashtra 422006, India<br>Latitude: 19.9732545<br>Longitude: 73.8240436<br>Rating: 3.4<br>Place_ID: ChIJEYhKnOzr3TsRgPkpSVKbqZs<br>Distance_m: 116]]></description>
      <styleUrl>#icon-1899-1A237E</styleUrl>
      <ExtendedData>
        <Data name="Description">
          <value/>
        </Data>
        <Data name="address">
          <value/>
        </Data>
        <Data name="phoneNumber">
          <value/>
        </Data>
        <Data name="Coordinates">
          <value>73.8240436,19.9732545</value>
        </Data>
        <Data name="Category">
          <value>hospital</value>
        </Data>
        <Data name="Address">
          <value>UPHC UPNAGAR, XRFF+8J3, near Maharashtra High School, Shram Nagar, Nashik Road, Nashik, Maharashtra 422006, India</value>
        </Data>
        <Data name="Latitude">
          <value>19.9732545</value>
        </Data>
        <Data name="Longitude">
          <value>73.8240436</value>
        </Data>
        <Data name="Rating">
          <value>3.4</value>
        </Data>
        <Data name="Place_ID">
          <value>ChIJEYhKnOzr3TsRgPkpSVKbqZs</value>
        </Data>
        <Data name="Distance_m">
          <value>116.0</value>
        </Data>
      </ExtendedData>
      <Point>
        <coordinates>
          73.8240436,19.9732545,0
        </coordinates>
      </Point>
    </Placemark>
    <Placemark>
      <name>Arogya vardhini kendra Bhor town ship satpur nashik</name>
      <description><![CDATA[Description: <br>address: <br>phoneNumber: <br>Coordinates: 73.7243802,19.9707727<br>Category: hospital<br>Address: Ambad Satpur Link Road, Bhor Town Ship, XPCF+8Q2, Chunchale, Nashik, Maharashtra 422010, India<br>Latitude: 19.9707727<br>Longitude: 73.7243802<br>Rating: <br>Place_ID: ChIJ3SPgKADt3TsRdMm19ic8Rw0<br>Distance_m: 2361]]></description>
      <styleUrl>#icon-1899-1A237E</styleUrl>
      <ExtendedData>
        <Data name="Description">
          <value/>
        </Data>
        <Data name="address">
          <value/>
        </Data>
        <Data name="phoneNumber">
          <value/>
        </Data>
        <Data name="Coordinates">
          <value>73.7243802,19.9707727</value>
        </Data>
        <Data name="Category">
          <value>hospital</value>
        </Data>
        <Data name="Address">
          <value>Ambad Satpur Link Road, Bhor Town Ship, XPCF+8Q2, Chunchale, Nashik, Maharashtra 422010, India</value>
        </Data>
        <Data name="Latitude">
          <value>19.9707727</value>
        </Data>
        <Data name="Longitude">
          <value>73.7243802</value>
        </Data>
        <Data name="Rating">
          <value/>
        </Data>
        <Data name="Place_ID">
          <value>ChIJ3SPgKADt3TsRdMm19ic8Rw0</value>
        </Data>
        <Data name="Distance_m">
          <value>2361.0</value>
        </Data>
      </ExtendedData>
      <Point>
        <coordinates>
          73.7243802,19.9707727,0
        </coordinates>
      </Point>
    </Placemark>
    <Placemark>
      <name>Vhora Clinic </name>
      <description><![CDATA[Description: <br>address: <br>phoneNumber: <br>Coordinates: 73.8019793,19.9902737<br>Category: medical_clinic<br>Address: XRR2+4Q5, Kathe Ln, Maneksha Nagar, Dwarka, Nashik, Maharashtra 422011, India<br>Latitude: 19.9902737<br>Longitude: 73.8019793<br>Rating: <br>Place_ID: ChIJSUH7tuTq3TsRBjMrFb7DmW4<br>Distance_m: 362]]></description>
      <styleUrl>#icon-1899-1A237E</styleUrl>
      <ExtendedData>
        <Data name="Description">
          <value/>
        </Data>
        <Data name="address">
          <value/>
        </Data>
        <Data name="phoneNumber">
          <value/>
        </Data>
        <Data name="Coordinates">
          <value>73.8019793,19.9902737</value>
        </Data>
        <Data name="Category">
          <value>medical_clinic</value>
        </Data>
        <Data name="Address">
          <value>XRR2+4Q5, Kathe Ln, Maneksha Nagar, Dwarka, Nashik, Maharashtra 422011, India</value>
        </Data>
        <Data name="Latitude">
          <value>19.9902737</value>
        </Data>
        <Data name="Longitude">
          <value>73.8019793</value>
        </Data>
        <Data name="Rating">
          <value/>
        </Data>
        <Data name="Place_ID">
          <value>ChIJSUH7tuTq3TsRBjMrFb7DmW4</value>
        </Data>
        <Data name="Distance_m">
          <value>362.0</value>
        </Data>
      </ExtendedData>
      <Point>
        <coordinates>
          73.8019793,19.9902737,0
        </coordinates>
      </Point>
    </Placemark>
    <Placemark>
      <name>Dr. M.M. Bhavsar</name>
      <description><![CDATA[Description: <br>address: <br>phoneNumber: <br>Coordinates: 73.7446935,19.9609192<br>Category: medical_clinic<br>Address: Shop No. 12, Matoshree Sankul, Near Manpa School, Ambad Khrud, Panchwati, Ambad Village, Nashik, Maharashtra 422010, India<br>Latitude: 19.9609192<br>Longitude: 73.7446935<br>Rating: 5<br>Place_ID: ChIJJXLciqjs3TsRJ5rx9k0snSA<br>Distance_m: 1308]]></description>
      <styleUrl>#icon-1899-1A237E</styleUrl>
      <ExtendedData>
        <Data name="Description">
          <value/>
        </Data>
        <Data name="address">
          <value/>
        </Data>
        <Data name="phoneNumber">
          <value/>
        </Data>
        <Data name="Coordinates">
          <value>73.7446935,19.9609192</value>
        </Data>
        <Data name="Category">
          <value>medical_clinic</value>
        </Data>
        <Data name="Address">
          <value>Shop No. 12, Matoshree Sankul, Near Manpa School, Ambad Khrud, Panchwati, Ambad Village, Nashik, Maharashtra 422010, India</value>
        </Data>
        <Data name="Latitude">
          <value>19.9609192</value>
        </Data>
        <Data name="Longitude">
          <value>73.7446935</value>
        </Data>
        <Data name="Rating">
          <value>5.0</value>
        </Data>
        <Data name="Place_ID">
          <value>ChIJJXLciqjs3TsRJ5rx9k0snSA</value>
        </Data>
        <Data name="Distance_m">
          <value>1308.0</value>
        </Data>
      </ExtendedData>
      <Point>
        <coordinates>
          73.7446935,19.9609192,0
        </coordinates>
      </Point>
    </Placemark>
    <Placemark>
      <name><![CDATA[Dr.Suvarna Naik's Online Homoeopathy Consultation]]></name>
      <description><![CDATA[Description: <br>address: <br>phoneNumber: <br>Coordinates: 73.802764,19.992004<br>Category: health<br>Address: Naik Clinic, Late Vijaysheth Agarwal Marg, Kathe Ln, Dwarka, Nashik, Maharashtra 422011, India<br>Latitude: 19.992004<br>Longitude: 73.802764<br>Rating: 5<br>Place_ID: ChIJ93ctdTbr3TsR5O7NSoEu6Ys<br>Distance_m: 1610]]></description>
      <styleUrl>#icon-1899-1A237E</styleUrl>
      <ExtendedData>
        <Data name="Description">
          <value/>
        </Data>
        <Data name="address">
          <value/>
        </Data>
        <Data name="phoneNumber">
          <value/>
        </Data>
        <Data name="Coordinates">
          <value>73.802764,19.992004</value>
        </Data>
        <Data name="Category">
          <value>health</value>
        </Data>
        <Data name="Address">
          <value>Naik Clinic, Late Vijaysheth Agarwal Marg, Kathe Ln, Dwarka, Nashik, Maharashtra 422011, India</value>
        </Data>
        <Data name="Latitude">
          <value>19.992004</value>
        </Data>
        <Data name="Longitude">
          <value>73.802764</value>
        </Data>
        <Data name="Rating">
          <value>5.0</value>
        </Data>
        <Data name="Place_ID">
          <value>ChIJ93ctdTbr3TsR5O7NSoEu6Ys</value>
        </Data>
        <Data name="Distance_m">
          <value>1610.0</value>
        </Data>
      </ExtendedData>
      <Point>
        <coordinates>
          73.802764,19.992004,0
        </coordinates>
      </Point>
    </Placemark>
    <Placemark>
      <name>Dr. Tasneem Indorewala Vhora</name>
      <description><![CDATA[Description: <br>address: <br>phoneNumber: <br>Coordinates: 73.8021979,19.9934098<br>Category: medical_clinic<br>Address: Kathe Ln, Dwarka, Nashik, Maharashtra 422011, India<br>Latitude: 19.9934098<br>Longitude: 73.8021979<br>Rating: 5<br>Place_ID: ChIJTzG3dPvq3TsR4QWjNuIeJ60<br>Distance_m: 161]]></description>
      <styleUrl>#icon-1899-1A237E</styleUrl>
      <ExtendedData>
        <Data name="Description">
          <value/>
        </Data>
        <Data name="address">
          <value/>
        </Data>
        <Data name="phoneNumber">
          <value/>
        </Data>
        <Data name="Coordinates">
          <value>73.8021979,19.9934098</value>
        </Data>
        <Data name="Category">
          <value>medical_clinic</value>
        </Data>
        <Data name="Address">
          <value>Kathe Ln, Dwarka, Nashik, Maharashtra 422011, India</value>
        </Data>
        <Data name="Latitude">
          <value>19.9934098</value>
        </Data>
        <Data name="Longitude">
          <value>73.8021979</value>
        </Data>
        <Data name="Rating">
          <value>5.0</value>
        </Data>
        <Data name="Place_ID">
          <value>ChIJTzG3dPvq3TsR4QWjNuIeJ60</value>
        </Data>
        <Data name="Distance_m">
          <value>161.0</value>
        </Data>
      </ExtendedData>
      <Point>
        <coordinates>
          73.8021979,19.9934098,0
        </coordinates>
      </Point>
    </Placemark>
    <Placemark>
      <name>Dr. Ashok Vankalas</name>
      <description><![CDATA[Description: <br>address: <br>phoneNumber: <br>Coordinates: 73.8062066,19.9925402<br>Category: hospital<br>Address: Anandvan apartment by ravi mahajan, Jejurkar Ln, Dwarka, Nashik, Maharashtra 422011, India<br>Latitude: 19.9925402<br>Longitude: 73.8062066<br>Rating: 5<br>Place_ID: ChIJe3kKuHXr3TsRx04kmk_yHbU<br>Distance_m: 1366]]></description>
      <styleUrl>#icon-1899-1A237E</styleUrl>
      <ExtendedData>
        <Data name="Description">
          <value/>
        </Data>
        <Data name="address">
          <value/>
        </Data>
        <Data name="phoneNumber">
          <value/>
        </Data>
        <Data name="Coordinates">
          <value>73.8062066,19.9925402</value>
        </Data>
        <Data name="Category">
          <value>hospital</value>
        </Data>
        <Data name="Address">
          <value>Anandvan apartment by ravi mahajan, Jejurkar Ln, Dwarka, Nashik, Maharashtra 422011, India</value>
        </Data>
        <Data name="Latitude">
          <value>19.9925402</value>
        </Data>
        <Data name="Longitude">
          <value>73.8062066</value>
        </Data>
        <Data name="Rating">
          <value>5.0</value>
        </Data>
        <Data name="Place_ID">
          <value>ChIJe3kKuHXr3TsRx04kmk_yHbU</value>
        </Data>
        <Data name="Distance_m">
          <value>1366.0</value>
        </Data>
      </ExtendedData>
      <Point>
        <coordinates>
          73.8062066,19.9925402,0
        </coordinates>
      </Point>
    </Placemark>
    <Placemark>
      <name>THS Plus Clinics</name>
      <description><![CDATA[Description: <br>address: <br>phoneNumber: <br>Coordinates: 73.7551825,20.0083881<br>Category: doctor<br>Address: 4, Nexus Point, Bhonsala Circle, College Rd, Rambhoomi, Veer Sawarkar Nagar, Nashik, Maharashtra 422005, India<br>Latitude: 20.0083881<br>Longitude: 73.7551825<br>Rating: 4.5<br>Place_ID: ChIJcTTe4ojr3TsRpoouqY6Tlyw<br>Distance_m: 859]]></description>
      <styleUrl>#icon-1899-1A237E</styleUrl>
      <ExtendedData>
        <Data name="Description">
          <value/>
        </Data>
        <Data name="address">
          <value/>
        </Data>
        <Data name="phoneNumber">
          <value/>
        </Data>
        <Data name="Coordinates">
          <value>73.7551825,20.0083881</value>
        </Data>
        <Data name="Category">
          <value>doctor</value>
        </Data>
        <Data name="Address">
          <value>4, Nexus Point, Bhonsala Circle, College Rd, Rambhoomi, Veer Sawarkar Nagar, Nashik, Maharashtra 422005, India</value>
        </Data>
        <Data name="Latitude">
          <value>20.0083881</value>
        </Data>
        <Data name="Longitude">
          <value>73.7551825</value>
        </Data>
        <Data name="Rating">
          <value>4.5</value>
        </Data>
        <Data name="Place_ID">
          <value>ChIJcTTe4ojr3TsRpoouqY6Tlyw</value>
        </Data>
        <Data name="Distance_m">
          <value>859.0</value>
        </Data>
      </ExtendedData>
      <Point>
        <coordinates>
          73.7551825,20.0083881,0
        </coordinates>
      </Point>
    </Placemark>
    <Placemark>
      <name>Shree Gajanan ayurved chikitsalaya</name>
      <description><![CDATA[Description: <br>address: <br>phoneNumber: <br>Coordinates: 73.7665969,20.0058463<br>Category: health<br>Address: Patil Lane, 3, College Rd, opposite Big Bazar, Patil Colony, Canada Corner, Nashik, Maharashtra 422005, India<br>Latitude: 20.0058463<br>Longitude: 73.7665969<br>Rating: 4.8<br>Place_ID: ChIJOyYoSaDr3TsRG7Lf8f1TP5Q<br>Distance_m: 376]]></description>
      <styleUrl>#icon-1899-1A237E</styleUrl>
      <ExtendedData>
        <Data name="Description">
          <value/>
        </Data>
        <Data name="address">
          <value/>
        </Data>
        <Data name="phoneNumber">
          <value/>
        </Data>
        <Data name="Coordinates">
          <value>73.7665969,20.0058463</value>
        </Data>
        <Data name="Category">
          <value>health</value>
        </Data>
        <Data name="Address">
          <value>Patil Lane, 3, College Rd, opposite Big Bazar, Patil Colony, Canada Corner, Nashik, Maharashtra 422005, India</value>
        </Data>
        <Data name="Latitude">
          <value>20.0058463</value>
        </Data>
        <Data name="Longitude">
          <value>73.7665969</value>
        </Data>
        <Data name="Rating">
          <value>4.8</value>
        </Data>
        <Data name="Place_ID">
          <value>ChIJOyYoSaDr3TsRG7Lf8f1TP5Q</value>
        </Data>
        <Data name="Distance_m">
          <value>376.0</value>
        </Data>
      </ExtendedData>
      <Point>
        <coordinates>
          73.7665969,20.0058463,0
        </coordinates>
      </Point>
    </Placemark>
    <Placemark>
      <name>NewCasualty</name>
      <description><![CDATA[Description: <br>address: <br>phoneNumber: <br>Coordinates: 73.7781816,19.9981208<br>Category: hospital<br>Address: XQXH+45M, Police Staff Colony, Nashik, Maharashtra 422002, India<br>Latitude: 19.9981208<br>Longitude: 73.7781816<br>Rating: 5<br>Place_ID: ChIJf_YaXgDr3TsRlwvd_LhuaHk<br>Distance_m: 1133]]></description>
      <styleUrl>#icon-1899-1A237E</styleUrl>
      <ExtendedData>
        <Data name="Description">
          <value/>
        </Data>
        <Data name="address">
          <value/>
        </Data>
        <Data name="phoneNumber">
          <value/>
        </Data>
        <Data name="Coordinates">
          <value>73.7781816,19.9981208</value>
        </Data>
        <Data name="Category">
          <value>hospital</value>
        </Data>
        <Data name="Address">
          <value>XQXH+45M, Police Staff Colony, Nashik, Maharashtra 422002, India</value>
        </Data>
        <Data name="Latitude">
          <value>19.9981208</value>
        </Data>
        <Data name="Longitude">
          <value>73.7781816</value>
        </Data>
        <Data name="Rating">
          <value>5.0</value>
        </Data>
        <Data name="Place_ID">
          <value>ChIJf_YaXgDr3TsRlwvd_LhuaHk</value>
        </Data>
        <Data name="Distance_m">
          <value>1133.0</value>
        </Data>
      </ExtendedData>
      <Point>
        <coordinates>
          73.7781816,19.9981208,0
        </coordinates>
      </Point>
    </Placemark>
    <Placemark>
      <name>Dr. Ramakant Bhivsan</name>
      <description><![CDATA[Description: <br>address: <br>phoneNumber: <br>Coordinates: 73.7964131,20.0110735<br>Category: doctor<br>Address: Shop no. 6/Ground floor, Rejoice Orthocare Clinic, Surya Arcade, Near Nimani Bus Stand, Panchavati, Nashik, Maharashtra 422003, India<br>Latitude: 20.0110735<br>Longitude: 73.7964131<br>Rating: 5<br>Place_ID: ChIJpSSN2yfr3TsReJyCO-RVJZE<br>Distance_m: 503]]></description>
      <styleUrl>#icon-1899-1A237E</styleUrl>
      <ExtendedData>
        <Data name="Description">
          <value/>
        </Data>
        <Data name="address">
          <value/>
        </Data>
        <Data name="phoneNumber">
          <value/>
        </Data>
        <Data name="Coordinates">
          <value>73.7964131,20.0110735</value>
        </Data>
        <Data name="Category">
          <value>doctor</value>
        </Data>
        <Data name="Address">
          <value>Shop no. 6/Ground floor, Rejoice Orthocare Clinic, Surya Arcade, Near Nimani Bus Stand, Panchavati, Nashik, Maharashtra 422003, India</value>
        </Data>
        <Data name="Latitude">
          <value>20.0110735</value>
        </Data>
        <Data name="Longitude">
          <value>73.7964131</value>
        </Data>
        <Data name="Rating">
          <value>5.0</value>
        </Data>
        <Data name="Place_ID">
          <value>ChIJpSSN2yfr3TsReJyCO-RVJZE</value>
        </Data>
        <Data name="Distance_m">
          <value>503.0</value>
        </Data>
      </ExtendedData>
      <Point>
        <coordinates>
          73.7964131,20.0110735,0
        </coordinates>
      </Point>
    </Placemark>
    <Placemark>
      <name>Dr. Patole</name>
      <description><![CDATA[Description: <br>address: <br>phoneNumber: <br>Coordinates: 73.8367845,19.9497022<br>Category: hospital<br>Address: Nashikroad Star Plus building, opposite Durga garden, Anand Nagar, Nashik Road, Nashik, Maharashtra 422101, India<br>Latitude: 19.9497022<br>Longitude: 73.8367845<br>Rating: 4.8<br>Place_ID: ChIJwyS2c6jq3TsRCbpfnQK_43E<br>Distance_m: 2233]]></description>
      <styleUrl>#icon-1899-1A237E</styleUrl>
      <ExtendedData>
        <Data name="Description">
          <value/>
        </Data>
        <Data name="address">
          <value/>
        </Data>
        <Data name="phoneNumber">
          <value/>
        </Data>
        <Data name="Coordinates">
          <value>73.8367845,19.9497022</value>
        </Data>
        <Data name="Category">
          <value>hospital</value>
        </Data>
        <Data name="Address">
          <value>Nashikroad Star Plus building, opposite Durga garden, Anand Nagar, Nashik Road, Nashik, Maharashtra 422101, India</value>
        </Data>
        <Data name="Latitude">
          <value>19.9497022</value>
        </Data>
        <Data name="Longitude">
          <value>73.8367845</value>
        </Data>
        <Data name="Rating">
          <value>4.8</value>
        </Data>
        <Data name="Place_ID">
          <value>ChIJwyS2c6jq3TsRCbpfnQK_43E</value>
        </Data>
        <Data name="Distance_m">
          <value>2233.0</value>
        </Data>
      </ExtendedData>
      <Point>
        <coordinates>
          73.8367845,19.9497022,0
        </coordinates>
      </Point>
    </Placemark>
    <Placemark>
      <name>Dr. J. Soundararajan.</name>
      <description><![CDATA[Description: <br>address: <br>phoneNumber: <br>Coordinates: 73.7398511,20.0102455<br>Category: medical_clinic<br>Address: SANTHA MANIPULATIVE THERAPY CLINIC. Revati Magic, 2P6Q+3WX, Gangapur Rd, opp. Wisdom Highschool, Rameshwar Nagar, Balawant Nagar, Anandvalli, Nashik, Maharashtra 422013, India<br>Latitude: 20.0102455<br>Longitude: 73.7398511<br>Rating: 4.1<br>Place_ID: ChIJVR61hjLt3TsRHu0X-rAiJHE<br>Distance_m: 1103]]></description>
      <styleUrl>#icon-1899-1A237E</styleUrl>
      <ExtendedData>
        <Data name="Description">
          <value/>
        </Data>
        <Data name="address">
          <value/>
        </Data>
        <Data name="phoneNumber">
          <value/>
        </Data>
        <Data name="Coordinates">
          <value>73.7398511,20.0102455</value>
        </Data>
        <Data name="Category">
          <value>medical_clinic</value>
        </Data>
        <Data name="Address">
          <value>SANTHA MANIPULATIVE THERAPY CLINIC. Revati Magic, 2P6Q+3WX, Gangapur Rd, opp. Wisdom Highschool, Rameshwar Nagar, Balawant Nagar, Anandvalli, Nashik, Maharashtra 422013, India</value>
        </Data>
        <Data name="Latitude">
          <value>20.0102455</value>
        </Data>
        <Data name="Longitude">
          <value>73.7398511</value>
        </Data>
        <Data name="Rating">
          <value>4.1</value>
        </Data>
        <Data name="Place_ID">
          <value>ChIJVR61hjLt3TsRHu0X-rAiJHE</value>
        </Data>
        <Data name="Distance_m">
          <value>1103.0</value>
        </Data>
      </ExtendedData>
      <Point>
        <coordinates>
          73.7398511,20.0102455,0
        </coordinates>
      </Point>
    </Placemark>
    <Placemark>
      <name><![CDATA[Dr. Ganesh Aher's Ortho Planet]]></name>
      <description><![CDATA[Description: <br>address: <br>phoneNumber: <br>Coordinates: 73.7831995,20.0342993<br>Category: doctor<br>Address: 3rd Floor, NYSA Business Center, Makhmalabad Rd, Ghadge Nagar, Makhmalabad, Nashik, Maharashtra 422003, India<br>Latitude: 20.0342993<br>Longitude: 73.7831995<br>Rating: 4.9<br>Place_ID: ChIJLQkvdOnr3TsRGUTucFGeM4I<br>Distance_m: 1338]]></description>
      <styleUrl>#icon-1899-1A237E</styleUrl>
      <ExtendedData>
        <Data name="Description">
          <value/>
        </Data>
        <Data name="address">
          <value/>
        </Data>
        <Data name="phoneNumber">
          <value/>
        </Data>
        <Data name="Coordinates">
          <value>73.7831995,20.0342993</value>
        </Data>
        <Data name="Category">
          <value>doctor</value>
        </Data>
        <Data name="Address">
          <value>3rd Floor, NYSA Business Center, Makhmalabad Rd, Ghadge Nagar, Makhmalabad, Nashik, Maharashtra 422003, India</value>
        </Data>
        <Data name="Latitude">
          <value>20.0342993</value>
        </Data>
        <Data name="Longitude">
          <value>73.7831995</value>
        </Data>
        <Data name="Rating">
          <value>4.9</value>
        </Data>
        <Data name="Place_ID">
          <value>ChIJLQkvdOnr3TsRGUTucFGeM4I</value>
        </Data>
        <Data name="Distance_m">
          <value>1338.0</value>
        </Data>
      </ExtendedData>
      <Point>
        <coordinates>
          73.7831995,20.0342993,0
        </coordinates>
      </Point>
    </Placemark>
    <Placemark>
      <name>UPHC Makhmalabad</name>
      <description><![CDATA[Description: <br>address: <br>phoneNumber: <br>Coordinates: 73.7721667,20.0449585<br>Category: hospital<br>Address: 66/A/78, Gamane Mala, Makhmalabad, Nashik, Maharashtra 422003, India<br>Latitude: 20.0449585<br>Longitude: 73.7721667<br>Rating: 4<br>Place_ID: ChIJX36PKgDr3TsRgRu62RKaDVA<br>Distance_m: 1525]]></description>
      <styleUrl>#icon-1899-1A237E</styleUrl>
      <ExtendedData>
        <Data name="Description">
          <value/>
        </Data>
        <Data name="address">
          <value/>
        </Data>
        <Data name="phoneNumber">
          <value/>
        </Data>
        <Data name="Coordinates">
          <value>73.7721667,20.0449585</value>
        </Data>
        <Data name="Category">
          <value>hospital</value>
        </Data>
        <Data name="Address">
          <value>66/A/78, Gamane Mala, Makhmalabad, Nashik, Maharashtra 422003, India</value>
        </Data>
        <Data name="Latitude">
          <value>20.0449585</value>
        </Data>
        <Data name="Longitude">
          <value>73.7721667</value>
        </Data>
        <Data name="Rating">
          <value>4.0</value>
        </Data>
        <Data name="Place_ID">
          <value>ChIJX36PKgDr3TsRgRu62RKaDVA</value>
        </Data>
        <Data name="Distance_m">
          <value>1525.0</value>
        </Data>
      </ExtendedData>
      <Point>
        <coordinates>
          73.7721667,20.0449585,0
        </coordinates>
      </Point>
    </Placemark>
  </Document>
</kml>
