<?xml version="1.0" encoding="UTF-8"?>
<kml xmlns="http://www.opengis.net/kml/2.2">
  <Document>
    <name>general hospital.csv</name>
    <Style id="icon-1899-097138-normal">
      <IconStyle>
        <color>ff387109</color>
        <scale>1</scale>
        <Icon>
          <href>https://www.gstatic.com/mapspro/images/stock/503-wht-blank_maps.png</href>
        </Icon>
        <hotSpot x="32" xunits="pixels" y="64" yunits="insetPixels"/>
      </IconStyle>
      <LabelStyle>
        <scale>0</scale>
      </LabelStyle>
    </Style>
    <Style id="icon-1899-097138-highlight">
      <IconStyle>
        <color>ff387109</color>
        <scale>1</scale>
        <Icon>
          <href>https://www.gstatic.com/mapspro/images/stock/503-wht-blank_maps.png</href>
        </Icon>
        <hotSpot x="32" xunits="pixels" y="64" yunits="insetPixels"/>
      </IconStyle>
      <LabelStyle>
        <scale>1</scale>
      </LabelStyle>
    </Style>
    <StyleMap id="icon-1899-097138">
      <Pair>
        <key>normal</key>
        <styleUrl>#icon-1899-097138-normal</styleUrl>
      </Pair>
      <Pair>
        <key>highlight</key>
        <styleUrl>#icon-1899-097138-highlight</styleUrl>
      </Pair>
    </StyleMap>
    <Placemark>
      <name>Suyog Hospital Dr. Prakash Bhokre</name>
      <description><![CDATA[Description: <br>address: <br>phoneNumber: <br>Coordinates: 73.7645644,19.9668208<br>Category: hospital<br>Address: PLOT NO. 31, MARGASIRSH SECTOR, MORWADI ROAD, BEHIND AMBAD POLICE STATION, SHRI RAM COLONY, Cidco, Nashik, Maharashtra 422009, India<br>Latitude: 19.9668208<br>Longitude: 73.7645644<br>Rating: 4<br>Place_ID: ChIJpyXHzUXr3TsRlATw0A75lWM<br>Distance_m: 151<br>unnamed (1): <br>unnamed (2): <br>unnamed (3): <br>unnamed (4): <br>unnamed (5): <br>unnamed (6): <br>unnamed (7): <br>unnamed (8): <br>unnamed (9): <br>unnamed (10): <br>unnamed (11): <br>unnamed (12): ]]></description>
      <styleUrl>#icon-1899-097138</styleUrl>
      <ExtendedData>
        <Data name="Description">
          <value/>
        </Data>
        <Data name="address">
          <value/>
        </Data>
        <Data name="phoneNumber">
          <value/>
        </Data>
        <Data name="Coordinates">
          <value>73.7645644,19.9668208</value>
        </Data>
        <Data name="Category">
          <value>hospital</value>
        </Data>
        <Data name="Address">
          <value>PLOT NO. 31, MARGASIRSH SECTOR, MORWADI ROAD, BEHIND AMBAD POLICE STATION, SHRI RAM COLONY, Cidco, Nashik, Maharashtra 422009, India</value>
        </Data>
        <Data name="Latitude">
          <value>19.9668208</value>
        </Data>
        <Data name="Longitude">
          <value>73.7645644</value>
        </Data>
        <Data name="Rating">
          <value>4.0</value>
        </Data>
        <Data name="Place_ID">
          <value>ChIJpyXHzUXr3TsRlATw0A75lWM</value>
        </Data>
        <Data name="Distance_m">
          <value>151.0</value>
        </Data>
        <Data name="unnamed (1)">
          <value/>
        </Data>
        <Data name="unnamed (2)">
          <value/>
        </Data>
        <Data name="unnamed (3)">
          <value/>
        </Data>
        <Data name="unnamed (4)">
          <value/>
        </Data>
        <Data name="unnamed (5)">
          <value/>
        </Data>
        <Data name="unnamed (6)">
          <value/>
        </Data>
        <Data name="unnamed (7)">
          <value/>
        </Data>
        <Data name="unnamed (8)">
          <value/>
        </Data>
        <Data name="unnamed (9)">
          <value/>
        </Data>
        <Data name="unnamed (10)">
          <value/>
        </Data>
        <Data name="unnamed (11)">
          <value/>
        </Data>
        <Data name="unnamed (12)">
          <value/>
        </Data>
      </ExtendedData>
      <Point>
        <coordinates>
          73.7645644,19.9668208,0
        </coordinates>
      </Point>
    </Placemark>
    <Placemark>
      <name>Nitin Hospital And Medical</name>
      <description><![CDATA[Description: <br>address: <br>phoneNumber: <br>Coordinates: 73.7591087,19.9684181<br>Category: hospital<br>Address: Saibaba Nagar, Cidco, Nashik, Maharashtra 422009, India<br>Latitude: 19.9684181<br>Longitude: 73.7591087<br>Rating: 4<br>Place_ID: ChIJ3TK4Tlvr3TsRwa4fjXpLaHU<br>Distance_m: 475<br>unnamed (1): <br>unnamed (2): <br>unnamed (3): <br>unnamed (4): <br>unnamed (5): <br>unnamed (6): <br>unnamed (7): <br>unnamed (8): <br>unnamed (9): <br>unnamed (10): <br>unnamed (11): <br>unnamed (12): ]]></description>
      <styleUrl>#icon-1899-097138</styleUrl>
      <ExtendedData>
        <Data name="Description">
          <value/>
        </Data>
        <Data name="address">
          <value/>
        </Data>
        <Data name="phoneNumber">
          <value/>
        </Data>
        <Data name="Coordinates">
          <value>73.7591087,19.9684181</value>
        </Data>
        <Data name="Category">
          <value>hospital</value>
        </Data>
        <Data name="Address">
          <value>Saibaba Nagar, Cidco, Nashik, Maharashtra 422009, India</value>
        </Data>
        <Data name="Latitude">
          <value>19.9684181</value>
        </Data>
        <Data name="Longitude">
          <value>73.7591087</value>
        </Data>
        <Data name="Rating">
          <value>4.0</value>
        </Data>
        <Data name="Place_ID">
          <value>ChIJ3TK4Tlvr3TsRwa4fjXpLaHU</value>
        </Data>
        <Data name="Distance_m">
          <value>475.0</value>
        </Data>
        <Data name="unnamed (1)">
          <value/>
        </Data>
        <Data name="unnamed (2)">
          <value/>
        </Data>
        <Data name="unnamed (3)">
          <value/>
        </Data>
        <Data name="unnamed (4)">
          <value/>
        </Data>
        <Data name="unnamed (5)">
          <value/>
        </Data>
        <Data name="unnamed (6)">
          <value/>
        </Data>
        <Data name="unnamed (7)">
          <value/>
        </Data>
        <Data name="unnamed (8)">
          <value/>
        </Data>
        <Data name="unnamed (9)">
          <value/>
        </Data>
        <Data name="unnamed (10)">
          <value/>
        </Data>
        <Data name="unnamed (11)">
          <value/>
        </Data>
        <Data name="unnamed (12)">
          <value/>
        </Data>
      </ExtendedData>
      <Point>
        <coordinates>
          73.7591087,19.9684181,0
        </coordinates>
      </Point>
    </Placemark>
    <Placemark>
      <name>Kekan Hospital</name>
      <description><![CDATA[Description: <br>address: <br>phoneNumber: <br>Coordinates: 73.776942,20.0081149<br>Category: hospital<br>Address: Lokmanya Nagar, Gangapur Rd, near K.T.H.M. Ladies Hostel, Shivaji Nagar, Nashik, Maharashtra 422002, India<br>Latitude: 20.0081149<br>Longitude: 73.776942<br>Rating: 4.6<br>Place_ID: ChIJ3SzzX5jr3TsREcEKQNiDqKY<br>Distance_m: 2831<br>unnamed (1): <br>unnamed (2): <br>unnamed (3): <br>unnamed (4): <br>unnamed (5): <br>unnamed (6): <br>unnamed (7): <br>unnamed (8): <br>unnamed (9): <br>unnamed (10): <br>unnamed (11): <br>unnamed (12): ]]></description>
      <styleUrl>#icon-1899-097138</styleUrl>
      <ExtendedData>
        <Data name="Description">
          <value/>
        </Data>
        <Data name="address">
          <value/>
        </Data>
        <Data name="phoneNumber">
          <value/>
        </Data>
        <Data name="Coordinates">
          <value>73.776942,20.0081149</value>
        </Data>
        <Data name="Category">
          <value>hospital</value>
        </Data>
        <Data name="Address">
          <value>Lokmanya Nagar, Gangapur Rd, near K.T.H.M. Ladies Hostel, Shivaji Nagar, Nashik, Maharashtra 422002, India</value>
        </Data>
        <Data name="Latitude">
          <value>20.0081149</value>
        </Data>
        <Data name="Longitude">
          <value>73.776942</value>
        </Data>
        <Data name="Rating">
          <value>4.6</value>
        </Data>
        <Data name="Place_ID">
          <value>ChIJ3SzzX5jr3TsREcEKQNiDqKY</value>
        </Data>
        <Data name="Distance_m">
          <value>2831.0</value>
        </Data>
        <Data name="unnamed (1)">
          <value/>
        </Data>
        <Data name="unnamed (2)">
          <value/>
        </Data>
        <Data name="unnamed (3)">
          <value/>
        </Data>
        <Data name="unnamed (4)">
          <value/>
        </Data>
        <Data name="unnamed (5)">
          <value/>
        </Data>
        <Data name="unnamed (6)">
          <value/>
        </Data>
        <Data name="unnamed (7)">
          <value/>
        </Data>
        <Data name="unnamed (8)">
          <value/>
        </Data>
        <Data name="unnamed (9)">
          <value/>
        </Data>
        <Data name="unnamed (10)">
          <value/>
        </Data>
        <Data name="unnamed (11)">
          <value/>
        </Data>
        <Data name="unnamed (12)">
          <value/>
        </Data>
      </ExtendedData>
      <Point>
        <coordinates>
          73.776942,20.0081149,0
        </coordinates>
      </Point>
    </Placemark>
    <Placemark>
      <name>Mogal Hospital</name>
      <description><![CDATA[Description: <br>address: <br>phoneNumber: <br>Coordinates: 73.8383563,19.9582096<br>Category: hospital<br>Address: 1st Floor, Kailashdeep, Jail Rd, DattaMandir, Nashik Road, Nashik, Maharashtra 422101, India<br>Latitude: 19.9582096<br>Longitude: 73.8383563<br>Rating: 4.1<br>Place_ID: ChIJbTTE51SV3TsRQd8lNegfreo<br>Distance_m: 2290<br>unnamed (1): <br>unnamed (2): <br>unnamed (3): <br>unnamed (4): <br>unnamed (5): <br>unnamed (6): <br>unnamed (7): <br>unnamed (8): <br>unnamed (9): <br>unnamed (10): <br>unnamed (11): <br>unnamed (12): ]]></description>
      <styleUrl>#icon-1899-097138</styleUrl>
      <ExtendedData>
        <Data name="Description">
          <value/>
        </Data>
        <Data name="address">
          <value/>
        </Data>
        <Data name="phoneNumber">
          <value/>
        </Data>
        <Data name="Coordinates">
          <value>73.8383563,19.9582096</value>
        </Data>
        <Data name="Category">
          <value>hospital</value>
        </Data>
        <Data name="Address">
          <value>1st Floor, Kailashdeep, Jail Rd, DattaMandir, Nashik Road, Nashik, Maharashtra 422101, India</value>
        </Data>
        <Data name="Latitude">
          <value>19.9582096</value>
        </Data>
        <Data name="Longitude">
          <value>73.8383563</value>
        </Data>
        <Data name="Rating">
          <value>4.1</value>
        </Data>
        <Data name="Place_ID">
          <value>ChIJbTTE51SV3TsRQd8lNegfreo</value>
        </Data>
        <Data name="Distance_m">
          <value>2290.0</value>
        </Data>
        <Data name="unnamed (1)">
          <value/>
        </Data>
        <Data name="unnamed (2)">
          <value/>
        </Data>
        <Data name="unnamed (3)">
          <value/>
        </Data>
        <Data name="unnamed (4)">
          <value/>
        </Data>
        <Data name="unnamed (5)">
          <value/>
        </Data>
        <Data name="unnamed (6)">
          <value/>
        </Data>
        <Data name="unnamed (7)">
          <value/>
        </Data>
        <Data name="unnamed (8)">
          <value/>
        </Data>
        <Data name="unnamed (9)">
          <value/>
        </Data>
        <Data name="unnamed (10)">
          <value/>
        </Data>
        <Data name="unnamed (11)">
          <value/>
        </Data>
        <Data name="unnamed (12)">
          <value/>
        </Data>
      </ExtendedData>
      <Point>
        <coordinates>
          73.8383563,19.9582096,0
        </coordinates>
      </Point>
    </Placemark>
    <Placemark>
      <name>Sahara Hospital</name>
      <description><![CDATA[Description: <br>address: <br>phoneNumber: <br>Coordinates: 73.8337742,19.9513593<br>Category: hospital<br>Address: Gayakhe Colony, Nashik Road, Nashik, Maharashtra 422101, India<br>Latitude: 19.9513593<br>Longitude: 73.8337742<br>Rating: 4.1<br>Place_ID: ChIJGx8bP8_q3TsRJ77JKK-Hl_w<br>Distance_m: 2647<br>unnamed (1): <br>unnamed (2): <br>unnamed (3): <br>unnamed (4): <br>unnamed (5): <br>unnamed (6): <br>unnamed (7): <br>unnamed (8): <br>unnamed (9): <br>unnamed (10): <br>unnamed (11): <br>unnamed (12): ]]></description>
      <styleUrl>#icon-1899-097138</styleUrl>
      <ExtendedData>
        <Data name="Description">
          <value/>
        </Data>
        <Data name="address">
          <value/>
        </Data>
        <Data name="phoneNumber">
          <value/>
        </Data>
        <Data name="Coordinates">
          <value>73.8337742,19.9513593</value>
        </Data>
        <Data name="Category">
          <value>hospital</value>
        </Data>
        <Data name="Address">
          <value>Gayakhe Colony, Nashik Road, Nashik, Maharashtra 422101, India</value>
        </Data>
        <Data name="Latitude">
          <value>19.9513593</value>
        </Data>
        <Data name="Longitude">
          <value>73.8337742</value>
        </Data>
        <Data name="Rating">
          <value>4.1</value>
        </Data>
        <Data name="Place_ID">
          <value>ChIJGx8bP8_q3TsRJ77JKK-Hl_w</value>
        </Data>
        <Data name="Distance_m">
          <value>2647.0</value>
        </Data>
        <Data name="unnamed (1)">
          <value/>
        </Data>
        <Data name="unnamed (2)">
          <value/>
        </Data>
        <Data name="unnamed (3)">
          <value/>
        </Data>
        <Data name="unnamed (4)">
          <value/>
        </Data>
        <Data name="unnamed (5)">
          <value/>
        </Data>
        <Data name="unnamed (6)">
          <value/>
        </Data>
        <Data name="unnamed (7)">
          <value/>
        </Data>
        <Data name="unnamed (8)">
          <value/>
        </Data>
        <Data name="unnamed (9)">
          <value/>
        </Data>
        <Data name="unnamed (10)">
          <value/>
        </Data>
        <Data name="unnamed (11)">
          <value/>
        </Data>
        <Data name="unnamed (12)">
          <value/>
        </Data>
      </ExtendedData>
      <Point>
        <coordinates>
          73.8337742,19.9513593,0
        </coordinates>
      </Point>
    </Placemark>
    <Placemark>
      <name>Snehal Hospital</name>
      <description><![CDATA[Description: <br>address: <br>phoneNumber: <br>Coordinates: 73.7667765,19.9730287<br>Category: general_hospital<br>Address: N-9 K/2/2,3 ,Rana Pratap Chowk,New, Maharanapratap Chowk, Cidco, Nashik, Maharashtra 422009, India<br>Latitude: 19.9730287<br>Longitude: 73.7667765<br>Rating: 4.7<br>Place_ID: ChIJg2mYdUHr3TsR18DbKf83kWA<br>Distance_m: 1026<br>unnamed (1): <br>unnamed (2): <br>unnamed (3): <br>unnamed (4): <br>unnamed (5): <br>unnamed (6): <br>unnamed (7): <br>unnamed (8): <br>unnamed (9): <br>unnamed (10): <br>unnamed (11): <br>unnamed (12): ]]></description>
      <styleUrl>#icon-1899-097138</styleUrl>
      <ExtendedData>
        <Data name="Description">
          <value/>
        </Data>
        <Data name="address">
          <value/>
        </Data>
        <Data name="phoneNumber">
          <value/>
        </Data>
        <Data name="Coordinates">
          <value>73.7667765,19.9730287</value>
        </Data>
        <Data name="Category">
          <value>general_hospital</value>
        </Data>
        <Data name="Address">
          <value>N-9 K/2/2,3 ,Rana Pratap Chowk,New, Maharanapratap Chowk, Cidco, Nashik, Maharashtra 422009, India</value>
        </Data>
        <Data name="Latitude">
          <value>19.9730287</value>
        </Data>
        <Data name="Longitude">
          <value>73.7667765</value>
        </Data>
        <Data name="Rating">
          <value>4.7</value>
        </Data>
        <Data name="Place_ID">
          <value>ChIJg2mYdUHr3TsR18DbKf83kWA</value>
        </Data>
        <Data name="Distance_m">
          <value>1026.0</value>
        </Data>
        <Data name="unnamed (1)">
          <value/>
        </Data>
        <Data name="unnamed (2)">
          <value/>
        </Data>
        <Data name="unnamed (3)">
          <value/>
        </Data>
        <Data name="unnamed (4)">
          <value/>
        </Data>
        <Data name="unnamed (5)">
          <value/>
        </Data>
        <Data name="unnamed (6)">
          <value/>
        </Data>
        <Data name="unnamed (7)">
          <value/>
        </Data>
        <Data name="unnamed (8)">
          <value/>
        </Data>
        <Data name="unnamed (9)">
          <value/>
        </Data>
        <Data name="unnamed (10)">
          <value/>
        </Data>
        <Data name="unnamed (11)">
          <value/>
        </Data>
        <Data name="unnamed (12)">
          <value/>
        </Data>
      </ExtendedData>
      <Point>
        <coordinates>
          73.7667765,19.9730287,0
        </coordinates>
      </Point>
    </Placemark>
    <Placemark>
      <name>Sarkari hospital NMC</name>
      <description><![CDATA[Description: <br>address: <br>phoneNumber: <br>Coordinates: 73.7573821,19.9702774<br>Category: hospital<br>Address: XQC4+4VR, Rajratna Nagar, Cidco, Nashik, Maharashtra 422008, India<br>Latitude: 19.9702774<br>Longitude: 73.7573821<br>Rating: 4<br>Place_ID: ChIJy9DEcwDr3TsRBvL1fhVvmGA<br>Distance_m: 1973<br>unnamed (1): <br>unnamed (2): <br>unnamed (3): <br>unnamed (4): <br>unnamed (5): <br>unnamed (6): <br>unnamed (7): <br>unnamed (8): <br>unnamed (9): <br>unnamed (10): <br>unnamed (11): <br>unnamed (12): ]]></description>
      <styleUrl>#icon-1899-097138</styleUrl>
      <ExtendedData>
        <Data name="Description">
          <value/>
        </Data>
        <Data name="address">
          <value/>
        </Data>
        <Data name="phoneNumber">
          <value/>
        </Data>
        <Data name="Coordinates">
          <value>73.7573821,19.9702774</value>
        </Data>
        <Data name="Category">
          <value>hospital</value>
        </Data>
        <Data name="Address">
          <value>XQC4+4VR, Rajratna Nagar, Cidco, Nashik, Maharashtra 422008, India</value>
        </Data>
        <Data name="Latitude">
          <value>19.9702774</value>
        </Data>
        <Data name="Longitude">
          <value>73.7573821</value>
        </Data>
        <Data name="Rating">
          <value>4.0</value>
        </Data>
        <Data name="Place_ID">
          <value>ChIJy9DEcwDr3TsRBvL1fhVvmGA</value>
        </Data>
        <Data name="Distance_m">
          <value>1973.0</value>
        </Data>
        <Data name="unnamed (1)">
          <value/>
        </Data>
        <Data name="unnamed (2)">
          <value/>
        </Data>
        <Data name="unnamed (3)">
          <value/>
        </Data>
        <Data name="unnamed (4)">
          <value/>
        </Data>
        <Data name="unnamed (5)">
          <value/>
        </Data>
        <Data name="unnamed (6)">
          <value/>
        </Data>
        <Data name="unnamed (7)">
          <value/>
        </Data>
        <Data name="unnamed (8)">
          <value/>
        </Data>
        <Data name="unnamed (9)">
          <value/>
        </Data>
        <Data name="unnamed (10)">
          <value/>
        </Data>
        <Data name="unnamed (11)">
          <value/>
        </Data>
        <Data name="unnamed (12)">
          <value/>
        </Data>
      </ExtendedData>
      <Point>
        <coordinates>
          73.7573821,19.9702774,0
        </coordinates>
      </Point>
    </Placemark>
    <Placemark>
      <name>ESIC Hospital</name>
      <description><![CDATA[Description: <br>address: <br>phoneNumber: <br>Coordinates: 73.763991,19.9640121<br>Category: hospital<br>Address: XQ77+JJW, Pawan Nagar, Nashik, Maharashtra 422009, India<br>Latitude: 19.9640121<br>Longitude: 73.763991<br>Rating: <br>Place_ID: ChIJJzrtIADr3TsRJrIExEWHrjM<br>Distance_m: 1107<br>unnamed (1): <br>unnamed (2): <br>unnamed (3): <br>unnamed (4): <br>unnamed (5): <br>unnamed (6): <br>unnamed (7): <br>unnamed (8): <br>unnamed (9): <br>unnamed (10): <br>unnamed (11): <br>unnamed (12): ]]></description>
      <styleUrl>#icon-1899-097138</styleUrl>
      <ExtendedData>
        <Data name="Description">
          <value/>
        </Data>
        <Data name="address">
          <value/>
        </Data>
        <Data name="phoneNumber">
          <value/>
        </Data>
        <Data name="Coordinates">
          <value>73.763991,19.9640121</value>
        </Data>
        <Data name="Category">
          <value>hospital</value>
        </Data>
        <Data name="Address">
          <value>XQ77+JJW, Pawan Nagar, Nashik, Maharashtra 422009, India</value>
        </Data>
        <Data name="Latitude">
          <value>19.9640121</value>
        </Data>
        <Data name="Longitude">
          <value>73.763991</value>
        </Data>
        <Data name="Rating">
          <value/>
        </Data>
        <Data name="Place_ID">
          <value>ChIJJzrtIADr3TsRJrIExEWHrjM</value>
        </Data>
        <Data name="Distance_m">
          <value>1107.0</value>
        </Data>
        <Data name="unnamed (1)">
          <value/>
        </Data>
        <Data name="unnamed (2)">
          <value/>
        </Data>
        <Data name="unnamed (3)">
          <value/>
        </Data>
        <Data name="unnamed (4)">
          <value/>
        </Data>
        <Data name="unnamed (5)">
          <value/>
        </Data>
        <Data name="unnamed (6)">
          <value/>
        </Data>
        <Data name="unnamed (7)">
          <value/>
        </Data>
        <Data name="unnamed (8)">
          <value/>
        </Data>
        <Data name="unnamed (9)">
          <value/>
        </Data>
        <Data name="unnamed (10)">
          <value/>
        </Data>
        <Data name="unnamed (11)">
          <value/>
        </Data>
        <Data name="unnamed (12)">
          <value/>
        </Data>
      </ExtendedData>
      <Point>
        <coordinates>
          73.763991,19.9640121,0
        </coordinates>
      </Point>
    </Placemark>
    <Placemark>
      <name>Swami hospital</name>
      <description><![CDATA[Description: <br>address: <br>phoneNumber: <br>Coordinates: 73.7589065,19.9685513<br>Category: hospital<br>Address: Vyayamshala, Rajvihar Building, Vijay Nagar Rd, opposite to Morwadi Road, Saibaba Nagar, Cidco, Nashik, Maharashtra 422009, India<br>Latitude: 19.9685513<br>Longitude: 73.7589065<br>Rating: 2.5<br>Place_ID: ChIJ2bIBaITr3TsRiSm2mclVd-k<br>Distance_m: 773<br>unnamed (1): <br>unnamed (2): <br>unnamed (3): <br>unnamed (4): <br>unnamed (5): <br>unnamed (6): <br>unnamed (7): <br>unnamed (8): <br>unnamed (9): <br>unnamed (10): <br>unnamed (11): <br>unnamed (12): ]]></description>
      <styleUrl>#icon-1899-097138</styleUrl>
      <ExtendedData>
        <Data name="Description">
          <value/>
        </Data>
        <Data name="address">
          <value/>
        </Data>
        <Data name="phoneNumber">
          <value/>
        </Data>
        <Data name="Coordinates">
          <value>73.7589065,19.9685513</value>
        </Data>
        <Data name="Category">
          <value>hospital</value>
        </Data>
        <Data name="Address">
          <value>Vyayamshala, Rajvihar Building, Vijay Nagar Rd, opposite to Morwadi Road, Saibaba Nagar, Cidco, Nashik, Maharashtra 422009, India</value>
        </Data>
        <Data name="Latitude">
          <value>19.9685513</value>
        </Data>
        <Data name="Longitude">
          <value>73.7589065</value>
        </Data>
        <Data name="Rating">
          <value>2.5</value>
        </Data>
        <Data name="Place_ID">
          <value>ChIJ2bIBaITr3TsRiSm2mclVd-k</value>
        </Data>
        <Data name="Distance_m">
          <value>773.0</value>
        </Data>
        <Data name="unnamed (1)">
          <value/>
        </Data>
        <Data name="unnamed (2)">
          <value/>
        </Data>
        <Data name="unnamed (3)">
          <value/>
        </Data>
        <Data name="unnamed (4)">
          <value/>
        </Data>
        <Data name="unnamed (5)">
          <value/>
        </Data>
        <Data name="unnamed (6)">
          <value/>
        </Data>
        <Data name="unnamed (7)">
          <value/>
        </Data>
        <Data name="unnamed (8)">
          <value/>
        </Data>
        <Data name="unnamed (9)">
          <value/>
        </Data>
        <Data name="unnamed (10)">
          <value/>
        </Data>
        <Data name="unnamed (11)">
          <value/>
        </Data>
        <Data name="unnamed (12)">
          <value/>
        </Data>
      </ExtendedData>
      <Point>
        <coordinates>
          73.7589065,19.9685513,0
        </coordinates>
      </Point>
    </Placemark>
    <Placemark>
      <name><![CDATA[More Accident & General Hospital]]></name>
      <description><![CDATA[Description: <br>address: <br>phoneNumber: <br>Coordinates: 73.7546249,19.972797<br>Category: hospital<br>Address: More Hospital,pawan nagar, Rajratna Nagar, Cidco, Nashik, Maharashtra 422008, India<br>Latitude: 19.972797<br>Longitude: 73.7546249<br>Rating: 3.3<br>Place_ID: ChIJmdatxV3r3TsRmUxUu3syEKA<br>Distance_m: 257<br>unnamed (1): <br>unnamed (2): <br>unnamed (3): <br>unnamed (4): <br>unnamed (5): <br>unnamed (6): <br>unnamed (7): <br>unnamed (8): <br>unnamed (9): <br>unnamed (10): <br>unnamed (11): <br>unnamed (12): ]]></description>
      <styleUrl>#icon-1899-097138</styleUrl>
      <ExtendedData>
        <Data name="Description">
          <value/>
        </Data>
        <Data name="address">
          <value/>
        </Data>
        <Data name="phoneNumber">
          <value/>
        </Data>
        <Data name="Coordinates">
          <value>73.7546249,19.972797</value>
        </Data>
        <Data name="Category">
          <value>hospital</value>
        </Data>
        <Data name="Address">
          <value>More Hospital,pawan nagar, Rajratna Nagar, Cidco, Nashik, Maharashtra 422008, India</value>
        </Data>
        <Data name="Latitude">
          <value>19.972797</value>
        </Data>
        <Data name="Longitude">
          <value>73.7546249</value>
        </Data>
        <Data name="Rating">
          <value>3.3</value>
        </Data>
        <Data name="Place_ID">
          <value>ChIJmdatxV3r3TsRmUxUu3syEKA</value>
        </Data>
        <Data name="Distance_m">
          <value>257.0</value>
        </Data>
        <Data name="unnamed (1)">
          <value/>
        </Data>
        <Data name="unnamed (2)">
          <value/>
        </Data>
        <Data name="unnamed (3)">
          <value/>
        </Data>
        <Data name="unnamed (4)">
          <value/>
        </Data>
        <Data name="unnamed (5)">
          <value/>
        </Data>
        <Data name="unnamed (6)">
          <value/>
        </Data>
        <Data name="unnamed (7)">
          <value/>
        </Data>
        <Data name="unnamed (8)">
          <value/>
        </Data>
        <Data name="unnamed (9)">
          <value/>
        </Data>
        <Data name="unnamed (10)">
          <value/>
        </Data>
        <Data name="unnamed (11)">
          <value/>
        </Data>
        <Data name="unnamed (12)">
          <value/>
        </Data>
      </ExtendedData>
      <Point>
        <coordinates>
          73.7546249,19.972797,0
        </coordinates>
      </Point>
    </Placemark>
    <Placemark>
      <name>Shri Vyankatesh hospital</name>
      <description><![CDATA[Description: <br>address: <br>phoneNumber: <br>Coordinates: 73.7860484,19.9736949<br>Category: doctor<br>Address: Pathardi Rd, in front of bapu bunglow, Kala Nagar, Indira Nagar, Nashik, Maharashtra 422009, India<br>Latitude: 19.9736949<br>Longitude: 73.7860484<br>Rating: 4.7<br>Place_ID: ChIJF1q9oCPr3TsRDJ7upY98Y40<br>Distance_m: 480<br>unnamed (1): <br>unnamed (2): <br>unnamed (3): <br>unnamed (4): <br>unnamed (5): <br>unnamed (6): <br>unnamed (7): <br>unnamed (8): <br>unnamed (9): <br>unnamed (10): <br>unnamed (11): <br>unnamed (12): ]]></description>
      <styleUrl>#icon-1899-097138</styleUrl>
      <ExtendedData>
        <Data name="Description">
          <value/>
        </Data>
        <Data name="address">
          <value/>
        </Data>
        <Data name="phoneNumber">
          <value/>
        </Data>
        <Data name="Coordinates">
          <value>73.7860484,19.9736949</value>
        </Data>
        <Data name="Category">
          <value>doctor</value>
        </Data>
        <Data name="Address">
          <value>Pathardi Rd, in front of bapu bunglow, Kala Nagar, Indira Nagar, Nashik, Maharashtra 422009, India</value>
        </Data>
        <Data name="Latitude">
          <value>19.9736949</value>
        </Data>
        <Data name="Longitude">
          <value>73.7860484</value>
        </Data>
        <Data name="Rating">
          <value>4.7</value>
        </Data>
        <Data name="Place_ID">
          <value>ChIJF1q9oCPr3TsRDJ7upY98Y40</value>
        </Data>
        <Data name="Distance_m">
          <value>480.0</value>
        </Data>
        <Data name="unnamed (1)">
          <value/>
        </Data>
        <Data name="unnamed (2)">
          <value/>
        </Data>
        <Data name="unnamed (3)">
          <value/>
        </Data>
        <Data name="unnamed (4)">
          <value/>
        </Data>
        <Data name="unnamed (5)">
          <value/>
        </Data>
        <Data name="unnamed (6)">
          <value/>
        </Data>
        <Data name="unnamed (7)">
          <value/>
        </Data>
        <Data name="unnamed (8)">
          <value/>
        </Data>
        <Data name="unnamed (9)">
          <value/>
        </Data>
        <Data name="unnamed (10)">
          <value/>
        </Data>
        <Data name="unnamed (11)">
          <value/>
        </Data>
        <Data name="unnamed (12)">
          <value/>
        </Data>
      </ExtendedData>
      <Point>
        <coordinates>
          73.7860484,19.9736949,0
        </coordinates>
      </Point>
    </Placemark>
    <Placemark>
      <name>Manas Hospital</name>
      <description><![CDATA[Description: <br>address: <br>phoneNumber: <br>Coordinates: 73.7797917,19.9592928<br>Category: hospital<br>Address: 35, Wadala - Pathardi Rd, behind Gurugobind Sing School, Pandav Nagari, Pathardi Phata, Nashik, Maharashtra 422102, India<br>Latitude: 19.9592928<br>Longitude: 73.7797917<br>Rating: 4.7<br>Place_ID: ChIJeQ8o0jPr3TsRa6C072AI40Q<br>Distance_m: 677<br>unnamed (1): <br>unnamed (2): <br>unnamed (3): <br>unnamed (4): <br>unnamed (5): <br>unnamed (6): <br>unnamed (7): <br>unnamed (8): <br>unnamed (9): <br>unnamed (10): <br>unnamed (11): <br>unnamed (12): ]]></description>
      <styleUrl>#icon-1899-097138</styleUrl>
      <ExtendedData>
        <Data name="Description">
          <value/>
        </Data>
        <Data name="address">
          <value/>
        </Data>
        <Data name="phoneNumber">
          <value/>
        </Data>
        <Data name="Coordinates">
          <value>73.7797917,19.9592928</value>
        </Data>
        <Data name="Category">
          <value>hospital</value>
        </Data>
        <Data name="Address">
          <value>35, Wadala - Pathardi Rd, behind Gurugobind Sing School, Pandav Nagari, Pathardi Phata, Nashik, Maharashtra 422102, India</value>
        </Data>
        <Data name="Latitude">
          <value>19.9592928</value>
        </Data>
        <Data name="Longitude">
          <value>73.7797917</value>
        </Data>
        <Data name="Rating">
          <value>4.7</value>
        </Data>
        <Data name="Place_ID">
          <value>ChIJeQ8o0jPr3TsRa6C072AI40Q</value>
        </Data>
        <Data name="Distance_m">
          <value>677.0</value>
        </Data>
        <Data name="unnamed (1)">
          <value/>
        </Data>
        <Data name="unnamed (2)">
          <value/>
        </Data>
        <Data name="unnamed (3)">
          <value/>
        </Data>
        <Data name="unnamed (4)">
          <value/>
        </Data>
        <Data name="unnamed (5)">
          <value/>
        </Data>
        <Data name="unnamed (6)">
          <value/>
        </Data>
        <Data name="unnamed (7)">
          <value/>
        </Data>
        <Data name="unnamed (8)">
          <value/>
        </Data>
        <Data name="unnamed (9)">
          <value/>
        </Data>
        <Data name="unnamed (10)">
          <value/>
        </Data>
        <Data name="unnamed (11)">
          <value/>
        </Data>
        <Data name="unnamed (12)">
          <value/>
        </Data>
      </ExtendedData>
      <Point>
        <coordinates>
          73.7797917,19.9592928,0
        </coordinates>
      </Point>
    </Placemark>
    <Placemark>
      <name>Life Care Hospital</name>
      <description><![CDATA[Description: <br>address: <br>phoneNumber: <br>Coordinates: 73.7731732,19.972595<br>Category: hospital<br>Address: New Nashik, Mumbai, Agra Highway, Lekha Nagar, Nashik, Maharashtra 422009, India<br>Latitude: 19.972595<br>Longitude: 73.7731732<br>Rating: 4.6<br>Place_ID: ChIJy3piED_r3TsRXxfB8ZE5Q1Q<br>Distance_m: 1098<br>unnamed (1): <br>unnamed (2): <br>unnamed (3): <br>unnamed (4): <br>unnamed (5): <br>unnamed (6): <br>unnamed (7): <br>unnamed (8): <br>unnamed (9): <br>unnamed (10): <br>unnamed (11): <br>unnamed (12): ]]></description>
      <styleUrl>#icon-1899-097138</styleUrl>
      <ExtendedData>
        <Data name="Description">
          <value/>
        </Data>
        <Data name="address">
          <value/>
        </Data>
        <Data name="phoneNumber">
          <value/>
        </Data>
        <Data name="Coordinates">
          <value>73.7731732,19.972595</value>
        </Data>
        <Data name="Category">
          <value>hospital</value>
        </Data>
        <Data name="Address">
          <value>New Nashik, Mumbai, Agra Highway, Lekha Nagar, Nashik, Maharashtra 422009, India</value>
        </Data>
        <Data name="Latitude">
          <value>19.972595</value>
        </Data>
        <Data name="Longitude">
          <value>73.7731732</value>
        </Data>
        <Data name="Rating">
          <value>4.6</value>
        </Data>
        <Data name="Place_ID">
          <value>ChIJy3piED_r3TsRXxfB8ZE5Q1Q</value>
        </Data>
        <Data name="Distance_m">
          <value>1098.0</value>
        </Data>
        <Data name="unnamed (1)">
          <value/>
        </Data>
        <Data name="unnamed (2)">
          <value/>
        </Data>
        <Data name="unnamed (3)">
          <value/>
        </Data>
        <Data name="unnamed (4)">
          <value/>
        </Data>
        <Data name="unnamed (5)">
          <value/>
        </Data>
        <Data name="unnamed (6)">
          <value/>
        </Data>
        <Data name="unnamed (7)">
          <value/>
        </Data>
        <Data name="unnamed (8)">
          <value/>
        </Data>
        <Data name="unnamed (9)">
          <value/>
        </Data>
        <Data name="unnamed (10)">
          <value/>
        </Data>
        <Data name="unnamed (11)">
          <value/>
        </Data>
        <Data name="unnamed (12)">
          <value/>
        </Data>
      </ExtendedData>
      <Point>
        <coordinates>
          73.7731732,19.972595,0
        </coordinates>
      </Point>
    </Placemark>
    <Placemark>
      <name>SHREE HOSPITAL</name>
      <description><![CDATA[Description: <br>address: <br>phoneNumber: <br>Coordinates: 73.7697793,19.9642141<br>Category: hospital<br>Address: XQ79+MWJ, Chetana nagar, Rane Nagar, Nashik, Maharashtra 422009, India<br>Latitude: 19.9642141<br>Longitude: 73.7697793<br>Rating: 4.5<br>Place_ID: ChIJq-HKDEjr3TsRozFSoRoC-Tg<br>Distance_m: 518<br>unnamed (1): <br>unnamed (2): <br>unnamed (3): <br>unnamed (4): <br>unnamed (5): <br>unnamed (6): <br>unnamed (7): <br>unnamed (8): <br>unnamed (9): <br>unnamed (10): <br>unnamed (11): <br>unnamed (12): ]]></description>
      <styleUrl>#icon-1899-097138</styleUrl>
      <ExtendedData>
        <Data name="Description">
          <value/>
        </Data>
        <Data name="address">
          <value/>
        </Data>
        <Data name="phoneNumber">
          <value/>
        </Data>
        <Data name="Coordinates">
          <value>73.7697793,19.9642141</value>
        </Data>
        <Data name="Category">
          <value>hospital</value>
        </Data>
        <Data name="Address">
          <value>XQ79+MWJ, Chetana nagar, Rane Nagar, Nashik, Maharashtra 422009, India</value>
        </Data>
        <Data name="Latitude">
          <value>19.9642141</value>
        </Data>
        <Data name="Longitude">
          <value>73.7697793</value>
        </Data>
        <Data name="Rating">
          <value>4.5</value>
        </Data>
        <Data name="Place_ID">
          <value>ChIJq-HKDEjr3TsRozFSoRoC-Tg</value>
        </Data>
        <Data name="Distance_m">
          <value>518.0</value>
        </Data>
        <Data name="unnamed (1)">
          <value/>
        </Data>
        <Data name="unnamed (2)">
          <value/>
        </Data>
        <Data name="unnamed (3)">
          <value/>
        </Data>
        <Data name="unnamed (4)">
          <value/>
        </Data>
        <Data name="unnamed (5)">
          <value/>
        </Data>
        <Data name="unnamed (6)">
          <value/>
        </Data>
        <Data name="unnamed (7)">
          <value/>
        </Data>
        <Data name="unnamed (8)">
          <value/>
        </Data>
        <Data name="unnamed (9)">
          <value/>
        </Data>
        <Data name="unnamed (10)">
          <value/>
        </Data>
        <Data name="unnamed (11)">
          <value/>
        </Data>
        <Data name="unnamed (12)">
          <value/>
        </Data>
      </ExtendedData>
      <Point>
        <coordinates>
          73.7697793,19.9642141,0
        </coordinates>
      </Point>
    </Placemark>
    <Placemark>
      <name>Samarth Hospital</name>
      <description><![CDATA[Description: <br>address: <br>phoneNumber: <br>Coordinates: 73.7681856,19.9673088<br>Category: hospital<br>Address: Agra - Mumbai Hwy, near Rane Nagar Bus Stop, Swami Vivekanand Nagar, Cidco, Nashik, Maharashtra 422009, India<br>Latitude: 19.9673088<br>Longitude: 73.7681856<br>Rating: 3<br>Place_ID: ChIJl5Z3zEXr3TsR2bweGmUDA3Q<br>Distance_m: 1289<br>unnamed (1): <br>unnamed (2): <br>unnamed (3): <br>unnamed (4): <br>unnamed (5): <br>unnamed (6): <br>unnamed (7): <br>unnamed (8): <br>unnamed (9): <br>unnamed (10): <br>unnamed (11): <br>unnamed (12): ]]></description>
      <styleUrl>#icon-1899-097138</styleUrl>
      <ExtendedData>
        <Data name="Description">
          <value/>
        </Data>
        <Data name="address">
          <value/>
        </Data>
        <Data name="phoneNumber">
          <value/>
        </Data>
        <Data name="Coordinates">
          <value>73.7681856,19.9673088</value>
        </Data>
        <Data name="Category">
          <value>hospital</value>
        </Data>
        <Data name="Address">
          <value>Agra - Mumbai Hwy, near Rane Nagar Bus Stop, Swami Vivekanand Nagar, Cidco, Nashik, Maharashtra 422009, India</value>
        </Data>
        <Data name="Latitude">
          <value>19.9673088</value>
        </Data>
        <Data name="Longitude">
          <value>73.7681856</value>
        </Data>
        <Data name="Rating">
          <value>3.0</value>
        </Data>
        <Data name="Place_ID">
          <value>ChIJl5Z3zEXr3TsR2bweGmUDA3Q</value>
        </Data>
        <Data name="Distance_m">
          <value>1289.0</value>
        </Data>
        <Data name="unnamed (1)">
          <value/>
        </Data>
        <Data name="unnamed (2)">
          <value/>
        </Data>
        <Data name="unnamed (3)">
          <value/>
        </Data>
        <Data name="unnamed (4)">
          <value/>
        </Data>
        <Data name="unnamed (5)">
          <value/>
        </Data>
        <Data name="unnamed (6)">
          <value/>
        </Data>
        <Data name="unnamed (7)">
          <value/>
        </Data>
        <Data name="unnamed (8)">
          <value/>
        </Data>
        <Data name="unnamed (9)">
          <value/>
        </Data>
        <Data name="unnamed (10)">
          <value/>
        </Data>
        <Data name="unnamed (11)">
          <value/>
        </Data>
        <Data name="unnamed (12)">
          <value/>
        </Data>
      </ExtendedData>
      <Point>
        <coordinates>
          73.7681856,19.9673088,0
        </coordinates>
      </Point>
    </Placemark>
    <Placemark>
      <name>General Hospital</name>
      <description><![CDATA[Description: <br>address: <br>phoneNumber: <br>Coordinates: 73.7546578,19.9728894<br>Category: hospital<br>Address: XQF3+5V3, Rajratna Nagar, Pawan Nagar, Nashik, Maharashtra 422008, India<br>Latitude: 19.9728894<br>Longitude: 73.7546578<br>Rating: <br>Place_ID: ChIJ__9DxF3r3TsRenU2cfEAnFo<br>Distance_m: 256<br>unnamed (1): <br>unnamed (2): <br>unnamed (3): <br>unnamed (4): <br>unnamed (5): <br>unnamed (6): <br>unnamed (7): <br>unnamed (8): <br>unnamed (9): <br>unnamed (10): <br>unnamed (11): <br>unnamed (12): ]]></description>
      <styleUrl>#icon-1899-097138</styleUrl>
      <ExtendedData>
        <Data name="Description">
          <value/>
        </Data>
        <Data name="address">
          <value/>
        </Data>
        <Data name="phoneNumber">
          <value/>
        </Data>
        <Data name="Coordinates">
          <value>73.7546578,19.9728894</value>
        </Data>
        <Data name="Category">
          <value>hospital</value>
        </Data>
        <Data name="Address">
          <value>XQF3+5V3, Rajratna Nagar, Pawan Nagar, Nashik, Maharashtra 422008, India</value>
        </Data>
        <Data name="Latitude">
          <value>19.9728894</value>
        </Data>
        <Data name="Longitude">
          <value>73.7546578</value>
        </Data>
        <Data name="Rating">
          <value/>
        </Data>
        <Data name="Place_ID">
          <value>ChIJ__9DxF3r3TsRenU2cfEAnFo</value>
        </Data>
        <Data name="Distance_m">
          <value>256.0</value>
        </Data>
        <Data name="unnamed (1)">
          <value/>
        </Data>
        <Data name="unnamed (2)">
          <value/>
        </Data>
        <Data name="unnamed (3)">
          <value/>
        </Data>
        <Data name="unnamed (4)">
          <value/>
        </Data>
        <Data name="unnamed (5)">
          <value/>
        </Data>
        <Data name="unnamed (6)">
          <value/>
        </Data>
        <Data name="unnamed (7)">
          <value/>
        </Data>
        <Data name="unnamed (8)">
          <value/>
        </Data>
        <Data name="unnamed (9)">
          <value/>
        </Data>
        <Data name="unnamed (10)">
          <value/>
        </Data>
        <Data name="unnamed (11)">
          <value/>
        </Data>
        <Data name="unnamed (12)">
          <value/>
        </Data>
      </ExtendedData>
      <Point>
        <coordinates>
          73.7546578,19.9728894,0
        </coordinates>
      </Point>
    </Placemark>
    <Placemark>
      <name>Shiv OM Hospital</name>
      <description><![CDATA[Description: <br>address: <br>phoneNumber: <br>Coordinates: 73.7864844,19.9720849<br>Category: hospital<br>Address: Savarkar Chowk, near Shri Swami Samarth Kendra, Indira Nagar, Nashik, Maharashtra 422009, India<br>Latitude: 19.9720849<br>Longitude: 73.7864844<br>Rating: 3.5<br>Place_ID: ChIJU83MgCPr3TsRRDf5EPbnZGU<br>Distance_m: 501<br>unnamed (1): <br>unnamed (2): <br>unnamed (3): <br>unnamed (4): <br>unnamed (5): <br>unnamed (6): <br>unnamed (7): <br>unnamed (8): <br>unnamed (9): <br>unnamed (10): <br>unnamed (11): <br>unnamed (12): ]]></description>
      <styleUrl>#icon-1899-097138</styleUrl>
      <ExtendedData>
        <Data name="Description">
          <value/>
        </Data>
        <Data name="address">
          <value/>
        </Data>
        <Data name="phoneNumber">
          <value/>
        </Data>
        <Data name="Coordinates">
          <value>73.7864844,19.9720849</value>
        </Data>
        <Data name="Category">
          <value>hospital</value>
        </Data>
        <Data name="Address">
          <value>Savarkar Chowk, near Shri Swami Samarth Kendra, Indira Nagar, Nashik, Maharashtra 422009, India</value>
        </Data>
        <Data name="Latitude">
          <value>19.9720849</value>
        </Data>
        <Data name="Longitude">
          <value>73.7864844</value>
        </Data>
        <Data name="Rating">
          <value>3.5</value>
        </Data>
        <Data name="Place_ID">
          <value>ChIJU83MgCPr3TsRRDf5EPbnZGU</value>
        </Data>
        <Data name="Distance_m">
          <value>501.0</value>
        </Data>
        <Data name="unnamed (1)">
          <value/>
        </Data>
        <Data name="unnamed (2)">
          <value/>
        </Data>
        <Data name="unnamed (3)">
          <value/>
        </Data>
        <Data name="unnamed (4)">
          <value/>
        </Data>
        <Data name="unnamed (5)">
          <value/>
        </Data>
        <Data name="unnamed (6)">
          <value/>
        </Data>
        <Data name="unnamed (7)">
          <value/>
        </Data>
        <Data name="unnamed (8)">
          <value/>
        </Data>
        <Data name="unnamed (9)">
          <value/>
        </Data>
        <Data name="unnamed (10)">
          <value/>
        </Data>
        <Data name="unnamed (11)">
          <value/>
        </Data>
        <Data name="unnamed (12)">
          <value/>
        </Data>
      </ExtendedData>
      <Point>
        <coordinates>
          73.7864844,19.9720849,0
        </coordinates>
      </Point>
    </Placemark>
    <Placemark>
      <name>M H Pawar Hospital</name>
      <description><![CDATA[Description: <br>address: <br>phoneNumber: <br>Coordinates: 73.7866876,19.9725774<br>Category: hospital<br>Address: Parab Nagar, near Dutta Mandir, Indira Nagar, Nashik, Maharashtra 422009, India<br>Latitude: 19.9725774<br>Longitude: 73.7866876<br>Rating: 4<br>Place_ID: ChIJVUh0hSPr3TsR2tvHmvkW-Gs<br>Distance_m: 522<br>unnamed (1): <br>unnamed (2): <br>unnamed (3): <br>unnamed (4): <br>unnamed (5): <br>unnamed (6): <br>unnamed (7): <br>unnamed (8): <br>unnamed (9): <br>unnamed (10): <br>unnamed (11): <br>unnamed (12): ]]></description>
      <styleUrl>#icon-1899-097138</styleUrl>
      <ExtendedData>
        <Data name="Description">
          <value/>
        </Data>
        <Data name="address">
          <value/>
        </Data>
        <Data name="phoneNumber">
          <value/>
        </Data>
        <Data name="Coordinates">
          <value>73.7866876,19.9725774</value>
        </Data>
        <Data name="Category">
          <value>hospital</value>
        </Data>
        <Data name="Address">
          <value>Parab Nagar, near Dutta Mandir, Indira Nagar, Nashik, Maharashtra 422009, India</value>
        </Data>
        <Data name="Latitude">
          <value>19.9725774</value>
        </Data>
        <Data name="Longitude">
          <value>73.7866876</value>
        </Data>
        <Data name="Rating">
          <value>4.0</value>
        </Data>
        <Data name="Place_ID">
          <value>ChIJVUh0hSPr3TsR2tvHmvkW-Gs</value>
        </Data>
        <Data name="Distance_m">
          <value>522.0</value>
        </Data>
        <Data name="unnamed (1)">
          <value/>
        </Data>
        <Data name="unnamed (2)">
          <value/>
        </Data>
        <Data name="unnamed (3)">
          <value/>
        </Data>
        <Data name="unnamed (4)">
          <value/>
        </Data>
        <Data name="unnamed (5)">
          <value/>
        </Data>
        <Data name="unnamed (6)">
          <value/>
        </Data>
        <Data name="unnamed (7)">
          <value/>
        </Data>
        <Data name="unnamed (8)">
          <value/>
        </Data>
        <Data name="unnamed (9)">
          <value/>
        </Data>
        <Data name="unnamed (10)">
          <value/>
        </Data>
        <Data name="unnamed (11)">
          <value/>
        </Data>
        <Data name="unnamed (12)">
          <value/>
        </Data>
      </ExtendedData>
      <Point>
        <coordinates>
          73.7866876,19.9725774,0
        </coordinates>
      </Point>
    </Placemark>
    <Placemark>
      <name>Shatayushi Hospital</name>
      <description><![CDATA[Description: <br>address: <br>phoneNumber: <br>Coordinates: 73.786542,19.9741289<br>Category: hospital<br>Address: Wadala - Pathardi Rd, Near Bapu Bunglow, Kala Nagar, Indira Nagar, Nashik, Maharashtra 422009, India<br>Latitude: 19.9741289<br>Longitude: 73.786542<br>Rating: 4.1<br>Place_ID: ChIJkVLqpSPr3TsRSEua6QoGCYk<br>Distance_m: 545<br>unnamed (1): <br>unnamed (2): <br>unnamed (3): <br>unnamed (4): <br>unnamed (5): <br>unnamed (6): <br>unnamed (7): <br>unnamed (8): <br>unnamed (9): <br>unnamed (10): <br>unnamed (11): <br>unnamed (12): ]]></description>
      <styleUrl>#icon-1899-097138</styleUrl>
      <ExtendedData>
        <Data name="Description">
          <value/>
        </Data>
        <Data name="address">
          <value/>
        </Data>
        <Data name="phoneNumber">
          <value/>
        </Data>
        <Data name="Coordinates">
          <value>73.786542,19.9741289</value>
        </Data>
        <Data name="Category">
          <value>hospital</value>
        </Data>
        <Data name="Address">
          <value>Wadala - Pathardi Rd, Near Bapu Bunglow, Kala Nagar, Indira Nagar, Nashik, Maharashtra 422009, India</value>
        </Data>
        <Data name="Latitude">
          <value>19.9741289</value>
        </Data>
        <Data name="Longitude">
          <value>73.786542</value>
        </Data>
        <Data name="Rating">
          <value>4.1</value>
        </Data>
        <Data name="Place_ID">
          <value>ChIJkVLqpSPr3TsRSEua6QoGCYk</value>
        </Data>
        <Data name="Distance_m">
          <value>545.0</value>
        </Data>
        <Data name="unnamed (1)">
          <value/>
        </Data>
        <Data name="unnamed (2)">
          <value/>
        </Data>
        <Data name="unnamed (3)">
          <value/>
        </Data>
        <Data name="unnamed (4)">
          <value/>
        </Data>
        <Data name="unnamed (5)">
          <value/>
        </Data>
        <Data name="unnamed (6)">
          <value/>
        </Data>
        <Data name="unnamed (7)">
          <value/>
        </Data>
        <Data name="unnamed (8)">
          <value/>
        </Data>
        <Data name="unnamed (9)">
          <value/>
        </Data>
        <Data name="unnamed (10)">
          <value/>
        </Data>
        <Data name="unnamed (11)">
          <value/>
        </Data>
        <Data name="unnamed (12)">
          <value/>
        </Data>
      </ExtendedData>
      <Point>
        <coordinates>
          73.786542,19.9741289,0
        </coordinates>
      </Point>
    </Placemark>
    <Placemark>
      <name>Matru Nursing Home</name>
      <description><![CDATA[Description: <br>address: <br>phoneNumber: <br>Coordinates: 73.7760117,19.9761365<br>Category: hospital<br>Address: Plot no.8, MF, Magha Sector, Sunderban Colony, National Highway 3, Bhujbal Farm Rd, Shanti Nagar, Lekha Nagar, Nashik, Maharashtra 422009, India<br>Latitude: 19.9761365<br>Longitude: 73.7760117<br>Rating: 4.4<br>Place_ID: ChIJL9DyGT7r3TsRhMI0Opkfd7E<br>Distance_m: 732<br>unnamed (1): <br>unnamed (2): <br>unnamed (3): <br>unnamed (4): <br>unnamed (5): <br>unnamed (6): <br>unnamed (7): <br>unnamed (8): <br>unnamed (9): <br>unnamed (10): <br>unnamed (11): <br>unnamed (12): ]]></description>
      <styleUrl>#icon-1899-097138</styleUrl>
      <ExtendedData>
        <Data name="Description">
          <value/>
        </Data>
        <Data name="address">
          <value/>
        </Data>
        <Data name="phoneNumber">
          <value/>
        </Data>
        <Data name="Coordinates">
          <value>73.7760117,19.9761365</value>
        </Data>
        <Data name="Category">
          <value>hospital</value>
        </Data>
        <Data name="Address">
          <value>Plot no.8, MF, Magha Sector, Sunderban Colony, National Highway 3, Bhujbal Farm Rd, Shanti Nagar, Lekha Nagar, Nashik, Maharashtra 422009, India</value>
        </Data>
        <Data name="Latitude">
          <value>19.9761365</value>
        </Data>
        <Data name="Longitude">
          <value>73.7760117</value>
        </Data>
        <Data name="Rating">
          <value>4.4</value>
        </Data>
        <Data name="Place_ID">
          <value>ChIJL9DyGT7r3TsRhMI0Opkfd7E</value>
        </Data>
        <Data name="Distance_m">
          <value>732.0</value>
        </Data>
        <Data name="unnamed (1)">
          <value/>
        </Data>
        <Data name="unnamed (2)">
          <value/>
        </Data>
        <Data name="unnamed (3)">
          <value/>
        </Data>
        <Data name="unnamed (4)">
          <value/>
        </Data>
        <Data name="unnamed (5)">
          <value/>
        </Data>
        <Data name="unnamed (6)">
          <value/>
        </Data>
        <Data name="unnamed (7)">
          <value/>
        </Data>
        <Data name="unnamed (8)">
          <value/>
        </Data>
        <Data name="unnamed (9)">
          <value/>
        </Data>
        <Data name="unnamed (10)">
          <value/>
        </Data>
        <Data name="unnamed (11)">
          <value/>
        </Data>
        <Data name="unnamed (12)">
          <value/>
        </Data>
      </ExtendedData>
      <Point>
        <coordinates>
          73.7760117,19.9761365,0
        </coordinates>
      </Point>
    </Placemark>
    <Placemark>
      <name>Archit Nursing Home</name>
      <description><![CDATA[Description: <br>address: <br>phoneNumber: <br>Coordinates: 73.7880226,19.9753217<br>Category: medical_clinic<br>Address: XQGQ+46C, Wadala - Pathardi Rd, opp sharma plywood center, State Bank Colony, Indira Nagar, Nashik, Maharashtra 422009, India<br>Latitude: 19.9753217<br>Longitude: 73.7880226<br>Rating: 4<br>Place_ID: ChIJu-jecjrr3TsRKnw2VoyLHUU<br>Distance_m: 741<br>unnamed (1): <br>unnamed (2): <br>unnamed (3): <br>unnamed (4): <br>unnamed (5): <br>unnamed (6): <br>unnamed (7): <br>unnamed (8): <br>unnamed (9): <br>unnamed (10): <br>unnamed (11): <br>unnamed (12): ]]></description>
      <styleUrl>#icon-1899-097138</styleUrl>
      <ExtendedData>
        <Data name="Description">
          <value/>
        </Data>
        <Data name="address">
          <value/>
        </Data>
        <Data name="phoneNumber">
          <value/>
        </Data>
        <Data name="Coordinates">
          <value>73.7880226,19.9753217</value>
        </Data>
        <Data name="Category">
          <value>medical_clinic</value>
        </Data>
        <Data name="Address">
          <value>XQGQ+46C, Wadala - Pathardi Rd, opp sharma plywood center, State Bank Colony, Indira Nagar, Nashik, Maharashtra 422009, India</value>
        </Data>
        <Data name="Latitude">
          <value>19.9753217</value>
        </Data>
        <Data name="Longitude">
          <value>73.7880226</value>
        </Data>
        <Data name="Rating">
          <value>4.0</value>
        </Data>
        <Data name="Place_ID">
          <value>ChIJu-jecjrr3TsRKnw2VoyLHUU</value>
        </Data>
        <Data name="Distance_m">
          <value>741.0</value>
        </Data>
        <Data name="unnamed (1)">
          <value/>
        </Data>
        <Data name="unnamed (2)">
          <value/>
        </Data>
        <Data name="unnamed (3)">
          <value/>
        </Data>
        <Data name="unnamed (4)">
          <value/>
        </Data>
        <Data name="unnamed (5)">
          <value/>
        </Data>
        <Data name="unnamed (6)">
          <value/>
        </Data>
        <Data name="unnamed (7)">
          <value/>
        </Data>
        <Data name="unnamed (8)">
          <value/>
        </Data>
        <Data name="unnamed (9)">
          <value/>
        </Data>
        <Data name="unnamed (10)">
          <value/>
        </Data>
        <Data name="unnamed (11)">
          <value/>
        </Data>
        <Data name="unnamed (12)">
          <value/>
        </Data>
      </ExtendedData>
      <Point>
        <coordinates>
          73.7880226,19.9753217,0
        </coordinates>
      </Point>
    </Placemark>
    <Placemark>
      <name>Sudharm Medical and General Store</name>
      <description><![CDATA[Description: <br>address: <br>phoneNumber: <br>Coordinates: 73.82381,19.957952<br>Category: general_hospital<br>Address: Suman hospital, Suman Hospital Compound, Jai Bhavani Rd, Gandhi Nagar Airport Area, Nashik Road, Nashik, Maharashtra 422102, India<br>Latitude: 19.957952<br>Longitude: 73.82381<br>Rating: 3.8<br>Place_ID: ChIJoWW5U0uV3TsR9GVEgCceTX4<br>Distance_m: 2985<br>unnamed (1): <br>unnamed (2): <br>unnamed (3): <br>unnamed (4): <br>unnamed (5): <br>unnamed (6): <br>unnamed (7): <br>unnamed (8): <br>unnamed (9): <br>unnamed (10): <br>unnamed (11): <br>unnamed (12): ]]></description>
      <styleUrl>#icon-1899-097138</styleUrl>
      <ExtendedData>
        <Data name="Description">
          <value/>
        </Data>
        <Data name="address">
          <value/>
        </Data>
        <Data name="phoneNumber">
          <value/>
        </Data>
        <Data name="Coordinates">
          <value>73.82381,19.957952</value>
        </Data>
        <Data name="Category">
          <value>general_hospital</value>
        </Data>
        <Data name="Address">
          <value>Suman hospital, Suman Hospital Compound, Jai Bhavani Rd, Gandhi Nagar Airport Area, Nashik Road, Nashik, Maharashtra 422102, India</value>
        </Data>
        <Data name="Latitude">
          <value>19.957952</value>
        </Data>
        <Data name="Longitude">
          <value>73.82381</value>
        </Data>
        <Data name="Rating">
          <value>3.8</value>
        </Data>
        <Data name="Place_ID">
          <value>ChIJoWW5U0uV3TsR9GVEgCceTX4</value>
        </Data>
        <Data name="Distance_m">
          <value>2985.0</value>
        </Data>
        <Data name="unnamed (1)">
          <value/>
        </Data>
        <Data name="unnamed (2)">
          <value/>
        </Data>
        <Data name="unnamed (3)">
          <value/>
        </Data>
        <Data name="unnamed (4)">
          <value/>
        </Data>
        <Data name="unnamed (5)">
          <value/>
        </Data>
        <Data name="unnamed (6)">
          <value/>
        </Data>
        <Data name="unnamed (7)">
          <value/>
        </Data>
        <Data name="unnamed (8)">
          <value/>
        </Data>
        <Data name="unnamed (9)">
          <value/>
        </Data>
        <Data name="unnamed (10)">
          <value/>
        </Data>
        <Data name="unnamed (11)">
          <value/>
        </Data>
        <Data name="unnamed (12)">
          <value/>
        </Data>
      </ExtendedData>
      <Point>
        <coordinates>
          73.82381,19.957952,0
        </coordinates>
      </Point>
    </Placemark>
    <Placemark>
      <name>UPHC Wadala - Krantijyoti Savitribai Phule Rugnalaya</name>
      <description><![CDATA[Description: <br>address: <br>phoneNumber: <br>Coordinates: 73.7890888,19.9677927<br>Category: hospital<br>Address: XQ9Q+4J8, Param Pujya Ravishankarji Marg, Sharda Vihar, Nashik, Maharashtra 422102, India<br>Latitude: 19.9677927<br>Longitude: 73.7890888<br>Rating: 4.9<br>Place_ID: ChIJefw-T2Dr3TsRVwTVaiwNBTM<br>Distance_m: 1623<br>unnamed (1): <br>unnamed (2): <br>unnamed (3): <br>unnamed (4): <br>unnamed (5): <br>unnamed (6): <br>unnamed (7): <br>unnamed (8): <br>unnamed (9): <br>unnamed (10): <br>unnamed (11): <br>unnamed (12): ]]></description>
      <styleUrl>#icon-1899-097138</styleUrl>
      <ExtendedData>
        <Data name="Description">
          <value/>
        </Data>
        <Data name="address">
          <value/>
        </Data>
        <Data name="phoneNumber">
          <value/>
        </Data>
        <Data name="Coordinates">
          <value>73.7890888,19.9677927</value>
        </Data>
        <Data name="Category">
          <value>hospital</value>
        </Data>
        <Data name="Address">
          <value>XQ9Q+4J8, Param Pujya Ravishankarji Marg, Sharda Vihar, Nashik, Maharashtra 422102, India</value>
        </Data>
        <Data name="Latitude">
          <value>19.9677927</value>
        </Data>
        <Data name="Longitude">
          <value>73.7890888</value>
        </Data>
        <Data name="Rating">
          <value>4.9</value>
        </Data>
        <Data name="Place_ID">
          <value>ChIJefw-T2Dr3TsRVwTVaiwNBTM</value>
        </Data>
        <Data name="Distance_m">
          <value>1623.0</value>
        </Data>
        <Data name="unnamed (1)">
          <value/>
        </Data>
        <Data name="unnamed (2)">
          <value/>
        </Data>
        <Data name="unnamed (3)">
          <value/>
        </Data>
        <Data name="unnamed (4)">
          <value/>
        </Data>
        <Data name="unnamed (5)">
          <value/>
        </Data>
        <Data name="unnamed (6)">
          <value/>
        </Data>
        <Data name="unnamed (7)">
          <value/>
        </Data>
        <Data name="unnamed (8)">
          <value/>
        </Data>
        <Data name="unnamed (9)">
          <value/>
        </Data>
        <Data name="unnamed (10)">
          <value/>
        </Data>
        <Data name="unnamed (11)">
          <value/>
        </Data>
        <Data name="unnamed (12)">
          <value/>
        </Data>
      </ExtendedData>
      <Point>
        <coordinates>
          73.7890888,19.9677927,0
        </coordinates>
      </Point>
    </Placemark>
    <Placemark>
      <name>Galaxy Hospital,</name>
      <description><![CDATA[Description: <br>address: <br>phoneNumber: <br>Coordinates: 73.7944639,19.9696643<br>Category: medical_clinic<br>Address: XQ9V+VQ8, Wadala Rd, Wadala Gaon, Nashik, Maharashtra 422006, India<br>Latitude: 19.9696643<br>Longitude: 73.7944639<br>Rating: <br>Place_ID: ChIJzWTUgyfr3TsRARRN1Y9qzDM<br>Distance_m: 2783<br>unnamed (1): <br>unnamed (2): <br>unnamed (3): <br>unnamed (4): <br>unnamed (5): <br>unnamed (6): <br>unnamed (7): <br>unnamed (8): <br>unnamed (9): <br>unnamed (10): <br>unnamed (11): <br>unnamed (12): ]]></description>
      <styleUrl>#icon-1899-097138</styleUrl>
      <ExtendedData>
        <Data name="Description">
          <value/>
        </Data>
        <Data name="address">
          <value/>
        </Data>
        <Data name="phoneNumber">
          <value/>
        </Data>
        <Data name="Coordinates">
          <value>73.7944639,19.9696643</value>
        </Data>
        <Data name="Category">
          <value>medical_clinic</value>
        </Data>
        <Data name="Address">
          <value>XQ9V+VQ8, Wadala Rd, Wadala Gaon, Nashik, Maharashtra 422006, India</value>
        </Data>
        <Data name="Latitude">
          <value>19.9696643</value>
        </Data>
        <Data name="Longitude">
          <value>73.7944639</value>
        </Data>
        <Data name="Rating">
          <value/>
        </Data>
        <Data name="Place_ID">
          <value>ChIJzWTUgyfr3TsRARRN1Y9qzDM</value>
        </Data>
        <Data name="Distance_m">
          <value>2783.0</value>
        </Data>
        <Data name="unnamed (1)">
          <value/>
        </Data>
        <Data name="unnamed (2)">
          <value/>
        </Data>
        <Data name="unnamed (3)">
          <value/>
        </Data>
        <Data name="unnamed (4)">
          <value/>
        </Data>
        <Data name="unnamed (5)">
          <value/>
        </Data>
        <Data name="unnamed (6)">
          <value/>
        </Data>
        <Data name="unnamed (7)">
          <value/>
        </Data>
        <Data name="unnamed (8)">
          <value/>
        </Data>
        <Data name="unnamed (9)">
          <value/>
        </Data>
        <Data name="unnamed (10)">
          <value/>
        </Data>
        <Data name="unnamed (11)">
          <value/>
        </Data>
        <Data name="unnamed (12)">
          <value/>
        </Data>
      </ExtendedData>
      <Point>
        <coordinates>
          73.7944639,19.9696643,0
        </coordinates>
      </Point>
    </Placemark>
    <Placemark>
      <name>Dr VijayKumar Bhanuwanshe</name>
      <description><![CDATA[Description: <br>address: <br>phoneNumber: <br>Coordinates: 73.8655401,20.0326325<br>Category: medical_clinic<br>Address: 2VM8+367, Adgaon Rd, Adgaon, Nashik, Maharashtra 422003, India<br>Latitude: 20.0326325<br>Longitude: 73.8655401<br>Rating: <br>Place_ID: ChIJ6YfuXwDB3TsRGau_69WYu-o<br>Distance_m: 224<br>unnamed (1): <br>unnamed (2): <br>unnamed (3): <br>unnamed (4): <br>unnamed (5): <br>unnamed (6): <br>unnamed (7): <br>unnamed (8): <br>unnamed (9): <br>unnamed (10): <br>unnamed (11): <br>unnamed (12): ]]></description>
      <styleUrl>#icon-1899-097138</styleUrl>
      <ExtendedData>
        <Data name="Description">
          <value/>
        </Data>
        <Data name="address">
          <value/>
        </Data>
        <Data name="phoneNumber">
          <value/>
        </Data>
        <Data name="Coordinates">
          <value>73.8655401,20.0326325</value>
        </Data>
        <Data name="Category">
          <value>medical_clinic</value>
        </Data>
        <Data name="Address">
          <value>2VM8+367, Adgaon Rd, Adgaon, Nashik, Maharashtra 422003, India</value>
        </Data>
        <Data name="Latitude">
          <value>20.0326325</value>
        </Data>
        <Data name="Longitude">
          <value>73.8655401</value>
        </Data>
        <Data name="Rating">
          <value/>
        </Data>
        <Data name="Place_ID">
          <value>ChIJ6YfuXwDB3TsRGau_69WYu-o</value>
        </Data>
        <Data name="Distance_m">
          <value>224.0</value>
        </Data>
        <Data name="unnamed (1)">
          <value/>
        </Data>
        <Data name="unnamed (2)">
          <value/>
        </Data>
        <Data name="unnamed (3)">
          <value/>
        </Data>
        <Data name="unnamed (4)">
          <value/>
        </Data>
        <Data name="unnamed (5)">
          <value/>
        </Data>
        <Data name="unnamed (6)">
          <value/>
        </Data>
        <Data name="unnamed (7)">
          <value/>
        </Data>
        <Data name="unnamed (8)">
          <value/>
        </Data>
        <Data name="unnamed (9)">
          <value/>
        </Data>
        <Data name="unnamed (10)">
          <value/>
        </Data>
        <Data name="unnamed (11)">
          <value/>
        </Data>
        <Data name="unnamed (12)">
          <value/>
        </Data>
      </ExtendedData>
      <Point>
        <coordinates>
          73.8655401,20.0326325,0
        </coordinates>
      </Point>
    </Placemark>
    <Placemark>
      <name>SWASTHAYU</name>
      <description><![CDATA[Description: <br>address: <br>phoneNumber: <br>Coordinates: 73.8000696,19.9861914<br>Category: health<br>Address: C/O Rajeev Surendra Oberoi MANGLAM VIHAR 2, FLAT NO 2, BHABHA NEAR PURANDARE HOSPITAL, Mumbai Naka, Gulshan Colony, Nashik, Maharashtra 422011, India<br>Latitude: 19.9861914<br>Longitude: 73.8000696<br>Rating: 4.4<br>Place_ID: ChIJS6s06PLs3TsR9mxOCfZFAhI<br>Distance_m: 1562<br>unnamed (1): <br>unnamed (2): <br>unnamed (3): <br>unnamed (4): <br>unnamed (5): <br>unnamed (6): <br>unnamed (7): <br>unnamed (8): <br>unnamed (9): <br>unnamed (10): <br>unnamed (11): <br>unnamed (12): ]]></description>
      <styleUrl>#icon-1899-097138</styleUrl>
      <ExtendedData>
        <Data name="Description">
          <value/>
        </Data>
        <Data name="address">
          <value/>
        </Data>
        <Data name="phoneNumber">
          <value/>
        </Data>
        <Data name="Coordinates">
          <value>73.8000696,19.9861914</value>
        </Data>
        <Data name="Category">
          <value>health</value>
        </Data>
        <Data name="Address">
          <value>C/O Rajeev Surendra Oberoi MANGLAM VIHAR 2, FLAT NO 2, BHABHA NEAR PURANDARE HOSPITAL, Mumbai Naka, Gulshan Colony, Nashik, Maharashtra 422011, India</value>
        </Data>
        <Data name="Latitude">
          <value>19.9861914</value>
        </Data>
        <Data name="Longitude">
          <value>73.8000696</value>
        </Data>
        <Data name="Rating">
          <value>4.4</value>
        </Data>
        <Data name="Place_ID">
          <value>ChIJS6s06PLs3TsR9mxOCfZFAhI</value>
        </Data>
        <Data name="Distance_m">
          <value>1562.0</value>
        </Data>
        <Data name="unnamed (1)">
          <value/>
        </Data>
        <Data name="unnamed (2)">
          <value/>
        </Data>
        <Data name="unnamed (3)">
          <value/>
        </Data>
        <Data name="unnamed (4)">
          <value/>
        </Data>
        <Data name="unnamed (5)">
          <value/>
        </Data>
        <Data name="unnamed (6)">
          <value/>
        </Data>
        <Data name="unnamed (7)">
          <value/>
        </Data>
        <Data name="unnamed (8)">
          <value/>
        </Data>
        <Data name="unnamed (9)">
          <value/>
        </Data>
        <Data name="unnamed (10)">
          <value/>
        </Data>
        <Data name="unnamed (11)">
          <value/>
        </Data>
        <Data name="unnamed (12)">
          <value/>
        </Data>
      </ExtendedData>
      <Point>
        <coordinates>
          73.8000696,19.9861914,0
        </coordinates>
      </Point>
    </Placemark>
    <Placemark>
      <name>Ashutosh</name>
      <description><![CDATA[Description: <br>address: <br>phoneNumber: <br>Coordinates: 73.7658492,20.0097356<br>Category: medical_clinic<br>Address: Gangapur Road Vidya Vikas Circle opposite Axis Bank Mamamungi mangal karyalay, Mamashri dinning, Nashik, Maharashtra 422013, India<br>Latitude: 20.0097356<br>Longitude: 73.7658492<br>Rating: 5<br>Place_ID: ChIJ7Z95bwPr3TsR9z7C8g2FVOY<br>Distance_m: 1658<br>unnamed (1): <br>unnamed (2): <br>unnamed (3): <br>unnamed (4): <br>unnamed (5): <br>unnamed (6): <br>unnamed (7): <br>unnamed (8): <br>unnamed (9): <br>unnamed (10): <br>unnamed (11): <br>unnamed (12): ]]></description>
      <styleUrl>#icon-1899-097138</styleUrl>
      <ExtendedData>
        <Data name="Description">
          <value/>
        </Data>
        <Data name="address">
          <value/>
        </Data>
        <Data name="phoneNumber">
          <value/>
        </Data>
        <Data name="Coordinates">
          <value>73.7658492,20.0097356</value>
        </Data>
        <Data name="Category">
          <value>medical_clinic</value>
        </Data>
        <Data name="Address">
          <value>Gangapur Road Vidya Vikas Circle opposite Axis Bank Mamamungi mangal karyalay, Mamashri dinning, Nashik, Maharashtra 422013, India</value>
        </Data>
        <Data name="Latitude">
          <value>20.0097356</value>
        </Data>
        <Data name="Longitude">
          <value>73.7658492</value>
        </Data>
        <Data name="Rating">
          <value>5.0</value>
        </Data>
        <Data name="Place_ID">
          <value>ChIJ7Z95bwPr3TsR9z7C8g2FVOY</value>
        </Data>
        <Data name="Distance_m">
          <value>1658.0</value>
        </Data>
        <Data name="unnamed (1)">
          <value/>
        </Data>
        <Data name="unnamed (2)">
          <value/>
        </Data>
        <Data name="unnamed (3)">
          <value/>
        </Data>
        <Data name="unnamed (4)">
          <value/>
        </Data>
        <Data name="unnamed (5)">
          <value/>
        </Data>
        <Data name="unnamed (6)">
          <value/>
        </Data>
        <Data name="unnamed (7)">
          <value/>
        </Data>
        <Data name="unnamed (8)">
          <value/>
        </Data>
        <Data name="unnamed (9)">
          <value/>
        </Data>
        <Data name="unnamed (10)">
          <value/>
        </Data>
        <Data name="unnamed (11)">
          <value/>
        </Data>
        <Data name="unnamed (12)">
          <value/>
        </Data>
      </ExtendedData>
      <Point>
        <coordinates>
          73.7658492,20.0097356,0
        </coordinates>
      </Point>
    </Placemark>
    <Placemark>
      <name>Aashirwad Hospital</name>
      <description><![CDATA[Description: <br>address: <br>phoneNumber: <br>Coordinates: 73.7559122,19.9842049<br>Category: hospital<br>Address: N45 C, B, 1, 1, Ambad-Trimurti Chowk Link Rd, Trimurti Chowk, Cidco, Shivshakti Nagar, Nashik, Maharashtra 422008, India<br>Latitude: 19.9842049<br>Longitude: 73.7559122<br>Rating: 4.8<br>Place_ID: ChIJL0ZR-mTr3TsRKtjBH_cys4o<br>Distance_m: 1607<br>unnamed (1): <br>unnamed (2): <br>unnamed (3): <br>unnamed (4): <br>unnamed (5): <br>unnamed (6): <br>unnamed (7): <br>unnamed (8): <br>unnamed (9): <br>unnamed (10): <br>unnamed (11): <br>unnamed (12): ]]></description>
      <styleUrl>#icon-1899-097138</styleUrl>
      <ExtendedData>
        <Data name="Description">
          <value/>
        </Data>
        <Data name="address">
          <value/>
        </Data>
        <Data name="phoneNumber">
          <value/>
        </Data>
        <Data name="Coordinates">
          <value>73.7559122,19.9842049</value>
        </Data>
        <Data name="Category">
          <value>hospital</value>
        </Data>
        <Data name="Address">
          <value>N45 C, B, 1, 1, Ambad-Trimurti Chowk Link Rd, Trimurti Chowk, Cidco, Shivshakti Nagar, Nashik, Maharashtra 422008, India</value>
        </Data>
        <Data name="Latitude">
          <value>19.9842049</value>
        </Data>
        <Data name="Longitude">
          <value>73.7559122</value>
        </Data>
        <Data name="Rating">
          <value>4.8</value>
        </Data>
        <Data name="Place_ID">
          <value>ChIJL0ZR-mTr3TsRKtjBH_cys4o</value>
        </Data>
        <Data name="Distance_m">
          <value>1607.0</value>
        </Data>
        <Data name="unnamed (1)">
          <value/>
        </Data>
        <Data name="unnamed (2)">
          <value/>
        </Data>
        <Data name="unnamed (3)">
          <value/>
        </Data>
        <Data name="unnamed (4)">
          <value/>
        </Data>
        <Data name="unnamed (5)">
          <value/>
        </Data>
        <Data name="unnamed (6)">
          <value/>
        </Data>
        <Data name="unnamed (7)">
          <value/>
        </Data>
        <Data name="unnamed (8)">
          <value/>
        </Data>
        <Data name="unnamed (9)">
          <value/>
        </Data>
        <Data name="unnamed (10)">
          <value/>
        </Data>
        <Data name="unnamed (11)">
          <value/>
        </Data>
        <Data name="unnamed (12)">
          <value/>
        </Data>
      </ExtendedData>
      <Point>
        <coordinates>
          73.7559122,19.9842049,0
        </coordinates>
      </Point>
    </Placemark>
    <Placemark>
      <name>Rizwan hospital</name>
      <description><![CDATA[Description: <br>address: <br>phoneNumber: <br>Coordinates: 73.7945035,19.9695422<br>Category: hospital<br>Address: XQ9V+RR6, Wadala Gaon, Nashik, Maharashtra 422006, India<br>Latitude: 19.9695422<br>Longitude: 73.7945035<br>Rating: <br>Place_ID: ChIJCUVXgSfr3TsRe5y0_SCQqQw<br>Distance_m: 2789<br>unnamed (1): <br>unnamed (2): <br>unnamed (3): <br>unnamed (4): <br>unnamed (5): <br>unnamed (6): <br>unnamed (7): <br>unnamed (8): <br>unnamed (9): <br>unnamed (10): <br>unnamed (11): <br>unnamed (12): ]]></description>
      <styleUrl>#icon-1899-097138</styleUrl>
      <ExtendedData>
        <Data name="Description">
          <value/>
        </Data>
        <Data name="address">
          <value/>
        </Data>
        <Data name="phoneNumber">
          <value/>
        </Data>
        <Data name="Coordinates">
          <value>73.7945035,19.9695422</value>
        </Data>
        <Data name="Category">
          <value>hospital</value>
        </Data>
        <Data name="Address">
          <value>XQ9V+RR6, Wadala Gaon, Nashik, Maharashtra 422006, India</value>
        </Data>
        <Data name="Latitude">
          <value>19.9695422</value>
        </Data>
        <Data name="Longitude">
          <value>73.7945035</value>
        </Data>
        <Data name="Rating">
          <value/>
        </Data>
        <Data name="Place_ID">
          <value>ChIJCUVXgSfr3TsRe5y0_SCQqQw</value>
        </Data>
        <Data name="Distance_m">
          <value>2789.0</value>
        </Data>
        <Data name="unnamed (1)">
          <value/>
        </Data>
        <Data name="unnamed (2)">
          <value/>
        </Data>
        <Data name="unnamed (3)">
          <value/>
        </Data>
        <Data name="unnamed (4)">
          <value/>
        </Data>
        <Data name="unnamed (5)">
          <value/>
        </Data>
        <Data name="unnamed (6)">
          <value/>
        </Data>
        <Data name="unnamed (7)">
          <value/>
        </Data>
        <Data name="unnamed (8)">
          <value/>
        </Data>
        <Data name="unnamed (9)">
          <value/>
        </Data>
        <Data name="unnamed (10)">
          <value/>
        </Data>
        <Data name="unnamed (11)">
          <value/>
        </Data>
        <Data name="unnamed (12)">
          <value/>
        </Data>
      </ExtendedData>
      <Point>
        <coordinates>
          73.7945035,19.9695422,0
        </coordinates>
      </Point>
    </Placemark>
    <Placemark>
      <name>Uma Hospital</name>
      <description><![CDATA[Description: <br>address: <br>phoneNumber: <br>Coordinates: 73.7547489,19.9768767<br>Category: hospital<br>Address: XQG3+QV5, Ambad-Trimurti Chowk Link Rd, Abhiyanta Nagar, Nashik, Maharashtra 422008, India<br>Latitude: 19.9768767<br>Longitude: 73.7547489<br>Rating: 4.4<br>Place_ID: ChIJL8GbPGfr3TsR4Z446aLXpco<br>Distance_m: 1656<br>unnamed (1): <br>unnamed (2): <br>unnamed (3): <br>unnamed (4): <br>unnamed (5): <br>unnamed (6): <br>unnamed (7): <br>unnamed (8): <br>unnamed (9): <br>unnamed (10): <br>unnamed (11): <br>unnamed (12): ]]></description>
      <styleUrl>#icon-1899-097138</styleUrl>
      <ExtendedData>
        <Data name="Description">
          <value/>
        </Data>
        <Data name="address">
          <value/>
        </Data>
        <Data name="phoneNumber">
          <value/>
        </Data>
        <Data name="Coordinates">
          <value>73.7547489,19.9768767</value>
        </Data>
        <Data name="Category">
          <value>hospital</value>
        </Data>
        <Data name="Address">
          <value>XQG3+QV5, Ambad-Trimurti Chowk Link Rd, Abhiyanta Nagar, Nashik, Maharashtra 422008, India</value>
        </Data>
        <Data name="Latitude">
          <value>19.9768767</value>
        </Data>
        <Data name="Longitude">
          <value>73.7547489</value>
        </Data>
        <Data name="Rating">
          <value>4.4</value>
        </Data>
        <Data name="Place_ID">
          <value>ChIJL8GbPGfr3TsR4Z446aLXpco</value>
        </Data>
        <Data name="Distance_m">
          <value>1656.0</value>
        </Data>
        <Data name="unnamed (1)">
          <value/>
        </Data>
        <Data name="unnamed (2)">
          <value/>
        </Data>
        <Data name="unnamed (3)">
          <value/>
        </Data>
        <Data name="unnamed (4)">
          <value/>
        </Data>
        <Data name="unnamed (5)">
          <value/>
        </Data>
        <Data name="unnamed (6)">
          <value/>
        </Data>
        <Data name="unnamed (7)">
          <value/>
        </Data>
        <Data name="unnamed (8)">
          <value/>
        </Data>
        <Data name="unnamed (9)">
          <value/>
        </Data>
        <Data name="unnamed (10)">
          <value/>
        </Data>
        <Data name="unnamed (11)">
          <value/>
        </Data>
        <Data name="unnamed (12)">
          <value/>
        </Data>
      </ExtendedData>
      <Point>
        <coordinates>
          73.7547489,19.9768767,0
        </coordinates>
      </Point>
    </Placemark>
    <Placemark>
      <name>MAYUR HOSPITAL</name>
      <description><![CDATA[Description: <br>address: <br>phoneNumber: <br>Coordinates: 73.7468641,19.9748862<br>Category: hospital<br>Address: Saptashrungi Nagar, Kamatwade, Nashik, Maharashtra 422010, India<br>Latitude: 19.9748862<br>Longitude: 73.7468641<br>Rating: 3.8<br>Place_ID: ChIJ77Dr75_s3TsRbHeE4QhPmvc<br>Distance_m: 265<br>unnamed (1): <br>unnamed (2): <br>unnamed (3): <br>unnamed (4): <br>unnamed (5): <br>unnamed (6): <br>unnamed (7): <br>unnamed (8): <br>unnamed (9): <br>unnamed (10): <br>unnamed (11): <br>unnamed (12): ]]></description>
      <styleUrl>#icon-1899-097138</styleUrl>
      <ExtendedData>
        <Data name="Description">
          <value/>
        </Data>
        <Data name="address">
          <value/>
        </Data>
        <Data name="phoneNumber">
          <value/>
        </Data>
        <Data name="Coordinates">
          <value>73.7468641,19.9748862</value>
        </Data>
        <Data name="Category">
          <value>hospital</value>
        </Data>
        <Data name="Address">
          <value>Saptashrungi Nagar, Kamatwade, Nashik, Maharashtra 422010, India</value>
        </Data>
        <Data name="Latitude">
          <value>19.9748862</value>
        </Data>
        <Data name="Longitude">
          <value>73.7468641</value>
        </Data>
        <Data name="Rating">
          <value>3.8</value>
        </Data>
        <Data name="Place_ID">
          <value>ChIJ77Dr75_s3TsRbHeE4QhPmvc</value>
        </Data>
        <Data name="Distance_m">
          <value>265.0</value>
        </Data>
        <Data name="unnamed (1)">
          <value/>
        </Data>
        <Data name="unnamed (2)">
          <value/>
        </Data>
        <Data name="unnamed (3)">
          <value/>
        </Data>
        <Data name="unnamed (4)">
          <value/>
        </Data>
        <Data name="unnamed (5)">
          <value/>
        </Data>
        <Data name="unnamed (6)">
          <value/>
        </Data>
        <Data name="unnamed (7)">
          <value/>
        </Data>
        <Data name="unnamed (8)">
          <value/>
        </Data>
        <Data name="unnamed (9)">
          <value/>
        </Data>
        <Data name="unnamed (10)">
          <value/>
        </Data>
        <Data name="unnamed (11)">
          <value/>
        </Data>
        <Data name="unnamed (12)">
          <value/>
        </Data>
      </ExtendedData>
      <Point>
        <coordinates>
          73.7468641,19.9748862,0
        </coordinates>
      </Point>
    </Placemark>
    <Placemark>
      <name>Chiranjiv Hospital</name>
      <description><![CDATA[Description: <br>address: <br>phoneNumber: <br>Coordinates: 73.7802219,19.9890519<br>Category: hospital<br>Address: XQQJ+J3H, Mumbai Naka, Matoshree Nagar, Nashik, Maharashtra 422002, India<br>Latitude: 19.9890519<br>Longitude: 73.7802219<br>Rating: 4.3<br>Place_ID: ChIJm6uZ1A_r3TsR3M9RWdw091k<br>Distance_m: 482<br>unnamed (1): <br>unnamed (2): <br>unnamed (3): <br>unnamed (4): <br>unnamed (5): <br>unnamed (6): <br>unnamed (7): <br>unnamed (8): <br>unnamed (9): <br>unnamed (10): <br>unnamed (11): <br>unnamed (12): ]]></description>
      <styleUrl>#icon-1899-097138</styleUrl>
      <ExtendedData>
        <Data name="Description">
          <value/>
        </Data>
        <Data name="address">
          <value/>
        </Data>
        <Data name="phoneNumber">
          <value/>
        </Data>
        <Data name="Coordinates">
          <value>73.7802219,19.9890519</value>
        </Data>
        <Data name="Category">
          <value>hospital</value>
        </Data>
        <Data name="Address">
          <value>XQQJ+J3H, Mumbai Naka, Matoshree Nagar, Nashik, Maharashtra 422002, India</value>
        </Data>
        <Data name="Latitude">
          <value>19.9890519</value>
        </Data>
        <Data name="Longitude">
          <value>73.7802219</value>
        </Data>
        <Data name="Rating">
          <value>4.3</value>
        </Data>
        <Data name="Place_ID">
          <value>ChIJm6uZ1A_r3TsR3M9RWdw091k</value>
        </Data>
        <Data name="Distance_m">
          <value>482.0</value>
        </Data>
        <Data name="unnamed (1)">
          <value/>
        </Data>
        <Data name="unnamed (2)">
          <value/>
        </Data>
        <Data name="unnamed (3)">
          <value/>
        </Data>
        <Data name="unnamed (4)">
          <value/>
        </Data>
        <Data name="unnamed (5)">
          <value/>
        </Data>
        <Data name="unnamed (6)">
          <value/>
        </Data>
        <Data name="unnamed (7)">
          <value/>
        </Data>
        <Data name="unnamed (8)">
          <value/>
        </Data>
        <Data name="unnamed (9)">
          <value/>
        </Data>
        <Data name="unnamed (10)">
          <value/>
        </Data>
        <Data name="unnamed (11)">
          <value/>
        </Data>
        <Data name="unnamed (12)">
          <value/>
        </Data>
      </ExtendedData>
      <Point>
        <coordinates>
          73.7802219,19.9890519,0
        </coordinates>
      </Point>
    </Placemark>
    <Placemark>
      <name>Dr. Zakir Hussain Hospital NMC</name>
      <description><![CDATA[Description: <br>address: <br>phoneNumber: <br>Coordinates: 73.7996951,19.9958319<br>Category: hospital<br>Address: XQWX+8VP, New Agra Road, Dwarka, Nashik, Maharashtra 422001, India<br>Latitude: 19.9958319<br>Longitude: 73.7996951<br>Rating: 3.9<br>Place_ID: ChIJU7i1G_zq3TsRF_1Mx1mn9g4<br>Distance_m: 2120<br>unnamed (1): <br>unnamed (2): <br>unnamed (3): <br>unnamed (4): <br>unnamed (5): <br>unnamed (6): <br>unnamed (7): <br>unnamed (8): <br>unnamed (9): <br>unnamed (10): <br>unnamed (11): <br>unnamed (12): ]]></description>
      <styleUrl>#icon-1899-097138</styleUrl>
      <ExtendedData>
        <Data name="Description">
          <value/>
        </Data>
        <Data name="address">
          <value/>
        </Data>
        <Data name="phoneNumber">
          <value/>
        </Data>
        <Data name="Coordinates">
          <value>73.7996951,19.9958319</value>
        </Data>
        <Data name="Category">
          <value>hospital</value>
        </Data>
        <Data name="Address">
          <value>XQWX+8VP, New Agra Road, Dwarka, Nashik, Maharashtra 422001, India</value>
        </Data>
        <Data name="Latitude">
          <value>19.9958319</value>
        </Data>
        <Data name="Longitude">
          <value>73.7996951</value>
        </Data>
        <Data name="Rating">
          <value>3.9</value>
        </Data>
        <Data name="Place_ID">
          <value>ChIJU7i1G_zq3TsRF_1Mx1mn9g4</value>
        </Data>
        <Data name="Distance_m">
          <value>2120.0</value>
        </Data>
        <Data name="unnamed (1)">
          <value/>
        </Data>
        <Data name="unnamed (2)">
          <value/>
        </Data>
        <Data name="unnamed (3)">
          <value/>
        </Data>
        <Data name="unnamed (4)">
          <value/>
        </Data>
        <Data name="unnamed (5)">
          <value/>
        </Data>
        <Data name="unnamed (6)">
          <value/>
        </Data>
        <Data name="unnamed (7)">
          <value/>
        </Data>
        <Data name="unnamed (8)">
          <value/>
        </Data>
        <Data name="unnamed (9)">
          <value/>
        </Data>
        <Data name="unnamed (10)">
          <value/>
        </Data>
        <Data name="unnamed (11)">
          <value/>
        </Data>
        <Data name="unnamed (12)">
          <value/>
        </Data>
      </ExtendedData>
      <Point>
        <coordinates>
          73.7996951,19.9958319,0
        </coordinates>
      </Point>
    </Placemark>
    <Placemark>
      <name>Bachhav Hospital</name>
      <description><![CDATA[Description: <br>address: <br>phoneNumber: <br>Coordinates: 73.8000507,19.9913216<br>Category: hospital<br>Address: Maneksha Nagar, Dwarka, Nashik, Maharashtra 422011, India<br>Latitude: 19.9913216<br>Longitude: 73.8000507<br>Rating: 5<br>Place_ID: ChIJXyjmwHzr3TsR7sapYTW2VCY<br>Distance_m: 430<br>unnamed (1): <br>unnamed (2): <br>unnamed (3): <br>unnamed (4): <br>unnamed (5): <br>unnamed (6): <br>unnamed (7): <br>unnamed (8): <br>unnamed (9): <br>unnamed (10): <br>unnamed (11): <br>unnamed (12): ]]></description>
      <styleUrl>#icon-1899-097138</styleUrl>
      <ExtendedData>
        <Data name="Description">
          <value/>
        </Data>
        <Data name="address">
          <value/>
        </Data>
        <Data name="phoneNumber">
          <value/>
        </Data>
        <Data name="Coordinates">
          <value>73.8000507,19.9913216</value>
        </Data>
        <Data name="Category">
          <value>hospital</value>
        </Data>
        <Data name="Address">
          <value>Maneksha Nagar, Dwarka, Nashik, Maharashtra 422011, India</value>
        </Data>
        <Data name="Latitude">
          <value>19.9913216</value>
        </Data>
        <Data name="Longitude">
          <value>73.8000507</value>
        </Data>
        <Data name="Rating">
          <value>5.0</value>
        </Data>
        <Data name="Place_ID">
          <value>ChIJXyjmwHzr3TsR7sapYTW2VCY</value>
        </Data>
        <Data name="Distance_m">
          <value>430.0</value>
        </Data>
        <Data name="unnamed (1)">
          <value/>
        </Data>
        <Data name="unnamed (2)">
          <value/>
        </Data>
        <Data name="unnamed (3)">
          <value/>
        </Data>
        <Data name="unnamed (4)">
          <value/>
        </Data>
        <Data name="unnamed (5)">
          <value/>
        </Data>
        <Data name="unnamed (6)">
          <value/>
        </Data>
        <Data name="unnamed (7)">
          <value/>
        </Data>
        <Data name="unnamed (8)">
          <value/>
        </Data>
        <Data name="unnamed (9)">
          <value/>
        </Data>
        <Data name="unnamed (10)">
          <value/>
        </Data>
        <Data name="unnamed (11)">
          <value/>
        </Data>
        <Data name="unnamed (12)">
          <value/>
        </Data>
      </ExtendedData>
      <Point>
        <coordinates>
          73.8000507,19.9913216,0
        </coordinates>
      </Point>
    </Placemark>
    <Placemark>
      <name>Yash Hospital</name>
      <description><![CDATA[Description: <br>address: <br>phoneNumber: <br>Coordinates: 73.8033902,19.9955048<br>Category: hospital<br>Address: XRW3+8CC, Dwarka, Nashik, Maharashtra 422011, India<br>Latitude: 19.9955048<br>Longitude: 73.8033902<br>Rating: 4<br>Place_ID: ChIJqSnBy_vq3TsRqBore-CNeNw<br>Distance_m: 269<br>unnamed (1): <br>unnamed (2): <br>unnamed (3): <br>unnamed (4): <br>unnamed (5): <br>unnamed (6): <br>unnamed (7): <br>unnamed (8): <br>unnamed (9): <br>unnamed (10): <br>unnamed (11): <br>unnamed (12): ]]></description>
      <styleUrl>#icon-1899-097138</styleUrl>
      <ExtendedData>
        <Data name="Description">
          <value/>
        </Data>
        <Data name="address">
          <value/>
        </Data>
        <Data name="phoneNumber">
          <value/>
        </Data>
        <Data name="Coordinates">
          <value>73.8033902,19.9955048</value>
        </Data>
        <Data name="Category">
          <value>hospital</value>
        </Data>
        <Data name="Address">
          <value>XRW3+8CC, Dwarka, Nashik, Maharashtra 422011, India</value>
        </Data>
        <Data name="Latitude">
          <value>19.9955048</value>
        </Data>
        <Data name="Longitude">
          <value>73.8033902</value>
        </Data>
        <Data name="Rating">
          <value>4.0</value>
        </Data>
        <Data name="Place_ID">
          <value>ChIJqSnBy_vq3TsRqBore-CNeNw</value>
        </Data>
        <Data name="Distance_m">
          <value>269.0</value>
        </Data>
        <Data name="unnamed (1)">
          <value/>
        </Data>
        <Data name="unnamed (2)">
          <value/>
        </Data>
        <Data name="unnamed (3)">
          <value/>
        </Data>
        <Data name="unnamed (4)">
          <value/>
        </Data>
        <Data name="unnamed (5)">
          <value/>
        </Data>
        <Data name="unnamed (6)">
          <value/>
        </Data>
        <Data name="unnamed (7)">
          <value/>
        </Data>
        <Data name="unnamed (8)">
          <value/>
        </Data>
        <Data name="unnamed (9)">
          <value/>
        </Data>
        <Data name="unnamed (10)">
          <value/>
        </Data>
        <Data name="unnamed (11)">
          <value/>
        </Data>
        <Data name="unnamed (12)">
          <value/>
        </Data>
      </ExtendedData>
      <Point>
        <coordinates>
          73.8033902,19.9955048,0
        </coordinates>
      </Point>
    </Placemark>
    <Placemark>
      <name>Shree Hospital</name>
      <description><![CDATA[Description: <br>address: <br>phoneNumber: <br>Coordinates: 73.7798204,20.0435213<br>Category: hospital<br>Address: Omkar Society, Ramkrishna Nagar, Makhmalabad, Nashik, Maharashtra 422003, India<br>Latitude: 20.0435213<br>Longitude: 73.7798204<br>Rating: 4.7<br>Place_ID: ChIJddiMAdnr3TsR6e8pJfFwwuE<br>Distance_m: 1654<br>unnamed (1): <br>unnamed (2): <br>unnamed (3): <br>unnamed (4): <br>unnamed (5): <br>unnamed (6): <br>unnamed (7): <br>unnamed (8): <br>unnamed (9): <br>unnamed (10): <br>unnamed (11): <br>unnamed (12): ]]></description>
      <styleUrl>#icon-1899-097138</styleUrl>
      <ExtendedData>
        <Data name="Description">
          <value/>
        </Data>
        <Data name="address">
          <value/>
        </Data>
        <Data name="phoneNumber">
          <value/>
        </Data>
        <Data name="Coordinates">
          <value>73.7798204,20.0435213</value>
        </Data>
        <Data name="Category">
          <value>hospital</value>
        </Data>
        <Data name="Address">
          <value>Omkar Society, Ramkrishna Nagar, Makhmalabad, Nashik, Maharashtra 422003, India</value>
        </Data>
        <Data name="Latitude">
          <value>20.0435213</value>
        </Data>
        <Data name="Longitude">
          <value>73.7798204</value>
        </Data>
        <Data name="Rating">
          <value>4.7</value>
        </Data>
        <Data name="Place_ID">
          <value>ChIJddiMAdnr3TsR6e8pJfFwwuE</value>
        </Data>
        <Data name="Distance_m">
          <value>1654.0</value>
        </Data>
        <Data name="unnamed (1)">
          <value/>
        </Data>
        <Data name="unnamed (2)">
          <value/>
        </Data>
        <Data name="unnamed (3)">
          <value/>
        </Data>
        <Data name="unnamed (4)">
          <value/>
        </Data>
        <Data name="unnamed (5)">
          <value/>
        </Data>
        <Data name="unnamed (6)">
          <value/>
        </Data>
        <Data name="unnamed (7)">
          <value/>
        </Data>
        <Data name="unnamed (8)">
          <value/>
        </Data>
        <Data name="unnamed (9)">
          <value/>
        </Data>
        <Data name="unnamed (10)">
          <value/>
        </Data>
        <Data name="unnamed (11)">
          <value/>
        </Data>
        <Data name="unnamed (12)">
          <value/>
        </Data>
      </ExtendedData>
      <Point>
        <coordinates>
          73.7798204,20.0435213,0
        </coordinates>
      </Point>
    </Placemark>
    <Placemark>
      <name>Rural Hospital</name>
      <description><![CDATA[Description: <br>address: <br>phoneNumber: <br>Coordinates: 73.781291,20.0393822<br>Category: hospital<br>Address: 26, Makhmalabad Rd, Vidya Nagar, Ashwamegh Nagar, Makhmalabad, Nashik, Maharashtra 422003, India<br>Latitude: 20.0393822<br>Longitude: 73.781291<br>Rating: <br>Place_ID: ChIJrwSwQNrr3TsRZ7SxgElt0BM<br>Distance_m: 1417<br>unnamed (1): <br>unnamed (2): <br>unnamed (3): <br>unnamed (4): <br>unnamed (5): <br>unnamed (6): <br>unnamed (7): <br>unnamed (8): <br>unnamed (9): <br>unnamed (10): <br>unnamed (11): <br>unnamed (12): ]]></description>
      <styleUrl>#icon-1899-097138</styleUrl>
      <ExtendedData>
        <Data name="Description">
          <value/>
        </Data>
        <Data name="address">
          <value/>
        </Data>
        <Data name="phoneNumber">
          <value/>
        </Data>
        <Data name="Coordinates">
          <value>73.781291,20.0393822</value>
        </Data>
        <Data name="Category">
          <value>hospital</value>
        </Data>
        <Data name="Address">
          <value>26, Makhmalabad Rd, Vidya Nagar, Ashwamegh Nagar, Makhmalabad, Nashik, Maharashtra 422003, India</value>
        </Data>
        <Data name="Latitude">
          <value>20.0393822</value>
        </Data>
        <Data name="Longitude">
          <value>73.781291</value>
        </Data>
        <Data name="Rating">
          <value/>
        </Data>
        <Data name="Place_ID">
          <value>ChIJrwSwQNrr3TsRZ7SxgElt0BM</value>
        </Data>
        <Data name="Distance_m">
          <value>1417.0</value>
        </Data>
        <Data name="unnamed (1)">
          <value/>
        </Data>
        <Data name="unnamed (2)">
          <value/>
        </Data>
        <Data name="unnamed (3)">
          <value/>
        </Data>
        <Data name="unnamed (4)">
          <value/>
        </Data>
        <Data name="unnamed (5)">
          <value/>
        </Data>
        <Data name="unnamed (6)">
          <value/>
        </Data>
        <Data name="unnamed (7)">
          <value/>
        </Data>
        <Data name="unnamed (8)">
          <value/>
        </Data>
        <Data name="unnamed (9)">
          <value/>
        </Data>
        <Data name="unnamed (10)">
          <value/>
        </Data>
        <Data name="unnamed (11)">
          <value/>
        </Data>
        <Data name="unnamed (12)">
          <value/>
        </Data>
      </ExtendedData>
      <Point>
        <coordinates>
          73.781291,20.0393822,0
        </coordinates>
      </Point>
    </Placemark>
    <Placemark>
      <name><![CDATA[Dr. Rathi's Ganesha Health Care]]></name>
      <description><![CDATA[Description: <br>address: <br>phoneNumber: <br>Coordinates: 73.7800297,20.0457626<br>Category: medical_clinic<br>Address: Ekdant appt, near Maharashtra Gramin bank Irrigation colony, Ramkrishna Nagar, Makhmalabad, Nashik, Maharashtra 422003, India<br>Latitude: 20.0457626<br>Longitude: 73.7800297<br>Rating: 5<br>Place_ID: ChIJn4f583Dr3TsRtDQOMWLEs9U<br>Distance_m: 1875<br>unnamed (1): <br>unnamed (2): <br>unnamed (3): <br>unnamed (4): <br>unnamed (5): <br>unnamed (6): <br>unnamed (7): <br>unnamed (8): <br>unnamed (9): <br>unnamed (10): <br>unnamed (11): <br>unnamed (12): ]]></description>
      <styleUrl>#icon-1899-097138</styleUrl>
      <ExtendedData>
        <Data name="Description">
          <value/>
        </Data>
        <Data name="address">
          <value/>
        </Data>
        <Data name="phoneNumber">
          <value/>
        </Data>
        <Data name="Coordinates">
          <value>73.7800297,20.0457626</value>
        </Data>
        <Data name="Category">
          <value>medical_clinic</value>
        </Data>
        <Data name="Address">
          <value>Ekdant appt, near Maharashtra Gramin bank Irrigation colony, Ramkrishna Nagar, Makhmalabad, Nashik, Maharashtra 422003, India</value>
        </Data>
        <Data name="Latitude">
          <value>20.0457626</value>
        </Data>
        <Data name="Longitude">
          <value>73.7800297</value>
        </Data>
        <Data name="Rating">
          <value>5.0</value>
        </Data>
        <Data name="Place_ID">
          <value>ChIJn4f583Dr3TsRtDQOMWLEs9U</value>
        </Data>
        <Data name="Distance_m">
          <value>1875.0</value>
        </Data>
        <Data name="unnamed (1)">
          <value/>
        </Data>
        <Data name="unnamed (2)">
          <value/>
        </Data>
        <Data name="unnamed (3)">
          <value/>
        </Data>
        <Data name="unnamed (4)">
          <value/>
        </Data>
        <Data name="unnamed (5)">
          <value/>
        </Data>
        <Data name="unnamed (6)">
          <value/>
        </Data>
        <Data name="unnamed (7)">
          <value/>
        </Data>
        <Data name="unnamed (8)">
          <value/>
        </Data>
        <Data name="unnamed (9)">
          <value/>
        </Data>
        <Data name="unnamed (10)">
          <value/>
        </Data>
        <Data name="unnamed (11)">
          <value/>
        </Data>
        <Data name="unnamed (12)">
          <value/>
        </Data>
      </ExtendedData>
      <Point>
        <coordinates>
          73.7800297,20.0457626,0
        </coordinates>
      </Point>
    </Placemark>
    <Placemark>
      <name>Balasaheb Thakare Hospital</name>
      <description><![CDATA[Description: <br>address: <br>phoneNumber: <br>Coordinates: 73.838103,19.947991<br>Category: health<br>Address: Bitco Point, 211/1/109, Rajwada Nagar, Nashik Road, Sinnar, Nashik, Maharashtra 422101, India<br>Latitude: 19.947991<br>Longitude: 73.838103<br>Rating: 3.6<br>Place_ID: ChIJnWnJdHaV3TsRBUB6LuCmtYU<br>Distance_m: 2126<br>unnamed (1): <br>unnamed (2): <br>unnamed (3): <br>unnamed (4): <br>unnamed (5): <br>unnamed (6): <br>unnamed (7): <br>unnamed (8): <br>unnamed (9): <br>unnamed (10): <br>unnamed (11): <br>unnamed (12): ]]></description>
      <styleUrl>#icon-1899-097138</styleUrl>
      <ExtendedData>
        <Data name="Description">
          <value/>
        </Data>
        <Data name="address">
          <value/>
        </Data>
        <Data name="phoneNumber">
          <value/>
        </Data>
        <Data name="Coordinates">
          <value>73.838103,19.947991</value>
        </Data>
        <Data name="Category">
          <value>health</value>
        </Data>
        <Data name="Address">
          <value>Bitco Point, 211/1/109, Rajwada Nagar, Nashik Road, Sinnar, Nashik, Maharashtra 422101, India</value>
        </Data>
        <Data name="Latitude">
          <value>19.947991</value>
        </Data>
        <Data name="Longitude">
          <value>73.838103</value>
        </Data>
        <Data name="Rating">
          <value>3.6</value>
        </Data>
        <Data name="Place_ID">
          <value>ChIJnWnJdHaV3TsRBUB6LuCmtYU</value>
        </Data>
        <Data name="Distance_m">
          <value>2126.0</value>
        </Data>
        <Data name="unnamed (1)">
          <value/>
        </Data>
        <Data name="unnamed (2)">
          <value/>
        </Data>
        <Data name="unnamed (3)">
          <value/>
        </Data>
        <Data name="unnamed (4)">
          <value/>
        </Data>
        <Data name="unnamed (5)">
          <value/>
        </Data>
        <Data name="unnamed (6)">
          <value/>
        </Data>
        <Data name="unnamed (7)">
          <value/>
        </Data>
        <Data name="unnamed (8)">
          <value/>
        </Data>
        <Data name="unnamed (9)">
          <value/>
        </Data>
        <Data name="unnamed (10)">
          <value/>
        </Data>
        <Data name="unnamed (11)">
          <value/>
        </Data>
        <Data name="unnamed (12)">
          <value/>
        </Data>
      </ExtendedData>
      <Point>
        <coordinates>
          73.838103,19.947991,0
        </coordinates>
      </Point>
    </Placemark>
    <Placemark>
      <name>Matoshree Hospital</name>
      <description><![CDATA[Description: <br>address: <br>phoneNumber: <br>Coordinates: 73.8382158,19.9504216<br>Category: hospital<br>Address: Nashik - Pune Hwy, Near Bytco Hospital, Rajwada Nagar, Nashik Road, Nashik, Maharashtra 422101, India<br>Latitude: 19.9504216<br>Longitude: 73.8382158<br>Rating: 4.2<br>Place_ID: ChIJxzRdWFaV3TsR1sBCVMyYJfU<br>Distance_m: 2369<br>unnamed (1): <br>unnamed (2): <br>unnamed (3): <br>unnamed (4): <br>unnamed (5): <br>unnamed (6): <br>unnamed (7): <br>unnamed (8): <br>unnamed (9): <br>unnamed (10): <br>unnamed (11): <br>unnamed (12): ]]></description>
      <styleUrl>#icon-1899-097138</styleUrl>
      <ExtendedData>
        <Data name="Description">
          <value/>
        </Data>
        <Data name="address">
          <value/>
        </Data>
        <Data name="phoneNumber">
          <value/>
        </Data>
        <Data name="Coordinates">
          <value>73.8382158,19.9504216</value>
        </Data>
        <Data name="Category">
          <value>hospital</value>
        </Data>
        <Data name="Address">
          <value>Nashik - Pune Hwy, Near Bytco Hospital, Rajwada Nagar, Nashik Road, Nashik, Maharashtra 422101, India</value>
        </Data>
        <Data name="Latitude">
          <value>19.9504216</value>
        </Data>
        <Data name="Longitude">
          <value>73.8382158</value>
        </Data>
        <Data name="Rating">
          <value>4.2</value>
        </Data>
        <Data name="Place_ID">
          <value>ChIJxzRdWFaV3TsR1sBCVMyYJfU</value>
        </Data>
        <Data name="Distance_m">
          <value>2369.0</value>
        </Data>
        <Data name="unnamed (1)">
          <value/>
        </Data>
        <Data name="unnamed (2)">
          <value/>
        </Data>
        <Data name="unnamed (3)">
          <value/>
        </Data>
        <Data name="unnamed (4)">
          <value/>
        </Data>
        <Data name="unnamed (5)">
          <value/>
        </Data>
        <Data name="unnamed (6)">
          <value/>
        </Data>
        <Data name="unnamed (7)">
          <value/>
        </Data>
        <Data name="unnamed (8)">
          <value/>
        </Data>
        <Data name="unnamed (9)">
          <value/>
        </Data>
        <Data name="unnamed (10)">
          <value/>
        </Data>
        <Data name="unnamed (11)">
          <value/>
        </Data>
        <Data name="unnamed (12)">
          <value/>
        </Data>
      </ExtendedData>
      <Point>
        <coordinates>
          73.8382158,19.9504216,0
        </coordinates>
      </Point>
    </Placemark>
    <Placemark>
      <name>SS Max Care Hospital</name>
      <description><![CDATA[Description: <br>address: <br>phoneNumber: <br>Coordinates: 73.835897,19.9444837<br>Category: hospital<br>Address: Mahatma Gandhi Rd, opp. Mhasoba Maharaj Mandir, Road, Deolali Gaon, Nashik, Maharashtra 422101, India<br>Latitude: 19.9444837<br>Longitude: 73.835897<br>Rating: 5<br>Place_ID: ChIJCcxmoCCV3TsRaJWB4wG7xJs<br>Distance_m: 1673<br>unnamed (1): <br>unnamed (2): <br>unnamed (3): <br>unnamed (4): <br>unnamed (5): <br>unnamed (6): <br>unnamed (7): <br>unnamed (8): <br>unnamed (9): <br>unnamed (10): <br>unnamed (11): <br>unnamed (12): ]]></description>
      <styleUrl>#icon-1899-097138</styleUrl>
      <ExtendedData>
        <Data name="Description">
          <value/>
        </Data>
        <Data name="address">
          <value/>
        </Data>
        <Data name="phoneNumber">
          <value/>
        </Data>
        <Data name="Coordinates">
          <value>73.835897,19.9444837</value>
        </Data>
        <Data name="Category">
          <value>hospital</value>
        </Data>
        <Data name="Address">
          <value>Mahatma Gandhi Rd, opp. Mhasoba Maharaj Mandir, Road, Deolali Gaon, Nashik, Maharashtra 422101, India</value>
        </Data>
        <Data name="Latitude">
          <value>19.9444837</value>
        </Data>
        <Data name="Longitude">
          <value>73.835897</value>
        </Data>
        <Data name="Rating">
          <value>5.0</value>
        </Data>
        <Data name="Place_ID">
          <value>ChIJCcxmoCCV3TsRaJWB4wG7xJs</value>
        </Data>
        <Data name="Distance_m">
          <value>1673.0</value>
        </Data>
        <Data name="unnamed (1)">
          <value/>
        </Data>
        <Data name="unnamed (2)">
          <value/>
        </Data>
        <Data name="unnamed (3)">
          <value/>
        </Data>
        <Data name="unnamed (4)">
          <value/>
        </Data>
        <Data name="unnamed (5)">
          <value/>
        </Data>
        <Data name="unnamed (6)">
          <value/>
        </Data>
        <Data name="unnamed (7)">
          <value/>
        </Data>
        <Data name="unnamed (8)">
          <value/>
        </Data>
        <Data name="unnamed (9)">
          <value/>
        </Data>
        <Data name="unnamed (10)">
          <value/>
        </Data>
        <Data name="unnamed (11)">
          <value/>
        </Data>
        <Data name="unnamed (12)">
          <value/>
        </Data>
      </ExtendedData>
      <Point>
        <coordinates>
          73.835897,19.9444837,0
        </coordinates>
      </Point>
    </Placemark>
    <Placemark>
      <name>Jeevanjyot Hospital</name>
      <description><![CDATA[Description: <br>address: <br>phoneNumber: <br>Coordinates: 73.8363815,19.9497196<br>Category: hospital<br>Address: 4th floor, star plus mall, opposite Durga garden, near Muktidham, Anand Nagar, Nashik Road, Nashik, Maharashtra 422101, India<br>Latitude: 19.9497196<br>Longitude: 73.8363815<br>Rating: 4.8<br>Place_ID: ChIJ9bmJzuGV3TsRKwaSlN8PasE<br>Distance_m: 2217<br>unnamed (1): <br>unnamed (2): <br>unnamed (3): <br>unnamed (4): <br>unnamed (5): <br>unnamed (6): <br>unnamed (7): <br>unnamed (8): <br>unnamed (9): <br>unnamed (10): <br>unnamed (11): <br>unnamed (12): ]]></description>
      <styleUrl>#icon-1899-097138</styleUrl>
      <ExtendedData>
        <Data name="Description">
          <value/>
        </Data>
        <Data name="address">
          <value/>
        </Data>
        <Data name="phoneNumber">
          <value/>
        </Data>
        <Data name="Coordinates">
          <value>73.8363815,19.9497196</value>
        </Data>
        <Data name="Category">
          <value>hospital</value>
        </Data>
        <Data name="Address">
          <value>4th floor, star plus mall, opposite Durga garden, near Muktidham, Anand Nagar, Nashik Road, Nashik, Maharashtra 422101, India</value>
        </Data>
        <Data name="Latitude">
          <value>19.9497196</value>
        </Data>
        <Data name="Longitude">
          <value>73.8363815</value>
        </Data>
        <Data name="Rating">
          <value>4.8</value>
        </Data>
        <Data name="Place_ID">
          <value>ChIJ9bmJzuGV3TsRKwaSlN8PasE</value>
        </Data>
        <Data name="Distance_m">
          <value>2217.0</value>
        </Data>
        <Data name="unnamed (1)">
          <value/>
        </Data>
        <Data name="unnamed (2)">
          <value/>
        </Data>
        <Data name="unnamed (3)">
          <value/>
        </Data>
        <Data name="unnamed (4)">
          <value/>
        </Data>
        <Data name="unnamed (5)">
          <value/>
        </Data>
        <Data name="unnamed (6)">
          <value/>
        </Data>
        <Data name="unnamed (7)">
          <value/>
        </Data>
        <Data name="unnamed (8)">
          <value/>
        </Data>
        <Data name="unnamed (9)">
          <value/>
        </Data>
        <Data name="unnamed (10)">
          <value/>
        </Data>
        <Data name="unnamed (11)">
          <value/>
        </Data>
        <Data name="unnamed (12)">
          <value/>
        </Data>
      </ExtendedData>
      <Point>
        <coordinates>
          73.8363815,19.9497196,0
        </coordinates>
      </Point>
    </Placemark>
    <Placemark>
      <name>Gurukrupa Hospital</name>
      <description><![CDATA[Description: <br>address: <br>phoneNumber: <br>Coordinates: 73.8367832,19.949727<br>Category: hospital<br>Address: Fifth Floor, Star Plus Complex, opp. Durga Garden, Anand Nagar, Nashik Road, Nashik, Maharashtra 422101, India<br>Latitude: 19.949727<br>Longitude: 73.8367832<br>Rating: 4.2<br>Place_ID: ChIJa9sPPgCV3TsR3tIaEnwdp3E<br>Distance_m: 2952<br>unnamed (1): <br>unnamed (2): <br>unnamed (3): <br>unnamed (4): <br>unnamed (5): <br>unnamed (6): <br>unnamed (7): <br>unnamed (8): <br>unnamed (9): <br>unnamed (10): <br>unnamed (11): <br>unnamed (12): ]]></description>
      <styleUrl>#icon-1899-097138</styleUrl>
      <ExtendedData>
        <Data name="Description">
          <value/>
        </Data>
        <Data name="address">
          <value/>
        </Data>
        <Data name="phoneNumber">
          <value/>
        </Data>
        <Data name="Coordinates">
          <value>73.8367832,19.949727</value>
        </Data>
        <Data name="Category">
          <value>hospital</value>
        </Data>
        <Data name="Address">
          <value>Fifth Floor, Star Plus Complex, opp. Durga Garden, Anand Nagar, Nashik Road, Nashik, Maharashtra 422101, India</value>
        </Data>
        <Data name="Latitude">
          <value>19.949727</value>
        </Data>
        <Data name="Longitude">
          <value>73.8367832</value>
        </Data>
        <Data name="Rating">
          <value>4.2</value>
        </Data>
        <Data name="Place_ID">
          <value>ChIJa9sPPgCV3TsR3tIaEnwdp3E</value>
        </Data>
        <Data name="Distance_m">
          <value>2952.0</value>
        </Data>
        <Data name="unnamed (1)">
          <value/>
        </Data>
        <Data name="unnamed (2)">
          <value/>
        </Data>
        <Data name="unnamed (3)">
          <value/>
        </Data>
        <Data name="unnamed (4)">
          <value/>
        </Data>
        <Data name="unnamed (5)">
          <value/>
        </Data>
        <Data name="unnamed (6)">
          <value/>
        </Data>
        <Data name="unnamed (7)">
          <value/>
        </Data>
        <Data name="unnamed (8)">
          <value/>
        </Data>
        <Data name="unnamed (9)">
          <value/>
        </Data>
        <Data name="unnamed (10)">
          <value/>
        </Data>
        <Data name="unnamed (11)">
          <value/>
        </Data>
        <Data name="unnamed (12)">
          <value/>
        </Data>
      </ExtendedData>
      <Point>
        <coordinates>
          73.8367832,19.949727,0
        </coordinates>
      </Point>
    </Placemark>
    <Placemark>
      <name>Saptashrungi Hospital</name>
      <description><![CDATA[Description: <br>address: <br>phoneNumber: <br>Coordinates: 73.7659628,19.9542948<br>Category: hospital<br>Address: Shivalik Shine, Floor No. 4/5, Saptashrungi Hospital, Deolali Rd, Dnyaneshwar Nagar, Pathardi Phata, Nashik, Maharashtra 422009, India<br>Latitude: 19.9542948<br>Longitude: 73.7659628<br>Rating: 4.9<br>Place_ID: ChIJW0o8Vkzr3TsRrFMLhMwhma4<br>Distance_m: 1300<br>unnamed (1): <br>unnamed (2): <br>unnamed (3): <br>unnamed (4): <br>unnamed (5): <br>unnamed (6): <br>unnamed (7): <br>unnamed (8): <br>unnamed (9): <br>unnamed (10): <br>unnamed (11): <br>unnamed (12): ]]></description>
      <styleUrl>#icon-1899-097138</styleUrl>
      <ExtendedData>
        <Data name="Description">
          <value/>
        </Data>
        <Data name="address">
          <value/>
        </Data>
        <Data name="phoneNumber">
          <value/>
        </Data>
        <Data name="Coordinates">
          <value>73.7659628,19.9542948</value>
        </Data>
        <Data name="Category">
          <value>hospital</value>
        </Data>
        <Data name="Address">
          <value>Shivalik Shine, Floor No. 4/5, Saptashrungi Hospital, Deolali Rd, Dnyaneshwar Nagar, Pathardi Phata, Nashik, Maharashtra 422009, India</value>
        </Data>
        <Data name="Latitude">
          <value>19.9542948</value>
        </Data>
        <Data name="Longitude">
          <value>73.7659628</value>
        </Data>
        <Data name="Rating">
          <value>4.9</value>
        </Data>
        <Data name="Place_ID">
          <value>ChIJW0o8Vkzr3TsRrFMLhMwhma4</value>
        </Data>
        <Data name="Distance_m">
          <value>1300.0</value>
        </Data>
        <Data name="unnamed (1)">
          <value/>
        </Data>
        <Data name="unnamed (2)">
          <value/>
        </Data>
        <Data name="unnamed (3)">
          <value/>
        </Data>
        <Data name="unnamed (4)">
          <value/>
        </Data>
        <Data name="unnamed (5)">
          <value/>
        </Data>
        <Data name="unnamed (6)">
          <value/>
        </Data>
        <Data name="unnamed (7)">
          <value/>
        </Data>
        <Data name="unnamed (8)">
          <value/>
        </Data>
        <Data name="unnamed (9)">
          <value/>
        </Data>
        <Data name="unnamed (10)">
          <value/>
        </Data>
        <Data name="unnamed (11)">
          <value/>
        </Data>
        <Data name="unnamed (12)">
          <value/>
        </Data>
      </ExtendedData>
      <Point>
        <coordinates>
          73.7659628,19.9542948,0
        </coordinates>
      </Point>
    </Placemark>
    <Placemark>
      <name>Samarth Hospital</name>
      <description><![CDATA[Description: <br>address: <br>phoneNumber: <br>Coordinates: 73.7596269,19.9559852<br>Category: hospital<br>Address: XQ45+9VR, Prashant Nagar, Pathardi Phata, Nashik, Maharashtra 422010, India<br>Latitude: 19.9559852<br>Longitude: 73.7596269<br>Rating: 5<br>Place_ID: ChIJK4b8g3Tr3TsRvADTIQe7F3I<br>Distance_m: 1729<br>unnamed (1): <br>unnamed (2): <br>unnamed (3): <br>unnamed (4): <br>unnamed (5): <br>unnamed (6): <br>unnamed (7): <br>unnamed (8): <br>unnamed (9): <br>unnamed (10): <br>unnamed (11): <br>unnamed (12): ]]></description>
      <styleUrl>#icon-1899-097138</styleUrl>
      <ExtendedData>
        <Data name="Description">
          <value/>
        </Data>
        <Data name="address">
          <value/>
        </Data>
        <Data name="phoneNumber">
          <value/>
        </Data>
        <Data name="Coordinates">
          <value>73.7596269,19.9559852</value>
        </Data>
        <Data name="Category">
          <value>hospital</value>
        </Data>
        <Data name="Address">
          <value>XQ45+9VR, Prashant Nagar, Pathardi Phata, Nashik, Maharashtra 422010, India</value>
        </Data>
        <Data name="Latitude">
          <value>19.9559852</value>
        </Data>
        <Data name="Longitude">
          <value>73.7596269</value>
        </Data>
        <Data name="Rating">
          <value>5.0</value>
        </Data>
        <Data name="Place_ID">
          <value>ChIJK4b8g3Tr3TsRvADTIQe7F3I</value>
        </Data>
        <Data name="Distance_m">
          <value>1729.0</value>
        </Data>
        <Data name="unnamed (1)">
          <value/>
        </Data>
        <Data name="unnamed (2)">
          <value/>
        </Data>
        <Data name="unnamed (3)">
          <value/>
        </Data>
        <Data name="unnamed (4)">
          <value/>
        </Data>
        <Data name="unnamed (5)">
          <value/>
        </Data>
        <Data name="unnamed (6)">
          <value/>
        </Data>
        <Data name="unnamed (7)">
          <value/>
        </Data>
        <Data name="unnamed (8)">
          <value/>
        </Data>
        <Data name="unnamed (9)">
          <value/>
        </Data>
        <Data name="unnamed (10)">
          <value/>
        </Data>
        <Data name="unnamed (11)">
          <value/>
        </Data>
        <Data name="unnamed (12)">
          <value/>
        </Data>
      </ExtendedData>
      <Point>
        <coordinates>
          73.7596269,19.9559852,0
        </coordinates>
      </Point>
    </Placemark>
    <Placemark>
      <name>NMC Hospital Pathardi Gaon</name>
      <description><![CDATA[Description: <br>address: <br>phoneNumber: <br>Coordinates: 73.772215,19.9426018<br>Category: hospital<br>Address: house No 10, Shital row, Pathardi Gaon, Pathardi Phata, Nashik, Maharashtra 422010, India<br>Latitude: 19.9426018<br>Longitude: 73.772215<br>Rating: <br>Place_ID: ChIJNS8URQCV3TsRXCWATMY-Y_g<br>Distance_m: 2259<br>unnamed (1): <br>unnamed (2): <br>unnamed (3): <br>unnamed (4): <br>unnamed (5): <br>unnamed (6): <br>unnamed (7): <br>unnamed (8): <br>unnamed (9): <br>unnamed (10): <br>unnamed (11): <br>unnamed (12): ]]></description>
      <styleUrl>#icon-1899-097138</styleUrl>
      <ExtendedData>
        <Data name="Description">
          <value/>
        </Data>
        <Data name="address">
          <value/>
        </Data>
        <Data name="phoneNumber">
          <value/>
        </Data>
        <Data name="Coordinates">
          <value>73.772215,19.9426018</value>
        </Data>
        <Data name="Category">
          <value>hospital</value>
        </Data>
        <Data name="Address">
          <value>house No 10, Shital row, Pathardi Gaon, Pathardi Phata, Nashik, Maharashtra 422010, India</value>
        </Data>
        <Data name="Latitude">
          <value>19.9426018</value>
        </Data>
        <Data name="Longitude">
          <value>73.772215</value>
        </Data>
        <Data name="Rating">
          <value/>
        </Data>
        <Data name="Place_ID">
          <value>ChIJNS8URQCV3TsRXCWATMY-Y_g</value>
        </Data>
        <Data name="Distance_m">
          <value>2259.0</value>
        </Data>
        <Data name="unnamed (1)">
          <value/>
        </Data>
        <Data name="unnamed (2)">
          <value/>
        </Data>
        <Data name="unnamed (3)">
          <value/>
        </Data>
        <Data name="unnamed (4)">
          <value/>
        </Data>
        <Data name="unnamed (5)">
          <value/>
        </Data>
        <Data name="unnamed (6)">
          <value/>
        </Data>
        <Data name="unnamed (7)">
          <value/>
        </Data>
        <Data name="unnamed (8)">
          <value/>
        </Data>
        <Data name="unnamed (9)">
          <value/>
        </Data>
        <Data name="unnamed (10)">
          <value/>
        </Data>
        <Data name="unnamed (11)">
          <value/>
        </Data>
        <Data name="unnamed (12)">
          <value/>
        </Data>
      </ExtendedData>
      <Point>
        <coordinates>
          73.772215,19.9426018,0
        </coordinates>
      </Point>
    </Placemark>
    <Placemark>
      <name>Matoshree Hospital</name>
      <description><![CDATA[Description: <br>address: <br>phoneNumber: <br>Coordinates: 73.7707016,19.9484115<br>Category: hospital<br>Address: Pathardi Deolali Road, 10, behind Shell Petrol Pump, in front of Shani Mandir, Narhari Nagar, Damodar Nagar, Nisarga Colony, Nashik, Maharashtra 422010, India<br>Latitude: 19.9484115<br>Longitude: 73.7707016<br>Rating: 4<br>Place_ID: ChIJS0h4m0Tr3TsRY8e_fvWwMfE<br>Distance_m: 1648<br>unnamed (1): <br>unnamed (2): <br>unnamed (3): <br>unnamed (4): <br>unnamed (5): <br>unnamed (6): <br>unnamed (7): <br>unnamed (8): <br>unnamed (9): <br>unnamed (10): <br>unnamed (11): <br>unnamed (12): ]]></description>
      <styleUrl>#icon-1899-097138</styleUrl>
      <ExtendedData>
        <Data name="Description">
          <value/>
        </Data>
        <Data name="address">
          <value/>
        </Data>
        <Data name="phoneNumber">
          <value/>
        </Data>
        <Data name="Coordinates">
          <value>73.7707016,19.9484115</value>
        </Data>
        <Data name="Category">
          <value>hospital</value>
        </Data>
        <Data name="Address">
          <value>Pathardi Deolali Road, 10, behind Shell Petrol Pump, in front of Shani Mandir, Narhari Nagar, Damodar Nagar, Nisarga Colony, Nashik, Maharashtra 422010, India</value>
        </Data>
        <Data name="Latitude">
          <value>19.9484115</value>
        </Data>
        <Data name="Longitude">
          <value>73.7707016</value>
        </Data>
        <Data name="Rating">
          <value>4.0</value>
        </Data>
        <Data name="Place_ID">
          <value>ChIJS0h4m0Tr3TsRY8e_fvWwMfE</value>
        </Data>
        <Data name="Distance_m">
          <value>1648.0</value>
        </Data>
        <Data name="unnamed (1)">
          <value/>
        </Data>
        <Data name="unnamed (2)">
          <value/>
        </Data>
        <Data name="unnamed (3)">
          <value/>
        </Data>
        <Data name="unnamed (4)">
          <value/>
        </Data>
        <Data name="unnamed (5)">
          <value/>
        </Data>
        <Data name="unnamed (6)">
          <value/>
        </Data>
        <Data name="unnamed (7)">
          <value/>
        </Data>
        <Data name="unnamed (8)">
          <value/>
        </Data>
        <Data name="unnamed (9)">
          <value/>
        </Data>
        <Data name="unnamed (10)">
          <value/>
        </Data>
        <Data name="unnamed (11)">
          <value/>
        </Data>
        <Data name="unnamed (12)">
          <value/>
        </Data>
      </ExtendedData>
      <Point>
        <coordinates>
          73.7707016,19.9484115,0
        </coordinates>
      </Point>
    </Placemark>
    <Placemark>
      <name>Balasaheb Thakare Hospital</name>
      <description><![CDATA[Description: <br>address: <br>phoneNumber: <br>Coordinates: 73.7579328,19.9624605<br>Category: hospital<br>Address: XQ65+X5M, Sinhasta Nagar, Nashik, Maharashtra 422009, India<br>Latitude: 19.9624605<br>Longitude: 73.7579328<br>Rating: 3.4<br>Place_ID: ChIJO3uKZD_r3TsR2AiRQbCaI5g<br>Distance_m: 1732<br>unnamed (1): <br>unnamed (2): <br>unnamed (3): <br>unnamed (4): <br>unnamed (5): <br>unnamed (6): <br>unnamed (7): <br>unnamed (8): <br>unnamed (9): <br>unnamed (10): <br>unnamed (11): <br>unnamed (12): ]]></description>
      <styleUrl>#icon-1899-097138</styleUrl>
      <ExtendedData>
        <Data name="Description">
          <value/>
        </Data>
        <Data name="address">
          <value/>
        </Data>
        <Data name="phoneNumber">
          <value/>
        </Data>
        <Data name="Coordinates">
          <value>73.7579328,19.9624605</value>
        </Data>
        <Data name="Category">
          <value>hospital</value>
        </Data>
        <Data name="Address">
          <value>XQ65+X5M, Sinhasta Nagar, Nashik, Maharashtra 422009, India</value>
        </Data>
        <Data name="Latitude">
          <value>19.9624605</value>
        </Data>
        <Data name="Longitude">
          <value>73.7579328</value>
        </Data>
        <Data name="Rating">
          <value>3.4</value>
        </Data>
        <Data name="Place_ID">
          <value>ChIJO3uKZD_r3TsR2AiRQbCaI5g</value>
        </Data>
        <Data name="Distance_m">
          <value>1732.0</value>
        </Data>
        <Data name="unnamed (1)">
          <value/>
        </Data>
        <Data name="unnamed (2)">
          <value/>
        </Data>
        <Data name="unnamed (3)">
          <value/>
        </Data>
        <Data name="unnamed (4)">
          <value/>
        </Data>
        <Data name="unnamed (5)">
          <value/>
        </Data>
        <Data name="unnamed (6)">
          <value/>
        </Data>
        <Data name="unnamed (7)">
          <value/>
        </Data>
        <Data name="unnamed (8)">
          <value/>
        </Data>
        <Data name="unnamed (9)">
          <value/>
        </Data>
        <Data name="unnamed (10)">
          <value/>
        </Data>
        <Data name="unnamed (11)">
          <value/>
        </Data>
        <Data name="unnamed (12)">
          <value/>
        </Data>
      </ExtendedData>
      <Point>
        <coordinates>
          73.7579328,19.9624605,0
        </coordinates>
      </Point>
    </Placemark>
    <Placemark>
      <name>Vrindaavan Hospital</name>
      <description><![CDATA[Description: <br>address: <br>phoneNumber: <br>Coordinates: 73.7651365,19.9543432<br>Category: hospital<br>Address: 6th Floor, Anant arcade, Near Rayaba hotel Phatardi, Road, near Phatardi Phata, Wasan Nagar, Pathardi Phata, Devlali, Nashik, Maharashtra 422010, India<br>Latitude: 19.9543432<br>Longitude: 73.7651365<br>Rating: 4.9<br>Place_ID: ChIJDeZIdS3r3TsRwdc57esDxlQ<br>Distance_m: 1357<br>unnamed (1): <br>unnamed (2): <br>unnamed (3): <br>unnamed (4): <br>unnamed (5): <br>unnamed (6): <br>unnamed (7): <br>unnamed (8): <br>unnamed (9): <br>unnamed (10): <br>unnamed (11): <br>unnamed (12): ]]></description>
      <styleUrl>#icon-1899-097138</styleUrl>
      <ExtendedData>
        <Data name="Description">
          <value/>
        </Data>
        <Data name="address">
          <value/>
        </Data>
        <Data name="phoneNumber">
          <value/>
        </Data>
        <Data name="Coordinates">
          <value>73.7651365,19.9543432</value>
        </Data>
        <Data name="Category">
          <value>hospital</value>
        </Data>
        <Data name="Address">
          <value>6th Floor, Anant arcade, Near Rayaba hotel Phatardi, Road, near Phatardi Phata, Wasan Nagar, Pathardi Phata, Devlali, Nashik, Maharashtra 422010, India</value>
        </Data>
        <Data name="Latitude">
          <value>19.9543432</value>
        </Data>
        <Data name="Longitude">
          <value>73.7651365</value>
        </Data>
        <Data name="Rating">
          <value>4.9</value>
        </Data>
        <Data name="Place_ID">
          <value>ChIJDeZIdS3r3TsRwdc57esDxlQ</value>
        </Data>
        <Data name="Distance_m">
          <value>1357.0</value>
        </Data>
        <Data name="unnamed (1)">
          <value/>
        </Data>
        <Data name="unnamed (2)">
          <value/>
        </Data>
        <Data name="unnamed (3)">
          <value/>
        </Data>
        <Data name="unnamed (4)">
          <value/>
        </Data>
        <Data name="unnamed (5)">
          <value/>
        </Data>
        <Data name="unnamed (6)">
          <value/>
        </Data>
        <Data name="unnamed (7)">
          <value/>
        </Data>
        <Data name="unnamed (8)">
          <value/>
        </Data>
        <Data name="unnamed (9)">
          <value/>
        </Data>
        <Data name="unnamed (10)">
          <value/>
        </Data>
        <Data name="unnamed (11)">
          <value/>
        </Data>
        <Data name="unnamed (12)">
          <value/>
        </Data>
      </ExtendedData>
      <Point>
        <coordinates>
          73.7651365,19.9543432,0
        </coordinates>
      </Point>
    </Placemark>
    <Placemark>
      <name>Sanjeevani Hospital</name>
      <description><![CDATA[Description: <br>address: <br>phoneNumber: <br>Coordinates: 73.7086875,20.0085256<br>Category: hospital<br>Address: 2P55+9QJ Jijamata chauk, near Pinakeshwar Temple, Shivaji Nagar, Satpur Colony, Nashik, Maharashtra 422012, India<br>Latitude: 20.0085256<br>Longitude: 73.7086875<br>Rating: 4.8<br>Place_ID: ChIJZ8sK8E7s3TsRlB9o5SFzKWQ<br>Distance_m: 2498<br>unnamed (1): <br>unnamed (2): <br>unnamed (3): <br>unnamed (4): <br>unnamed (5): <br>unnamed (6): <br>unnamed (7): <br>unnamed (8): <br>unnamed (9): <br>unnamed (10): <br>unnamed (11): <br>unnamed (12): ]]></description>
      <styleUrl>#icon-1899-097138</styleUrl>
      <ExtendedData>
        <Data name="Description">
          <value/>
        </Data>
        <Data name="address">
          <value/>
        </Data>
        <Data name="phoneNumber">
          <value/>
        </Data>
        <Data name="Coordinates">
          <value>73.7086875,20.0085256</value>
        </Data>
        <Data name="Category">
          <value>hospital</value>
        </Data>
        <Data name="Address">
          <value>2P55+9QJ Jijamata chauk, near Pinakeshwar Temple, Shivaji Nagar, Satpur Colony, Nashik, Maharashtra 422012, India</value>
        </Data>
        <Data name="Latitude">
          <value>20.0085256</value>
        </Data>
        <Data name="Longitude">
          <value>73.7086875</value>
        </Data>
        <Data name="Rating">
          <value>4.8</value>
        </Data>
        <Data name="Place_ID">
          <value>ChIJZ8sK8E7s3TsRlB9o5SFzKWQ</value>
        </Data>
        <Data name="Distance_m">
          <value>2498.0</value>
        </Data>
        <Data name="unnamed (1)">
          <value/>
        </Data>
        <Data name="unnamed (2)">
          <value/>
        </Data>
        <Data name="unnamed (3)">
          <value/>
        </Data>
        <Data name="unnamed (4)">
          <value/>
        </Data>
        <Data name="unnamed (5)">
          <value/>
        </Data>
        <Data name="unnamed (6)">
          <value/>
        </Data>
        <Data name="unnamed (7)">
          <value/>
        </Data>
        <Data name="unnamed (8)">
          <value/>
        </Data>
        <Data name="unnamed (9)">
          <value/>
        </Data>
        <Data name="unnamed (10)">
          <value/>
        </Data>
        <Data name="unnamed (11)">
          <value/>
        </Data>
        <Data name="unnamed (12)">
          <value/>
        </Data>
      </ExtendedData>
      <Point>
        <coordinates>
          73.7086875,20.0085256,0
        </coordinates>
      </Point>
    </Placemark>
    <Placemark>
      <name>Samarth Hospital</name>
      <description><![CDATA[Description: <br>address: <br>phoneNumber: <br>Coordinates: 73.7219501,19.9714812<br>Category: hospital<br>Address: XPCC+HQW, Ambad Satpur Link Rd, Near Ganesh Mandir, Chunchale Shiwar, Nashik, Maharashtra 422010, India<br>Latitude: 19.9714812<br>Longitude: 73.7219501<br>Rating: 3.5<br>Place_ID: ChIJT3aVKMDs3TsRtHbsssRSP1w<br>Distance_m: 2610<br>unnamed (1): <br>unnamed (2): <br>unnamed (3): <br>unnamed (4): <br>unnamed (5): <br>unnamed (6): <br>unnamed (7): <br>unnamed (8): <br>unnamed (9): <br>unnamed (10): <br>unnamed (11): <br>unnamed (12): ]]></description>
      <styleUrl>#icon-1899-097138</styleUrl>
      <ExtendedData>
        <Data name="Description">
          <value/>
        </Data>
        <Data name="address">
          <value/>
        </Data>
        <Data name="phoneNumber">
          <value/>
        </Data>
        <Data name="Coordinates">
          <value>73.7219501,19.9714812</value>
        </Data>
        <Data name="Category">
          <value>hospital</value>
        </Data>
        <Data name="Address">
          <value>XPCC+HQW, Ambad Satpur Link Rd, Near Ganesh Mandir, Chunchale Shiwar, Nashik, Maharashtra 422010, India</value>
        </Data>
        <Data name="Latitude">
          <value>19.9714812</value>
        </Data>
        <Data name="Longitude">
          <value>73.7219501</value>
        </Data>
        <Data name="Rating">
          <value>3.5</value>
        </Data>
        <Data name="Place_ID">
          <value>ChIJT3aVKMDs3TsRtHbsssRSP1w</value>
        </Data>
        <Data name="Distance_m">
          <value>2610.0</value>
        </Data>
        <Data name="unnamed (1)">
          <value/>
        </Data>
        <Data name="unnamed (2)">
          <value/>
        </Data>
        <Data name="unnamed (3)">
          <value/>
        </Data>
        <Data name="unnamed (4)">
          <value/>
        </Data>
        <Data name="unnamed (5)">
          <value/>
        </Data>
        <Data name="unnamed (6)">
          <value/>
        </Data>
        <Data name="unnamed (7)">
          <value/>
        </Data>
        <Data name="unnamed (8)">
          <value/>
        </Data>
        <Data name="unnamed (9)">
          <value/>
        </Data>
        <Data name="unnamed (10)">
          <value/>
        </Data>
        <Data name="unnamed (11)">
          <value/>
        </Data>
        <Data name="unnamed (12)">
          <value/>
        </Data>
      </ExtendedData>
      <Point>
        <coordinates>
          73.7219501,19.9714812,0
        </coordinates>
      </Point>
    </Placemark>
    <Placemark>
      <name>Samarth Hospital</name>
      <description><![CDATA[Description: <br>address: <br>phoneNumber: <br>Coordinates: 73.8655044,20.0329344<br>Category: hospital<br>Address: 666, Main Rd, Adgaon, Nashik, Maharashtra 422003, India<br>Latitude: 20.0329344<br>Longitude: 73.8655044<br>Rating: 3.3<br>Place_ID: ChIJW4ZsJhfr3TsRnI7Q3l0WX5o<br>Distance_m: 209<br>unnamed (1): <br>unnamed (2): <br>unnamed (3): <br>unnamed (4): <br>unnamed (5): <br>unnamed (6): <br>unnamed (7): <br>unnamed (8): <br>unnamed (9): <br>unnamed (10): <br>unnamed (11): <br>unnamed (12): ]]></description>
      <styleUrl>#icon-1899-097138</styleUrl>
      <ExtendedData>
        <Data name="Description">
          <value/>
        </Data>
        <Data name="address">
          <value/>
        </Data>
        <Data name="phoneNumber">
          <value/>
        </Data>
        <Data name="Coordinates">
          <value>73.8655044,20.0329344</value>
        </Data>
        <Data name="Category">
          <value>hospital</value>
        </Data>
        <Data name="Address">
          <value>666, Main Rd, Adgaon, Nashik, Maharashtra 422003, India</value>
        </Data>
        <Data name="Latitude">
          <value>20.0329344</value>
        </Data>
        <Data name="Longitude">
          <value>73.8655044</value>
        </Data>
        <Data name="Rating">
          <value>3.3</value>
        </Data>
        <Data name="Place_ID">
          <value>ChIJW4ZsJhfr3TsRnI7Q3l0WX5o</value>
        </Data>
        <Data name="Distance_m">
          <value>209.0</value>
        </Data>
        <Data name="unnamed (1)">
          <value/>
        </Data>
        <Data name="unnamed (2)">
          <value/>
        </Data>
        <Data name="unnamed (3)">
          <value/>
        </Data>
        <Data name="unnamed (4)">
          <value/>
        </Data>
        <Data name="unnamed (5)">
          <value/>
        </Data>
        <Data name="unnamed (6)">
          <value/>
        </Data>
        <Data name="unnamed (7)">
          <value/>
        </Data>
        <Data name="unnamed (8)">
          <value/>
        </Data>
        <Data name="unnamed (9)">
          <value/>
        </Data>
        <Data name="unnamed (10)">
          <value/>
        </Data>
        <Data name="unnamed (11)">
          <value/>
        </Data>
        <Data name="unnamed (12)">
          <value/>
        </Data>
      </ExtendedData>
      <Point>
        <coordinates>
          73.8655044,20.0329344,0
        </coordinates>
      </Point>
    </Placemark>
    <Placemark>
      <name>CCIMS HOSPITAL</name>
      <description><![CDATA[Description: <br>address: <br>phoneNumber: <br>Coordinates: 73.8422548,20.0253959<br>Category: hospital<br>Address: CCIMS Hospital, Jatra Chowk, Pachwati, Sri Ram Nagar, Adgaon, Nashik, Maharashtra 422003, India<br>Latitude: 20.0253959<br>Longitude: 73.8422548<br>Rating: 4.9<br>Place_ID: ChIJ22dT2fjB3TsRiSLah7pml4k<br>Distance_m: 2405<br>unnamed (1): <br>unnamed (2): <br>unnamed (3): <br>unnamed (4): <br>unnamed (5): <br>unnamed (6): <br>unnamed (7): <br>unnamed (8): <br>unnamed (9): <br>unnamed (10): <br>unnamed (11): <br>unnamed (12): ]]></description>
      <styleUrl>#icon-1899-097138</styleUrl>
      <ExtendedData>
        <Data name="Description">
          <value/>
        </Data>
        <Data name="address">
          <value/>
        </Data>
        <Data name="phoneNumber">
          <value/>
        </Data>
        <Data name="Coordinates">
          <value>73.8422548,20.0253959</value>
        </Data>
        <Data name="Category">
          <value>hospital</value>
        </Data>
        <Data name="Address">
          <value>CCIMS Hospital, Jatra Chowk, Pachwati, Sri Ram Nagar, Adgaon, Nashik, Maharashtra 422003, India</value>
        </Data>
        <Data name="Latitude">
          <value>20.0253959</value>
        </Data>
        <Data name="Longitude">
          <value>73.8422548</value>
        </Data>
        <Data name="Rating">
          <value>4.9</value>
        </Data>
        <Data name="Place_ID">
          <value>ChIJ22dT2fjB3TsRiSLah7pml4k</value>
        </Data>
        <Data name="Distance_m">
          <value>2405.0</value>
        </Data>
        <Data name="unnamed (1)">
          <value/>
        </Data>
        <Data name="unnamed (2)">
          <value/>
        </Data>
        <Data name="unnamed (3)">
          <value/>
        </Data>
        <Data name="unnamed (4)">
          <value/>
        </Data>
        <Data name="unnamed (5)">
          <value/>
        </Data>
        <Data name="unnamed (6)">
          <value/>
        </Data>
        <Data name="unnamed (7)">
          <value/>
        </Data>
        <Data name="unnamed (8)">
          <value/>
        </Data>
        <Data name="unnamed (9)">
          <value/>
        </Data>
        <Data name="unnamed (10)">
          <value/>
        </Data>
        <Data name="unnamed (11)">
          <value/>
        </Data>
        <Data name="unnamed (12)">
          <value/>
        </Data>
      </ExtendedData>
      <Point>
        <coordinates>
          73.8422548,20.0253959,0
        </coordinates>
      </Point>
    </Placemark>
    <Placemark>
      <name>Yash Hospital</name>
      <description><![CDATA[Description: <br>address: <br>phoneNumber: <br>Coordinates: 73.8647059,20.0334544<br>Category: hospital<br>Address: Walzade Arcade, Om Nagar, Opposite Swami Narayan Mandir, New Adgaon Naka, Panchavati, 2VM7+9VP, New Adgaon Naka, Adgaon, Nashik, Maharashtra 422003, India<br>Latitude: 20.0334544<br>Longitude: 73.8647059<br>Rating: 3<br>Place_ID: ChIJS-fyOgHr3TsRaw2YxkrdZXk<br>Distance_m: 116<br>unnamed (1): <br>unnamed (2): <br>unnamed (3): <br>unnamed (4): <br>unnamed (5): <br>unnamed (6): <br>unnamed (7): <br>unnamed (8): <br>unnamed (9): <br>unnamed (10): <br>unnamed (11): <br>unnamed (12): ]]></description>
      <styleUrl>#icon-1899-097138</styleUrl>
      <ExtendedData>
        <Data name="Description">
          <value/>
        </Data>
        <Data name="address">
          <value/>
        </Data>
        <Data name="phoneNumber">
          <value/>
        </Data>
        <Data name="Coordinates">
          <value>73.8647059,20.0334544</value>
        </Data>
        <Data name="Category">
          <value>hospital</value>
        </Data>
        <Data name="Address">
          <value>Walzade Arcade, Om Nagar, Opposite Swami Narayan Mandir, New Adgaon Naka, Panchavati, 2VM7+9VP, New Adgaon Naka, Adgaon, Nashik, Maharashtra 422003, India</value>
        </Data>
        <Data name="Latitude">
          <value>20.0334544</value>
        </Data>
        <Data name="Longitude">
          <value>73.8647059</value>
        </Data>
        <Data name="Rating">
          <value>3.0</value>
        </Data>
        <Data name="Place_ID">
          <value>ChIJS-fyOgHr3TsRaw2YxkrdZXk</value>
        </Data>
        <Data name="Distance_m">
          <value>116.0</value>
        </Data>
        <Data name="unnamed (1)">
          <value/>
        </Data>
        <Data name="unnamed (2)">
          <value/>
        </Data>
        <Data name="unnamed (3)">
          <value/>
        </Data>
        <Data name="unnamed (4)">
          <value/>
        </Data>
        <Data name="unnamed (5)">
          <value/>
        </Data>
        <Data name="unnamed (6)">
          <value/>
        </Data>
        <Data name="unnamed (7)">
          <value/>
        </Data>
        <Data name="unnamed (8)">
          <value/>
        </Data>
        <Data name="unnamed (9)">
          <value/>
        </Data>
        <Data name="unnamed (10)">
          <value/>
        </Data>
        <Data name="unnamed (11)">
          <value/>
        </Data>
        <Data name="unnamed (12)">
          <value/>
        </Data>
      </ExtendedData>
      <Point>
        <coordinates>
          73.8647059,20.0334544,0
        </coordinates>
      </Point>
    </Placemark>
    <Placemark>
      <name>Randive Hospital</name>
      <description><![CDATA[Description: <br>address: <br>phoneNumber: <br>Coordinates: 73.7289945,19.9903698<br>Category: hospital<br>Address: 190, MHB Colony, Satpur Colony, Nashik, Maharashtra 422007, India<br>Latitude: 19.9903698<br>Longitude: 73.7289945<br>Rating: 3.8<br>Place_ID: ChIJL_wV8ovs3TsR0bgOxxjr9hE<br>Distance_m: 1170<br>unnamed (1): <br>unnamed (2): <br>unnamed (3): <br>unnamed (4): <br>unnamed (5): <br>unnamed (6): <br>unnamed (7): <br>unnamed (8): <br>unnamed (9): <br>unnamed (10): <br>unnamed (11): <br>unnamed (12): ]]></description>
      <styleUrl>#icon-1899-097138</styleUrl>
      <ExtendedData>
        <Data name="Description">
          <value/>
        </Data>
        <Data name="address">
          <value/>
        </Data>
        <Data name="phoneNumber">
          <value/>
        </Data>
        <Data name="Coordinates">
          <value>73.7289945,19.9903698</value>
        </Data>
        <Data name="Category">
          <value>hospital</value>
        </Data>
        <Data name="Address">
          <value>190, MHB Colony, Satpur Colony, Nashik, Maharashtra 422007, India</value>
        </Data>
        <Data name="Latitude">
          <value>19.9903698</value>
        </Data>
        <Data name="Longitude">
          <value>73.7289945</value>
        </Data>
        <Data name="Rating">
          <value>3.8</value>
        </Data>
        <Data name="Place_ID">
          <value>ChIJL_wV8ovs3TsR0bgOxxjr9hE</value>
        </Data>
        <Data name="Distance_m">
          <value>1170.0</value>
        </Data>
        <Data name="unnamed (1)">
          <value/>
        </Data>
        <Data name="unnamed (2)">
          <value/>
        </Data>
        <Data name="unnamed (3)">
          <value/>
        </Data>
        <Data name="unnamed (4)">
          <value/>
        </Data>
        <Data name="unnamed (5)">
          <value/>
        </Data>
        <Data name="unnamed (6)">
          <value/>
        </Data>
        <Data name="unnamed (7)">
          <value/>
        </Data>
        <Data name="unnamed (8)">
          <value/>
        </Data>
        <Data name="unnamed (9)">
          <value/>
        </Data>
        <Data name="unnamed (10)">
          <value/>
        </Data>
        <Data name="unnamed (11)">
          <value/>
        </Data>
        <Data name="unnamed (12)">
          <value/>
        </Data>
      </ExtendedData>
      <Point>
        <coordinates>
          73.7289945,19.9903698,0
        </coordinates>
      </Point>
    </Placemark>
    <Placemark>
      <name>Netscape MICO Hospital Satpur</name>
      <description><![CDATA[Description: <br>address: <br>phoneNumber: <br>Coordinates: 73.7338174,19.9918604<br>Category: hospital<br>Address: Doctor, St Eknathrao Gorakhe Rd, MIDC, Anand Colony, Nashik, Maharashtra 422007, India<br>Latitude: 19.9918604<br>Longitude: 73.7338174<br>Rating: 1<br>Place_ID: ChIJWUWFdYzs3TsR4C7xq3mb318<br>Distance_m: 1023<br>unnamed (1): <br>unnamed (2): <br>unnamed (3): <br>unnamed (4): <br>unnamed (5): <br>unnamed (6): <br>unnamed (7): <br>unnamed (8): <br>unnamed (9): <br>unnamed (10): <br>unnamed (11): <br>unnamed (12): ]]></description>
      <styleUrl>#icon-1899-097138</styleUrl>
      <ExtendedData>
        <Data name="Description">
          <value/>
        </Data>
        <Data name="address">
          <value/>
        </Data>
        <Data name="phoneNumber">
          <value/>
        </Data>
        <Data name="Coordinates">
          <value>73.7338174,19.9918604</value>
        </Data>
        <Data name="Category">
          <value>hospital</value>
        </Data>
        <Data name="Address">
          <value>Doctor, St Eknathrao Gorakhe Rd, MIDC, Anand Colony, Nashik, Maharashtra 422007, India</value>
        </Data>
        <Data name="Latitude">
          <value>19.9918604</value>
        </Data>
        <Data name="Longitude">
          <value>73.7338174</value>
        </Data>
        <Data name="Rating">
          <value>1.0</value>
        </Data>
        <Data name="Place_ID">
          <value>ChIJWUWFdYzs3TsR4C7xq3mb318</value>
        </Data>
        <Data name="Distance_m">
          <value>1023.0</value>
        </Data>
        <Data name="unnamed (1)">
          <value/>
        </Data>
        <Data name="unnamed (2)">
          <value/>
        </Data>
        <Data name="unnamed (3)">
          <value/>
        </Data>
        <Data name="unnamed (4)">
          <value/>
        </Data>
        <Data name="unnamed (5)">
          <value/>
        </Data>
        <Data name="unnamed (6)">
          <value/>
        </Data>
        <Data name="unnamed (7)">
          <value/>
        </Data>
        <Data name="unnamed (8)">
          <value/>
        </Data>
        <Data name="unnamed (9)">
          <value/>
        </Data>
        <Data name="unnamed (10)">
          <value/>
        </Data>
        <Data name="unnamed (11)">
          <value/>
        </Data>
        <Data name="unnamed (12)">
          <value/>
        </Data>
      </ExtendedData>
      <Point>
        <coordinates>
          73.7338174,19.9918604,0
        </coordinates>
      </Point>
    </Placemark>
    <Placemark>
      <name>Apollo Hospital Emergency Centre - Satpur</name>
      <description><![CDATA[Description: <br>address: <br>phoneNumber: <br>Coordinates: 73.7305,19.9975<br>Category: medical_clinic<br>Address: MIDC, Satpur Colony, Nashik, Maharashtra 422007, India<br>Latitude: 19.9975<br>Longitude: 73.7305<br>Rating: <br>Place_ID: ChIJW60RJ1zt3TsROcJeIkAy0_s<br>Distance_m: 361<br>unnamed (1): <br>unnamed (2): <br>unnamed (3): <br>unnamed (4): <br>unnamed (5): <br>unnamed (6): <br>unnamed (7): <br>unnamed (8): <br>unnamed (9): <br>unnamed (10): <br>unnamed (11): <br>unnamed (12): ]]></description>
      <styleUrl>#icon-1899-097138</styleUrl>
      <ExtendedData>
        <Data name="Description">
          <value/>
        </Data>
        <Data name="address">
          <value/>
        </Data>
        <Data name="phoneNumber">
          <value/>
        </Data>
        <Data name="Coordinates">
          <value>73.7305,19.9975</value>
        </Data>
        <Data name="Category">
          <value>medical_clinic</value>
        </Data>
        <Data name="Address">
          <value>MIDC, Satpur Colony, Nashik, Maharashtra 422007, India</value>
        </Data>
        <Data name="Latitude">
          <value>19.9975</value>
        </Data>
        <Data name="Longitude">
          <value>73.7305</value>
        </Data>
        <Data name="Rating">
          <value/>
        </Data>
        <Data name="Place_ID">
          <value>ChIJW60RJ1zt3TsROcJeIkAy0_s</value>
        </Data>
        <Data name="Distance_m">
          <value>361.0</value>
        </Data>
        <Data name="unnamed (1)">
          <value/>
        </Data>
        <Data name="unnamed (2)">
          <value/>
        </Data>
        <Data name="unnamed (3)">
          <value/>
        </Data>
        <Data name="unnamed (4)">
          <value/>
        </Data>
        <Data name="unnamed (5)">
          <value/>
        </Data>
        <Data name="unnamed (6)">
          <value/>
        </Data>
        <Data name="unnamed (7)">
          <value/>
        </Data>
        <Data name="unnamed (8)">
          <value/>
        </Data>
        <Data name="unnamed (9)">
          <value/>
        </Data>
        <Data name="unnamed (10)">
          <value/>
        </Data>
        <Data name="unnamed (11)">
          <value/>
        </Data>
        <Data name="unnamed (12)">
          <value/>
        </Data>
      </ExtendedData>
      <Point>
        <coordinates>
          73.7305,19.9975,0
        </coordinates>
      </Point>
    </Placemark>
    <Placemark>
      <name>UNISURGE HEALTH CARE CENTER</name>
      <description><![CDATA[Description: <br>address: <br>phoneNumber: <br>Coordinates: 73.793602,20.0101581<br>Category: association_or_organization<br>Address: Ganesh Siddhi Apartment, Panchavati, Nashik, Maharashtra 422003, India<br>Latitude: 20.0101581<br>Longitude: 73.793602<br>Rating: 4.4<br>Place_ID: ChIJK7MSYADr3TsRoJ3deHXTiVE<br>Distance_m: 192<br>unnamed (1): <br>unnamed (2): <br>unnamed (3): <br>unnamed (4): <br>unnamed (5): <br>unnamed (6): <br>unnamed (7): <br>unnamed (8): <br>unnamed (9): <br>unnamed (10): <br>unnamed (11): <br>unnamed (12): ]]></description>
      <styleUrl>#icon-1899-097138</styleUrl>
      <ExtendedData>
        <Data name="Description">
          <value/>
        </Data>
        <Data name="address">
          <value/>
        </Data>
        <Data name="phoneNumber">
          <value/>
        </Data>
        <Data name="Coordinates">
          <value>73.793602,20.0101581</value>
        </Data>
        <Data name="Category">
          <value>association_or_organization</value>
        </Data>
        <Data name="Address">
          <value>Ganesh Siddhi Apartment, Panchavati, Nashik, Maharashtra 422003, India</value>
        </Data>
        <Data name="Latitude">
          <value>20.0101581</value>
        </Data>
        <Data name="Longitude">
          <value>73.793602</value>
        </Data>
        <Data name="Rating">
          <value>4.4</value>
        </Data>
        <Data name="Place_ID">
          <value>ChIJK7MSYADr3TsRoJ3deHXTiVE</value>
        </Data>
        <Data name="Distance_m">
          <value>192.0</value>
        </Data>
        <Data name="unnamed (1)">
          <value/>
        </Data>
        <Data name="unnamed (2)">
          <value/>
        </Data>
        <Data name="unnamed (3)">
          <value/>
        </Data>
        <Data name="unnamed (4)">
          <value/>
        </Data>
        <Data name="unnamed (5)">
          <value/>
        </Data>
        <Data name="unnamed (6)">
          <value/>
        </Data>
        <Data name="unnamed (7)">
          <value/>
        </Data>
        <Data name="unnamed (8)">
          <value/>
        </Data>
        <Data name="unnamed (9)">
          <value/>
        </Data>
        <Data name="unnamed (10)">
          <value/>
        </Data>
        <Data name="unnamed (11)">
          <value/>
        </Data>
        <Data name="unnamed (12)">
          <value/>
        </Data>
      </ExtendedData>
      <Point>
        <coordinates>
          73.793602,20.0101581,0
        </coordinates>
      </Point>
    </Placemark>
    <Placemark>
      <name>VITHAI HOSPITAL</name>
      <description><![CDATA[Description: <br>address: <br>phoneNumber: <br>Coordinates: 73.7895892,20.0118128<br>Category: hospital<br>Address: Vithai Hospital Ramchandra Apartment, opposite Panchwati Corporation office, Makhmalabad Naka, Panchavati, Nashik, Maharashtra 422003, India<br>Latitude: 20.0118128<br>Longitude: 73.7895892<br>Rating: 5<br>Place_ID: ChIJyS726A7r3TsRH6ULbyZjCbc<br>Distance_m: 2924<br>unnamed (1): <br>unnamed (2): <br>unnamed (3): <br>unnamed (4): <br>unnamed (5): <br>unnamed (6): <br>unnamed (7): <br>unnamed (8): <br>unnamed (9): <br>unnamed (10): <br>unnamed (11): <br>unnamed (12): ]]></description>
      <styleUrl>#icon-1899-097138</styleUrl>
      <ExtendedData>
        <Data name="Description">
          <value/>
        </Data>
        <Data name="address">
          <value/>
        </Data>
        <Data name="phoneNumber">
          <value/>
        </Data>
        <Data name="Coordinates">
          <value>73.7895892,20.0118128</value>
        </Data>
        <Data name="Category">
          <value>hospital</value>
        </Data>
        <Data name="Address">
          <value>Vithai Hospital Ramchandra Apartment, opposite Panchwati Corporation office, Makhmalabad Naka, Panchavati, Nashik, Maharashtra 422003, India</value>
        </Data>
        <Data name="Latitude">
          <value>20.0118128</value>
        </Data>
        <Data name="Longitude">
          <value>73.7895892</value>
        </Data>
        <Data name="Rating">
          <value>5.0</value>
        </Data>
        <Data name="Place_ID">
          <value>ChIJyS726A7r3TsRH6ULbyZjCbc</value>
        </Data>
        <Data name="Distance_m">
          <value>2924.0</value>
        </Data>
        <Data name="unnamed (1)">
          <value/>
        </Data>
        <Data name="unnamed (2)">
          <value/>
        </Data>
        <Data name="unnamed (3)">
          <value/>
        </Data>
        <Data name="unnamed (4)">
          <value/>
        </Data>
        <Data name="unnamed (5)">
          <value/>
        </Data>
        <Data name="unnamed (6)">
          <value/>
        </Data>
        <Data name="unnamed (7)">
          <value/>
        </Data>
        <Data name="unnamed (8)">
          <value/>
        </Data>
        <Data name="unnamed (9)">
          <value/>
        </Data>
        <Data name="unnamed (10)">
          <value/>
        </Data>
        <Data name="unnamed (11)">
          <value/>
        </Data>
        <Data name="unnamed (12)">
          <value/>
        </Data>
      </ExtendedData>
      <Point>
        <coordinates>
          73.7895892,20.0118128,0
        </coordinates>
      </Point>
    </Placemark>
    <Placemark>
      <name>Dr Nikam s Sukhakarta Hospital </name>
      <description><![CDATA[Description: <br>address: <br>phoneNumber: <br>Coordinates: 73.7947409,20.011769<br>Category: hospital<br>Address: 1st Floor, Bhakchand Complex, above Abhishekh Agro, Dindori Naka, Panchavati, Nashik, Maharashtra 422003, India<br>Latitude: 20.011769<br>Longitude: 73.7947409<br>Rating: 5<br>Place_ID: ChIJu4CASq3r3TsRDT9v2o6pJ28<br>Distance_m: 390<br>unnamed (1): <br>unnamed (2): <br>unnamed (3): <br>unnamed (4): <br>unnamed (5): <br>unnamed (6): <br>unnamed (7): <br>unnamed (8): <br>unnamed (9): <br>unnamed (10): <br>unnamed (11): <br>unnamed (12): ]]></description>
      <styleUrl>#icon-1899-097138</styleUrl>
      <ExtendedData>
        <Data name="Description">
          <value/>
        </Data>
        <Data name="address">
          <value/>
        </Data>
        <Data name="phoneNumber">
          <value/>
        </Data>
        <Data name="Coordinates">
          <value>73.7947409,20.011769</value>
        </Data>
        <Data name="Category">
          <value>hospital</value>
        </Data>
        <Data name="Address">
          <value>1st Floor, Bhakchand Complex, above Abhishekh Agro, Dindori Naka, Panchavati, Nashik, Maharashtra 422003, India</value>
        </Data>
        <Data name="Latitude">
          <value>20.011769</value>
        </Data>
        <Data name="Longitude">
          <value>73.7947409</value>
        </Data>
        <Data name="Rating">
          <value>5.0</value>
        </Data>
        <Data name="Place_ID">
          <value>ChIJu4CASq3r3TsRDT9v2o6pJ28</value>
        </Data>
        <Data name="Distance_m">
          <value>390.0</value>
        </Data>
        <Data name="unnamed (1)">
          <value/>
        </Data>
        <Data name="unnamed (2)">
          <value/>
        </Data>
        <Data name="unnamed (3)">
          <value/>
        </Data>
        <Data name="unnamed (4)">
          <value/>
        </Data>
        <Data name="unnamed (5)">
          <value/>
        </Data>
        <Data name="unnamed (6)">
          <value/>
        </Data>
        <Data name="unnamed (7)">
          <value/>
        </Data>
        <Data name="unnamed (8)">
          <value/>
        </Data>
        <Data name="unnamed (9)">
          <value/>
        </Data>
        <Data name="unnamed (10)">
          <value/>
        </Data>
        <Data name="unnamed (11)">
          <value/>
        </Data>
        <Data name="unnamed (12)">
          <value/>
        </Data>
      </ExtendedData>
      <Point>
        <coordinates>
          73.7947409,20.011769,0
        </coordinates>
      </Point>
    </Placemark>
    <Placemark>
      <name>Harshgiri Hospital</name>
      <description><![CDATA[Description: <br>address: <br>phoneNumber: <br>Coordinates: 73.7963669,20.0168955<br>Category: hospital<br>Address: Dindori Rd, behind Mahavir Nagari, Panchavati, Nashik, Maharashtra 422003, India<br>Latitude: 20.0168955<br>Longitude: 73.7963669<br>Rating: 4.2<br>Place_ID: ChIJBf_B50zq3TsRLxCyhvN8o1k<br>Distance_m: 946<br>unnamed (1): <br>unnamed (2): <br>unnamed (3): <br>unnamed (4): <br>unnamed (5): <br>unnamed (6): <br>unnamed (7): <br>unnamed (8): <br>unnamed (9): <br>unnamed (10): <br>unnamed (11): <br>unnamed (12): ]]></description>
      <styleUrl>#icon-1899-097138</styleUrl>
      <ExtendedData>
        <Data name="Description">
          <value/>
        </Data>
        <Data name="address">
          <value/>
        </Data>
        <Data name="phoneNumber">
          <value/>
        </Data>
        <Data name="Coordinates">
          <value>73.7963669,20.0168955</value>
        </Data>
        <Data name="Category">
          <value>hospital</value>
        </Data>
        <Data name="Address">
          <value>Dindori Rd, behind Mahavir Nagari, Panchavati, Nashik, Maharashtra 422003, India</value>
        </Data>
        <Data name="Latitude">
          <value>20.0168955</value>
        </Data>
        <Data name="Longitude">
          <value>73.7963669</value>
        </Data>
        <Data name="Rating">
          <value>4.2</value>
        </Data>
        <Data name="Place_ID">
          <value>ChIJBf_B50zq3TsRLxCyhvN8o1k</value>
        </Data>
        <Data name="Distance_m">
          <value>946.0</value>
        </Data>
        <Data name="unnamed (1)">
          <value/>
        </Data>
        <Data name="unnamed (2)">
          <value/>
        </Data>
        <Data name="unnamed (3)">
          <value/>
        </Data>
        <Data name="unnamed (4)">
          <value/>
        </Data>
        <Data name="unnamed (5)">
          <value/>
        </Data>
        <Data name="unnamed (6)">
          <value/>
        </Data>
        <Data name="unnamed (7)">
          <value/>
        </Data>
        <Data name="unnamed (8)">
          <value/>
        </Data>
        <Data name="unnamed (9)">
          <value/>
        </Data>
        <Data name="unnamed (10)">
          <value/>
        </Data>
        <Data name="unnamed (11)">
          <value/>
        </Data>
        <Data name="unnamed (12)">
          <value/>
        </Data>
      </ExtendedData>
      <Point>
        <coordinates>
          73.7963669,20.0168955,0
        </coordinates>
      </Point>
    </Placemark>
    <Placemark>
      <name>Sadguru Hospital</name>
      <description><![CDATA[Description: <br>address: <br>phoneNumber: <br>Coordinates: 73.80302,20.009175<br>Category: hospital<br>Address: Hari Krishna Plaza, 3rd & 4th Floor, Old Adgaon Naka, Opp Panchavati Bus, Depot, Abhang Nagar, Shree Dwaraka Nagari, Nashik, Maharashtra 422003, India<br>Latitude: 20.009175<br>Longitude: 73.80302<br>Rating: 4.5<br>Place_ID: ChIJ55yTJFHq3TsRMnaaaIZnAcc<br>Distance_m: 1162<br>unnamed (1): <br>unnamed (2): <br>unnamed (3): <br>unnamed (4): <br>unnamed (5): <br>unnamed (6): <br>unnamed (7): <br>unnamed (8): <br>unnamed (9): <br>unnamed (10): <br>unnamed (11): <br>unnamed (12): ]]></description>
      <styleUrl>#icon-1899-097138</styleUrl>
      <ExtendedData>
        <Data name="Description">
          <value/>
        </Data>
        <Data name="address">
          <value/>
        </Data>
        <Data name="phoneNumber">
          <value/>
        </Data>
        <Data name="Coordinates">
          <value>73.80302,20.009175</value>
        </Data>
        <Data name="Category">
          <value>hospital</value>
        </Data>
        <Data name="Address">
          <value><![CDATA[Hari Krishna Plaza, 3rd & 4th Floor, Old Adgaon Naka, Opp Panchavati Bus, Depot, Abhang Nagar, Shree Dwaraka Nagari, Nashik, Maharashtra 422003, India]]></value>
        </Data>
        <Data name="Latitude">
          <value>20.009175</value>
        </Data>
        <Data name="Longitude">
          <value>73.80302</value>
        </Data>
        <Data name="Rating">
          <value>4.5</value>
        </Data>
        <Data name="Place_ID">
          <value>ChIJ55yTJFHq3TsRMnaaaIZnAcc</value>
        </Data>
        <Data name="Distance_m">
          <value>1162.0</value>
        </Data>
        <Data name="unnamed (1)">
          <value/>
        </Data>
        <Data name="unnamed (2)">
          <value/>
        </Data>
        <Data name="unnamed (3)">
          <value/>
        </Data>
        <Data name="unnamed (4)">
          <value/>
        </Data>
        <Data name="unnamed (5)">
          <value/>
        </Data>
        <Data name="unnamed (6)">
          <value/>
        </Data>
        <Data name="unnamed (7)">
          <value/>
        </Data>
        <Data name="unnamed (8)">
          <value/>
        </Data>
        <Data name="unnamed (9)">
          <value/>
        </Data>
        <Data name="unnamed (10)">
          <value/>
        </Data>
        <Data name="unnamed (11)">
          <value/>
        </Data>
        <Data name="unnamed (12)">
          <value/>
        </Data>
      </ExtendedData>
      <Point>
        <coordinates>
          73.80302,20.009175,0
        </coordinates>
      </Point>
    </Placemark>
    <Placemark>
      <name>Shree Speciality Hospital And Pathology Lab</name>
      <description><![CDATA[Description: <br>address: <br>phoneNumber: <br>Coordinates: 73.7550428,20.0122563<br>Category: hospital<br>Address: Royal Avaan Avenue, second floor, R wing, Gangapur Rd, near Jehan Circle, Ram Nagar, Ashtavinayak Colony, Veer Sawarkar Nagar, Nashik, Maharashtra 422013, India<br>Latitude: 20.0122563<br>Longitude: 73.7550428<br>Rating: 5<br>Place_ID: ChIJnxdLWwbr3TsR6-Y5QABb7Pg<br>Distance_m: 506<br>unnamed (1): <br>unnamed (2): <br>unnamed (3): <br>unnamed (4): <br>unnamed (5): <br>unnamed (6): <br>unnamed (7): <br>unnamed (8): <br>unnamed (9): <br>unnamed (10): <br>unnamed (11): <br>unnamed (12): ]]></description>
      <styleUrl>#icon-1899-097138</styleUrl>
      <ExtendedData>
        <Data name="Description">
          <value/>
        </Data>
        <Data name="address">
          <value/>
        </Data>
        <Data name="phoneNumber">
          <value/>
        </Data>
        <Data name="Coordinates">
          <value>73.7550428,20.0122563</value>
        </Data>
        <Data name="Category">
          <value>hospital</value>
        </Data>
        <Data name="Address">
          <value>Royal Avaan Avenue, second floor, R wing, Gangapur Rd, near Jehan Circle, Ram Nagar, Ashtavinayak Colony, Veer Sawarkar Nagar, Nashik, Maharashtra 422013, India</value>
        </Data>
        <Data name="Latitude">
          <value>20.0122563</value>
        </Data>
        <Data name="Longitude">
          <value>73.7550428</value>
        </Data>
        <Data name="Rating">
          <value>5.0</value>
        </Data>
        <Data name="Place_ID">
          <value>ChIJnxdLWwbr3TsR6-Y5QABb7Pg</value>
        </Data>
        <Data name="Distance_m">
          <value>506.0</value>
        </Data>
        <Data name="unnamed (1)">
          <value/>
        </Data>
        <Data name="unnamed (2)">
          <value/>
        </Data>
        <Data name="unnamed (3)">
          <value/>
        </Data>
        <Data name="unnamed (4)">
          <value/>
        </Data>
        <Data name="unnamed (5)">
          <value/>
        </Data>
        <Data name="unnamed (6)">
          <value/>
        </Data>
        <Data name="unnamed (7)">
          <value/>
        </Data>
        <Data name="unnamed (8)">
          <value/>
        </Data>
        <Data name="unnamed (9)">
          <value/>
        </Data>
        <Data name="unnamed (10)">
          <value/>
        </Data>
        <Data name="unnamed (11)">
          <value/>
        </Data>
        <Data name="unnamed (12)">
          <value/>
        </Data>
      </ExtendedData>
      <Point>
        <coordinates>
          73.7550428,20.0122563,0
        </coordinates>
      </Point>
    </Placemark>
    <Placemark>
      <name>Niramay Hospital</name>
      <description><![CDATA[Description: <br>address: <br>phoneNumber: <br>Coordinates: 73.7481582,20.0125706<br>Category: hospital<br>Address: Bus Stop, Near, Gangapur Rd, Anandvalli, Nashik, Maharashtra 422013, India<br>Latitude: 20.0125706<br>Longitude: 73.7481582<br>Rating: 4.3<br>Place_ID: ChIJlQeB2Ynr3TsRW1HQdw37Oco<br>Distance_m: 217<br>unnamed (1): <br>unnamed (2): <br>unnamed (3): <br>unnamed (4): <br>unnamed (5): <br>unnamed (6): <br>unnamed (7): <br>unnamed (8): <br>unnamed (9): <br>unnamed (10): <br>unnamed (11): <br>unnamed (12): ]]></description>
      <styleUrl>#icon-1899-097138</styleUrl>
      <ExtendedData>
        <Data name="Description">
          <value/>
        </Data>
        <Data name="address">
          <value/>
        </Data>
        <Data name="phoneNumber">
          <value/>
        </Data>
        <Data name="Coordinates">
          <value>73.7481582,20.0125706</value>
        </Data>
        <Data name="Category">
          <value>hospital</value>
        </Data>
        <Data name="Address">
          <value>Bus Stop, Near, Gangapur Rd, Anandvalli, Nashik, Maharashtra 422013, India</value>
        </Data>
        <Data name="Latitude">
          <value>20.0125706</value>
        </Data>
        <Data name="Longitude">
          <value>73.7481582</value>
        </Data>
        <Data name="Rating">
          <value>4.3</value>
        </Data>
        <Data name="Place_ID">
          <value>ChIJlQeB2Ynr3TsRW1HQdw37Oco</value>
        </Data>
        <Data name="Distance_m">
          <value>217.0</value>
        </Data>
        <Data name="unnamed (1)">
          <value/>
        </Data>
        <Data name="unnamed (2)">
          <value/>
        </Data>
        <Data name="unnamed (3)">
          <value/>
        </Data>
        <Data name="unnamed (4)">
          <value/>
        </Data>
        <Data name="unnamed (5)">
          <value/>
        </Data>
        <Data name="unnamed (6)">
          <value/>
        </Data>
        <Data name="unnamed (7)">
          <value/>
        </Data>
        <Data name="unnamed (8)">
          <value/>
        </Data>
        <Data name="unnamed (9)">
          <value/>
        </Data>
        <Data name="unnamed (10)">
          <value/>
        </Data>
        <Data name="unnamed (11)">
          <value/>
        </Data>
        <Data name="unnamed (12)">
          <value/>
        </Data>
      </ExtendedData>
      <Point>
        <coordinates>
          73.7481582,20.0125706,0
        </coordinates>
      </Point>
    </Placemark>
    <Placemark>
      <name>Leelavati Hospital Makhmalabad Road</name>
      <description><![CDATA[Description: <br>address: <br>phoneNumber: <br>Coordinates: 73.7818812,20.0372651<br>Category: general_hospital<br>Address: 2QPJ+WQ2, Makhmalabad Rd, Vidya Nagar, Panchavati, Nashik, Maharashtra 422003, India<br>Latitude: 20.0372651<br>Longitude: 73.7818812<br>Rating: 4.2<br>Place_ID: ChIJdW8Lkdrr3TsRF8A-6as-yNQ<br>Distance_m: 1334<br>unnamed (1): <br>unnamed (2): <br>unnamed (3): <br>unnamed (4): <br>unnamed (5): <br>unnamed (6): <br>unnamed (7): <br>unnamed (8): <br>unnamed (9): <br>unnamed (10): <br>unnamed (11): <br>unnamed (12): ]]></description>
      <styleUrl>#icon-1899-097138</styleUrl>
      <ExtendedData>
        <Data name="Description">
          <value/>
        </Data>
        <Data name="address">
          <value/>
        </Data>
        <Data name="phoneNumber">
          <value/>
        </Data>
        <Data name="Coordinates">
          <value>73.7818812,20.0372651</value>
        </Data>
        <Data name="Category">
          <value>general_hospital</value>
        </Data>
        <Data name="Address">
          <value>2QPJ+WQ2, Makhmalabad Rd, Vidya Nagar, Panchavati, Nashik, Maharashtra 422003, India</value>
        </Data>
        <Data name="Latitude">
          <value>20.0372651</value>
        </Data>
        <Data name="Longitude">
          <value>73.7818812</value>
        </Data>
        <Data name="Rating">
          <value>4.2</value>
        </Data>
        <Data name="Place_ID">
          <value>ChIJdW8Lkdrr3TsRF8A-6as-yNQ</value>
        </Data>
        <Data name="Distance_m">
          <value>1334.0</value>
        </Data>
        <Data name="unnamed (1)">
          <value/>
        </Data>
        <Data name="unnamed (2)">
          <value/>
        </Data>
        <Data name="unnamed (3)">
          <value/>
        </Data>
        <Data name="unnamed (4)">
          <value/>
        </Data>
        <Data name="unnamed (5)">
          <value/>
        </Data>
        <Data name="unnamed (6)">
          <value/>
        </Data>
        <Data name="unnamed (7)">
          <value/>
        </Data>
        <Data name="unnamed (8)">
          <value/>
        </Data>
        <Data name="unnamed (9)">
          <value/>
        </Data>
        <Data name="unnamed (10)">
          <value/>
        </Data>
        <Data name="unnamed (11)">
          <value/>
        </Data>
        <Data name="unnamed (12)">
          <value/>
        </Data>
      </ExtendedData>
      <Point>
        <coordinates>
          73.7818812,20.0372651,0
        </coordinates>
      </Point>
    </Placemark>
    <Placemark>
      <name>Om SAI hospital , Pawar mala, Ashwemedh nagar, Near RTO Corner</name>
      <description><![CDATA[Description: <br>address: <br>phoneNumber: <br>Coordinates: 73.7877466,20.0370798<br>Category: general_hospital<br>Address: Dhan Dai Row House, Ashwamegh Nagar, Makhmalabad, Nashik, Maharashtra 422003, India<br>Latitude: 20.0370798<br>Longitude: 73.7877466<br>Rating: 5<br>Place_ID: ChIJJ0FERJfr3TsR45m8AWUcrVI<br>Distance_m: 1883<br>unnamed (1): <br>unnamed (2): <br>unnamed (3): <br>unnamed (4): <br>unnamed (5): <br>unnamed (6): <br>unnamed (7): <br>unnamed (8): <br>unnamed (9): <br>unnamed (10): <br>unnamed (11): <br>unnamed (12): ]]></description>
      <styleUrl>#icon-1899-097138</styleUrl>
      <ExtendedData>
        <Data name="Description">
          <value/>
        </Data>
        <Data name="address">
          <value/>
        </Data>
        <Data name="phoneNumber">
          <value/>
        </Data>
        <Data name="Coordinates">
          <value>73.7877466,20.0370798</value>
        </Data>
        <Data name="Category">
          <value>general_hospital</value>
        </Data>
        <Data name="Address">
          <value>Dhan Dai Row House, Ashwamegh Nagar, Makhmalabad, Nashik, Maharashtra 422003, India</value>
        </Data>
        <Data name="Latitude">
          <value>20.0370798</value>
        </Data>
        <Data name="Longitude">
          <value>73.7877466</value>
        </Data>
        <Data name="Rating">
          <value>5.0</value>
        </Data>
        <Data name="Place_ID">
          <value>ChIJJ0FERJfr3TsR45m8AWUcrVI</value>
        </Data>
        <Data name="Distance_m">
          <value>1883.0</value>
        </Data>
        <Data name="unnamed (1)">
          <value/>
        </Data>
        <Data name="unnamed (2)">
          <value/>
        </Data>
        <Data name="unnamed (3)">
          <value/>
        </Data>
        <Data name="unnamed (4)">
          <value/>
        </Data>
        <Data name="unnamed (5)">
          <value/>
        </Data>
        <Data name="unnamed (6)">
          <value/>
        </Data>
        <Data name="unnamed (7)">
          <value/>
        </Data>
        <Data name="unnamed (8)">
          <value/>
        </Data>
        <Data name="unnamed (9)">
          <value/>
        </Data>
        <Data name="unnamed (10)">
          <value/>
        </Data>
        <Data name="unnamed (11)">
          <value/>
        </Data>
        <Data name="unnamed (12)">
          <value/>
        </Data>
      </ExtendedData>
      <Point>
        <coordinates>
          73.7877466,20.0370798,0
        </coordinates>
      </Point>
    </Placemark>
    <Placemark>
      <name>NMC Satpur Hospital</name>
      <description><![CDATA[Description: <br>address: <br>phoneNumber: <br>Coordinates: 73.737809,19.989798<br>Category: hospital<br>Address: XPQQ+W47, Swarbaba Nagar, Satpur Gaon, Satpur Colony, Nashik, Maharashtra 422007, India<br>Latitude: 19.989798<br>Longitude: 73.737809<br>Rating: 3.7<br>Place_ID: ChIJc3SnRYHs3TsRAJBpfHfpp6Q<br>Distance_m: 1400<br>unnamed (1): <br>unnamed (2): <br>unnamed (3): <br>unnamed (4): <br>unnamed (5): <br>unnamed (6): <br>unnamed (7): <br>unnamed (8): <br>unnamed (9): <br>unnamed (10): <br>unnamed (11): <br>unnamed (12): ]]></description>
      <styleUrl>#icon-1899-097138</styleUrl>
      <ExtendedData>
        <Data name="Description">
          <value/>
        </Data>
        <Data name="address">
          <value/>
        </Data>
        <Data name="phoneNumber">
          <value/>
        </Data>
        <Data name="Coordinates">
          <value>73.737809,19.989798</value>
        </Data>
        <Data name="Category">
          <value>hospital</value>
        </Data>
        <Data name="Address">
          <value>XPQQ+W47, Swarbaba Nagar, Satpur Gaon, Satpur Colony, Nashik, Maharashtra 422007, India</value>
        </Data>
        <Data name="Latitude">
          <value>19.989798</value>
        </Data>
        <Data name="Longitude">
          <value>73.737809</value>
        </Data>
        <Data name="Rating">
          <value>3.7</value>
        </Data>
        <Data name="Place_ID">
          <value>ChIJc3SnRYHs3TsRAJBpfHfpp6Q</value>
        </Data>
        <Data name="Distance_m">
          <value>1400.0</value>
        </Data>
        <Data name="unnamed (1)">
          <value/>
        </Data>
        <Data name="unnamed (2)">
          <value/>
        </Data>
        <Data name="unnamed (3)">
          <value/>
        </Data>
        <Data name="unnamed (4)">
          <value/>
        </Data>
        <Data name="unnamed (5)">
          <value/>
        </Data>
        <Data name="unnamed (6)">
          <value/>
        </Data>
        <Data name="unnamed (7)">
          <value/>
        </Data>
        <Data name="unnamed (8)">
          <value/>
        </Data>
        <Data name="unnamed (9)">
          <value/>
        </Data>
        <Data name="unnamed (10)">
          <value/>
        </Data>
        <Data name="unnamed (11)">
          <value/>
        </Data>
        <Data name="unnamed (12)">
          <value/>
        </Data>
      </ExtendedData>
      <Point>
        <coordinates>
          73.737809,19.989798,0
        </coordinates>
      </Point>
    </Placemark>
    <Placemark>
      <name>Rohit Hospital</name>
      <description><![CDATA[Description: <br>address: <br>phoneNumber: <br>Coordinates: 73.7240274,19.9888878<br>Category: hospital<br>Address: Samta Nagar, Satpur Colony, Nashik, Maharashtra 422007, India<br>Latitude: 19.9888878<br>Longitude: 73.7240274<br>Rating: 3.8<br>Place_ID: ChIJAQAAAH3s3TsRRWMHyVEL1sI<br>Distance_m: 1507<br>unnamed (1): <br>unnamed (2): <br>unnamed (3): <br>unnamed (4): <br>unnamed (5): <br>unnamed (6): <br>unnamed (7): <br>unnamed (8): <br>unnamed (9): <br>unnamed (10): <br>unnamed (11): <br>unnamed (12): ]]></description>
      <styleUrl>#icon-1899-097138</styleUrl>
      <ExtendedData>
        <Data name="Description">
          <value/>
        </Data>
        <Data name="address">
          <value/>
        </Data>
        <Data name="phoneNumber">
          <value/>
        </Data>
        <Data name="Coordinates">
          <value>73.7240274,19.9888878</value>
        </Data>
        <Data name="Category">
          <value>hospital</value>
        </Data>
        <Data name="Address">
          <value>Samta Nagar, Satpur Colony, Nashik, Maharashtra 422007, India</value>
        </Data>
        <Data name="Latitude">
          <value>19.9888878</value>
        </Data>
        <Data name="Longitude">
          <value>73.7240274</value>
        </Data>
        <Data name="Rating">
          <value>3.8</value>
        </Data>
        <Data name="Place_ID">
          <value>ChIJAQAAAH3s3TsRRWMHyVEL1sI</value>
        </Data>
        <Data name="Distance_m">
          <value>1507.0</value>
        </Data>
        <Data name="unnamed (1)">
          <value/>
        </Data>
        <Data name="unnamed (2)">
          <value/>
        </Data>
        <Data name="unnamed (3)">
          <value/>
        </Data>
        <Data name="unnamed (4)">
          <value/>
        </Data>
        <Data name="unnamed (5)">
          <value/>
        </Data>
        <Data name="unnamed (6)">
          <value/>
        </Data>
        <Data name="unnamed (7)">
          <value/>
        </Data>
        <Data name="unnamed (8)">
          <value/>
        </Data>
        <Data name="unnamed (9)">
          <value/>
        </Data>
        <Data name="unnamed (10)">
          <value/>
        </Data>
        <Data name="unnamed (11)">
          <value/>
        </Data>
        <Data name="unnamed (12)">
          <value/>
        </Data>
      </ExtendedData>
      <Point>
        <coordinates>
          73.7240274,19.9888878,0
        </coordinates>
      </Point>
    </Placemark>
    <Placemark>
      <name>ESIC Hospital Nashik</name>
      <description><![CDATA[Description: <br>address: <br>phoneNumber: <br>Coordinates: 73.7338183,19.9918531<br>Category: general_hospital<br>Address: XPRM+PGW, Trambakeshwar Rd, opposite ESIS Hospital, MIDC, Satpur Colony, Nashik, Maharashtra 422007, India<br>Latitude: 19.9918531<br>Longitude: 73.7338183<br>Rating: 3.8<br>Place_ID: ChIJJ1Qdpojs3TsRIE6qyA_tsi0<br>Distance_m: 1024<br>unnamed (1): <br>unnamed (2): <br>unnamed (3): <br>unnamed (4): <br>unnamed (5): <br>unnamed (6): <br>unnamed (7): <br>unnamed (8): <br>unnamed (9): <br>unnamed (10): <br>unnamed (11): <br>unnamed (12): ]]></description>
      <styleUrl>#icon-1899-097138</styleUrl>
      <ExtendedData>
        <Data name="Description">
          <value/>
        </Data>
        <Data name="address">
          <value/>
        </Data>
        <Data name="phoneNumber">
          <value/>
        </Data>
        <Data name="Coordinates">
          <value>73.7338183,19.9918531</value>
        </Data>
        <Data name="Category">
          <value>general_hospital</value>
        </Data>
        <Data name="Address">
          <value>XPRM+PGW, Trambakeshwar Rd, opposite ESIS Hospital, MIDC, Satpur Colony, Nashik, Maharashtra 422007, India</value>
        </Data>
        <Data name="Latitude">
          <value>19.9918531</value>
        </Data>
        <Data name="Longitude">
          <value>73.7338183</value>
        </Data>
        <Data name="Rating">
          <value>3.8</value>
        </Data>
        <Data name="Place_ID">
          <value>ChIJJ1Qdpojs3TsRIE6qyA_tsi0</value>
        </Data>
        <Data name="Distance_m">
          <value>1024.0</value>
        </Data>
        <Data name="unnamed (1)">
          <value/>
        </Data>
        <Data name="unnamed (2)">
          <value/>
        </Data>
        <Data name="unnamed (3)">
          <value/>
        </Data>
        <Data name="unnamed (4)">
          <value/>
        </Data>
        <Data name="unnamed (5)">
          <value/>
        </Data>
        <Data name="unnamed (6)">
          <value/>
        </Data>
        <Data name="unnamed (7)">
          <value/>
        </Data>
        <Data name="unnamed (8)">
          <value/>
        </Data>
        <Data name="unnamed (9)">
          <value/>
        </Data>
        <Data name="unnamed (10)">
          <value/>
        </Data>
        <Data name="unnamed (11)">
          <value/>
        </Data>
        <Data name="unnamed (12)">
          <value/>
        </Data>
      </ExtendedData>
      <Point>
        <coordinates>
          73.7338183,19.9918531,0
        </coordinates>
      </Point>
    </Placemark>
    <Placemark>
      <name> Jain Dharmarth Hospital</name>
      <description><![CDATA[Description: <br>address: <br>phoneNumber: <br>Coordinates: 73.7856743,20.0090713<br>Category: hospital<br>Address: 2Q5P+J7F, Raviwar Peth, Raviwar Karanja, Shivaji Nagar, Nashik, Maharashtra 422002, India<br>Latitude: 20.0090713<br>Longitude: 73.7856743<br>Rating: 3.6<br>Place_ID: ChIJV71ISPXr3TsRQ2rDgthKQEY<br>Distance_m: 1592<br>unnamed (1): <br>unnamed (2): <br>unnamed (3): <br>unnamed (4): <br>unnamed (5): <br>unnamed (6): <br>unnamed (7): <br>unnamed (8): <br>unnamed (9): <br>unnamed (10): <br>unnamed (11): <br>unnamed (12): ]]></description>
      <styleUrl>#icon-1899-097138</styleUrl>
      <ExtendedData>
        <Data name="Description">
          <value/>
        </Data>
        <Data name="address">
          <value/>
        </Data>
        <Data name="phoneNumber">
          <value/>
        </Data>
        <Data name="Coordinates">
          <value>73.7856743,20.0090713</value>
        </Data>
        <Data name="Category">
          <value>hospital</value>
        </Data>
        <Data name="Address">
          <value>2Q5P+J7F, Raviwar Peth, Raviwar Karanja, Shivaji Nagar, Nashik, Maharashtra 422002, India</value>
        </Data>
        <Data name="Latitude">
          <value>20.0090713</value>
        </Data>
        <Data name="Longitude">
          <value>73.7856743</value>
        </Data>
        <Data name="Rating">
          <value>3.6</value>
        </Data>
        <Data name="Place_ID">
          <value>ChIJV71ISPXr3TsRQ2rDgthKQEY</value>
        </Data>
        <Data name="Distance_m">
          <value>1592.0</value>
        </Data>
        <Data name="unnamed (1)">
          <value/>
        </Data>
        <Data name="unnamed (2)">
          <value/>
        </Data>
        <Data name="unnamed (3)">
          <value/>
        </Data>
        <Data name="unnamed (4)">
          <value/>
        </Data>
        <Data name="unnamed (5)">
          <value/>
        </Data>
        <Data name="unnamed (6)">
          <value/>
        </Data>
        <Data name="unnamed (7)">
          <value/>
        </Data>
        <Data name="unnamed (8)">
          <value/>
        </Data>
        <Data name="unnamed (9)">
          <value/>
        </Data>
        <Data name="unnamed (10)">
          <value/>
        </Data>
        <Data name="unnamed (11)">
          <value/>
        </Data>
        <Data name="unnamed (12)">
          <value/>
        </Data>
      </ExtendedData>
      <Point>
        <coordinates>
          73.7856743,20.0090713,0
        </coordinates>
      </Point>
    </Placemark>
    <Placemark>
      <name>Shraddha Hospital</name>
      <description><![CDATA[Description: <br>address: <br>phoneNumber: <br>Coordinates: 73.7732384,20.0015032<br>Category: hospital<br>Address: 2Q2F+J75, Sharanpur Rd, Opposite Pr. T.A. Kulkarni Udyan, Racca Colony, Jejurkar Wadi, Sharanpur, Nashik, Maharashtra 422002, India<br>Latitude: 20.0015032<br>Longitude: 73.7732384<br>Rating: 4.1<br>Place_ID: ChIJS7yUqKDr3TsRIPLshhC8FR8<br>Distance_m: 146<br>unnamed (1): <br>unnamed (2): <br>unnamed (3): <br>unnamed (4): <br>unnamed (5): <br>unnamed (6): <br>unnamed (7): <br>unnamed (8): <br>unnamed (9): <br>unnamed (10): <br>unnamed (11): <br>unnamed (12): ]]></description>
      <styleUrl>#icon-1899-097138</styleUrl>
      <ExtendedData>
        <Data name="Description">
          <value/>
        </Data>
        <Data name="address">
          <value/>
        </Data>
        <Data name="phoneNumber">
          <value/>
        </Data>
        <Data name="Coordinates">
          <value>73.7732384,20.0015032</value>
        </Data>
        <Data name="Category">
          <value>hospital</value>
        </Data>
        <Data name="Address">
          <value>2Q2F+J75, Sharanpur Rd, Opposite Pr. T.A. Kulkarni Udyan, Racca Colony, Jejurkar Wadi, Sharanpur, Nashik, Maharashtra 422002, India</value>
        </Data>
        <Data name="Latitude">
          <value>20.0015032</value>
        </Data>
        <Data name="Longitude">
          <value>73.7732384</value>
        </Data>
        <Data name="Rating">
          <value>4.1</value>
        </Data>
        <Data name="Place_ID">
          <value>ChIJS7yUqKDr3TsRIPLshhC8FR8</value>
        </Data>
        <Data name="Distance_m">
          <value>146.0</value>
        </Data>
        <Data name="unnamed (1)">
          <value/>
        </Data>
        <Data name="unnamed (2)">
          <value/>
        </Data>
        <Data name="unnamed (3)">
          <value/>
        </Data>
        <Data name="unnamed (4)">
          <value/>
        </Data>
        <Data name="unnamed (5)">
          <value/>
        </Data>
        <Data name="unnamed (6)">
          <value/>
        </Data>
        <Data name="unnamed (7)">
          <value/>
        </Data>
        <Data name="unnamed (8)">
          <value/>
        </Data>
        <Data name="unnamed (9)">
          <value/>
        </Data>
        <Data name="unnamed (10)">
          <value/>
        </Data>
        <Data name="unnamed (11)">
          <value/>
        </Data>
        <Data name="unnamed (12)">
          <value/>
        </Data>
      </ExtendedData>
      <Point>
        <coordinates>
          73.7732384,20.0015032,0
        </coordinates>
      </Point>
    </Placemark>
    <Placemark>
      <name>Ayurved Seva Sangh Arogyashala Rugnalaya</name>
      <description><![CDATA[Description: <br>address: <br>phoneNumber: <br>Coordinates: 73.7960589,20.00469<br>Category: hospital<br>Address: 2Q3W+VCF, Ganesh Wadi Rd, Panchavati, Nashik, Maharashtra 422003, India<br>Latitude: 20.00469<br>Longitude: 73.7960589<br>Rating: 4.1<br>Place_ID: ChIJG_WvIFXq3TsRS5mozGZm7t4<br>Distance_m: 1803<br>unnamed (1): <br>unnamed (2): <br>unnamed (3): <br>unnamed (4): <br>unnamed (5): <br>unnamed (6): <br>unnamed (7): <br>unnamed (8): <br>unnamed (9): <br>unnamed (10): <br>unnamed (11): <br>unnamed (12): ]]></description>
      <styleUrl>#icon-1899-097138</styleUrl>
      <ExtendedData>
        <Data name="Description">
          <value/>
        </Data>
        <Data name="address">
          <value/>
        </Data>
        <Data name="phoneNumber">
          <value/>
        </Data>
        <Data name="Coordinates">
          <value>73.7960589,20.00469</value>
        </Data>
        <Data name="Category">
          <value>hospital</value>
        </Data>
        <Data name="Address">
          <value>2Q3W+VCF, Ganesh Wadi Rd, Panchavati, Nashik, Maharashtra 422003, India</value>
        </Data>
        <Data name="Latitude">
          <value>20.00469</value>
        </Data>
        <Data name="Longitude">
          <value>73.7960589</value>
        </Data>
        <Data name="Rating">
          <value>4.1</value>
        </Data>
        <Data name="Place_ID">
          <value>ChIJG_WvIFXq3TsRS5mozGZm7t4</value>
        </Data>
        <Data name="Distance_m">
          <value>1803.0</value>
        </Data>
        <Data name="unnamed (1)">
          <value/>
        </Data>
        <Data name="unnamed (2)">
          <value/>
        </Data>
        <Data name="unnamed (3)">
          <value/>
        </Data>
        <Data name="unnamed (4)">
          <value/>
        </Data>
        <Data name="unnamed (5)">
          <value/>
        </Data>
        <Data name="unnamed (6)">
          <value/>
        </Data>
        <Data name="unnamed (7)">
          <value/>
        </Data>
        <Data name="unnamed (8)">
          <value/>
        </Data>
        <Data name="unnamed (9)">
          <value/>
        </Data>
        <Data name="unnamed (10)">
          <value/>
        </Data>
        <Data name="unnamed (11)">
          <value/>
        </Data>
        <Data name="unnamed (12)">
          <value/>
        </Data>
      </ExtendedData>
      <Point>
        <coordinates>
          73.7960589,20.00469,0
        </coordinates>
      </Point>
    </Placemark>
    <Placemark>
      <name>Indira Gandhi Rugnalaya</name>
      <description><![CDATA[Description: <br>address: <br>phoneNumber: <br>Coordinates: 73.7955767,20.0098491<br>Category: general_hospital<br>Address: 2Q5W+W6P, Panchavati Karanja, Panchavati, Nashik, Maharashtra 422003, India<br>Latitude: 20.0098491<br>Longitude: 73.7955767<br>Rating: 3.7<br>Place_ID: ChIJ01JoL1Pq3TsRdZH15FFhK9U<br>Distance_m: 1260<br>unnamed (1): <br>unnamed (2): <br>unnamed (3): <br>unnamed (4): <br>unnamed (5): <br>unnamed (6): <br>unnamed (7): <br>unnamed (8): <br>unnamed (9): <br>unnamed (10): <br>unnamed (11): <br>unnamed (12): ]]></description>
      <styleUrl>#icon-1899-097138</styleUrl>
      <ExtendedData>
        <Data name="Description">
          <value/>
        </Data>
        <Data name="address">
          <value/>
        </Data>
        <Data name="phoneNumber">
          <value/>
        </Data>
        <Data name="Coordinates">
          <value>73.7955767,20.0098491</value>
        </Data>
        <Data name="Category">
          <value>general_hospital</value>
        </Data>
        <Data name="Address">
          <value>2Q5W+W6P, Panchavati Karanja, Panchavati, Nashik, Maharashtra 422003, India</value>
        </Data>
        <Data name="Latitude">
          <value>20.0098491</value>
        </Data>
        <Data name="Longitude">
          <value>73.7955767</value>
        </Data>
        <Data name="Rating">
          <value>3.7</value>
        </Data>
        <Data name="Place_ID">
          <value>ChIJ01JoL1Pq3TsRdZH15FFhK9U</value>
        </Data>
        <Data name="Distance_m">
          <value>1260.0</value>
        </Data>
        <Data name="unnamed (1)">
          <value/>
        </Data>
        <Data name="unnamed (2)">
          <value/>
        </Data>
        <Data name="unnamed (3)">
          <value/>
        </Data>
        <Data name="unnamed (4)">
          <value/>
        </Data>
        <Data name="unnamed (5)">
          <value/>
        </Data>
        <Data name="unnamed (6)">
          <value/>
        </Data>
        <Data name="unnamed (7)">
          <value/>
        </Data>
        <Data name="unnamed (8)">
          <value/>
        </Data>
        <Data name="unnamed (9)">
          <value/>
        </Data>
        <Data name="unnamed (10)">
          <value/>
        </Data>
        <Data name="unnamed (11)">
          <value/>
        </Data>
        <Data name="unnamed (12)">
          <value/>
        </Data>
      </ExtendedData>
      <Point>
        <coordinates>
          73.7955767,20.0098491,0
        </coordinates>
      </Point>
    </Placemark>
    <Placemark>
      <name>NMC Hinduhruday Samrat Balasaheb Thakre Hospistal</name>
      <description><![CDATA[Description: <br>address: <br>phoneNumber: <br>Coordinates: 73.838347,19.947924<br>Category: hospital<br>Address: WRXQ+589, Rajwada Nagar, Deolali Gaon, Nashik, Maharashtra 422101, India<br>Latitude: 19.947924<br>Longitude: 73.838347<br>Rating: 3.6<br>Place_ID: ChIJe9bY11mV3TsRTr9YSuA0gu0<br>Distance_m: 2132<br>unnamed (1): <br>unnamed (2): <br>unnamed (3): <br>unnamed (4): <br>unnamed (5): <br>unnamed (6): <br>unnamed (7): <br>unnamed (8): <br>unnamed (9): <br>unnamed (10): <br>unnamed (11): <br>unnamed (12): ]]></description>
      <styleUrl>#icon-1899-097138</styleUrl>
      <ExtendedData>
        <Data name="Description">
          <value/>
        </Data>
        <Data name="address">
          <value/>
        </Data>
        <Data name="phoneNumber">
          <value/>
        </Data>
        <Data name="Coordinates">
          <value>73.838347,19.947924</value>
        </Data>
        <Data name="Category">
          <value>hospital</value>
        </Data>
        <Data name="Address">
          <value>WRXQ+589, Rajwada Nagar, Deolali Gaon, Nashik, Maharashtra 422101, India</value>
        </Data>
        <Data name="Latitude">
          <value>19.947924</value>
        </Data>
        <Data name="Longitude">
          <value>73.838347</value>
        </Data>
        <Data name="Rating">
          <value>3.6</value>
        </Data>
        <Data name="Place_ID">
          <value>ChIJe9bY11mV3TsRTr9YSuA0gu0</value>
        </Data>
        <Data name="Distance_m">
          <value>2132.0</value>
        </Data>
        <Data name="unnamed (1)">
          <value/>
        </Data>
        <Data name="unnamed (2)">
          <value/>
        </Data>
        <Data name="unnamed (3)">
          <value/>
        </Data>
        <Data name="unnamed (4)">
          <value/>
        </Data>
        <Data name="unnamed (5)">
          <value/>
        </Data>
        <Data name="unnamed (6)">
          <value/>
        </Data>
        <Data name="unnamed (7)">
          <value/>
        </Data>
        <Data name="unnamed (8)">
          <value/>
        </Data>
        <Data name="unnamed (9)">
          <value/>
        </Data>
        <Data name="unnamed (10)">
          <value/>
        </Data>
        <Data name="unnamed (11)">
          <value/>
        </Data>
        <Data name="unnamed (12)">
          <value/>
        </Data>
      </ExtendedData>
      <Point>
        <coordinates>
          73.838347,19.947924,0
        </coordinates>
      </Point>
    </Placemark>
    <Placemark>
      <name>Bachhav Hospital</name>
      <description><![CDATA[Description: <br>address: <br>phoneNumber: <br>Coordinates: 73.7881709,20.0114829<br>Category: hospital<br>Address: Makhmalabad Rd, near Ram Wadi, Uday Colony, Kranti Nagar, Ram Wadi, Nashik, Maharashtra 422003, India<br>Latitude: 20.0114829<br>Longitude: 73.7881709<br>Rating: 4.8<br>Place_ID: ChIJK70JEq7r3TsRu2F8gEsBFQU<br>Distance_m: 2855<br>unnamed (1): <br>unnamed (2): <br>unnamed (3): <br>unnamed (4): <br>unnamed (5): <br>unnamed (6): <br>unnamed (7): <br>unnamed (8): <br>unnamed (9): <br>unnamed (10): <br>unnamed (11): <br>unnamed (12): ]]></description>
      <styleUrl>#icon-1899-097138</styleUrl>
      <ExtendedData>
        <Data name="Description">
          <value/>
        </Data>
        <Data name="address">
          <value/>
        </Data>
        <Data name="phoneNumber">
          <value/>
        </Data>
        <Data name="Coordinates">
          <value>73.7881709,20.0114829</value>
        </Data>
        <Data name="Category">
          <value>hospital</value>
        </Data>
        <Data name="Address">
          <value>Makhmalabad Rd, near Ram Wadi, Uday Colony, Kranti Nagar, Ram Wadi, Nashik, Maharashtra 422003, India</value>
        </Data>
        <Data name="Latitude">
          <value>20.0114829</value>
        </Data>
        <Data name="Longitude">
          <value>73.7881709</value>
        </Data>
        <Data name="Rating">
          <value>4.8</value>
        </Data>
        <Data name="Place_ID">
          <value>ChIJK70JEq7r3TsRu2F8gEsBFQU</value>
        </Data>
        <Data name="Distance_m">
          <value>2855.0</value>
        </Data>
        <Data name="unnamed (1)">
          <value/>
        </Data>
        <Data name="unnamed (2)">
          <value/>
        </Data>
        <Data name="unnamed (3)">
          <value/>
        </Data>
        <Data name="unnamed (4)">
          <value/>
        </Data>
        <Data name="unnamed (5)">
          <value/>
        </Data>
        <Data name="unnamed (6)">
          <value/>
        </Data>
        <Data name="unnamed (7)">
          <value/>
        </Data>
        <Data name="unnamed (8)">
          <value/>
        </Data>
        <Data name="unnamed (9)">
          <value/>
        </Data>
        <Data name="unnamed (10)">
          <value/>
        </Data>
        <Data name="unnamed (11)">
          <value/>
        </Data>
        <Data name="unnamed (12)">
          <value/>
        </Data>
      </ExtendedData>
      <Point>
        <coordinates>
          73.7881709,20.0114829,0
        </coordinates>
      </Point>
    </Placemark>
    <Placemark>
      <name>Apollo Hospital Emergency Centre - Indira Nagar/ only emergency </name>
      <description><![CDATA[Description: <br>address: <br>phoneNumber: <br>Coordinates: 73.7705,19.9835<br>Category: medical_clinic<br>Address: Karmayogi Nagar, Indira Nagar, Nashik, Maharashtra 422009, India<br>Latitude: 19.9835<br>Longitude: 73.7705<br>Rating: <br>Place_ID: ChIJjwR8YUrr3TsRdODJFKjk51o<br>Distance_m: 1709<br>unnamed (1): <br>unnamed (2): <br>unnamed (3): <br>unnamed (4): <br>unnamed (5): <br>unnamed (6): <br>unnamed (7): <br>unnamed (8): <br>unnamed (9): <br>unnamed (10): <br>unnamed (11): <br>unnamed (12): ]]></description>
      <styleUrl>#icon-1899-097138</styleUrl>
      <ExtendedData>
        <Data name="Description">
          <value/>
        </Data>
        <Data name="address">
          <value/>
        </Data>
        <Data name="phoneNumber">
          <value/>
        </Data>
        <Data name="Coordinates">
          <value>73.7705,19.9835</value>
        </Data>
        <Data name="Category">
          <value>medical_clinic</value>
        </Data>
        <Data name="Address">
          <value>Karmayogi Nagar, Indira Nagar, Nashik, Maharashtra 422009, India</value>
        </Data>
        <Data name="Latitude">
          <value>19.9835</value>
        </Data>
        <Data name="Longitude">
          <value>73.7705</value>
        </Data>
        <Data name="Rating">
          <value/>
        </Data>
        <Data name="Place_ID">
          <value>ChIJjwR8YUrr3TsRdODJFKjk51o</value>
        </Data>
        <Data name="Distance_m">
          <value>1709.0</value>
        </Data>
        <Data name="unnamed (1)">
          <value/>
        </Data>
        <Data name="unnamed (2)">
          <value/>
        </Data>
        <Data name="unnamed (3)">
          <value/>
        </Data>
        <Data name="unnamed (4)">
          <value/>
        </Data>
        <Data name="unnamed (5)">
          <value/>
        </Data>
        <Data name="unnamed (6)">
          <value/>
        </Data>
        <Data name="unnamed (7)">
          <value/>
        </Data>
        <Data name="unnamed (8)">
          <value/>
        </Data>
        <Data name="unnamed (9)">
          <value/>
        </Data>
        <Data name="unnamed (10)">
          <value/>
        </Data>
        <Data name="unnamed (11)">
          <value/>
        </Data>
        <Data name="unnamed (12)">
          <value/>
        </Data>
      </ExtendedData>
      <Point>
        <coordinates>
          73.7705,19.9835,0
        </coordinates>
      </Point>
    </Placemark>
    <Placemark>
      <name>More Hospital</name>
      <description><![CDATA[Description: <br>address: <br>phoneNumber: <br>Coordinates: 73.8047178,19.9952024<br>Category: hospital<br>Address: Sheetal Society, Takli Rd, opp. Shankar Nagar 26, Dwarka, Nashik, Maharashtra 422011, India<br>Latitude: 19.9952024<br>Longitude: 73.8047178<br>Rating: 4.1<br>Place_ID: ChIJrXZGRvrq3TsR01nfdEkeOeg<br>Distance_m: 257<br>unnamed (1): <br>unnamed (2): <br>unnamed (3): <br>unnamed (4): <br>unnamed (5): <br>unnamed (6): <br>unnamed (7): <br>unnamed (8): <br>unnamed (9): <br>unnamed (10): <br>unnamed (11): <br>unnamed (12): ]]></description>
      <styleUrl>#icon-1899-097138</styleUrl>
      <ExtendedData>
        <Data name="Description">
          <value/>
        </Data>
        <Data name="address">
          <value/>
        </Data>
        <Data name="phoneNumber">
          <value/>
        </Data>
        <Data name="Coordinates">
          <value>73.8047178,19.9952024</value>
        </Data>
        <Data name="Category">
          <value>hospital</value>
        </Data>
        <Data name="Address">
          <value>Sheetal Society, Takli Rd, opp. Shankar Nagar 26, Dwarka, Nashik, Maharashtra 422011, India</value>
        </Data>
        <Data name="Latitude">
          <value>19.9952024</value>
        </Data>
        <Data name="Longitude">
          <value>73.8047178</value>
        </Data>
        <Data name="Rating">
          <value>4.1</value>
        </Data>
        <Data name="Place_ID">
          <value>ChIJrXZGRvrq3TsR01nfdEkeOeg</value>
        </Data>
        <Data name="Distance_m">
          <value>257.0</value>
        </Data>
        <Data name="unnamed (1)">
          <value/>
        </Data>
        <Data name="unnamed (2)">
          <value/>
        </Data>
        <Data name="unnamed (3)">
          <value/>
        </Data>
        <Data name="unnamed (4)">
          <value/>
        </Data>
        <Data name="unnamed (5)">
          <value/>
        </Data>
        <Data name="unnamed (6)">
          <value/>
        </Data>
        <Data name="unnamed (7)">
          <value/>
        </Data>
        <Data name="unnamed (8)">
          <value/>
        </Data>
        <Data name="unnamed (9)">
          <value/>
        </Data>
        <Data name="unnamed (10)">
          <value/>
        </Data>
        <Data name="unnamed (11)">
          <value/>
        </Data>
        <Data name="unnamed (12)">
          <value/>
        </Data>
      </ExtendedData>
      <Point>
        <coordinates>
          73.8047178,19.9952024,0
        </coordinates>
      </Point>
    </Placemark>
    <Placemark>
      <name>Mauli Hospital Trimbak</name>
      <description><![CDATA[Description: <br>address: <br>phoneNumber: <br>Coordinates: <br>Category: <br>Address: Trimbak, Maharashtra 422212, India<br>Latitude: 19.9393579<br>Longitude: 73.5317334<br>Rating: 4<br>Place_ID: ChIJ5WIBRTX13TsRHrjUiWYuhyE<br>Distance_m: <br>unnamed (1): Nashik_to_Trimbak_Establishments 3.xlsx<br>unnamed (2): Sheet1<br>unnamed (3): https://maps.google.com/?cid=2415950743041521694&g_mp=Cidnb29nbGUubWFwcy5wbGFjZXMudjEuUGxhY2VzLlNlYXJjaFRleHQQAhgEIAA<br>unnamed (4): OPERATIONAL<br>unnamed (5): 2<br>unnamed (6): general_hospital<br>unnamed (7): general_hospital, hospital, health, service, point_of_interest, establishment<br>unnamed (8): hospitals multispeciality hospitals clinics<br>unnamed (9): Talwade Trimbak<br>unnamed (10): 20.03<br>unnamed (11): 73.66<br>unnamed (12): hospitals multispeciality hospitals clinics]]></description>
      <styleUrl>#icon-1899-097138</styleUrl>
      <ExtendedData>
        <Data name="Description">
          <value/>
        </Data>
        <Data name="address">
          <value/>
        </Data>
        <Data name="phoneNumber">
          <value/>
        </Data>
        <Data name="Coordinates">
          <value/>
        </Data>
        <Data name="Category">
          <value/>
        </Data>
        <Data name="Address">
          <value>Trimbak, Maharashtra 422212, India</value>
        </Data>
        <Data name="Latitude">
          <value>19.9393579</value>
        </Data>
        <Data name="Longitude">
          <value>73.5317334</value>
        </Data>
        <Data name="Rating">
          <value>4.0</value>
        </Data>
        <Data name="Place_ID">
          <value>ChIJ5WIBRTX13TsRHrjUiWYuhyE</value>
        </Data>
        <Data name="Distance_m">
          <value/>
        </Data>
        <Data name="unnamed (1)">
          <value>Nashik_to_Trimbak_Establishments 3.xlsx</value>
        </Data>
        <Data name="unnamed (2)">
          <value>Sheet1</value>
        </Data>
        <Data name="unnamed (3)">
          <value><![CDATA[https://maps.google.com/?cid=2415950743041521694&g_mp=Cidnb29nbGUubWFwcy5wbGFjZXMudjEuUGxhY2VzLlNlYXJjaFRleHQQAhgEIAA]]></value>
        </Data>
        <Data name="unnamed (4)">
          <value>OPERATIONAL</value>
        </Data>
        <Data name="unnamed (5)">
          <value>2.0</value>
        </Data>
        <Data name="unnamed (6)">
          <value>general_hospital</value>
        </Data>
        <Data name="unnamed (7)">
          <value>general_hospital, hospital, health, service, point_of_interest, establishment</value>
        </Data>
        <Data name="unnamed (8)">
          <value>hospitals multispeciality hospitals clinics</value>
        </Data>
        <Data name="unnamed (9)">
          <value>Talwade Trimbak</value>
        </Data>
        <Data name="unnamed (10)">
          <value>20.03</value>
        </Data>
        <Data name="unnamed (11)">
          <value>73.66</value>
        </Data>
        <Data name="unnamed (12)">
          <value>hospitals multispeciality hospitals clinics</value>
        </Data>
      </ExtendedData>
      <Point>
        <coordinates>
          73.5317334,19.9393579,0
        </coordinates>
      </Point>
    </Placemark>
    <Placemark>
      <name>Sadguru P.P. Moredada Charitable Hospital</name>
      <description><![CDATA[Description: <br>address: <br>phoneNumber: <br>Coordinates: <br>Category: <br>Address: WHX5+C43, Trimbakeshwar, Anjaneri, Maharashtra 422213, India<br>Latitude: 19.9485046<br>Longitude: 73.5578123<br>Rating: 4.3<br>Place_ID: ChIJ0e6ETAD13TsRPpzAcbF7Cn8<br>Distance_m: <br>unnamed (1): Nashik_to_Trimbak_Establishments 3.xlsx<br>unnamed (2): Sheet1<br>unnamed (3): https://maps.google.com/?cid=9154265194631830590&g_mp=Cidnb29nbGUubWFwcy5wbGFjZXMudjEuUGxhY2VzLlNlYXJjaFRleHQQAhgEIAA<br>unnamed (4): OPERATIONAL<br>unnamed (5): 6<br>unnamed (6): hospital<br>unnamed (7): hospital, health, service, point_of_interest, establishment<br>unnamed (8): hospitals multispeciality hospitals clinics<br>unnamed (9): Talwade Trimbak<br>unnamed (10): 20.03<br>unnamed (11): 73.66<br>unnamed (12): hospitals multispeciality hospitals clinics]]></description>
      <styleUrl>#icon-1899-097138</styleUrl>
      <ExtendedData>
        <Data name="Description">
          <value/>
        </Data>
        <Data name="address">
          <value/>
        </Data>
        <Data name="phoneNumber">
          <value/>
        </Data>
        <Data name="Coordinates">
          <value/>
        </Data>
        <Data name="Category">
          <value/>
        </Data>
        <Data name="Address">
          <value>WHX5+C43, Trimbakeshwar, Anjaneri, Maharashtra 422213, India</value>
        </Data>
        <Data name="Latitude">
          <value>19.9485046</value>
        </Data>
        <Data name="Longitude">
          <value>73.5578123</value>
        </Data>
        <Data name="Rating">
          <value>4.3</value>
        </Data>
        <Data name="Place_ID">
          <value>ChIJ0e6ETAD13TsRPpzAcbF7Cn8</value>
        </Data>
        <Data name="Distance_m">
          <value/>
        </Data>
        <Data name="unnamed (1)">
          <value>Nashik_to_Trimbak_Establishments 3.xlsx</value>
        </Data>
        <Data name="unnamed (2)">
          <value>Sheet1</value>
        </Data>
        <Data name="unnamed (3)">
          <value><![CDATA[https://maps.google.com/?cid=9154265194631830590&g_mp=Cidnb29nbGUubWFwcy5wbGFjZXMudjEuUGxhY2VzLlNlYXJjaFRleHQQAhgEIAA]]></value>
        </Data>
        <Data name="unnamed (4)">
          <value>OPERATIONAL</value>
        </Data>
        <Data name="unnamed (5)">
          <value>6.0</value>
        </Data>
        <Data name="unnamed (6)">
          <value>hospital</value>
        </Data>
        <Data name="unnamed (7)">
          <value>hospital, health, service, point_of_interest, establishment</value>
        </Data>
        <Data name="unnamed (8)">
          <value>hospitals multispeciality hospitals clinics</value>
        </Data>
        <Data name="unnamed (9)">
          <value>Talwade Trimbak</value>
        </Data>
        <Data name="unnamed (10)">
          <value>20.03</value>
        </Data>
        <Data name="unnamed (11)">
          <value>73.66</value>
        </Data>
        <Data name="unnamed (12)">
          <value>hospitals multispeciality hospitals clinics</value>
        </Data>
      </ExtendedData>
      <Point>
        <coordinates>
          73.5578123,19.9485046,0
        </coordinates>
      </Point>
    </Placemark>
    <Placemark>
      <name>Shree P. P. More Dada Hospital</name>
      <description><![CDATA[Description: <br>address: <br>phoneNumber: <br>Coordinates: <br>Category: <br>Address: WGPW+X2P, Trimbak, Maharashtra 422212, India<br>Latitude: 19.9374629<br>Longitude: 73.5450717<br>Rating: 4.9<br>Place_ID: ChIJu-9fKbL03TsR5lgWbqNpHCk<br>Distance_m: <br>unnamed (1): Nashik_to_Trimbak_Establishments 3.xlsx<br>unnamed (2): Sheet1<br>unnamed (3): https://maps.google.com/?cid=2962358805550487782&g_mp=Cidnb29nbGUubWFwcy5wbGFjZXMudjEuUGxhY2VzLlNlYXJjaFRleHQQAhgEIAA<br>unnamed (4): OPERATIONAL<br>unnamed (5): 18<br>unnamed (6): hospital<br>unnamed (7): hospital, health, service, point_of_interest, establishment<br>unnamed (8): hospitals multispeciality hospitals clinics<br>unnamed (9): Talwade Trimbak<br>unnamed (10): 20.03<br>unnamed (11): 73.66<br>unnamed (12): hospitals multispeciality hospitals clinics]]></description>
      <styleUrl>#icon-1899-097138</styleUrl>
      <ExtendedData>
        <Data name="Description">
          <value/>
        </Data>
        <Data name="address">
          <value/>
        </Data>
        <Data name="phoneNumber">
          <value/>
        </Data>
        <Data name="Coordinates">
          <value/>
        </Data>
        <Data name="Category">
          <value/>
        </Data>
        <Data name="Address">
          <value>WGPW+X2P, Trimbak, Maharashtra 422212, India</value>
        </Data>
        <Data name="Latitude">
          <value>19.9374629</value>
        </Data>
        <Data name="Longitude">
          <value>73.5450717</value>
        </Data>
        <Data name="Rating">
          <value>4.9</value>
        </Data>
        <Data name="Place_ID">
          <value>ChIJu-9fKbL03TsR5lgWbqNpHCk</value>
        </Data>
        <Data name="Distance_m">
          <value/>
        </Data>
        <Data name="unnamed (1)">
          <value>Nashik_to_Trimbak_Establishments 3.xlsx</value>
        </Data>
        <Data name="unnamed (2)">
          <value>Sheet1</value>
        </Data>
        <Data name="unnamed (3)">
          <value><![CDATA[https://maps.google.com/?cid=2962358805550487782&g_mp=Cidnb29nbGUubWFwcy5wbGFjZXMudjEuUGxhY2VzLlNlYXJjaFRleHQQAhgEIAA]]></value>
        </Data>
        <Data name="unnamed (4)">
          <value>OPERATIONAL</value>
        </Data>
        <Data name="unnamed (5)">
          <value>18.0</value>
        </Data>
        <Data name="unnamed (6)">
          <value>hospital</value>
        </Data>
        <Data name="unnamed (7)">
          <value>hospital, health, service, point_of_interest, establishment</value>
        </Data>
        <Data name="unnamed (8)">
          <value>hospitals multispeciality hospitals clinics</value>
        </Data>
        <Data name="unnamed (9)">
          <value>Talwade Trimbak</value>
        </Data>
        <Data name="unnamed (10)">
          <value>20.03</value>
        </Data>
        <Data name="unnamed (11)">
          <value>73.66</value>
        </Data>
        <Data name="unnamed (12)">
          <value>hospitals multispeciality hospitals clinics</value>
        </Data>
      </ExtendedData>
      <Point>
        <coordinates>
          73.5450717,19.9374629,0
        </coordinates>
      </Point>
    </Placemark>
    <Placemark>
      <name>Sushrut Hospital</name>
      <description><![CDATA[Description: <br>address: <br>phoneNumber: <br>Coordinates: <br>Category: <br>Address: Krushna Nagar, Trimbakeshwar, Nashik, Trimbak, Maharashtra 422212, India<br>Latitude: 19.937151<br>Longitude: 73.534169<br>Rating: 4.4<br>Place_ID: ChIJ8b6SjMn03TsRdZPnIBaIb_4<br>Distance_m: <br>unnamed (1): Nashik_to_Trimbak_Establishments 3.xlsx<br>unnamed (2): Sheet1<br>unnamed (3): https://maps.google.com/?cid=18334022236671284085&g_mp=Cidnb29nbGUubWFwcy5wbGFjZXMudjEuUGxhY2VzLlNlYXJjaFRleHQQAhgEIAA<br>unnamed (4): OPERATIONAL<br>unnamed (5): 9<br>unnamed (6): hospital<br>unnamed (7): hospital, health, service, point_of_interest, establishment<br>unnamed (8): hospitals multispeciality hospitals clinics<br>unnamed (9): Talwade Trimbak<br>unnamed (10): 20.03<br>unnamed (11): 73.66<br>unnamed (12): hospitals multispeciality hospitals clinics]]></description>
      <styleUrl>#icon-1899-097138</styleUrl>
      <ExtendedData>
        <Data name="Description">
          <value/>
        </Data>
        <Data name="address">
          <value/>
        </Data>
        <Data name="phoneNumber">
          <value/>
        </Data>
        <Data name="Coordinates">
          <value/>
        </Data>
        <Data name="Category">
          <value/>
        </Data>
        <Data name="Address">
          <value>Krushna Nagar, Trimbakeshwar, Nashik, Trimbak, Maharashtra 422212, India</value>
        </Data>
        <Data name="Latitude">
          <value>19.937151</value>
        </Data>
        <Data name="Longitude">
          <value>73.534169</value>
        </Data>
        <Data name="Rating">
          <value>4.4</value>
        </Data>
        <Data name="Place_ID">
          <value>ChIJ8b6SjMn03TsRdZPnIBaIb_4</value>
        </Data>
        <Data name="Distance_m">
          <value/>
        </Data>
        <Data name="unnamed (1)">
          <value>Nashik_to_Trimbak_Establishments 3.xlsx</value>
        </Data>
        <Data name="unnamed (2)">
          <value>Sheet1</value>
        </Data>
        <Data name="unnamed (3)">
          <value><![CDATA[https://maps.google.com/?cid=18334022236671284085&g_mp=Cidnb29nbGUubWFwcy5wbGFjZXMudjEuUGxhY2VzLlNlYXJjaFRleHQQAhgEIAA]]></value>
        </Data>
        <Data name="unnamed (4)">
          <value>OPERATIONAL</value>
        </Data>
        <Data name="unnamed (5)">
          <value>9.0</value>
        </Data>
        <Data name="unnamed (6)">
          <value>hospital</value>
        </Data>
        <Data name="unnamed (7)">
          <value>hospital, health, service, point_of_interest, establishment</value>
        </Data>
        <Data name="unnamed (8)">
          <value>hospitals multispeciality hospitals clinics</value>
        </Data>
        <Data name="unnamed (9)">
          <value>Talwade Trimbak</value>
        </Data>
        <Data name="unnamed (10)">
          <value>20.03</value>
        </Data>
        <Data name="unnamed (11)">
          <value>73.66</value>
        </Data>
        <Data name="unnamed (12)">
          <value>hospitals multispeciality hospitals clinics</value>
        </Data>
      </ExtendedData>
      <Point>
        <coordinates>
          73.534169,19.937151,0
        </coordinates>
      </Point>
    </Placemark>
  </Document>
</kml>
