<?xml version="1.0" encoding="utf-8" ?>
<kml xmlns="http://www.opengis.net/kml/2.2">
<Document id="root_doc">
<Schema name="hospitals" id="hospitals">
	<SimpleField name="Category" type="string"></SimpleField>
	<SimpleField name="Address" type="string"></SimpleField>
	<SimpleField name="Latitude" type="float"></SimpleField>
	<SimpleField name="Longitude" type="float"></SimpleField>
	<SimpleField name="Rating" type="float"></SimpleField>
	<SimpleField name="Place_ID" type="string"></SimpleField>
	<SimpleField name="Distance_m" type="int"></SimpleField>
</Schema>
<Folder><name>hospitals</name>
  <Placemark id="hospitals.1">
	<name>Shree Saptashrungi Nursing Home</name>
	<ExtendedData><SchemaData schemaUrl="#hospitals">
		<SimpleData name="Category">doctor</SimpleData>
		<SimpleData name="Address">Plot No 3, Rachana Colony, 1, Jai Bhavani Rd, Adke Nagar, Nashik Road, Nashik, Maharashtra 422102, India</SimpleData>
		<SimpleData name="Latitude">19.9519991</SimpleData>
		<SimpleData name="Longitude">73.8252573</SimpleData>
		<SimpleData name="Rating">4.5</SimpleData>
		<SimpleData name="Place_ID">ChIJoXJ8pE6V3TsRP-r2EmHDaQE</SimpleData>
		<SimpleData name="Distance_m">2308</SimpleData>
	</SchemaData></ExtendedData>
      <Point><coordinates>73.8252573,19.9519991</coordinates></Point>
  </Placemark>
  <Placemark id="hospitals.2">
	<name>Dr.Trupti Kulthe (Udawant) BAMS | General Physician | Women Health | Thyroid | Diabetologist in Nashik | Vishwavinayak Clinic</name>
	<ExtendedData><SchemaData schemaUrl="#hospitals">
		<SimpleData name="Category">doctor</SimpleData>
		<SimpleData name="Address">The Cennet Appartment, Jai Bhavani Rd, Jackak Nagar, Gandhi Nagar Airport Area, Deolali Gaon, Nashik, Maharashtra 422102, India</SimpleData>
		<SimpleData name="Latitude">19.9515766</SimpleData>
		<SimpleData name="Longitude">73.8252047</SimpleData>
		<SimpleData name="Rating">4.5</SimpleData>
		<SimpleData name="Place_ID">ChIJpWQOlvmV3TsRMAqmc8xO3bo</SimpleData>
		<SimpleData name="Distance_m">2262</SimpleData>
	</SchemaData></ExtendedData>
      <Point><coordinates>73.8252047,19.9515766</coordinates></Point>
  </Placemark>
  <Placemark id="hospitals.3">
	<name>Sudharm Medical and General Store</name>
	<ExtendedData><SchemaData schemaUrl="#hospitals">
		<SimpleData name="Category">general_hospital</SimpleData>
		<SimpleData name="Address">Suman hospital, Suman Hospital Compound, Jai Bhavani Rd, Gandhi Nagar Airport Area, Nashik Road, Nashik, Maharashtra 422102, India</SimpleData>
		<SimpleData name="Latitude">19.957952</SimpleData>
		<SimpleData name="Longitude">73.82381</SimpleData>
		<SimpleData name="Rating">3.8</SimpleData>
		<SimpleData name="Place_ID">ChIJoWW5U0uV3TsR9GVEgCceTX4</SimpleData>
		<SimpleData name="Distance_m">2985</SimpleData>
	</SchemaData></ExtendedData>
      <Point><coordinates>73.82381,19.957952</coordinates></Point>
  </Placemark>
  <Placemark id="hospitals.4">
	<name>Anandghar Foundation | Rehabilitation Centre | (?????? ???????? ??????????? ??????)</name>
	<ExtendedData><SchemaData schemaUrl="#hospitals">
		<SimpleData name="Category">health</SimpleData>
		<SimpleData name="Address">Plot No:03 Jai Bhavani Road, Road, opposite Suman Hospital, Pradhan Nagar, Deolali Gaon, Nashik, Maharashtra 422101, India</SimpleData>
		<SimpleData name="Latitude">19.9580783</SimpleData>
		<SimpleData name="Longitude">73.8239838</SimpleData>
		<SimpleData name="Rating">4.6</SimpleData>
		<SimpleData name="Place_ID">ChIJx0ifVEuV3TsRVFa331DFs78</SimpleData>
		<SimpleData name="Distance_m">2996</SimpleData>
	</SchemaData></ExtendedData>
      <Point><coordinates>73.8239838,19.9580783</coordinates></Point>
  </Placemark>
  <Placemark id="hospitals.5">
	<name>Samarth Nursing Home</name>
	<ExtendedData><SchemaData schemaUrl="#hospitals">
		<SimpleData name="Category">health</SimpleData>
		<SimpleData name="Address">6,1st Floor, Jail Rd, near Wasan Bajaj Showroom, DattaMandir, Nashik Road, Nashik, Maharashtra 422101, India</SimpleData>
		<SimpleData name="Latitude">19.957857</SimpleData>
		<SimpleData name="Longitude">73.8382939</SimpleData>
		<SimpleData name="Rating">5</SimpleData>
		<SimpleData name="Place_ID">ChIJ0Wwz5lSV3TsRV9Gu2ZyMWRg</SimpleData>
		<SimpleData name="Distance_m">2314</SimpleData>
	</SchemaData></ExtendedData>
      <Point><coordinates>73.8382939,19.957857</coordinates></Point>
  </Placemark>
  <Placemark id="hospitals.6">
	<name>Parasnath Speciality Clinics | Knee and Spine Clinic in Nashik Road</name>
	<ExtendedData><SchemaData schemaUrl="#hospitals">
		<SimpleData name="Category">health</SimpleData>
		<SimpleData name="Address">2nd Floor, Anand Mall, Jail Rd, next to kothari kanya school, Kala Nagar, Government Colony, Nashik, Maharashtra 422101, India</SimpleData>
		<SimpleData name="Latitude">19.959079</SimpleData>
		<SimpleData name="Longitude">73.8390714</SimpleData>
		<SimpleData name="Rating">5</SimpleData>
		<SimpleData name="Place_ID">ChIJ8-W1y_2V3TsR2Lh0ds_Zxho</SimpleData>
		<SimpleData name="Distance_m">2277</SimpleData>
	</SchemaData></ExtendedData>
      <Point><coordinates>73.8390714,19.959079</coordinates></Point>
  </Placemark>
  <Placemark id="hospitals.7">
	<name>MEDICARE MULTISPECIALITY HOSPITAL - Dr. Ravindranath Gaikwad - Best Orthopedic Surgeon Nashik Road, Nashik</name>
	<ExtendedData><SchemaData schemaUrl="#hospitals">
		<SimpleData name="Category">hospital</SimpleData>
		<SimpleData name="Address">Medicare multispeciality Hospital 1st floor ,Gaikwad sankul, Bytco Point, above Jalgaon peoples bank, behind Regimental Plaza, Gayakhe Colony, Nashik Road, Nashik, Maharashtra 422101, India</SimpleData>
		<SimpleData name="Latitude">19.95271</SimpleData>
		<SimpleData name="Longitude">73.8357602</SimpleData>
		<SimpleData name="Rating">5</SimpleData>
		<SimpleData name="Place_ID">ChIJuwToGVaV3TsRaO9mPKRZx8A</SimpleData>
		<SimpleData name="Distance_m">2505</SimpleData>
	</SchemaData></ExtendedData>
      <Point><coordinates>73.8357602,19.95271</coordinates></Point>
  </Placemark>
  <Placemark id="hospitals.8">
	<name>Surya Nursing Home</name>
	<ExtendedData><SchemaData schemaUrl="#hospitals">
		<SimpleData name="Category">hospital</SimpleData>
		<SimpleData name="Address">XR3P+F8Q, Unnamed Road, Gayakhe Colony, Deolali Gaon, Nashik, Maharashtra 422101, India</SimpleData>
		<SimpleData name="Latitude">19.953705</SimpleData>
		<SimpleData name="Longitude">73.8358579</SimpleData>
		<SimpleData name="Rating">3.1</SimpleData>
		<SimpleData name="Place_ID">ChIJI2Yf_1OV3TsRvv376J_6Uic</SimpleData>
		<SimpleData name="Distance_m">2613</SimpleData>
	</SchemaData></ExtendedData>
      <Point><coordinates>73.8358579,19.953705</coordinates></Point>
  </Placemark>
  <Placemark id="hospitals.9">
	<name>Kulkarni&quot;s CLinic</name>
	<ExtendedData><SchemaData schemaUrl="#hospitals">
		<SimpleData name="Category">hospital</SimpleData>
		<SimpleData name="Address">XR4J+5R9, Ghadge Nagar, Gayakhe Colony, Deolali Gaon, Nashik, Maharashtra 422101, India</SimpleData>
		<SimpleData name="Latitude">19.9554201</SimpleData>
		<SimpleData name="Longitude">73.8321213</SimpleData>
		<SimpleData name="Rating">4.2</SimpleData>
		<SimpleData name="Place_ID">ChIJzTApkwOV3TsRTST2FcEi9i4</SimpleData>
		<SimpleData name="Distance_m">2705</SimpleData>
	</SchemaData></ExtendedData>
      <Point><coordinates>73.8321213,19.9554201</coordinates></Point>
  </Placemark>
  <Placemark id="hospitals.10">
	<name>Dr. Wable Maternity Hospital</name>
	<ExtendedData><SchemaData schemaUrl="#hospitals">
		<SimpleData name="Category">hospital</SimpleData>
		<SimpleData name="Address">1st floor, Dr. Wable maternity hospital, Anand Bazar, Tilak Path, above kadri, bytco point, Rajwada Nagar, Nashik Road, Nashik, Maharashtra 422101, India</SimpleData>
		<SimpleData name="Latitude">19.9526081</SimpleData>
		<SimpleData name="Longitude">73.8383853</SimpleData>
		<SimpleData name="Rating">4.9</SimpleData>
		<SimpleData name="Place_ID">ChIJFXb5FOTr3TsRNqTyOZc_3GQ</SimpleData>
		<SimpleData name="Distance_m">2596</SimpleData>
	</SchemaData></ExtendedData>
      <Point><coordinates>73.8383853,19.9526081</coordinates></Point>
  </Placemark>
  <Placemark id="hospitals.11">
	<name>Magnum Multispeciality Hospital</name>
	<ExtendedData><SchemaData schemaUrl="#hospitals">
		<SimpleData name="Category">hospital</SimpleData>
		<SimpleData name="Address">Magnum Multispeciality Hospital, Nashik - Pune Hwy, opposite Bytco College, Rosa Colony, Nashik Road, Nashik, Maharashtra 422101, India</SimpleData>
		<SimpleData name="Latitude">19.95952</SimpleData>
		<SimpleData name="Longitude">73.8310634</SimpleData>
		<SimpleData name="Rating">4.7</SimpleData>
		<SimpleData name="Place_ID">ChIJW_dxa23r3TsRKDCBBr4NsL0</SimpleData>
		<SimpleData name="Distance_m">1710</SimpleData>
	</SchemaData></ExtendedData>
      <Point><coordinates>73.8310634,19.95952</coordinates></Point>
  </Placemark>
  <Placemark id="hospitals.12">
	<name>Sujata Birla Hospital &amp; Medical Research Center</name>
	<ExtendedData><SchemaData schemaUrl="#hospitals">
		<SimpleData name="Category">hospital</SimpleData>
		<SimpleData name="Address">Opposite Bytco College, Nashik - Pune Hwy, Rosa Colony, Nashik Road, Nashik, Maharashtra 422101, India</SimpleData>
		<SimpleData name="Latitude">19.9595891</SimpleData>
		<SimpleData name="Longitude">73.8309009</SimpleData>
		<SimpleData name="Rating">4.6</SimpleData>
		<SimpleData name="Place_ID">ChIJuc3HGVSV3TsRACBMlHqRG24</SimpleData>
		<SimpleData name="Distance_m">1695</SimpleData>
	</SchemaData></ExtendedData>
      <Point><coordinates>73.8309009,19.9595891</coordinates></Point>
  </Placemark>
  <Placemark id="hospitals.13">
	<name>Mogal Hospital</name>
	<ExtendedData><SchemaData schemaUrl="#hospitals">
		<SimpleData name="Category">hospital</SimpleData>
		<SimpleData name="Address">1st Floor, Kailashdeep, Jail Rd, DattaMandir, Nashik Road, Nashik, Maharashtra 422101, India</SimpleData>
		<SimpleData name="Latitude">19.9582096</SimpleData>
		<SimpleData name="Longitude">73.8383563</SimpleData>
		<SimpleData name="Rating">4.1</SimpleData>
		<SimpleData name="Place_ID">ChIJbTTE51SV3TsRQd8lNegfreo</SimpleData>
		<SimpleData name="Distance_m">2290</SimpleData>
	</SchemaData></ExtendedData>
      <Point><coordinates>73.8383563,19.9582096</coordinates></Point>
  </Placemark>
  <Placemark id="hospitals.14">
	<name>Sahara Hospital</name>
	<ExtendedData><SchemaData schemaUrl="#hospitals">
		<SimpleData name="Category">hospital</SimpleData>
		<SimpleData name="Address">Gayakhe Colony, Nashik Road, Nashik, Maharashtra 422101, India</SimpleData>
		<SimpleData name="Latitude">19.9513593</SimpleData>
		<SimpleData name="Longitude">73.8337742</SimpleData>
		<SimpleData name="Rating">4.1</SimpleData>
		<SimpleData name="Place_ID">ChIJGx8bP8_q3TsRJ77JKK-Hl_w</SimpleData>
		<SimpleData name="Distance_m">2647</SimpleData>
	</SchemaData></ExtendedData>
      <Point><coordinates>73.8337742,19.9513593</coordinates></Point>
  </Placemark>
  <Placemark id="hospitals.15">
	<name>?????? ???????</name>
	<ExtendedData><SchemaData schemaUrl="#hospitals">
		<SimpleData name="Category">medical_clinic</SimpleData>
		<SimpleData name="Address">Palm Spring Apartment, Gaikhe Colony Rd, Ghadge Nagar, Gayakhe Colony, Deolali Gaon, Nashik, Maharashtra 422101, India</SimpleData>
		<SimpleData name="Latitude">19.9561419</SimpleData>
		<SimpleData name="Longitude">73.8282125</SimpleData>
		<SimpleData name="Rating">5</SimpleData>
		<SimpleData name="Place_ID">ChIJJTeMDk2V3TsRhB79mr1PYW4</SimpleData>
		<SimpleData name="Distance_m">2751</SimpleData>
	</SchemaData></ExtendedData>
      <Point><coordinates>73.8282125,19.9561419</coordinates></Point>
  </Placemark>
  <Placemark id="hospitals.16">
	<name>Panacea Clinic</name>
	<ExtendedData><SchemaData schemaUrl="#hospitals">
		<SimpleData name="Category">medical_clinic</SimpleData>
		<SimpleData name="Address">Gate No, 3, Jai Bhavani Rd, near Nisarg Upchar Kendra, Manohar Garden, Gandhi Nagar Airport Area, Nashik Road, Nashik, Maharashtra 422102, India</SimpleData>
		<SimpleData name="Latitude">19.9604924</SimpleData>
		<SimpleData name="Longitude">73.8221254</SimpleData>
		<SimpleData name="Rating">5</SimpleData>
		<SimpleData name="Place_ID">ChIJz8PVXKvr3TsRyIIjoFa2_qQ</SimpleData>
		<SimpleData name="Distance_m">1383</SimpleData>
	</SchemaData></ExtendedData>
      <Point><coordinates>73.8221254,19.9604924</coordinates></Point>
  </Placemark>
  <Placemark id="hospitals.17">
	<name>Chirayu clinic</name>
	<ExtendedData><SchemaData schemaUrl="#hospitals">
		<SimpleData name="Category">medical_clinic</SimpleData>
		<SimpleData name="Address">Kailasji Housing Society, Jail Rd, Panchatarani Society, Bhim Nager, Nashik, Maharashtra 422101, India</SimpleData>
		<SimpleData name="Latitude">19.9690264</SimpleData>
		<SimpleData name="Longitude">73.8397334</SimpleData>
		<SimpleData name="Rating">5</SimpleData>
		<SimpleData name="Place_ID">ChIJ3dpkJQDr3TsRoNG9lLFedK4</SimpleData>
		<SimpleData name="Distance_m">1801</SimpleData>
	</SchemaData></ExtendedData>
      <Point><coordinates>73.8397334,19.9690264</coordinates></Point>
  </Placemark>
  <Placemark id="hospitals.18">
	<name>DR GADEKAR MATERNITY HOME</name>
	<ExtendedData><SchemaData schemaUrl="#hospitals">
		<SimpleData name="Category">doctor</SimpleData>
		<SimpleData name="Address">GROUND FLOOR, Roongta Mall, Ambad - Uttam Nagar Rd, Incom Tax Colony, Cidco, Nashik, Maharashtra 422010, India</SimpleData>
		<SimpleData name="Latitude">19.9683982</SimpleData>
		<SimpleData name="Longitude">73.7533591</SimpleData>
		<SimpleData name="Rating">4.9</SimpleData>
		<SimpleData name="Place_ID">ChIJNZhKporr3TsRMS1HaRLxscQ</SimpleData>
		<SimpleData name="Distance_m">815</SimpleData>
	</SchemaData></ExtendedData>
      <Point><coordinates>73.7533591,19.9683982</coordinates></Point>
  </Placemark>
  <Placemark id="hospitals.19">
	<name>Swami Clinic And Day Care</name>
	<ExtendedData><SchemaData schemaUrl="#hospitals">
		<SimpleData name="Category">doctor</SimpleData>
		<SimpleData name="Address">Shop No 01, Mahakali Chowk, Saibaba Nagar, New, Cidco, Nashik, Maharashtra 422008, India</SimpleData>
		<SimpleData name="Latitude">19.9711746</SimpleData>
		<SimpleData name="Longitude">73.7584913</SimpleData>
		<SimpleData name="Rating">5</SimpleData>
		<SimpleData name="Place_ID">ChIJU5buqqfr3TsRro8Yg3Xlgyc</SimpleData>
		<SimpleData name="Distance_m">193</SimpleData>
	</SchemaData></ExtendedData>
      <Point><coordinates>73.7584913,19.9711746</coordinates></Point>
  </Placemark>
  <Placemark id="hospitals.20">
	<name>MATOSHREE CLINIC</name>
	<ExtendedData><SchemaData schemaUrl="#hospitals">
		<SimpleData name="Category">doctor</SimpleData>
		<SimpleData name="Address">Shop No 15 Vasudev Park Prerna Chowk Uttam Nagar, Cidco College, Cidco, Nashik, Maharashtra 422008, India</SimpleData>
		<SimpleData name="Latitude">19.9680236</SimpleData>
		<SimpleData name="Longitude">73.7563777</SimpleData>
		<SimpleData name="Rating">5</SimpleData>
		<SimpleData name="Place_ID">ChIJ_24mwkHr3TsRYaI0i_HaU-A</SimpleData>
		<SimpleData name="Distance_m">469</SimpleData>
	</SchemaData></ExtendedData>
      <Point><coordinates>73.7563777,19.9680236</coordinates></Point>
  </Placemark>
  <Placemark id="hospitals.21">
	<name>Family Care Clinic, General Physician - Dr. Shabana Maniyar</name>
	<ExtendedData><SchemaData schemaUrl="#hospitals">
		<SimpleData name="Category">doctor</SimpleData>
		<SimpleData name="Address">Shop no 02, Bunglow, no 24, Zeenat Colony, near Hareshwar Mandir, Cidco, Nashik, Maharashtra 422009, India</SimpleData>
		<SimpleData name="Latitude">19.9732052</SimpleData>
		<SimpleData name="Longitude">73.7674028</SimpleData>
		<SimpleData name="Rating">5</SimpleData>
		<SimpleData name="Place_ID">ChIJy1QZVsbr3TsRvt9uLwA3QCg</SimpleData>
		<SimpleData name="Distance_m">1093</SimpleData>
	</SchemaData></ExtendedData>
      <Point><coordinates>73.7674028,19.9732052</coordinates></Point>
  </Placemark>
  <Placemark id="hospitals.22">
	<name>AYURVEDIC CLINIC</name>
	<ExtendedData><SchemaData schemaUrl="#hospitals">
		<SimpleData name="Category">doctor</SimpleData>
		<SimpleData name="Address">Shop No 1 Beside Hire School Pawan Nagar, Rajratna Nagar, Cidco, Nashik, Maharashtra 422008, India</SimpleData>
		<SimpleData name="Latitude">19.9723048</SimpleData>
		<SimpleData name="Longitude">73.7549158</SimpleData>
		<SimpleData name="Rating">5</SimpleData>
		<SimpleData name="Place_ID">ChIJEdYbscvr3TsRzQsOZv7cINA</SimpleData>
		<SimpleData name="Distance_m">218</SimpleData>
	</SchemaData></ExtendedData>
      <Point><coordinates>73.7549158,19.9723048</coordinates></Point>
  </Placemark>
  <Placemark id="hospitals.23">
	<name>Prathamesh Clinic</name>
	<ExtendedData><SchemaData schemaUrl="#hospitals">
		<SimpleData name="Category">doctor</SimpleData>
		<SimpleData name="Address">N10-N-3-22-4, Veer Sawarkar Marg, Ganesh Chowk, Cidco, Shri Ram Colony, Nashik, Maharashtra 422009, India</SimpleData>
		<SimpleData name="Latitude">19.9692721</SimpleData>
		<SimpleData name="Longitude">73.7672787</SimpleData>
		<SimpleData name="Rating">5</SimpleData>
		<SimpleData name="Place_ID">ChIJCbTVxUbr3TsRH6LtYkpS4bQ</SimpleData>
		<SimpleData name="Distance_m">1122</SimpleData>
	</SchemaData></ExtendedData>
      <Point><coordinates>73.7672787,19.9692721</coordinates></Point>
  </Placemark>
  <Placemark id="hospitals.24">
	<name>Vardhman Clinic</name>
	<ExtendedData><SchemaData schemaUrl="#hospitals">
		<SimpleData name="Category">doctor</SimpleData>
		<SimpleData name="Address">Rana Pratap Chowk Rd, in front of Chatrapati Medical, Maharanapratap Chowk, New, Cidco, Nashik, Maharashtra 422009, India</SimpleData>
		<SimpleData name="Latitude">19.9730901</SimpleData>
		<SimpleData name="Longitude">73.7663785</SimpleData>
		<SimpleData name="Rating">5</SimpleData>
		<SimpleData name="Place_ID">ChIJJwHiakHr3TsRWnYz9wgSq84</SimpleData>
		<SimpleData name="Distance_m">985</SimpleData>
	</SchemaData></ExtendedData>
      <Point><coordinates>73.7663785,19.9730901</coordinates></Point>
  </Placemark>
  <Placemark id="hospitals.25">
	<name>Snehal Hospital</name>
	<ExtendedData><SchemaData schemaUrl="#hospitals">
		<SimpleData name="Category">general_hospital</SimpleData>
		<SimpleData name="Address">N-9 K/2/2,3 ,Rana Pratap Chowk,New, Maharanapratap Chowk, Cidco, Nashik, Maharashtra 422009, India</SimpleData>
		<SimpleData name="Latitude">19.9730287</SimpleData>
		<SimpleData name="Longitude">73.7667765</SimpleData>
		<SimpleData name="Rating">4.7</SimpleData>
		<SimpleData name="Place_ID">ChIJg2mYdUHr3TsR18DbKf83kWA</SimpleData>
		<SimpleData name="Distance_m">1026</SimpleData>
	</SchemaData></ExtendedData>
      <Point><coordinates>73.7667765,19.9730287</coordinates></Point>
  </Placemark>
  <Placemark id="hospitals.26">
	<name>SADHANA OLD AGE CARE CENTRE</name>
	<ExtendedData><SchemaData schemaUrl="#hospitals">
		<SimpleData name="Category">health</SimpleData>
		<SimpleData name="Address">Raj-vihar Building, opposite to Morwadi Vyayam shala, near Nitin Children Hospital, Saibaba Nagar, Vijaynagar, Cidco, Nashik, Maharashtra 422009, India</SimpleData>
		<SimpleData name="Latitude">19.9685269</SimpleData>
		<SimpleData name="Longitude">73.7589421</SimpleData>
		<SimpleData name="Rating">2.7</SimpleData>
		<SimpleData name="Place_ID">ChIJez0K36Lr3TsRfyMuiSzK-ps</SimpleData>
		<SimpleData name="Distance_m">768</SimpleData>
	</SchemaData></ExtendedData>
      <Point><coordinates>73.7589421,19.9685269</coordinates></Point>
  </Placemark>
  <Placemark id="hospitals.27">
	<name>Shree Sai Seva Multispeciality Hospital - |Orthopedic | Pregnancy Care | General Surgeon | Gastrointestinal surgeon</name>
	<ExtendedData><SchemaData schemaUrl="#hospitals">
		<SimpleData name="Category">hospital</SimpleData>
		<SimpleData name="Address">1st floor, B-Square, Road, uttam nagar, Pathardi Phata, Nashik, Maharashtra 422010, India</SimpleData>
		<SimpleData name="Latitude">19.964929</SimpleData>
		<SimpleData name="Longitude">73.753275</SimpleData>
		<SimpleData name="Rating">4.6</SimpleData>
		<SimpleData name="Place_ID">ChIJD6bbhH7r3TsRN48wS5XcCas</SimpleData>
		<SimpleData name="Distance_m">2231</SimpleData>
	</SchemaData></ExtendedData>
      <Point><coordinates>73.753275,19.964929</coordinates></Point>
  </Placemark>
  <Placemark id="hospitals.28">
	<name>Ashtang Multispeciality Hospital</name>
	<ExtendedData><SchemaData schemaUrl="#hospitals">
		<SimpleData name="Category">hospital</SimpleData>
		<SimpleData name="Address">Third Floor, B Square, Ambad CIDCO Link Rd, opposite Atul Sweets, Upendra Nagar Colony, Nashik, Maharashtra 422010, India</SimpleData>
		<SimpleData name="Latitude">19.9649251</SimpleData>
		<SimpleData name="Longitude">73.7532691</SimpleData>
		<SimpleData name="Rating">4.9</SimpleData>
		<SimpleData name="Place_ID">ChIJW79HIALr3TsRPm1G85TdN5s</SimpleData>
		<SimpleData name="Distance_m">2231</SimpleData>
	</SchemaData></ExtendedData>
      <Point><coordinates>73.7532691,19.9649251</coordinates></Point>
  </Placemark>
  <Placemark id="hospitals.29">
	<name>Sarkari hospital NMC</name>
	<ExtendedData><SchemaData schemaUrl="#hospitals">
		<SimpleData name="Category">hospital</SimpleData>
		<SimpleData name="Address">XQC4+4VR, Rajratna Nagar, Cidco, Nashik, Maharashtra 422008, India</SimpleData>
		<SimpleData name="Latitude">19.9702774</SimpleData>
		<SimpleData name="Longitude">73.7573821</SimpleData>
		<SimpleData name="Rating">4</SimpleData>
		<SimpleData name="Place_ID">ChIJy9DEcwDr3TsRBvL1fhVvmGA</SimpleData>
		<SimpleData name="Distance_m">1973</SimpleData>
	</SchemaData></ExtendedData>
      <Point><coordinates>73.7573821,19.9702774</coordinates></Point>
  </Placemark>
  <Placemark id="hospitals.30">
	<name>ESIC Hospital</name>
	<ExtendedData><SchemaData schemaUrl="#hospitals">
		<SimpleData name="Category">hospital</SimpleData>
		<SimpleData name="Address">XQ77+JJW, Pawan Nagar, Nashik, Maharashtra 422009, India</SimpleData>
		<SimpleData name="Latitude">19.9640121</SimpleData>
		<SimpleData name="Longitude">73.763991</SimpleData>
		<SimpleData name="Place_ID">ChIJJzrtIADr3TsRJrIExEWHrjM</SimpleData>
		<SimpleData name="Distance_m">1107</SimpleData>
	</SchemaData></ExtendedData>
      <Point><coordinates>73.763991,19.9640121</coordinates></Point>
  </Placemark>
  <Placemark id="hospitals.31">
	<name>NMC CIDCO UPHC</name>
	<ExtendedData><SchemaData schemaUrl="#hospitals">
		<SimpleData name="Category">hospital</SimpleData>
		<SimpleData name="Address">XQF9+V9C, Mahatma phule Chowk, Old Cidco, Cidco, Lekha Nagar, Nashik, Maharashtra 422009, India</SimpleData>
		<SimpleData name="Latitude">19.974698</SimpleData>
		<SimpleData name="Longitude">73.768393</SimpleData>
		<SimpleData name="Rating">4.1</SimpleData>
		<SimpleData name="Place_ID">ChIJm5dNNUDr3TsREIbOn0hwwc4</SimpleData>
		<SimpleData name="Distance_m">1469</SimpleData>
	</SchemaData></ExtendedData>
      <Point><coordinates>73.768393,19.974698</coordinates></Point>
  </Placemark>
  <Placemark id="hospitals.32">
	<name>Swami hospital</name>
	<ExtendedData><SchemaData schemaUrl="#hospitals">
		<SimpleData name="Category">hospital</SimpleData>
		<SimpleData name="Address">Vyayamshala, Rajvihar Building, Vijay Nagar Rd, opposite to Morwadi Road, Saibaba Nagar, Cidco, Nashik, Maharashtra 422009, India</SimpleData>
		<SimpleData name="Latitude">19.9685513</SimpleData>
		<SimpleData name="Longitude">73.7589065</SimpleData>
		<SimpleData name="Rating">2.5</SimpleData>
		<SimpleData name="Place_ID">ChIJ2bIBaITr3TsRiSm2mclVd-k</SimpleData>
		<SimpleData name="Distance_m">773</SimpleData>
	</SchemaData></ExtendedData>
      <Point><coordinates>73.7589065,19.9685513</coordinates></Point>
  </Placemark>
  <Placemark id="hospitals.33">
	<name>Shree Sai Nursing Home</name>
	<ExtendedData><SchemaData schemaUrl="#hospitals">
		<SimpleData name="Category">hospital</SimpleData>
		<SimpleData name="Address">XQC5+P5Q, Saibaba Nagar, Cidco, Nashik, Maharashtra 422008, India</SimpleData>
		<SimpleData name="Latitude">19.9718323</SimpleData>
		<SimpleData name="Longitude">73.7579689</SimpleData>
		<SimpleData name="Rating">4.9</SimpleData>
		<SimpleData name="Place_ID">ChIJqSSZj0jr3TsRAzG24B5z834</SimpleData>
		<SimpleData name="Distance_m">1032</SimpleData>
	</SchemaData></ExtendedData>
      <Point><coordinates>73.7579689,19.9718323</coordinates></Point>
  </Placemark>
  <Placemark id="hospitals.34">
	<name>Suyog Hospital Dr. Prakash Bhokre</name>
	<ExtendedData><SchemaData schemaUrl="#hospitals">
		<SimpleData name="Category">hospital</SimpleData>
		<SimpleData name="Address">PLOT NO. 31, MARGASIRSH SECTOR, MORWADI ROAD, BEHIND AMBAD POLICE STATION, SHRI RAM COLONY, Cidco, Nashik, Maharashtra 422009, India</SimpleData>
		<SimpleData name="Latitude">19.9668208</SimpleData>
		<SimpleData name="Longitude">73.7645644</SimpleData>
		<SimpleData name="Rating">4</SimpleData>
		<SimpleData name="Place_ID">ChIJpyXHzUXr3TsRlATw0A75lWM</SimpleData>
		<SimpleData name="Distance_m">151</SimpleData>
	</SchemaData></ExtendedData>
      <Point><coordinates>73.7645644,19.9668208</coordinates></Point>
  </Placemark>
  <Placemark id="hospitals.35">
	<name>Nitin Hospital And Medical</name>
	<ExtendedData><SchemaData schemaUrl="#hospitals">
		<SimpleData name="Category">hospital</SimpleData>
		<SimpleData name="Address">Saibaba Nagar, Cidco, Nashik, Maharashtra 422009, India</SimpleData>
		<SimpleData name="Latitude">19.9684181</SimpleData>
		<SimpleData name="Longitude">73.7591087</SimpleData>
		<SimpleData name="Rating">4</SimpleData>
		<SimpleData name="Place_ID">ChIJ3TK4Tlvr3TsRwa4fjXpLaHU</SimpleData>
		<SimpleData name="Distance_m">475</SimpleData>
	</SchemaData></ExtendedData>
      <Point><coordinates>73.7591087,19.9684181</coordinates></Point>
  </Placemark>
  <Placemark id="hospitals.36">
	<name>More Accident &amp; General Hospital</name>
	<ExtendedData><SchemaData schemaUrl="#hospitals">
		<SimpleData name="Category">hospital</SimpleData>
		<SimpleData name="Address">More Hospital,pawan nagar, Rajratna Nagar, Cidco, Nashik, Maharashtra 422008, India</SimpleData>
		<SimpleData name="Latitude">19.972797</SimpleData>
		<SimpleData name="Longitude">73.7546249</SimpleData>
		<SimpleData name="Rating">3.3</SimpleData>
		<SimpleData name="Place_ID">ChIJmdatxV3r3TsRmUxUu3syEKA</SimpleData>
		<SimpleData name="Distance_m">257</SimpleData>
	</SchemaData></ExtendedData>
      <Point><coordinates>73.7546249,19.972797</coordinates></Point>
  </Placemark>
  <Placemark id="hospitals.37">
	<name>Dr. Darade Hospital</name>
	<ExtendedData><SchemaData schemaUrl="#hospitals">
		<SimpleData name="Category">hospital</SimpleData>
		<SimpleData name="Address">Plot No 5&amp;6, Shravan Sector, Uttamnagar, Cidco College, Cidco, Nashik, Maharashtra 422008, India</SimpleData>
		<SimpleData name="Latitude">19.969211</SimpleData>
		<SimpleData name="Longitude">73.7553854</SimpleData>
		<SimpleData name="Rating">3.8</SimpleData>
		<SimpleData name="Place_ID">ChIJTfWidVzr3TsRKSxHSXxVSFY</SimpleData>
		<SimpleData name="Distance_m">373</SimpleData>
	</SchemaData></ExtendedData>
      <Point><coordinates>73.7553854,19.969211</coordinates></Point>
  </Placemark>
  <Placemark id="hospitals.38">
	<name>Samarth Hospital</name>
	<ExtendedData><SchemaData schemaUrl="#hospitals">
		<SimpleData name="Category">hospital</SimpleData>
		<SimpleData name="Address">Agra - Mumbai Hwy, near Rane Nagar Bus Stop, Swami Vivekanand Nagar, Cidco, Nashik, Maharashtra 422009, India</SimpleData>
		<SimpleData name="Latitude">19.9673088</SimpleData>
		<SimpleData name="Longitude">73.7681856</SimpleData>
		<SimpleData name="Rating">3</SimpleData>
		<SimpleData name="Place_ID">ChIJl5Z3zEXr3TsR2bweGmUDA3Q</SimpleData>
		<SimpleData name="Distance_m">1289</SimpleData>
	</SchemaData></ExtendedData>
      <Point><coordinates>73.7681856,19.9673088</coordinates></Point>
  </Placemark>
  <Placemark id="hospitals.39">
	<name>Shreenivas Multispeciality Hospital</name>
	<ExtendedData><SchemaData schemaUrl="#hospitals">
		<SimpleData name="Category">hospital</SimpleData>
		<SimpleData name="Address">State Bank Chowk, N-35, S-4, 8/1, Swami Vivekanand Nagar, New Cidco, Nashik, Maharashtra 422009, India</SimpleData>
		<SimpleData name="Latitude">19.967637</SimpleData>
		<SimpleData name="Longitude">73.7684551</SimpleData>
		<SimpleData name="Rating">4.5</SimpleData>
		<SimpleData name="Place_ID">ChIJ-XLKAUfr3TsRBVBMv6D0c-Y</SimpleData>
		<SimpleData name="Distance_m">1300</SimpleData>
	</SchemaData></ExtendedData>
      <Point><coordinates>73.7684551,19.967637</coordinates></Point>
  </Placemark>
  <Placemark id="hospitals.40">
	<name>General Hospital</name>
	<ExtendedData><SchemaData schemaUrl="#hospitals">
		<SimpleData name="Category">hospital</SimpleData>
		<SimpleData name="Address">XQF3+5V3, Rajratna Nagar, Pawan Nagar, Nashik, Maharashtra 422008, India</SimpleData>
		<SimpleData name="Latitude">19.9728894</SimpleData>
		<SimpleData name="Longitude">73.7546578</SimpleData>
		<SimpleData name="Place_ID">ChIJ__9DxF3r3TsRenU2cfEAnFo</SimpleData>
		<SimpleData name="Distance_m">256</SimpleData>
	</SchemaData></ExtendedData>
      <Point><coordinates>73.7546578,19.9728894</coordinates></Point>
  </Placemark>
  <Placemark id="hospitals.41">
	<name>Yash Hospital &amp; Nursing Home</name>
	<ExtendedData><SchemaData schemaUrl="#hospitals">
		<SimpleData name="Category">hospital</SimpleData>
		<SimpleData name="Address">XQ95+H2M, Opposite Buddhavihar, Near CIDCO College, Uttam Nagar, Nashik, Maharashtra 422008, India</SimpleData>
		<SimpleData name="Latitude">19.9689519</SimpleData>
		<SimpleData name="Longitude">73.7575349</SimpleData>
		<SimpleData name="Rating">3.5</SimpleData>
		<SimpleData name="Place_ID">ChIJ28WBY1vr3TsRCrfmKa9dl40</SimpleData>
		<SimpleData name="Distance_m">365</SimpleData>
	</SchemaData></ExtendedData>
      <Point><coordinates>73.7575349,19.9689519</coordinates></Point>
  </Placemark>
  <Placemark id="hospitals.42">
	<name>Sai Shradha Maternity and Nursing Home</name>
	<ExtendedData><SchemaData schemaUrl="#hospitals">
		<SimpleData name="Category">hospital</SimpleData>
		<SimpleData name="Address">Shop No.2, Kasihi Vishav Apartment, Near, Mahakali Rd, Saibaba Nagar, Uttam Nagar, Nashik, Maharashtra 422008, India</SimpleData>
		<SimpleData name="Latitude">19.9705513</SimpleData>
		<SimpleData name="Longitude">73.7583544</SimpleData>
		<SimpleData name="Rating">4.8</SimpleData>
		<SimpleData name="Place_ID">ChIJGUvyvlzr3TsR8vik0-PleIE</SimpleData>
		<SimpleData name="Distance_m">232</SimpleData>
	</SchemaData></ExtendedData>
      <Point><coordinates>73.7583544,19.9705513</coordinates></Point>
  </Placemark>
  <Placemark id="hospitals.43">
	<name>Rajesh Clinic</name>
	<ExtendedData><SchemaData schemaUrl="#hospitals">
		<SimpleData name="Category">medical_clinic</SimpleData>
		<SimpleData name="Address">XQ93+JF7, Ambad Link Rd, Uttam Nagar, Nashik, Maharashtra 422010, India</SimpleData>
		<SimpleData name="Latitude">19.9690298</SimpleData>
		<SimpleData name="Longitude">73.7536789</SimpleData>
		<SimpleData name="Rating">5</SimpleData>
		<SimpleData name="Place_ID">ChIJM6gj9iDr3TsRTp6vyPPq_2U</SimpleData>
		<SimpleData name="Distance_m">1313</SimpleData>
	</SchemaData></ExtendedData>
      <Point><coordinates>73.7536789,19.9690298</coordinates></Point>
  </Placemark>
  <Placemark id="hospitals.44">
	<name>AMBIKA CLINIC</name>
	<ExtendedData><SchemaData schemaUrl="#hospitals">
		<SimpleData name="Category">medical_clinic</SimpleData>
		<SimpleData name="Address">Ambad Police Station Rd, Swami Vivekanand Nagar, Shri Ram Colony, Nashik, Maharashtra 422009, India</SimpleData>
		<SimpleData name="Latitude">19.9650605</SimpleData>
		<SimpleData name="Longitude">73.7652199</SimpleData>
		<SimpleData name="Place_ID">ChIJryBYOTXr3TsRCOhyC4ouO50</SimpleData>
		<SimpleData name="Distance_m">155</SimpleData>
	</SchemaData></ExtendedData>
      <Point><coordinates>73.7652199,19.9650605</coordinates></Point>
  </Placemark>
  <Placemark id="hospitals.45">
	<name>Homeopathic Clinic - Dr Vishal Dhivar MD (Homeopathy)</name>
	<ExtendedData><SchemaData schemaUrl="#hospitals">
		<SimpleData name="Category">medical_clinic</SimpleData>
		<SimpleData name="Address">8, Umang Residency, In front of Maharashtra Bank, Devang Dairy Raje Sambhaji Stadium Road, Ashwin Nagar, Umang Residency, Cidco, Nashik, Maharashtra 422009, India</SimpleData>
		<SimpleData name="Latitude">19.9646095</SimpleData>
		<SimpleData name="Longitude">73.762134</SimpleData>
		<SimpleData name="Rating">5</SimpleData>
		<SimpleData name="Place_ID">ChIJXSZDLhXr3TsRxtTAmyKG7rg</SimpleData>
		<SimpleData name="Distance_m">436</SimpleData>
	</SchemaData></ExtendedData>
      <Point><coordinates>73.762134,19.9646095</coordinates></Point>
  </Placemark>
  <Placemark id="hospitals.46">
	<name>Dr. Shabana's Family Care Clinic</name>
	<ExtendedData><SchemaData schemaUrl="#hospitals">
		<SimpleData name="Category">medical_clinic</SimpleData>
		<SimpleData name="Address">Shop no 2, Bunglow, no 24, Zeenat Colony, opp. Hareshwar mandir, Cidco, Nashik, Maharashtra 422009, India</SimpleData>
		<SimpleData name="Latitude">19.9731284</SimpleData>
		<SimpleData name="Longitude">73.7673402</SimpleData>
		<SimpleData name="Rating">5</SimpleData>
		<SimpleData name="Place_ID">ChIJX-61SATr3TsRMtp_sd-73b8</SimpleData>
		<SimpleData name="Distance_m">774</SimpleData>
	</SchemaData></ExtendedData>
      <Point><coordinates>73.7673402,19.9731284</coordinates></Point>
  </Placemark>
  <Placemark id="hospitals.47">
	<name>STAR DIAGNOSTICS</name>
	<ExtendedData><SchemaData schemaUrl="#hospitals">
		<SimpleData name="Category">medical_clinic</SimpleData>
		<SimpleData name="Address">FL No 116 Gireen viv susaity datta Chauk CIDCO nashik near Ambad Police Station.back side, Shri Ram Colony, Nashik, Maharashtra 422009, India</SimpleData>
		<SimpleData name="Latitude">19.9699155</SimpleData>
		<SimpleData name="Longitude">73.7630528</SimpleData>
		<SimpleData name="Rating">4.7</SimpleData>
		<SimpleData name="Place_ID">ChIJ2dP0RDjr3TsRGh0wFCtrhPc</SimpleData>
		<SimpleData name="Distance_m">500</SimpleData>
	</SchemaData></ExtendedData>
      <Point><coordinates>73.7630528,19.9699155</coordinates></Point>
  </Placemark>
  <Placemark id="hospitals.48">
	<name>Sudha Clinic ,Near New Atul Dairy,Ambad Link Road,Nashik</name>
	<ExtendedData><SchemaData schemaUrl="#hospitals">
		<SimpleData name="Category">medical_clinic</SimpleData>
		<SimpleData name="Address">Sudha Clinic, mayuri Apartment, Ambad Link Rd, near new atul diary, Uttam Nagar, Nashik, Maharashtra 422010, India</SimpleData>
		<SimpleData name="Latitude">19.9647206</SimpleData>
		<SimpleData name="Longitude">73.7536927</SimpleData>
		<SimpleData name="Place_ID">ChIJM_WrvHDr3TsRJqHwxV6kU8s</SimpleData>
		<SimpleData name="Distance_m">1288</SimpleData>
	</SchemaData></ExtendedData>
      <Point><coordinates>73.7536927,19.9647206</coordinates></Point>
  </Placemark>
  <Placemark id="hospitals.49">
	<name>Dr. Shahnawaz Family Clinic</name>
	<ExtendedData><SchemaData schemaUrl="#hospitals">
		<SimpleData name="Category">medical_clinic</SimpleData>
		<SimpleData name="Address">Shop No 3, SR No 2B/1, Plot No 18, Ambad Link Rd, near Noble Medical Ganesh Chowk, Lokmanya Nagar, Chunchale Shivar, Pawan Nagar, Nashik, Maharashtra 422010, India</SimpleData>
		<SimpleData name="Latitude">19.9712469</SimpleData>
		<SimpleData name="Longitude">73.7540552</SimpleData>
		<SimpleData name="Place_ID">ChIJQ123Tt_r3TsRsNkMzi1GzSI</SimpleData>
		<SimpleData name="Distance_m">761</SimpleData>
	</SchemaData></ExtendedData>
      <Point><coordinates>73.7540552,19.9712469</coordinates></Point>
  </Placemark>
  <Placemark id="hospitals.50">
	<name>Sai Sanjeevani Clinic</name>
	<ExtendedData><SchemaData schemaUrl="#hospitals">
		<SimpleData name="Category">medical_clinic</SimpleData>
		<SimpleData name="Address">Shop No.4B,Room, Rinki sankul, 20, Ambad Link Rd, opp. 6th Scheme, Upendra Nagar Colony, Nashik, Maharashtra 422010, India</SimpleData>
		<SimpleData name="Latitude">19.966334</SimpleData>
		<SimpleData name="Longitude">73.7534687</SimpleData>
		<SimpleData name="Rating">5</SimpleData>
		<SimpleData name="Place_ID">ChIJievY31nr3TsRTuC9ZyHpo4U</SimpleData>
		<SimpleData name="Distance_m">970</SimpleData>
	</SchemaData></ExtendedData>
      <Point><coordinates>73.7534687,19.966334</coordinates></Point>
  </Placemark>
  <Placemark id="hospitals.51">
	<name>SHARADA CLINIC</name>
	<ExtendedData><SchemaData schemaUrl="#hospitals">
		<SimpleData name="Category">medical_clinic</SimpleData>
		<SimpleData name="Address">Sharada Clinic, Mahakali Rd, behind Mahakli Devi Mandir, Saibaba Nagar, Cidco, Nashik, Maharashtra 422008, India</SimpleData>
		<SimpleData name="Latitude">19.9722503</SimpleData>
		<SimpleData name="Longitude">73.7584692</SimpleData>
		<SimpleData name="Rating">4.9</SimpleData>
		<SimpleData name="Place_ID">ChIJgXhrSTLr3TsR7njZq9euwyU</SimpleData>
		<SimpleData name="Distance_m">154</SimpleData>
	</SchemaData></ExtendedData>
      <Point><coordinates>73.7584692,19.9722503</coordinates></Point>
  </Placemark>
  <Placemark id="hospitals.52">
	<name>Dr.Pagar's Clinic Near Amit Electricals Saibaba Nagar 4th Scheme Cidco Nashik Maharashtra 422009</name>
	<ExtendedData><SchemaData schemaUrl="#hospitals">
		<SimpleData name="Category">medical_clinic</SimpleData>
		<SimpleData name="Address">N42-AB2-15-6, Pavan Nagar Rd, Saibaba Nagar, Cidco, Nashik, Maharashtra 422008, India</SimpleData>
		<SimpleData name="Latitude">19.9721792</SimpleData>
		<SimpleData name="Longitude">73.7566086</SimpleData>
		<SimpleData name="Place_ID">ChIJIYagql3r3TsRmbRIRMJlw_k</SimpleData>
		<SimpleData name="Distance_m">41</SimpleData>
	</SchemaData></ExtendedData>
      <Point><coordinates>73.7566086,19.9721792</coordinates></Point>
  </Placemark>
  <Placemark id="hospitals.53">
	<name>Adishakti Clinic / ???????? ???????</name>
	<ExtendedData><SchemaData schemaUrl="#hospitals">
		<SimpleData name="Category">medical_clinic</SimpleData>
		<SimpleData name="Address">Ghuge Mala, Mahakali Chowk, Saibaba Nagar, Cidco, Nashik, Maharashtra 422008, India</SimpleData>
		<SimpleData name="Latitude">19.9710569</SimpleData>
		<SimpleData name="Longitude">73.7583078</SimpleData>
		<SimpleData name="Rating">5</SimpleData>
		<SimpleData name="Place_ID">ChIJFX3gcxnr3TsRDWZN-EiJQuU</SimpleData>
		<SimpleData name="Distance_m">187</SimpleData>
	</SchemaData></ExtendedData>
      <Point><coordinates>73.7583078,19.9710569</coordinates></Point>
  </Placemark>
  <Placemark id="hospitals.54">
	<name>SHREE SAI CLINIC</name>
	<ExtendedData><SchemaData schemaUrl="#hospitals">
		<SimpleData name="Category">medical_clinic</SimpleData>
		<SimpleData name="Address">Shop No 1, opp. swami samarth kendra, Datta Chowk, stop, Cidco, Nashik, Maharashtra 422009, India</SimpleData>
		<SimpleData name="Latitude">19.9697752</SimpleData>
		<SimpleData name="Longitude">73.7616676</SimpleData>
		<SimpleData name="Rating">5</SimpleData>
		<SimpleData name="Place_ID">ChIJZSboTznr3TsRR-vGjthDk4Q</SimpleData>
		<SimpleData name="Distance_m">557</SimpleData>
	</SchemaData></ExtendedData>
      <Point><coordinates>73.7616676,19.9697752</coordinates></Point>
  </Placemark>
  <Placemark id="hospitals.55">
	<name>Sukhakarta Clinic</name>
	<ExtendedData><SchemaData schemaUrl="#hospitals">
		<SimpleData name="Category">medical_clinic</SimpleData>
		<SimpleData name="Address">XQ95+H65, Saibaba Nagar, Vijay Nagar, Nashik, Maharashtra 422009, India</SimpleData>
		<SimpleData name="Latitude">19.9688972</SimpleData>
		<SimpleData name="Longitude">73.7581048</SimpleData>
		<SimpleData name="Rating">4.9</SimpleData>
		<SimpleData name="Place_ID">ChIJpyp6joDr3TsR_VSuu4qruN4</SimpleData>
		<SimpleData name="Distance_m">385</SimpleData>
	</SchemaData></ExtendedData>
      <Point><coordinates>73.7581048,19.9688972</coordinates></Point>
  </Placemark>
  <Placemark id="hospitals.56">
	<name>JIVAN CLINIC</name>
	<ExtendedData><SchemaData schemaUrl="#hospitals">
		<SimpleData name="Category">consultant</SimpleData>
		<SimpleData name="Address">Shop no 1, Shivam plaza, building, near Honda two wheeler showroom, near icici bank, Kala Nagar, Indira Nagar, Nashik, Maharashtra 422009, India</SimpleData>
		<SimpleData name="Latitude">19.969816</SimpleData>
		<SimpleData name="Longitude">73.781136</SimpleData>
		<SimpleData name="Rating">5</SimpleData>
		<SimpleData name="Place_ID">ChIJ5bDIEzvr3TsRWvUHJWjKT08</SimpleData>
		<SimpleData name="Distance_m">282</SimpleData>
	</SchemaData></ExtendedData>
      <Point><coordinates>73.781136,19.969816</coordinates></Point>
  </Placemark>
  <Placemark id="hospitals.57">
	<name>SAI KRUPA HOSPITAL</name>
	<ExtendedData><SchemaData schemaUrl="#hospitals">
		<SimpleData name="Category">doctor</SimpleData>
		<SimpleData name="Address">Plot No 36, near Panini Society, in front of Maruti Sweets, Mauli Nagari, Dnyaneshwar Nagar, Pathardi Phata, Nashik, Maharashtra 422009, India</SimpleData>
		<SimpleData name="Latitude">19.9553323</SimpleData>
		<SimpleData name="Longitude">73.7692264</SimpleData>
		<SimpleData name="Rating">4</SimpleData>
		<SimpleData name="Place_ID">ChIJm-L8hbzr3TsRqlKW3yNie-Q</SimpleData>
		<SimpleData name="Distance_m">997</SimpleData>
	</SchemaData></ExtendedData>
      <Point><coordinates>73.7692264,19.9553323</coordinates></Point>
  </Placemark>
  <Placemark id="hospitals.58">
	<name>Ayush clinic</name>
	<ExtendedData><SchemaData schemaUrl="#hospitals">
		<SimpleData name="Category">doctor</SimpleData>
		<SimpleData name="Address">Samarth Nagar, Dnyaneshwar Nagar, Pathardi Phata, Nashik, Maharashtra 422009, India</SimpleData>
		<SimpleData name="Latitude">19.9539335</SimpleData>
		<SimpleData name="Longitude">73.7747288</SimpleData>
		<SimpleData name="Rating">5</SimpleData>
		<SimpleData name="Place_ID">ChIJudLl-17r3TsRX54Ob1Js4Qs</SimpleData>
		<SimpleData name="Distance_m">986</SimpleData>
	</SchemaData></ExtendedData>
      <Point><coordinates>73.7747288,19.9539335</coordinates></Point>
  </Placemark>
  <Placemark id="hospitals.59">
	<name>Sanjivani Child Clinic</name>
	<ExtendedData><SchemaData schemaUrl="#hospitals">
		<SimpleData name="Category">doctor</SimpleData>
		<SimpleData name="Address">Shop No 6, Shivalik Sky Appt, opp. Gamane Ground, Nagre Nagar, Wasan Nagar, Pathardi Phata, Nashik, Maharashtra 422010, India</SimpleData>
		<SimpleData name="Latitude">19.9570442</SimpleData>
		<SimpleData name="Longitude">73.7692421</SimpleData>
		<SimpleData name="Rating">5</SimpleData>
		<SimpleData name="Place_ID">ChIJSQ3Jarfr3TsRVQ4Stme7aiY</SimpleData>
		<SimpleData name="Distance_m">844</SimpleData>
	</SchemaData></ExtendedData>
      <Point><coordinates>73.7692421,19.9570442</coordinates></Point>
  </Placemark>
  <Placemark id="hospitals.60">
	<name>CARE AND CURE CLINIC</name>
	<ExtendedData><SchemaData schemaUrl="#hospitals">
		<SimpleData name="Category">doctor</SimpleData>
		<SimpleData name="Address">Shop No 5 Park Avenue, near Gamane Ground, Mauli Nagari, Wasan Nagar, Pathardi Phata, Nashik, Maharashtra 422009, India</SimpleData>
		<SimpleData name="Latitude">19.9566562</SimpleData>
		<SimpleData name="Longitude">73.7691576</SimpleData>
		<SimpleData name="Rating">3</SimpleData>
		<SimpleData name="Place_ID">ChIJr2r2J1Tr3TsRkmMxiecTePg</SimpleData>
		<SimpleData name="Distance_m">882</SimpleData>
	</SchemaData></ExtendedData>
      <Point><coordinates>73.7691576,19.9566562</coordinates></Point>
  </Placemark>
  <Placemark id="hospitals.61">
	<name>Tejomay Health Care Clinic</name>
	<ExtendedData><SchemaData schemaUrl="#hospitals">
		<SimpleData name="Category">doctor</SimpleData>
		<SimpleData name="Address">Row House No 1, next to Mahadev Petrol Pump, Dnyaneshwar Nagar, Pathardi Phata, Nashik, Maharashtra 422009, India</SimpleData>
		<SimpleData name="Latitude">19.9546219</SimpleData>
		<SimpleData name="Longitude">73.7711289</SimpleData>
		<SimpleData name="Rating">5</SimpleData>
		<SimpleData name="Place_ID">ChIJl-Eeafrr3TsRFnA7qJ9E5Pc</SimpleData>
		<SimpleData name="Distance_m">975</SimpleData>
	</SchemaData></ExtendedData>
      <Point><coordinates>73.7711289,19.9546219</coordinates></Point>
  </Placemark>
  <Placemark id="hospitals.62">
	<name>KRUSHNA CLINIC</name>
	<ExtendedData><SchemaData schemaUrl="#hospitals">
		<SimpleData name="Category">doctor</SimpleData>
		<SimpleData name="Address">Shop No 1 Krishita Tulip Khote Mala, Pakhal Rd, Vidhate Nagar, Tirumla Nagar, Wadala Gaon, Nashik, Maharashtra 422006, India</SimpleData>
		<SimpleData name="Latitude">19.9740428</SimpleData>
		<SimpleData name="Longitude">73.7983759</SimpleData>
		<SimpleData name="Rating">3</SimpleData>
		<SimpleData name="Place_ID">ChIJ62YHbzPr3TsR5imxtv-9084</SimpleData>
		<SimpleData name="Distance_m">2161</SimpleData>
	</SchemaData></ExtendedData>
      <Point><coordinates>73.7983759,19.9740428</coordinates></Point>
  </Placemark>
  <Placemark id="hospitals.63">
	<name>Aarogyam Clinic and Health care Center</name>
	<ExtendedData><SchemaData schemaUrl="#hospitals">
		<SimpleData name="Category">doctor</SimpleData>
		<SimpleData name="Address">Shop No. 2, Guruayyapan Appartment, Khode Nagar, Tirumla Nagar, Wadala, Nashik, Maharashtra 422006, India</SimpleData>
		<SimpleData name="Latitude">19.9722518</SimpleData>
		<SimpleData name="Longitude">73.7986665</SimpleData>
		<SimpleData name="Rating">5</SimpleData>
		<SimpleData name="Place_ID">ChIJt3uhaubr3TsRLm5aJO3g518</SimpleData>
		<SimpleData name="Distance_m">2262</SimpleData>
	</SchemaData></ExtendedData>
      <Point><coordinates>73.7986665,19.9722518</coordinates></Point>
  </Placemark>
  <Placemark id="hospitals.64">
	<name>AL Karam Clinic</name>
	<ExtendedData><SchemaData schemaUrl="#hospitals">
		<SimpleData name="Category">doctor</SimpleData>
		<SimpleData name="Address">35/A/8, Wadala Rd, Wadala Gaon, Nashik, Maharashtra 422006, India</SimpleData>
		<SimpleData name="Latitude">19.96937</SimpleData>
		<SimpleData name="Longitude">73.794458</SimpleData>
		<SimpleData name="Place_ID">ChIJAYRsdv7r3TsRZfZN6vyAEPw</SimpleData>
		<SimpleData name="Distance_m">2805</SimpleData>
	</SchemaData></ExtendedData>
      <Point><coordinates>73.794458,19.96937</coordinates></Point>
  </Placemark>
  <Placemark id="hospitals.65">
	<name>Shri Vyankatesh hospital</name>
	<ExtendedData><SchemaData schemaUrl="#hospitals">
		<SimpleData name="Category">doctor</SimpleData>
		<SimpleData name="Address">Pathardi Rd, in front of bapu bunglow, Kala Nagar, Indira Nagar, Nashik, Maharashtra 422009, India</SimpleData>
		<SimpleData name="Latitude">19.9736949</SimpleData>
		<SimpleData name="Longitude">73.7860484</SimpleData>
		<SimpleData name="Rating">4.7</SimpleData>
		<SimpleData name="Place_ID">ChIJF1q9oCPr3TsRDJ7upY98Y40</SimpleData>
		<SimpleData name="Distance_m">480</SimpleData>
	</SchemaData></ExtendedData>
      <Point><coordinates>73.7860484,19.9736949</coordinates></Point>
  </Placemark>
  <Placemark id="hospitals.66">
	<name>Sarvam clinic, Dr Shrenik gugale</name>
	<ExtendedData><SchemaData schemaUrl="#hospitals">
		<SimpleData name="Category">doctor</SimpleData>
		<SimpleData name="Address">Shop number 3, balaji banagalo, Wadala - Pathardi Rd, Near rajsarthi society and Bank of Maharashtra, Indira Nagar, Nashik, Maharashtra 422009, India</SimpleData>
		<SimpleData name="Latitude">19.9705787</SimpleData>
		<SimpleData name="Longitude">73.7837606</SimpleData>
		<SimpleData name="Rating">4.9</SimpleData>
		<SimpleData name="Place_ID">ChIJV4EN3wDr3TsRrpRxdZEH8kM</SimpleData>
		<SimpleData name="Distance_m">288</SimpleData>
	</SchemaData></ExtendedData>
      <Point><coordinates>73.7837606,19.9705787</coordinates></Point>
  </Placemark>
  <Placemark id="hospitals.67">
	<name>Sarvam clinic</name>
	<ExtendedData><SchemaData schemaUrl="#hospitals">
		<SimpleData name="Category">doctor</SimpleData>
		<SimpleData name="Address">XQCM+5FW, Indira Nagar, Nashik, Maharashtra 422009, India</SimpleData>
		<SimpleData name="Latitude">19.9704958</SimpleData>
		<SimpleData name="Longitude">73.7836952</SimpleData>
		<SimpleData name="Rating">4.8</SimpleData>
		<SimpleData name="Place_ID">ChIJyxFeFMLr3TsRpsxItRF6mSQ</SimpleData>
		<SimpleData name="Distance_m">289</SimpleData>
	</SchemaData></ExtendedData>
      <Point><coordinates>73.7836952,19.9704958</coordinates></Point>
  </Placemark>
  <Placemark id="hospitals.68">
	<name>Dilasa Care Centre</name>
	<ExtendedData><SchemaData schemaUrl="#hospitals">
		<SimpleData name="Category">health</SimpleData>
		<SimpleData name="Address">C/o Parijat Hospital, Rana Pratap Chowk Rd, behind Cidco Office, near Saraswat Bank, New, Cidco, Nashik, Maharashtra 422009, India</SimpleData>
		<SimpleData name="Latitude">19.9718734</SimpleData>
		<SimpleData name="Longitude">73.7698396</SimpleData>
		<SimpleData name="Rating">4.8</SimpleData>
		<SimpleData name="Place_ID">ChIJny3H6kDr3TsRgMJ_v5cC_l0</SimpleData>
		<SimpleData name="Distance_m">744</SimpleData>
	</SchemaData></ExtendedData>
      <Point><coordinates>73.7698396,19.9718734</coordinates></Point>
  </Placemark>
  <Placemark id="hospitals.69">
	<name>Saniddhya old age care foundation</name>
	<ExtendedData><SchemaData schemaUrl="#hospitals">
		<SimpleData name="Category">health</SimpleData>
		<SimpleData name="Address">Kanifnath Nagar, Pandav Nagari, Kishor Nagar, Nashik, Maharashtra 422009, India</SimpleData>
		<SimpleData name="Latitude">19.9667181</SimpleData>
		<SimpleData name="Longitude">73.7785491</SimpleData>
		<SimpleData name="Rating">3.9</SimpleData>
		<SimpleData name="Place_ID">ChIJVaxUtL7r3TsRN6ESdy-6v0w</SimpleData>
		<SimpleData name="Distance_m">703</SimpleData>
	</SchemaData></ExtendedData>
      <Point><coordinates>73.7785491,19.9667181</coordinates></Point>
  </Placemark>
  <Placemark id="hospitals.70">
	<name>Ayuryog Ayurveda Clinic and Panchakarma Centre</name>
	<ExtendedData><SchemaData schemaUrl="#hospitals">
		<SimpleData name="Category">health</SimpleData>
		<SimpleData name="Address">Rathachakra Chowk, opposite Bank of Maharashtra, Indira Nagar, Nashik, Maharashtra 422009, India</SimpleData>
		<SimpleData name="Latitude">19.9710814</SimpleData>
		<SimpleData name="Longitude">73.7837359</SimpleData>
		<SimpleData name="Rating">5</SimpleData>
		<SimpleData name="Place_ID">ChIJqxLjryTr3TsRAbOwH2fqBKc</SimpleData>
		<SimpleData name="Distance_m">252</SimpleData>
	</SchemaData></ExtendedData>
      <Point><coordinates>73.7837359,19.9710814</coordinates></Point>
  </Placemark>
  <Placemark id="hospitals.71">
	<name>Vedic Ayurved Multispeciality Clinic And Panchakarma Center | Best Panchakarma in Nashik | Best Ayurvedic Doctor in Nashik</name>
	<ExtendedData><SchemaData schemaUrl="#hospitals">
		<SimpleData name="Category">health</SimpleData>
		<SimpleData name="Address">Charwak Chowk, Indira Nagar, Nashik, Maharashtra 422009, India</SimpleData>
		<SimpleData name="Latitude">19.9722966</SimpleData>
		<SimpleData name="Longitude">73.7814734</SimpleData>
		<SimpleData name="Rating">5</SimpleData>
		<SimpleData name="Place_ID">ChIJ_2z81TLr3TsRubBeeCO5lqQ</SimpleData>
		<SimpleData name="Distance_m">24</SimpleData>
	</SchemaData></ExtendedData>
      <Point><coordinates>73.7814734,19.9722966</coordinates></Point>
  </Placemark>
  <Placemark id="hospitals.72">
	<name>Madhavbaug Clinic - Best Cardiologist in Nashik | Diabetes Reversal | Panchkarma Treatment |</name>
	<ExtendedData><SchemaData schemaUrl="#hospitals">
		<SimpleData name="Category">health</SimpleData>
		<SimpleData name="Address">5Th Floor, Atrey Capital Building, Wadala - Pathardi Rd, above Lenskart Showroom, near Sainath Nagar Chowk, Shrijay Nagar, Indira Nagar, Nashik, Maharashtra 422009, India</SimpleData>
		<SimpleData name="Latitude">19.9751855</SimpleData>
		<SimpleData name="Longitude">73.7882249</SimpleData>
		<SimpleData name="Rating">4.9</SimpleData>
		<SimpleData name="Place_ID">ChIJWfR8pB_r3TsRLH8A5qxN1bE</SimpleData>
		<SimpleData name="Distance_m">754</SimpleData>
	</SchemaData></ExtendedData>
      <Point><coordinates>73.7882249,19.9751855</coordinates></Point>
  </Placemark>
  <Placemark id="hospitals.73">
	<name>Tatvavid Superspeciality Clinic of Ayurved &amp; Panchakarma</name>
	<ExtendedData><SchemaData schemaUrl="#hospitals">
		<SimpleData name="Category">health</SimpleData>
		<SimpleData name="Address">No. 5, Ajita Apartment, Gajanan Maharaj Mandir Rd, near Shri, Gajanan Colony, Indira Nagar, Nashik, Maharashtra 422009, India</SimpleData>
		<SimpleData name="Latitude">19.9758783</SimpleData>
		<SimpleData name="Longitude">73.7817514</SimpleData>
		<SimpleData name="Rating">5</SimpleData>
		<SimpleData name="Place_ID">ChIJGRk3tZXr3TsRn9lP6u_3A5s</SimpleData>
		<SimpleData name="Distance_m">398</SimpleData>
	</SchemaData></ExtendedData>
      <Point><coordinates>73.7817514,19.9758783</coordinates></Point>
  </Placemark>
  <Placemark id="hospitals.74">
	<name>Yogesh Clinic</name>
	<ExtendedData><SchemaData schemaUrl="#hospitals">
		<SimpleData name="Category">health</SimpleData>
		<SimpleData name="Address">1, Rishabhi Apt., Sainath Nagar Bus Stop, Indira Nagar, Nashik - 422 009, State Bank Colony, Indira Nagar, Nashik, Maharashtra 422009, India</SimpleData>
		<SimpleData name="Latitude">19.9758727</SimpleData>
		<SimpleData name="Longitude">73.7884934</SimpleData>
		<SimpleData name="Rating">4.9</SimpleData>
		<SimpleData name="Place_ID">ChIJzyVlLyLr3TsRVxL5E4SegvQ</SimpleData>
		<SimpleData name="Distance_m">814</SimpleData>
	</SchemaData></ExtendedData>
      <Point><coordinates>73.7884934,19.9758727</coordinates></Point>
  </Placemark>
  <Placemark id="hospitals.75">
	<name>Manas Hospital</name>
	<ExtendedData><SchemaData schemaUrl="#hospitals">
		<SimpleData name="Category">hospital</SimpleData>
		<SimpleData name="Address">35, Wadala - Pathardi Rd, behind Gurugobind Sing School, Pandav Nagari, Pathardi Phata, Nashik, Maharashtra 422102, India</SimpleData>
		<SimpleData name="Latitude">19.9592928</SimpleData>
		<SimpleData name="Longitude">73.7797917</SimpleData>
		<SimpleData name="Rating">4.7</SimpleData>
		<SimpleData name="Place_ID">ChIJeQ8o0jPr3TsRa6C072AI40Q</SimpleData>
		<SimpleData name="Distance_m">677</SimpleData>
	</SchemaData></ExtendedData>
      <Point><coordinates>73.7797917,19.9592928</coordinates></Point>
  </Placemark>
  <Placemark id="hospitals.76">
	<name>Life Care Hospital</name>
	<ExtendedData><SchemaData schemaUrl="#hospitals">
		<SimpleData name="Category">hospital</SimpleData>
		<SimpleData name="Address">New Nashik, Mumbai, Agra Highway, Lekha Nagar, Nashik, Maharashtra 422009, India</SimpleData>
		<SimpleData name="Latitude">19.972595</SimpleData>
		<SimpleData name="Longitude">73.7731732</SimpleData>
		<SimpleData name="Rating">4.6</SimpleData>
		<SimpleData name="Place_ID">ChIJy3piED_r3TsRXxfB8ZE5Q1Q</SimpleData>
		<SimpleData name="Distance_m">1098</SimpleData>
	</SchemaData></ExtendedData>
      <Point><coordinates>73.7731732,19.972595</coordinates></Point>
  </Placemark>
  <Placemark id="hospitals.77">
	<name>UPHC Wadala - Krantijyoti Savitribai Phule Rugnalaya</name>
	<ExtendedData><SchemaData schemaUrl="#hospitals">
		<SimpleData name="Category">hospital</SimpleData>
		<SimpleData name="Address">XQ9Q+4J8, Param Pujya Ravishankarji Marg, Sharda Vihar, Nashik, Maharashtra 422102, India</SimpleData>
		<SimpleData name="Latitude">19.9677927</SimpleData>
		<SimpleData name="Longitude">73.7890888</SimpleData>
		<SimpleData name="Rating">4.9</SimpleData>
		<SimpleData name="Place_ID">ChIJefw-T2Dr3TsRVwTVaiwNBTM</SimpleData>
		<SimpleData name="Distance_m">1623</SimpleData>
	</SchemaData></ExtendedData>
      <Point><coordinates>73.7890888,19.9677927</coordinates></Point>
  </Placemark>
  <Placemark id="hospitals.78">
	<name>SHREE HOSPITAL</name>
	<ExtendedData><SchemaData schemaUrl="#hospitals">
		<SimpleData name="Category">hospital</SimpleData>
		<SimpleData name="Address">XQ79+MWJ, Chetana nagar, Rane Nagar, Nashik, Maharashtra 422009, India</SimpleData>
		<SimpleData name="Latitude">19.9642141</SimpleData>
		<SimpleData name="Longitude">73.7697793</SimpleData>
		<SimpleData name="Rating">4.5</SimpleData>
		<SimpleData name="Place_ID">ChIJq-HKDEjr3TsRozFSoRoC-Tg</SimpleData>
		<SimpleData name="Distance_m">518</SimpleData>
	</SchemaData></ExtendedData>
      <Point><coordinates>73.7697793,19.9642141</coordinates></Point>
  </Placemark>
  <Placemark id="hospitals.79">
	<name>Medicover Hospital</name>
	<ExtendedData><SchemaData schemaUrl="#hospitals">
		<SimpleData name="Category">hospital</SimpleData>
		<SimpleData name="Address">Shree Sant Savata Mali Marg, Parab Nagar, Nashik, Maharashtra 422006, India</SimpleData>
		<SimpleData name="Latitude">19.9735114</SimpleData>
		<SimpleData name="Longitude">73.7914263</SimpleData>
		<SimpleData name="Rating">4.8</SimpleData>
		<SimpleData name="Place_ID">ChIJqci4RXvr3TsRKjy5rjfBZ9k</SimpleData>
		<SimpleData name="Distance_m">2133</SimpleData>
	</SchemaData></ExtendedData>
      <Point><coordinates>73.7914263,19.9735114</coordinates></Point>
  </Placemark>
  <Placemark id="hospitals.80">
	<name>Shrinath Criticare Hospital</name>
	<ExtendedData><SchemaData schemaUrl="#hospitals">
		<SimpleData name="Category">hospital</SimpleData>
		<SimpleData name="Address">Wadala - Pathardi Rd, opposite Samrat Sweets, near Guru Govind Singh school, Pandav Nagari, Pathardi Phata, Nashik, Maharashtra 422009, India</SimpleData>
		<SimpleData name="Latitude">19.9602337</SimpleData>
		<SimpleData name="Longitude">73.7779329</SimpleData>
		<SimpleData name="Rating">4.9</SimpleData>
		<SimpleData name="Place_ID">ChIJXWyTfyTr3TsRiUOMnAEKvG0</SimpleData>
		<SimpleData name="Distance_m">458</SimpleData>
	</SchemaData></ExtendedData>
      <Point><coordinates>73.7779329,19.9602337</coordinates></Point>
  </Placemark>
  <Placemark id="hospitals.81">
	<name>Galaxy Hospital</name>
	<ExtendedData><SchemaData schemaUrl="#hospitals">
		<SimpleData name="Category">hospital</SimpleData>
		<SimpleData name="Address">Plot No.1, Galaxy Apartment, Khode Nagar, Tirumla Nagar, Wadala, Nashik, Maharashtra 422006, India</SimpleData>
		<SimpleData name="Latitude">19.9726925</SimpleData>
		<SimpleData name="Longitude">73.7950852</SimpleData>
		<SimpleData name="Rating">4.5</SimpleData>
		<SimpleData name="Place_ID">ChIJpbAMQFLr3TsRDogCFXiaNJ8</SimpleData>
		<SimpleData name="Distance_m">2528</SimpleData>
	</SchemaData></ExtendedData>
      <Point><coordinates>73.7950852,19.9726925</coordinates></Point>
  </Placemark>
  <Placemark id="hospitals.82">
	<name>Rizwan hospital</name>
	<ExtendedData><SchemaData schemaUrl="#hospitals">
		<SimpleData name="Category">hospital</SimpleData>
		<SimpleData name="Address">XQ9V+RR6, Wadala Gaon, Nashik, Maharashtra 422006, India</SimpleData>
		<SimpleData name="Latitude">19.9695422</SimpleData>
		<SimpleData name="Longitude">73.7945035</SimpleData>
		<SimpleData name="Place_ID">ChIJCUVXgSfr3TsRe5y0_SCQqQw</SimpleData>
		<SimpleData name="Distance_m">2789</SimpleData>
	</SchemaData></ExtendedData>
      <Point><coordinates>73.7945035,19.9695422</coordinates></Point>
  </Placemark>
  <Placemark id="hospitals.83">
	<name>Gajare Maternity Hospital</name>
	<ExtendedData><SchemaData schemaUrl="#hospitals">
		<SimpleData name="Category">hospital</SimpleData>
		<SimpleData name="Address">Behind INOX, Khode Nagar, Tirumla Nagar, Wadala Gaon, Nashik, Maharashtra 422006, India</SimpleData>
		<SimpleData name="Latitude">19.9702414</SimpleData>
		<SimpleData name="Longitude">73.8007694</SimpleData>
		<SimpleData name="Rating">5</SimpleData>
		<SimpleData name="Place_ID">ChIJv1XrHNzr3TsR3K2k8kLWqXg</SimpleData>
		<SimpleData name="Distance_m">2265</SimpleData>
	</SchemaData></ExtendedData>
      <Point><coordinates>73.8007694,19.9702414</coordinates></Point>
  </Placemark>
  <Placemark id="hospitals.84">
	<name>Bhagawati Hospital</name>
	<ExtendedData><SchemaData schemaUrl="#hospitals">
		<SimpleData name="Category">hospital</SimpleData>
		<SimpleData name="Address">9, Mig Enclave, Near SBI Lekha Nagar, Cidco, Nashik, Maharashtra 422009, India</SimpleData>
		<SimpleData name="Latitude">19.9697644</SimpleData>
		<SimpleData name="Longitude">73.7699122</SimpleData>
		<SimpleData name="Rating">4.9</SimpleData>
		<SimpleData name="Place_ID">ChIJTZx8Wavr3TsR5RlTrLPI9vM</SimpleData>
		<SimpleData name="Distance_m">569</SimpleData>
	</SchemaData></ExtendedData>
      <Point><coordinates>73.7699122,19.9697644</coordinates></Point>
  </Placemark>
  <Placemark id="hospitals.85">
	<name>Shriniwas Hospital</name>
	<ExtendedData><SchemaData schemaUrl="#hospitals">
		<SimpleData name="Category">hospital</SimpleData>
		<SimpleData name="Address">Sawata Mali Road Near Vascon IT Park, Jogging Track, Indira Nagar, Nashik, Maharashtra 422006, India</SimpleData>
		<SimpleData name="Latitude">19.9746524</SimpleData>
		<SimpleData name="Longitude">73.7905405</SimpleData>
		<SimpleData name="Rating">4.9</SimpleData>
		<SimpleData name="Place_ID">ChIJmepmDSHr3TsR60-OBAWbZTs</SimpleData>
		<SimpleData name="Distance_m">2273</SimpleData>
	</SchemaData></ExtendedData>
      <Point><coordinates>73.7905405,19.9746524</coordinates></Point>
  </Placemark>
  <Placemark id="hospitals.86">
	<name>Indira nagar Nashik</name>
	<ExtendedData><SchemaData schemaUrl="#hospitals">
		<SimpleData name="Category">hospital</SimpleData>
		<SimpleData name="Address">TRENDS, Wadala - Pathardi Rd, Pandav Nagari, Sharda Vihar, Nashik, Maharashtra 422009, India</SimpleData>
		<SimpleData name="Latitude">19.9680344</SimpleData>
		<SimpleData name="Longitude">73.7818508</SimpleData>
		<SimpleData name="Rating">4</SimpleData>
		<SimpleData name="Place_ID">ChIJN88Thz_r3TsRTZ1ACxW156E</SimpleData>
		<SimpleData name="Distance_m">475</SimpleData>
	</SchemaData></ExtendedData>
      <Point><coordinates>73.7818508,19.9680344</coordinates></Point>
  </Placemark>
  <Placemark id="hospitals.87">
	<name>Anand Hospital</name>
	<ExtendedData><SchemaData schemaUrl="#hospitals">
		<SimpleData name="Category">hospital</SimpleData>
		<SimpleData name="Address">XQFP+2PC, Opp.Datta Mandir, Parab Nagar, Nashik, Maharashtra 422009, India</SimpleData>
		<SimpleData name="Latitude">19.9725642</SimpleData>
		<SimpleData name="Longitude">73.7867607</SimpleData>
		<SimpleData name="Rating">3.5</SimpleData>
		<SimpleData name="Place_ID">ChIJ9155jyPr3TsRGs_VSM2teuA</SimpleData>
		<SimpleData name="Distance_m">530</SimpleData>
	</SchemaData></ExtendedData>
      <Point><coordinates>73.7867607,19.9725642</coordinates></Point>
  </Placemark>
  <Placemark id="hospitals.88">
	<name>Shiv OM Hospital</name>
	<ExtendedData><SchemaData schemaUrl="#hospitals">
		<SimpleData name="Category">hospital</SimpleData>
		<SimpleData name="Address">Savarkar Chowk, near Shri Swami Samarth Kendra, Indira Nagar, Nashik, Maharashtra 422009, India</SimpleData>
		<SimpleData name="Latitude">19.9720849</SimpleData>
		<SimpleData name="Longitude">73.7864844</SimpleData>
		<SimpleData name="Rating">3.5</SimpleData>
		<SimpleData name="Place_ID">ChIJU83MgCPr3TsRRDf5EPbnZGU</SimpleData>
		<SimpleData name="Distance_m">501</SimpleData>
	</SchemaData></ExtendedData>
      <Point><coordinates>73.7864844,19.9720849</coordinates></Point>
  </Placemark>
  <Placemark id="hospitals.89">
	<name>M H Pawar Hospital</name>
	<ExtendedData><SchemaData schemaUrl="#hospitals">
		<SimpleData name="Category">hospital</SimpleData>
		<SimpleData name="Address">Parab Nagar, near Dutta Mandir, Indira Nagar, Nashik, Maharashtra 422009, India</SimpleData>
		<SimpleData name="Latitude">19.9725774</SimpleData>
		<SimpleData name="Longitude">73.7866876</SimpleData>
		<SimpleData name="Rating">4</SimpleData>
		<SimpleData name="Place_ID">ChIJVUh0hSPr3TsR2tvHmvkW-Gs</SimpleData>
		<SimpleData name="Distance_m">522</SimpleData>
	</SchemaData></ExtendedData>
      <Point><coordinates>73.7866876,19.9725774</coordinates></Point>
  </Placemark>
  <Placemark id="hospitals.90">
	<name>Sharayu Women's Hospital</name>
	<ExtendedData><SchemaData schemaUrl="#hospitals">
		<SimpleData name="Category">hospital</SimpleData>
		<SimpleData name="Address">Ganraj Colony, Near Indira Nagar Jogging Track, Wadala - Pathardi Rd, Indira Nagar, Nashik, Maharashtra 422009, India</SimpleData>
		<SimpleData name="Latitude">19.9750323</SimpleData>
		<SimpleData name="Longitude">73.7884264</SimpleData>
		<SimpleData name="Rating">4.8</SimpleData>
		<SimpleData name="Place_ID">ChIJ95hhKyLr3TsRsW1lxlmV-1w</SimpleData>
		<SimpleData name="Distance_m">766</SimpleData>
	</SchemaData></ExtendedData>
      <Point><coordinates>73.7884264,19.9750323</coordinates></Point>
  </Placemark>
  <Placemark id="hospitals.91">
	<name>Shatayushi Hospital</name>
	<ExtendedData><SchemaData schemaUrl="#hospitals">
		<SimpleData name="Category">hospital</SimpleData>
		<SimpleData name="Address">Wadala - Pathardi Rd, Near Bapu Bunglow, Kala Nagar, Indira Nagar, Nashik, Maharashtra 422009, India</SimpleData>
		<SimpleData name="Latitude">19.9741289</SimpleData>
		<SimpleData name="Longitude">73.786542</SimpleData>
		<SimpleData name="Rating">4.1</SimpleData>
		<SimpleData name="Place_ID">ChIJkVLqpSPr3TsRSEua6QoGCYk</SimpleData>
		<SimpleData name="Distance_m">545</SimpleData>
	</SchemaData></ExtendedData>
      <Point><coordinates>73.786542,19.9741289</coordinates></Point>
  </Placemark>
  <Placemark id="hospitals.92">
	<name>Jankalyan Hospital</name>
	<ExtendedData><SchemaData schemaUrl="#hospitals">
		<SimpleData name="Category">hospital</SimpleData>
		<SimpleData name="Address">Unnamed Road, Shiv Colony, Pandav Nagari, Sharda Vihar, Nashik, Maharashtra 422102, India</SimpleData>
		<SimpleData name="Latitude">19.9609377</SimpleData>
		<SimpleData name="Longitude">73.7810827</SimpleData>
		<SimpleData name="Rating">4.5</SimpleData>
		<SimpleData name="Place_ID">ChIJ3T53-zHr3TsRjBWdJtTnFCo</SimpleData>
		<SimpleData name="Distance_m">1265</SimpleData>
	</SchemaData></ExtendedData>
      <Point><coordinates>73.7810827,19.9609377</coordinates></Point>
  </Placemark>
  <Placemark id="hospitals.93">
	<name>PRATHAM MULTISPECIALITY HOSPITAL</name>
	<ExtendedData><SchemaData schemaUrl="#hospitals">
		<SimpleData name="Category">hospital</SimpleData>
		<SimpleData name="Address">Plot no. 1 &amp; 2-951, Sector A Sai Plaza Complex, 2nd &amp; 3rd floor Mumbai-Nashik Expy, Lekha nagar, Cidco, Nashik, Maharashtra 422009, India</SimpleData>
		<SimpleData name="Latitude">19.9719958</SimpleData>
		<SimpleData name="Longitude">73.7725913</SimpleData>
		<SimpleData name="Rating">3</SimpleData>
		<SimpleData name="Place_ID">ChIJM43lQT_r3TsR8mMHxIX0fN0</SimpleData>
		<SimpleData name="Distance_m">953</SimpleData>
	</SchemaData></ExtendedData>
      <Point><coordinates>73.7725913,19.9719958</coordinates></Point>
  </Placemark>
  <Placemark id="hospitals.94">
	<name>Tulsai Superspeciality Hospital</name>
	<ExtendedData><SchemaData schemaUrl="#hospitals">
		<SimpleData name="Category">hospital</SimpleData>
		<SimpleData name="Address">Suyojit Shiva Complex, Agra - Mumbai Hwy, Lekha Nagar, Nashik, Maharashtra 422009, India</SimpleData>
		<SimpleData name="Latitude">19.9722387</SimpleData>
		<SimpleData name="Longitude">73.7727224</SimpleData>
		<SimpleData name="Rating">4.3</SimpleData>
		<SimpleData name="Place_ID">ChIJu2Ej8RXr3TsRhKBcfDoSp0c</SimpleData>
		<SimpleData name="Distance_m">938</SimpleData>
	</SchemaData></ExtendedData>
      <Point><coordinates>73.7727224,19.9722387</coordinates></Point>
  </Placemark>
  <Placemark id="hospitals.95">
	<name>Matru Nursing Home</name>
	<ExtendedData><SchemaData schemaUrl="#hospitals">
		<SimpleData name="Category">hospital</SimpleData>
		<SimpleData name="Address">Plot no.8, MF, Magha Sector, Sunderban Colony, National Highway 3, Bhujbal Farm Rd, Shanti Nagar, Lekha Nagar, Nashik, Maharashtra 422009, India</SimpleData>
		<SimpleData name="Latitude">19.9761365</SimpleData>
		<SimpleData name="Longitude">73.7760117</SimpleData>
		<SimpleData name="Rating">4.4</SimpleData>
		<SimpleData name="Place_ID">ChIJL9DyGT7r3TsRhMI0Opkfd7E</SimpleData>
		<SimpleData name="Distance_m">732</SimpleData>
	</SchemaData></ExtendedData>
      <Point><coordinates>73.7760117,19.9761365</coordinates></Point>
  </Placemark>
  <Placemark id="hospitals.96">
	<name>Krupa Sai clinic</name>
	<ExtendedData><SchemaData schemaUrl="#hospitals">
		<SimpleData name="Category">hospital</SimpleData>
		<SimpleData name="Address">Shivaji Chowk, near Sai baba mandir, Old Cidco, Lekha Nagar, Nashik, Maharashtra 422009, India</SimpleData>
		<SimpleData name="Latitude">19.9758589</SimpleData>
		<SimpleData name="Longitude">73.7697671</SimpleData>
		<SimpleData name="Rating">5</SimpleData>
		<SimpleData name="Place_ID">ChIJvTKnsJHr3TsRgzcVv_xQoIQ</SimpleData>
		<SimpleData name="Distance_m">1395</SimpleData>
	</SchemaData></ExtendedData>
      <Point><coordinates>73.7697671,19.9758589</coordinates></Point>
  </Placemark>
  <Placemark id="hospitals.97">
	<name>Ankur Clinic</name>
	<ExtendedData><SchemaData schemaUrl="#hospitals">
		<SimpleData name="Category">medical_clinic</SimpleData>
		<SimpleData name="Address">shop no 4, Prathamesh Park Building, near maruti sweets, Pathardi Shivar, Dnyaneshwar Nagar, Pathardi Phata, Nashik, Maharashtra 422009, India</SimpleData>
		<SimpleData name="Latitude">19.9547025</SimpleData>
		<SimpleData name="Longitude">73.7690948</SimpleData>
		<SimpleData name="Place_ID">ChIJQ7HT6dLr3TsRBHoB1tmUGCc</SimpleData>
		<SimpleData name="Distance_m">1063</SimpleData>
	</SchemaData></ExtendedData>
      <Point><coordinates>73.7690948,19.9547025</coordinates></Point>
  </Placemark>
  <Placemark id="hospitals.98">
	<name>Samarth Clinic</name>
	<ExtendedData><SchemaData schemaUrl="#hospitals">
		<SimpleData name="Category">medical_clinic</SimpleData>
		<SimpleData name="Address">Shriji Aradhana, Pathardi Rd, opp. Church, Pandav Nagari, Indira Nagar, Nashik, Maharashtra 422009, India</SimpleData>
		<SimpleData name="Latitude">19.9676481</SimpleData>
		<SimpleData name="Longitude">73.7815875</SimpleData>
		<SimpleData name="Rating">5</SimpleData>
		<SimpleData name="Place_ID">ChIJdcgahTrr3TsRGTx3LJPBSFQ</SimpleData>
		<SimpleData name="Distance_m">916</SimpleData>
	</SchemaData></ExtendedData>
      <Point><coordinates>73.7815875,19.9676481</coordinates></Point>
  </Placemark>
  <Placemark id="hospitals.99">
	<name>??? ???????</name>
	<ExtendedData><SchemaData schemaUrl="#hospitals">
		<SimpleData name="Category">medical_clinic</SimpleData>
		<SimpleData name="Address">XQ9V+VQ8, Wadala Rd, Wadala Gaon, Nashik, Maharashtra 422006, India</SimpleData>
		<SimpleData name="Latitude">19.9696643</SimpleData>
		<SimpleData name="Longitude">73.7944639</SimpleData>
		<SimpleData name="Place_ID">ChIJzWTUgyfr3TsRARRN1Y9qzDM</SimpleData>
		<SimpleData name="Distance_m">2783</SimpleData>
	</SchemaData></ExtendedData>
      <Point><coordinates>73.7944639,19.9696643</coordinates></Point>
  </Placemark>
  <Placemark id="hospitals.100">
	<name>Sunflower Health Plus | Nephrology Dialysis With Maternity &amp; Nursing Home | Nashik</name>
	<ExtendedData><SchemaData schemaUrl="#hospitals">
		<SimpleData name="Category">medical_clinic</SimpleData>
		<SimpleData name="Address">Unnamed Road, Pushpanjali, Rajiv Nagar, Nashik, Maharashtra 422009, India</SimpleData>
		<SimpleData name="Latitude">19.9686476</SimpleData>
		<SimpleData name="Longitude">73.7744078</SimpleData>
		<SimpleData name="Rating">4.3</SimpleData>
		<SimpleData name="Place_ID">ChIJnVzPScPr3TsRNbQ9ZAZSrVs</SimpleData>
		<SimpleData name="Distance_m">927</SimpleData>
	</SchemaData></ExtendedData>
      <Point><coordinates>73.7744078,19.9686476</coordinates></Point>
  </Placemark>
  <Placemark id="hospitals.101">
	<name>Archit Nursing Home</name>
	<ExtendedData><SchemaData schemaUrl="#hospitals">
		<SimpleData name="Category">medical_clinic</SimpleData>
		<SimpleData name="Address">XQGQ+46C, Wadala - Pathardi Rd, opp sharma plywood center, State Bank Colony, Indira Nagar, Nashik, Maharashtra 422009, India</SimpleData>
		<SimpleData name="Latitude">19.9753217</SimpleData>
		<SimpleData name="Longitude">73.7880226</SimpleData>
		<SimpleData name="Rating">4</SimpleData>
		<SimpleData name="Place_ID">ChIJu-jecjrr3TsRKnw2VoyLHUU</SimpleData>
		<SimpleData name="Distance_m">741</SimpleData>
	</SchemaData></ExtendedData>
      <Point><coordinates>73.7880226,19.9753217</coordinates></Point>
  </Placemark>
  <Placemark id="hospitals.102">
	<name>Dr. Dhopavkar clinic</name>
	<ExtendedData><SchemaData schemaUrl="#hospitals">
		<SimpleData name="Category">medical_clinic</SimpleData>
		<SimpleData name="Address">XQCP+43H, Indira Nagar, Nashik, Maharashtra 422009, India</SimpleData>
		<SimpleData name="Latitude">19.9703191</SimpleData>
		<SimpleData name="Longitude">73.7852381</SimpleData>
		<SimpleData name="Rating">5</SimpleData>
		<SimpleData name="Place_ID">ChIJ99E7VgDr3TsR7vurZk6vqfA</SimpleData>
		<SimpleData name="Distance_m">430</SimpleData>
	</SchemaData></ExtendedData>
      <Point><coordinates>73.7852381,19.9703191</coordinates></Point>
  </Placemark>
  <Placemark id="hospitals.103">
	<name>Sharayu MultiSpeciality Clinic</name>
	<ExtendedData><SchemaData schemaUrl="#hospitals">
		<SimpleData name="Category">medical_clinic</SimpleData>
		<SimpleData name="Address">Shop no.6, Shreedarshan apt, Phatardi wadala road, Gajanan Maharaj Mandir Rd, near Gopal Food, Pandav Nagari, Indira Nagar, Nashik, Maharashtra 422009, India</SimpleData>
		<SimpleData name="Latitude">19.9649955</SimpleData>
		<SimpleData name="Longitude">73.7794702</SimpleData>
		<SimpleData name="Rating">4.4</SimpleData>
		<SimpleData name="Place_ID">ChIJXbISLU_r3TsRbQfk92NX2Bc</SimpleData>
		<SimpleData name="Distance_m">845</SimpleData>
	</SchemaData></ExtendedData>
      <Point><coordinates>73.7794702,19.9649955</coordinates></Point>
  </Placemark>
  <Placemark id="hospitals.104">
	<name>Dr Sagar Mandlik Om Health Clinic</name>
	<ExtendedData><SchemaData schemaUrl="#hospitals">
		<SimpleData name="Category">medical_clinic</SimpleData>
		<SimpleData name="Address">XQCM+7QC, Unnamed Road, Parab Nagar, Nashik, Maharashtra 422009, India</SimpleData>
		<SimpleData name="Latitude">19.9706809</SimpleData>
		<SimpleData name="Longitude">73.7843952</SimpleData>
		<SimpleData name="Rating">4.6</SimpleData>
		<SimpleData name="Place_ID">ChIJpRx67jrr3TsRgJJ_7Y3SplY</SimpleData>
		<SimpleData name="Distance_m">334</SimpleData>
	</SchemaData></ExtendedData>
      <Point><coordinates>73.7843952,19.9706809</coordinates></Point>
  </Placemark>
  <Placemark id="hospitals.105">
	<name>Unique pathology laboratory nashik (GD)</name>
	<ExtendedData><SchemaData schemaUrl="#hospitals">
		<SimpleData name="Category">medical_clinic</SimpleData>
		<SimpleData name="Address">Shop number 1 basement, nearby Patil Gardens, Pandav Nagari, Indira Nagar, Nashik, Maharashtra 422009, India</SimpleData>
		<SimpleData name="Latitude">19.9696988</SimpleData>
		<SimpleData name="Longitude">73.7799379</SimpleData>
		<SimpleData name="Rating">4.9</SimpleData>
		<SimpleData name="Place_ID">ChIJ1ZxflnLr3TsRbmfGXcKSTjM</SimpleData>
		<SimpleData name="Distance_m">343</SimpleData>
	</SchemaData></ExtendedData>
      <Point><coordinates>73.7799379,19.9696988</coordinates></Point>
  </Placemark>
  <Placemark id="hospitals.106">
	<name>Medini General &amp; Women�s Ayurved clinic</name>
	<ExtendedData><SchemaData schemaUrl="#hospitals">
		<SimpleData name="Category">medical_clinic</SimpleData>
		<SimpleData name="Address">21, Siddhivinayak Housing Society, near Gajanan maharaj Temple, opp. Vivekanand Krida Hall, Kala Nagar, Indira Nagar, Nashik, Maharashtra 422009, India</SimpleData>
		<SimpleData name="Latitude">19.9746815</SimpleData>
		<SimpleData name="Longitude">73.7845024</SimpleData>
		<SimpleData name="Rating">5</SimpleData>
		<SimpleData name="Place_ID">ChIJDb3CMvLr3TsRVo_--sa_IkI</SimpleData>
		<SimpleData name="Distance_m">395</SimpleData>
	</SchemaData></ExtendedData>
      <Point><coordinates>73.7845024,19.9746815</coordinates></Point>
  </Placemark>
  <Placemark id="hospitals.107">
	<name>Shri Samartha Swaroop Vruddhashram &amp; Care Center</name>
	<ExtendedData><SchemaData schemaUrl="#hospitals">
		<SimpleData name="Category">medical_clinic</SimpleData>
		<SimpleData name="Address">P-30, Cidco, Lekhanagar Colony, Lekha Nagar, Nashik, Maharashtra 422009, India</SimpleData>
		<SimpleData name="Latitude">19.9725034</SimpleData>
		<SimpleData name="Longitude">73.771358</SimpleData>
		<SimpleData name="Rating">5</SimpleData>
		<SimpleData name="Place_ID">ChIJA14zZwDr3TsRFdBts-eQ8TA</SimpleData>
		<SimpleData name="Distance_m">1501</SimpleData>
	</SchemaData></ExtendedData>
      <Point><coordinates>73.771358,19.9725034</coordinates></Point>
  </Placemark>
  <Placemark id="hospitals.108">
	<name>Sai Clinic</name>
	<ExtendedData><SchemaData schemaUrl="#hospitals">
		<SimpleData name="Category">medical_clinic</SimpleData>
		<SimpleData name="Address">Shop No 1, K-6, Shivaji Chowk, N-6, Old Cidco, Shanti Nagar, Lekha Nagar, Nashik, Maharashtra 422009, India</SimpleData>
		<SimpleData name="Latitude">19.9753447</SimpleData>
		<SimpleData name="Longitude">73.7715972</SimpleData>
		<SimpleData name="Rating">5</SimpleData>
		<SimpleData name="Place_ID">ChIJ3WIWjm7r3TsRaG1391zu09s</SimpleData>
		<SimpleData name="Distance_m">1565</SimpleData>
	</SchemaData></ExtendedData>
      <Point><coordinates>73.7715972,19.9753447</coordinates></Point>
  </Placemark>
  <Placemark id="hospitals.109">
	<name>RAHAT CLINIC</name>
	<ExtendedData><SchemaData schemaUrl="#hospitals">
		<SimpleData name="Category">point_of_interest</SimpleData>
		<SimpleData name="Address">XQCV+PJP, Wadala Rd, Wadala Gaon, Nashik, Maharashtra 422006, India</SimpleData>
		<SimpleData name="Latitude">19.9718294</SimpleData>
		<SimpleData name="Longitude">73.7940719</SimpleData>
		<SimpleData name="Place_ID">ChIJp64oRSfr3TsRDw6Otoujj_c</SimpleData>
		<SimpleData name="Distance_m">2670</SimpleData>
	</SchemaData></ExtendedData>
      <Point><coordinates>73.7940719,19.9718294</coordinates></Point>
  </Placemark>
  <Placemark id="hospitals.110">
	<name>Aarogyam Health Care Center</name>
	<ExtendedData><SchemaData schemaUrl="#hospitals">
		<SimpleData name="Category">store</SimpleData>
		<SimpleData name="Address">Shop No.2, Yogeshwar Dham Building, opp. Guru Govind Singh College, near Aditya Hall, Indira Nagar, Nashik, Maharashtra 422009, India</SimpleData>
		<SimpleData name="Latitude">19.9723054</SimpleData>
		<SimpleData name="Longitude">73.7816476</SimpleData>
		<SimpleData name="Rating">4.9</SimpleData>
		<SimpleData name="Place_ID">ChIJv7t8fvzr3TsRgnC3o0c5e_Q</SimpleData>
		<SimpleData name="Distance_m">6</SimpleData>
	</SchemaData></ExtendedData>
      <Point><coordinates>73.7816476,19.9723054</coordinates></Point>
  </Placemark>
  <Placemark id="hospitals.111">
	<name>Borkar Nursing Home</name>
	<ExtendedData><SchemaData schemaUrl="#hospitals">
		<SimpleData name="Category">doctor</SimpleData>
		<SimpleData name="Address">1, 2Indrakutir Apartment, Triveni Park, Jail Rd, Ashtvinayak Nagar, Nashik, Maharashtra 422101, India</SimpleData>
		<SimpleData name="Latitude">19.9726804</SimpleData>
		<SimpleData name="Longitude">73.8422656</SimpleData>
		<SimpleData name="Rating">4.8</SimpleData>
		<SimpleData name="Place_ID">ChIJ28_fvf7r3TsRxrtYrKjZlXo</SimpleData>
		<SimpleData name="Distance_m">2014</SimpleData>
	</SchemaData></ExtendedData>
      <Point><coordinates>73.8422656,19.9726804</coordinates></Point>
  </Placemark>
  <Placemark id="hospitals.112">
	<name>Arya Clinic</name>
	<ExtendedData><SchemaData schemaUrl="#hospitals">
		<SimpleData name="Category">doctor</SimpleData>
		<SimpleData name="Address">Shop No 2, Ambad Link Rd, opp. Fitness Club, DGP Nagar 2, Kamatwade, Nashik, Maharashtra 422010, India</SimpleData>
		<SimpleData name="Latitude">19.9709401</SimpleData>
		<SimpleData name="Longitude">73.7453899</SimpleData>
		<SimpleData name="Rating">4.2</SimpleData>
		<SimpleData name="Place_ID">ChIJXQvXFOrt3TsR3RrifcHqeGc</SimpleData>
		<SimpleData name="Distance_m">235</SimpleData>
	</SchemaData></ExtendedData>
      <Point><coordinates>73.7453899,19.9709401</coordinates></Point>
  </Placemark>
  <Placemark id="hospitals.113">
	<name>Dr.Snehal Gajbhiye Dange (RAJAS CLINIC)</name>
	<ExtendedData><SchemaData schemaUrl="#hospitals">
		<SimpleData name="Category">doctor</SimpleData>
		<SimpleData name="Address">Rama Society, Ambad, Murari Nagar, Nashik, Maharashtra 422010, India</SimpleData>
		<SimpleData name="Latitude">19.9729708</SimpleData>
		<SimpleData name="Longitude">73.7450512</SimpleData>
		<SimpleData name="Rating">5</SimpleData>
		<SimpleData name="Place_ID">ChIJH60knRDr3TsRhyTURhSymeI</SimpleData>
		<SimpleData name="Distance_m">200</SimpleData>
	</SchemaData></ExtendedData>
      <Point><coordinates>73.7450512,19.9729708</coordinates></Point>
  </Placemark>
  <Placemark id="hospitals.114">
	<name>RAYA CLINIC</name>
	<ExtendedData><SchemaData schemaUrl="#hospitals">
		<SimpleData name="Category">doctor</SimpleData>
		<SimpleData name="Address">Shop No 2, Narayani Appr, Ambad Link Rd, near Sonal Diairy, DGP Nagar 2, DGP Nagar, Nashik, Maharashtra 422010, India</SimpleData>
		<SimpleData name="Latitude">19.971159</SimpleData>
		<SimpleData name="Longitude">73.746043</SimpleData>
		<SimpleData name="Rating">1</SimpleData>
		<SimpleData name="Place_ID">ChIJH5jPMq3t3TsRnFI5i8iJ75o</SimpleData>
		<SimpleData name="Distance_m">174</SimpleData>
	</SchemaData></ExtendedData>
      <Point><coordinates>73.746043,19.971159</coordinates></Point>
  </Placemark>
  <Placemark id="hospitals.115">
	<name>Ayush Nursing Home</name>
	<ExtendedData><SchemaData schemaUrl="#hospitals">
		<SimpleData name="Category">health</SimpleData>
		<SimpleData name="Address">Building No. 1, Ambad Link Rd, near Uttam Nagar, Shubham Park, Mahajan Nagar, Nashik, Maharashtra 422010, India</SimpleData>
		<SimpleData name="Latitude">19.9699779</SimpleData>
		<SimpleData name="Longitude">73.7532082</SimpleData>
		<SimpleData name="Rating">4.8</SimpleData>
		<SimpleData name="Place_ID">ChIJEbnmo17r3TsRQ7NL4ytprNA</SimpleData>
		<SimpleData name="Distance_m">1388</SimpleData>
	</SchemaData></ExtendedData>
      <Point><coordinates>73.7532082,19.9699779</coordinates></Point>
  </Placemark>
  <Placemark id="hospitals.116">
	<name>Global Hospital</name>
	<ExtendedData><SchemaData schemaUrl="#hospitals">
		<SimpleData name="Category">hospital</SimpleData>
		<SimpleData name="Address">4th Floor, Suyash Chambers, Near Hotel Padma Trimurti Chwok Ambad Link Road, Abhiyanta Nagar, Kamatwade, New Nashik, 9, Nashik, Maharashtra 422008, India</SimpleData>
		<SimpleData name="Latitude">19.9768919</SimpleData>
		<SimpleData name="Longitude">73.7545925</SimpleData>
		<SimpleData name="Rating">2.9</SimpleData>
		<SimpleData name="Place_ID">ChIJ0TkuCJHr3TsR8hTYlueEChM</SimpleData>
		<SimpleData name="Distance_m">1668</SimpleData>
	</SchemaData></ExtendedData>
      <Point><coordinates>73.7545925,19.9768919</coordinates></Point>
  </Placemark>
  <Placemark id="hospitals.117">
	<name>Uma Hospital</name>
	<ExtendedData><SchemaData schemaUrl="#hospitals">
		<SimpleData name="Category">hospital</SimpleData>
		<SimpleData name="Address">XQG3+QV5, Ambad-Trimurti Chowk Link Rd, Abhiyanta Nagar, Nashik, Maharashtra 422008, India</SimpleData>
		<SimpleData name="Latitude">19.9768767</SimpleData>
		<SimpleData name="Longitude">73.7547489</SimpleData>
		<SimpleData name="Rating">4.4</SimpleData>
		<SimpleData name="Place_ID">ChIJL8GbPGfr3TsR4Z446aLXpco</SimpleData>
		<SimpleData name="Distance_m">1656</SimpleData>
	</SchemaData></ExtendedData>
      <Point><coordinates>73.7547489,19.9768767</coordinates></Point>
  </Placemark>
  <Placemark id="hospitals.118">
	<name>SHIVRAYA HOSPITAL</name>
	<ExtendedData><SchemaData schemaUrl="#hospitals">
		<SimpleData name="Category">hospital</SimpleData>
		<SimpleData name="Address">Vanashri colony, Ambad Link Rd, Ambad, Mahalakshmi Nagar, Kamatwade, Nashik, Maharashtra 422010, India</SimpleData>
		<SimpleData name="Latitude">19.9693182</SimpleData>
		<SimpleData name="Longitude">73.7447963</SimpleData>
		<SimpleData name="Rating">3.5</SimpleData>
		<SimpleData name="Place_ID">ChIJ85KmKCfr3TsR54KluilZ_Ps</SimpleData>
		<SimpleData name="Distance_m">2231</SimpleData>
	</SchemaData></ExtendedData>
      <Point><coordinates>73.7447963,19.9693182</coordinates></Point>
  </Placemark>
  <Placemark id="hospitals.119">
	<name>Maher Nursing Home,</name>
	<ExtendedData><SchemaData schemaUrl="#hospitals">
		<SimpleData name="Category">hospital</SimpleData>
		<SimpleData name="Address">Plot no-5, Survay no 303/A /3/2A, opposite Gajanan maharaj temple..Mahajan, nagar, Ambad link road, New Nashik, Jai Hind Colony, Mahajan Nagar, Nashik, Maharashtra 422010, India</SimpleData>
		<SimpleData name="Latitude">19.9662985</SimpleData>
		<SimpleData name="Longitude">73.752542</SimpleData>
		<SimpleData name="Rating">5</SimpleData>
		<SimpleData name="Place_ID">ChIJZ9SymIbr3TsREYlbrRMGw_E</SimpleData>
		<SimpleData name="Distance_m">1396</SimpleData>
	</SchemaData></ExtendedData>
      <Point><coordinates>73.752542,19.9662985</coordinates></Point>
  </Placemark>
  <Placemark id="hospitals.120">
	<name>Kalpataru Multispeciality Hospital</name>
	<ExtendedData><SchemaData schemaUrl="#hospitals">
		<SimpleData name="Category">hospital</SimpleData>
		<SimpleData name="Address">uttam nagar, bus stop, Incom Tax Colony, Mahajan Nagar, Nashik, Maharashtra 422010, India</SimpleData>
		<SimpleData name="Latitude">19.9683788</SimpleData>
		<SimpleData name="Longitude">73.7532022</SimpleData>
		<SimpleData name="Rating">3.6</SimpleData>
		<SimpleData name="Place_ID">ChIJHyXZUFnr3TsR3Njev2bIvR4</SimpleData>
		<SimpleData name="Distance_m">1347</SimpleData>
	</SchemaData></ExtendedData>
      <Point><coordinates>73.7532022,19.9683788</coordinates></Point>
  </Placemark>
  <Placemark id="hospitals.121">
	<name>Sadguru Clinic</name>
	<ExtendedData><SchemaData schemaUrl="#hospitals">
		<SimpleData name="Category">hospital</SimpleData>
		<SimpleData name="Address">XPCW+VJ3, Ambad Kamatwade Rd, Ambad, Kamatwade, Nashik, Maharashtra 422010, India</SimpleData>
		<SimpleData name="Latitude">19.9721419</SimpleData>
		<SimpleData name="Longitude">73.746561</SimpleData>
		<SimpleData name="Rating">1</SimpleData>
		<SimpleData name="Place_ID">ChIJkTTfZ6Ds3TsR4Um3vRHa60A</SimpleData>
		<SimpleData name="Distance_m">2123</SimpleData>
	</SchemaData></ExtendedData>
      <Point><coordinates>73.746561,19.9721419</coordinates></Point>
  </Placemark>
  <Placemark id="hospitals.122">
	<name>AMBAD MULTISPECIALITY HOSPITAL</name>
	<ExtendedData><SchemaData schemaUrl="#hospitals">
		<SimpleData name="Category">hospital</SimpleData>
		<SimpleData name="Address">2 ND FLOOR , TIP TOP PLAZA, XLO PAINT, AMBAD,MIDC, PROFESSOR GORKHE MARG, XLO Point, Ambedkar Nagar, AMBAD 10, Nashik, Maharashtra 422010, India</SimpleData>
		<SimpleData name="Latitude">19.9621618</SimpleData>
		<SimpleData name="Longitude">73.734749</SimpleData>
		<SimpleData name="Rating">4.7</SimpleData>
		<SimpleData name="Place_ID">ChIJkXCIKgDt3TsRZwBNI8FQ4s0</SimpleData>
		<SimpleData name="Distance_m">1713</SimpleData>
	</SchemaData></ExtendedData>
      <Point><coordinates>73.734749,19.9621618</coordinates></Point>
  </Placemark>
  <Placemark id="hospitals.123">
	<name>Seven Starz Multispecialty Hospital</name>
	<ExtendedData><SchemaData schemaUrl="#hospitals">
		<SimpleData name="Category">hospital</SimpleData>
		<SimpleData name="Address">Ambad - Uttam Nagar Rd, XLO Point, Ambedkar Nagar, Chunchale, Nashik, Maharashtra 422010, India</SimpleData>
		<SimpleData name="Latitude">19.9618478</SimpleData>
		<SimpleData name="Longitude">73.7349157</SimpleData>
		<SimpleData name="Rating">4.6</SimpleData>
		<SimpleData name="Place_ID">ChIJe8jaZ97t3TsR5VxYU-qk2O8</SimpleData>
		<SimpleData name="Distance_m">1724</SimpleData>
	</SchemaData></ExtendedData>
      <Point><coordinates>73.7349157,19.9618478</coordinates></Point>
  </Placemark>
  <Placemark id="hospitals.124">
	<name>MAYUR HOSPITAL</name>
	<ExtendedData><SchemaData schemaUrl="#hospitals">
		<SimpleData name="Category">hospital</SimpleData>
		<SimpleData name="Address">Saptashrungi Nagar, Kamatwade, Nashik, Maharashtra 422010, India</SimpleData>
		<SimpleData name="Latitude">19.9748862</SimpleData>
		<SimpleData name="Longitude">73.7468641</SimpleData>
		<SimpleData name="Rating">3.8</SimpleData>
		<SimpleData name="Place_ID">ChIJ77Dr75_s3TsRbHeE4QhPmvc</SimpleData>
		<SimpleData name="Distance_m">265</SimpleData>
	</SchemaData></ExtendedData>
      <Point><coordinates>73.7468641,19.9748862</coordinates></Point>
  </Placemark>
  <Placemark id="hospitals.125">
	<name>Jupiter Multi-speciality Hospital</name>
	<ExtendedData><SchemaData schemaUrl="#hospitals">
		<SimpleData name="Category">hospital</SimpleData>
		<SimpleData name="Address">XP6M+VV9, Professor Gorakhe Satpur Ambad Link Rd, XLO Point, Ambedkar Nagar, Chunchale, Nashik, Maharashtra 422010, India</SimpleData>
		<SimpleData name="Latitude">19.9621541</SimpleData>
		<SimpleData name="Longitude">73.7347459</SimpleData>
		<SimpleData name="Rating">4.5</SimpleData>
		<SimpleData name="Place_ID">ChIJw3KKWwDt3TsRwmFs7pr6SeA</SimpleData>
		<SimpleData name="Distance_m">1714</SimpleData>
	</SchemaData></ExtendedData>
      <Point><coordinates>73.7347459,19.9621541</coordinates></Point>
  </Placemark>
  <Placemark id="hospitals.126">
	<name>Bhamare Clinic</name>
	<ExtendedData><SchemaData schemaUrl="#hospitals">
		<SimpleData name="Category">hospital</SimpleData>
		<SimpleData name="Address">ITI Ambad Road Shop no.4,Rushikesh apartment, Ayodhya Colony, Saptashrungi Nagar, Kamatwade, Nashik, Maharashtra 422010, India</SimpleData>
		<SimpleData name="Latitude">19.9762167</SimpleData>
		<SimpleData name="Longitude">73.7471464</SimpleData>
		<SimpleData name="Rating">4.4</SimpleData>
		<SimpleData name="Place_ID">ChIJ9zDKGZ7s3TsRu0PT9wDhvUM</SimpleData>
		<SimpleData name="Distance_m">414</SimpleData>
	</SchemaData></ExtendedData>
      <Point><coordinates>73.7471464,19.9762167</coordinates></Point>
  </Placemark>
  <Placemark id="hospitals.127">
	<name>Laxmi Clinic</name>
	<ExtendedData><SchemaData schemaUrl="#hospitals">
		<SimpleData name="Category">medical_clinic</SimpleData>
		<SimpleData name="Address">Gala No.3, Ambad Link Rd, Behind Vandana Apartment,Beside Sai Raj Kirana, Saigram, Cidco, Nashik, Maharashtra 422010, India</SimpleData>
		<SimpleData name="Latitude">19.9620701</SimpleData>
		<SimpleData name="Longitude">73.7535361</SimpleData>
		<SimpleData name="Rating">5</SimpleData>
		<SimpleData name="Place_ID">ChIJKe6CtFDr3TsR08jRY45Zlhw</SimpleData>
		<SimpleData name="Distance_m">1375</SimpleData>
	</SchemaData></ExtendedData>
      <Point><coordinates>73.7535361,19.9620701</coordinates></Point>
  </Placemark>
  <Placemark id="hospitals.128">
	<name>Anand Clinic</name>
	<ExtendedData><SchemaData schemaUrl="#hospitals">
		<SimpleData name="Category">medical_clinic</SimpleData>
		<SimpleData name="Address">7, Raj Palace, Ambad, Murari Nagar, Nashik, Maharashtra 422010, India</SimpleData>
		<SimpleData name="Latitude">19.972725</SimpleData>
		<SimpleData name="Longitude">73.7463945</SimpleData>
		<SimpleData name="Rating">5</SimpleData>
		<SimpleData name="Place_ID">ChIJsbe0EqDs3TsR2dJZZVfodNg</SimpleData>
		<SimpleData name="Distance_m">2160</SimpleData>
	</SchemaData></ExtendedData>
      <Point><coordinates>73.7463945,19.972725</coordinates></Point>
  </Placemark>
  <Placemark id="hospitals.129">
	<name>Ashirwad Clinic</name>
	<ExtendedData><SchemaData schemaUrl="#hospitals">
		<SimpleData name="Category">medical_clinic</SimpleData>
		<SimpleData name="Address">Shop No. 1, Mishra Sankul, Ambad, D.G.P. -2, Krishna Nagar, MIDC Ambad, Nashik, Maharashtra 422010, India</SimpleData>
		<SimpleData name="Latitude">19.9678629</SimpleData>
		<SimpleData name="Longitude">73.7416499</SimpleData>
		<SimpleData name="Place_ID">ChIJbUpv_6Ps3TsR0nefenjPbaw</SimpleData>
		<SimpleData name="Distance_m">2540</SimpleData>
	</SchemaData></ExtendedData>
      <Point><coordinates>73.7416499,19.9678629</coordinates></Point>
  </Placemark>
  <Placemark id="hospitals.130">
	<name>Shree Balaji clinic</name>
	<ExtendedData><SchemaData schemaUrl="#hospitals">
		<SimpleData name="Category">medical_clinic</SimpleData>
		<SimpleData name="Address">XQ73+G4X, Ambad - Uttam Nagar Rd, Saigram Nagar, Ekdant Nagar, Nashik, Maharashtra 422010, India</SimpleData>
		<SimpleData name="Latitude">19.9638741</SimpleData>
		<SimpleData name="Longitude">73.7528512</SimpleData>
		<SimpleData name="Rating">5</SimpleData>
		<SimpleData name="Place_ID">ChIJXz0jcQDr3TsR8uYeX5hSoUk</SimpleData>
		<SimpleData name="Distance_m">1143</SimpleData>
	</SchemaData></ExtendedData>
      <Point><coordinates>73.7528512,19.9638741</coordinates></Point>
  </Placemark>
  <Placemark id="hospitals.131">
	<name>??????? ???????</name>
	<ExtendedData><SchemaData schemaUrl="#hospitals">
		<SimpleData name="Category">medical_clinic</SimpleData>
		<SimpleData name="Address">XPGW+4VM, ITI Ambad Link Rd, Saptashrungi Nagar, Kamatwade Gaon, Nashik, Maharashtra 422010, India</SimpleData>
		<SimpleData name="Latitude">19.9753338</SimpleData>
		<SimpleData name="Longitude">73.7471731</SimpleData>
		<SimpleData name="Place_ID">ChIJgxFP5p_s3TsR2fzTT7Ot5Zo</SimpleData>
		<SimpleData name="Distance_m">316</SimpleData>
	</SchemaData></ExtendedData>
      <Point><coordinates>73.7471731,19.9753338</coordinates></Point>
  </Placemark>
  <Placemark id="hospitals.132">
	<name>Shifa Unani Clinic</name>
	<ExtendedData><SchemaData schemaUrl="#hospitals">
		<SimpleData name="Category">doctor</SimpleData>
		<SimpleData name="Address">Shop No 1, Wadala Rd, near Aqsa Masjid, Bharat Nagar, Nashik, Maharashtra 422009, India</SimpleData>
		<SimpleData name="Latitude">19.9839879</SimpleData>
		<SimpleData name="Longitude">73.789362</SimpleData>
		<SimpleData name="Rating">5</SimpleData>
		<SimpleData name="Place_ID">ChIJSY4LY3Xr3TsRV_6u5RCzNQQ</SimpleData>
		<SimpleData name="Distance_m">2685</SimpleData>
	</SchemaData></ExtendedData>
      <Point><coordinates>73.789362,19.9839879</coordinates></Point>
  </Placemark>
  <Placemark id="hospitals.133">
	<name>Dr. Wajeda Tabassum(Shirin)</name>
	<ExtendedData><SchemaData schemaUrl="#hospitals">
		<SimpleData name="Category">doctor</SimpleData>
		<SimpleData name="Address">Plot no 16, Ammi Bunglow, Wadala Rd, Rehnuma Nagar, Nashik, Maharashtra 422011, India</SimpleData>
		<SimpleData name="Latitude">19.9824713</SimpleData>
		<SimpleData name="Longitude">73.794073</SimpleData>
		<SimpleData name="Rating">5</SimpleData>
		<SimpleData name="Place_ID">ChIJpz8Zwb_r3TsR0nE1fbSzqss</SimpleData>
		<SimpleData name="Distance_m">2214</SimpleData>
	</SchemaData></ExtendedData>
      <Point><coordinates>73.794073,19.9824713</coordinates></Point>
  </Placemark>
  <Placemark id="hospitals.134">
	<name>SUPREM MULTI SPECIALITY HOSPITAL</name>
	<ExtendedData><SchemaData schemaUrl="#hospitals">
		<SimpleData name="Category">doctor</SimpleData>
		<SimpleData name="Address">ADITYA NAGAR Ashoka Marg, r, behind IDBI ATM, Kalpataru Nagar, Nashik, Maharashtra 422011, India</SimpleData>
		<SimpleData name="Latitude">19.979821</SimpleData>
		<SimpleData name="Longitude">73.8040806</SimpleData>
		<SimpleData name="Rating">4.9</SimpleData>
		<SimpleData name="Place_ID">ChIJR2vKe0Pr3TsR86iiGxwKdqM</SimpleData>
		<SimpleData name="Distance_m">2345</SimpleData>
	</SchemaData></ExtendedData>
      <Point><coordinates>73.8040806,19.979821</coordinates></Point>
  </Placemark>
  <Placemark id="hospitals.135">
	<name>Shri Akhandajyoti Hospital | Dr Ashwin More | Gynecologist in Nashik</name>
	<ExtendedData><SchemaData schemaUrl="#hospitals">
		<SimpleData name="Category">doctor</SimpleData>
		<SimpleData name="Address">Roongta Bella Vista, Bhujbal Farm road Mumbai, Agra - Mumbai Hwy, Sadguru Nagar, Nashik, Maharashtra 422009, India</SimpleData>
		<SimpleData name="Latitude">19.9783639</SimpleData>
		<SimpleData name="Longitude">73.7781752</SimpleData>
		<SimpleData name="Rating">4.8</SimpleData>
		<SimpleData name="Place_ID">ChIJ5SuQPz7r3TsRvJMfSx38oj4</SimpleData>
		<SimpleData name="Distance_m">768</SimpleData>
	</SchemaData></ExtendedData>
      <Point><coordinates>73.7781752,19.9783639</coordinates></Point>
  </Placemark>
  <Placemark id="hospitals.136">
	<name>The Smiling Skin</name>
	<ExtendedData><SchemaData schemaUrl="#hospitals">
		<SimpleData name="Category">doctor</SimpleData>
		<SimpleData name="Address">Shop no 1,2, Rashmi Arcade, Jogging Track, near Indira Nagar Road, Sai Nath Nagar, Nashik, Maharashtra 422009, India</SimpleData>
		<SimpleData name="Latitude">19.9773238</SimpleData>
		<SimpleData name="Longitude">73.7896799</SimpleData>
		<SimpleData name="Rating">4.8</SimpleData>
		<SimpleData name="Place_ID">ChIJdc8erIDr3TsRujM5Pb4A5HE</SimpleData>
		<SimpleData name="Distance_m">1004</SimpleData>
	</SchemaData></ExtendedData>
      <Point><coordinates>73.7896799,19.9773238</coordinates></Point>
  </Placemark>
  <Placemark id="hospitals.137">
	<name>Soham Hospital</name>
	<ExtendedData><SchemaData schemaUrl="#hospitals">
		<SimpleData name="Category">general_hospital</SimpleData>
		<SimpleData name="Address">Archit sai Avenue Shree Vallabha Nagar Third Floor, Suyojit Sankul behind old Chhan Hotel Mumbai Naka, Nashik, Maharashtra 422001, Deepali Nagar, Nashik, Maharashtra 422009, India</SimpleData>
		<SimpleData name="Latitude">19.9817329</SimpleData>
		<SimpleData name="Longitude">73.7857249</SimpleData>
		<SimpleData name="Rating">3.1</SimpleData>
		<SimpleData name="Place_ID">ChIJ3_PZr6Dr3TsRdg9W2Rm6Q8k</SimpleData>
		<SimpleData name="Distance_m">2516</SimpleData>
	</SchemaData></ExtendedData>
      <Point><coordinates>73.7857249,19.9817329</coordinates></Point>
  </Placemark>
  <Placemark id="hospitals.138">
	<name>Sankalp Speciality Hospital</name>
	<ExtendedData><SchemaData schemaUrl="#hospitals">
		<SimpleData name="Category">general_hospital</SimpleData>
		<SimpleData name="Address">Agra - Mumbai Hwy, behind Chhan Hotel, Mumbai Naka, Vallabh Nagar, Nashik, Maharashtra 422009, India</SimpleData>
		<SimpleData name="Latitude">19.9831835</SimpleData>
		<SimpleData name="Longitude">73.7859701</SimpleData>
		<SimpleData name="Rating">4.8</SimpleData>
		<SimpleData name="Place_ID">ChIJ81sastHr3TsR_Ks-L6lFPG4</SimpleData>
		<SimpleData name="Distance_m">2564</SimpleData>
	</SchemaData></ExtendedData>
      <Point><coordinates>73.7859701,19.9831835</coordinates></Point>
  </Placemark>
  <Placemark id="hospitals.139">
	<name>Suvichar Hospital</name>
	<ExtendedData><SchemaData schemaUrl="#hospitals">
		<SimpleData name="Category">general_hospital</SimpleData>
		<SimpleData name="Address">Ganesh Baba Nagar, Nashik, Maharashtra 422011, India</SimpleData>
		<SimpleData name="Latitude">19.9827352</SimpleData>
		<SimpleData name="Longitude">73.8026592</SimpleData>
		<SimpleData name="Rating">4.1</SimpleData>
		<SimpleData name="Place_ID">ChIJWUkq5Obq3TsR8xI0F0OevhE</SimpleData>
		<SimpleData name="Distance_m">1158</SimpleData>
	</SchemaData></ExtendedData>
      <Point><coordinates>73.8026592,19.9827352</coordinates></Point>
  </Placemark>
  <Placemark id="hospitals.140">
	<name>Ashray Old Age Home Care And Rehabilitation Centre</name>
	<ExtendedData><SchemaData schemaUrl="#hospitals">
		<SimpleData name="Category">health</SimpleData>
		<SimpleData name="Address">om app, uttara nagar, opposite BSNL tower, behind dinesh medical rto colony road, bus stop, Nashik - Pune Hwy, Bodhale Nagar, Srinivas Colony, Uttara Nagar, Nashik, Maharashtra 422011, India</SimpleData>
		<SimpleData name="Latitude">19.9849492</SimpleData>
		<SimpleData name="Longitude">73.8067005</SimpleData>
		<SimpleData name="Rating">4.6</SimpleData>
		<SimpleData name="Place_ID">ChIJR3ESyQzr3TsR5NKrFyNp4Jw</SimpleData>
		<SimpleData name="Distance_m">936</SimpleData>
	</SchemaData></ExtendedData>
      <Point><coordinates>73.8067005,19.9849492</coordinates></Point>
  </Placemark>
  <Placemark id="hospitals.141">
	<name>SWASTHAYU</name>
	<ExtendedData><SchemaData schemaUrl="#hospitals">
		<SimpleData name="Category">health</SimpleData>
		<SimpleData name="Address">C/O Rajeev Surendra Oberoi MANGLAM VIHAR 2, FLAT NO 2, BHABHA NEAR PURANDARE HOSPITAL, Mumbai Naka, Gulshan Colony, Nashik, Maharashtra 422011, India</SimpleData>
		<SimpleData name="Latitude">19.9861914</SimpleData>
		<SimpleData name="Longitude">73.8000696</SimpleData>
		<SimpleData name="Rating">4.4</SimpleData>
		<SimpleData name="Place_ID">ChIJS6s06PLs3TsR9mxOCfZFAhI</SimpleData>
		<SimpleData name="Distance_m">1562</SimpleData>
	</SchemaData></ExtendedData>
      <Point><coordinates>73.8000696,19.9861914</coordinates></Point>
  </Placemark>
  <Placemark id="hospitals.142">
	<name>Medigram Multispeciality Hospital and Trauma Care Center</name>
	<ExtendedData><SchemaData schemaUrl="#hospitals">
		<SimpleData name="Category">health</SimpleData>
		<SimpleData name="Address">Archit Sai Avenue, 1st Floor, Mumbai Naka, Deepali Nagar, Nashik, Maharashtra 422009, India</SimpleData>
		<SimpleData name="Latitude">19.981586</SimpleData>
		<SimpleData name="Longitude">73.7856468</SimpleData>
		<SimpleData name="Rating">4</SimpleData>
		<SimpleData name="Place_ID">ChIJ34R8TBHr3TsRB5xfnaMM3WI</SimpleData>
		<SimpleData name="Distance_m">689</SimpleData>
	</SchemaData></ExtendedData>
      <Point><coordinates>73.7856468,19.981586</coordinates></Point>
  </Placemark>
  <Placemark id="hospitals.143">
	<name>Shree Mataji patient health care and bureau Nashik</name>
	<ExtendedData><SchemaData schemaUrl="#hospitals">
		<SimpleData name="Category">health</SimpleData>
		<SimpleData name="Address">shop no .G-21 mamta anand sankul, Cbs road, Nashik - Pune Hwy, near Vijay Mamta, Nashik Road, Nashik, Maharashtra 422006, India</SimpleData>
		<SimpleData name="Latitude">19.9774994</SimpleData>
		<SimpleData name="Longitude">73.8087737</SimpleData>
		<SimpleData name="Rating">4.6</SimpleData>
		<SimpleData name="Place_ID">ChIJwWTpb8Dr3TsRcFiznw789R4</SimpleData>
		<SimpleData name="Distance_m">2877</SimpleData>
	</SchemaData></ExtendedData>
      <Point><coordinates>73.8087737,19.9774994</coordinates></Point>
  </Placemark>
  <Placemark id="hospitals.144">
	<name>VED SUMAN AYURVEDIC MULTISPECIALITY AND PANCHKARMA CENTRE Nashik</name>
	<ExtendedData><SchemaData schemaUrl="#hospitals">
		<SimpleData name="Category">health</SimpleData>
		<SimpleData name="Address">Shop No. 1089 1st Floor, Roongtha Shopping Hub Apartment, Kamod Nagar, Indira Nagar, Nashik, Maharashtra 422009, India</SimpleData>
		<SimpleData name="Latitude">19.978507</SimpleData>
		<SimpleData name="Longitude">73.7795904</SimpleData>
		<SimpleData name="Rating">5</SimpleData>
		<SimpleData name="Place_ID">ChIJ10uhEkfr3TsRrysyBCNLDTo</SimpleData>
		<SimpleData name="Distance_m">725</SimpleData>
	</SchemaData></ExtendedData>
      <Point><coordinates>73.7795904,19.978507</coordinates></Point>
  </Placemark>
  <Placemark id="hospitals.145">
	<name>Janahit Hospital Private Limited (Dr. Mahesh Malu)| Top laparoscopic Surgeon in Nashik</name>
	<ExtendedData><SchemaData schemaUrl="#hospitals">
		<SimpleData name="Category">hospital</SimpleData>
		<SimpleData name="Address">Rajmata Jijau Marg, near Sagar Sweets, Govind Nagar, Nashik, Maharashtra 422009, India</SimpleData>
		<SimpleData name="Latitude">19.9817705</SimpleData>
		<SimpleData name="Longitude">73.7769568</SimpleData>
		<SimpleData name="Rating">4.8</SimpleData>
		<SimpleData name="Place_ID">ChIJS-fyOgHr3TsR7u1Mg4jATsg</SimpleData>
		<SimpleData name="Distance_m">2125</SimpleData>
	</SchemaData></ExtendedData>
      <Point><coordinates>73.7769568,19.9817705</coordinates></Point>
  </Placemark>
  <Placemark id="hospitals.146">
	<name>Opal Blue Multispeciality Hospital</name>
	<ExtendedData><SchemaData schemaUrl="#hospitals">
		<SimpleData name="Category">hospital</SimpleData>
		<SimpleData name="Address">National Highway, behind Hotel Tapsvi, near Indira Nagar Tunnel, Kamod Nagar, Indira Nagar, Mumbai, Nashik, Maharashtra 422009, India</SimpleData>
		<SimpleData name="Latitude">19.9787109</SimpleData>
		<SimpleData name="Longitude">73.7800655</SimpleData>
		<SimpleData name="Rating">4.8</SimpleData>
		<SimpleData name="Place_ID">ChIJzfNa4KHr3TsR9kup9kF2_1M</SimpleData>
		<SimpleData name="Distance_m">1862</SimpleData>
	</SchemaData></ExtendedData>
      <Point><coordinates>73.7800655,19.9787109</coordinates></Point>
  </Placemark>
  <Placemark id="hospitals.147">
	<name>Suvidha Criticare Hospital</name>
	<ExtendedData><SchemaData schemaUrl="#hospitals">
		<SimpleData name="Category">hospital</SimpleData>
		<SimpleData name="Address">Roongta Bellavista, Bhujbal farm, corner, Agra - Mumbai Hwy, Sadguru Nagar, Nashik, Maharashtra 422009, India</SimpleData>
		<SimpleData name="Latitude">19.978283</SimpleData>
		<SimpleData name="Longitude">73.7781095</SimpleData>
		<SimpleData name="Rating">4.7</SimpleData>
		<SimpleData name="Place_ID">ChIJl_czFD_r3TsRoDYmszYfmiM</SimpleData>
		<SimpleData name="Distance_m">1762</SimpleData>
	</SchemaData></ExtendedData>
      <Point><coordinates>73.7781095,19.978283</coordinates></Point>
  </Placemark>
  <Placemark id="hospitals.148">
	<name>Pioneer Hospital Nashik</name>
	<ExtendedData><SchemaData schemaUrl="#hospitals">
		<SimpleData name="Category">hospital</SimpleData>
		<SimpleData name="Address">3rd floor, Aryan Plaza, Ashoka Marg, near Sagar Sweets, Kalpataru Nagar, Nashik, Maharashtra 422011, India</SimpleData>
		<SimpleData name="Latitude">19.9794097</SimpleData>
		<SimpleData name="Longitude">73.8057354</SimpleData>
		<SimpleData name="Rating">4.7</SimpleData>
		<SimpleData name="Place_ID">ChIJU9Wz8EXr3TsRgFI6Ye70VTc</SimpleData>
		<SimpleData name="Distance_m">1150</SimpleData>
	</SchemaData></ExtendedData>
      <Point><coordinates>73.8057354,19.9794097</coordinates></Point>
  </Placemark>
  <Placemark id="hospitals.149">
	<name>Aagartakli arogyavardhini kendra</name>
	<ExtendedData><SchemaData schemaUrl="#hospitals">
		<SimpleData name="Category">hospital</SimpleData>
		<SimpleData name="Address">Gadge maharaj vasahat, Gandhi Nagar Airport Area, Nashik Road, aagartakli, Nashik, Maharashtra 422006, India</SimpleData>
		<SimpleData name="Latitude">19.9712655</SimpleData>
		<SimpleData name="Longitude">73.8095574</SimpleData>
		<SimpleData name="Place_ID">ChIJeXgLSQDr3TsRJWwGPGdFLc0</SimpleData>
		<SimpleData name="Distance_m">1692</SimpleData>
	</SchemaData></ExtendedData>
      <Point><coordinates>73.8095574,19.9712655</coordinates></Point>
  </Placemark>
  <Placemark id="hospitals.150">
	<name>Mariyam Multi-speciality Hospital</name>
	<ExtendedData><SchemaData schemaUrl="#hospitals">
		<SimpleData name="Category">hospital</SimpleData>
		<SimpleData name="Address">Mariyam Multi-speciality Hospital Green Homes, Pakhal Rd, near Ashoka School Signal, Bajrang Wadi, Rehnuma Nagar, Nashik, Maharashtra 422006, India</SimpleData>
		<SimpleData name="Latitude">19.9839571</SimpleData>
		<SimpleData name="Longitude">73.7951616</SimpleData>
		<SimpleData name="Rating">5</SimpleData>
		<SimpleData name="Place_ID">ChIJPXPMDkDr3TsRMkpy6ZO2fGU</SimpleData>
		<SimpleData name="Distance_m">2081</SimpleData>
	</SchemaData></ExtendedData>
      <Point><coordinates>73.7951616,19.9839571</coordinates></Point>
  </Placemark>
  <Placemark id="hospitals.151">
	<name>Mauli Hospital (Maternity Home)</name>
	<ExtendedData><SchemaData schemaUrl="#hospitals">
		<SimpleData name="Category">hospital</SimpleData>
		<SimpleData name="Address">Mauli Hospital , Plot No 2, Survey No 31, Gokul Nagari, 4/1-5, Pujya Sri Sri Ravishankar Marg, behind Prabhu Empire, Nashik Road, Nashik, Maharashtra 422006, India</SimpleData>
		<SimpleData name="Latitude">19.9767757</SimpleData>
		<SimpleData name="Longitude">73.806712</SimpleData>
		<SimpleData name="Rating">4.9</SimpleData>
		<SimpleData name="Place_ID">ChIJvYMWtGDr3TsRoprK6txRQnA</SimpleData>
		<SimpleData name="Distance_m">1309</SimpleData>
	</SchemaData></ExtendedData>
      <Point><coordinates>73.806712,19.9767757</coordinates></Point>
  </Placemark>
  <Placemark id="hospitals.152">
	<name>Nine Pearls Hospital</name>
	<ExtendedData><SchemaData schemaUrl="#hospitals">
		<SimpleData name="Category">hospital</SimpleData>
		<SimpleData name="Address">Plot No.01, S.No.862, 1/1/3/1, behind Chhan Hotel, Mumbai Naka, Vallabh Nagar, Nashik, Maharashtra 422009, India</SimpleData>
		<SimpleData name="Latitude">19.9839456</SimpleData>
		<SimpleData name="Longitude">73.7855119</SimpleData>
		<SimpleData name="Rating">4.5</SimpleData>
		<SimpleData name="Place_ID">ChIJ2zFKUbLr3TsRCm7iRBe9pUE</SimpleData>
		<SimpleData name="Distance_m">2837</SimpleData>
	</SchemaData></ExtendedData>
      <Point><coordinates>73.7855119,19.9839456</coordinates></Point>
  </Placemark>
  <Placemark id="hospitals.153">
	<name>Narayani Hospital</name>
	<ExtendedData><SchemaData schemaUrl="#hospitals">
		<SimpleData name="Category">hospital</SimpleData>
		<SimpleData name="Address">next to Shree Vallabh Apartment, behind Chhan Hotel, Mumbai Naka, Deepali Nagar, Nashik, Maharashtra 422009, India</SimpleData>
		<SimpleData name="Latitude">19.9833406</SimpleData>
		<SimpleData name="Longitude">73.7858433</SimpleData>
		<SimpleData name="Rating">4.7</SimpleData>
		<SimpleData name="Place_ID">ChIJuzmxGBHr3TsRc-Lw8hBje38</SimpleData>
		<SimpleData name="Distance_m">502</SimpleData>
	</SchemaData></ExtendedData>
      <Point><coordinates>73.7858433,19.9833406</coordinates></Point>
  </Placemark>
  <Placemark id="hospitals.154">
	<name>Kelkar Hospital - Orthopaedic Hospital ! Robotic Joint Replacement | Knee Replacement Specialist in Nashik</name>
	<ExtendedData><SchemaData schemaUrl="#hospitals">
		<SimpleData name="Category">hospital</SimpleData>
		<SimpleData name="Address">Ahilyadevi Holkar Rd, behind Mahamarg Bus Stand, Mumbai Naka, Gaikwad Nagar, Nashik, Maharashtra 422002, India</SimpleData>
		<SimpleData name="Latitude">19.9862901</SimpleData>
		<SimpleData name="Longitude">73.7820914</SimpleData>
		<SimpleData name="Rating">4.4</SimpleData>
		<SimpleData name="Place_ID">ChIJqVBCihDr3TsRpEV4HbgckDw</SimpleData>
		<SimpleData name="Distance_m">305</SimpleData>
	</SchemaData></ExtendedData>
      <Point><coordinates>73.7820914,19.9862901</coordinates></Point>
  </Placemark>
  <Placemark id="hospitals.155">
	<name>KRH - Soham Hospital , Nashik</name>
	<ExtendedData><SchemaData schemaUrl="#hospitals">
		<SimpleData name="Category">hospital</SimpleData>
		<SimpleData name="Address">KARE RENASCENCE HOSPITAL, Archit sai Avenue Shree Vallabha Nagar, behind old Chhan Hotel, Mumbai Naka, Deepali Nagar, Nashik, Maharashtra 422009, India</SimpleData>
		<SimpleData name="Latitude">19.9821475</SimpleData>
		<SimpleData name="Longitude">73.7857212</SimpleData>
		<SimpleData name="Rating">4.8</SimpleData>
		<SimpleData name="Place_ID">ChIJZcCqLw7r3TsROK6c0esPlto</SimpleData>
		<SimpleData name="Distance_m">628</SimpleData>
	</SchemaData></ExtendedData>
      <Point><coordinates>73.7857212,19.9821475</coordinates></Point>
  </Placemark>
  <Placemark id="hospitals.156">
	<name>Raddiant Plus Hospital, Bhujbal farm</name>
	<ExtendedData><SchemaData schemaUrl="#hospitals">
		<SimpleData name="Category">hospital</SimpleData>
		<SimpleData name="Address">4th &amp; 5th Floor, Roongta Bellvista, Mumbai Agra Service road, near Bhujbal farm, Sadguru Nagar, Nashik, Maharashtra 422009, India</SimpleData>
		<SimpleData name="Latitude">19.9783306</SimpleData>
		<SimpleData name="Longitude">73.7780066</SimpleData>
		<SimpleData name="Rating">4.7</SimpleData>
		<SimpleData name="Place_ID">ChIJ6RrMfrnr3TsRI0f2l2QU3D4</SimpleData>
		<SimpleData name="Distance_m">774</SimpleData>
	</SchemaData></ExtendedData>
      <Point><coordinates>73.7780066,19.9783306</coordinates></Point>
  </Placemark>
  <Placemark id="hospitals.157">
	<name>Apex Wellness Hospital | Cardiologist in Nashik | Best Gastroenterologist Nashik | Orthopedic Hospital in Nashik</name>
	<ExtendedData><SchemaData schemaUrl="#hospitals">
		<SimpleData name="Category">hospital</SimpleData>
		<SimpleData name="Address">SNO. 787, P NO. 187, behind Prakash Petrol Pump, Radha Vasudev Batavia Nagar, Govind Nagar, Nashik, Maharashtra 422009, India</SimpleData>
		<SimpleData name="Latitude">19.9860505</SimpleData>
		<SimpleData name="Longitude">73.7789106</SimpleData>
		<SimpleData name="Rating">3.8</SimpleData>
		<SimpleData name="Place_ID">ChIJbZvcFDfr3TsRjhhEdR6PhfE</SimpleData>
		<SimpleData name="Distance_m">1557</SimpleData>
	</SchemaData></ExtendedData>
      <Point><coordinates>73.7789106,19.9860505</coordinates></Point>
  </Placemark>
  <Placemark id="hospitals.158">
	<name>Sanjivani Clinic</name>
	<ExtendedData><SchemaData schemaUrl="#hospitals">
		<SimpleData name="Category">medical_clinic</SimpleData>
		<SimpleData name="Address">XQHR+G78, Wadala Rd, Near Vinay Nagar, Sai Nath Nagar, Nashik, Maharashtra 422006, India</SimpleData>
		<SimpleData name="Latitude">19.9787865</SimpleData>
		<SimpleData name="Longitude">73.790702</SimpleData>
		<SimpleData name="Rating">5</SimpleData>
		<SimpleData name="Place_ID">ChIJReJsAR_r3TsRywdSE2d2VxU</SimpleData>
		<SimpleData name="Distance_m">2650</SimpleData>
	</SchemaData></ExtendedData>
      <Point><coordinates>73.790702,19.9787865</coordinates></Point>
  </Placemark>
  <Placemark id="hospitals.159">
	<name>Global Homeopathy Clinic</name>
	<ExtendedData><SchemaData schemaUrl="#hospitals">
		<SimpleData name="Category">medical_clinic</SimpleData>
		<SimpleData name="Address">Shop No 1, Green Park, Wadala Rd, opp. JMCT POLYTECHNICS COLLEGE, Sai Nath Nagar, Nashik, Maharashtra 422006, India</SimpleData>
		<SimpleData name="Latitude">19.977691</SimpleData>
		<SimpleData name="Longitude">73.7926001</SimpleData>
		<SimpleData name="Rating">5</SimpleData>
		<SimpleData name="Place_ID">ChIJa-UmBzXr3TsRk3e3C9mdhXM</SimpleData>
		<SimpleData name="Distance_m">2501</SimpleData>
	</SchemaData></ExtendedData>
      <Point><coordinates>73.7926001,19.977691</coordinates></Point>
  </Placemark>
  <Placemark id="hospitals.160">
	<name>SIGMA CLINIC NASHIK</name>
	<ExtendedData><SchemaData schemaUrl="#hospitals">
		<SimpleData name="Category">medical_clinic</SimpleData>
		<SimpleData name="Address">Shop no. 5, Skyline nexus Apartment, Pakhal Rd, opposite to sumanchandra apartment, Royal Colony, Rehnuma Nagar, Nashik, Maharashtra 422011, India</SimpleData>
		<SimpleData name="Latitude">19.9835948</SimpleData>
		<SimpleData name="Longitude">73.7950897</SimpleData>
		<SimpleData name="Rating">5</SimpleData>
		<SimpleData name="Place_ID">ChIJKaKxXh3r3TsRgeKMeS_qst8</SimpleData>
		<SimpleData name="Distance_m">1443</SimpleData>
	</SchemaData></ExtendedData>
      <Point><coordinates>73.7950897,19.9835948</coordinates></Point>
  </Placemark>
  <Placemark id="hospitals.161">
	<name>SX CLINIC NASHIK</name>
	<ExtendedData><SchemaData schemaUrl="#hospitals">
		<SimpleData name="Category">point_of_interest</SimpleData>
		<SimpleData name="Address">XQHH+CQ5, Madhumangal Rd, Kamod Nagar, Indira Nagar, Nashik, Maharashtra 422009, India</SimpleData>
		<SimpleData name="Latitude">19.9785022</SimpleData>
		<SimpleData name="Longitude">73.7794961</SimpleData>
		<SimpleData name="Rating">5</SimpleData>
		<SimpleData name="Place_ID">ChIJqRXqNxbr3TsR4pdUs9xPqG4</SimpleData>
		<SimpleData name="Distance_m">727</SimpleData>
	</SchemaData></ExtendedData>
      <Point><coordinates>73.7794961,19.9785022</coordinates></Point>
  </Placemark>
  <Placemark id="hospitals.162">
	<name>Kaivalya Clinic</name>
	<ExtendedData><SchemaData schemaUrl="#hospitals">
		<SimpleData name="Category">hospital</SimpleData>
		<SimpleData name="Address">Nashik Road, Nashik, Maharashtra 422101, India</SimpleData>
		<SimpleData name="Latitude">19.9772989</SimpleData>
		<SimpleData name="Longitude">73.8401856</SimpleData>
		<SimpleData name="Rating">4.2</SimpleData>
		<SimpleData name="Place_ID">ChIJUS5jyqDq3TsRZcs-kuNkJqA</SimpleData>
		<SimpleData name="Distance_m">1861</SimpleData>
	</SchemaData></ExtendedData>
      <Point><coordinates>73.8401856,19.9772989</coordinates></Point>
  </Placemark>
  <Placemark id="hospitals.163">
	<name>Dr. Sagar More | Shriniwas Healthcare Clinic | Chest &amp; Critical Care medicine and Diabetology</name>
	<ExtendedData><SchemaData schemaUrl="#hospitals">
		<SimpleData name="Category">doctor</SimpleData>
		<SimpleData name="Address">Kathe Ln, opp. atalbihari vajpaee school, Bankar Chowk, Dwarka, Nashik, Maharashtra 422011, India</SimpleData>
		<SimpleData name="Latitude">19.9893993</SimpleData>
		<SimpleData name="Longitude">73.8021093</SimpleData>
		<SimpleData name="Rating">5</SimpleData>
		<SimpleData name="Place_ID">ChIJm9hYTefr3TsR5pclPJ0DGSg</SimpleData>
		<SimpleData name="Distance_m">1532</SimpleData>
	</SchemaData></ExtendedData>
      <Point><coordinates>73.8021093,19.9893993</coordinates></Point>
  </Placemark>
  <Placemark id="hospitals.164">
	<name>Dr Harshal Gunjal's SHREE DATTA POLYCLINIC</name>
	<ExtendedData><SchemaData schemaUrl="#hospitals">
		<SimpleData name="Category">health</SimpleData>
		<SimpleData name="Address">Shop No -1/2, Sunand Plaza, Kathe Galli - Mumbai Naka link Rd, near Trikoni Garden, Baghbanpura, Nashik, Maharashtra 422011, India</SimpleData>
		<SimpleData name="Latitude">19.9895811</SimpleData>
		<SimpleData name="Longitude">73.8057141</SimpleData>
		<SimpleData name="Rating">5</SimpleData>
		<SimpleData name="Place_ID">ChIJr6L68p_r3TsR1k2gm20muAg</SimpleData>
		<SimpleData name="Distance_m">1205</SimpleData>
	</SchemaData></ExtendedData>
      <Point><coordinates>73.8057141,19.9895811</coordinates></Point>
  </Placemark>
  <Placemark id="hospitals.165">
	<name>SHRINIVAS Bungalow</name>
	<ExtendedData><SchemaData schemaUrl="#hospitals">
		<SimpleData name="Category">health</SimpleData>
		<SimpleData name="Address">9, ????? ????, near ???????? ??????, Dwarka, Nashik, Maharashtra 422011, India</SimpleData>
		<SimpleData name="Latitude">19.9871505</SimpleData>
		<SimpleData name="Longitude">73.8043372</SimpleData>
		<SimpleData name="Rating">5</SimpleData>
		<SimpleData name="Place_ID">ChIJB3z6MwDr3TsRUEMyamrKguY</SimpleData>
		<SimpleData name="Distance_m">665</SimpleData>
	</SchemaData></ExtendedData>
      <Point><coordinates>73.8043372,19.9871505</coordinates></Point>
  </Placemark>
  <Placemark id="hospitals.166">
	<name>City Care Hospital &amp; Research Center Private Limited</name>
	<ExtendedData><SchemaData schemaUrl="#hospitals">
		<SimpleData name="Category">hospital</SimpleData>
		<SimpleData name="Address">Nasardi Bridge, Near, Nashik - Pune Hwy, Dwarka, Nashik, Maharashtra 422011, India</SimpleData>
		<SimpleData name="Latitude">19.987448</SimpleData>
		<SimpleData name="Longitude">73.8015729</SimpleData>
		<SimpleData name="Rating">3.4</SimpleData>
		<SimpleData name="Place_ID">ChIJuc3HGVSV3TsRT02lKH0CnQU</SimpleData>
		<SimpleData name="Distance_m">1515</SimpleData>
	</SchemaData></ExtendedData>
      <Point><coordinates>73.8015729,19.987448</coordinates></Point>
  </Placemark>
  <Placemark id="hospitals.167">
	<name>Urban Public Health Center Upnagar</name>
	<ExtendedData><SchemaData schemaUrl="#hospitals">
		<SimpleData name="Category">hospital</SimpleData>
		<SimpleData name="Address">UPHC UPNAGAR, XRFF+8J3, near Maharashtra High School, Shram Nagar, Nashik Road, Nashik, Maharashtra 422006, India</SimpleData>
		<SimpleData name="Latitude">19.9732545</SimpleData>
		<SimpleData name="Longitude">73.8240436</SimpleData>
		<SimpleData name="Rating">3.4</SimpleData>
		<SimpleData name="Place_ID">ChIJEYhKnOzr3TsRgPkpSVKbqZs</SimpleData>
		<SimpleData name="Distance_m">116</SimpleData>
	</SchemaData></ExtendedData>
      <Point><coordinates>73.8240436,19.9732545</coordinates></Point>
  </Placemark>
  <Placemark id="hospitals.168">
	<name>Asha Kendra</name>
	<ExtendedData><SchemaData schemaUrl="#hospitals">
		<SimpleData name="Category">hospital</SimpleData>
		<SimpleData name="Address">Netaji Subhash colony, Ramdas Swami Nagar, Nashik, Maharashtra 422006, India</SimpleData>
		<SimpleData name="Latitude">19.9765509</SimpleData>
		<SimpleData name="Longitude">73.8194692</SimpleData>
		<SimpleData name="Rating">4.1</SimpleData>
		<SimpleData name="Place_ID">ChIJ7TPIab_q3TsRxFV6fMI3qDY</SimpleData>
		<SimpleData name="Distance_m">549</SimpleData>
	</SchemaData></ExtendedData>
      <Point><coordinates>73.8194692,19.9765509</coordinates></Point>
  </Placemark>
  <Placemark id="hospitals.169">
	<name>Dr. Harshal Gunjal, Dr Balaji Tambe Products and Shree Datta Polyclinic</name>
	<ExtendedData><SchemaData schemaUrl="#hospitals">
		<SimpleData name="Category">medical_clinic</SimpleData>
		<SimpleData name="Address">Shop No-1, Sunand plaza, 2, Kathe Ln, near trikoni gardan, Dwarka, Nashik, Maharashtra 422011, India</SimpleData>
		<SimpleData name="Latitude">19.9892737</SimpleData>
		<SimpleData name="Longitude">73.8062062</SimpleData>
		<SimpleData name="Rating">4.1</SimpleData>
		<SimpleData name="Place_ID">ChIJrQ0JZOXq3TsR0JgcDLfF0Bc</SimpleData>
		<SimpleData name="Distance_m">1143</SimpleData>
	</SchemaData></ExtendedData>
      <Point><coordinates>73.8062062,19.9892737</coordinates></Point>
  </Placemark>
  <Placemark id="hospitals.170">
	<name>Vedant Clinic</name>
	<ExtendedData><SchemaData schemaUrl="#hospitals">
		<SimpleData name="Category">medical_clinic</SimpleData>
		<SimpleData name="Address">Shop Number 7, Akshar Estate, Kathe Ln, opp. Brsmhsni super market, near Trikoni Garden, Dwarka, Nashik, Maharashtra 422011, India</SimpleData>
		<SimpleData name="Latitude">19.9882335</SimpleData>
		<SimpleData name="Longitude">73.8058121</SimpleData>
		<SimpleData name="Rating">5</SimpleData>
		<SimpleData name="Place_ID">ChIJ9ZkYYuXq3TsRe571DcqjGo4</SimpleData>
		<SimpleData name="Distance_m">1126</SimpleData>
	</SchemaData></ExtendedData>
      <Point><coordinates>73.8058121,19.9882335</coordinates></Point>
  </Placemark>
  <Placemark id="hospitals.171">
	<name>Neurotherapy Clinic</name>
	<ExtendedData><SchemaData schemaUrl="#hospitals">
		<SimpleData name="Category">medical_clinic</SimpleData>
		<SimpleData name="Address">Sai Baba Market, Upnagar, Nashik, Maharashtra 422006, India</SimpleData>
		<SimpleData name="Latitude">19.9737755</SimpleData>
		<SimpleData name="Longitude">73.8237359</SimpleData>
		<SimpleData name="Rating">5</SimpleData>
		<SimpleData name="Place_ID">ChIJSbntZrnq3TsRX8UooaqLC0U</SimpleData>
		<SimpleData name="Distance_m">124</SimpleData>
	</SchemaData></ExtendedData>
      <Point><coordinates>73.8237359,19.9737755</coordinates></Point>
  </Placemark>
  <Placemark id="hospitals.172">
	<name>Trimurti Multispeciality Hospital</name>
	<ExtendedData><SchemaData schemaUrl="#hospitals">
		<SimpleData name="Category">doctor</SimpleData>
		<SimpleData name="Address">2nd Floor, Purab-Pachim Plaza Trimurti, Chowk, New, near Divya Adlabs, New Cidco, Trimurti Chowk, Savata Nagar, Nashik, Maharashtra 422008, India</SimpleData>
		<SimpleData name="Latitude">19.9813407</SimpleData>
		<SimpleData name="Longitude">73.7560379</SimpleData>
		<SimpleData name="Rating">3.7</SimpleData>
		<SimpleData name="Place_ID">ChIJEZ75OmTr3TsRDLpyz_Bn4fI</SimpleData>
		<SimpleData name="Distance_m">1021</SimpleData>
	</SchemaData></ExtendedData>
      <Point><coordinates>73.7560379,19.9813407</coordinates></Point>
  </Placemark>
  <Placemark id="hospitals.173">
	<name>Dr. Girish Borkar�s Trimurti Clinic &amp; Multispeciality Hospital</name>
	<ExtendedData><SchemaData schemaUrl="#hospitals">
		<SimpleData name="Category">doctor</SimpleData>
		<SimpleData name="Address">2nd Floor, Purab-Pachim Plaza, Chowk, Ambad-Trimurti Chowk Link Rd, near Divya Adlabs, New Nashik, Savata Nagar, Nashik, Maharashtra 422008, India</SimpleData>
		<SimpleData name="Latitude">19.9816241</SimpleData>
		<SimpleData name="Longitude">73.7557801</SimpleData>
		<SimpleData name="Rating">4.9</SimpleData>
		<SimpleData name="Place_ID">ChIJR2nd7TXr3TsR83ho6B6sq8A</SimpleData>
		<SimpleData name="Distance_m">1056</SimpleData>
	</SchemaData></ExtendedData>
      <Point><coordinates>73.7557801,19.9816241</coordinates></Point>
  </Placemark>
  <Placemark id="hospitals.174">
	<name>Madhavbaug Clinic-Nashik Cidco</name>
	<ExtendedData><SchemaData schemaUrl="#hospitals">
		<SimpleData name="Category">health</SimpleData>
		<SimpleData name="Address">Untwadi Rd, behind Croma showroom, near Bharat Petrol pump, Trimurti Chowk, Cidco, Shivshakti Nagar, Nashik, Maharashtra 422008, India</SimpleData>
		<SimpleData name="Latitude">19.987443</SimpleData>
		<SimpleData name="Longitude">73.7585888</SimpleData>
		<SimpleData name="Rating">4.8</SimpleData>
		<SimpleData name="Place_ID">ChIJ4Te-HmXr3TsROKcxGdsmASE</SimpleData>
		<SimpleData name="Distance_m">1703</SimpleData>
	</SchemaData></ExtendedData>
      <Point><coordinates>73.7585888,19.987443</coordinates></Point>
  </Placemark>
  <Placemark id="hospitals.175">
	<name>Sukhakarta Hospital</name>
	<ExtendedData><SchemaData schemaUrl="#hospitals">
		<SimpleData name="Category">hospital</SimpleData>
		<SimpleData name="Address">ITI Ambad Rd, Near Vishwas Bank,Opp CITU bhavan Khutwad Nagar, near ITI Pool, Kartikay Nagar, Mogal Nagar, Nashik, Maharashtra 422008, India</SimpleData>
		<SimpleData name="Latitude">19.9849464</SimpleData>
		<SimpleData name="Longitude">73.7490161</SimpleData>
		<SimpleData name="Rating">3.9</SimpleData>
		<SimpleData name="Place_ID">ChIJ2aweuWLr3TsRwT4x5M_Z8qM</SimpleData>
		<SimpleData name="Distance_m">2723</SimpleData>
	</SchemaData></ExtendedData>
      <Point><coordinates>73.7490161,19.9849464</coordinates></Point>
  </Placemark>
  <Placemark id="hospitals.176">
	<name>Starcare Saykhedkar Hospital</name>
	<ExtendedData><SchemaData schemaUrl="#hospitals">
		<SimpleData name="Category">hospital</SimpleData>
		<SimpleData name="Address">Old Saykhedkar Hospital, Chowk, Ambad-Trimurti Chowk Link Rd, opp. Matale Mangal Karyalaya, Indranagri, Cidco, Nashik, Maharashtra 422009, India</SimpleData>
		<SimpleData name="Latitude">19.9809421</SimpleData>
		<SimpleData name="Longitude">73.7542499</SimpleData>
		<SimpleData name="Rating">4.7</SimpleData>
		<SimpleData name="Place_ID">ChIJS-fyOgHr3TsRv22qI7fTu3M</SimpleData>
		<SimpleData name="Distance_m">2033</SimpleData>
	</SchemaData></ExtendedData>
      <Point><coordinates>73.7542499,19.9809421</coordinates></Point>
  </Placemark>
  <Placemark id="hospitals.177">
	<name>Gurukrupa Multispeciality Hospital | Medicine, Orthopaedic, Urology, Nephrology, Surgery, ICU &amp; Emergency Care Nashik</name>
	<ExtendedData><SchemaData schemaUrl="#hospitals">
		<SimpleData name="Category">hospital</SimpleData>
		<SimpleData name="Address">Manohar Arcade, M1 to M4, Untwadi Rd, near Kankariya Jwellers, Shivshakti Nagar, Nashik, Maharashtra 422008, India</SimpleData>
		<SimpleData name="Latitude">19.9877701</SimpleData>
		<SimpleData name="Longitude">73.7584502</SimpleData>
		<SimpleData name="Rating">4.5</SimpleData>
		<SimpleData name="Place_ID">ChIJ59ks2LLr3TsRW5JDCPvrkS4</SimpleData>
		<SimpleData name="Distance_m">2511</SimpleData>
	</SchemaData></ExtendedData>
      <Point><coordinates>73.7584502,19.9877701</coordinates></Point>
  </Placemark>
  <Placemark id="hospitals.178">
	<name>Siddhi Hospital / Mutha hospital</name>
	<ExtendedData><SchemaData schemaUrl="#hospitals">
		<SimpleData name="Category">hospital</SimpleData>
		<SimpleData name="Address">P-67, MIDC, Trambakeshwar Rd, behind ITI, Gautam Nagar, Satya Colony, Satpur Colony, Nashik, Maharashtra 422005, India</SimpleData>
		<SimpleData name="Latitude">19.9891645</SimpleData>
		<SimpleData name="Longitude">73.7498103</SimpleData>
		<SimpleData name="Rating">3.9</SimpleData>
		<SimpleData name="Place_ID">ChIJsUP1pX3r3TsRzJ1Nz02lbUI</SimpleData>
		<SimpleData name="Distance_m">2338</SimpleData>
	</SchemaData></ExtendedData>
      <Point><coordinates>73.7498103,19.9891645</coordinates></Point>
  </Placemark>
  <Placemark id="hospitals.179">
	<name>Aashirwad Hospital</name>
	<ExtendedData><SchemaData schemaUrl="#hospitals">
		<SimpleData name="Category">hospital</SimpleData>
		<SimpleData name="Address">N45 C, B, 1, 1, Ambad-Trimurti Chowk Link Rd, Trimurti Chowk, Cidco, Shivshakti Nagar, Nashik, Maharashtra 422008, India</SimpleData>
		<SimpleData name="Latitude">19.9842049</SimpleData>
		<SimpleData name="Longitude">73.7559122</SimpleData>
		<SimpleData name="Rating">4.8</SimpleData>
		<SimpleData name="Place_ID">ChIJL0ZR-mTr3TsRKtjBH_cys4o</SimpleData>
		<SimpleData name="Distance_m">1607</SimpleData>
	</SchemaData></ExtendedData>
      <Point><coordinates>73.7559122,19.9842049</coordinates></Point>
  </Placemark>
  <Placemark id="hospitals.180">
	<name>MARATHI LOKSEVA TRUST - CIDCO DENTAL CLINIC</name>
	<ExtendedData><SchemaData schemaUrl="#hospitals">
		<SimpleData name="Category">hospital</SimpleData>
		<SimpleData name="Address">Savata Nagar, Nashik, Maharashtra 422008, India</SimpleData>
		<SimpleData name="Latitude">19.9806583</SimpleData>
		<SimpleData name="Longitude">73.7555079</SimpleData>
		<SimpleData name="Rating">4.6</SimpleData>
		<SimpleData name="Place_ID">ChIJZ6WqIGTr3TsR9sK-J2QMq3o</SimpleData>
		<SimpleData name="Distance_m">953</SimpleData>
	</SchemaData></ExtendedData>
      <Point><coordinates>73.7555079,19.9806583</coordinates></Point>
  </Placemark>
  <Placemark id="hospitals.181">
	<name>Dr. Ashwin Parkhe�s SAYKHEDKAR HOSPITAL</name>
	<ExtendedData><SchemaData schemaUrl="#hospitals">
		<SimpleData name="Category">hospital</SimpleData>
		<SimpleData name="Address">Trimurti-Kamatwade Rd, near sai care hospital, Indranagri, Cidco, Nashik, Maharashtra 422008, India</SimpleData>
		<SimpleData name="Latitude">19.9815626</SimpleData>
		<SimpleData name="Longitude">73.7542035</SimpleData>
		<SimpleData name="Rating">4.3</SimpleData>
		<SimpleData name="Place_ID">ChIJP-KEdHvr3TsRwEuHUVKQyb8</SimpleData>
		<SimpleData name="Distance_m">1081</SimpleData>
	</SchemaData></ExtendedData>
      <Point><coordinates>73.7542035,19.9815626</coordinates></Point>
  </Placemark>
  <Placemark id="hospitals.182">
	<name>Shashwat Nursing Home</name>
	<ExtendedData><SchemaData schemaUrl="#hospitals">
		<SimpleData name="Category">hospital</SimpleData>
		<SimpleData name="Address">2 ND FLOOR, TRIMRTI CHOWK, GAURINANDAN ARCADE, near ESPALIAR SCHOOL, Laxmi Nagar, Durganagar, Nashik, Maharashtra 422008, India</SimpleData>
		<SimpleData name="Latitude">19.9801711</SimpleData>
		<SimpleData name="Longitude">73.7538921</SimpleData>
		<SimpleData name="Rating">4.5</SimpleData>
		<SimpleData name="Place_ID">ChIJiRZeHGTr3TsRAsuSv7a7Ly8</SimpleData>
		<SimpleData name="Distance_m">944</SimpleData>
	</SchemaData></ExtendedData>
      <Point><coordinates>73.7538921,19.9801711</coordinates></Point>
  </Placemark>
  <Placemark id="hospitals.183">
	<name>Sushant Clinic</name>
	<ExtendedData><SchemaData schemaUrl="#hospitals">
		<SimpleData name="Category">medical_clinic</SimpleData>
		<SimpleData name="Address">Shop no 4, Mauli Sadan, Ekdant chowk, Kamatwade Rd, near dhanvantari homeopathic medical college, Laxmi Nagar, Cidco, Nashik, Maharashtra 422008, India</SimpleData>
		<SimpleData name="Latitude">19.9793787</SimpleData>
		<SimpleData name="Longitude">73.7511161</SimpleData>
		<SimpleData name="Rating">4</SimpleData>
		<SimpleData name="Place_ID">ChIJYVKqcWHr3TsRcxKL0OqXo5U</SimpleData>
		<SimpleData name="Distance_m">1008</SimpleData>
	</SchemaData></ExtendedData>
      <Point><coordinates>73.7511161,19.9793787</coordinates></Point>
  </Placemark>
  <Placemark id="hospitals.184">
	<name>Sarvadnya clinic</name>
	<ExtendedData><SchemaData schemaUrl="#hospitals">
		<SimpleData name="Category">medical_clinic</SimpleData>
		<SimpleData name="Address">clinic,sai baba nagar, Sarvadnya clinic, akshay chowk, mahakali chowk, Torna Nagar, Sri Ram Nagar, Cidco, Nashik, Maharashtra 422009, India</SimpleData>
		<SimpleData name="Latitude">19.9752646</SimpleData>
		<SimpleData name="Longitude">73.75896</SimpleData>
		<SimpleData name="Rating">5</SimpleData>
		<SimpleData name="Place_ID">ChIJ52C0xIzr3TsRarhADcBAdfI</SimpleData>
		<SimpleData name="Distance_m">398</SimpleData>
	</SchemaData></ExtendedData>
      <Point><coordinates>73.75896,19.9752646</coordinates></Point>
  </Placemark>
  <Placemark id="hospitals.185">
	<name>Ashwini Multispeciality Hospital , Nashik</name>
	<ExtendedData><SchemaData schemaUrl="#hospitals">
		<SimpleData name="Category">doctor</SimpleData>
		<SimpleData name="Address">Ashwini Hospital, Prakash Petrol Pump, Chowk, No 5, B-h, Govind Nagar, Nashik, Maharashtra 422009, India</SimpleData>
		<SimpleData name="Latitude">19.9872922</SimpleData>
		<SimpleData name="Longitude">73.7775322</SimpleData>
		<SimpleData name="Rating">4.7</SimpleData>
		<SimpleData name="Place_ID">ChIJAQAAQBHr3TsRzebkwfuEMAQ</SimpleData>
		<SimpleData name="Distance_m">1431</SimpleData>
	</SchemaData></ExtendedData>
      <Point><coordinates>73.7775322,19.9872922</coordinates></Point>
  </Placemark>
  <Placemark id="hospitals.186">
	<name>Dr.Avhad Maternity Home</name>
	<ExtendedData><SchemaData schemaUrl="#hospitals">
		<SimpleData name="Category">doctor</SimpleData>
		<SimpleData name="Address">Dr Avhad Hospital, Dr Avhad Maternity Home, RD Circle, Rajmata Jijau marg, center mall, link road, Karmayogi Nagar, Govind Nagar, Nashik, Maharashtra 422008, India</SimpleData>
		<SimpleData name="Latitude">19.9869072</SimpleData>
		<SimpleData name="Longitude">73.7702083</SimpleData>
		<SimpleData name="Rating">5</SimpleData>
		<SimpleData name="Place_ID">ChIJdc95RG3r3TsR6QfaXgWYfZM</SimpleData>
		<SimpleData name="Distance_m">2915</SimpleData>
	</SchemaData></ExtendedData>
      <Point><coordinates>73.7702083,19.9869072</coordinates></Point>
  </Placemark>
  <Placemark id="hospitals.187">
	<name>MANAS HOSPITAL, Mahesh Nagar, Tidke Colony, Opposite Tupsakhre Lawns,Behind Manas Hospital, Mumbai Naka, Nashik</name>
	<ExtendedData><SchemaData schemaUrl="#hospitals">
		<SimpleData name="Category">hospital</SimpleData>
		<SimpleData name="Address">XQQH+R3F, Colony Rd, opposite Tupsakhre Lawns, Mahesh Nagar, Mumbai Naka, Matoshree Nagar, Nashik, Maharashtra 422002, India</SimpleData>
		<SimpleData name="Latitude">19.9893995</SimpleData>
		<SimpleData name="Longitude">73.7776678</SimpleData>
		<SimpleData name="Rating">3.8</SimpleData>
		<SimpleData name="Place_ID">ChIJQVwnDw7r3TsRsNSqCVD3CT4</SimpleData>
		<SimpleData name="Distance_m">749</SimpleData>
	</SchemaData></ExtendedData>
      <Point><coordinates>73.7776678,19.9893995</coordinates></Point>
  </Placemark>
  <Placemark id="hospitals.188">
	<name>Suyash Hospital</name>
	<ExtendedData><SchemaData schemaUrl="#hospitals">
		<SimpleData name="Category">hospital</SimpleData>
		<SimpleData name="Address">Ahilyabai, Ahilyadevi Holkar Rd, near Tupsakhre Lawns, Mumbai Naka, Matoshree Nagar, Nashik, Maharashtra 422002, India</SimpleData>
		<SimpleData name="Latitude">19.9889793</SimpleData>
		<SimpleData name="Longitude">73.7796677</SimpleData>
		<SimpleData name="Rating">3.5</SimpleData>
		<SimpleData name="Place_ID">ChIJXcYdKQ7r3TsRxhdajnoRqRQ</SimpleData>
		<SimpleData name="Distance_m">535</SimpleData>
	</SchemaData></ExtendedData>
      <Point><coordinates>73.7796677,19.9889793</coordinates></Point>
  </Placemark>
  <Placemark id="hospitals.189">
	<name>Rainbow HOSPITAL</name>
	<ExtendedData><SchemaData schemaUrl="#hospitals">
		<SimpleData name="Category">hospital</SimpleData>
		<SimpleData name="Address">Mumbai Naka, Matoshree Nagar, Nashik, Maharashtra 422002, India</SimpleData>
		<SimpleData name="Latitude">19.99162</SimpleData>
		<SimpleData name="Longitude">73.7800746</SimpleData>
		<SimpleData name="Rating">3.8</SimpleData>
		<SimpleData name="Place_ID">ChIJI2MPVQ7r3TsRN06AaPysWLw</SimpleData>
		<SimpleData name="Distance_m">643</SimpleData>
	</SchemaData></ExtendedData>
      <Point><coordinates>73.7800746,19.99162</coordinates></Point>
  </Placemark>
  <Placemark id="hospitals.190">
	<name>Chiranjiv Hospital</name>
	<ExtendedData><SchemaData schemaUrl="#hospitals">
		<SimpleData name="Category">hospital</SimpleData>
		<SimpleData name="Address">XQQJ+J3H, Mumbai Naka, Matoshree Nagar, Nashik, Maharashtra 422002, India</SimpleData>
		<SimpleData name="Latitude">19.9890519</SimpleData>
		<SimpleData name="Longitude">73.7802219</SimpleData>
		<SimpleData name="Rating">4.3</SimpleData>
		<SimpleData name="Place_ID">ChIJm6uZ1A_r3TsR3M9RWdw091k</SimpleData>
		<SimpleData name="Distance_m">482</SimpleData>
	</SchemaData></ExtendedData>
      <Point><coordinates>73.7802219,19.9890519</coordinates></Point>
  </Placemark>
  <Placemark id="hospitals.191">
	<name>Navsanjeevani Hospital Nashik</name>
	<ExtendedData><SchemaData schemaUrl="#hospitals">
		<SimpleData name="Category">hospital</SimpleData>
		<SimpleData name="Address">Navsanjeevani Hospital, opposite Nelson Memorial Children's Hospital Pvt. Ltd, Mumbai Naka, Matoshree Nagar, Nashik, Maharashtra 422002, India</SimpleData>
		<SimpleData name="Latitude">19.9878752</SimpleData>
		<SimpleData name="Longitude">73.7778626</SimpleData>
		<SimpleData name="Rating">4.4</SimpleData>
		<SimpleData name="Place_ID">ChIJWXwOarnr3TsRlvLLsclibUQ</SimpleData>
		<SimpleData name="Distance_m">704</SimpleData>
	</SchemaData></ExtendedData>
      <Point><coordinates>73.7778626,19.9878752</coordinates></Point>
  </Placemark>
  <Placemark id="hospitals.192">
	<name>Riddhi Multispeciality Hospital</name>
	<ExtendedData><SchemaData schemaUrl="#hospitals">
		<SimpleData name="Category">hospital</SimpleData>
		<SimpleData name="Address">4th Floor, Sai Square, near Tupsakhare Lawns, Mumbai Naka, Tidke Colony, Nashik, Maharashtra 422002, India</SimpleData>
		<SimpleData name="Latitude">19.988822</SimpleData>
		<SimpleData name="Longitude">73.780102</SimpleData>
		<SimpleData name="Rating">3.6</SimpleData>
		<SimpleData name="Place_ID">ChIJQ3C3Kg7r3TsRLzbs4G2QQLc</SimpleData>
		<SimpleData name="Distance_m">486</SimpleData>
	</SchemaData></ExtendedData>
      <Point><coordinates>73.780102,19.988822</coordinates></Point>
  </Placemark>
  <Placemark id="hospitals.193">
	<name>Vedant Hospital (Dr Rajendra Nehete)</name>
	<ExtendedData><SchemaData schemaUrl="#hospitals">
		<SimpleData name="Category">hospital</SimpleData>
		<SimpleData name="Address">Shri Hari Narayan Kute Marg, Near, Mumbai Naka, Matoshree Nagar, Nashik, Maharashtra 422002, India</SimpleData>
		<SimpleData name="Latitude">19.9914921</SimpleData>
		<SimpleData name="Longitude">73.7793541</SimpleData>
		<SimpleData name="Rating">4</SimpleData>
		<SimpleData name="Place_ID">ChIJvfcAWA7r3TsRn5yQdVWR2h8</SimpleData>
		<SimpleData name="Distance_m">692</SimpleData>
	</SchemaData></ExtendedData>
      <Point><coordinates>73.7793541,19.9914921</coordinates></Point>
  </Placemark>
  <Placemark id="hospitals.194">
	<name>HCG Manavata Cancer Centre, Nashik (Unit 1)</name>
	<ExtendedData><SchemaData schemaUrl="#hospitals">
		<SimpleData name="Category">medical_clinic</SimpleData>
		<SimpleData name="Address">Mumbai Naka, Renuka Nagar, Nashik, Maharashtra 422002, India</SimpleData>
		<SimpleData name="Latitude">19.9897742</SimpleData>
		<SimpleData name="Longitude">73.7831022</SimpleData>
		<SimpleData name="Rating">4.7</SimpleData>
		<SimpleData name="Place_ID">ChIJeXhuJQDr3TsRsRGM_Q7-bvY</SimpleData>
		<SimpleData name="Distance_m">279</SimpleData>
	</SchemaData></ExtendedData>
      <Point><coordinates>73.7831022,19.9897742</coordinates></Point>
  </Placemark>
  <Placemark id="hospitals.195">
	<name>Apollo Hospital Emergency Centre - Indira Nagar</name>
	<ExtendedData><SchemaData schemaUrl="#hospitals">
		<SimpleData name="Category">medical_clinic</SimpleData>
		<SimpleData name="Address">Karmayogi Nagar, Indira Nagar, Nashik, Maharashtra 422009, India</SimpleData>
		<SimpleData name="Latitude">19.9835</SimpleData>
		<SimpleData name="Longitude">73.7705</SimpleData>
		<SimpleData name="Place_ID">ChIJjwR8YUrr3TsRdODJFKjk51o</SimpleData>
		<SimpleData name="Distance_m">1709</SimpleData>
	</SchemaData></ExtendedData>
      <Point><coordinates>73.7705,19.9835</coordinates></Point>
  </Placemark>
  <Placemark id="hospitals.196">
	<name>Unique Multicare Clinic</name>
	<ExtendedData><SchemaData schemaUrl="#hospitals">
		<SimpleData name="Category">doctor</SimpleData>
		<SimpleData name="Address">Unique Multicare clinic.Sheetal complex,Dwarka-circal, Nashik - Pune Hwy, behind anjali plywood, Near Dwarka Bus Stop, General Vaidya Nagar, Nashik, Maharashtra 422011, India</SimpleData>
		<SimpleData name="Latitude">19.991964</SimpleData>
		<SimpleData name="Longitude">73.797855</SimpleData>
		<SimpleData name="Rating">5</SimpleData>
		<SimpleData name="Place_ID">ChIJB5gp4Pzq3TsRLj__7OzFUfQ</SimpleData>
		<SimpleData name="Distance_m">1926</SimpleData>
	</SchemaData></ExtendedData>
      <Point><coordinates>73.797855,19.991964</coordinates></Point>
  </Placemark>
  <Placemark id="hospitals.197">
	<name>Mediliv Hospital - Dr. Suchita Deshmukh - Gynecologist in Nashik | Infertility specialist in Nashik</name>
	<ExtendedData><SchemaData schemaUrl="#hospitals">
		<SimpleData name="Category">doctor</SimpleData>
		<SimpleData name="Address">5th Floor, Shreeji Bizz Word Complex, above Kotak Mahindra Bank, near Kathe Galli, Signal, Dwarka, Nashik, Maharashtra 422011, India</SimpleData>
		<SimpleData name="Latitude">19.989862</SimpleData>
		<SimpleData name="Longitude">73.7998763</SimpleData>
		<SimpleData name="Rating">4.4</SimpleData>
		<SimpleData name="Place_ID">ChIJh9oQlTTr3TsRLYSy5f3mYUA</SimpleData>
		<SimpleData name="Distance_m">538</SimpleData>
	</SchemaData></ExtendedData>
      <Point><coordinates>73.7998763,19.989862</coordinates></Point>
  </Placemark>
  <Placemark id="hospitals.198">
	<name>?????????????? ???????????????? -Dr.Sharad Deshmukh</name>
	<ExtendedData><SchemaData schemaUrl="#hospitals">
		<SimpleData name="Category">doctor</SimpleData>
		<SimpleData name="Address">5th Floor, Shreeji Bizz Word Complex, above Kotak Mahindra Bank, near Kathe Lane, Signal, Dwarka, Nashik, Maharashtra 422011, India</SimpleData>
		<SimpleData name="Latitude">19.9898494</SimpleData>
		<SimpleData name="Longitude">73.7998763</SimpleData>
		<SimpleData name="Rating">4.9</SimpleData>
		<SimpleData name="Place_ID">ChIJHdbho6br3TsRmK24WVwiWcw</SimpleData>
		<SimpleData name="Distance_m">539</SimpleData>
	</SchemaData></ExtendedData>
      <Point><coordinates>73.7998763,19.9898494</coordinates></Point>
  </Placemark>
  <Placemark id="hospitals.199">
	<name>SANTOSH MULTISPECIALITY HOSPITAL</name>
	<ExtendedData><SchemaData schemaUrl="#hospitals">
		<SimpleData name="Category">doctor</SimpleData>
		<SimpleData name="Address">3rd Floor, Bizz World Building, Above Kotak bank, Opp. Camel House,, Old Agra Rd,Nashik Pune Highway, Dwarka, Dwarka, Nashik, Maharashtra 422011, India</SimpleData>
		<SimpleData name="Latitude">19.9895903</SimpleData>
		<SimpleData name="Longitude">73.799794</SimpleData>
		<SimpleData name="Rating">4.8</SimpleData>
		<SimpleData name="Place_ID">ChIJYeJqewXr3TsRBG0EPg2S4ZI</SimpleData>
		<SimpleData name="Distance_m">565</SimpleData>
	</SchemaData></ExtendedData>
      <Point><coordinates>73.799794,19.9895903</coordinates></Point>
  </Placemark>
  <Placemark id="hospitals.200">
	<name>Hridayam Multispeciality Hospital</name>
	<ExtendedData><SchemaData schemaUrl="#hospitals">
		<SimpleData name="Category">general_hospital</SimpleData>
		<SimpleData name="Address">2nd floor office whills, Mayur Plaza, above den cable network, Wadala Naka, Dwarka, Nashik, Maharashtra 422001, India</SimpleData>
		<SimpleData name="Latitude">19.993109</SimpleData>
		<SimpleData name="Longitude">73.7939807</SimpleData>
		<SimpleData name="Rating">5</SimpleData>
		<SimpleData name="Place_ID">ChIJB-Tg0pbr3TsR0Kshs7ea53k</SimpleData>
		<SimpleData name="Distance_m">2476</SimpleData>
	</SchemaData></ExtendedData>
      <Point><coordinates>73.7939807,19.993109</coordinates></Point>
  </Placemark>
  <Placemark id="hospitals.201">
	<name>AYUMED CLINIC</name>
	<ExtendedData><SchemaData schemaUrl="#hospitals">
		<SimpleData name="Category">health</SimpleData>
		<SimpleData name="Address">Shop No.2, Prakash aarket, Kathe Ln, Bankar Chowk, Dwarka, Nashik, Maharashtra 422303, India</SimpleData>
		<SimpleData name="Latitude">19.9903332</SimpleData>
		<SimpleData name="Longitude">73.8015701</SimpleData>
		<SimpleData name="Rating">5</SimpleData>
		<SimpleData name="Place_ID">ChIJV6sXpubr3TsRHgHMqBhO3bE</SimpleData>
		<SimpleData name="Distance_m">1626</SimpleData>
	</SchemaData></ExtendedData>
      <Point><coordinates>73.8015701,19.9903332</coordinates></Point>
  </Placemark>
  <Placemark id="hospitals.202">
	<name>Dr.Suvarna Naik's Online Homoeopathy Consultation</name>
	<ExtendedData><SchemaData schemaUrl="#hospitals">
		<SimpleData name="Category">health</SimpleData>
		<SimpleData name="Address">Naik Clinic, Late Vijaysheth Agarwal Marg, Kathe Ln, Dwarka, Nashik, Maharashtra 422011, India</SimpleData>
		<SimpleData name="Latitude">19.992004</SimpleData>
		<SimpleData name="Longitude">73.802764</SimpleData>
		<SimpleData name="Rating">5</SimpleData>
		<SimpleData name="Place_ID">ChIJ93ctdTbr3TsR5O7NSoEu6Ys</SimpleData>
		<SimpleData name="Distance_m">1610</SimpleData>
	</SchemaData></ExtendedData>
      <Point><coordinates>73.802764,19.992004</coordinates></Point>
  </Placemark>
  <Placemark id="hospitals.203">
	<name>SUSHRUTA MULTISPECIALITY HOSPITAL</name>
	<ExtendedData><SchemaData schemaUrl="#hospitals">
		<SimpleData name="Category">health</SimpleData>
		<SimpleData name="Address">2nd Floor, Mayur Plaza, near Niranjan garage, Wadala Naka, Dwarka, Nashik, Maharashtra 422001, India</SimpleData>
		<SimpleData name="Latitude">19.9930643</SimpleData>
		<SimpleData name="Longitude">73.7941514</SimpleData>
		<SimpleData name="Rating">5</SimpleData>
		<SimpleData name="Place_ID">ChIJF7LuyZnr3TsRl_vbP7-qFgo</SimpleData>
		<SimpleData name="Distance_m">2331</SimpleData>
	</SchemaData></ExtendedData>
      <Point><coordinates>73.7941514,19.9930643</coordinates></Point>
  </Placemark>
  <Placemark id="hospitals.204">
	<name>Nashik Healthcare Services</name>
	<ExtendedData><SchemaData schemaUrl="#hospitals">
		<SimpleData name="Category">health</SimpleData>
		<SimpleData name="Address">Hr. No.424/803/16, Shivshakti Chwok Shivdas Nagar, Trimurti Chowk, Ambad Trimurty Link Road, Doodh Bazar, Multanpura, Nashik, Maharashtra 422008, India</SimpleData>
		<SimpleData name="Latitude">19.9984303</SimpleData>
		<SimpleData name="Longitude">73.7902062</SimpleData>
		<SimpleData name="Rating">5</SimpleData>
		<SimpleData name="Place_ID">ChIJ85RitBjr3TsRMdi7ZvV3jeo</SimpleData>
		<SimpleData name="Distance_m">421</SimpleData>
	</SchemaData></ExtendedData>
      <Point><coordinates>73.7902062,19.9984303</coordinates></Point>
  </Placemark>
  <Placemark id="hospitals.205">
	<name>Seva Nursing Home</name>
	<ExtendedData><SchemaData schemaUrl="#hospitals">
		<SimpleData name="Category">hospital</SimpleData>
		<SimpleData name="Address">housing society, B C, Kathada shivaji chowk, Old Nashik, Nanavali, Nashik, Maharashtra 422001, India</SimpleData>
		<SimpleData name="Latitude">19.9974152</SimpleData>
		<SimpleData name="Longitude">73.7969719</SimpleData>
		<SimpleData name="Rating">4.5</SimpleData>
		<SimpleData name="Place_ID">ChIJ8VGzFojr3TsRq_Mqr_m7O5Q</SimpleData>
		<SimpleData name="Distance_m">2388</SimpleData>
	</SchemaData></ExtendedData>
      <Point><coordinates>73.7969719,19.9974152</coordinates></Point>
  </Placemark>
  <Placemark id="hospitals.206">
	<name>Sahyadri Superspeciality Hospital, Nashik</name>
	<ExtendedData><SchemaData schemaUrl="#hospitals">
		<SimpleData name="Category">hospital</SimpleData>
		<SimpleData name="Address">Mumbai-Agra Road, Wadala Rd, near Nashik, Dwarka Circle, General Vaidya Nagar, Nashik, Maharashtra 422011, India</SimpleData>
		<SimpleData name="Latitude">19.98924</SimpleData>
		<SimpleData name="Longitude">73.793471</SimpleData>
		<SimpleData name="Rating">4.8</SimpleData>
		<SimpleData name="Place_ID">ChIJxaHcOB3r3TsRcWCe8rz2wnM</SimpleData>
		<SimpleData name="Distance_m">2385</SimpleData>
	</SchemaData></ExtendedData>
      <Point><coordinates>73.793471,19.98924</coordinates></Point>
  </Placemark>
  <Placemark id="hospitals.207">
	<name>Nashik Multispeciality Hospital</name>
	<ExtendedData><SchemaData schemaUrl="#hospitals">
		<SimpleData name="Category">hospital</SimpleData>
		<SimpleData name="Address">doctor house, near navshakti chowk, Bhabha Nagar, Mumbai Naka, Bhagwant Nagar, Dr.Homi Bhabha Nagar, Nashik, Maharashtra 422011, India</SimpleData>
		<SimpleData name="Latitude">19.9884856</SimpleData>
		<SimpleData name="Longitude">73.7899374</SimpleData>
		<SimpleData name="Rating">4</SimpleData>
		<SimpleData name="Place_ID">ChIJhTRvvBzr3TsRRL4DOdWBqw0</SimpleData>
		<SimpleData name="Distance_m">2728</SimpleData>
	</SchemaData></ExtendedData>
      <Point><coordinates>73.7899374,19.9884856</coordinates></Point>
  </Placemark>
  <Placemark id="hospitals.208">
	<name>CITY HOSPITAL &amp; MEDICAL RESEARCH CENTRE</name>
	<ExtendedData><SchemaData schemaUrl="#hospitals">
		<SimpleData name="Category">hospital</SimpleData>
		<SimpleData name="Address">Wadala Rd, opp. Ayesha Masjid, Kazi Nagar, General Vaidya Nagar, Nashik, Maharashtra 422011, India</SimpleData>
		<SimpleData name="Latitude">19.9907426</SimpleData>
		<SimpleData name="Longitude">73.7940411</SimpleData>
		<SimpleData name="Rating">4.4</SimpleData>
		<SimpleData name="Place_ID">ChIJ9zkNsALr3TsRecucFmPl8Og</SimpleData>
		<SimpleData name="Distance_m">2374</SimpleData>
	</SchemaData></ExtendedData>
      <Point><coordinates>73.7940411,19.9907426</coordinates></Point>
  </Placemark>
  <Placemark id="hospitals.209">
	<name>Dr. Zakir Hussain Hospital NMC</name>
	<ExtendedData><SchemaData schemaUrl="#hospitals">
		<SimpleData name="Category">hospital</SimpleData>
		<SimpleData name="Address">XQWX+8VP, New Agra Road, Dwarka, Nashik, Maharashtra 422001, India</SimpleData>
		<SimpleData name="Latitude">19.9958319</SimpleData>
		<SimpleData name="Longitude">73.7996951</SimpleData>
		<SimpleData name="Rating">3.9</SimpleData>
		<SimpleData name="Place_ID">ChIJU7i1G_zq3TsRF_1Mx1mn9g4</SimpleData>
		<SimpleData name="Distance_m">2120</SimpleData>
	</SchemaData></ExtendedData>
      <Point><coordinates>73.7996951,19.9958319</coordinates></Point>
  </Placemark>
  <Placemark id="hospitals.210">
	<name>Hrudaysparsh Multispeciality Hospital - Angioplasty | Cardiology | Maternity Care | Gynecology | Best Hospital in Nashik</name>
	<ExtendedData><SchemaData schemaUrl="#hospitals">
		<SimpleData name="Category">hospital</SimpleData>
		<SimpleData name="Address">Shreeji Biz World, opp. Domino's pizza, Dwarka, Nashik, Maharashtra 422011, India</SimpleData>
		<SimpleData name="Latitude">19.9898789</SimpleData>
		<SimpleData name="Longitude">73.7999115</SimpleData>
		<SimpleData name="Rating">4.9</SimpleData>
		<SimpleData name="Place_ID">ChIJaz_1T-Pq3TsRwHc-dTqdqSY</SimpleData>
		<SimpleData name="Distance_m">1765</SimpleData>
	</SchemaData></ExtendedData>
      <Point><coordinates>73.7999115,19.9898789</coordinates></Point>
  </Placemark>
  <Placemark id="hospitals.211">
	<name>Fortune Multispeciality Hospital And Research Centre.</name>
	<ExtendedData><SchemaData schemaUrl="#hospitals">
		<SimpleData name="Category">hospital</SimpleData>
		<SimpleData name="Address">1st Floor, Samarai Society, Wadala Rd, near Sahyadri Hospital Hirve nagar, General Arun Kumar Vaidya Nagar, General Vaidya Nagar, Nashik, Maharashtra 422011, India</SimpleData>
		<SimpleData name="Latitude">19.9871986</SimpleData>
		<SimpleData name="Longitude">73.7927468</SimpleData>
		<SimpleData name="Rating">4.5</SimpleData>
		<SimpleData name="Place_ID">ChIJYdf84Rrr3TsRYqKJPupGaxs</SimpleData>
		<SimpleData name="Distance_m">2414</SimpleData>
	</SchemaData></ExtendedData>
      <Point><coordinates>73.7927468,19.9871986</coordinates></Point>
  </Placemark>
  <Placemark id="hospitals.212">
	<name>Mediliv Hospital - Best Multispeciality Hospital in Dwarka, Nashik | Gastroenterology &amp; Maternity Hospital Nashik</name>
	<ExtendedData><SchemaData schemaUrl="#hospitals">
		<SimpleData name="Category">hospital</SimpleData>
		<SimpleData name="Address">Mediliv Multispecialty Hospital, Mezzanine Floor and 5th Floor Shreeji Bizz World Complex near katthe Signal, Mumbai Naka Link Road, Kathe Ln, Dwarka, Nashik, Maharashtra 422011, India</SimpleData>
		<SimpleData name="Latitude">19.9898766</SimpleData>
		<SimpleData name="Longitude">73.7998767</SimpleData>
		<SimpleData name="Rating">4.7</SimpleData>
		<SimpleData name="Place_ID">ChIJpch17iHr3TsRiPCzJKEbaO4</SimpleData>
		<SimpleData name="Distance_m">1768</SimpleData>
	</SchemaData></ExtendedData>
      <Point><coordinates>73.7998767,19.9898766</coordinates></Point>
  </Placemark>
  <Placemark id="hospitals.213">
	<name>Metro Hospital</name>
	<ExtendedData><SchemaData schemaUrl="#hospitals">
		<SimpleData name="Category">hospital</SimpleData>
		<SimpleData name="Address">Wadala Rd, Basement, Raza Classic, near Nashik, Kazi Nagar, General Vaidya Nagar, Nashik, Maharashtra 422011, India</SimpleData>
		<SimpleData name="Latitude">19.991194</SimpleData>
		<SimpleData name="Longitude">73.7938329</SimpleData>
		<SimpleData name="Rating">4.2</SimpleData>
		<SimpleData name="Place_ID">ChIJCRZ6vALr3TsRmXBB-pgrTuQ</SimpleData>
		<SimpleData name="Distance_m">2298</SimpleData>
	</SchemaData></ExtendedData>
      <Point><coordinates>73.7938329,19.991194</coordinates></Point>
  </Placemark>
  <Placemark id="hospitals.214">
	<name>New National Hospital</name>
	<ExtendedData><SchemaData schemaUrl="#hospitals">
		<SimpleData name="Category">hospital</SimpleData>
		<SimpleData name="Address">New National Hospital, Wadala Rd, opp. Aaiesha Masjid, Kazi Nagar, General Vaidya Nagar, Nashik, Maharashtra 422011, India</SimpleData>
		<SimpleData name="Latitude">19.9907079</SimpleData>
		<SimpleData name="Longitude">73.79422</SimpleData>
		<SimpleData name="Rating">5</SimpleData>
		<SimpleData name="Place_ID">ChIJa1WUrwLr3TsRtr6VE0ORiuU</SimpleData>
		<SimpleData name="Distance_m">2244</SimpleData>
	</SchemaData></ExtendedData>
      <Point><coordinates>73.79422,19.9907079</coordinates></Point>
  </Placemark>
  <Placemark id="hospitals.215">
	<name>Aadhar Hospital</name>
	<ExtendedData><SchemaData schemaUrl="#hospitals">
		<SimpleData name="Category">hospital</SimpleData>
		<SimpleData name="Address">1st Floor, Express Tower, Wadala Naka, Dwarka, Nashik, Maharashtra 422001, India</SimpleData>
		<SimpleData name="Latitude">19.9938476</SimpleData>
		<SimpleData name="Longitude">73.7930367</SimpleData>
		<SimpleData name="Rating">4.3</SimpleData>
		<SimpleData name="Place_ID">ChIJr1EUfQLr3TsRQf9qjd4Ltos</SimpleData>
		<SimpleData name="Distance_m">2472</SimpleData>
	</SchemaData></ExtendedData>
      <Point><coordinates>73.7930367,19.9938476</coordinates></Point>
  </Placemark>
  <Placemark id="hospitals.216">
	<name>Fortune Hospital / Dr. Khairnar Clinic</name>
	<ExtendedData><SchemaData schemaUrl="#hospitals">
		<SimpleData name="Category">hospital</SimpleData>
		<SimpleData name="Address">1st Floor, Samarai Society, Wadala Rd, near Sahyadri Hospital Hirve nagar, General Arun Kumar Vaidya Nagar, General Vaidya Nagar, Nashik, Maharashtra 422011, India</SimpleData>
		<SimpleData name="Latitude">19.9871995</SimpleData>
		<SimpleData name="Longitude">73.7927477</SimpleData>
		<SimpleData name="Rating">4.9</SimpleData>
		<SimpleData name="Place_ID">ChIJMXmmhcDr3TsRr3xwhK-Y8bg</SimpleData>
		<SimpleData name="Distance_m">2332</SimpleData>
	</SchemaData></ExtendedData>
      <Point><coordinates>73.7927477,19.9871995</coordinates></Point>
  </Placemark>
  <Placemark id="hospitals.217">
	<name>Suryodaya Hospital - 24/7 Multispeciality</name>
	<ExtendedData><SchemaData schemaUrl="#hospitals">
		<SimpleData name="Category">hospital</SimpleData>
		<SimpleData name="Address">2nd Floor , Kapote Meher Market Renuka Nagar, Wadala Naka, Old, Dwarka, Nashik, Maharashtra 422001, India</SimpleData>
		<SimpleData name="Latitude">19.9938168</SimpleData>
		<SimpleData name="Longitude">73.7939006</SimpleData>
		<SimpleData name="Rating">4.7</SimpleData>
		<SimpleData name="Place_ID">ChIJl9RabwLr3TsRr0sPeuMMh2U</SimpleData>
		<SimpleData name="Distance_m">2387</SimpleData>
	</SchemaData></ExtendedData>
      <Point><coordinates>73.7939006,19.9938168</coordinates></Point>
  </Placemark>
  <Placemark id="hospitals.218">
	<name>Nagji Memorial Hosptial &amp;research Centre Private Limited</name>
	<ExtendedData><SchemaData schemaUrl="#hospitals">
		<SimpleData name="Category">hospital</SimpleData>
		<SimpleData name="Address">Vadala Road, Lokhand Bazar, Koknipura, Nashik, Maharashtra 422001, India</SimpleData>
		<SimpleData name="Latitude">19.9974533</SimpleData>
		<SimpleData name="Longitude">73.7898023</SimpleData>
		<SimpleData name="Rating">3.7</SimpleData>
		<SimpleData name="Place_ID">ChIJS-fyOgHr3TsRPk52MDqCYJA</SimpleData>
		<SimpleData name="Distance_m">2944</SimpleData>
	</SchemaData></ExtendedData>
      <Point><coordinates>73.7898023,19.9974533</coordinates></Point>
  </Placemark>
  <Placemark id="hospitals.219">
	<name>Goda Medicare Superspeciality Hospital</name>
	<ExtendedData><SchemaData schemaUrl="#hospitals">
		<SimpleData name="Category">hospital</SimpleData>
		<SimpleData name="Address">Old SBI Colony, Mumbai Naka, Bhagwant Nagar, Dr.Homi Bhabha Nagar, Nashik, Maharashtra 422011, India</SimpleData>
		<SimpleData name="Latitude">19.9886217</SimpleData>
		<SimpleData name="Longitude">73.7878025</SimpleData>
		<SimpleData name="Rating">4.7</SimpleData>
		<SimpleData name="Place_ID">ChIJGw6GOADr3TsRWNX5LVf_dC8</SimpleData>
		<SimpleData name="Distance_m">2862</SimpleData>
	</SchemaData></ExtendedData>
      <Point><coordinates>73.7878025,19.9886217</coordinates></Point>
  </Placemark>
  <Placemark id="hospitals.220">
	<name>Samarth Sayhadri Multispeciality Hospital</name>
	<ExtendedData><SchemaData schemaUrl="#hospitals">
		<SimpleData name="Category">hospital</SimpleData>
		<SimpleData name="Address">XQQV+M9X, General Arun Kumar Vaidya Nagar, General Vaidya Nagar, Korapgaon, Nashik, Maharashtra 422011, India</SimpleData>
		<SimpleData name="Latitude">19.9892359</SimpleData>
		<SimpleData name="Longitude">73.793479</SimpleData>
		<SimpleData name="Rating">5</SimpleData>
		<SimpleData name="Place_ID">ChIJZw3dRx3r3TsRDK32iiMRK14</SimpleData>
		<SimpleData name="Distance_m">2285</SimpleData>
	</SchemaData></ExtendedData>
      <Point><coordinates>73.793479,19.9892359</coordinates></Point>
  </Placemark>
  <Placemark id="hospitals.221">
	<name>Madina Clinic</name>
	<ExtendedData><SchemaData schemaUrl="#hospitals">
		<SimpleData name="Category">hospital</SimpleData>
		<SimpleData name="Address">Wadala Rd, General Arun Kumar Vaidya Nagar, General Vaidya Nagar, Nashik, Maharashtra 422011, India</SimpleData>
		<SimpleData name="Latitude">19.9894043</SimpleData>
		<SimpleData name="Longitude">73.7930421</SimpleData>
		<SimpleData name="Rating">5</SimpleData>
		<SimpleData name="Place_ID">ChIJL8XDhE7r3TsRJcJOd_uA5KQ</SimpleData>
		<SimpleData name="Distance_m">2333</SimpleData>
	</SchemaData></ExtendedData>
      <Point><coordinates>73.7930421,19.9894043</coordinates></Point>
  </Placemark>
  <Placemark id="hospitals.222">
	<name>Medinova Super Speciality Hospital Pvt Ltd's Shatabdi Hospital</name>
	<ExtendedData><SchemaData schemaUrl="#hospitals">
		<SimpleData name="Category">hospital</SimpleData>
		<SimpleData name="Address">Suyojit City Center, Bus Stand, opp. Mahamarg CBS Office, Mumbai Naka, Renuka Nagar, Nashik, Maharashtra 422005, India</SimpleData>
		<SimpleData name="Latitude">19.9880037</SimpleData>
		<SimpleData name="Longitude">73.7841802</SimpleData>
		<SimpleData name="Rating">4.5</SimpleData>
		<SimpleData name="Place_ID">ChIJx52qpBrr3TsR5fUl5Nyz9II</SimpleData>
		<SimpleData name="Distance_m">55</SimpleData>
	</SchemaData></ExtendedData>
      <Point><coordinates>73.7841802,19.9880037</coordinates></Point>
  </Placemark>
  <Placemark id="hospitals.223">
	<name>Shreeji Medicity Super Speciality Hospital</name>
	<ExtendedData><SchemaData schemaUrl="#hospitals">
		<SimpleData name="Category">hospital</SimpleData>
		<SimpleData name="Address">Agra - Mumbai Hwy, next to Wasan Bajaj Showroom, Mumbai Naka, Renuka Nagar, Nashik, Maharashtra 422001, India</SimpleData>
		<SimpleData name="Latitude">19.9880711</SimpleData>
		<SimpleData name="Longitude">73.7851781</SimpleData>
		<SimpleData name="Rating">4.4</SimpleData>
		<SimpleData name="Place_ID">ChIJh8f9XADr3TsR2cLeVKk4hdg</SimpleData>
		<SimpleData name="Distance_m">73</SimpleData>
	</SchemaData></ExtendedData>
      <Point><coordinates>73.7851781,19.9880711</coordinates></Point>
  </Placemark>
  <Placemark id="hospitals.224">
	<name>KIMS Manavata Hospital</name>
	<ExtendedData><SchemaData schemaUrl="#hospitals">
		<SimpleData name="Category">hospital</SimpleData>
		<SimpleData name="Address">Mumbai Naka, Renuka Nagar, Nashik, Maharashtra 422001, India</SimpleData>
		<SimpleData name="Latitude">19.9896035</SimpleData>
		<SimpleData name="Longitude">73.7881258</SimpleData>
		<SimpleData name="Rating">4.5</SimpleData>
		<SimpleData name="Place_ID">ChIJ9R7FEgDr3TsRMBlqRXgGhc4</SimpleData>
		<SimpleData name="Distance_m">425</SimpleData>
	</SchemaData></ExtendedData>
      <Point><coordinates>73.7881258,19.9896035</coordinates></Point>
  </Placemark>
  <Placemark id="hospitals.225">
	<name>Medinova Superspeciality Hospital Pvt. Ltd. | Best Hospital in Nashik | Orthopaedic Doctor in Nashik</name>
	<ExtendedData><SchemaData schemaUrl="#hospitals">
		<SimpleData name="Category">hospital</SimpleData>
		<SimpleData name="Address">Suyojit City Centre, bus Stand, opp. Mahamarg, Mumbai Naka, Renuka Nagar, Nashik, Maharashtra 422001, India</SimpleData>
		<SimpleData name="Latitude">19.9880036</SimpleData>
		<SimpleData name="Longitude">73.784243</SimpleData>
		<SimpleData name="Rating">4.9</SimpleData>
		<SimpleData name="Place_ID">ChIJmUSDSv7r3TsRW_Xr4g4EuFU</SimpleData>
		<SimpleData name="Distance_m">50</SimpleData>
	</SchemaData></ExtendedData>
      <Point><coordinates>73.784243,19.9880036</coordinates></Point>
  </Placemark>
  <Placemark id="hospitals.226">
	<name>Shree Sparsh Hospital</name>
	<ExtendedData><SchemaData schemaUrl="#hospitals">
		<SimpleData name="Category">hospital</SimpleData>
		<SimpleData name="Address">near Rushabh Honda, Mumbai Naka, Renuka Nagar, Nashik, Maharashtra 422001, India</SimpleData>
		<SimpleData name="Latitude">19.988157</SimpleData>
		<SimpleData name="Longitude">73.7851875</SimpleData>
		<SimpleData name="Rating">4.6</SimpleData>
		<SimpleData name="Place_ID">ChIJR8k5tfLr3TsRNpl3n-TPDj4</SimpleData>
		<SimpleData name="Distance_m">80</SimpleData>
	</SchemaData></ExtendedData>
      <Point><coordinates>73.7851875,19.988157</coordinates></Point>
  </Placemark>
  <Placemark id="hospitals.227">
	<name>CNS Hospital- Neurosurgeon | Plastic Surgeon | Breast Surgeon | Orthopedic | Brain Stroke | Hair Transplant In Nashik</name>
	<ExtendedData><SchemaData schemaUrl="#hospitals">
		<SimpleData name="Category">hospital</SimpleData>
		<SimpleData name="Address">Mylan Circle, Mumbai Naka Cir, Mumbai Naka, Renuka Nagar, Nashik, Maharashtra 422001, India</SimpleData>
		<SimpleData name="Latitude">19.9876548</SimpleData>
		<SimpleData name="Longitude">73.7846323</SimpleData>
		<SimpleData name="Rating">4.4</SimpleData>
		<SimpleData name="Place_ID">ChIJKfuaqu7r3TsRdbBd0V2kG78</SimpleData>
		<SimpleData name="Distance_m">6</SimpleData>
	</SchemaData></ExtendedData>
      <Point><coordinates>73.7846323,19.9876548</coordinates></Point>
  </Placemark>
  <Placemark id="hospitals.228">
	<name>Regional Referal Service Hospital,Nashik</name>
	<ExtendedData><SchemaData schemaUrl="#hospitals">
		<SimpleData name="Category">hospital</SimpleData>
		<SimpleData name="Address">2Q2P+6X6, Shalimar, Nashik, Maharashtra 422001, India</SimpleData>
		<SimpleData name="Latitude">20.0005362</SimpleData>
		<SimpleData name="Longitude">73.7873965</SimpleData>
		<SimpleData name="Rating">3.9</SimpleData>
		<SimpleData name="Place_ID">ChIJBeUxZwfr3TsRecPOVtAk3ps</SimpleData>
		<SimpleData name="Distance_m">1457</SimpleData>
	</SchemaData></ExtendedData>
      <Point><coordinates>73.7873965,20.0005362</coordinates></Point>
  </Placemark>
  <Placemark id="hospitals.229">
	<name>Sudarshan Hospital</name>
	<ExtendedData><SchemaData schemaUrl="#hospitals">
		<SimpleData name="Category">hospital</SimpleData>
		<SimpleData name="Address">City Plaza, Opp. Kalika Mandir, Old Agra Rd, Mumbai Naka, Renuka Nagar, Nashik, Maharashtra 422001, India</SimpleData>
		<SimpleData name="Latitude">19.9921552</SimpleData>
		<SimpleData name="Longitude">73.783065</SimpleData>
		<SimpleData name="Rating">3.8</SimpleData>
		<SimpleData name="Place_ID">ChIJPRzBgwXr3TsRwCAew7BY5tI</SimpleData>
		<SimpleData name="Distance_m">521</SimpleData>
	</SchemaData></ExtendedData>
      <Point><coordinates>73.783065,19.9921552</coordinates></Point>
  </Placemark>
  <Placemark id="hospitals.230">
	<name>Nashik Rugnalaya</name>
	<ExtendedData><SchemaData schemaUrl="#hospitals">
		<SimpleData name="Category">hospital</SimpleData>
		<SimpleData name="Address">Doctor House, Navshakti Chowk, Mumbai Naka, Bhagwant Nagar, Dr.Homi Bhabha Nagar, Nashik, Maharashtra 422011, India</SimpleData>
		<SimpleData name="Latitude">19.9874602</SimpleData>
		<SimpleData name="Longitude">73.789705</SimpleData>
		<SimpleData name="Place_ID">ChIJh-IZEwDr3TsR17Kn_tUHrc0</SimpleData>
		<SimpleData name="Distance_m">534</SimpleData>
	</SchemaData></ExtendedData>
      <Point><coordinates>73.789705,19.9874602</coordinates></Point>
  </Placemark>
  <Placemark id="hospitals.231">
	<name>Sapphire multi-speciality Hospital</name>
	<ExtendedData><SchemaData schemaUrl="#hospitals">
		<SimpleData name="Category">hospital</SimpleData>
		<SimpleData name="Address">kalidas kala mandir, Kanherewadi Rd, near by shree Saibaba Hospital, Shalimar, Nashik, Maharashtra 422001, India</SimpleData>
		<SimpleData name="Latitude">19.9991632</SimpleData>
		<SimpleData name="Longitude">73.7841225</SimpleData>
		<SimpleData name="Rating">4.1</SimpleData>
		<SimpleData name="Place_ID">ChIJqRXlkLfr3TsRowyRlxXCtV8</SimpleData>
		<SimpleData name="Distance_m">1276</SimpleData>
	</SchemaData></ExtendedData>
      <Point><coordinates>73.7841225,19.9991632</coordinates></Point>
  </Placemark>
  <Placemark id="hospitals.232">
	<name>Bachhav Hospital</name>
	<ExtendedData><SchemaData schemaUrl="#hospitals">
		<SimpleData name="Category">hospital</SimpleData>
		<SimpleData name="Address">Maneksha Nagar, Dwarka, Nashik, Maharashtra 422011, India</SimpleData>
		<SimpleData name="Latitude">19.9913216</SimpleData>
		<SimpleData name="Longitude">73.8000507</SimpleData>
		<SimpleData name="Rating">5</SimpleData>
		<SimpleData name="Place_ID">ChIJXyjmwHzr3TsR7sapYTW2VCY</SimpleData>
		<SimpleData name="Distance_m">430</SimpleData>
	</SchemaData></ExtendedData>
      <Point><coordinates>73.8000507,19.9913216</coordinates></Point>
  </Placemark>
  <Placemark id="hospitals.233">
	<name>EECP Nashik By Extra Inning Heart Care Center</name>
	<ExtendedData><SchemaData schemaUrl="#hospitals">
		<SimpleData name="Category">hospital</SimpleData>
		<SimpleData name="Address">4th floor, shreeji biz world, 410, Nashik - Pune Hwy, opposite dominos pizza, Dwarka, Nashik, Maharashtra 422011, India</SimpleData>
		<SimpleData name="Latitude">19.9898521</SimpleData>
		<SimpleData name="Longitude">73.7999314</SimpleData>
		<SimpleData name="Rating">5</SimpleData>
		<SimpleData name="Place_ID">ChIJsZAbccnr3TsR91n693hNG5k</SimpleData>
		<SimpleData name="Distance_m">534</SimpleData>
	</SchemaData></ExtendedData>
      <Point><coordinates>73.7999314,19.9898521</coordinates></Point>
  </Placemark>
  <Placemark id="hospitals.234">
	<name>Aarav Children's Clinic and vaccination center</name>
	<ExtendedData><SchemaData schemaUrl="#hospitals">
		<SimpleData name="Category">medical_clinic</SimpleData>
		<SimpleData name="Address">nagzi chowk, Bhabha Nagar Rd, General Arun Kumar Vaidya Nagar, Wadala Naka, General Vaidya Nagar, Nashik, Maharashtra 422011, India</SimpleData>
		<SimpleData name="Latitude">19.9884774</SimpleData>
		<SimpleData name="Longitude">73.7929928</SimpleData>
		<SimpleData name="Rating">4.6</SimpleData>
		<SimpleData name="Place_ID">ChIJV48hYz7r3TsRa-bXHEjchlw</SimpleData>
		<SimpleData name="Distance_m">2322</SimpleData>
	</SchemaData></ExtendedData>
      <Point><coordinates>73.7929928,19.9884774</coordinates></Point>
  </Placemark>
  <Placemark id="hospitals.235">
	<name>HCG Manavata Cancer Centre,Nashik (Unit 2)</name>
	<ExtendedData><SchemaData schemaUrl="#hospitals">
		<SimpleData name="Category">medical_clinic</SimpleData>
		<SimpleData name="Address">HCG Manavata Cancer Centre, near Mylan Circle, Mumbai Naka, Renuka Nagar, Nashik, Maharashtra 422002, India</SimpleData>
		<SimpleData name="Latitude">19.9898454</SimpleData>
		<SimpleData name="Longitude">73.7872941</SimpleData>
		<SimpleData name="Rating">4.7</SimpleData>
		<SimpleData name="Place_ID">ChIJWd0hyQTr3TsRmJYoPdgRfaI</SimpleData>
		<SimpleData name="Distance_m">369</SimpleData>
	</SchemaData></ExtendedData>
      <Point><coordinates>73.7872941,19.9898454</coordinates></Point>
  </Placemark>
  <Placemark id="hospitals.236">
	<name>AL-SHIFA CLINIC DR.WASIM A MIRZA</name>
	<ExtendedData><SchemaData schemaUrl="#hospitals">
		<SimpleData name="Category">medical_clinic</SimpleData>
		<SimpleData name="Address">7, Silver Dale Apartment, Madina Chowk, Renuka Nagar, Nashik, Maharashtra 422001, India</SimpleData>
		<SimpleData name="Latitude">19.9925808</SimpleData>
		<SimpleData name="Longitude">73.7895736</SimpleData>
		<SimpleData name="Rating">5</SimpleData>
		<SimpleData name="Place_ID">ChIJIeqaLgnr3TsRp7bw4lvG_qg</SimpleData>
		<SimpleData name="Distance_m">291</SimpleData>
	</SchemaData></ExtendedData>
      <Point><coordinates>73.7895736,19.9925808</coordinates></Point>
  </Placemark>
  <Placemark id="hospitals.237">
	<name>Sai samarth clinic</name>
	<ExtendedData><SchemaData schemaUrl="#hospitals">
		<SimpleData name="Category">medical_clinic</SimpleData>
		<SimpleData name="Address">XQXW+9PQ Shivaji chowk, Amardham Rd, Kathda, Nashik, Maharashtra 422001, India</SimpleData>
		<SimpleData name="Latitude">19.9984188</SimpleData>
		<SimpleData name="Longitude">73.7968036</SimpleData>
		<SimpleData name="Place_ID">ChIJUyMOXVLr3TsRxMW5VdLmVM0</SimpleData>
		<SimpleData name="Distance_m">947</SimpleData>
	</SchemaData></ExtendedData>
      <Point><coordinates>73.7968036,19.9984188</coordinates></Point>
  </Placemark>
  <Placemark id="hospitals.238">
	<name>Charuhas Clinic</name>
	<ExtendedData><SchemaData schemaUrl="#hospitals">
		<SimpleData name="Category">medical_clinic</SimpleData>
		<SimpleData name="Address">XRW3+55W, Takli Rd, Dwarka, Nashik, Maharashtra 422011, India</SimpleData>
		<SimpleData name="Latitude">19.9954813</SimpleData>
		<SimpleData name="Longitude">73.8029541</SimpleData>
		<SimpleData name="Rating">5</SimpleData>
		<SimpleData name="Place_ID">ChIJdVAYxvvq3TsRJ2xJLs0TzqA</SimpleData>
		<SimpleData name="Distance_m">276</SimpleData>
	</SchemaData></ExtendedData>
      <Point><coordinates>73.8029541,19.9954813</coordinates></Point>
  </Placemark>
  <Placemark id="hospitals.239">
	<name>Dhanwantari Clinic</name>
	<ExtendedData><SchemaData schemaUrl="#hospitals">
		<SimpleData name="Category">medical_clinic</SimpleData>
		<SimpleData name="Address">Barkha Batur, XRR3+52V, Kathe Ln, Bankar Chowk, Dwarka, Nashik, Maharashtra 422011, India</SimpleData>
		<SimpleData name="Latitude">19.9904995</SimpleData>
		<SimpleData name="Longitude">73.8025327</SimpleData>
		<SimpleData name="Rating">5</SimpleData>
		<SimpleData name="Place_ID">ChIJmQdOBPvq3TsRJhdDB2OL3LY</SimpleData>
		<SimpleData name="Distance_m">314</SimpleData>
	</SchemaData></ExtendedData>
      <Point><coordinates>73.8025327,19.9904995</coordinates></Point>
  </Placemark>
  <Placemark id="hospitals.240">
	<name>?????? ???????</name>
	<ExtendedData><SchemaData schemaUrl="#hospitals">
		<SimpleData name="Category">medical_clinic</SimpleData>
		<SimpleData name="Address">XRR2+4Q5, Kathe Ln, Maneksha Nagar, Dwarka, Nashik, Maharashtra 422011, India</SimpleData>
		<SimpleData name="Latitude">19.9902737</SimpleData>
		<SimpleData name="Longitude">73.8019793</SimpleData>
		<SimpleData name="Place_ID">ChIJSUH7tuTq3TsRBjMrFb7DmW4</SimpleData>
		<SimpleData name="Distance_m">362</SimpleData>
	</SchemaData></ExtendedData>
      <Point><coordinates>73.8019793,19.9902737</coordinates></Point>
  </Placemark>
  <Placemark id="hospitals.241">
	<name>Dr. Tasneem Indorewala Vhora</name>
	<ExtendedData><SchemaData schemaUrl="#hospitals">
		<SimpleData name="Category">medical_clinic</SimpleData>
		<SimpleData name="Address">Kathe Ln, Dwarka, Nashik, Maharashtra 422011, India</SimpleData>
		<SimpleData name="Latitude">19.9934098</SimpleData>
		<SimpleData name="Longitude">73.8021979</SimpleData>
		<SimpleData name="Rating">5</SimpleData>
		<SimpleData name="Place_ID">ChIJTzG3dPvq3TsR4QWjNuIeJ60</SimpleData>
		<SimpleData name="Distance_m">161</SimpleData>
	</SchemaData></ExtendedData>
      <Point><coordinates>73.8021979,19.9934098</coordinates></Point>
  </Placemark>
  <Placemark id="hospitals.242">
	<name>Diagnostic centre</name>
	<ExtendedData><SchemaData schemaUrl="#hospitals">
		<SimpleData name="Category">medical_clinic</SimpleData>
		<SimpleData name="Address">Lokhand Bazar, Panchavati, Nashik, Maharashtra 422001, India</SimpleData>
		<SimpleData name="Latitude">19.9972675</SimpleData>
		<SimpleData name="Longitude">73.7903248</SimpleData>
		<SimpleData name="Place_ID">ChIJ4-Se-Sfr3TsRWeqc2xqMO3c</SimpleData>
		<SimpleData name="Distance_m">1370</SimpleData>
	</SchemaData></ExtendedData>
      <Point><coordinates>73.7903248,19.9972675</coordinates></Point>
  </Placemark>
  <Placemark id="hospitals.243">
	<name>Vinchurkar Diagnostic Center</name>
	<ExtendedData><SchemaData schemaUrl="#hospitals">
		<SimpleData name="Category">medical_clinic</SimpleData>
		<SimpleData name="Address">Vinchurkar Diagnostics Pvt Ltd, Behind Sardar Vinchurkar Bunglow, Old Agra Road, CBS Rd, opp. Samrat Kotel, Shalimar, Nashik, Maharashtra 422001, India</SimpleData>
		<SimpleData name="Latitude">19.9992497</SimpleData>
		<SimpleData name="Longitude">73.7831467</SimpleData>
		<SimpleData name="Rating">4.5</SimpleData>
		<SimpleData name="Place_ID">ChIJ5b6h4Qfr3TsRBdqycHb3-j0</SimpleData>
		<SimpleData name="Distance_m">1461</SimpleData>
	</SchemaData></ExtendedData>
      <Point><coordinates>73.7831467,19.9992497</coordinates></Point>
  </Placemark>
  <Placemark id="hospitals.244">
	<name>SHREE SWAMI CLINIC</name>
	<ExtendedData><SchemaData schemaUrl="#hospitals">
		<SimpleData name="Category">doctor</SimpleData>
		<SimpleData name="Address">Shop No-2, Apna Ghar Appartment, Infront of Trikoni Garden, Kathe Ln, Dwarka, Nashik, Maharashtra 422011, India</SimpleData>
		<SimpleData name="Latitude">19.9896239</SimpleData>
		<SimpleData name="Longitude">73.8046334</SimpleData>
		<SimpleData name="Rating">5</SimpleData>
		<SimpleData name="Place_ID">ChIJBf7or7zr3TsRv7fjDCjFoCg</SimpleData>
		<SimpleData name="Distance_m">1306</SimpleData>
	</SchemaData></ExtendedData>
      <Point><coordinates>73.8046334,19.9896239</coordinates></Point>
  </Placemark>
  <Placemark id="hospitals.245">
	<name>SHREE OMPREET CLINIC.</name>
	<ExtendedData><SchemaData schemaUrl="#hospitals">
		<SimpleData name="Category">doctor</SimpleData>
		<SimpleData name="Address">SAMARTH NAGAR, TAPOVAN, LINK ROAD, Dwarka, Nashik, Maharashtra 422011, India</SimpleData>
		<SimpleData name="Latitude">19.9913797</SimpleData>
		<SimpleData name="Longitude">73.8091387</SimpleData>
		<SimpleData name="Rating">4.8</SimpleData>
		<SimpleData name="Place_ID">ChIJz-KCKqbr3TsRD8s1eS4GOUI</SimpleData>
		<SimpleData name="Distance_m">1063</SimpleData>
	</SchemaData></ExtendedData>
      <Point><coordinates>73.8091387,19.9913797</coordinates></Point>
  </Placemark>
  <Placemark id="hospitals.246">
	<name>Dr. Suresh Patil Tapovan Heart Clinic | Cardiologist In Nashik | Angioplasty In Nashik</name>
	<ExtendedData><SchemaData schemaUrl="#hospitals">
		<SimpleData name="Category">doctor</SimpleData>
		<SimpleData name="Address">Tapovan Rd, near Chetana hospital, Dwarka, Nashik, Maharashtra 422011, India</SimpleData>
		<SimpleData name="Latitude">19.9918222</SimpleData>
		<SimpleData name="Longitude">73.8088524</SimpleData>
		<SimpleData name="Rating">5</SimpleData>
		<SimpleData name="Place_ID">ChIJMWs9vHvr3TsRz31OlEc5aWI</SimpleData>
		<SimpleData name="Distance_m">1120</SimpleData>
	</SchemaData></ExtendedData>
      <Point><coordinates>73.8088524,19.9918222</coordinates></Point>
  </Placemark>
  <Placemark id="hospitals.247">
	<name>Shri Samarth Ayurvedic Clinic</name>
	<ExtendedData><SchemaData schemaUrl="#hospitals">
		<SimpleData name="Category">doctor</SimpleData>
		<SimpleData name="Address">102, Dnyaneshwari Apartment, Tapovan Link Road, Samarth Nagar, Anusuya Nagar, Nashik, Maharashtra 422011, India</SimpleData>
		<SimpleData name="Latitude">19.9906389</SimpleData>
		<SimpleData name="Longitude">73.8096644</SimpleData>
		<SimpleData name="Rating">4</SimpleData>
		<SimpleData name="Place_ID">ChIJFZOnAFnr3TsROmhey4HkDWw</SimpleData>
		<SimpleData name="Distance_m">964</SimpleData>
	</SchemaData></ExtendedData>
      <Point><coordinates>73.8096644,19.9906389</coordinates></Point>
  </Placemark>
  <Placemark id="hospitals.248">
	<name>Arihant clinic</name>
	<ExtendedData><SchemaData schemaUrl="#hospitals">
		<SimpleData name="Category">doctor</SimpleData>
		<SimpleData name="Address">Shop no 24 Rushab opp shankar nagar, Takli Rd, Dwarka, Nashik, Maharashtra 422011, India</SimpleData>
		<SimpleData name="Latitude">19.9949745</SimpleData>
		<SimpleData name="Longitude">73.8048153</SimpleData>
		<SimpleData name="Rating">5</SimpleData>
		<SimpleData name="Place_ID">ChIJcQBSRzDr3TsRNJGmEzLpwx0</SimpleData>
		<SimpleData name="Distance_m">239</SimpleData>
	</SchemaData></ExtendedData>
      <Point><coordinates>73.8048153,19.9949745</coordinates></Point>
  </Placemark>
  <Placemark id="hospitals.249">
	<name>Royal Home Decor</name>
	<ExtendedData><SchemaData schemaUrl="#hospitals">
		<SimpleData name="Category">health</SimpleData>
		<SimpleData name="Address">Dwarka, Nashik, Maharashtra 422011, India</SimpleData>
		<SimpleData name="Latitude">19.9929939</SimpleData>
		<SimpleData name="Longitude">73.8037081</SimpleData>
		<SimpleData name="Place_ID">ChIJI4G_p4jr3TsREDDAaXBDUEs</SimpleData>
		<SimpleData name="Distance_m">12</SimpleData>
	</SchemaData></ExtendedData>
      <Point><coordinates>73.8037081,19.9929939</coordinates></Point>
  </Placemark>
  <Placemark id="hospitals.250">
	<name>VAN-PRAVESH</name>
	<ExtendedData><SchemaData schemaUrl="#hospitals">
		<SimpleData name="Category">health</SimpleData>
		<SimpleData name="Address">Bunglow No.3, Ground Floor, Indira Society, Kathe Ln, near Trikoni Garden Police Chowki, Dwarka, Nashik, Maharashtra 422011, India</SimpleData>
		<SimpleData name="Latitude">19.9909104</SimpleData>
		<SimpleData name="Longitude">73.8045815</SimpleData>
		<SimpleData name="Place_ID">ChIJVbs_Gibr3TsRRge9dC_cudY</SimpleData>
		<SimpleData name="Distance_m">260</SimpleData>
	</SchemaData></ExtendedData>
      <Point><coordinates>73.8045815,19.9909104</coordinates></Point>
  </Placemark>
  <Placemark id="hospitals.251">
	<name>Moksh Home maintenance</name>
	<ExtendedData><SchemaData schemaUrl="#hospitals">
		<SimpleData name="Category">health</SimpleData>
		<SimpleData name="Address">Dwarka, Nashik, Maharashtra 422011, India</SimpleData>
		<SimpleData name="Latitude">19.9929939</SimpleData>
		<SimpleData name="Longitude">73.8037081</SimpleData>
		<SimpleData name="Place_ID">ChIJJWkdXLjr3TsR2dfPu1NLZ-E</SimpleData>
		<SimpleData name="Distance_m">12</SimpleData>
	</SchemaData></ExtendedData>
      <Point><coordinates>73.8037081,19.9929939</coordinates></Point>
  </Placemark>
  <Placemark id="hospitals.252">
	<name>Dr. Ashok Vankalas</name>
	<ExtendedData><SchemaData schemaUrl="#hospitals">
		<SimpleData name="Category">hospital</SimpleData>
		<SimpleData name="Address">Anandvan apartment by ravi mahajan, Jejurkar Ln, Dwarka, Nashik, Maharashtra 422011, India</SimpleData>
		<SimpleData name="Latitude">19.9925402</SimpleData>
		<SimpleData name="Longitude">73.8062066</SimpleData>
		<SimpleData name="Rating">5</SimpleData>
		<SimpleData name="Place_ID">ChIJe3kKuHXr3TsRx04kmk_yHbU</SimpleData>
		<SimpleData name="Distance_m">1366</SimpleData>
	</SchemaData></ExtendedData>
      <Point><coordinates>73.8062066,19.9925402</coordinates></Point>
  </Placemark>
  <Placemark id="hospitals.253">
	<name>More Hospital</name>
	<ExtendedData><SchemaData schemaUrl="#hospitals">
		<SimpleData name="Category">hospital</SimpleData>
		<SimpleData name="Address">Sheetal Society, Takli Rd, opp. Shankar Nagar 26, Dwarka, Nashik, Maharashtra 422011, India</SimpleData>
		<SimpleData name="Latitude">19.9952024</SimpleData>
		<SimpleData name="Longitude">73.8047178</SimpleData>
		<SimpleData name="Rating">4.1</SimpleData>
		<SimpleData name="Place_ID">ChIJrXZGRvrq3TsR01nfdEkeOeg</SimpleData>
		<SimpleData name="Distance_m">257</SimpleData>
	</SchemaData></ExtendedData>
      <Point><coordinates>73.8047178,19.9952024</coordinates></Point>
  </Placemark>
  <Placemark id="hospitals.254">
	<name>Yash Hospital</name>
	<ExtendedData><SchemaData schemaUrl="#hospitals">
		<SimpleData name="Category">hospital</SimpleData>
		<SimpleData name="Address">XRW3+8CC, Dwarka, Nashik, Maharashtra 422011, India</SimpleData>
		<SimpleData name="Latitude">19.9955048</SimpleData>
		<SimpleData name="Longitude">73.8033902</SimpleData>
		<SimpleData name="Rating">4</SimpleData>
		<SimpleData name="Place_ID">ChIJqSnBy_vq3TsRqBore-CNeNw</SimpleData>
		<SimpleData name="Distance_m">269</SimpleData>
	</SchemaData></ExtendedData>
      <Point><coordinates>73.8033902,19.9955048</coordinates></Point>
  </Placemark>
  <Placemark id="hospitals.255">
	<name>suyog child chest &amp; multispeciality hsopital</name>
	<ExtendedData><SchemaData schemaUrl="#hospitals">
		<SimpleData name="Category">hospital</SimpleData>
		<SimpleData name="Address">sr.no 897, rohini appt, Canada Corner, behind saraswat bank, Shalimar, Nashik, Maharashtra 422001, India</SimpleData>
		<SimpleData name="Latitude">20.0018531</SimpleData>
		<SimpleData name="Longitude">73.7866422</SimpleData>
		<SimpleData name="Rating">5</SimpleData>
		<SimpleData name="Place_ID">ChIJwWexi_7r3TsR_0jpOJslqjA</SimpleData>
		<SimpleData name="Distance_m">1012</SimpleData>
	</SchemaData></ExtendedData>
      <Point><coordinates>73.7866422,20.0018531</coordinates></Point>
  </Placemark>
  <Placemark id="hospitals.256">
	<name>MARATHI LOKSEVA TRUST - CITY DENTAL CLINIC</name>
	<ExtendedData><SchemaData schemaUrl="#hospitals">
		<SimpleData name="Category">hospital</SimpleData>
		<SimpleData name="Address">Naikwadi Pura, Panchavati, Nashik, Maharashtra 422001, India</SimpleData>
		<SimpleData name="Latitude">20.001728</SimpleData>
		<SimpleData name="Longitude">73.7914235</SimpleData>
		<SimpleData name="Rating">4.9</SimpleData>
		<SimpleData name="Place_ID">ChIJMYFvearr3TsRPyp1hbOB0f4</SimpleData>
		<SimpleData name="Distance_m">866</SimpleData>
	</SchemaData></ExtendedData>
      <Point><coordinates>73.7914235,20.001728</coordinates></Point>
  </Placemark>
  <Placemark id="hospitals.257">
	<name>Suman Hospitals Private limited</name>
	<ExtendedData><SchemaData schemaUrl="#hospitals">
		<SimpleData name="Category">corporate_office</SimpleData>
		<SimpleData name="Address">3, Ground floor, Mathura building, infant of BYK college, College Rd, Kulkarni Baug, Nashik, Maharashtra 422005, India</SimpleData>
		<SimpleData name="Latitude">20.0064205</SimpleData>
		<SimpleData name="Longitude">73.7622042</SimpleData>
		<SimpleData name="Rating">2.5</SimpleData>
		<SimpleData name="Place_ID">ChIJWf6qnuDr3TsROwOdWJKpHjI</SimpleData>
		<SimpleData name="Distance_m">95</SimpleData>
	</SchemaData></ExtendedData>
      <Point><coordinates>73.7622042,20.0064205</coordinates></Point>
  </Placemark>
  <Placemark id="hospitals.258">
	<name>Janani Nursing Home</name>
	<ExtendedData><SchemaData schemaUrl="#hospitals">
		<SimpleData name="Category">doctor</SimpleData>
		<SimpleData name="Address">Ground floor, Sandeep Apartment, Tryambakeshwar Road, Trimbak Naka, Police Staff Colony, Nashik, Maharashtra 422001, India</SimpleData>
		<SimpleData name="Latitude">19.9973128</SimpleData>
		<SimpleData name="Longitude">73.7805295</SimpleData>
		<SimpleData name="Rating">5</SimpleData>
		<SimpleData name="Place_ID">ChIJW14O_wjr3TsRNxbeDE3wKNM</SimpleData>
		<SimpleData name="Distance_m">796</SimpleData>
	</SchemaData></ExtendedData>
      <Point><coordinates>73.7805295,19.9973128</coordinates></Point>
  </Placemark>
  <Placemark id="hospitals.259">
	<name>Kasliwal Superspeciality Hospital</name>
	<ExtendedData><SchemaData schemaUrl="#hospitals">
		<SimpleData name="Category">doctor</SimpleData>
		<SimpleData name="Address">2nd Floor, Bosco Centre, Gangapur Rd, Nashik, Maharashtra 422005, India</SimpleData>
		<SimpleData name="Latitude">20.0107768</SimpleData>
		<SimpleData name="Longitude">73.7615637</SimpleData>
		<SimpleData name="Rating">4.8</SimpleData>
		<SimpleData name="Place_ID">ChIJ0zRUCprr3TsRAfCagKjvufs</SimpleData>
		<SimpleData name="Distance_m">1198</SimpleData>
	</SchemaData></ExtendedData>
      <Point><coordinates>73.7615637,20.0107768</coordinates></Point>
  </Placemark>
  <Placemark id="hospitals.260">
	<name>Nikam Hospital-Best laparoscopic Surgeon In Nashik | Best Gynecology Hospital in Nashik</name>
	<ExtendedData><SchemaData schemaUrl="#hospitals">
		<SimpleData name="Category">doctor</SimpleData>
		<SimpleData name="Address">Gangapur Rd, next to Reliance Digital, near jehan circle, D'souza Colony, Nashik, Maharashtra 422005, India</SimpleData>
		<SimpleData name="Latitude">20.0116631</SimpleData>
		<SimpleData name="Longitude">73.7574618</SimpleData>
		<SimpleData name="Rating">4.5</SimpleData>
		<SimpleData name="Place_ID">ChIJqfz3uo_r3TsRAozJ14V3ut8</SimpleData>
		<SimpleData name="Distance_m">761</SimpleData>
	</SchemaData></ExtendedData>
      <Point><coordinates>73.7574618,20.0116631</coordinates></Point>
  </Placemark>
  <Placemark id="hospitals.261">
	<name>DR.KHAIRE'S Bone &amp; Joint Clinic</name>
	<ExtendedData><SchemaData schemaUrl="#hospitals">
		<SimpleData name="Category">doctor</SimpleData>
		<SimpleData name="Address">One Gangapur, Jehan Circle, 304, Gangapur Rd, above Reliance Digital, D'souza Colony, Nashik, Maharashtra 422013, India</SimpleData>
		<SimpleData name="Latitude">20.0117351</SimpleData>
		<SimpleData name="Longitude">73.7570251</SimpleData>
		<SimpleData name="Rating">4.9</SimpleData>
		<SimpleData name="Place_ID">ChIJi1hDdvHr3TsRld2oR1mhdTc</SimpleData>
		<SimpleData name="Distance_m">715</SimpleData>
	</SchemaData></ExtendedData>
      <Point><coordinates>73.7570251,20.0117351</coordinates></Point>
  </Placemark>
  <Placemark id="hospitals.262">
	<name>Vijan Hospital &amp; Research Centre</name>
	<ExtendedData><SchemaData schemaUrl="#hospitals">
		<SimpleData name="Category">doctor</SimpleData>
		<SimpleData name="Address">Dr Vijan Hospital Marg, College Rd, Canada Corner, Nashik, Maharashtra 422005, India</SimpleData>
		<SimpleData name="Latitude">20.005301</SimpleData>
		<SimpleData name="Longitude">73.766641</SimpleData>
		<SimpleData name="Rating">4.7</SimpleData>
		<SimpleData name="Place_ID">ChIJ9-DeSJnr3TsRB8DCpuMUWHg</SimpleData>
		<SimpleData name="Distance_m">388</SimpleData>
	</SchemaData></ExtendedData>
      <Point><coordinates>73.766641,20.005301</coordinates></Point>
  </Placemark>
  <Placemark id="hospitals.263">
	<name>Dr. Sameeksha Dubey | Medical Oncologist | Nashik</name>
	<ExtendedData><SchemaData schemaUrl="#hospitals">
		<SimpleData name="Category">doctor</SimpleData>
		<SimpleData name="Address">College Rd, D'souza Colony, Nashik, Maharashtra 422005, India</SimpleData>
		<SimpleData name="Latitude">20.0102375</SimpleData>
		<SimpleData name="Longitude">73.7576943</SimpleData>
		<SimpleData name="Rating">4.3</SimpleData>
		<SimpleData name="Place_ID">ChIJjRv-VwXr3TsRd0QHyckmMr0</SimpleData>
		<SimpleData name="Distance_m">728</SimpleData>
	</SchemaData></ExtendedData>
      <Point><coordinates>73.7576943,20.0102375</coordinates></Point>
  </Placemark>
  <Placemark id="hospitals.264">
	<name>SkinAccess Clinics, College Road- Dr. Nishant Ghodake, MD (Skin) (JIPMER)</name>
	<ExtendedData><SchemaData schemaUrl="#hospitals">
		<SimpleData name="Category">doctor</SimpleData>
		<SimpleData name="Address">Ramrajya building no. 05, ground floor Next to CAFE COFFEE DAY, College Rd, near Bhosala circle, Rambhoomi, Parijat Nagar, Nashik, Maharashtra 422005, India</SimpleData>
		<SimpleData name="Latitude">20.0077026</SimpleData>
		<SimpleData name="Longitude">73.7549662</SimpleData>
		<SimpleData name="Rating">4.9</SimpleData>
		<SimpleData name="Place_ID">ChIJgWDX4pvr3TsRxgSjRrO2EmE</SimpleData>
		<SimpleData name="Distance_m">860</SimpleData>
	</SchemaData></ExtendedData>
      <Point><coordinates>73.7549662,20.0077026</coordinates></Point>
  </Placemark>
  <Placemark id="hospitals.265">
	<name>THS Plus Clinics</name>
	<ExtendedData><SchemaData schemaUrl="#hospitals">
		<SimpleData name="Category">doctor</SimpleData>
		<SimpleData name="Address">4, Nexus Point, Bhonsala Circle, College Rd, Rambhoomi, Veer Sawarkar Nagar, Nashik, Maharashtra 422005, India</SimpleData>
		<SimpleData name="Latitude">20.0083881</SimpleData>
		<SimpleData name="Longitude">73.7551825</SimpleData>
		<SimpleData name="Rating">4.5</SimpleData>
		<SimpleData name="Place_ID">ChIJcTTe4ojr3TsRpoouqY6Tlyw</SimpleData>
		<SimpleData name="Distance_m">859</SimpleData>
	</SchemaData></ExtendedData>
      <Point><coordinates>73.7551825,20.0083881</coordinates></Point>
  </Placemark>
  <Placemark id="hospitals.266">
	<name>Dr Roopam's Skinacea Skin &amp; Hair Clinic</name>
	<ExtendedData><SchemaData schemaUrl="#hospitals">
		<SimpleData name="Category">doctor</SimpleData>
		<SimpleData name="Address">1st floor, College Rd, near Kathiyawad Store, D'souza Colony, Nashik, Maharashtra 422005, India</SimpleData>
		<SimpleData name="Latitude">20.0107873</SimpleData>
		<SimpleData name="Longitude">73.7582354</SimpleData>
		<SimpleData name="Rating">4.9</SimpleData>
		<SimpleData name="Place_ID">ChIJK9r77I_r3TsRONRvdRUGYF4</SimpleData>
		<SimpleData name="Distance_m">729</SimpleData>
	</SchemaData></ExtendedData>
      <Point><coordinates>73.7582354,20.0107873</coordinates></Point>
  </Placemark>
  <Placemark id="hospitals.267">
	<name>Dr. Prachi's Homoeo clinic</name>
	<ExtendedData><SchemaData schemaUrl="#hospitals">
		<SimpleData name="Category">doctor</SimpleData>
		<SimpleData name="Address">College Rd, above Nykka showroom, near Big Bazar, Ramdas Colony, Nashik, Maharashtra 422005, India</SimpleData>
		<SimpleData name="Latitude">20.0054869</SimpleData>
		<SimpleData name="Longitude">73.7652758</SimpleData>
		<SimpleData name="Rating">5</SimpleData>
		<SimpleData name="Place_ID">ChIJBzhM84jr3TsR_RGZ5rgh4t8</SimpleData>
		<SimpleData name="Distance_m">245</SimpleData>
	</SchemaData></ExtendedData>
      <Point><coordinates>73.7652758,20.0054869</coordinates></Point>
  </Placemark>
  <Placemark id="hospitals.268">
	<name>Dr. Snehal Daga - Best Dermatologist in Nashik | Skin Doctor | Best Skin Specialist in Nashik</name>
	<ExtendedData><SchemaData schemaUrl="#hospitals">
		<SimpleData name="Category">doctor</SimpleData>
		<SimpleData name="Address">College Rd, above Woodland showroom, Patil Colony, Canada Corner, Nashik, Maharashtra 422005, India</SimpleData>
		<SimpleData name="Latitude">20.0053489</SimpleData>
		<SimpleData name="Longitude">73.7675704</SimpleData>
		<SimpleData name="Rating">4.8</SimpleData>
		<SimpleData name="Place_ID">ChIJG9xUZADr3TsRWvWnjLH3dnc</SimpleData>
		<SimpleData name="Distance_m">483</SimpleData>
	</SchemaData></ExtendedData>
      <Point><coordinates>73.7675704,20.0053489</coordinates></Point>
  </Placemark>
  <Placemark id="hospitals.269">
	<name>Sunrise Hospital</name>
	<ExtendedData><SchemaData schemaUrl="#hospitals">
		<SimpleData name="Category">general_hospital</SimpleData>
		<SimpleData name="Address">3rd Floor, Suyojit Modern Point, Sharanpur Road, Opp. Police Parade Ground, Police Staff Colony, Old Pandit Colony, Police Staff Colony, Nashik, Maharashtra 422002, India</SimpleData>
		<SimpleData name="Latitude">20.0006215</SimpleData>
		<SimpleData name="Longitude">73.7776543</SimpleData>
		<SimpleData name="Rating">4.2</SimpleData>
		<SimpleData name="Place_ID">ChIJXc--Uafr3TsRr9h2m_8nbO4</SimpleData>
		<SimpleData name="Distance_m">345</SimpleData>
	</SchemaData></ExtendedData>
      <Point><coordinates>73.7776543,20.0006215</coordinates></Point>
  </Placemark>
  <Placemark id="hospitals.270">
	<name>Leelavati Care</name>
	<ExtendedData><SchemaData schemaUrl="#hospitals">
		<SimpleData name="Category">general_hospital</SimpleData>
		<SimpleData name="Address">College Rd, opp. Archies Gallery, Ramdas Colony, Nashik, Maharashtra 422005, India</SimpleData>
		<SimpleData name="Latitude">20.0055549</SimpleData>
		<SimpleData name="Longitude">73.7648161</SimpleData>
		<SimpleData name="Rating">4.2</SimpleData>
		<SimpleData name="Place_ID">ChIJUWhyopvr3TsRSECww3N6Ves</SimpleData>
		<SimpleData name="Distance_m">196</SimpleData>
	</SchemaData></ExtendedData>
      <Point><coordinates>73.7648161,20.0055549</coordinates></Point>
  </Placemark>
  <Placemark id="hospitals.271">
	<name>Vidula Nursing Home &amp; Fertility Clinic</name>
	<ExtendedData><SchemaData schemaUrl="#hospitals">
		<SimpleData name="Category">health</SimpleData>
		<SimpleData name="Address">Gangapur Rd, Murkute Colony, Runanubandha, New Pandit Colony, Nashik, Maharashtra 422002, India</SimpleData>
		<SimpleData name="Latitude">20.0056689</SimpleData>
		<SimpleData name="Longitude">73.7750892</SimpleData>
		<SimpleData name="Rating">4.3</SimpleData>
		<SimpleData name="Place_ID">ChIJ3SzzX5jr3TsRryA1Kb7GoXw</SimpleData>
		<SimpleData name="Distance_m">433</SimpleData>
	</SchemaData></ExtendedData>
      <Point><coordinates>73.7750892,20.0056689</coordinates></Point>
  </Placemark>
  <Placemark id="hospitals.272">
	<name>Samarth Home Care</name>
	<ExtendedData><SchemaData schemaUrl="#hospitals">
		<SimpleData name="Category">health</SimpleData>
		<SimpleData name="Address">Dr BS Moonje Marg, Vanvihar Colony, MIDC, Satpur Colony, Nashik, Maharashtra 422007, India</SimpleData>
		<SimpleData name="Latitude">20.0027533</SimpleData>
		<SimpleData name="Longitude">73.7512329</SimpleData>
		<SimpleData name="Rating">5</SimpleData>
		<SimpleData name="Place_ID">ChIJ5T7BRMcLI0QRfGnw5G3ISSs</SimpleData>
		<SimpleData name="Distance_m">2444</SimpleData>
	</SchemaData></ExtendedData>
      <Point><coordinates>73.7512329,20.0027533</coordinates></Point>
  </Placemark>
  <Placemark id="hospitals.273">
	<name>Safalya Nursing Home</name>
	<ExtendedData><SchemaData schemaUrl="#hospitals">
		<SimpleData name="Category">health</SimpleData>
		<SimpleData name="Address">Safalya Pumping Station, Gangapur Road, Gangapur Road, Shreerang Nagar, Nashik, Maharashtra 422002, India</SimpleData>
		<SimpleData name="Latitude">20.0078442</SimpleData>
		<SimpleData name="Longitude">73.7701929</SimpleData>
		<SimpleData name="Rating">2</SimpleData>
		<SimpleData name="Place_ID">ChIJ3SzzX5jr3TsRyGx6mOcebHw</SimpleData>
		<SimpleData name="Distance_m">815</SimpleData>
	</SchemaData></ExtendedData>
      <Point><coordinates>73.7701929,20.0078442</coordinates></Point>
  </Placemark>
  <Placemark id="hospitals.274">
	<name>Sanjeevani Anandalaya</name>
	<ExtendedData><SchemaData schemaUrl="#hospitals">
		<SimpleData name="Category">health</SimpleData>
		<SimpleData name="Address">11, Saiprasad/anusha CHS, Near Kashyapi Garden Behind NAMCO bank, pumping station road, Gangapur Rd, Saubhagya Nagar, Nashik, Maharashtra 422013, India</SimpleData>
		<SimpleData name="Latitude">20.0112325</SimpleData>
		<SimpleData name="Longitude">73.7652106</SimpleData>
		<SimpleData name="Place_ID">ChIJ04pp7sXr3TsRLl9sj277r64</SimpleData>
		<SimpleData name="Distance_m">1572</SimpleData>
	</SchemaData></ExtendedData>
      <Point><coordinates>73.7652106,20.0112325</coordinates></Point>
  </Placemark>
  <Placemark id="hospitals.275">
	<name>Sushil medical &amp; general stores</name>
	<ExtendedData><SchemaData schemaUrl="#hospitals">
		<SimpleData name="Category">health</SimpleData>
		<SimpleData name="Address">sushil surgical nursing home, road, Gangapur Rd, Saptashrungi Colony, Shreerang Nagar, Nashik, Maharashtra 422013, India</SimpleData>
		<SimpleData name="Latitude">20.0103619</SimpleData>
		<SimpleData name="Longitude">73.7693981</SimpleData>
		<SimpleData name="Rating">3.4</SimpleData>
		<SimpleData name="Place_ID">ChIJw53sI5jr3TsR0fATwc5PDPQ</SimpleData>
		<SimpleData name="Distance_m">2016</SimpleData>
	</SchemaData></ExtendedData>
      <Point><coordinates>73.7693981,20.0103619</coordinates></Point>
  </Placemark>
  <Placemark id="hospitals.276">
	<name>Ayuswasthya Panchakarma Superspeciality Clinic-Dr.Omkar Londhe Patil</name>
	<ExtendedData><SchemaData schemaUrl="#hospitals">
		<SimpleData name="Category">health</SimpleData>
		<SimpleData name="Address">Jihan circle, Bus Stop, Gangapur Rd, D'souza Colony, Nashik, Maharashtra 422005, India</SimpleData>
		<SimpleData name="Latitude">20.0118739</SimpleData>
		<SimpleData name="Longitude">73.7563711</SimpleData>
		<SimpleData name="Rating">4.9</SimpleData>
		<SimpleData name="Place_ID">ChIJHaqYAADr3TsRVfCbDwuAc-g</SimpleData>
		<SimpleData name="Distance_m">646</SimpleData>
	</SchemaData></ExtendedData>
      <Point><coordinates>73.7563711,20.0118739</coordinates></Point>
  </Placemark>
  <Placemark id="hospitals.277">
	<name>NIRMALA HOME</name>
	<ExtendedData><SchemaData schemaUrl="#hospitals">
		<SimpleData name="Category">health</SimpleData>
		<SimpleData name="Address">2, Gajanan Janardhan Mhatre Marg, Madhu Vijay Colony, D'souza Colony, Nashik, Maharashtra 422005, India</SimpleData>
		<SimpleData name="Latitude">20.009614</SimpleData>
		<SimpleData name="Longitude">73.7575315</SimpleData>
		<SimpleData name="Rating">3.9</SimpleData>
		<SimpleData name="Place_ID">ChIJ6--xY4Xr3TsRgMUTYhfqUkM</SimpleData>
		<SimpleData name="Distance_m">699</SimpleData>
	</SchemaData></ExtendedData>
      <Point><coordinates>73.7575315,20.009614</coordinates></Point>
  </Placemark>
  <Placemark id="hospitals.278">
	<name>Milestone</name>
	<ExtendedData><SchemaData schemaUrl="#hospitals">
		<SimpleData name="Category">health</SimpleData>
		<SimpleData name="Address">2Q46+QVG, College Rd, opposite NBT Law College, Kulkarni Baug, Nashik, Maharashtra 422005, India</SimpleData>
		<SimpleData name="Latitude">20.0069255</SimpleData>
		<SimpleData name="Longitude">73.762197</SimpleData>
		<SimpleData name="Rating">4.3</SimpleData>
		<SimpleData name="Place_ID">ChIJc82ofp_r3TsRpmwlwiqW3LQ</SimpleData>
		<SimpleData name="Distance_m">133</SimpleData>
	</SchemaData></ExtendedData>
      <Point><coordinates>73.762197,20.0069255</coordinates></Point>
  </Placemark>
  <Placemark id="hospitals.279">
	<name>Shree Gajanan ayurved chikitsalaya</name>
	<ExtendedData><SchemaData schemaUrl="#hospitals">
		<SimpleData name="Category">health</SimpleData>
		<SimpleData name="Address">Patil Lane, 3, College Rd, opposite Big Bazar, Patil Colony, Canada Corner, Nashik, Maharashtra 422005, India</SimpleData>
		<SimpleData name="Latitude">20.0058463</SimpleData>
		<SimpleData name="Longitude">73.7665969</SimpleData>
		<SimpleData name="Rating">4.8</SimpleData>
		<SimpleData name="Place_ID">ChIJOyYoSaDr3TsRG7Lf8f1TP5Q</SimpleData>
		<SimpleData name="Distance_m">376</SimpleData>
	</SchemaData></ExtendedData>
      <Point><coordinates>73.7665969,20.0058463</coordinates></Point>
  </Placemark>
  <Placemark id="hospitals.280">
	<name>Sushrut Hospital</name>
	<ExtendedData><SchemaData schemaUrl="#hospitals">
		<SimpleData name="Category">hospital</SimpleData>
		<SimpleData name="Address">Gautam New Pandit Colony, Sharanpur Road, Sharanpur, opposite Lion Garden, New Pandit Colony, Nashik, Maharashtra 422002, India</SimpleData>
		<SimpleData name="Latitude">20.0027833</SimpleData>
		<SimpleData name="Longitude">73.7752974</SimpleData>
		<SimpleData name="Rating">4</SimpleData>
		<SimpleData name="Place_ID">ChIJS7yUqKDr3TsRsauJxml4kMA</SimpleData>
		<SimpleData name="Distance_m">131</SimpleData>
	</SchemaData></ExtendedData>
      <Point><coordinates>73.7752974,20.0027833</coordinates></Point>
  </Placemark>
  <Placemark id="hospitals.281">
	<name>Shraddha Hospital</name>
	<ExtendedData><SchemaData schemaUrl="#hospitals">
		<SimpleData name="Category">hospital</SimpleData>
		<SimpleData name="Address">2Q2F+J75, Sharanpur Rd, Opposite Pr. T.A. Kulkarni Udyan, Racca Colony, Jejurkar Wadi, Sharanpur, Nashik, Maharashtra 422002, India</SimpleData>
		<SimpleData name="Latitude">20.0015032</SimpleData>
		<SimpleData name="Longitude">73.7732384</SimpleData>
		<SimpleData name="Rating">4.1</SimpleData>
		<SimpleData name="Place_ID">ChIJS7yUqKDr3TsRIPLshhC8FR8</SimpleData>
		<SimpleData name="Distance_m">146</SimpleData>
	</SchemaData></ExtendedData>
      <Point><coordinates>73.7732384,20.0015032</coordinates></Point>
  </Placemark>
  <Placemark id="hospitals.282">
	<name>Civil Hospital</name>
	<ExtendedData><SchemaData schemaUrl="#hospitals">
		<SimpleData name="Category">hospital</SimpleData>
		<SimpleData name="Address">Trambakeshwar Rd, Police Staff Colony, Nashik, Maharashtra 422002, India</SimpleData>
		<SimpleData name="Latitude">19.9967871</SimpleData>
		<SimpleData name="Longitude">73.7783027</SimpleData>
		<SimpleData name="Rating">3.2</SimpleData>
		<SimpleData name="Place_ID">ChIJ5QvLdgnr3TsRRR67VAbATQQ</SimpleData>
		<SimpleData name="Distance_m">679</SimpleData>
	</SchemaData></ExtendedData>
      <Point><coordinates>73.7783027,19.9967871</coordinates></Point>
  </Placemark>
  <Placemark id="hospitals.283">
	<name>Shinge Multispeciality Hospital</name>
	<ExtendedData><SchemaData schemaUrl="#hospitals">
		<SimpleData name="Category">hospital</SimpleData>
		<SimpleData name="Address">XQXC+9FF Sharanpur Road, Near, Police Commissioner Office Rd, opp. Rachana Vidyalaya, Kulkarni Colony, Sharanpur, Nashik, Maharashtra 422002, India</SimpleData>
		<SimpleData name="Latitude">19.998438</SimpleData>
		<SimpleData name="Longitude">73.771176</SimpleData>
		<SimpleData name="Rating">5</SimpleData>
		<SimpleData name="Place_ID">ChIJN7-PTHXr3TsR3JCa88zteZg</SimpleData>
		<SimpleData name="Distance_m">517</SimpleData>
	</SchemaData></ExtendedData>
      <Point><coordinates>73.771176,19.998438</coordinates></Point>
  </Placemark>
  <Placemark id="hospitals.284">
	<name>Dr. Pushkar Lele, ENT Surgeon | Lele Hospital &amp; Research Center Nashik</name>
	<ExtendedData><SchemaData schemaUrl="#hospitals">
		<SimpleData name="Category">hospital</SimpleData>
		<SimpleData name="Address">Kulkarni Colony, Near Kulkarni Garden, Sharanpur Rd, opposite Soni Paithani sarees, Racca Colony, Sharanpur, Nashik, Maharashtra 422002, India</SimpleData>
		<SimpleData name="Latitude">20.0009891</SimpleData>
		<SimpleData name="Longitude">73.7724903</SimpleData>
		<SimpleData name="Rating">4.3</SimpleData>
		<SimpleData name="Place_ID">ChIJxfoVPqDr3TsRsxrxlgVckGM</SimpleData>
		<SimpleData name="Distance_m">238</SimpleData>
	</SchemaData></ExtendedData>
      <Point><coordinates>73.7724903,20.0009891</coordinates></Point>
  </Placemark>
  <Placemark id="hospitals.285">
	<name>Jantara Hospital</name>
	<ExtendedData><SchemaData schemaUrl="#hospitals">
		<SimpleData name="Category">hospital</SimpleData>
		<SimpleData name="Address">Lane No. 6, Sharanpur Rd, Old Pandit Colony, Pandit Colony, Nashik, Maharashtra 422002, India</SimpleData>
		<SimpleData name="Latitude">20.0016048</SimpleData>
		<SimpleData name="Longitude">73.7764307</SimpleData>
		<SimpleData name="Rating">5</SimpleData>
		<SimpleData name="Place_ID">ChIJS7yUqKDr3TsRFw-EYLlU76Q</SimpleData>
		<SimpleData name="Distance_m">193</SimpleData>
	</SchemaData></ExtendedData>
      <Point><coordinates>73.7764307,20.0016048</coordinates></Point>
  </Placemark>
  <Placemark id="hospitals.286">
	<name>Urja maternity and Women�s care Hospital</name>
	<ExtendedData><SchemaData schemaUrl="#hospitals">
		<SimpleData name="Category">hospital</SimpleData>
		<SimpleData name="Address">Sharanpur Rd, behind Soni Paithani sari, Racca Colony, Jejurkar Wadi, Kulkarni Colony, Nashik, Maharashtra 422002, India</SimpleData>
		<SimpleData name="Latitude">20.0003095</SimpleData>
		<SimpleData name="Longitude">73.7728571</SimpleData>
		<SimpleData name="Rating">4.6</SimpleData>
		<SimpleData name="Place_ID">ChIJAQBAT6Dr3TsRffVsNDti9q4</SimpleData>
		<SimpleData name="Distance_m">246</SimpleData>
	</SchemaData></ExtendedData>
      <Point><coordinates>73.7728571,20.0003095</coordinates></Point>
  </Placemark>
  <Placemark id="hospitals.287">
	<name>Karnawat Speciality Clinic &amp; Diagnostic Centre</name>
	<ExtendedData><SchemaData schemaUrl="#hospitals">
		<SimpleData name="Category">hospital</SimpleData>
		<SimpleData name="Address">Near Rajiv Gandhi Bhavan, Third Floor, Suyojit Sankul, Sharanpur Rd, Sharanpur, Tilak Wadi, Jejurkar Wadi, Sharanpur, Nashik, Maharashtra 422002, India</SimpleData>
		<SimpleData name="Latitude">20.0003391</SimpleData>
		<SimpleData name="Longitude">73.7764573</SimpleData>
		<SimpleData name="Rating">4.6</SimpleData>
		<SimpleData name="Place_ID">ChIJK0jFr6Dr3TsR_zcs2jo04r0</SimpleData>
		<SimpleData name="Distance_m">253</SimpleData>
	</SchemaData></ExtendedData>
      <Point><coordinates>73.7764573,20.0003391</coordinates></Point>
  </Placemark>
  <Placemark id="hospitals.288">
	<name>Deore Superspeciality Hospital</name>
	<ExtendedData><SchemaData schemaUrl="#hospitals">
		<SimpleData name="Category">hospital</SimpleData>
		<SimpleData name="Address">Floor No. 3 Roonghtha Supremus, Shree hari kute marg, Chandak Cir, Mumbai Naka, Tidke Colony, Nashik, Maharashtra 422002, India</SimpleData>
		<SimpleData name="Latitude">19.9919436</SimpleData>
		<SimpleData name="Longitude">73.7778188</SimpleData>
		<SimpleData name="Rating">4.6</SimpleData>
		<SimpleData name="Place_ID">ChIJG5ZgP6_r3TsR6JkI1Ra7Shg</SimpleData>
		<SimpleData name="Distance_m">851</SimpleData>
	</SchemaData></ExtendedData>
      <Point><coordinates>73.7778188,19.9919436</coordinates></Point>
  </Placemark>
  <Placemark id="hospitals.289">
	<name>NewCasualty</name>
	<ExtendedData><SchemaData schemaUrl="#hospitals">
		<SimpleData name="Category">hospital</SimpleData>
		<SimpleData name="Address">XQXH+45M, Police Staff Colony, Nashik, Maharashtra 422002, India</SimpleData>
		<SimpleData name="Latitude">19.9981208</SimpleData>
		<SimpleData name="Longitude">73.7781816</SimpleData>
		<SimpleData name="Rating">5</SimpleData>
		<SimpleData name="Place_ID">ChIJf_YaXgDr3TsRlwvd_LhuaHk</SimpleData>
		<SimpleData name="Distance_m">1133</SimpleData>
	</SchemaData></ExtendedData>
      <Point><coordinates>73.7781816,19.9981208</coordinates></Point>
  </Placemark>
  <Placemark id="hospitals.290">
	<name>Dr Atul Vadgaonkar | Vijay Nursing Home</name>
	<ExtendedData><SchemaData schemaUrl="#hospitals">
		<SimpleData name="Category">hospital</SimpleData>
		<SimpleData name="Address">Plot No. 46, Gangapur Road, Behind Khatib Dairy, Vise Mala, Shreerang Nagar, Nashik, Maharashtra 422013, India</SimpleData>
		<SimpleData name="Latitude">20.0089468</SimpleData>
		<SimpleData name="Longitude">73.7689152</SimpleData>
		<SimpleData name="Rating">4.8</SimpleData>
		<SimpleData name="Place_ID">ChIJq4HuAXLs3TsRVwDTk5lOuBc</SimpleData>
		<SimpleData name="Distance_m">2568</SimpleData>
	</SchemaData></ExtendedData>
      <Point><coordinates>73.7689152,20.0089468</coordinates></Point>
  </Placemark>
  <Placemark id="hospitals.291">
	<name>Dr. Deore Nursing Home</name>
	<ExtendedData><SchemaData schemaUrl="#hospitals">
		<SimpleData name="Category">hospital</SimpleData>
		<SimpleData name="Address">TAMBAT GHAT, HANUMAN GHAT, GHARPURE GHAT, Nirganga Apartments, Gangapur Rd, Ashok Stambh, Shivaji Nagar, Nashik, Maharashtra 422002, India</SimpleData>
		<SimpleData name="Latitude">20.0080067</SimpleData>
		<SimpleData name="Longitude">73.7835228</SimpleData>
		<SimpleData name="Place_ID">ChIJCcWyYuHr3TsRmyXk9PXnnpI</SimpleData>
		<SimpleData name="Distance_m">1537</SimpleData>
	</SchemaData></ExtendedData>
      <Point><coordinates>73.7835228,20.0080067</coordinates></Point>
  </Placemark>
  <Placemark id="hospitals.292">
	<name>Healing Hands Clinic</name>
	<ExtendedData><SchemaData schemaUrl="#hospitals">
		<SimpleData name="Category">hospital</SimpleData>
		<SimpleData name="Address">Devi Complex, The Zone, 3rd floor, College Rd, opp. Movie Max, above subway, Patil Colony, Canada Corner, Nashik, Maharashtra 422005, India</SimpleData>
		<SimpleData name="Latitude">20.005625</SimpleData>
		<SimpleData name="Longitude">73.7665389</SimpleData>
		<SimpleData name="Rating">4.9</SimpleData>
		<SimpleData name="Place_ID">ChIJDw49RJnr3TsRlJZPTWbPnMI</SimpleData>
		<SimpleData name="Distance_m">2581</SimpleData>
	</SchemaData></ExtendedData>
      <Point><coordinates>73.7665389,20.005625</coordinates></Point>
  </Placemark>
  <Placemark id="hospitals.293">
	<name>Prime Hospital</name>
	<ExtendedData><SchemaData schemaUrl="#hospitals">
		<SimpleData name="Category">hospital</SimpleData>
		<SimpleData name="Address">One Gangapur, Jehan Circle, Gangapur Rd, D'souza Colony, Nashik, Maharashtra 422013, India</SimpleData>
		<SimpleData name="Latitude">20.011974</SimpleData>
		<SimpleData name="Longitude">73.7563732</SimpleData>
		<SimpleData name="Rating">4.9</SimpleData>
		<SimpleData name="Place_ID">ChIJwzw9TSPr3TsR5qv-K8ekwzY</SimpleData>
		<SimpleData name="Distance_m">645</SimpleData>
	</SchemaData></ExtendedData>
      <Point><coordinates>73.7563732,20.011974</coordinates></Point>
  </Placemark>
  <Placemark id="hospitals.294">
	<name>NIMS Multispeciality Hospital</name>
	<ExtendedData><SchemaData schemaUrl="#hospitals">
		<SimpleData name="Category">hospital</SimpleData>
		<SimpleData name="Address">Gangapur Rd, Thatte Nagar, Nashik, Maharashtra 422005, India</SimpleData>
		<SimpleData name="Latitude">20.009769</SimpleData>
		<SimpleData name="Longitude">73.76385</SimpleData>
		<SimpleData name="Rating">4.6</SimpleData>
		<SimpleData name="Place_ID">ChIJpwTEcprr3TsRHpeA0_FIm2I</SimpleData>
		<SimpleData name="Distance_m">1452</SimpleData>
	</SchemaData></ExtendedData>
      <Point><coordinates>73.76385,20.009769</coordinates></Point>
  </Placemark>
  <Placemark id="hospitals.295">
	<name>Shree Siddhivinayak Hospital</name>
	<ExtendedData><SchemaData schemaUrl="#hospitals">
		<SimpleData name="Category">hospital</SimpleData>
		<SimpleData name="Address">Unity Campus, Gangapur Rd, opposite K.T.H.M. College, Police Staff Colony, Nashik, Maharashtra 422002, India</SimpleData>
		<SimpleData name="Latitude">20.00556</SimpleData>
		<SimpleData name="Longitude">73.7780043</SimpleData>
		<SimpleData name="Rating">3.6</SimpleData>
		<SimpleData name="Place_ID">ChIJmZWKQe3t3TsRltAoHKNilOk</SimpleData>
		<SimpleData name="Distance_m">2997</SimpleData>
	</SchemaData></ExtendedData>
      <Point><coordinates>73.7780043,20.00556</coordinates></Point>
  </Placemark>
  <Placemark id="hospitals.296">
	<name>Rishikesh Plus Super Speciality Hospital LLP</name>
	<ExtendedData><SchemaData schemaUrl="#hospitals">
		<SimpleData name="Category">hospital</SimpleData>
		<SimpleData name="Address">09, Gangapur Rd, Murkute Colony, Thakkar Nagar, New Pandit Colony, Nashik, Maharashtra 422002, India</SimpleData>
		<SimpleData name="Latitude">20.0060178</SimpleData>
		<SimpleData name="Longitude">73.774781</SimpleData>
		<SimpleData name="Rating">3.1</SimpleData>
		<SimpleData name="Place_ID">ChIJkUh2tqTr3TsR9Us0wmXpN-o</SimpleData>
		<SimpleData name="Distance_m">2659</SimpleData>
	</SchemaData></ExtendedData>
      <Point><coordinates>73.774781,20.0060178</coordinates></Point>
  </Placemark>
  <Placemark id="hospitals.297">
	<name>Gangurde Hospital - Centre for chest diseases</name>
	<ExtendedData><SchemaData schemaUrl="#hospitals">
		<SimpleData name="Category">hospital</SimpleData>
		<SimpleData name="Address">Gangapur Rd, behind Woodland Towers, Old Gangapur Naka, Shreerang Nagar, Nashik, Maharashtra 422013, India</SimpleData>
		<SimpleData name="Latitude">20.0079745</SimpleData>
		<SimpleData name="Longitude">73.7715192</SimpleData>
		<SimpleData name="Rating">4.4</SimpleData>
		<SimpleData name="Place_ID">ChIJ3SzzX5jr3TsRQQEAWjRV38k</SimpleData>
		<SimpleData name="Distance_m">2276</SimpleData>
	</SchemaData></ExtendedData>
      <Point><coordinates>73.7715192,20.0079745</coordinates></Point>
  </Placemark>
  <Placemark id="hospitals.298">
	<name>Sanjivan Hospital</name>
	<ExtendedData><SchemaData schemaUrl="#hospitals">
		<SimpleData name="Category">hospital</SimpleData>
		<SimpleData name="Address">59, 60, behind Khatib Dairy, Old Gangapur Naka, Sapthshrungi Colony, Shreerang Nagar, Nashik, Maharashtra 422013, India</SimpleData>
		<SimpleData name="Latitude">20.0099177</SimpleData>
		<SimpleData name="Longitude">73.7698092</SimpleData>
		<SimpleData name="Rating">4.8</SimpleData>
		<SimpleData name="Place_ID">ChIJszYgFpjr3TsRaxFIEfatIvQ</SimpleData>
		<SimpleData name="Distance_m">2064</SimpleData>
	</SchemaData></ExtendedData>
      <Point><coordinates>73.7698092,20.0099177</coordinates></Point>
  </Placemark>
  <Placemark id="hospitals.299">
	<name>Lotus hospital</name>
	<ExtendedData><SchemaData schemaUrl="#hospitals">
		<SimpleData name="Category">hospital</SimpleData>
		<SimpleData name="Address">Vidya Vikas Circle, 2Q69+M2C, Gangapur Rd, Bhavik Nagar, Shreerang Nagar, Nashik, Maharashtra 422013, India</SimpleData>
		<SimpleData name="Latitude">20.0116935</SimpleData>
		<SimpleData name="Longitude">73.7675081</SimpleData>
		<SimpleData name="Rating">3.7</SimpleData>
		<SimpleData name="Place_ID">ChIJLf22Ojjr3TsRGGEj8SqIni4</SimpleData>
		<SimpleData name="Distance_m">1809</SimpleData>
	</SchemaData></ExtendedData>
      <Point><coordinates>73.7675081,20.0116935</coordinates></Point>
  </Placemark>
  <Placemark id="hospitals.300">
	<name>Safalya Hospital for Children &amp; Critical Care Center</name>
	<ExtendedData><SchemaData schemaUrl="#hospitals">
		<SimpleData name="Category">hospital</SimpleData>
		<SimpleData name="Address">Gangapur Road Pumping station, corner, Vidya Vikas Cir, Patil Colony, Nashik, Maharashtra 422005, India</SimpleData>
		<SimpleData name="Latitude">20.0091957</SimpleData>
		<SimpleData name="Longitude">73.7664798</SimpleData>
		<SimpleData name="Rating">3.1</SimpleData>
		<SimpleData name="Place_ID">ChIJP36q7Jnr3TsRX8eLBsLMoUg</SimpleData>
		<SimpleData name="Distance_m">1733</SimpleData>
	</SchemaData></ExtendedData>
      <Point><coordinates>73.7664798,20.0091957</coordinates></Point>
  </Placemark>
  <Placemark id="hospitals.301">
	<name>NSS MKCURE HOSPITAL</name>
	<ExtendedData><SchemaData schemaUrl="#hospitals">
		<SimpleData name="Category">hospital</SimpleData>
		<SimpleData name="Address">Narayan sonawane marg,Old D'souza Colony, 2Q64+9H3 Jehan Cercal, Gangapur Rd, D'souza Colony, Nashik, Maharashtra 422005, India</SimpleData>
		<SimpleData name="Latitude">20.0108806</SimpleData>
		<SimpleData name="Longitude">73.7564225</SimpleData>
		<SimpleData name="Rating">5</SimpleData>
		<SimpleData name="Place_ID">ChIJIcfZNwDr3TsRFTbwZlIOCFw</SimpleData>
		<SimpleData name="Distance_m">666</SimpleData>
	</SchemaData></ExtendedData>
      <Point><coordinates>73.7564225,20.0108806</coordinates></Point>
  </Placemark>
  <Placemark id="hospitals.302">
	<name>Kekan Hospital</name>
	<ExtendedData><SchemaData schemaUrl="#hospitals">
		<SimpleData name="Category">hospital</SimpleData>
		<SimpleData name="Address">Lokmanya Nagar, Gangapur Rd, near K.T.H.M. Ladies Hostel, Shivaji Nagar, Nashik, Maharashtra 422002, India</SimpleData>
		<SimpleData name="Latitude">20.0081149</SimpleData>
		<SimpleData name="Longitude">73.776942</SimpleData>
		<SimpleData name="Rating">4.6</SimpleData>
		<SimpleData name="Place_ID">ChIJ3SzzX5jr3TsREcEKQNiDqKY</SimpleData>
		<SimpleData name="Distance_m">2831</SimpleData>
	</SchemaData></ExtendedData>
      <Point><coordinates>73.776942,20.0081149</coordinates></Point>
  </Placemark>
  <Placemark id="hospitals.303">
	<name>DR YOGESH ARJUN PATIL, PAEDIATRIC &amp; VACCINATION CLINIC, SHRI DATTA CLINIC,VIDYA VIKAS CIRCLE, GANGAPUR ROAD .</name>
	<ExtendedData><SchemaData schemaUrl="#hospitals">
		<SimpleData name="Category">hospital</SimpleData>
		<SimpleData name="Address">Vidya vikas circle, Gangapur Rd, Vise Mala, Shreerang Nagar, Nashik, Maharashtra 422013, India</SimpleData>
		<SimpleData name="Latitude">20.0095509</SimpleData>
		<SimpleData name="Longitude">73.766691</SimpleData>
		<SimpleData name="Rating">4.8</SimpleData>
		<SimpleData name="Place_ID">ChIJdZt76Znr3TsRMK3qYiKS0aw</SimpleData>
		<SimpleData name="Distance_m">1748</SimpleData>
	</SchemaData></ExtendedData>
      <Point><coordinates>73.766691,20.0095509</coordinates></Point>
  </Placemark>
  <Placemark id="hospitals.304">
	<name>Six Sigma Medicare</name>
	<ExtendedData><SchemaData schemaUrl="#hospitals">
		<SimpleData name="Category">hospital</SimpleData>
		<SimpleData name="Address">Satguru's, Mahatma Nagar Water Tank Rd, opp. Water Tank, Mahatma Nagar, Parijat Nagar, Nashik, Maharashtra 422005, India</SimpleData>
		<SimpleData name="Latitude">20.0003062</SimpleData>
		<SimpleData name="Longitude">73.7546412</SimpleData>
		<SimpleData name="Rating">4.6</SimpleData>
		<SimpleData name="Place_ID">ChIJOcfBMILr3TsRRy5UEFx-uTk</SimpleData>
		<SimpleData name="Distance_m">2460</SimpleData>
	</SchemaData></ExtendedData>
      <Point><coordinates>73.7546412,20.0003062</coordinates></Point>
  </Placemark>
  <Placemark id="hospitals.305">
	<name>SHRADDHA HOSPITAL AND MATERNITY HOME</name>
	<ExtendedData><SchemaData schemaUrl="#hospitals">
		<SimpleData name="Category">hospital</SimpleData>
		<SimpleData name="Address">College Rd, Adwait Colony, Canada Corner, Nashik, Maharashtra 422005, India</SimpleData>
		<SimpleData name="Latitude">20.0029537</SimpleData>
		<SimpleData name="Longitude">73.7698513</SimpleData>
		<SimpleData name="Rating">4.6</SimpleData>
		<SimpleData name="Place_ID">ChIJm-M7bJ_r3TsR2yt_AwvD8sg</SimpleData>
		<SimpleData name="Distance_m">792</SimpleData>
	</SchemaData></ExtendedData>
      <Point><coordinates>73.7698513,20.0029537</coordinates></Point>
  </Placemark>
  <Placemark id="hospitals.306">
	<name>Malpani Maternity Hospital</name>
	<ExtendedData><SchemaData schemaUrl="#hospitals">
		<SimpleData name="Category">hospital</SimpleData>
		<SimpleData name="Address">Dolly House, College Rd, Vise Mala, Canada Corner, Nashik, Maharashtra 422005, India</SimpleData>
		<SimpleData name="Latitude">20.0041112</SimpleData>
		<SimpleData name="Longitude">73.7667671</SimpleData>
		<SimpleData name="Rating">4.5</SimpleData>
		<SimpleData name="Place_ID">ChIJUWhyopvr3TsRGi0wFHSRQTE</SimpleData>
		<SimpleData name="Distance_m">446</SimpleData>
	</SchemaData></ExtendedData>
      <Point><coordinates>73.7667671,20.0041112</coordinates></Point>
  </Placemark>
  <Placemark id="hospitals.307">
	<name>Baste Maternity Hospital</name>
	<ExtendedData><SchemaData schemaUrl="#hospitals">
		<SimpleData name="Category">hospital</SimpleData>
		<SimpleData name="Address">College Rd, Kalpana Nagar, Krishi Nagar, Nashik, Maharashtra 422005, India</SimpleData>
		<SimpleData name="Latitude">20.00729</SimpleData>
		<SimpleData name="Longitude">73.7584431</SimpleData>
		<SimpleData name="Rating">3.9</SimpleData>
		<SimpleData name="Place_ID">ChIJG_c2IYXr3TsRRDhZioqPV48</SimpleData>
		<SimpleData name="Distance_m">497</SimpleData>
	</SchemaData></ExtendedData>
      <Point><coordinates>73.7584431,20.00729</coordinates></Point>
  </Placemark>
  <Placemark id="hospitals.308">
	<name>Nivedita Hospital and Nivedita IVF centre</name>
	<ExtendedData><SchemaData schemaUrl="#hospitals">
		<SimpleData name="Category">hospital</SimpleData>
		<SimpleData name="Address">Plot No.12, Anshumali Tower, HPT, College Rd, Godavari Colony, Ramdas Colony, Nashik, Maharashtra 422005, India</SimpleData>
		<SimpleData name="Latitude">20.0039928</SimpleData>
		<SimpleData name="Longitude">73.7647189</SimpleData>
		<SimpleData name="Rating">4.4</SimpleData>
		<SimpleData name="Place_ID">ChIJS-fyOgHr3TsR4tk7ND_hDig</SimpleData>
		<SimpleData name="Distance_m">286</SimpleData>
	</SchemaData></ExtendedData>
      <Point><coordinates>73.7647189,20.0039928</coordinates></Point>
  </Placemark>
  <Placemark id="hospitals.309">
	<name>Magnum Heart Institute (Hospital)</name>
	<ExtendedData><SchemaData schemaUrl="#hospitals">
		<SimpleData name="Category">hospital</SimpleData>
		<SimpleData name="Address">Plot no. 3/5, Laxmi Nagar, Patil Lane No. 1, Near K. B. H. Vidyalaya, Opp. Vasant Market Canada Corner, Yashwant Colony, Patil Colony, Canada Corner, Nashik, Maharashtra 422005, India</SimpleData>
		<SimpleData name="Latitude">20.0063289</SimpleData>
		<SimpleData name="Longitude">73.7689349</SimpleData>
		<SimpleData name="Rating">4.6</SimpleData>
		<SimpleData name="Place_ID">ChIJd3gA3Zjr3TsRVLuPnv1LrG4</SimpleData>
		<SimpleData name="Distance_m">621</SimpleData>
	</SchemaData></ExtendedData>
      <Point><coordinates>73.7689349,20.0063289</coordinates></Point>
  </Placemark>
  <Placemark id="hospitals.310">
	<name>VEDANG MULTISPECIALITY HOSPITAL</name>
	<ExtendedData><SchemaData schemaUrl="#hospitals">
		<SimpleData name="Category">hospital</SimpleData>
		<SimpleData name="Address">2Q2C+XG5, Opp. Telephone Exchange, Canada Corner, Nashik, Maharashtra 422002, India</SimpleData>
		<SimpleData name="Latitude">20.002383</SimpleData>
		<SimpleData name="Longitude">73.7713544</SimpleData>
		<SimpleData name="Rating">4.4</SimpleData>
		<SimpleData name="Place_ID">ChIJS7yUqKDr3TsRPegSipoNGR0</SimpleData>
		<SimpleData name="Distance_m">961</SimpleData>
	</SchemaData></ExtendedData>
      <Point><coordinates>73.7713544,20.002383</coordinates></Point>
  </Placemark>
  <Placemark id="hospitals.311">
	<name>Acacia Clinic</name>
	<ExtendedData><SchemaData schemaUrl="#hospitals">
		<SimpleData name="Category">hospital</SimpleData>
		<SimpleData name="Address">Yashomandir Avenue, 4, College Rd, Patil Colony, Canada Corner, Nashik, Maharashtra 422005, India</SimpleData>
		<SimpleData name="Latitude">20.0050452</SimpleData>
		<SimpleData name="Longitude">73.7685163</SimpleData>
		<SimpleData name="Rating">5</SimpleData>
		<SimpleData name="Place_ID">ChIJzREkX7nr3TsRqTEwEQd9OSc</SimpleData>
		<SimpleData name="Distance_m">586</SimpleData>
	</SchemaData></ExtendedData>
      <Point><coordinates>73.7685163,20.0050452</coordinates></Point>
  </Placemark>
  <Placemark id="hospitals.312">
	<name>Ayushyaman Clinic</name>
	<ExtendedData><SchemaData schemaUrl="#hospitals">
		<SimpleData name="Category">medical_clinic</SimpleData>
		<SimpleData name="Address">G/14, Suyojit Modern Point, Sharanpur Rd, Opp. Police Prade Ground, Behind Kalakruti Sadi Center, Police Staff Colony, Nashik, Maharashtra 422002, India</SimpleData>
		<SimpleData name="Latitude">20.0006509</SimpleData>
		<SimpleData name="Longitude">73.7775999</SimpleData>
		<SimpleData name="Place_ID">ChIJdb-FUafr3TsRFYkeLBbxUVM</SimpleData>
		<SimpleData name="Distance_m">338</SimpleData>
	</SchemaData></ExtendedData>
      <Point><coordinates>73.7775999,20.0006509</coordinates></Point>
  </Placemark>
  <Placemark id="hospitals.313">
	<name>Apollo Hospital Emergency Centre - Mumbai Naka</name>
	<ExtendedData><SchemaData schemaUrl="#hospitals">
		<SimpleData name="Category">medical_clinic</SimpleData>
		<SimpleData name="Address">Mumbai Naka, Police Staff Colony, Nashik, Maharashtra 422002, India</SimpleData>
		<SimpleData name="Latitude">20.0005</SimpleData>
		<SimpleData name="Longitude">73.7805</SimpleData>
		<SimpleData name="Rating">1</SimpleData>
		<SimpleData name="Place_ID">ChIJgSPePXHr3TsRkLzhp5cR420</SimpleData>
		<SimpleData name="Distance_m">1486</SimpleData>
	</SchemaData></ExtendedData>
      <Point><coordinates>73.7805,20.0005</coordinates></Point>
  </Placemark>
  <Placemark id="hospitals.314">
	<name>Siddhant Clinic And Home Care Services.</name>
	<ExtendedData><SchemaData schemaUrl="#hospitals">
		<SimpleData name="Category">medical_clinic</SimpleData>
		<SimpleData name="Address">1, June Gangapur Naka,Opposite Rathi Amrai, Shreerang Nagar, Nashik, Maharashtra 422013, India</SimpleData>
		<SimpleData name="Latitude">20.0108193</SimpleData>
		<SimpleData name="Longitude">73.7706958</SimpleData>
		<SimpleData name="Rating">5</SimpleData>
		<SimpleData name="Place_ID">ChIJszj6Apjr3TsRxPauKG7SLb0</SimpleData>
		<SimpleData name="Distance_m">2147</SimpleData>
	</SchemaData></ExtendedData>
      <Point><coordinates>73.7706958,20.0108193</coordinates></Point>
  </Placemark>
  <Placemark id="hospitals.315">
	<name>Dr. Swapnil Deore Clinic C2P Health Tech</name>
	<ExtendedData><SchemaData schemaUrl="#hospitals">
		<SimpleData name="Category">medical_clinic</SimpleData>
		<SimpleData name="Address">Dr Swapnil Deore Clinic, C2P Health Tech, Shahid Chowk, Swami Samartha Chowk, Gangapur Rd, opp. Gangapur Wines, near Jehan Circle, D'souza Colony, Nashik, Maharashtra 422005, India</SimpleData>
		<SimpleData name="Latitude">20.0114351</SimpleData>
		<SimpleData name="Longitude">73.758058</SimpleData>
		<SimpleData name="Rating">4.8</SimpleData>
		<SimpleData name="Place_ID">ChIJ9fsFrkLr3TsR2NXUfgPr4UU</SimpleData>
		<SimpleData name="Distance_m">825</SimpleData>
	</SchemaData></ExtendedData>
      <Point><coordinates>73.758058,20.0114351</coordinates></Point>
  </Placemark>
  <Placemark id="hospitals.316">
	<name>Spandan Clinic</name>
	<ExtendedData><SchemaData schemaUrl="#hospitals">
		<SimpleData name="Category">medical_clinic</SimpleData>
		<SimpleData name="Address">Shop no.1, Rambaug Society, Vidya Vikas Circle, Gangapur Rd, Vise Mala, Shreerang Nagar, Nashik, Maharashtra 422013, India</SimpleData>
		<SimpleData name="Latitude">20.009389</SimpleData>
		<SimpleData name="Longitude">73.7667109</SimpleData>
		<SimpleData name="Rating">4.9</SimpleData>
		<SimpleData name="Place_ID">ChIJya0zTv7r3TsRiGhUwJbwNNM</SimpleData>
		<SimpleData name="Distance_m">1753</SimpleData>
	</SchemaData></ExtendedData>
      <Point><coordinates>73.7667109,20.009389</coordinates></Point>
  </Placemark>
  <Placemark id="hospitals.317">
	<name>Sunshine Heart Clinic</name>
	<ExtendedData><SchemaData schemaUrl="#hospitals">
		<SimpleData name="Category">medical_clinic</SimpleData>
		<SimpleData name="Address">303 One Gangapur Building Jehan Circle, Gangapur Rd, D'souza Colony, Nashik, Maharashtra 422005, India</SimpleData>
		<SimpleData name="Latitude">20.0116763</SimpleData>
		<SimpleData name="Longitude">73.7570434</SimpleData>
		<SimpleData name="Rating">4.9</SimpleData>
		<SimpleData name="Place_ID">ChIJkQWpnRPr3TsR7C-Xuv1Xdcg</SimpleData>
		<SimpleData name="Distance_m">717</SimpleData>
	</SchemaData></ExtendedData>
      <Point><coordinates>73.7570434,20.0116763</coordinates></Point>
  </Placemark>
  <Placemark id="hospitals.318">
	<name>Ashutosh</name>
	<ExtendedData><SchemaData schemaUrl="#hospitals">
		<SimpleData name="Category">medical_clinic</SimpleData>
		<SimpleData name="Address">Gangapur Road Vidya Vikas Circle opposite Axis Bank Mamamungi mangal karyalay, Mamashri dinning, Nashik, Maharashtra 422013, India</SimpleData>
		<SimpleData name="Latitude">20.0097356</SimpleData>
		<SimpleData name="Longitude">73.7658492</SimpleData>
		<SimpleData name="Rating">5</SimpleData>
		<SimpleData name="Place_ID">ChIJ7Z95bwPr3TsR9z7C8g2FVOY</SimpleData>
		<SimpleData name="Distance_m">1658</SimpleData>
	</SchemaData></ExtendedData>
      <Point><coordinates>73.7658492,20.0097356</coordinates></Point>
  </Placemark>
  <Placemark id="hospitals.319">
	<name>Jyotinandan Clinic</name>
	<ExtendedData><SchemaData schemaUrl="#hospitals">
		<SimpleData name="Category">medical_clinic</SimpleData>
		<SimpleData name="Address">Shop no 2, Near Peruchi Wadi, old Gangapur Road, Road, Gangapur, Nashik, Maharashtra 422013, India</SimpleData>
		<SimpleData name="Latitude">20.0084655</SimpleData>
		<SimpleData name="Longitude">73.7693511</SimpleData>
		<SimpleData name="Rating">5</SimpleData>
		<SimpleData name="Place_ID">ChIJjfJFWZjr3TsR1cfW_JSsTU8</SimpleData>
		<SimpleData name="Distance_m">2044</SimpleData>
	</SchemaData></ExtendedData>
      <Point><coordinates>73.7693511,20.0084655</coordinates></Point>
  </Placemark>
  <Placemark id="hospitals.320">
	<name>Apollo Hospital Emergency Centre - College Road</name>
	<ExtendedData><SchemaData schemaUrl="#hospitals">
		<SimpleData name="Category">medical_clinic</SimpleData>
		<SimpleData name="Address">College Rd, Patil Colony, Canada Corner, Nashik, Maharashtra 422005, India</SimpleData>
		<SimpleData name="Latitude">20.0065</SimpleData>
		<SimpleData name="Longitude">73.768</SimpleData>
		<SimpleData name="Place_ID">ChIJ44CGnajr3TsRGdhWJWuRlRA</SimpleData>
		<SimpleData name="Distance_m">525</SimpleData>
	</SchemaData></ExtendedData>
      <Point><coordinates>73.768,20.0065</coordinates></Point>
  </Placemark>
  <Placemark id="hospitals.321">
	<name>Dcommunity Health Center (Chc) (N) Shree Siddhivinayak Maternity &amp; Nursing Home</name>
	<ExtendedData><SchemaData schemaUrl="#hospitals">
		<SimpleData name="Category">medical_clinic</SimpleData>
		<SimpleData name="Address">Unity Campus, Gangapur Rd, opposite K.T.H.M. College, Kausalya Nagar, Police Staff Colony, Nashik, Maharashtra 422003, India</SimpleData>
		<SimpleData name="Latitude">20.010884</SimpleData>
		<SimpleData name="Longitude">73.782267</SimpleData>
		<SimpleData name="Place_ID">ChIJ77o_Q6Xr3TsR3w_2D13z-K4</SimpleData>
		<SimpleData name="Distance_m">2085</SimpleData>
	</SchemaData></ExtendedData>
      <Point><coordinates>73.782267,20.010884</coordinates></Point>
  </Placemark>
  <Placemark id="hospitals.322">
	<name>Dr Gunjal's Shatayu Physiotherapy Clinic | College road branch | Best Physiotherapy Clinic</name>
	<ExtendedData><SchemaData schemaUrl="#hospitals">
		<SimpleData name="Category">medical_clinic</SimpleData>
		<SimpleData name="Address">1st floor, New Shantivan Society, Besides Annapurna Laundry infront of college road police chowky, Model colony chowk, College Rd, D'souza Colony, Nashik, Maharashtra 422005, India</SimpleData>
		<SimpleData name="Latitude">20.0077071</SimpleData>
		<SimpleData name="Longitude">73.7579631</SimpleData>
		<SimpleData name="Rating">5</SimpleData>
		<SimpleData name="Place_ID">ChIJB_5QdxHr3TsR7-7hAkhtgZ8</SimpleData>
		<SimpleData name="Distance_m">559</SimpleData>
	</SchemaData></ExtendedData>
      <Point><coordinates>73.7579631,20.0077071</coordinates></Point>
  </Placemark>
  <Placemark id="hospitals.323">
	<name>Sarth Clinic</name>
	<ExtendedData><SchemaData schemaUrl="#hospitals">
		<SimpleData name="Category">medical_clinic</SimpleData>
		<SimpleData name="Address">College Road Behind Mac D, opposite Reliance Smart Bazaar, Patil Colony, Canada Corner, Nashik, Maharashtra 422005, India</SimpleData>
		<SimpleData name="Latitude">20.0057764</SimpleData>
		<SimpleData name="Longitude">73.7665656</SimpleData>
		<SimpleData name="Rating">4.5</SimpleData>
		<SimpleData name="Place_ID">ChIJx4vPpNLr3TsR5KiYVD7dSas</SimpleData>
		<SimpleData name="Distance_m">373</SimpleData>
	</SchemaData></ExtendedData>
      <Point><coordinates>73.7665656,20.0057764</coordinates></Point>
  </Placemark>
  <Placemark id="hospitals.324">
	<name>Dr Rupal�s The breastfeeding clinic</name>
	<ExtendedData><SchemaData schemaUrl="#hospitals">
		<SimpleData name="Category">medical_clinic</SimpleData>
		<SimpleData name="Address">Venus apartment, College Rd, beside fastrack showroom, opp. byk college, Kulkarni Baug, Nashik, Maharashtra 422005, India</SimpleData>
		<SimpleData name="Latitude">20.0062329</SimpleData>
		<SimpleData name="Longitude">73.762879</SimpleData>
		<SimpleData name="Rating">4.9</SimpleData>
		<SimpleData name="Place_ID">ChIJrTvaCQDr3TsRJalqR7iEpZ0</SimpleData>
		<SimpleData name="Distance_m">29</SimpleData>
	</SchemaData></ExtendedData>
      <Point><coordinates>73.762879,20.0062329</coordinates></Point>
  </Placemark>
  <Placemark id="hospitals.325">
	<name>Smart Look Clinic</name>
	<ExtendedData><SchemaData schemaUrl="#hospitals">
		<SimpleData name="Category">medical_clinic</SimpleData>
		<SimpleData name="Address">101, 1st Floor, 101, 1st Floor, College Rd, near Big Bazar, Ramdas Colony, Nashik, Maharashtra 422005, India</SimpleData>
		<SimpleData name="Latitude">20.0054869</SimpleData>
		<SimpleData name="Longitude">73.7652758</SimpleData>
		<SimpleData name="Rating">4.9</SimpleData>
		<SimpleData name="Place_ID">ChIJw5P4VhHr3TsRQstowm7MR4Q</SimpleData>
		<SimpleData name="Distance_m">245</SimpleData>
	</SchemaData></ExtendedData>
      <Point><coordinates>73.7652758,20.0054869</coordinates></Point>
  </Placemark>
  <Placemark id="hospitals.326">
	<name>Shatayushree Clinic</name>
	<ExtendedData><SchemaData schemaUrl="#hospitals">
		<SimpleData name="Category">medical_clinic</SimpleData>
		<SimpleData name="Address">2Q24+XX7, College Rd, Samartha Nagar, Parijat Nagar, Nashik, Maharashtra 422005, India</SimpleData>
		<SimpleData name="Latitude">20.0024228</SimpleData>
		<SimpleData name="Longitude">73.7574322</SimpleData>
		<SimpleData name="Rating">5</SimpleData>
		<SimpleData name="Place_ID">ChIJTxhW01Dr3TsRpN1LnThehKI</SimpleData>
		<SimpleData name="Distance_m">705</SimpleData>
	</SchemaData></ExtendedData>
      <Point><coordinates>73.7574322,20.0024228</coordinates></Point>
  </Placemark>
  <Placemark id="hospitals.327">
	<name>Enlight Homoeopathic Clinic | College road</name>
	<ExtendedData><SchemaData schemaUrl="#hospitals">
		<SimpleData name="Category">medical_clinic</SimpleData>
		<SimpleData name="Address">near Shiv mandir, Yashwant Colony, Nashik, Maharashtra 422005, India</SimpleData>
		<SimpleData name="Latitude">20.0063874</SimpleData>
		<SimpleData name="Longitude">73.7566605</SimpleData>
		<SimpleData name="Rating">5</SimpleData>
		<SimpleData name="Place_ID">ChIJD_Uiwdzr3TsRcGvMfe3ydtI</SimpleData>
		<SimpleData name="Distance_m">664</SimpleData>
	</SchemaData></ExtendedData>
      <Point><coordinates>73.7566605,20.0063874</coordinates></Point>
  </Placemark>
  <Placemark id="hospitals.328">
	<name>Relook Clinic - Best Hair Transplant Clinic Nashik</name>
	<ExtendedData><SchemaData schemaUrl="#hospitals">
		<SimpleData name="Category">medical_clinic</SimpleData>
		<SimpleData name="Address">Flat No.03, Gangaliala Apartment, Patil Line-3, College Rd, Patil Colony, Nashik, Maharashtra 422005, India</SimpleData>
		<SimpleData name="Latitude">20.0064713</SimpleData>
		<SimpleData name="Longitude">73.7657804</SimpleData>
		<SimpleData name="Rating">5</SimpleData>
		<SimpleData name="Place_ID">ChIJ3fFhBFfr3TsRuKEA_Nws5Dw</SimpleData>
		<SimpleData name="Distance_m">295</SimpleData>
	</SchemaData></ExtendedData>
      <Point><coordinates>73.7657804,20.0064713</coordinates></Point>
  </Placemark>
  <Placemark id="hospitals.329">
	<name>O2 Clinic</name>
	<ExtendedData><SchemaData schemaUrl="#hospitals">
		<SimpleData name="Category">medical_clinic</SimpleData>
		<SimpleData name="Address">First Floor, Canada Complex, College Rd, above Sagar sweets, Adwait Colony, Canada Corner, Nashik, Maharashtra 422005, India</SimpleData>
		<SimpleData name="Latitude">20.0041996</SimpleData>
		<SimpleData name="Longitude">73.7693727</SimpleData>
		<SimpleData name="Place_ID">ChIJkYi24d3r3TsRmBfvJI7KHmk</SimpleData>
		<SimpleData name="Distance_m">695</SimpleData>
	</SchemaData></ExtendedData>
      <Point><coordinates>73.7693727,20.0041996</coordinates></Point>
  </Placemark>
  <Placemark id="hospitals.330">
	<name>Swastik Health Clinic</name>
	<ExtendedData><SchemaData schemaUrl="#hospitals">
		<SimpleData name="Category">consultant</SimpleData>
		<SimpleData name="Address">Makhmalabad road, opposite dream castle building, Kranti Nagar, Ram Wadi, Nashik, Maharashtra 422003, India</SimpleData>
		<SimpleData name="Latitude">20.015475</SimpleData>
		<SimpleData name="Longitude">73.787686</SimpleData>
		<SimpleData name="Rating">3.8</SimpleData>
		<SimpleData name="Place_ID">ChIJQQzMSrHr3TsRW-CXoUcI__M</SimpleData>
		<SimpleData name="Distance_m">2492</SimpleData>
	</SchemaData></ExtendedData>
      <Point><coordinates>73.787686,20.015475</coordinates></Point>
  </Placemark>
  <Placemark id="hospitals.331">
	<name>Shraddha Clinic</name>
	<ExtendedData><SchemaData schemaUrl="#hospitals">
		<SimpleData name="Category">doctor</SimpleData>
		<SimpleData name="Address">Shop .no 2 Akashwani Tower Rd, Gangapur Rd, Pramod Nagar, Nashik, Maharashtra 422013, India</SimpleData>
		<SimpleData name="Latitude">20.0185011</SimpleData>
		<SimpleData name="Longitude">73.7591481</SimpleData>
		<SimpleData name="Rating">5</SimpleData>
		<SimpleData name="Place_ID">ChIJAcBHMV7r3TsRCquFFMvPtLM</SimpleData>
		<SimpleData name="Distance_m">1168</SimpleData>
	</SchemaData></ExtendedData>
      <Point><coordinates>73.7591481,20.0185011</coordinates></Point>
  </Placemark>
  <Placemark id="hospitals.332">
	<name>Dr Darekars Shree Sai Clinic</name>
	<ExtendedData><SchemaData schemaUrl="#hospitals">
		<SimpleData name="Category">doctor</SimpleData>
		<SimpleData name="Address">203,204, ABH samruddhi, above HDFC bank, Makhmalabad Naka, Janata Raja Colony, Nashik, Maharashtra 422003, India</SimpleData>
		<SimpleData name="Latitude">20.0202003</SimpleData>
		<SimpleData name="Longitude">73.7867373</SimpleData>
		<SimpleData name="Rating">5</SimpleData>
		<SimpleData name="Place_ID">ChIJUzVTx6fr3TsRpJJzYJhxlKQ</SimpleData>
		<SimpleData name="Distance_m">2073</SimpleData>
	</SchemaData></ExtendedData>
      <Point><coordinates>73.7867373,20.0202003</coordinates></Point>
  </Placemark>
  <Placemark id="hospitals.333">
	<name>Navjeevan Clinic Nashik</name>
	<ExtendedData><SchemaData schemaUrl="#hospitals">
		<SimpleData name="Category">doctor</SimpleData>
		<SimpleData name="Address">Gala No.6,Archit Madhuban Apartment, Makhmalabad Rd, near hanuman mandir, Panchavati, Nashik, Maharashtra 422003, India</SimpleData>
		<SimpleData name="Latitude">20.0204484</SimpleData>
		<SimpleData name="Longitude">73.7861169</SimpleData>
		<SimpleData name="Rating">5</SimpleData>
		<SimpleData name="Place_ID">ChIJvUjJNmXr3TsRh8SiEDMr9SM</SimpleData>
		<SimpleData name="Distance_m">2004</SimpleData>
	</SchemaData></ExtendedData>
      <Point><coordinates>73.7861169,20.0204484</coordinates></Point>
  </Placemark>
  <Placemark id="hospitals.334">
	<name>SPANDAN CLINIC Dr.Deepali Raundal (family physician &amp; Ayurved Consultant</name>
	<ExtendedData><SchemaData schemaUrl="#hospitals">
		<SimpleData name="Category">doctor</SimpleData>
		<SimpleData name="Address">422003, Shinde Plaza, 20, Peth Rd, Durga Nagar, Sneha Nagar, Nashik, Maharashtra 422003, India</SimpleData>
		<SimpleData name="Latitude">20.0204216</SimpleData>
		<SimpleData name="Longitude">73.7860961</SimpleData>
		<SimpleData name="Rating">5</SimpleData>
		<SimpleData name="Place_ID">ChIJSVVOM7br3TsR0v3RR6sZMv0</SimpleData>
		<SimpleData name="Distance_m">393</SimpleData>
	</SchemaData></ExtendedData>
      <Point><coordinates>73.7860961,20.0204216</coordinates></Point>
  </Placemark>
  <Placemark id="hospitals.335">
	<name>DR. Kulkarni Nursing Home</name>
	<ExtendedData><SchemaData schemaUrl="#hospitals">
		<SimpleData name="Category">doctor</SimpleData>
		<SimpleData name="Address">453, Vakil Wadi, Ashok Stambh, Raviwar Karanja, Panchavati, Nashik, Maharashtra 422001, India</SimpleData>
		<SimpleData name="Latitude">20.0064227</SimpleData>
		<SimpleData name="Longitude">73.7862554</SimpleData>
		<SimpleData name="Rating">4.5</SimpleData>
		<SimpleData name="Place_ID">ChIJFcf_Janr3TsR2scRhfr1TLE</SimpleData>
		<SimpleData name="Distance_m">2349</SimpleData>
	</SchemaData></ExtendedData>
      <Point><coordinates>73.7862554,20.0064227</coordinates></Point>
  </Placemark>
  <Placemark id="hospitals.336">
	<name>Dr. Kolte's Janardan Netralaya - Superspeciality Eye Hospital</name>
	<ExtendedData><SchemaData schemaUrl="#hospitals">
		<SimpleData name="Category">doctor</SimpleData>
		<SimpleData name="Address">ABH Samruddhi, 306, Makhmalabad Rd, above HDFC Bank, Ganesh Nagar, Janata Raja Colony, Nashik, Maharashtra 422003, India</SimpleData>
		<SimpleData name="Latitude">20.0201665</SimpleData>
		<SimpleData name="Longitude">73.7866433</SimpleData>
		<SimpleData name="Rating">5</SimpleData>
		<SimpleData name="Place_ID">ChIJT4LiEtLr3TsRBcd4Y_Mcj-g</SimpleData>
		<SimpleData name="Distance_m">1307</SimpleData>
	</SchemaData></ExtendedData>
      <Point><coordinates>73.7866433,20.0201665</coordinates></Point>
  </Placemark>
  <Placemark id="hospitals.337">
	<name>Chaitanya Nursing Home</name>
	<ExtendedData><SchemaData schemaUrl="#hospitals">
		<SimpleData name="Category">health</SimpleData>
		<SimpleData name="Address">Rungtha High School Rd, Gharpure Ghat Rd, opp. Asharashram, Ashok Stambh, Raviwar Karanja, Shivaji Nagar, Nashik, Maharashtra 422001, India</SimpleData>
		<SimpleData name="Latitude">20.0070576</SimpleData>
		<SimpleData name="Longitude">73.7851147</SimpleData>
		<SimpleData name="Rating">4.2</SimpleData>
		<SimpleData name="Place_ID">ChIJS-fyOgHr3TsRvYJGAE-JLf0</SimpleData>
		<SimpleData name="Distance_m">1245</SimpleData>
	</SchemaData></ExtendedData>
      <Point><coordinates>73.7851147,20.0070576</coordinates></Point>
  </Placemark>
  <Placemark id="hospitals.338">
	<name>Arihant Nursing Home</name>
	<ExtendedData><SchemaData schemaUrl="#hospitals">
		<SimpleData name="Category">health</SimpleData>
		<SimpleData name="Address">Gangapur Rd, Near Yog Krida Prabidhini, Chaitanya Nagar, Pramod Nagar, Nashik, Maharashtra 422013, India</SimpleData>
		<SimpleData name="Latitude">20.019777</SimpleData>
		<SimpleData name="Longitude">73.75954</SimpleData>
		<SimpleData name="Rating">3.9</SimpleData>
		<SimpleData name="Place_ID">ChIJ3SzzX5jr3TsRjxkgrBH0q6Q</SimpleData>
		<SimpleData name="Distance_m">2544</SimpleData>
	</SchemaData></ExtendedData>
      <Point><coordinates>73.75954,20.019777</coordinates></Point>
  </Placemark>
  <Placemark id="hospitals.339">
	<name>Dr.Songire's Ashwin Ayurved Clinic, Nashik</name>
	<ExtendedData><SchemaData schemaUrl="#hospitals">
		<SimpleData name="Category">health</SimpleData>
		<SimpleData name="Address">205, ABH Samruddhi, Makhmalabad Rd, above HDFC Bank, Ganesh Nagar, Panchavati, Nashik, Maharashtra 422003, India</SimpleData>
		<SimpleData name="Latitude">20.0201825</SimpleData>
		<SimpleData name="Longitude">73.7867404</SimpleData>
		<SimpleData name="Rating">4.9</SimpleData>
		<SimpleData name="Place_ID">ChIJtcXgNQjr3TsRPlTx2A4XsX8</SimpleData>
		<SimpleData name="Distance_m">322</SimpleData>
	</SchemaData></ExtendedData>
      <Point><coordinates>73.7867404,20.0201825</coordinates></Point>
  </Placemark>
  <Placemark id="hospitals.340">
	<name>SRV Hospitals - Nashik | Best Multi Specialty Hospital | Formerly Rajebahadur Hospital</name>
	<ExtendedData><SchemaData schemaUrl="#hospitals">
		<SimpleData name="Category">hospital</SimpleData>
		<SimpleData name="Address">Rajebahadur Colony, Plot No.13, 14/199, Tilak Rd, Shalimar, Nashik, Maharashtra 422001, India</SimpleData>
		<SimpleData name="Latitude">20.0027641</SimpleData>
		<SimpleData name="Longitude">73.7870843</SimpleData>
		<SimpleData name="Rating">4.6</SimpleData>
		<SimpleData name="Place_ID">ChIJp8d8T8Hr3TsRmVSOzZuzUmE</SimpleData>
		<SimpleData name="Distance_m">1309</SimpleData>
	</SchemaData></ExtendedData>
      <Point><coordinates>73.7870843,20.0027641</coordinates></Point>
  </Placemark>
  <Placemark id="hospitals.341">
	<name>Hospital</name>
	<ExtendedData><SchemaData schemaUrl="#hospitals">
		<SimpleData name="Category">hospital</SimpleData>
		<SimpleData name="Address">2Q5P+J7F, Raviwar Peth, Raviwar Karanja, Shivaji Nagar, Nashik, Maharashtra 422002, India</SimpleData>
		<SimpleData name="Latitude">20.0090713</SimpleData>
		<SimpleData name="Longitude">73.7856743</SimpleData>
		<SimpleData name="Rating">3.6</SimpleData>
		<SimpleData name="Place_ID">ChIJV71ISPXr3TsRQ2rDgthKQEY</SimpleData>
		<SimpleData name="Distance_m">1592</SimpleData>
	</SchemaData></ExtendedData>
      <Point><coordinates>73.7856743,20.0090713</coordinates></Point>
  </Placemark>
  <Placemark id="hospitals.342">
	<name>Seeta Multispeciality Hospital</name>
	<ExtendedData><SchemaData schemaUrl="#hospitals">
		<SimpleData name="Category">hospital</SimpleData>
		<SimpleData name="Address">SEETA MULTISPECIALITY HOSPITAL Guru Datta Nagar Swami Vivekanand Road, Gangapur Rd, Dehmandir Cooperative Housing Society, Nashik, Maharashtra 422013, India</SimpleData>
		<SimpleData name="Latitude">20.0126986</SimpleData>
		<SimpleData name="Longitude">73.7713061</SimpleData>
		<SimpleData name="Rating">4.4</SimpleData>
		<SimpleData name="Place_ID">ChIJS-fyOgHr3TsRV-pqLhS_yU0</SimpleData>
		<SimpleData name="Distance_m">2665</SimpleData>
	</SchemaData></ExtendedData>
      <Point><coordinates>73.7713061,20.0126986</coordinates></Point>
  </Placemark>
  <Placemark id="hospitals.343">
	<name>Nerlikar Multispecialty Hospital Gangapur Road Nashik</name>
	<ExtendedData><SchemaData schemaUrl="#hospitals">
		<SimpleData name="Category">hospital</SimpleData>
		<SimpleData name="Address">Plot No. 19 &amp; 20, Nerlikar Lane, Gangapur Rd, near Jehan Circle, Uday Nagar, Nashik, Maharashtra 422013, India</SimpleData>
		<SimpleData name="Latitude">20.0134721</SimpleData>
		<SimpleData name="Longitude">73.7566544</SimpleData>
		<SimpleData name="Rating">4.8</SimpleData>
		<SimpleData name="Place_ID">ChIJcdQQQErr3TsRltTqPjWAGjk</SimpleData>
		<SimpleData name="Distance_m">689</SimpleData>
	</SchemaData></ExtendedData>
      <Point><coordinates>73.7566544,20.0134721</coordinates></Point>
  </Placemark>
  <Placemark id="hospitals.344">
	<name>NERLIKAR HOSPITAL</name>
	<ExtendedData><SchemaData schemaUrl="#hospitals">
		<SimpleData name="Category">hospital</SimpleData>
		<SimpleData name="Address">Gangapur Rd, near Jehan Circle, Uday Nagar, Nashik, Maharashtra 422013, India</SimpleData>
		<SimpleData name="Latitude">20.0134893</SimpleData>
		<SimpleData name="Longitude">73.7562571</SimpleData>
		<SimpleData name="Rating">4.1</SimpleData>
		<SimpleData name="Place_ID">ChIJJ3vi_Y7r3TsR3h7cx5yXORM</SimpleData>
		<SimpleData name="Distance_m">649</SimpleData>
	</SchemaData></ExtendedData>
      <Point><coordinates>73.7562571,20.0134893</coordinates></Point>
  </Placemark>
  <Placemark id="hospitals.345">
	<name>Sai Samarth Multispeciality Hospital</name>
	<ExtendedData><SchemaData schemaUrl="#hospitals">
		<SimpleData name="Category">hospital</SimpleData>
		<SimpleData name="Address">Santosh Pride, Makhmalabad Rd, above Canara Bank, near Dream Castle Signal, Panchavati, Professor Colony, Nashik, Maharashtra 422003, India</SimpleData>
		<SimpleData name="Latitude">20.021156</SimpleData>
		<SimpleData name="Longitude">73.7854749</SimpleData>
		<SimpleData name="Rating">4.3</SimpleData>
		<SimpleData name="Place_ID">ChIJvXo7JbTr3TsRLAtfLR3CeAU</SimpleData>
		<SimpleData name="Distance_m">1903</SimpleData>
	</SchemaData></ExtendedData>
      <Point><coordinates>73.7854749,20.021156</coordinates></Point>
  </Placemark>
  <Placemark id="hospitals.346">
	<name>Bachhav Hospital</name>
	<ExtendedData><SchemaData schemaUrl="#hospitals">
		<SimpleData name="Category">hospital</SimpleData>
		<SimpleData name="Address">Makhmalabad Rd, near Ram Wadi, Uday Colony, Kranti Nagar, Ram Wadi, Nashik, Maharashtra 422003, India</SimpleData>
		<SimpleData name="Latitude">20.0114829</SimpleData>
		<SimpleData name="Longitude">73.7881709</SimpleData>
		<SimpleData name="Rating">4.8</SimpleData>
		<SimpleData name="Place_ID">ChIJK70JEq7r3TsRu2F8gEsBFQU</SimpleData>
		<SimpleData name="Distance_m">2855</SimpleData>
	</SchemaData></ExtendedData>
      <Point><coordinates>73.7881709,20.0114829</coordinates></Point>
  </Placemark>
  <Placemark id="hospitals.347">
	<name>Dr Bhavsar Nursing Home</name>
	<ExtendedData><SchemaData schemaUrl="#hospitals">
		<SimpleData name="Category">hospital</SimpleData>
		<SimpleData name="Address">2Q5M+7Q5, Ashok Stambh, Raviwar Karanja, Panchavati, Nashik, Maharashtra 422002, India</SimpleData>
		<SimpleData name="Latitude">20.0081479</SimpleData>
		<SimpleData name="Longitude">73.7844828</SimpleData>
		<SimpleData name="Place_ID">ChIJB5Uja6_r3TsRW2oAVWLHQ2c</SimpleData>
		<SimpleData name="Distance_m">789</SimpleData>
	</SchemaData></ExtendedData>
      <Point><coordinates>73.7844828,20.0081479</coordinates></Point>
  </Placemark>
  <Placemark id="hospitals.348">
	<name>Dr Nishant K Gangurde's Rupali Hospital And Maternity Home</name>
	<ExtendedData><SchemaData schemaUrl="#hospitals">
		<SimpleData name="Category">hospital</SimpleData>
		<SimpleData name="Address">Plot 11, Chaudhari Mala Rd, next to Racca Green Square, Hanuman Wadi, Professor Colony, Nashik, Maharashtra 422003, India</SimpleData>
		<SimpleData name="Latitude">20.0169859</SimpleData>
		<SimpleData name="Longitude">73.7835743</SimpleData>
		<SimpleData name="Rating">5</SimpleData>
		<SimpleData name="Place_ID">ChIJTWXyo7Dr3TsRXN_HLiC88U8</SimpleData>
		<SimpleData name="Distance_m">1204</SimpleData>
	</SchemaData></ExtendedData>
      <Point><coordinates>73.7835743,20.0169859</coordinates></Point>
  </Placemark>
  <Placemark id="hospitals.349">
	<name>Avhad Maternity Home And Multispeciality Hospital</name>
	<ExtendedData><SchemaData schemaUrl="#hospitals">
		<SimpleData name="Category">hospital</SimpleData>
		<SimpleData name="Address">2Q5P+85F, opp. Rungta School, Ashok Stambh, Shivaji Nagar, Nashik, Maharashtra 422002, India</SimpleData>
		<SimpleData name="Latitude">20.008313</SimpleData>
		<SimpleData name="Longitude">73.7854102</SimpleData>
		<SimpleData name="Rating">4.6</SimpleData>
		<SimpleData name="Place_ID">ChIJ9-RGGa_r3TsRA9MnbpuZ8P0</SimpleData>
		<SimpleData name="Distance_m">691</SimpleData>
	</SchemaData></ExtendedData>
      <Point><coordinates>73.7854102,20.008313</coordinates></Point>
  </Placemark>
  <Placemark id="hospitals.350">
	<name>Chirayu General &amp; Childrens Clinic &amp; Hospital</name>
	<ExtendedData><SchemaData schemaUrl="#hospitals">
		<SimpleData name="Category">hospital</SimpleData>
		<SimpleData name="Address">Hanumanwadi Corner, Shop No. 10, Dream Castle Building, Makhmalabad Rd, Madhuban Colony, Nashik, Maharashtra 422003, India</SimpleData>
		<SimpleData name="Latitude">20.0168709</SimpleData>
		<SimpleData name="Longitude">73.7876802</SimpleData>
		<SimpleData name="Rating">4.6</SimpleData>
		<SimpleData name="Place_ID">ChIJO5wts7br3TsRshyc_No6t0I</SimpleData>
		<SimpleData name="Distance_m">931</SimpleData>
	</SchemaData></ExtendedData>
      <Point><coordinates>73.7876802,20.0168709</coordinates></Point>
  </Placemark>
  <Placemark id="hospitals.351">
	<name>VIBHA CHILD CARE CLINIC</name>
	<ExtendedData><SchemaData schemaUrl="#hospitals">
		<SimpleData name="Category">hospital</SimpleData>
		<SimpleData name="Address">Next Canara Bank, Space cosmos, Society, opposite to meher bus stop, behind Krishna Sari Centre, Ashok Stambh, Raviwar Karanja, Panchavati, Nashik, Maharashtra 422001, India</SimpleData>
		<SimpleData name="Latitude">20.0055737</SimpleData>
		<SimpleData name="Longitude">73.784816</SimpleData>
		<SimpleData name="Rating">5</SimpleData>
		<SimpleData name="Place_ID">ChIJabCON6Pr3TsRJ6x4Zm_2t4E</SimpleData>
		<SimpleData name="Distance_m">859</SimpleData>
	</SchemaData></ExtendedData>
      <Point><coordinates>73.784816,20.0055737</coordinates></Point>
  </Placemark>
  <Placemark id="hospitals.352">
	<name>Dr. Sanjay Laul Eye Hospital</name>
	<ExtendedData><SchemaData schemaUrl="#hospitals">
		<SimpleData name="Category">hospital</SimpleData>
		<SimpleData name="Address">13-G, Suyojit Modern Point, Sharanpur Rd, Behind Kalakriti, Vakil Wadi, Raviwar Karanja, Panchavati, Nashik, Maharashtra 422001, India</SimpleData>
		<SimpleData name="Latitude">20.005102</SimpleData>
		<SimpleData name="Longitude">73.7862059</SimpleData>
		<SimpleData name="Rating">4</SimpleData>
		<SimpleData name="Place_ID">ChIJk7-gH6nr3TsRdpfICfr9rug</SimpleData>
		<SimpleData name="Distance_m">770</SimpleData>
	</SchemaData></ExtendedData>
      <Point><coordinates>73.7862059,20.005102</coordinates></Point>
  </Placemark>
  <Placemark id="hospitals.353">
	<name>SPARKEY Palliative Care Foundation</name>
	<ExtendedData><SchemaData schemaUrl="#hospitals">
		<SimpleData name="Category">medical_clinic</SimpleData>
		<SimpleData name="Address">Near SBI bank at Prasad Circle, Gangapur Rd, Shramik Nagar, Uday Nagar, Nashik, Maharashtra 422013, India</SimpleData>
		<SimpleData name="Latitude">20.0122317</SimpleData>
		<SimpleData name="Longitude">73.7604471</SimpleData>
		<SimpleData name="Rating">5</SimpleData>
		<SimpleData name="Place_ID">ChIJX1_u5RHr3TsRNr_lvkOem5A</SimpleData>
		<SimpleData name="Distance_m">1071</SimpleData>
	</SchemaData></ExtendedData>
      <Point><coordinates>73.7604471,20.0122317</coordinates></Point>
  </Placemark>
  <Placemark id="hospitals.354">
	<name>Deshkar Clinic</name>
	<ExtendedData><SchemaData schemaUrl="#hospitals">
		<SimpleData name="Category">medical_clinic</SimpleData>
		<SimpleData name="Address">Pandurang Krupa Apartment, Gangapur Rd, opposite Akashwani Kendra, Uday Nagar, Nashik, Maharashtra 422013, India</SimpleData>
		<SimpleData name="Latitude">20.0142119</SimpleData>
		<SimpleData name="Longitude">73.7572207</SimpleData>
		<SimpleData name="Rating">4.8</SimpleData>
		<SimpleData name="Place_ID">ChIJO_m6Z47r3TsR2HJqAS_GWCQ</SimpleData>
		<SimpleData name="Distance_m">767</SimpleData>
	</SchemaData></ExtendedData>
      <Point><coordinates>73.7572207,20.0142119</coordinates></Point>
  </Placemark>
  <Placemark id="hospitals.355">
	<name>Shreyash Clinic</name>
	<ExtendedData><SchemaData schemaUrl="#hospitals">
		<SimpleData name="Category">medical_clinic</SimpleData>
		<SimpleData name="Address">Narsinha Nagar, Datey Nagar, Veer Sawarkar Nagar, Nashik, Maharashtra 422013, India</SimpleData>
		<SimpleData name="Latitude">20.0170607</SimpleData>
		<SimpleData name="Longitude">73.7563639</SimpleData>
		<SimpleData name="Rating">4.1</SimpleData>
		<SimpleData name="Place_ID">ChIJsYWqS4zr3TsRbDD7LgOB9bc</SimpleData>
		<SimpleData name="Distance_m">841</SimpleData>
	</SchemaData></ExtendedData>
      <Point><coordinates>73.7563639,20.0170607</coordinates></Point>
  </Placemark>
  <Placemark id="hospitals.356">
	<name>Netrajyoti Hospital</name>
	<ExtendedData><SchemaData schemaUrl="#hospitals">
		<SimpleData name="Category">medical_clinic</SimpleData>
		<SimpleData name="Address">Vadnagare Bhavan, opp. Circle Cinema, Ashok Stambh, Raviwar Karanja, Panchavati, Nashik, Maharashtra 422002, India</SimpleData>
		<SimpleData name="Latitude">20.0060826</SimpleData>
		<SimpleData name="Longitude">73.784612</SimpleData>
		<SimpleData name="Rating">4.8</SimpleData>
		<SimpleData name="Place_ID">ChIJCzAxyKjr3TsRoSA_IdnAz1k</SimpleData>
		<SimpleData name="Distance_m">851</SimpleData>
	</SchemaData></ExtendedData>
      <Point><coordinates>73.784612,20.0060826</coordinates></Point>
  </Placemark>
  <Placemark id="hospitals.357">
	<name>Prathamesh Advanced Diagnostics Pvt. Ltd</name>
	<ExtendedData><SchemaData schemaUrl="#hospitals">
		<SimpleData name="Category">medical_clinic</SimpleData>
		<SimpleData name="Address">Sathye Baug, 49, Ground Floor, Mahatma Gandhi Rd, Ashok Stambh, Raviwar Karanja, Panchavati, Nashik, Maharashtra 422001, India</SimpleData>
		<SimpleData name="Latitude">20.005187</SimpleData>
		<SimpleData name="Longitude">73.785263</SimpleData>
		<SimpleData name="Rating">1</SimpleData>
		<SimpleData name="Place_ID">ChIJCRJm6Kjr3TsRoBY-yfoCdss</SimpleData>
		<SimpleData name="Distance_m">843</SimpleData>
	</SchemaData></ExtendedData>
      <Point><coordinates>73.785263,20.005187</coordinates></Point>
  </Placemark>
  <Placemark id="hospitals.358">
	<name>Godavari Multispeciality Hospital &amp; Research Center Pvt. Ltd.</name>
	<ExtendedData><SchemaData schemaUrl="#hospitals">
		<SimpleData name="Category">doctor</SimpleData>
		<SimpleData name="Address">Plot No H 29, Satpur MIDC Main Rd, opp. Shivaji Nagar Bus Stop, near Abhishek Bakery, MIDC, Satpur Colony, Nashik, Maharashtra 422012, India</SimpleData>
		<SimpleData name="Latitude">20.005157</SimpleData>
		<SimpleData name="Longitude">73.7123254</SimpleData>
		<SimpleData name="Rating">4.8</SimpleData>
		<SimpleData name="Place_ID">ChIJzZhJx8Pt3TsRQ22uAxVI6jE</SimpleData>
		<SimpleData name="Distance_m">790</SimpleData>
	</SchemaData></ExtendedData>
      <Point><coordinates>73.7123254,20.005157</coordinates></Point>
  </Placemark>
  <Placemark id="hospitals.359">
	<name>Satpur Physician Clinic- MD Doctor. Dr. Girish Borkar</name>
	<ExtendedData><SchemaData schemaUrl="#hospitals">
		<SimpleData name="Category">doctor</SimpleData>
		<SimpleData name="Address">Shri Samarth Plot, Rajya Karmachari Society, 21/A, near Ashirwad medical, Savarkar Nagar, Ashoknagar, Satpur Colony, Nashik, Maharashtra 422012, India</SimpleData>
		<SimpleData name="Latitude">19.9897153</SimpleData>
		<SimpleData name="Longitude">73.7171663</SimpleData>
		<SimpleData name="Rating">5</SimpleData>
		<SimpleData name="Place_ID">ChIJXwWy-Qbt3TsR0YuewuMQyg4</SimpleData>
		<SimpleData name="Distance_m">2437</SimpleData>
	</SchemaData></ExtendedData>
      <Point><coordinates>73.7171663,19.9897153</coordinates></Point>
  </Placemark>
  <Placemark id="hospitals.360">
	<name>Shree Clinic ???? ???????... Kavita Dhage</name>
	<ExtendedData><SchemaData schemaUrl="#hospitals">
		<SimpleData name="Category">doctor</SimpleData>
		<SimpleData name="Address">XPP9+XJQ, Savarkar Nagar, Ashoknagar, Shaneshwar Nagar, Nashik, Maharashtra 422007, India</SimpleData>
		<SimpleData name="Latitude">19.9874582</SimpleData>
		<SimpleData name="Longitude">73.7191083</SimpleData>
		<SimpleData name="Place_ID">ChIJbXYTDADt3TsRnkYy3hXsrLE</SimpleData>
		<SimpleData name="Distance_m">2755</SimpleData>
	</SchemaData></ExtendedData>
      <Point><coordinates>73.7191083,19.9874582</coordinates></Point>
  </Placemark>
  <Placemark id="hospitals.361">
	<name>Chinmay Clinic</name>
	<ExtendedData><SchemaData schemaUrl="#hospitals">
		<SimpleData name="Category">doctor</SimpleData>
		<SimpleData name="Address">11, Ashoknagar, Near Ashoknagar Last Bus Stop, Jaswant Nagar, Satpur Colony, Nashik, Maharashtra 422012, India</SimpleData>
		<SimpleData name="Latitude">19.9901248</SimpleData>
		<SimpleData name="Longitude">73.7127288</SimpleData>
		<SimpleData name="Rating">5</SimpleData>
		<SimpleData name="Place_ID">ChIJl7VTlvfs3TsRVoyspfz29FI</SimpleData>
		<SimpleData name="Distance_m">2251</SimpleData>
	</SchemaData></ExtendedData>
      <Point><coordinates>73.7127288,19.9901248</coordinates></Point>
  </Placemark>
  <Placemark id="hospitals.362">
	<name>Satpur Physician�s Clinic</name>
	<ExtendedData><SchemaData schemaUrl="#hospitals">
		<SimpleData name="Category">doctor</SimpleData>
		<SimpleData name="Address">Ashok Nagar bus Stop, 1, opposite Thakkar Ground, Near Ashoknagar Last Bus Stop, Ashoknagar, Shramik Nagar, Nashik, Maharashtra 422012, India</SimpleData>
		<SimpleData name="Latitude">19.9908136</SimpleData>
		<SimpleData name="Longitude">73.7121687</SimpleData>
		<SimpleData name="Place_ID">ChIJm-5lPmnt3TsRsyXSdXY1ijk</SimpleData>
		<SimpleData name="Distance_m">2263</SimpleData>
	</SchemaData></ExtendedData>
      <Point><coordinates>73.7121687,19.9908136</coordinates></Point>
  </Placemark>
  <Placemark id="hospitals.363">
	<name>Serenity Healthcare Clinic</name>
	<ExtendedData><SchemaData schemaUrl="#hospitals">
		<SimpleData name="Category">doctor</SimpleData>
		<SimpleData name="Address">XPR6+HXQ, Near Ashoknagar Last Bus Stop, Ashoknagar, Satpur Colony, Nashik, Maharashtra 422012, India</SimpleData>
		<SimpleData name="Latitude">19.9914705</SimpleData>
		<SimpleData name="Longitude">73.7124846</SimpleData>
		<SimpleData name="Rating">5</SimpleData>
		<SimpleData name="Place_ID">ChIJl56aBwDt3TsRQ17MMFmDD8A</SimpleData>
		<SimpleData name="Distance_m">1179</SimpleData>
	</SchemaData></ExtendedData>
      <Point><coordinates>73.7124846,19.9914705</coordinates></Point>
  </Placemark>
  <Placemark id="hospitals.364">
	<name>ESIC Hospital Nashik</name>
	<ExtendedData><SchemaData schemaUrl="#hospitals">
		<SimpleData name="Category">general_hospital</SimpleData>
		<SimpleData name="Address">XPRM+PGW, Trambakeshwar Rd, opposite ESIS Hospital, MIDC, Satpur Colony, Nashik, Maharashtra 422007, India</SimpleData>
		<SimpleData name="Latitude">19.9918531</SimpleData>
		<SimpleData name="Longitude">73.7338183</SimpleData>
		<SimpleData name="Rating">3.8</SimpleData>
		<SimpleData name="Place_ID">ChIJJ1Qdpojs3TsRIE6qyA_tsi0</SimpleData>
		<SimpleData name="Distance_m">1024</SimpleData>
	</SchemaData></ExtendedData>
      <Point><coordinates>73.7338183,19.9918531</coordinates></Point>
  </Placemark>
  <Placemark id="hospitals.365">
	<name>Healing Paralysis And Health Care Center</name>
	<ExtendedData><SchemaData schemaUrl="#hospitals">
		<SimpleData name="Category">health</SimpleData>
		<SimpleData name="Address">Dhanwantari bungalow, 735, ambedkar market road, near new ashok nagar post office, MHB Colony, Satpur Colony, Nashik, Maharashtra 422007, India</SimpleData>
		<SimpleData name="Latitude">19.9894915</SimpleData>
		<SimpleData name="Longitude">73.7252709</SimpleData>
		<SimpleData name="Rating">5</SimpleData>
		<SimpleData name="Place_ID">ChIJy4AcOr7t3TsRBBWpJrLFqFc</SimpleData>
		<SimpleData name="Distance_m">2959</SimpleData>
	</SchemaData></ExtendedData>
      <Point><coordinates>73.7252709,19.9894915</coordinates></Point>
  </Placemark>
  <Placemark id="hospitals.366">
	<name>Sarthak Hospitals Private Limited, Nashik | Multispeciality Hospital | Orthopedic | Maternity | General Surgeon |</name>
	<ExtendedData><SchemaData schemaUrl="#hospitals">
		<SimpleData name="Category">hospital</SimpleData>
		<SimpleData name="Address">Mandir, behind Papaya Nursery, near Moulie Hall, Shrikrishna Nagar, Samta Nagar, Satpur Colony, Nashik, Maharashtra 422007, India</SimpleData>
		<SimpleData name="Latitude">19.988739</SimpleData>
		<SimpleData name="Longitude">73.722212</SimpleData>
		<SimpleData name="Rating">4.3</SimpleData>
		<SimpleData name="Place_ID">ChIJQdjGj_Ts3TsRvuxFBMo4BAI</SimpleData>
		<SimpleData name="Distance_m">2816</SimpleData>
	</SchemaData></ExtendedData>
      <Point><coordinates>73.722212,19.988739</coordinates></Point>
  </Placemark>
  <Placemark id="hospitals.367">
	<name>Leelavati Aspire Hospital</name>
	<ExtendedData><SchemaData schemaUrl="#hospitals">
		<SimpleData name="Category">hospital</SimpleData>
		<SimpleData name="Address">Carbon Naka, Near Shivaji Nagar Bus Stop, MIDC, Satpur Colony, Nashik, Maharashtra 422012, India</SimpleData>
		<SimpleData name="Latitude">20.0057879</SimpleData>
		<SimpleData name="Longitude">73.7118368</SimpleData>
		<SimpleData name="Rating">4.3</SimpleData>
		<SimpleData name="Place_ID">ChIJFcIvbgDt3TsRPDPAFkByrf8</SimpleData>
		<SimpleData name="Distance_m">710</SimpleData>
	</SchemaData></ExtendedData>
      <Point><coordinates>73.7118368,20.0057879</coordinates></Point>
  </Placemark>
  <Placemark id="hospitals.368">
	<name>Shree Sainath Hospital Nashik</name>
	<ExtendedData><SchemaData schemaUrl="#hospitals">
		<SimpleData name="Category">hospital</SimpleData>
		<SimpleData name="Address">Ashoknagar, Satpur Colony, Nashik, Maharashtra 422012, India</SimpleData>
		<SimpleData name="Latitude">19.987571</SimpleData>
		<SimpleData name="Longitude">73.7147949</SimpleData>
		<SimpleData name="Rating">4.5</SimpleData>
		<SimpleData name="Place_ID">ChIJwxfTDDTt3TsRAE4w_9R667Y</SimpleData>
		<SimpleData name="Distance_m">2547</SimpleData>
	</SchemaData></ExtendedData>
      <Point><coordinates>73.7147949,19.987571</coordinates></Point>
  </Placemark>
  <Placemark id="hospitals.369">
	<name>Shree Samarth Multi-speciality Hospital</name>
	<ExtendedData><SchemaData schemaUrl="#hospitals">
		<SimpleData name="Category">hospital</SimpleData>
		<SimpleData name="Address">Shree Samarth Multi-speciality Hospital, Police Chowki, Gangapur - Satpur Link Rd, near Ashok Nagar, Vivekanand Nagar, Ashoknagar, Satpur Colony, Nashik, Maharashtra 422012, India</SimpleData>
		<SimpleData name="Latitude">19.989422</SimpleData>
		<SimpleData name="Longitude">73.7133868</SimpleData>
		<SimpleData name="Rating">5</SimpleData>
		<SimpleData name="Place_ID">ChIJe6vwWwDt3TsRpvyB6xAKW_U</SimpleData>
		<SimpleData name="Distance_m">2303</SimpleData>
	</SchemaData></ExtendedData>
      <Point><coordinates>73.7133868,19.989422</coordinates></Point>
  </Placemark>
  <Placemark id="hospitals.370">
	<name>Navjeevan Nursing Home</name>
	<ExtendedData><SchemaData schemaUrl="#hospitals">
		<SimpleData name="Category">hospital</SimpleData>
		<SimpleData name="Address">Atharv Nagar, Ashoknagar, Satpur Colony, Nashik, Maharashtra 422007, India</SimpleData>
		<SimpleData name="Latitude">19.9882639</SimpleData>
		<SimpleData name="Longitude">73.717214</SimpleData>
		<SimpleData name="Rating">4.2</SimpleData>
		<SimpleData name="Place_ID">ChIJOypYSfHs3TsRZ4uYf3x1o48</SimpleData>
		<SimpleData name="Distance_m">2581</SimpleData>
	</SchemaData></ExtendedData>
      <Point><coordinates>73.717214,19.9882639</coordinates></Point>
  </Placemark>
  <Placemark id="hospitals.371">
	<name>Shiv Superspeciality Hospital</name>
	<ExtendedData><SchemaData schemaUrl="#hospitals">
		<SimpleData name="Category">hospital</SimpleData>
		<SimpleData name="Address">Trambakeshwar Rd, opp. Papaya Nursery, Satpur Colony, Nashik, Maharashtra 422007, India</SimpleData>
		<SimpleData name="Latitude">19.9873398</SimpleData>
		<SimpleData name="Longitude">73.7262385</SimpleData>
		<SimpleData name="Rating">4.8</SimpleData>
		<SimpleData name="Place_ID">ChIJsXKm78jt3TsRCa9eBsk9gQY</SimpleData>
		<SimpleData name="Distance_m">1570</SimpleData>
	</SchemaData></ExtendedData>
      <Point><coordinates>73.7262385,19.9873398</coordinates></Point>
  </Placemark>
  <Placemark id="hospitals.372">
	<name>Dr Karad Multi speciality Hospital</name>
	<ExtendedData><SchemaData schemaUrl="#hospitals">
		<SimpleData name="Category">hospital</SimpleData>
		<SimpleData name="Address">Ghatol Galli, Satpur, Satpur Gaon, Satpur Colony, Nashik, Maharashtra 422007, India</SimpleData>
		<SimpleData name="Latitude">19.9902045</SimpleData>
		<SimpleData name="Longitude">73.7356216</SimpleData>
		<SimpleData name="Rating">4.1</SimpleData>
		<SimpleData name="Place_ID">ChIJAQAAAH3s3TsRQ_VPZ9b0Sd8</SimpleData>
		<SimpleData name="Distance_m">1259</SimpleData>
	</SchemaData></ExtendedData>
      <Point><coordinates>73.7356216,19.9902045</coordinates></Point>
  </Placemark>
  <Placemark id="hospitals.373">
	<name>NMC Satpur Hospital</name>
	<ExtendedData><SchemaData schemaUrl="#hospitals">
		<SimpleData name="Category">hospital</SimpleData>
		<SimpleData name="Address">XPQQ+W47, Swarbaba Nagar, Satpur Gaon, Satpur Colony, Nashik, Maharashtra 422007, India</SimpleData>
		<SimpleData name="Latitude">19.989798</SimpleData>
		<SimpleData name="Longitude">73.737809</SimpleData>
		<SimpleData name="Rating">3.7</SimpleData>
		<SimpleData name="Place_ID">ChIJc3SnRYHs3TsRAJBpfHfpp6Q</SimpleData>
		<SimpleData name="Distance_m">1400</SimpleData>
	</SchemaData></ExtendedData>
      <Point><coordinates>73.737809,19.989798</coordinates></Point>
  </Placemark>
  <Placemark id="hospitals.374">
	<name>Rohit Hospital</name>
	<ExtendedData><SchemaData schemaUrl="#hospitals">
		<SimpleData name="Category">hospital</SimpleData>
		<SimpleData name="Address">Samta Nagar, Satpur Colony, Nashik, Maharashtra 422007, India</SimpleData>
		<SimpleData name="Latitude">19.9888878</SimpleData>
		<SimpleData name="Longitude">73.7240274</SimpleData>
		<SimpleData name="Rating">3.8</SimpleData>
		<SimpleData name="Place_ID">ChIJAQAAAH3s3TsRRWMHyVEL1sI</SimpleData>
		<SimpleData name="Distance_m">1507</SimpleData>
	</SchemaData></ExtendedData>
      <Point><coordinates>73.7240274,19.9888878</coordinates></Point>
  </Placemark>
  <Placemark id="hospitals.375">
	<name>Shree Sainath Hospital.Ashok Nagar,Satpur Trambak Link road,Satpur,Nashik</name>
	<ExtendedData><SchemaData schemaUrl="#hospitals">
		<SimpleData name="Category">hospital</SimpleData>
		<SimpleData name="Address">Satpur-Trambak, link, road, opposite Pragati School, Ashoknagar, Satpur Colony, Nashik, Maharashtra 422012, India</SimpleData>
		<SimpleData name="Latitude">19.987509</SimpleData>
		<SimpleData name="Longitude">73.714755</SimpleData>
		<SimpleData name="Rating">2</SimpleData>
		<SimpleData name="Place_ID">ChIJI34hAmDt3TsRHkqvD5fcmlM</SimpleData>
		<SimpleData name="Distance_m">2251</SimpleData>
	</SchemaData></ExtendedData>
      <Point><coordinates>73.714755,19.987509</coordinates></Point>
  </Placemark>
  <Placemark id="hospitals.376">
	<name>Randive Hospital</name>
	<ExtendedData><SchemaData schemaUrl="#hospitals">
		<SimpleData name="Category">hospital</SimpleData>
		<SimpleData name="Address">190, MHB Colony, Satpur Colony, Nashik, Maharashtra 422007, India</SimpleData>
		<SimpleData name="Latitude">19.9903698</SimpleData>
		<SimpleData name="Longitude">73.7289945</SimpleData>
		<SimpleData name="Rating">3.8</SimpleData>
		<SimpleData name="Place_ID">ChIJL_wV8ovs3TsR0bgOxxjr9hE</SimpleData>
		<SimpleData name="Distance_m">1170</SimpleData>
	</SchemaData></ExtendedData>
      <Point><coordinates>73.7289945,19.9903698</coordinates></Point>
  </Placemark>
  <Placemark id="hospitals.377">
	<name>Netscape MICO Hospital Satpur</name>
	<ExtendedData><SchemaData schemaUrl="#hospitals">
		<SimpleData name="Category">hospital</SimpleData>
		<SimpleData name="Address">Doctor, St Eknathrao Gorakhe Rd, MIDC, Anand Colony, Nashik, Maharashtra 422007, India</SimpleData>
		<SimpleData name="Latitude">19.9918604</SimpleData>
		<SimpleData name="Longitude">73.7338174</SimpleData>
		<SimpleData name="Rating">1</SimpleData>
		<SimpleData name="Place_ID">ChIJWUWFdYzs3TsR4C7xq3mb318</SimpleData>
		<SimpleData name="Distance_m">1023</SimpleData>
	</SchemaData></ExtendedData>
      <Point><coordinates>73.7338174,19.9918604</coordinates></Point>
  </Placemark>
  <Placemark id="hospitals.378">
	<name>Bhadane Maternity Hospital</name>
	<ExtendedData><SchemaData schemaUrl="#hospitals">
		<SimpleData name="Category">hospital</SimpleData>
		<SimpleData name="Address">Ashoknagar, Satpur Colony, Nashik, Maharashtra 422007, India</SimpleData>
		<SimpleData name="Latitude">19.987484</SimpleData>
		<SimpleData name="Longitude">73.714699</SimpleData>
		<SimpleData name="Rating">4.9</SimpleData>
		<SimpleData name="Place_ID">ChIJe8BPTvfs3TsR4fUyMwpJdi4</SimpleData>
		<SimpleData name="Distance_m">2258</SimpleData>
	</SchemaData></ExtendedData>
      <Point><coordinates>73.714699,19.987484</coordinates></Point>
  </Placemark>
  <Placemark id="hospitals.379">
	<name>Shree Vidhata Multispeciality Hospital</name>
	<ExtendedData><SchemaData schemaUrl="#hospitals">
		<SimpleData name="Category">hospital</SimpleData>
		<SimpleData name="Address">Trambakeshwar Rd, Satpur Gaon, Satpur Colony, Nashik, Maharashtra 422007, India</SimpleData>
		<SimpleData name="Latitude">19.9908651</SimpleData>
		<SimpleData name="Longitude">73.7353203</SimpleData>
		<SimpleData name="Rating">5</SimpleData>
		<SimpleData name="Place_ID">ChIJXfuoHU_t3TsRk4nwT0pknv0</SimpleData>
		<SimpleData name="Distance_m">1179</SimpleData>
	</SchemaData></ExtendedData>
      <Point><coordinates>73.7353203,19.9908651</coordinates></Point>
  </Placemark>
  <Placemark id="hospitals.380">
	<name>Sai Clinic</name>
	<ExtendedData><SchemaData schemaUrl="#hospitals">
		<SimpleData name="Category">hospital</SimpleData>
		<SimpleData name="Address">Shop No 2, Bhagwan Maule Shopping Complex, Chhatrapati Shivaji Maharaj Bhaji Market, Mahadevwadi, Satpur Gaon, Satpur Colony, Nashik, Maharashtra 422007, India</SimpleData>
		<SimpleData name="Latitude">19.989288</SimpleData>
		<SimpleData name="Longitude">73.733209</SimpleData>
		<SimpleData name="Rating">5</SimpleData>
		<SimpleData name="Place_ID">ChIJCZvpDzft3TsRGl1Epu4D1ck</SimpleData>
		<SimpleData name="Distance_m">1288</SimpleData>
	</SchemaData></ExtendedData>
      <Point><coordinates>73.733209,19.989288</coordinates></Point>
  </Placemark>
  <Placemark id="hospitals.381">
	<name>Mamta Clinic</name>
	<ExtendedData><SchemaData schemaUrl="#hospitals">
		<SimpleData name="Category">hospital</SimpleData>
		<SimpleData name="Address">XPQM+RP6, Mali Ln, Satpur Gaon, Satpur Colony, Nashik, Maharashtra 422007, India</SimpleData>
		<SimpleData name="Latitude">19.9891986</SimpleData>
		<SimpleData name="Longitude">73.7343071</SimpleData>
		<SimpleData name="Rating">5</SimpleData>
		<SimpleData name="Place_ID">ChIJ4_e-MwDt3TsRHMRj3DA1Hk8</SimpleData>
		<SimpleData name="Distance_m">1322</SimpleData>
	</SchemaData></ExtendedData>
      <Point><coordinates>73.7343071,19.9891986</coordinates></Point>
  </Placemark>
  <Placemark id="hospitals.382">
	<name>Shree Clinic</name>
	<ExtendedData><SchemaData schemaUrl="#hospitals">
		<SimpleData name="Category">medical_clinic</SimpleData>
		<SimpleData name="Address">Ashok Nagar Rd, Ashoknagar, Satpur Colony, Nashik, Maharashtra 422007, India</SimpleData>
		<SimpleData name="Latitude">19.9871312</SimpleData>
		<SimpleData name="Longitude">73.7180215</SimpleData>
		<SimpleData name="Rating">5</SimpleData>
		<SimpleData name="Place_ID">ChIJuYdqYPHs3TsR0OriEU_5OY4</SimpleData>
		<SimpleData name="Distance_m">2732</SimpleData>
	</SchemaData></ExtendedData>
      <Point><coordinates>73.7180215,19.9871312</coordinates></Point>
  </Placemark>
  <Placemark id="hospitals.383">
	<name>Divya Women's Clinic | Dr. Divya Pawar - Gynaecologist &amp; Obstetrician</name>
	<ExtendedData><SchemaData schemaUrl="#hospitals">
		<SimpleData name="Category">medical_clinic</SimpleData>
		<SimpleData name="Address">Shop No. 1, Savarkar Nagar, Ashoknagar, Satpur Colony, Nashik, Maharashtra 422007, India</SimpleData>
		<SimpleData name="Latitude">19.9884845</SimpleData>
		<SimpleData name="Longitude">73.7192144</SimpleData>
		<SimpleData name="Rating">4.9</SimpleData>
		<SimpleData name="Place_ID">ChIJExii2x7t3TsRANOYqaAKZ30</SimpleData>
		<SimpleData name="Distance_m">2662</SimpleData>
	</SchemaData></ExtendedData>
      <Point><coordinates>73.7192144,19.9884845</coordinates></Point>
  </Placemark>
  <Placemark id="hospitals.384">
	<name>Suyog Clinic</name>
	<ExtendedData><SchemaData schemaUrl="#hospitals">
		<SimpleData name="Category">medical_clinic</SimpleData>
		<SimpleData name="Address">1st Bus Stop, Savarkar Nagar, Ashoknagar, Satpur Colony, Nashik, Maharashtra 422012, India</SimpleData>
		<SimpleData name="Latitude">19.9897299</SimpleData>
		<SimpleData name="Longitude">73.717426</SimpleData>
		<SimpleData name="Rating">3</SimpleData>
		<SimpleData name="Place_ID">ChIJtdyAu_bs3TsRZbrfpjBHooU</SimpleData>
		<SimpleData name="Distance_m">2448</SimpleData>
	</SchemaData></ExtendedData>
      <Point><coordinates>73.717426,19.9897299</coordinates></Point>
  </Placemark>
  <Placemark id="hospitals.385">
	<name>Dr. Unnati�s Physiotherapy Clinic</name>
	<ExtendedData><SchemaData schemaUrl="#hospitals">
		<SimpleData name="Category">medical_clinic</SimpleData>
		<SimpleData name="Address">Dr. Unnati�s physiotherapy clinic, B/h jio petrol pump, gulmohar vihar colony, pipeline rd, Gangapur Rd, Gulmohar Vihar, Satpur Colony, Nashik, Maharashtra 422007, India</SimpleData>
		<SimpleData name="Latitude">20.0038434</SimpleData>
		<SimpleData name="Longitude">73.7419949</SimpleData>
		<SimpleData name="Rating">5</SimpleData>
		<SimpleData name="Place_ID">ChIJIWUv7d_t3TsR4Gs40-s4Qyw</SimpleData>
		<SimpleData name="Distance_m">1264</SimpleData>
	</SchemaData></ExtendedData>
      <Point><coordinates>73.7419949,20.0038434</coordinates></Point>
  </Placemark>
  <Placemark id="hospitals.386">
	<name>Shiv clinic and Day care</name>
	<ExtendedData><SchemaData schemaUrl="#hospitals">
		<SimpleData name="Category">medical_clinic</SimpleData>
		<SimpleData name="Address">Shop no 4, Imperial appartment, near Raj mobile, Shivaji Nagar, Satpur Colony, Nashik, Maharashtra 422012, India</SimpleData>
		<SimpleData name="Latitude">20.0060977</SimpleData>
		<SimpleData name="Longitude">73.7123039</SimpleData>
		<SimpleData name="Place_ID">ChIJbXySQk_t3TsRy8dOJ_GP5NQ</SimpleData>
		<SimpleData name="Distance_m">2054</SimpleData>
	</SchemaData></ExtendedData>
      <Point><coordinates>73.7123039,20.0060977</coordinates></Point>
  </Placemark>
  <Placemark id="hospitals.387">
	<name>Aditi Clinic &amp; maternity care</name>
	<ExtendedData><SchemaData schemaUrl="#hospitals">
		<SimpleData name="Category">medical_clinic</SimpleData>
		<SimpleData name="Address">Vector Stamp, Ghatola Galli, Vector Stamp, Satpur Gaon, Satpur Colony, Nashik, Maharashtra 422007, India</SimpleData>
		<SimpleData name="Latitude">19.9901411</SimpleData>
		<SimpleData name="Longitude">73.7358837</SimpleData>
		<SimpleData name="Place_ID">ChIJA9YtCIbs3TsROR28WGeU8SY</SimpleData>
		<SimpleData name="Distance_m">1276</SimpleData>
	</SchemaData></ExtendedData>
      <Point><coordinates>73.7358837,19.9901411</coordinates></Point>
  </Placemark>
  <Placemark id="hospitals.388">
	<name>Apollo Hospital Emergency Centre - Satpur</name>
	<ExtendedData><SchemaData schemaUrl="#hospitals">
		<SimpleData name="Category">medical_clinic</SimpleData>
		<SimpleData name="Address">MIDC, Satpur Colony, Nashik, Maharashtra 422007, India</SimpleData>
		<SimpleData name="Latitude">19.9975</SimpleData>
		<SimpleData name="Longitude">73.7305</SimpleData>
		<SimpleData name="Place_ID">ChIJW60RJ1zt3TsROcJeIkAy0_s</SimpleData>
		<SimpleData name="Distance_m">361</SimpleData>
	</SchemaData></ExtendedData>
      <Point><coordinates>73.7305,19.9975</coordinates></Point>
  </Placemark>
  <Placemark id="hospitals.389">
	<name>Avtar Clinic</name>
	<ExtendedData><SchemaData schemaUrl="#hospitals">
		<SimpleData name="Category">medical_clinic</SimpleData>
		<SimpleData name="Address">4, Infront Of Kesar Park, Savarkar Nagar, Ashoknagar, Satpur Colony, Nashik, Maharashtra 422012, India</SimpleData>
		<SimpleData name="Latitude">19.9902859</SimpleData>
		<SimpleData name="Longitude">73.7193243</SimpleData>
		<SimpleData name="Rating">5</SimpleData>
		<SimpleData name="Place_ID">ChIJxW0oFvTs3TsRVawzeAY6LWU</SimpleData>
		<SimpleData name="Distance_m">1690</SimpleData>
	</SchemaData></ExtendedData>
      <Point><coordinates>73.7193243,19.9902859</coordinates></Point>
  </Placemark>
  <Placemark id="hospitals.390">
	<name>UNISURGE HEALTH CARE CENTER</name>
	<ExtendedData><SchemaData schemaUrl="#hospitals">
		<SimpleData name="Category">association_or_organization</SimpleData>
		<SimpleData name="Address">Ganesh Siddhi Apartment, Panchavati, Nashik, Maharashtra 422003, India</SimpleData>
		<SimpleData name="Latitude">20.0101581</SimpleData>
		<SimpleData name="Longitude">73.793602</SimpleData>
		<SimpleData name="Rating">4.4</SimpleData>
		<SimpleData name="Place_ID">ChIJK7MSYADr3TsRoJ3deHXTiVE</SimpleData>
		<SimpleData name="Distance_m">192</SimpleData>
	</SchemaData></ExtendedData>
      <Point><coordinates>73.793602,20.0101581</coordinates></Point>
  </Placemark>
  <Placemark id="hospitals.391">
	<name>Advira Clinic</name>
	<ExtendedData><SchemaData schemaUrl="#hospitals">
		<SimpleData name="Category">doctor</SimpleData>
		<SimpleData name="Address">Advira Clinic Chetana park madhuban colony, Makhmalabad Rd, Ganesh Nagar, Panchavati, Nashik, Maharashtra 422003, India</SimpleData>
		<SimpleData name="Latitude">20.0180928</SimpleData>
		<SimpleData name="Longitude">73.7888638</SimpleData>
		<SimpleData name="Rating">5</SimpleData>
		<SimpleData name="Place_ID">ChIJpY-JAwDr3TsRwTYDi-YYIz8</SimpleData>
		<SimpleData name="Distance_m">2391</SimpleData>
	</SchemaData></ExtendedData>
      <Point><coordinates>73.7888638,20.0180928</coordinates></Point>
  </Placemark>
  <Placemark id="hospitals.392">
	<name>Dr. Ramakant Bhivsan</name>
	<ExtendedData><SchemaData schemaUrl="#hospitals">
		<SimpleData name="Category">doctor</SimpleData>
		<SimpleData name="Address">Shop no. 6/Ground floor, Rejoice Orthocare Clinic, Surya Arcade, Near Nimani Bus Stand, Panchavati, Nashik, Maharashtra 422003, India</SimpleData>
		<SimpleData name="Latitude">20.0110735</SimpleData>
		<SimpleData name="Longitude">73.7964131</SimpleData>
		<SimpleData name="Rating">5</SimpleData>
		<SimpleData name="Place_ID">ChIJpSSN2yfr3TsReJyCO-RVJZE</SimpleData>
		<SimpleData name="Distance_m">503</SimpleData>
	</SchemaData></ExtendedData>
      <Point><coordinates>73.7964131,20.0110735</coordinates></Point>
  </Placemark>
  <Placemark id="hospitals.393">
	<name>Aditya Eye Clinic</name>
	<ExtendedData><SchemaData schemaUrl="#hospitals">
		<SimpleData name="Category">doctor</SimpleData>
		<SimpleData name="Address">6-7,Basement, Surya Arcade, Near Nimani Bus Stand, Panchavati, Nashik, Maharashtra 422003, India</SimpleData>
		<SimpleData name="Latitude">20.0110649</SimpleData>
		<SimpleData name="Longitude">73.79639</SimpleData>
		<SimpleData name="Rating">4.5</SimpleData>
		<SimpleData name="Place_ID">ChIJmdYA51Lq3TsRlsocrmO2i58</SimpleData>
		<SimpleData name="Distance_m">500</SimpleData>
	</SchemaData></ExtendedData>
      <Point><coordinates>73.79639,20.0110649</coordinates></Point>
  </Placemark>
  <Placemark id="hospitals.394">
	<name>Dr Patel's SHREE DENTAL CLINIC</name>
	<ExtendedData><SchemaData schemaUrl="#hospitals">
		<SimpleData name="Category">doctor</SimpleData>
		<SimpleData name="Address">2Q5W+J4V, Malviya Chowk, Panchavati, Nashik, Maharashtra 422003, India</SimpleData>
		<SimpleData name="Latitude">20.0091174</SimpleData>
		<SimpleData name="Longitude">73.7953024</SimpleData>
		<SimpleData name="Rating">5</SimpleData>
		<SimpleData name="Place_ID">ChIJH9xgNlPq3TsRS9kLAkf892k</SimpleData>
		<SimpleData name="Distance_m">358</SimpleData>
	</SchemaData></ExtendedData>
      <Point><coordinates>73.7953024,20.0091174</coordinates></Point>
  </Placemark>
  <Placemark id="hospitals.395">
	<name>Chintamani Pathology</name>
	<ExtendedData><SchemaData schemaUrl="#hospitals">
		<SimpleData name="Category">doctor</SimpleData>
		<SimpleData name="Address">Shop.no- 21 &amp; 22,1st Floor, Bhakti Sankul, above Jankalyan Bank, Peth Naka, Panchavati, Nashik, Maharashtra 422003, India</SimpleData>
		<SimpleData name="Latitude">20.0122535</SimpleData>
		<SimpleData name="Longitude">73.7939324</SimpleData>
		<SimpleData name="Rating">5</SimpleData>
		<SimpleData name="Place_ID">ChIJ8ZLrNSjr3TsRu_3yLXdDieo</SimpleData>
		<SimpleData name="Distance_m">373</SimpleData>
	</SchemaData></ExtendedData>
      <Point><coordinates>73.7939324,20.0122535</coordinates></Point>
  </Placemark>
  <Placemark id="hospitals.396">
	<name>Indira Gandhi Rugnalaya</name>
	<ExtendedData><SchemaData schemaUrl="#hospitals">
		<SimpleData name="Category">general_hospital</SimpleData>
		<SimpleData name="Address">2Q5W+W6P, Panchavati Karanja, Panchavati, Nashik, Maharashtra 422003, India</SimpleData>
		<SimpleData name="Latitude">20.0098491</SimpleData>
		<SimpleData name="Longitude">73.7955767</SimpleData>
		<SimpleData name="Rating">3.7</SimpleData>
		<SimpleData name="Place_ID">ChIJ01JoL1Pq3TsRdZH15FFhK9U</SimpleData>
		<SimpleData name="Distance_m">1260</SimpleData>
	</SchemaData></ExtendedData>
      <Point><coordinates>73.7955767,20.0098491</coordinates></Point>
  </Placemark>
  <Placemark id="hospitals.397">
	<name>Sunshine multi-speciality hospital</name>
	<ExtendedData><SchemaData schemaUrl="#hospitals">
		<SimpleData name="Category">health</SimpleData>
		<SimpleData name="Address">Survey No .96 Floor No.1&amp; 2, Co-Op HSg society, 3/1, Peth Rd, near Bhakti Dham Mandir, Mahavir Society, Rohini Nagar, Nashik, Maharashtra 422003, India</SimpleData>
		<SimpleData name="Latitude">20.0157749</SimpleData>
		<SimpleData name="Longitude">73.792961</SimpleData>
		<SimpleData name="Rating">4.9</SimpleData>
		<SimpleData name="Place_ID">ChIJmaS7rC3l3TsRpbonEm8_0i0</SimpleData>
		<SimpleData name="Distance_m">2888</SimpleData>
	</SchemaData></ExtendedData>
      <Point><coordinates>73.792961,20.0157749</coordinates></Point>
  </Placemark>
  <Placemark id="hospitals.398">
	<name>Vedika Sahniwas</name>
	<ExtendedData><SchemaData schemaUrl="#hospitals">
		<SimpleData name="Category">health</SimpleData>
		<SimpleData name="Address">3rd floor, 4TH FLOOR, Murlidhar Complex, Gangaghat, Panchavati, Nashik, Maharashtra 422003, India</SimpleData>
		<SimpleData name="Latitude">20.0067148</SimpleData>
		<SimpleData name="Longitude">73.7933726</SimpleData>
		<SimpleData name="Rating">4</SimpleData>
		<SimpleData name="Place_ID">ChIJhdid2cHr3TsRfJv1n8idIAo</SimpleData>
		<SimpleData name="Distance_m">1502</SimpleData>
	</SchemaData></ExtendedData>
      <Point><coordinates>73.7933726,20.0067148</coordinates></Point>
  </Placemark>
  <Placemark id="hospitals.399">
	<name>SURYA Care Nursing Bureo</name>
	<ExtendedData><SchemaData schemaUrl="#hospitals">
		<SimpleData name="Category">health</SimpleData>
		<SimpleData name="Address">2Q4X+99H, Ganesh Wadi Rd, near Tile Ganapati Temple, Panchavati, Nashik, Maharashtra 422003, India</SimpleData>
		<SimpleData name="Latitude">20.0059267</SimpleData>
		<SimpleData name="Longitude">73.7984771</SimpleData>
		<SimpleData name="Rating">5</SimpleData>
		<SimpleData name="Place_ID">ChIJTVzOPCvr3TsRHGqbY0PQXcA</SimpleData>
		<SimpleData name="Distance_m">794</SimpleData>
	</SchemaData></ExtendedData>
      <Point><coordinates>73.7984771,20.0059267</coordinates></Point>
  </Placemark>
  <Placemark id="hospitals.400">
	<name>686/35/A, Gangawadi, Raviwar Peth, Nashik Maharashtra</name>
	<ExtendedData><SchemaData schemaUrl="#hospitals">
		<SimpleData name="Category">health</SimpleData>
		<SimpleData name="Address">1033/A/695, Gangawadi Rd, Raviwar Peth, Gangawadi, Panchavati, Nashik, Maharashtra 422001, India</SimpleData>
		<SimpleData name="Latitude">20.008742</SimpleData>
		<SimpleData name="Longitude">73.788778</SimpleData>
		<SimpleData name="Place_ID">ChIJhThzSADr3TsRiXKuTUZuq5w</SimpleData>
		<SimpleData name="Distance_m">337</SimpleData>
	</SchemaData></ExtendedData>
      <Point><coordinates>73.788778,20.008742</coordinates></Point>
  </Placemark>
  <Placemark id="hospitals.401">
	<name>Metropolis Lab Nashik Atharva Diagnostic</name>
	<ExtendedData><SchemaData schemaUrl="#hospitals">
		<SimpleData name="Category">health</SimpleData>
		<SimpleData name="Address">Shop No 108, Tirumala Hights, above SBI Bank, Raviwar Peth, Raviwar Karanja, Panchavati, Nashik, Maharashtra 422001, India</SimpleData>
		<SimpleData name="Latitude">20.0071074</SimpleData>
		<SimpleData name="Longitude">73.7887416</SimpleData>
		<SimpleData name="Rating">5</SimpleData>
		<SimpleData name="Place_ID">ChIJ87Zjw_br3TsRdY1WGzrZICw</SimpleData>
		<SimpleData name="Distance_m">424</SimpleData>
	</SchemaData></ExtendedData>
      <Point><coordinates>73.7887416,20.0071074</coordinates></Point>
  </Placemark>
  <Placemark id="hospitals.402">
	<name>Sahawas Multispeciality Hospital | Trauma Care | Orthopedic Surgery | Oncology Surgery | Maternity Care</name>
	<ExtendedData><SchemaData schemaUrl="#hospitals">
		<SimpleData name="Category">hospital</SimpleData>
		<SimpleData name="Address">Peth Rd, opp. Old Bharat Petrol Pump Town Square, Fulenagar, Nashik, Maharashtra 422003, India</SimpleData>
		<SimpleData name="Latitude">20.0171191</SimpleData>
		<SimpleData name="Longitude">73.7938806</SimpleData>
		<SimpleData name="Rating">4.7</SimpleData>
		<SimpleData name="Place_ID">ChIJ_YPxvijq3TsRd8D08XId56I</SimpleData>
		<SimpleData name="Distance_m">2523</SimpleData>
	</SchemaData></ExtendedData>
      <Point><coordinates>73.7938806,20.0171191</coordinates></Point>
  </Placemark>
  <Placemark id="hospitals.403">
	<name>Yashwant Hospital</name>
	<ExtendedData><SchemaData schemaUrl="#hospitals">
		<SimpleData name="Category">hospital</SimpleData>
		<SimpleData name="Address">1st Floor, Bhakti Sankul Near, Peth Phata, Signal, Panchavati, Nashik, Maharashtra 422003, India</SimpleData>
		<SimpleData name="Latitude">20.0121561</SimpleData>
		<SimpleData name="Longitude">73.7937361</SimpleData>
		<SimpleData name="Rating">4.5</SimpleData>
		<SimpleData name="Place_ID">ChIJdzq2Ra3r3TsRJDeKjdpysT4</SimpleData>
		<SimpleData name="Distance_m">1985</SimpleData>
	</SchemaData></ExtendedData>
      <Point><coordinates>73.7937361,20.0121561</coordinates></Point>
  </Placemark>
  <Placemark id="hospitals.404">
	<name>Niramay Multispecialty &amp; Pushkar Hospital Nashik</name>
	<ExtendedData><SchemaData schemaUrl="#hospitals">
		<SimpleData name="Category">hospital</SimpleData>
		<SimpleData name="Address">Dindori Rd, opp. Market Yard Road, near Mahalaxmi Theatre, Adityakunj Society, Panchavati, Nashik, Maharashtra 422003, India</SimpleData>
		<SimpleData name="Latitude">20.0139744</SimpleData>
		<SimpleData name="Longitude">73.7964082</SimpleData>
		<SimpleData name="Rating">4.7</SimpleData>
		<SimpleData name="Place_ID">ChIJ_SjPO3Hr3TsR5LjAFJWYMac</SimpleData>
		<SimpleData name="Distance_m">2266</SimpleData>
	</SchemaData></ExtendedData>
      <Point><coordinates>73.7964082,20.0139744</coordinates></Point>
  </Placemark>
  <Placemark id="hospitals.405">
	<name>New Life Hospital</name>
	<ExtendedData><SchemaData schemaUrl="#hospitals">
		<SimpleData name="Category">hospital</SimpleData>
		<SimpleData name="Address">Ploat No. 3, New Life Hospital, Makhmalabad Rd, near Dream Castle Signal, Panchavati, Nashik, Maharashtra 422003, India</SimpleData>
		<SimpleData name="Latitude">20.017913</SimpleData>
		<SimpleData name="Longitude">73.7885001</SimpleData>
		<SimpleData name="Rating">5</SimpleData>
		<SimpleData name="Place_ID">ChIJDfE0l9rr3TsRjM1OLfMwvx8</SimpleData>
		<SimpleData name="Distance_m">2374</SimpleData>
	</SchemaData></ExtendedData>
      <Point><coordinates>73.7885001,20.017913</coordinates></Point>
  </Placemark>
  <Placemark id="hospitals.406">
	<name>VITHAI HOSPITAL</name>
	<ExtendedData><SchemaData schemaUrl="#hospitals">
		<SimpleData name="Category">hospital</SimpleData>
		<SimpleData name="Address">Vithai Hospital Ramchandra Apartment, opposite Panchwati Corporation office, Makhmalabad Naka, Panchavati, Nashik, Maharashtra 422003, India</SimpleData>
		<SimpleData name="Latitude">20.0118128</SimpleData>
		<SimpleData name="Longitude">73.7895892</SimpleData>
		<SimpleData name="Rating">5</SimpleData>
		<SimpleData name="Place_ID">ChIJyS726A7r3TsRH6ULbyZjCbc</SimpleData>
		<SimpleData name="Distance_m">2924</SimpleData>
	</SchemaData></ExtendedData>
      <Point><coordinates>73.7895892,20.0118128</coordinates></Point>
  </Placemark>
  <Placemark id="hospitals.407">
	<name>Samrudhi Multispeciality Hospital</name>
	<ExtendedData><SchemaData schemaUrl="#hospitals">
		<SimpleData name="Category">hospital</SimpleData>
		<SimpleData name="Address">1st Floor, Peth Rd, Rohini Nagar, Panchavati, Nashik, Maharashtra 422003, India</SimpleData>
		<SimpleData name="Latitude">20.0157492</SimpleData>
		<SimpleData name="Longitude">73.7929548</SimpleData>
		<SimpleData name="Rating">5</SimpleData>
		<SimpleData name="Place_ID">ChIJb_hPlmHr3TsRdS1y9UfOpzI</SimpleData>
		<SimpleData name="Distance_m">2889</SimpleData>
	</SchemaData></ExtendedData>
      <Point><coordinates>73.7929548,20.0157492</coordinates></Point>
  </Placemark>
  <Placemark id="hospitals.408">
	<name>Ayurved Seva Sangh Arogyashala Rugnalaya</name>
	<ExtendedData><SchemaData schemaUrl="#hospitals">
		<SimpleData name="Category">hospital</SimpleData>
		<SimpleData name="Address">2Q3W+VCF, Ganesh Wadi Rd, Panchavati, Nashik, Maharashtra 422003, India</SimpleData>
		<SimpleData name="Latitude">20.00469</SimpleData>
		<SimpleData name="Longitude">73.7960589</SimpleData>
		<SimpleData name="Rating">4.1</SimpleData>
		<SimpleData name="Place_ID">ChIJG_WvIFXq3TsRS5mozGZm7t4</SimpleData>
		<SimpleData name="Distance_m">1803</SimpleData>
	</SchemaData></ExtendedData>
      <Point><coordinates>73.7960589,20.00469</coordinates></Point>
  </Placemark>
  <Placemark id="hospitals.409">
	<name>Shivakrupa Multispeciality Hospital</name>
	<ExtendedData><SchemaData schemaUrl="#hospitals">
		<SimpleData name="Category">hospital</SimpleData>
		<SimpleData name="Address">2nd Floor, Patel Arcade, Dindori Naka, Panchavati, Nashik, Maharashtra 422003, India</SimpleData>
		<SimpleData name="Latitude">20.013515</SimpleData>
		<SimpleData name="Longitude">73.7964821</SimpleData>
		<SimpleData name="Rating">3.7</SimpleData>
		<SimpleData name="Place_ID">ChIJty2QnE7r3TsRy_P9C83G1g4</SimpleData>
		<SimpleData name="Distance_m">988</SimpleData>
	</SchemaData></ExtendedData>
      <Point><coordinates>73.7964821,20.013515</coordinates></Point>
  </Placemark>
  <Placemark id="hospitals.410">
	<name>Dr Nikam�s Sukhakarta Hospital | best hospital in Panchavati</name>
	<ExtendedData><SchemaData schemaUrl="#hospitals">
		<SimpleData name="Category">hospital</SimpleData>
		<SimpleData name="Address">1st Floor, Bhakchand Complex, above Abhishekh Agro, Dindori Naka, Panchavati, Nashik, Maharashtra 422003, India</SimpleData>
		<SimpleData name="Latitude">20.011769</SimpleData>
		<SimpleData name="Longitude">73.7947409</SimpleData>
		<SimpleData name="Rating">5</SimpleData>
		<SimpleData name="Place_ID">ChIJu4CASq3r3TsRDT9v2o6pJ28</SimpleData>
		<SimpleData name="Distance_m">390</SimpleData>
	</SchemaData></ExtendedData>
      <Point><coordinates>73.7947409,20.011769</coordinates></Point>
  </Placemark>
  <Placemark id="hospitals.411">
	<name>Gurukrupa Hospital</name>
	<ExtendedData><SchemaData schemaUrl="#hospitals">
		<SimpleData name="Category">hospital</SimpleData>
		<SimpleData name="Address">1st Floor, Sarvagya Sankul, Peth Naka, Panchavati, Nashik, Maharashtra 422003, India</SimpleData>
		<SimpleData name="Latitude">20.0124774</SimpleData>
		<SimpleData name="Longitude">73.7939097</SimpleData>
		<SimpleData name="Rating">5</SimpleData>
		<SimpleData name="Place_ID">ChIJS-fyOgHr3TsR6cr1h0EoALA</SimpleData>
		<SimpleData name="Distance_m">392</SimpleData>
	</SchemaData></ExtendedData>
      <Point><coordinates>73.7939097,20.0124774</coordinates></Point>
  </Placemark>
  <Placemark id="hospitals.412">
	<name>Leelavati Surya Hospital &amp; Research Center</name>
	<ExtendedData><SchemaData schemaUrl="#hospitals">
		<SimpleData name="Category">hospital</SimpleData>
		<SimpleData name="Address">2 nd floor, opposite Nimani bus stand, Near Nimani Bus Stand, Panchavati, Nashik, Maharashtra 422003, India</SimpleData>
		<SimpleData name="Latitude">20.010935</SimpleData>
		<SimpleData name="Longitude">73.7965352</SimpleData>
		<SimpleData name="Rating">4.3</SimpleData>
		<SimpleData name="Place_ID">ChIJ1yYGuqjr3TsRkzOwAWIeoqs</SimpleData>
		<SimpleData name="Distance_m">510</SimpleData>
	</SchemaData></ExtendedData>
      <Point><coordinates>73.7965352,20.010935</coordinates></Point>
  </Placemark>
  <Placemark id="hospitals.413">
	<name>Ramalayam Hospital -Multispecialty Hospital in Nashik|Best Cardiac, Orthopedic, Neurology Hospital in Panchavati, Nashik</name>
	<ExtendedData><SchemaData schemaUrl="#hospitals">
		<SimpleData name="Category">hospital</SimpleData>
		<SimpleData name="Address">Panchavati Karanja, Panchavati, Nashik, Maharashtra 422003, India</SimpleData>
		<SimpleData name="Latitude">20.0108356</SimpleData>
		<SimpleData name="Longitude">73.7948822</SimpleData>
		<SimpleData name="Rating">4</SimpleData>
		<SimpleData name="Place_ID">ChIJbyvf0lLq3TsRxXi9vEgHaNI</SimpleData>
		<SimpleData name="Distance_m">345</SimpleData>
	</SchemaData></ExtendedData>
      <Point><coordinates>73.7948822,20.0108356</coordinates></Point>
  </Placemark>
  <Placemark id="hospitals.414">
	<name>Suyog Hospital</name>
	<ExtendedData><SchemaData schemaUrl="#hospitals">
		<SimpleData name="Category">hospital</SimpleData>
		<SimpleData name="Address">2nd Floor, B wing, Krushi Utpanna Bazar Samiti Sankul, Dindori Rd, Panchavati, Nashik, Maharashtra 422003, India</SimpleData>
		<SimpleData name="Latitude">20.0138653</SimpleData>
		<SimpleData name="Longitude">73.7958278</SimpleData>
		<SimpleData name="Rating">4.8</SimpleData>
		<SimpleData name="Place_ID">ChIJBwAAAEDv3TsRLpCWlVx0Br0</SimpleData>
		<SimpleData name="Distance_m">636</SimpleData>
	</SchemaData></ExtendedData>
      <Point><coordinates>73.7958278,20.0138653</coordinates></Point>
  </Placemark>
  <Placemark id="hospitals.415">
	<name>Aayush Children's and Multi-speciality Hospital</name>
	<ExtendedData><SchemaData schemaUrl="#hospitals">
		<SimpleData name="Category">hospital</SimpleData>
		<SimpleData name="Address">2Q6W+9HH, Near Nimani Bus Stand, Panchavati, Nashik, Maharashtra 422003, India</SimpleData>
		<SimpleData name="Latitude">20.0109369</SimpleData>
		<SimpleData name="Longitude">73.796487</SimpleData>
		<SimpleData name="Rating">3.5</SimpleData>
		<SimpleData name="Place_ID">ChIJa08h51Lq3TsRsGH9n-tF-Aw</SimpleData>
		<SimpleData name="Distance_m">505</SimpleData>
	</SchemaData></ExtendedData>
      <Point><coordinates>73.796487,20.0109369</coordinates></Point>
  </Placemark>
  <Placemark id="hospitals.416">
	<name>Dhanvantari Hospital , Peth Road , Panchavati</name>
	<ExtendedData><SchemaData schemaUrl="#hospitals">
		<SimpleData name="Category">hospital</SimpleData>
		<SimpleData name="Address">Dhanvantari Hospital, 78/1, Peth Rd, Dattanagar, Panchavati, Nashik, Maharashtra 422003, India</SimpleData>
		<SimpleData name="Latitude">20.0202467</SimpleData>
		<SimpleData name="Longitude">73.793863</SimpleData>
		<SimpleData name="Rating">4.5</SimpleData>
		<SimpleData name="Place_ID">ChIJ1wzyWI7r3TsR5GhTfCCAHIM</SimpleData>
		<SimpleData name="Distance_m">1212</SimpleData>
	</SchemaData></ExtendedData>
      <Point><coordinates>73.793863,20.0202467</coordinates></Point>
  </Placemark>
  <Placemark id="hospitals.417">
	<name>Sanjeevani Criticare &amp; Research Centre Pvt.Ltd.</name>
	<ExtendedData><SchemaData schemaUrl="#hospitals">
		<SimpleData name="Category">hospital</SimpleData>
		<SimpleData name="Address">Narayan Sankul,Dindori road, near Mahalaxmi Talkies, Adityakunj Society, Panchavati, Nashik, Maharashtra 422003, India</SimpleData>
		<SimpleData name="Latitude">20.0147614</SimpleData>
		<SimpleData name="Longitude">73.7965876</SimpleData>
		<SimpleData name="Rating">3.9</SimpleData>
		<SimpleData name="Place_ID">ChIJx9M_a03q3TsRh8zqZGtLOm4</SimpleData>
		<SimpleData name="Distance_m">763</SimpleData>
	</SchemaData></ExtendedData>
      <Point><coordinates>73.7965876,20.0147614</coordinates></Point>
  </Placemark>
  <Placemark id="hospitals.418">
	<name>Shri Samarth Maternity and Nursing Home</name>
	<ExtendedData><SchemaData schemaUrl="#hospitals">
		<SimpleData name="Category">hospital</SimpleData>
		<SimpleData name="Address">Gajanan Chowk, Panchavati, Nashik, Maharashtra 422003, India</SimpleData>
		<SimpleData name="Latitude">20.0088636</SimpleData>
		<SimpleData name="Longitude">73.7984792</SimpleData>
		<SimpleData name="Rating">3</SimpleData>
		<SimpleData name="Place_ID">ChIJq-tWKT_r3TsRS4_iP9QXraY</SimpleData>
		<SimpleData name="Distance_m">691</SimpleData>
	</SchemaData></ExtendedData>
      <Point><coordinates>73.7984792,20.0088636</coordinates></Point>
  </Placemark>
  <Placemark id="hospitals.419">
	<name>Sarwarthsiddhi Clinic</name>
	<ExtendedData><SchemaData schemaUrl="#hospitals">
		<SimpleData name="Category">hospital</SimpleData>
		<SimpleData name="Address">shop no 21/22, Rathi Sankul Apartment, in front of Parag Medical, Malviya Chowk, Panchavati Karanja, Panchavati, Nashik, Maharashtra 422003, India</SimpleData>
		<SimpleData name="Latitude">20.0090467</SimpleData>
		<SimpleData name="Longitude">73.7952857</SimpleData>
		<SimpleData name="Rating">5</SimpleData>
		<SimpleData name="Place_ID">ChIJx5psNlPq3TsRDNw4qvCTjo4</SimpleData>
		<SimpleData name="Distance_m">357</SimpleData>
	</SchemaData></ExtendedData>
      <Point><coordinates>73.7952857,20.0090467</coordinates></Point>
  </Placemark>
  <Placemark id="hospitals.420">
	<name>Chandrama Maternity Home</name>
	<ExtendedData><SchemaData schemaUrl="#hospitals">
		<SimpleData name="Category">hospital</SimpleData>
		<SimpleData name="Address">Chandrama maternity home,janta raja colony,makhamalabad, road, Panchavati, Nashik, Maharashtra 422003, India</SimpleData>
		<SimpleData name="Latitude">20.020903</SimpleData>
		<SimpleData name="Longitude">73.7895844</SimpleData>
		<SimpleData name="Rating">4.9</SimpleData>
		<SimpleData name="Place_ID">ChIJRxgwLrTr3TsRXp5U-ETcMRg</SimpleData>
		<SimpleData name="Distance_m">1291</SimpleData>
	</SchemaData></ExtendedData>
      <Point><coordinates>73.7895844,20.020903</coordinates></Point>
  </Placemark>
  <Placemark id="hospitals.421">
	<name>Harshgiri Hospital</name>
	<ExtendedData><SchemaData schemaUrl="#hospitals">
		<SimpleData name="Category">hospital</SimpleData>
		<SimpleData name="Address">Dindori Rd, behind Mahavir Nagari, Panchavati, Nashik, Maharashtra 422003, India</SimpleData>
		<SimpleData name="Latitude">20.0168955</SimpleData>
		<SimpleData name="Longitude">73.7963669</SimpleData>
		<SimpleData name="Rating">4.2</SimpleData>
		<SimpleData name="Place_ID">ChIJBf_B50zq3TsRLxCyhvN8o1k</SimpleData>
		<SimpleData name="Distance_m">946</SimpleData>
	</SchemaData></ExtendedData>
      <Point><coordinates>73.7963669,20.0168955</coordinates></Point>
  </Placemark>
  <Placemark id="hospitals.422">
	<name>Dr Amit Dhande , Eye Specialist Hospital</name>
	<ExtendedData><SchemaData schemaUrl="#hospitals">
		<SimpleData name="Category">hospital</SimpleData>
		<SimpleData name="Address">pushkar hospital, Adityakunj Society, Panchavati, Nashik, Maharashtra 422003, India</SimpleData>
		<SimpleData name="Latitude">20.0142009</SimpleData>
		<SimpleData name="Longitude">73.7967012</SimpleData>
		<SimpleData name="Rating">5</SimpleData>
		<SimpleData name="Place_ID">ChIJcYpMb03q3TsR6W1a_jUtTpk</SimpleData>
		<SimpleData name="Distance_m">724</SimpleData>
	</SchemaData></ExtendedData>
      <Point><coordinates>73.7967012,20.0142009</coordinates></Point>
  </Placemark>
  <Placemark id="hospitals.423">
	<name>Dr.Abhijeet Bhavsar,Dhanvantari Dental Clinic.</name>
	<ExtendedData><SchemaData schemaUrl="#hospitals">
		<SimpleData name="Category">hospital</SimpleData>
		<SimpleData name="Address">2Q6W+9GQ, Near Nimani Bus Stand, Panchavati, Nashik, Maharashtra 422003, India</SimpleData>
		<SimpleData name="Latitude">20.010951</SimpleData>
		<SimpleData name="Longitude">73.7963659</SimpleData>
		<SimpleData name="Rating">5</SimpleData>
		<SimpleData name="Place_ID">ChIJmedn51Lq3TsRS6gWT2Awp-A</SimpleData>
		<SimpleData name="Distance_m">494</SimpleData>
	</SchemaData></ExtendedData>
      <Point><coordinates>73.7963659,20.010951</coordinates></Point>
  </Placemark>
  <Placemark id="hospitals.424">
	<name>Chopda Dental Clinic</name>
	<ExtendedData><SchemaData schemaUrl="#hospitals">
		<SimpleData name="Category">hospital</SimpleData>
		<SimpleData name="Address">4,5 1st Floor, above Abhishek Sweets, Dindori Naka, Panchavati, Nashik, Maharashtra 422003, India</SimpleData>
		<SimpleData name="Latitude">20.0120475</SimpleData>
		<SimpleData name="Longitude">73.7951111</SimpleData>
		<SimpleData name="Rating">5</SimpleData>
		<SimpleData name="Place_ID">ChIJSwpMtFLq3TsRxPKCZwsGXjc</SimpleData>
		<SimpleData name="Distance_m">439</SimpleData>
	</SchemaData></ExtendedData>
      <Point><coordinates>73.7951111,20.0120475</coordinates></Point>
  </Placemark>
  <Placemark id="hospitals.425">
	<name>Ashish Sonography &amp; X - ray centre</name>
	<ExtendedData><SchemaData schemaUrl="#hospitals">
		<SimpleData name="Category">hospital</SimpleData>
		<SimpleData name="Address">2Q6W+CGG, Near Nimani Bus Stand, Panchavati, Nashik, Maharashtra 422003, India</SimpleData>
		<SimpleData name="Latitude">20.0110655</SimpleData>
		<SimpleData name="Longitude">73.7963302</SimpleData>
		<SimpleData name="Rating">4.5</SimpleData>
		<SimpleData name="Place_ID">ChIJ88Z4IWfr3TsRL1O6iUOA44o</SimpleData>
		<SimpleData name="Distance_m">495</SimpleData>
	</SchemaData></ExtendedData>
      <Point><coordinates>73.7963302,20.0110655</coordinates></Point>
  </Placemark>
  <Placemark id="hospitals.426">
	<name>Sai Clinic</name>
	<ExtendedData><SchemaData schemaUrl="#hospitals">
		<SimpleData name="Category">medical_clinic</SimpleData>
		<SimpleData name="Address">Shop no 6, Sayali Plaza, besides Yugandhara Lab, Ganesh Nagar, Janata Raja Colony, Nashik, Maharashtra 422003, India</SimpleData>
		<SimpleData name="Latitude">20.0183688</SimpleData>
		<SimpleData name="Longitude">73.7886467</SimpleData>
		<SimpleData name="Rating">4.7</SimpleData>
		<SimpleData name="Place_ID">ChIJb23ZZKXr3TsRcI2IYAvI4Qk</SimpleData>
		<SimpleData name="Distance_m">2599</SimpleData>
	</SchemaData></ExtendedData>
      <Point><coordinates>73.7886467,20.0183688</coordinates></Point>
  </Placemark>
  <Placemark id="hospitals.427">
	<name>AYUSH CLINIC (Dr.Suvarna Chandak)</name>
	<ExtendedData><SchemaData schemaUrl="#hospitals">
		<SimpleData name="Category">medical_clinic</SimpleData>
		<SimpleData name="Address">Shop.no 2, Reva Swami Apt, Sita Gufaa Rd, near Datta Mandir, Panchavati, Nashik, Maharashtra 422003, India</SimpleData>
		<SimpleData name="Latitude">20.0084726</SimpleData>
		<SimpleData name="Longitude">73.7963978</SimpleData>
		<SimpleData name="Rating">4.9</SimpleData>
		<SimpleData name="Place_ID">ChIJqav0cQbr3TsRWBncRmpYRO4</SimpleData>
		<SimpleData name="Distance_m">484</SimpleData>
	</SchemaData></ExtendedData>
      <Point><coordinates>73.7963978,20.0084726</coordinates></Point>
  </Placemark>
  <Placemark id="hospitals.428">
	<name>Samarth Clinic</name>
	<ExtendedData><SchemaData schemaUrl="#hospitals">
		<SimpleData name="Category">medical_clinic</SimpleData>
		<SimpleData name="Address">2Q5W+GJ5, Panchavati Rd, Panchavati, Nashik, Maharashtra 422003, India</SimpleData>
		<SimpleData name="Latitude">20.0087685</SimpleData>
		<SimpleData name="Longitude">73.7965977</SimpleData>
		<SimpleData name="Rating">5</SimpleData>
		<SimpleData name="Place_ID">ChIJmdbBa1Pq3TsRlffpp4zBLYs</SimpleData>
		<SimpleData name="Distance_m">498</SimpleData>
	</SchemaData></ExtendedData>
      <Point><coordinates>73.7965977,20.0087685</coordinates></Point>
  </Placemark>
  <Placemark id="hospitals.429">
	<name>Gayatri Clinic</name>
	<ExtendedData><SchemaData schemaUrl="#hospitals">
		<SimpleData name="Category">medical_clinic</SimpleData>
		<SimpleData name="Address">Panchavati Karanja Rd, near namco bank, Panchavati Karanja, Panchavati, Nashik, Maharashtra 422003, India</SimpleData>
		<SimpleData name="Latitude">20.0095945</SimpleData>
		<SimpleData name="Longitude">73.7939308</SimpleData>
		<SimpleData name="Rating">5</SimpleData>
		<SimpleData name="Place_ID">ChIJUUja2qzr3TsR-1BC9Tlu9rs</SimpleData>
		<SimpleData name="Distance_m">212</SimpleData>
	</SchemaData></ExtendedData>
      <Point><coordinates>73.7939308,20.0095945</coordinates></Point>
  </Placemark>
  <Placemark id="hospitals.430">
	<name>Shree Parshwa Clinic</name>
	<ExtendedData><SchemaData schemaUrl="#hospitals">
		<SimpleData name="Category">medical_clinic</SimpleData>
		<SimpleData name="Address">2Q5W+HJ9, Panchavati Rd, Panchavati, Nashik, Maharashtra 422003, India</SimpleData>
		<SimpleData name="Latitude">20.0089039</SimpleData>
		<SimpleData name="Longitude">73.7966019</SimpleData>
		<SimpleData name="Rating">5</SimpleData>
		<SimpleData name="Place_ID">ChIJn9t0a1Pq3TsRweqvEgtbyf4</SimpleData>
		<SimpleData name="Distance_m">496</SimpleData>
	</SchemaData></ExtendedData>
      <Point><coordinates>73.7966019,20.0089039</coordinates></Point>
  </Placemark>
  <Placemark id="hospitals.431">
	<name>Pratibha Clinic - Dr Neelam Jain &amp; Dr Nemichand Jain</name>
	<ExtendedData><SchemaData schemaUrl="#hospitals">
		<SimpleData name="Category">medical_clinic</SimpleData>
		<SimpleData name="Address">1, Brijpark Apartment, Makhmalabad Naka, Rajpal Colony, Panchavati, Nashik, Maharashtra 422003, India</SimpleData>
		<SimpleData name="Latitude">20.0159024</SimpleData>
		<SimpleData name="Longitude">73.789499</SimpleData>
		<SimpleData name="Rating">5</SimpleData>
		<SimpleData name="Place_ID">ChIJeSbK07Pr3TsR3SDnjNIitdU</SimpleData>
		<SimpleData name="Distance_m">755</SimpleData>
	</SchemaData></ExtendedData>
      <Point><coordinates>73.789499,20.0159024</coordinates></Point>
  </Placemark>
  <Placemark id="hospitals.432">
	<name>Sukhkarta Clinic Dr. Arjun S Thorat</name>
	<ExtendedData><SchemaData schemaUrl="#hospitals">
		<SimpleData name="Category">medical_clinic</SimpleData>
		<SimpleData name="Address">Nath Ln, Malviya Chowk, Panchavati, Nashik, Maharashtra 422003, India</SimpleData>
		<SimpleData name="Latitude">20.0088834</SimpleData>
		<SimpleData name="Longitude">73.7952344</SimpleData>
		<SimpleData name="Rating">5</SimpleData>
		<SimpleData name="Place_ID">ChIJUWpVvtTr3TsRNG8rAWV3xXE</SimpleData>
		<SimpleData name="Distance_m">355</SimpleData>
	</SchemaData></ExtendedData>
      <Point><coordinates>73.7952344,20.0088834</coordinates></Point>
  </Placemark>
  <Placemark id="hospitals.433">
	<name>Swati Clinic</name>
	<ExtendedData><SchemaData schemaUrl="#hospitals">
		<SimpleData name="Category">medical_clinic</SimpleData>
		<SimpleData name="Address">2Q6R+X39, Makhmalabad Naka, Old Makhmalabad Naka, Panchavati, Nashik, Maharashtra 422003, India</SimpleData>
		<SimpleData name="Latitude">20.0124115</SimpleData>
		<SimpleData name="Longitude">73.7902304</SimpleData>
		<SimpleData name="Rating">5</SimpleData>
		<SimpleData name="Place_ID">ChIJrRKn863r3TsR5yMGy0jq2o0</SimpleData>
		<SimpleData name="Distance_m">368</SimpleData>
	</SchemaData></ExtendedData>
      <Point><coordinates>73.7902304,20.0124115</coordinates></Point>
  </Placemark>
  <Placemark id="hospitals.434">
	<name>Mukuls Pain &amp; Spine Clinic</name>
	<ExtendedData><SchemaData schemaUrl="#hospitals">
		<SimpleData name="Category">medical_clinic</SimpleData>
		<SimpleData name="Address">Shop No.12, Ground Floor, Bhakti Sankul, near Jankalyan Bank &amp; Ganga Electricals, Peth Naka, Panchavati, Nashik, Maharashtra 422003, India</SimpleData>
		<SimpleData name="Latitude">20.0120838</SimpleData>
		<SimpleData name="Longitude">73.7938803</SimpleData>
		<SimpleData name="Rating">5</SimpleData>
		<SimpleData name="Place_ID">ChIJbWJzjCnr3TsRqnIAEigKJds</SimpleData>
		<SimpleData name="Distance_m">354</SimpleData>
	</SchemaData></ExtendedData>
      <Point><coordinates>73.7938803,20.0120838</coordinates></Point>
  </Placemark>
  <Placemark id="hospitals.435">
	<name>Pushkar Eye Hospital Panchavati</name>
	<ExtendedData><SchemaData schemaUrl="#hospitals">
		<SimpleData name="Category">medical_clinic</SimpleData>
		<SimpleData name="Address">mahalaxmi theatre touch, opp market yard 4, Dindori Rd, Adityakunj Society, Panchavati, Nashik, Maharashtra 422003, India</SimpleData>
		<SimpleData name="Latitude">20.0142038</SimpleData>
		<SimpleData name="Longitude">73.796661</SimpleData>
		<SimpleData name="Rating">4.9</SimpleData>
		<SimpleData name="Place_ID">ChIJ28m2aE3q3TsRqiEMr2NIBKw</SimpleData>
		<SimpleData name="Distance_m">722</SimpleData>
	</SchemaData></ExtendedData>
      <Point><coordinates>73.796661,20.0142038</coordinates></Point>
  </Placemark>
  <Placemark id="hospitals.436">
	<name>Sanmati Netralay (Sanmati Eye Hospital)</name>
	<ExtendedData><SchemaData schemaUrl="#hospitals">
		<SimpleData name="Category">medical_clinic</SimpleData>
		<SimpleData name="Address">Ground floor, unity market, Makhmalabad Naka, Panchavati, Nashik, Maharashtra 422003, India</SimpleData>
		<SimpleData name="Latitude">20.0121053</SimpleData>
		<SimpleData name="Longitude">73.7905485</SimpleData>
		<SimpleData name="Rating">4</SimpleData>
		<SimpleData name="Place_ID">ChIJX-Gjkq3r3TsRvP5h7DwtqcU</SimpleData>
		<SimpleData name="Distance_m">322</SimpleData>
	</SchemaData></ExtendedData>
      <Point><coordinates>73.7905485,20.0121053</coordinates></Point>
  </Placemark>
  <Placemark id="hospitals.437">
	<name>Shraddha Eye Hospital</name>
	<ExtendedData><SchemaData schemaUrl="#hospitals">
		<SimpleData name="Category">medical_clinic</SimpleData>
		<SimpleData name="Address">Mukund Apartment, Indra Kund, Panchavati, Nashik, Maharashtra 422003, India</SimpleData>
		<SimpleData name="Latitude">20.0103791</SimpleData>
		<SimpleData name="Longitude">73.7932578</SimpleData>
		<SimpleData name="Rating">4.9</SimpleData>
		<SimpleData name="Place_ID">ChIJS-fyOgHr3TsR_D7WztsncJo</SimpleData>
		<SimpleData name="Distance_m">172</SimpleData>
	</SchemaData></ExtendedData>
      <Point><coordinates>73.7932578,20.0103791</coordinates></Point>
  </Placemark>
  <Placemark id="hospitals.438">
	<name>Chintamani Eye Hospital</name>
	<ExtendedData><SchemaData schemaUrl="#hospitals">
		<SimpleData name="Category">medical_clinic</SimpleData>
		<SimpleData name="Address">1st Floor, Bhakti Sankul, above Jankalyan Bank, Peth Naka, Panchavati, Nashik, Maharashtra 422003, India</SimpleData>
		<SimpleData name="Latitude">20.0121578</SimpleData>
		<SimpleData name="Longitude">73.7937505</SimpleData>
		<SimpleData name="Rating">4.2</SimpleData>
		<SimpleData name="Place_ID">ChIJXXt5RK3r3TsRjS6IgL_KeeM</SimpleData>
		<SimpleData name="Distance_m">353</SimpleData>
	</SchemaData></ExtendedData>
      <Point><coordinates>73.7937505,20.0121578</coordinates></Point>
  </Placemark>
  <Placemark id="hospitals.439">
	<name>Dr Satish G Kibey Eye Clinic</name>
	<ExtendedData><SchemaData schemaUrl="#hospitals">
		<SimpleData name="Category">medical_clinic</SimpleData>
		<SimpleData name="Address">A17B, Gyanupaga Ln, Raviwar Karanja, Panchavati, Nashik, Maharashtra 422001, India</SimpleData>
		<SimpleData name="Latitude">20.0073862</SimpleData>
		<SimpleData name="Longitude">73.7897744</SimpleData>
		<SimpleData name="Rating">4.7</SimpleData>
		<SimpleData name="Place_ID">ChIJVbC2CKzr3TsRDAkqvp_hoI0</SimpleData>
		<SimpleData name="Distance_m">323</SimpleData>
	</SchemaData></ExtendedData>
      <Point><coordinates>73.7897744,20.0073862</coordinates></Point>
  </Placemark>
  <Placemark id="hospitals.440">
	<name>Panchavati Sonography</name>
	<ExtendedData><SchemaData schemaUrl="#hospitals">
		<SimpleData name="Category">medical_clinic</SimpleData>
		<SimpleData name="Address">Shop No.6, Ground Floor, Bhakti Sankul, near Jankalyan Bank &amp; Ganga Electricals, Peth Naka, Panchavati, Nashik, Maharashtra 422003, India</SimpleData>
		<SimpleData name="Latitude">20.0120218</SimpleData>
		<SimpleData name="Longitude">73.7936765</SimpleData>
		<SimpleData name="Rating">4.8</SimpleData>
		<SimpleData name="Place_ID">ChIJD1TNKFPq3TsRRb1AwyJ-Zjk</SimpleData>
		<SimpleData name="Distance_m">336</SimpleData>
	</SchemaData></ExtendedData>
      <Point><coordinates>73.7936765,20.0120218</coordinates></Point>
  </Placemark>
  <Placemark id="hospitals.441">
	<name>Shreeyash Imaging Center</name>
	<ExtendedData><SchemaData schemaUrl="#hospitals">
		<SimpleData name="Category">medical_clinic</SimpleData>
		<SimpleData name="Address">Ground floor, Dinkar Heights, Beside Panjarapol, Sevakunj, Panchavati, Nashik, Maharashtra 422003, India</SimpleData>
		<SimpleData name="Latitude">20.0103206</SimpleData>
		<SimpleData name="Longitude">73.7979271</SimpleData>
		<SimpleData name="Rating">3.9</SimpleData>
		<SimpleData name="Place_ID">ChIJJ7fEaiTr3TsRdmncwuQ5oZw</SimpleData>
		<SimpleData name="Distance_m">636</SimpleData>
	</SchemaData></ExtendedData>
      <Point><coordinates>73.7979271,20.0103206</coordinates></Point>
  </Placemark>
  <Placemark id="hospitals.442">
	<name>Ashish Diagnostics Centre</name>
	<ExtendedData><SchemaData schemaUrl="#hospitals">
		<SimpleData name="Category">medical_clinic</SimpleData>
		<SimpleData name="Address">first floor, Surya Arcade, opp. Nimani Bus Depot, Near Nimani Bus Stand, Panchavati, Nashik, Maharashtra 422003, India</SimpleData>
		<SimpleData name="Latitude">20.0109744</SimpleData>
		<SimpleData name="Longitude">73.7963293</SimpleData>
		<SimpleData name="Rating">3.8</SimpleData>
		<SimpleData name="Place_ID">ChIJoYNwk1rr3TsR5lyptrNQtzs</SimpleData>
		<SimpleData name="Distance_m">491</SimpleData>
	</SchemaData></ExtendedData>
      <Point><coordinates>73.7963293,20.0109744</coordinates></Point>
  </Placemark>
  <Placemark id="hospitals.443">
	<name>Prathamesh Advanced Diagnostics Pvt.Ltd.</name>
	<ExtendedData><SchemaData schemaUrl="#hospitals">
		<SimpleData name="Category">medical_clinic</SimpleData>
		<SimpleData name="Address">14 / A, opp. Nimani Bus Stand, Near Nimani Bus Stand, Panchavati, Nashik, Maharashtra 422003, India</SimpleData>
		<SimpleData name="Latitude">20.0110511</SimpleData>
		<SimpleData name="Longitude">73.7963621</SimpleData>
		<SimpleData name="Rating">4</SimpleData>
		<SimpleData name="Place_ID">ChIJB10v3VLq3TsRJNX0f6YLnQ0</SimpleData>
		<SimpleData name="Distance_m">497</SimpleData>
	</SchemaData></ExtendedData>
      <Point><coordinates>73.7963621,20.0110511</coordinates></Point>
  </Placemark>
  <Placemark id="hospitals.444">
	<name>Dr. Deshmukh Diagnostic Center</name>
	<ExtendedData><SchemaData schemaUrl="#hospitals">
		<SimpleData name="Category">medical_clinic</SimpleData>
		<SimpleData name="Address">2Q6W+V27 anandprem heights, above abhishek sweet, Panchavati, Nashik, Maharashtra 422003, India</SimpleData>
		<SimpleData name="Latitude">20.012324</SimpleData>
		<SimpleData name="Longitude">73.7951177</SimpleData>
		<SimpleData name="Rating">5</SimpleData>
		<SimpleData name="Place_ID">ChIJpZ9eZsLr3TsRsB42jgqlzgs</SimpleData>
		<SimpleData name="Distance_m">460</SimpleData>
	</SchemaData></ExtendedData>
      <Point><coordinates>73.7951177,20.012324</coordinates></Point>
  </Placemark>
  <Placemark id="hospitals.445">
	<name>Thyrocare Diagnostic Lab | Blood Test Centre - Panchvati, Nashik</name>
	<ExtendedData><SchemaData schemaUrl="#hospitals">
		<SimpleData name="Category">medical_clinic</SimpleData>
		<SimpleData name="Address">Shop No. 7/8, Fortune Pearls, Near Navrang Hall Peth, Dindori Rd, Panchavati, Nashik, Maharashtra 422003, India</SimpleData>
		<SimpleData name="Latitude">20.0168392</SimpleData>
		<SimpleData name="Longitude">73.7947331</SimpleData>
		<SimpleData name="Place_ID">ChIJcdGNQWPr3TsRXQwoN9jpvIw</SimpleData>
		<SimpleData name="Distance_m">868</SimpleData>
	</SchemaData></ExtendedData>
      <Point><coordinates>73.7947331,20.0168392</coordinates></Point>
  </Placemark>
  <Placemark id="hospitals.446">
	<name>Suyash Sonography Clinic</name>
	<ExtendedData><SchemaData schemaUrl="#hospitals">
		<SimpleData name="Category">medical_clinic</SimpleData>
		<SimpleData name="Address">2Q6W+35J, Panchavati Karanja, Panchavati, Nashik, Maharashtra 422003, India</SimpleData>
		<SimpleData name="Latitude">20.010219</SimpleData>
		<SimpleData name="Longitude">73.795395</SimpleData>
		<SimpleData name="Rating">1.7</SimpleData>
		<SimpleData name="Place_ID">ChIJG28AKVPq3TsRBmXS0FxQHZU</SimpleData>
		<SimpleData name="Distance_m">374</SimpleData>
	</SchemaData></ExtendedData>
      <Point><coordinates>73.795395,20.010219</coordinates></Point>
  </Placemark>
  <Placemark id="hospitals.447">
	<name>Maanav Diagnostic Center</name>
	<ExtendedData><SchemaData schemaUrl="#hospitals">
		<SimpleData name="Category">medical_clinic</SimpleData>
		<SimpleData name="Address">Sarvagnya Sankul, above Gurukrupa Hospital, Peth Naka, Panchavati, Nashik, Maharashtra 422003, India</SimpleData>
		<SimpleData name="Latitude">20.012645</SimpleData>
		<SimpleData name="Longitude">73.793947</SimpleData>
		<SimpleData name="Rating">4.6</SimpleData>
		<SimpleData name="Place_ID">ChIJJ71TWq3r3TsRZN6mPTWngaw</SimpleData>
		<SimpleData name="Distance_m">410</SimpleData>
	</SchemaData></ExtendedData>
      <Point><coordinates>73.793947,20.012645</coordinates></Point>
  </Placemark>
  <Placemark id="hospitals.448">
	<name>Shraddha nursing home</name>
	<ExtendedData><SchemaData schemaUrl="#hospitals">
		<SimpleData name="Category">doctor</SimpleData>
		<SimpleData name="Address">Shop no 3, Trimurti Nagar, Adgaon Naka, Panchvati, Nashik, Maharashtra 422003, India</SimpleData>
		<SimpleData name="Latitude">20.0142322</SimpleData>
		<SimpleData name="Longitude">73.8094025</SimpleData>
		<SimpleData name="Rating">5</SimpleData>
		<SimpleData name="Place_ID">ChIJgbYdgIzr3TsRAd6PvqvXPhA</SimpleData>
		<SimpleData name="Distance_m">2140</SimpleData>
	</SchemaData></ExtendedData>
      <Point><coordinates>73.8094025,20.0142322</coordinates></Point>
  </Placemark>
  <Placemark id="hospitals.449">
	<name>KATKADE CLINIC|Dr Gokul Katkade |Best|Top|Diabetologist|Thyroid Specialist|Doctor in Nashik|Panchavati|Adgaon.</name>
	<ExtendedData><SchemaData schemaUrl="#hospitals">
		<SimpleData name="Category">doctor</SimpleData>
		<SimpleData name="Address">Shop No-3 Opp. Krishna Mandir, Old, Adgaon Naka, Krishna Nagar, Nashik, Maharashtra 422003, India</SimpleData>
		<SimpleData name="Latitude">20.0076404</SimpleData>
		<SimpleData name="Longitude">73.801563</SimpleData>
		<SimpleData name="Rating">5</SimpleData>
		<SimpleData name="Place_ID">ChIJDSg2eezr3TsRZApuYtu1eLY</SimpleData>
		<SimpleData name="Distance_m">1031</SimpleData>
	</SchemaData></ExtendedData>
      <Point><coordinates>73.801563,20.0076404</coordinates></Point>
  </Placemark>
  <Placemark id="hospitals.450">
	<name>K.B.H. Dental College and Hospital</name>
	<ExtendedData><SchemaData schemaUrl="#hospitals">
		<SimpleData name="Category">educational_institution</SimpleData>
		<SimpleData name="Address">Mumbai Agra Road, Panchwati, 2R33+QFH, Vaishnavi Park, Nashik, Maharashtra 422003, India</SimpleData>
		<SimpleData name="Latitude">20.0044331</SimpleData>
		<SimpleData name="Longitude">73.8037268</SimpleData>
		<SimpleData name="Rating">4.1</SimpleData>
		<SimpleData name="Place_ID">ChIJdTXoP3Hq3TsRSNCm30yWcGs</SimpleData>
		<SimpleData name="Distance_m">1358</SimpleData>
	</SchemaData></ExtendedData>
      <Point><coordinates>73.8037268,20.0044331</coordinates></Point>
  </Placemark>
  <Placemark id="hospitals.451">
	<name>Vatsalya Vruddhashram</name>
	<ExtendedData><SchemaData schemaUrl="#hospitals">
		<SimpleData name="Category">health</SimpleData>
		<SimpleData name="Address">179/26B, off Hirawadi Road, opp. Dave Sweet &amp; Namkeen, Damodar Nagar, Adgaon Naka, Mahalaxmi Nagar, Nashik, Maharashtra 422003, India</SimpleData>
		<SimpleData name="Latitude">20.0117402</SimpleData>
		<SimpleData name="Longitude">73.8018113</SimpleData>
		<SimpleData name="Rating">4.5</SimpleData>
		<SimpleData name="Place_ID">ChIJI_09__Dq3TsRRJIyMmJAS9o</SimpleData>
		<SimpleData name="Distance_m">1542</SimpleData>
	</SchemaData></ExtendedData>
      <Point><coordinates>73.8018113,20.0117402</coordinates></Point>
  </Placemark>
  <Placemark id="hospitals.452">
	<name>Seva Care Old Age Home</name>
	<ExtendedData><SchemaData schemaUrl="#hospitals">
		<SimpleData name="Category">health</SimpleData>
		<SimpleData name="Address">Back side of Bahinabai Ded college, near Jatra Hotel, Mahalaxmi Nagar, Nashik, Maharashtra 422003, India</SimpleData>
		<SimpleData name="Latitude">20.0107126</SimpleData>
		<SimpleData name="Longitude">73.8025723</SimpleData>
		<SimpleData name="Rating">4.9</SimpleData>
		<SimpleData name="Place_ID">ChIJc2T2gIjr3TsRw7CnLWdJ9gI</SimpleData>
		<SimpleData name="Distance_m">1123</SimpleData>
	</SchemaData></ExtendedData>
      <Point><coordinates>73.8025723,20.0107126</coordinates></Point>
  </Placemark>
  <Placemark id="hospitals.453">
	<name>Dhanwantari Ayurveda Multispeciality Clinic &amp; Surgical Care Centre</name>
	<ExtendedData><SchemaData schemaUrl="#hospitals">
		<SimpleData name="Category">health</SimpleData>
		<SimpleData name="Address">Jetha Market, Old, in front of Petrol Pump, Adgaon Naka, Panchavati, Nashik, Maharashtra 422003, India</SimpleData>
		<SimpleData name="Latitude">20.0085535</SimpleData>
		<SimpleData name="Longitude">73.8021986</SimpleData>
		<SimpleData name="Rating">5</SimpleData>
		<SimpleData name="Place_ID">ChIJZ9jnF37r3TsRPAhwN1UKZBI</SimpleData>
		<SimpleData name="Distance_m">1081</SimpleData>
	</SchemaData></ExtendedData>
      <Point><coordinates>73.8021986,20.0085535</coordinates></Point>
  </Placemark>
  <Placemark id="hospitals.454">
	<name>Graavity Multi-Speciality Hospital Pvt. Ltd Critical Care and Trauma Centre</name>
	<ExtendedData><SchemaData schemaUrl="#hospitals">
		<SimpleData name="Category">hospital</SimpleData>
		<SimpleData name="Address">4th floor, Shri Harikrishana plaza, Bus depot, opp. old, Adgaon Naka, Panchavati, Nashik, Maharashtra 422003, India</SimpleData>
		<SimpleData name="Latitude">20.0090657</SimpleData>
		<SimpleData name="Longitude">73.8027782</SimpleData>
		<SimpleData name="Rating">4.2</SimpleData>
		<SimpleData name="Place_ID">ChIJC195PM3r3TsRV0mHO_nFEXs</SimpleData>
		<SimpleData name="Distance_m">2161</SimpleData>
	</SchemaData></ExtendedData>
      <Point><coordinates>73.8027782,20.0090657</coordinates></Point>
  </Placemark>
  <Placemark id="hospitals.455">
	<name>Apollo Hospitals</name>
	<ExtendedData><SchemaData schemaUrl="#hospitals">
		<SimpleData name="Category">hospital</SimpleData>
		<SimpleData name="Address">Plot No. 1, Swaminarayan Nagar, New Adgaon Naka, Panchavati, near Lunge Mangal Karyalay, Swaminarayan nagar, Nashik, Maharashtra 422003, India</SimpleData>
		<SimpleData name="Latitude">20.0121955</SimpleData>
		<SimpleData name="Longitude">73.8160368</SimpleData>
		<SimpleData name="Rating">4.8</SimpleData>
		<SimpleData name="Place_ID">ChIJJ1eIqF3q3TsR0tUCSs4lubY</SimpleData>
		<SimpleData name="Distance_m">2869</SimpleData>
	</SchemaData></ExtendedData>
      <Point><coordinates>73.8160368,20.0121955</coordinates></Point>
  </Placemark>
  <Placemark id="hospitals.456">
	<name>Sunam Multi Speciality &amp; Accident Hospital</name>
	<ExtendedData><SchemaData schemaUrl="#hospitals">
		<SimpleData name="Category">hospital</SimpleData>
		<SimpleData name="Address">Khalkar Building, Aurangabad Naka, Adgaon Naka, Panchvati, Nashik, Maharashtra 422003, India</SimpleData>
		<SimpleData name="Latitude">20.0109584</SimpleData>
		<SimpleData name="Longitude">73.8114082</SimpleData>
		<SimpleData name="Rating">4.5</SimpleData>
		<SimpleData name="Place_ID">ChIJ3-3Tllvq3TsRsHCxck01xQk</SimpleData>
		<SimpleData name="Distance_m">2462</SimpleData>
	</SchemaData></ExtendedData>
      <Point><coordinates>73.8114082,20.0109584</coordinates></Point>
  </Placemark>
  <Placemark id="hospitals.457">
	<name>Dr khare Hospital - Best Multispecialty Hospital in Nashik | Orthopedic | Maternity | General Medicine |</name>
	<ExtendedData><SchemaData schemaUrl="#hospitals">
		<SimpleData name="Category">hospital</SimpleData>
		<SimpleData name="Address">Hirawadi Rd, in front of Samraat Gokuldham Society, Late Nagar, Hirawadi, Nashik, Maharashtra 422003, India</SimpleData>
		<SimpleData name="Latitude">20.0197891</SimpleData>
		<SimpleData name="Longitude">73.8146536</SimpleData>
		<SimpleData name="Rating">4.9</SimpleData>
		<SimpleData name="Place_ID">ChIJfxbhObfr3TsR29xyvZUz84U</SimpleData>
		<SimpleData name="Distance_m">2597</SimpleData>
	</SchemaData></ExtendedData>
      <Point><coordinates>73.8146536,20.0197891</coordinates></Point>
  </Placemark>
  <Placemark id="hospitals.458">
	<name>Dhanwantari Nursing Home</name>
	<ExtendedData><SchemaData schemaUrl="#hospitals">
		<SimpleData name="Category">hospital</SimpleData>
		<SimpleData name="Address">Nandanvan Society, Tarwala Nagar, Nashik, Maharashtra 422003, India</SimpleData>
		<SimpleData name="Latitude">20.026261</SimpleData>
		<SimpleData name="Longitude">73.8010109</SimpleData>
		<SimpleData name="Rating">5</SimpleData>
		<SimpleData name="Place_ID">ChIJM2VuEADr3TsRsnc_n2dcTGY</SimpleData>
		<SimpleData name="Distance_m">1374</SimpleData>
	</SchemaData></ExtendedData>
      <Point><coordinates>73.8010109,20.026261</coordinates></Point>
  </Placemark>
  <Placemark id="hospitals.459">
	<name>Upasani Maternity &amp; Nursing Home.</name>
	<ExtendedData><SchemaData schemaUrl="#hospitals">
		<SimpleData name="Category">hospital</SimpleData>
		<SimpleData name="Address">67, Rutushree, Hirawadi Road, Shriram Nagar, Panchavati, Shriram Nagar, Shivam Nagar, Adgaon Naka, Shree Dwaraka Nagari, Nashik, Maharashtra 422003, India</SimpleData>
		<SimpleData name="Latitude">20.0124496</SimpleData>
		<SimpleData name="Longitude">73.8056327</SimpleData>
		<SimpleData name="Rating">4.6</SimpleData>
		<SimpleData name="Place_ID">ChIJobGGUEXq3TsRSbs_IyV9n9g</SimpleData>
		<SimpleData name="Distance_m">1845</SimpleData>
	</SchemaData></ExtendedData>
      <Point><coordinates>73.8056327,20.0124496</coordinates></Point>
  </Placemark>
  <Placemark id="hospitals.460">
	<name>Sudharm Hospital - Best Diabetologist in Nashik | Orthopedic doctor in Nashik | Best Gynecologist in Nashik</name>
	<ExtendedData><SchemaData schemaUrl="#hospitals">
		<SimpleData name="Category">hospital</SimpleData>
		<SimpleData name="Address">Panchavati Karanja Rd, Abhang Nagar, Panchavati, Nashik, Maharashtra 422003, India</SimpleData>
		<SimpleData name="Latitude">20.0091109</SimpleData>
		<SimpleData name="Longitude">73.80275</SimpleData>
		<SimpleData name="Rating">4.3</SimpleData>
		<SimpleData name="Place_ID">ChIJx2pq4VLq3TsRmBsA1NBk5PU</SimpleData>
		<SimpleData name="Distance_m">1134</SimpleData>
	</SchemaData></ExtendedData>
      <Point><coordinates>73.80275,20.0091109</coordinates></Point>
  </Placemark>
  <Placemark id="hospitals.461">
	<name>Sadguru Hospital</name>
	<ExtendedData><SchemaData schemaUrl="#hospitals">
		<SimpleData name="Category">hospital</SimpleData>
		<SimpleData name="Address">Hari Krishna Plaza, 3rd &amp; 4th Floor, Old Adgaon Naka, Opp Panchavati Bus, Depot, Abhang Nagar, Shree Dwaraka Nagari, Nashik, Maharashtra 422003, India</SimpleData>
		<SimpleData name="Latitude">20.009175</SimpleData>
		<SimpleData name="Longitude">73.80302</SimpleData>
		<SimpleData name="Rating">4.5</SimpleData>
		<SimpleData name="Place_ID">ChIJ55yTJFHq3TsRMnaaaIZnAcc</SimpleData>
		<SimpleData name="Distance_m">1162</SimpleData>
	</SchemaData></ExtendedData>
      <Point><coordinates>73.80302,20.009175</coordinates></Point>
  </Placemark>
  <Placemark id="hospitals.462">
	<name>Vasu Maternity and Orthopedic Hospital</name>
	<ExtendedData><SchemaData schemaUrl="#hospitals">
		<SimpleData name="Category">hospital</SimpleData>
		<SimpleData name="Address">First Floor, Hari Krishna Plaza, opp. Panchvari Bus Depo, Adgaon Naka, Panchavati, Nashik, Maharashtra 422003, India</SimpleData>
		<SimpleData name="Latitude">20.0090873</SimpleData>
		<SimpleData name="Longitude">73.8028192</SimpleData>
		<SimpleData name="Rating">4.4</SimpleData>
		<SimpleData name="Place_ID">ChIJ7zmcCIHr3TsRWsBjz4CG8x8</SimpleData>
		<SimpleData name="Distance_m">1142</SimpleData>
	</SchemaData></ExtendedData>
      <Point><coordinates>73.8028192,20.0090873</coordinates></Point>
  </Placemark>
  <Placemark id="hospitals.463">
	<name>Rajani Hospital</name>
	<ExtendedData><SchemaData schemaUrl="#hospitals">
		<SimpleData name="Category">hospital</SimpleData>
		<SimpleData name="Address">2nd Floor, Hari Krushna Plaza Building Katya Maruti Chaufuli, Hirawadi Rd, opp. Petrol Pump, Abhang Nagar, Panchavati, Nashik, Maharashtra 422003, India</SimpleData>
		<SimpleData name="Latitude">20.0092362</SimpleData>
		<SimpleData name="Longitude">73.8027894</SimpleData>
		<SimpleData name="Rating">4.8</SimpleData>
		<SimpleData name="Place_ID">ChIJfeKFZ9fr3TsRZEUhts7dlUE</SimpleData>
		<SimpleData name="Distance_m">1138</SimpleData>
	</SchemaData></ExtendedData>
      <Point><coordinates>73.8027894,20.0092362</coordinates></Point>
  </Placemark>
  <Placemark id="hospitals.464">
	<name>???? ?????? ???????</name>
	<ExtendedData><SchemaData schemaUrl="#hospitals">
		<SimpleData name="Category">medical_clinic</SimpleData>
		<SimpleData name="Address">2R35+X5V, Tapovan Rd, Vaishnavi Park, Nashik, Maharashtra 422003, India</SimpleData>
		<SimpleData name="Latitude">20.0049981</SimpleData>
		<SimpleData name="Longitude">73.8079141</SimpleData>
		<SimpleData name="Place_ID">ChIJj4k0OFjq3TsRQNYZcYTw0Rk</SimpleData>
		<SimpleData name="Distance_m">2508</SimpleData>
	</SchemaData></ExtendedData>
      <Point><coordinates>73.8079141,20.0049981</coordinates></Point>
  </Placemark>
  <Placemark id="hospitals.465">
	<name>Dr Rupesh Patani - Vijaya Clinic</name>
	<ExtendedData><SchemaData schemaUrl="#hospitals">
		<SimpleData name="Category">medical_clinic</SimpleData>
		<SimpleData name="Address">4, Saikruti, Ganeshwadi Rd, Juna Adgaon Naka, Adgaon Naka, Panchavati, Nashik, Maharashtra 422003, India</SimpleData>
		<SimpleData name="Latitude">20.008177</SimpleData>
		<SimpleData name="Longitude">73.8010847</SimpleData>
		<SimpleData name="Rating">4.8</SimpleData>
		<SimpleData name="Place_ID">ChIJQZcsq1bq3TsR21foMO6r4vI</SimpleData>
		<SimpleData name="Distance_m">971</SimpleData>
	</SchemaData></ExtendedData>
      <Point><coordinates>73.8010847,20.008177</coordinates></Point>
  </Placemark>
  <Placemark id="hospitals.466">
	<name>Maple Diagnostics</name>
	<ExtendedData><SchemaData schemaUrl="#hospitals">
		<SimpleData name="Category">medical_clinic</SimpleData>
		<SimpleData name="Address">G43-G44 Shri Hari Krishna Plaza Old Adgaon Naka, Abhang Nagar, Panchavati, Nashik, Maharashtra 422003, India</SimpleData>
		<SimpleData name="Latitude">20.0094843</SimpleData>
		<SimpleData name="Longitude">73.8028757</SimpleData>
		<SimpleData name="Rating">3.5</SimpleData>
		<SimpleData name="Place_ID">ChIJXzwnPVHq3TsRrHWO-CwBvhw</SimpleData>
		<SimpleData name="Distance_m">1147</SimpleData>
	</SchemaData></ExtendedData>
      <Point><coordinates>73.8028757,20.0094843</coordinates></Point>
  </Placemark>
  <Placemark id="hospitals.467">
	<name>Radnyee Nursing Home</name>
	<ExtendedData><SchemaData schemaUrl="#hospitals">
		<SimpleData name="Category">doctor</SimpleData>
		<SimpleData name="Address">near, Gangapur - Satpur Link Rd, behind satyam wines, near Dhanshree Plaza, Dhruv Nagar, Shivaji Nagar, Satpur Colony, Nashik, Maharashtra 422012, India</SimpleData>
		<SimpleData name="Latitude">20.0137695</SimpleData>
		<SimpleData name="Longitude">73.7150286</SimpleData>
		<SimpleData name="Rating">5</SimpleData>
		<SimpleData name="Place_ID">ChIJs-Zk-Qzv3TsRUT3rL-k2fQ0</SimpleData>
		<SimpleData name="Distance_m">1097</SimpleData>
	</SchemaData></ExtendedData>
      <Point><coordinates>73.7150286,20.0137695</coordinates></Point>
  </Placemark>
  <Placemark id="hospitals.468">
	<name>DR. MANOJ DAMODAR MORE Tulip Multi-speciality Hospital Gangapur Road Nashik</name>
	<ExtendedData><SchemaData schemaUrl="#hospitals">
		<SimpleData name="Category">doctor</SimpleData>
		<SimpleData name="Address">Tulip Multi-speciality hospital, Radha Krishna apartment, Gangapur Rd, Abhiyanta Naksh Colony, Datey Nagar, Veer Sawarkar Nagar, Nashik, Maharashtra 422013, India</SimpleData>
		<SimpleData name="Latitude">20.0180596</SimpleData>
		<SimpleData name="Longitude">73.7548951</SimpleData>
		<SimpleData name="Rating">5</SimpleData>
		<SimpleData name="Place_ID">ChIJDYI_mbXr3TsRpu05H9g4kiw</SimpleData>
		<SimpleData name="Distance_m">816</SimpleData>
	</SchemaData></ExtendedData>
      <Point><coordinates>73.7548951,20.0180596</coordinates></Point>
  </Placemark>
  <Placemark id="hospitals.469">
	<name>Atharva Clinic Dr. Kapil Wagh</name>
	<ExtendedData><SchemaData schemaUrl="#hospitals">
		<SimpleData name="Category">doctor</SimpleData>
		<SimpleData name="Address">Archit Regency, Society, Gangapur Rd, opp. Madhur Sweets, Sharda Nagar, Savarkar Nagar, Nashik, Maharashtra 422013, India</SimpleData>
		<SimpleData name="Latitude">20.0150887</SimpleData>
		<SimpleData name="Longitude">73.7537708</SimpleData>
		<SimpleData name="Rating">4.9</SimpleData>
		<SimpleData name="Place_ID">ChIJg5AcnlHr3TsRYDqizdaxptg</SimpleData>
		<SimpleData name="Distance_m">492</SimpleData>
	</SchemaData></ExtendedData>
      <Point><coordinates>73.7537708,20.0150887</coordinates></Point>
  </Placemark>
  <Placemark id="hospitals.470">
	<name>Dr. Ghongde Sanjivani Homoeopathy Clinic Pvt Ltd Gangapur Road-Top Homeopathy |Best Homeopathy |Famous Homeopathy Doctor</name>
	<ExtendedData><SchemaData schemaUrl="#hospitals">
		<SimpleData name="Category">doctor</SimpleData>
		<SimpleData name="Address">Shop no.1, Dhareshwar park apartment, Gangapur Rd, near Aditya petrol pump, Chintamani Colony, Ashtavinayak Colony, Savarkar Nagar, Nashik, Maharashtra 422013, India</SimpleData>
		<SimpleData name="Latitude">20.0125843</SimpleData>
		<SimpleData name="Longitude">73.7516247</SimpleData>
		<SimpleData name="Rating">4.9</SimpleData>
		<SimpleData name="Place_ID">ChIJXQNP1KPr3TsRFJygT_y1AVA</SimpleData>
		<SimpleData name="Distance_m">155</SimpleData>
	</SchemaData></ExtendedData>
      <Point><coordinates>73.7516247,20.0125843</coordinates></Point>
  </Placemark>
  <Placemark id="hospitals.471">
	<name>Gynecologist Clinic</name>
	<ExtendedData><SchemaData schemaUrl="#hospitals">
		<SimpleData name="Category">doctor</SimpleData>
		<SimpleData name="Address">Grace bungalow,Cherry Garden.Sawarkar nagar, Road, Gangapur Rd, behind Gangapur police station, Chintamani Colony, Anand Vihar Colony, Gangapur, Nashik, Maharashtra 422013, India</SimpleData>
		<SimpleData name="Latitude">20.0144984</SimpleData>
		<SimpleData name="Longitude">73.7488939</SimpleData>
		<SimpleData name="Rating">5</SimpleData>
		<SimpleData name="Place_ID">ChIJlTbNYFPt3TsRg7nFQB1C-Lc</SimpleData>
		<SimpleData name="Distance_m">290</SimpleData>
	</SchemaData></ExtendedData>
      <Point><coordinates>73.7488939,20.0144984</coordinates></Point>
  </Placemark>
  <Placemark id="hospitals.472">
	<name>Samdani clinic</name>
	<ExtendedData><SchemaData schemaUrl="#hospitals">
		<SimpleData name="Category">doctor</SimpleData>
		<SimpleData name="Address">Samrat apna ghar, someshwar satpur link road, Right Canal Rd, Dhurav Nagar, Satpur Colony, Nashik, Maharashtra 422012, India</SimpleData>
		<SimpleData name="Latitude">20.0084693</SimpleData>
		<SimpleData name="Longitude">73.7229495</SimpleData>
		<SimpleData name="Rating">5</SimpleData>
		<SimpleData name="Place_ID">ChIJz1RenMft3TsRSXyVhmA6jK0</SimpleData>
		<SimpleData name="Distance_m">1213</SimpleData>
	</SchemaData></ExtendedData>
      <Point><coordinates>73.7229495,20.0084693</coordinates></Point>
  </Placemark>
  <Placemark id="hospitals.473">
	<name>Samarth clinic, samraat Apna ghar</name>
	<ExtendedData><SchemaData schemaUrl="#hospitals">
		<SimpleData name="Category">doctor</SimpleData>
		<SimpleData name="Address">Someshwar-Satpur Link Rd, Someshwar Colony, Satpur Colony, Nashik, Maharashtra 422012, India</SimpleData>
		<SimpleData name="Latitude">20.0088125</SimpleData>
		<SimpleData name="Longitude">73.7240625</SimpleData>
		<SimpleData name="Rating">4.8</SimpleData>
		<SimpleData name="Place_ID">ChIJvQ2EGwDt3TsRh2ehbPfKK84</SimpleData>
		<SimpleData name="Distance_m">1164</SimpleData>
	</SchemaData></ExtendedData>
      <Point><coordinates>73.7240625,20.0088125</coordinates></Point>
  </Placemark>
  <Placemark id="hospitals.474">
	<name>Shree Clinic</name>
	<ExtendedData><SchemaData schemaUrl="#hospitals">
		<SimpleData name="Category">doctor</SimpleData>
		<SimpleData name="Address">Shop no 5, Yash Plaza, behind water tank, near Saundarya Sarees, Dhruv Nagar, Gangapur, Nashik, Maharashtra 422012, India</SimpleData>
		<SimpleData name="Latitude">20.0110069</SimpleData>
		<SimpleData name="Longitude">73.7167223</SimpleData>
		<SimpleData name="Rating">5</SimpleData>
		<SimpleData name="Place_ID">ChIJnd7w_Kjt3TsRvXh5zfG4Eh4</SimpleData>
		<SimpleData name="Distance_m">1779</SimpleData>
	</SchemaData></ExtendedData>
      <Point><coordinates>73.7167223,20.0110069</coordinates></Point>
  </Placemark>
  <Placemark id="hospitals.475">
	<name>Olive Elder Care | Assisted Living &amp; Dementia Care Centre, Nashik</name>
	<ExtendedData><SchemaData schemaUrl="#hospitals">
		<SimpleData name="Category">health</SimpleData>
		<SimpleData name="Address">Survey no 1, Building-Kalyan srushti, Plot no 19, Gangapur Rd, near Hanuman mandir, Anandvalli, Nashik, Maharashtra 422013, India</SimpleData>
		<SimpleData name="Latitude">20.0160556</SimpleData>
		<SimpleData name="Longitude">73.7476179</SimpleData>
		<SimpleData name="Rating">5</SimpleData>
		<SimpleData name="Place_ID">ChIJ73FMmlHt3TsRllKZCsv_nfI</SimpleData>
		<SimpleData name="Distance_m">507</SimpleData>
	</SchemaData></ExtendedData>
      <Point><coordinates>73.7476179,20.0160556</coordinates></Point>
  </Placemark>
  <Placemark id="hospitals.476">
	<name>Yogesh care taker beuro</name>
	<ExtendedData><SchemaData schemaUrl="#hospitals">
		<SimpleData name="Category">health</SimpleData>
		<SimpleData name="Address">Gangapur Rd, Serene Meadows, Anandvalli, Nashik, Maharashtra 422001, India</SimpleData>
		<SimpleData name="Latitude">20.0119616</SimpleData>
		<SimpleData name="Longitude">73.7337527</SimpleData>
		<SimpleData name="Place_ID">ChIJs5TAg9Ht3TsRz1Yf43pR5bM</SimpleData>
		<SimpleData name="Distance_m">1283</SimpleData>
	</SchemaData></ExtendedData>
      <Point><coordinates>73.7337527,20.0119616</coordinates></Point>
  </Placemark>
  <Placemark id="hospitals.477">
	<name>Shivshilp row house</name>
	<ExtendedData><SchemaData schemaUrl="#hospitals">
		<SimpleData name="Category">health</SimpleData>
		<SimpleData name="Address">2P7C+PQ2, Dhurav Nagar, Satpur Colony, Nashik, Maharashtra 422012, India</SimpleData>
		<SimpleData name="Latitude">20.014302</SimpleData>
		<SimpleData name="Longitude">73.7221435</SimpleData>
		<SimpleData name="Rating">5</SimpleData>
		<SimpleData name="Place_ID">ChIJP3rDVADt3TsRdcYc8gjq_4c</SimpleData>
		<SimpleData name="Distance_m">1779</SimpleData>
	</SchemaData></ExtendedData>
      <Point><coordinates>73.7221435,20.014302</coordinates></Point>
  </Placemark>
  <Placemark id="hospitals.478">
	<name>Swa. Vinayak Damodar Savarkar Gov Hospital</name>
	<ExtendedData><SchemaData schemaUrl="#hospitals">
		<SimpleData name="Category">hospital</SimpleData>
		<SimpleData name="Address">2P98+29, Shivaji Nagar, Satpur Colony, Nashik, Maharashtra 422012, India</SimpleData>
		<SimpleData name="Latitude">20.0177579</SimpleData>
		<SimpleData name="Longitude">73.7163319</SimpleData>
		<SimpleData name="Place_ID">ChIJFzpipwnt3TsRE93LtUUd1UY</SimpleData>
		<SimpleData name="Distance_m">1469</SimpleData>
	</SchemaData></ExtendedData>
      <Point><coordinates>73.7163319,20.0177579</coordinates></Point>
  </Placemark>
  <Placemark id="hospitals.479">
	<name>Shri Guruji Hospital in Nashik</name>
	<ExtendedData><SchemaData schemaUrl="#hospitals">
		<SimpleData name="Category">hospital</SimpleData>
		<SimpleData name="Address">2P6X+PCX, Gangapur Rd, Kale Nagar, Rambhoomi, Savarkar Nagar, Nashik, Maharashtra 422013, India</SimpleData>
		<SimpleData name="Latitude">20.0117144</SimpleData>
		<SimpleData name="Longitude">73.7486131</SimpleData>
		<SimpleData name="Rating">4.1</SimpleData>
		<SimpleData name="Place_ID">ChIJb4cY0onr3TsRIK-v2YGjkbc</SimpleData>
		<SimpleData name="Distance_m">174</SimpleData>
	</SchemaData></ExtendedData>
      <Point><coordinates>73.7486131,20.0117144</coordinates></Point>
  </Placemark>
  <Placemark id="hospitals.480">
	<name>Shree Speciality Hospital And Pathology Lab</name>
	<ExtendedData><SchemaData schemaUrl="#hospitals">
		<SimpleData name="Category">hospital</SimpleData>
		<SimpleData name="Address">Royal Avaan Avenue, second floor, R wing, Gangapur Rd, near Jehan Circle, Ram Nagar, Ashtavinayak Colony, Veer Sawarkar Nagar, Nashik, Maharashtra 422013, India</SimpleData>
		<SimpleData name="Latitude">20.0122563</SimpleData>
		<SimpleData name="Longitude">73.7550428</SimpleData>
		<SimpleData name="Rating">5</SimpleData>
		<SimpleData name="Place_ID">ChIJnxdLWwbr3TsR6-Y5QABb7Pg</SimpleData>
		<SimpleData name="Distance_m">506</SimpleData>
	</SchemaData></ExtendedData>
      <Point><coordinates>73.7550428,20.0122563</coordinates></Point>
  </Placemark>
  <Placemark id="hospitals.481">
	<name>Niramay Hospital</name>
	<ExtendedData><SchemaData schemaUrl="#hospitals">
		<SimpleData name="Category">hospital</SimpleData>
		<SimpleData name="Address">Bus Stop, Near, Gangapur Rd, Anandvalli, Nashik, Maharashtra 422013, India</SimpleData>
		<SimpleData name="Latitude">20.0125706</SimpleData>
		<SimpleData name="Longitude">73.7481582</SimpleData>
		<SimpleData name="Rating">4.3</SimpleData>
		<SimpleData name="Place_ID">ChIJlQeB2Ynr3TsRW1HQdw37Oco</SimpleData>
		<SimpleData name="Distance_m">217</SimpleData>
	</SchemaData></ExtendedData>
      <Point><coordinates>73.7481582,20.0125706</coordinates></Point>
  </Placemark>
  <Placemark id="hospitals.482">
	<name>Sai Aashirwad Hospital</name>
	<ExtendedData><SchemaData schemaUrl="#hospitals">
		<SimpleData name="Category">hospital</SimpleData>
		<SimpleData name="Address">First Floor, Shri Ganesh Classics, Gangapur Rd, above Canara Bank, Navshya Ganapati Parisar, Balawant Nagar, Anandvalli, Nashik, Maharashtra 422013, India</SimpleData>
		<SimpleData name="Latitude">20.0128377</SimpleData>
		<SimpleData name="Longitude">73.7430395</SimpleData>
		<SimpleData name="Rating">4.1</SimpleData>
		<SimpleData name="Place_ID">ChIJsxwwv3bs3TsR2H5PgalTVe0</SimpleData>
		<SimpleData name="Distance_m">751</SimpleData>
	</SchemaData></ExtendedData>
      <Point><coordinates>73.7430395,20.0128377</coordinates></Point>
  </Placemark>
  <Placemark id="hospitals.483">
	<name>Bhosale Hospital</name>
	<ExtendedData><SchemaData schemaUrl="#hospitals">
		<SimpleData name="Category">hospital</SimpleData>
		<SimpleData name="Address">Bus stop, Gangapur Rd, Anandvalli, Nashik, Maharashtra 422013, India</SimpleData>
		<SimpleData name="Latitude">20.012429</SimpleData>
		<SimpleData name="Longitude">73.7480868</SimpleData>
		<SimpleData name="Rating">4</SimpleData>
		<SimpleData name="Place_ID">ChIJ51pB14nr3TsRu8ad6dlcJo0</SimpleData>
		<SimpleData name="Distance_m">222</SimpleData>
	</SchemaData></ExtendedData>
      <Point><coordinates>73.7480868,20.012429</coordinates></Point>
  </Placemark>
  <Placemark id="hospitals.484">
	<name>Serene Health Clinic - Dr Rahul Kekan - Consultant Physician and Diabetologist</name>
	<ExtendedData><SchemaData schemaUrl="#hospitals">
		<SimpleData name="Category">hospital</SimpleData>
		<SimpleData name="Address">Prabhu's Atlantis Building, 3, Gangapur Rd, Rameshwar Nagar, Serene Meadows, Anandvalli, Nashik, Maharashtra 422013, India</SimpleData>
		<SimpleData name="Latitude">20.0079648</SimpleData>
		<SimpleData name="Longitude">73.7387376</SimpleData>
		<SimpleData name="Rating">5</SimpleData>
		<SimpleData name="Place_ID">ChIJOQfslE3t3TsRP7yVOwc3evY</SimpleData>
		<SimpleData name="Distance_m">1287</SimpleData>
	</SchemaData></ExtendedData>
      <Point><coordinates>73.7387376,20.0079648</coordinates></Point>
  </Placemark>
  <Placemark id="hospitals.485">
	<name>Dr.Gajare Hospital</name>
	<ExtendedData><SchemaData schemaUrl="#hospitals">
		<SimpleData name="Category">hospital</SimpleData>
		<SimpleData name="Address">Near Shivaji Nagar Bus Stop, Shivaji Nagar, Satpur Colony, Nashik, Maharashtra 422012, India</SimpleData>
		<SimpleData name="Latitude">20.0065719</SimpleData>
		<SimpleData name="Longitude">73.7115319</SimpleData>
		<SimpleData name="Rating">4.2</SimpleData>
		<SimpleData name="Place_ID">ChIJyfdm7k_s3TsRE7XzcEvoB3M</SimpleData>
		<SimpleData name="Distance_m">2146</SimpleData>
	</SchemaData></ExtendedData>
      <Point><coordinates>73.7115319,20.0065719</coordinates></Point>
  </Placemark>
  <Placemark id="hospitals.486">
	<name>DivyaSparsh Care Centre</name>
	<ExtendedData><SchemaData schemaUrl="#hospitals">
		<SimpleData name="Category">hospital</SimpleData>
		<SimpleData name="Address">Sadguru Nagar Pipeline Road, 2P4M+V6G, Gangapur Rd, near Reliance petrol Pump, Sadguru Nagar, Satpur Colony, Nashik, Maharashtra 422007, India</SimpleData>
		<SimpleData name="Latitude">20.0069355</SimpleData>
		<SimpleData name="Longitude">73.7323641</SimpleData>
		<SimpleData name="Rating">5</SimpleData>
		<SimpleData name="Place_ID">ChIJ85rYRaXt3TsRVgEu_CHWE5c</SimpleData>
		<SimpleData name="Distance_m">706</SimpleData>
	</SchemaData></ExtendedData>
      <Point><coordinates>73.7323641,20.0069355</coordinates></Point>
  </Placemark>
  <Placemark id="hospitals.487">
	<name>Shree Siddhivinayak Clinic</name>
	<ExtendedData><SchemaData schemaUrl="#hospitals">
		<SimpleData name="Category">hospital</SimpleData>
		<SimpleData name="Address">Gajanan Row banglow No1 ,Shivshakti colony, link road, opp. to motiwala college, Dhruv Nagar, Shivaji Nagar, Satpur Colony, Nashik, Maharashtra 422012, India</SimpleData>
		<SimpleData name="Latitude">20.0169463</SimpleData>
		<SimpleData name="Longitude">73.7158448</SimpleData>
		<SimpleData name="Rating">5</SimpleData>
		<SimpleData name="Place_ID">ChIJucvWmKft3TsRj7VEwTtjvV8</SimpleData>
		<SimpleData name="Distance_m">2256</SimpleData>
	</SchemaData></ExtendedData>
      <Point><coordinates>73.7158448,20.0169463</coordinates></Point>
  </Placemark>
  <Placemark id="hospitals.488">
	<name>Clinic</name>
	<ExtendedData><SchemaData schemaUrl="#hospitals">
		<SimpleData name="Category">medical_clinic</SimpleData>
		<SimpleData name="Address">Gangapur Rd, near Chopda lawns, Navshya Ganapati Parisar, Ganpati Nagar, Anandvalli, Nashik, Maharashtra 422013, India</SimpleData>
		<SimpleData name="Latitude">20.0130755</SimpleData>
		<SimpleData name="Longitude">73.7430267</SimpleData>
		<SimpleData name="Rating">5</SimpleData>
		<SimpleData name="Place_ID">ChIJ42ggdJjr3TsR4A9u64nrXJ4</SimpleData>
		<SimpleData name="Distance_m">756</SimpleData>
	</SchemaData></ExtendedData>
      <Point><coordinates>73.7430267,20.0130755</coordinates></Point>
  </Placemark>
  <Placemark id="hospitals.489">
	<name>Dr. J. Soundararajan.</name>
	<ExtendedData><SchemaData schemaUrl="#hospitals">
		<SimpleData name="Category">medical_clinic</SimpleData>
		<SimpleData name="Address">SANTHA MANIPULATIVE THERAPY CLINIC. Revati Magic, 2P6Q+3WX, Gangapur Rd, opp. Wisdom Highschool, Rameshwar Nagar, Balawant Nagar, Anandvalli, Nashik, Maharashtra 422013, India</SimpleData>
		<SimpleData name="Latitude">20.0102455</SimpleData>
		<SimpleData name="Longitude">73.7398511</SimpleData>
		<SimpleData name="Rating">4.1</SimpleData>
		<SimpleData name="Place_ID">ChIJVR61hjLt3TsRHu0X-rAiJHE</SimpleData>
		<SimpleData name="Distance_m">1103</SimpleData>
	</SchemaData></ExtendedData>
      <Point><coordinates>73.7398511,20.0102455</coordinates></Point>
  </Placemark>
  <Placemark id="hospitals.490">
	<name>Saudagar's Homoeopathy Clinic</name>
	<ExtendedData><SchemaData schemaUrl="#hospitals">
		<SimpleData name="Category">medical_clinic</SimpleData>
		<SimpleData name="Address">Dj avanti Appartment, First floor, Gangapur Rd, beside Bharat Petrolium, Chintamani Colony, Anand Vihar Colony, Savarkar Nagar, Nashik, Maharashtra 422013, India</SimpleData>
		<SimpleData name="Latitude">20.0125007</SimpleData>
		<SimpleData name="Longitude">73.7505493</SimpleData>
		<SimpleData name="Rating">4.8</SimpleData>
		<SimpleData name="Place_ID">ChIJ79ONxH7s3TsRjYz709VpmgI</SimpleData>
		<SimpleData name="Distance_m">49</SimpleData>
	</SchemaData></ExtendedData>
      <Point><coordinates>73.7505493,20.0125007</coordinates></Point>
  </Placemark>
  <Placemark id="hospitals.491">
	<name>Matoshri Clinic</name>
	<ExtendedData><SchemaData schemaUrl="#hospitals">
		<SimpleData name="Category">medical_clinic</SimpleData>
		<SimpleData name="Address">Gangapur - Satpur Link Rd, Dhruv Nagar, Dhurav Nagar, Satpur Colony, Nashik, Maharashtra 422012, India</SimpleData>
		<SimpleData name="Latitude">20.016066</SimpleData>
		<SimpleData name="Longitude">73.7173777</SimpleData>
		<SimpleData name="Rating">5</SimpleData>
		<SimpleData name="Place_ID">ChIJ3dlRql3t3TsRbDZazn6BHEs</SimpleData>
		<SimpleData name="Distance_m">2230</SimpleData>
	</SchemaData></ExtendedData>
      <Point><coordinates>73.7173777,20.016066</coordinates></Point>
  </Placemark>
  <Placemark id="hospitals.492">
	<name>Sai Clinic</name>
	<ExtendedData><SchemaData schemaUrl="#hospitals">
		<SimpleData name="Category">medical_clinic</SimpleData>
		<SimpleData name="Address">Savdhan Housing Society, P-37, Dhurav Nagar, Satpur Colony, Nashik, Maharashtra 422012, India</SimpleData>
		<SimpleData name="Latitude">20.007921</SimpleData>
		<SimpleData name="Longitude">73.7137331</SimpleData>
		<SimpleData name="Place_ID">ChIJNwWoOO7t3TsRTuA55_Gmiyc</SimpleData>
		<SimpleData name="Distance_m">1984</SimpleData>
	</SchemaData></ExtendedData>
      <Point><coordinates>73.7137331,20.007921</coordinates></Point>
  </Placemark>
  <Placemark id="hospitals.493">
	<name>Seva clinic</name>
	<ExtendedData><SchemaData schemaUrl="#hospitals">
		<SimpleData name="Category">medical_clinic</SimpleData>
		<SimpleData name="Address">2P7F+M2V, Dhruv Nagar, Kale Nagar, Dhurav Nagar, Satpur Colony, Nashik, Maharashtra 422012, India</SimpleData>
		<SimpleData name="Latitude">20.0142478</SimpleData>
		<SimpleData name="Longitude">73.7225564</SimpleData>
		<SimpleData name="Rating">5</SimpleData>
		<SimpleData name="Place_ID">ChIJvT6bFwDt3TsRV5jC57HBtV8</SimpleData>
		<SimpleData name="Distance_m">1751</SimpleData>
	</SchemaData></ExtendedData>
      <Point><coordinates>73.7225564,20.0142478</coordinates></Point>
  </Placemark>
  <Placemark id="hospitals.494">
	<name>Saraswati Multi-speciality Hospital Nashik</name>
	<ExtendedData><SchemaData schemaUrl="#hospitals">
		<SimpleData name="Category">hospital</SimpleData>
		<SimpleData name="Address">Peth Rd, Samarth Nagar, Makhmalabad, Nashik, Maharashtra 422004, India</SimpleData>
		<SimpleData name="Latitude">20.0326345</SimpleData>
		<SimpleData name="Longitude">73.794968</SimpleData>
		<SimpleData name="Rating">4.9</SimpleData>
		<SimpleData name="Place_ID">ChIJO1DyMFvr3TsR4wK5fybIY-0</SimpleData>
		<SimpleData name="Distance_m">2529</SimpleData>
	</SchemaData></ExtendedData>
      <Point><coordinates>73.794968,20.0326345</coordinates></Point>
  </Placemark>
  <Placemark id="hospitals.495">
	<name>Namco Charitable - Cardiologist in Nashik | Multispeciality Hospital - Radiation | Orthopedic | Best NICU in Nashik</name>
	<ExtendedData><SchemaData schemaUrl="#hospitals">
		<SimpleData name="Category">hospital</SimpleData>
		<SimpleData name="Address">Sardar Vallabhbhai Patel Marg, Peth Rd, opp. R.T.O. Office, Panchavati, Makhmalabad, Nashik, Maharashtra 422003, India</SimpleData>
		<SimpleData name="Latitude">20.0340769</SimpleData>
		<SimpleData name="Longitude">73.7939408</SimpleData>
		<SimpleData name="Rating">4.8</SimpleData>
		<SimpleData name="Place_ID">ChIJf669nLLr3TsR1PoUDqC7cVI</SimpleData>
		<SimpleData name="Distance_m">2437</SimpleData>
	</SchemaData></ExtendedData>
      <Point><coordinates>73.7939408,20.0340769</coordinates></Point>
  </Placemark>
  <Placemark id="hospitals.496">
	<name>Namco Hospital- Best Cancer Hospital in Nashik | Radiation BMT | Oncology</name>
	<ExtendedData><SchemaData schemaUrl="#hospitals">
		<SimpleData name="Category">medical_clinic</SimpleData>
		<SimpleData name="Address">Opp R.T.O. Office, Sardar Vallabhbhai Patel Marg, Peth Rd, Samarth Nagar, Panchavati, Nashik, Maharashtra 422003, India</SimpleData>
		<SimpleData name="Latitude">20.033765</SimpleData>
		<SimpleData name="Longitude">73.7938197</SimpleData>
		<SimpleData name="Rating">4.5</SimpleData>
		<SimpleData name="Place_ID">ChIJbW4WIc3r3TsR-fcsr5SHl7g</SimpleData>
		<SimpleData name="Distance_m">2420</SimpleData>
	</SchemaData></ExtendedData>
      <Point><coordinates>73.7938197,20.033765</coordinates></Point>
  </Placemark>
  <Placemark id="hospitals.497">
	<name>Neva Hospital</name>
	<ExtendedData><SchemaData schemaUrl="#hospitals">
		<SimpleData name="Category">doctor</SimpleData>
		<SimpleData name="Address">Makhmalabad Rd, Ghadge Mala, Makhmalabad, Nashik, Maharashtra 422003, India</SimpleData>
		<SimpleData name="Latitude">20.0337896</SimpleData>
		<SimpleData name="Longitude">73.7832033</SimpleData>
		<SimpleData name="Rating">4.6</SimpleData>
		<SimpleData name="Place_ID">ChIJ7Y6V06Dr3TsR3-b9aKZ5wrU</SimpleData>
		<SimpleData name="Distance_m">1325</SimpleData>
	</SchemaData></ExtendedData>
      <Point><coordinates>73.7832033,20.0337896</coordinates></Point>
  </Placemark>
  <Placemark id="hospitals.498">
	<name>GURUKRUPA CLINIC</name>
	<ExtendedData><SchemaData schemaUrl="#hospitals">
		<SimpleData name="Category">doctor</SimpleData>
		<SimpleData name="Address">Shop No. 02, ShreeRaj Vihar, 417/60, behind WaterTank, Swami Vivekananda Nagar, Makhmalabad, Nashik, Maharashtra 422003, India</SimpleData>
		<SimpleData name="Latitude">20.0482658</SimpleData>
		<SimpleData name="Longitude">73.7813086</SimpleData>
		<SimpleData name="Rating">5</SimpleData>
		<SimpleData name="Place_ID">ChIJD5XjA_Tp3TsR8gE6dfONFB0</SimpleData>
		<SimpleData name="Distance_m">2183</SimpleData>
	</SchemaData></ExtendedData>
      <Point><coordinates>73.7813086,20.0482658</coordinates></Point>
  </Placemark>
  <Placemark id="hospitals.499">
	<name>Dr. Ganesh Aher's Ortho Planet</name>
	<ExtendedData><SchemaData schemaUrl="#hospitals">
		<SimpleData name="Category">doctor</SimpleData>
		<SimpleData name="Address">3rd Floor, NYSA Business Center, Makhmalabad Rd, Ghadge Nagar, Makhmalabad, Nashik, Maharashtra 422003, India</SimpleData>
		<SimpleData name="Latitude">20.0342993</SimpleData>
		<SimpleData name="Longitude">73.7831995</SimpleData>
		<SimpleData name="Rating">4.9</SimpleData>
		<SimpleData name="Place_ID">ChIJLQkvdOnr3TsRGUTucFGeM4I</SimpleData>
		<SimpleData name="Distance_m">1338</SimpleData>
	</SchemaData></ExtendedData>
      <Point><coordinates>73.7831995,20.0342993</coordinates></Point>
  </Placemark>
  <Placemark id="hospitals.500">
	<name>VARAD CLINIC</name>
	<ExtendedData><SchemaData schemaUrl="#hospitals">
		<SimpleData name="Category">doctor</SimpleData>
		<SimpleData name="Address">Shop No 1 Ekvira Banglow, Shanti Nagar, Makhmalabad, Nashik, Maharashtra 422003, India</SimpleData>
		<SimpleData name="Latitude">20.0377626</SimpleData>
		<SimpleData name="Longitude">73.7784629</SimpleData>
		<SimpleData name="Rating">5</SimpleData>
		<SimpleData name="Place_ID">ChIJp7AHX4Xr3TsRW9M8ly-8j-0</SimpleData>
		<SimpleData name="Distance_m">1076</SimpleData>
	</SchemaData></ExtendedData>
      <Point><coordinates>73.7784629,20.0377626</coordinates></Point>
  </Placemark>
  <Placemark id="hospitals.501">
	<name>SHREE SAI CLINIC</name>
	<ExtendedData><SchemaData schemaUrl="#hospitals">
		<SimpleData name="Category">doctor</SimpleData>
		<SimpleData name="Address">Shop No.7, Indupride Apartment, Makhmalabad Rd, Vidya Nagar, Ghadge Nagar, Makhmalabad, Nashik, Maharashtra 422003, India</SimpleData>
		<SimpleData name="Latitude">20.0292182</SimpleData>
		<SimpleData name="Longitude">73.7839366</SimpleData>
		<SimpleData name="Rating">5</SimpleData>
		<SimpleData name="Place_ID">ChIJQxDerr3r3TsRjw3f7OAyPo4</SimpleData>
		<SimpleData name="Distance_m">1392</SimpleData>
	</SchemaData></ExtendedData>
      <Point><coordinates>73.7839366,20.0292182</coordinates></Point>
  </Placemark>
  <Placemark id="hospitals.502">
	<name>Atharv Clinic &amp; Wellness centre</name>
	<ExtendedData><SchemaData schemaUrl="#hospitals">
		<SimpleData name="Category">doctor</SimpleData>
		<SimpleData name="Address">S. No.7, Ramkrishna Ngr, Shanti Ngr, Makhmalabad Rd, Panchvati, Makhmalabad, Nashik, Maharashtra 422003, India</SimpleData>
		<SimpleData name="Latitude">20.0420068</SimpleData>
		<SimpleData name="Longitude">73.78471</SimpleData>
		<SimpleData name="Rating">4.9</SimpleData>
		<SimpleData name="Place_ID">ChIJZ0lFmx_r3TsRmqxKRVjs_jU</SimpleData>
		<SimpleData name="Distance_m">1879</SimpleData>
	</SchemaData></ExtendedData>
      <Point><coordinates>73.78471,20.0420068</coordinates></Point>
  </Placemark>
  <Placemark id="hospitals.503">
	<name>Shrutika Clinic</name>
	<ExtendedData><SchemaData schemaUrl="#hospitals">
		<SimpleData name="Category">doctor</SimpleData>
		<SimpleData name="Address">Shop No 9, Shrutika Clinic, Khushi Residency, Swami Vivekananda Nagar, Ashwamegh Nagar, Makhamalabad, Nashik, Maharashtra 422003, India</SimpleData>
		<SimpleData name="Latitude">20.0452313</SimpleData>
		<SimpleData name="Longitude">73.7909912</SimpleData>
		<SimpleData name="Rating">5</SimpleData>
		<SimpleData name="Place_ID">ChIJqwg6VZHr3TsRs85IJxGbCl0</SimpleData>
		<SimpleData name="Distance_m">2617</SimpleData>
	</SchemaData></ExtendedData>
      <Point><coordinates>73.7909912,20.0452313</coordinates></Point>
  </Placemark>
  <Placemark id="hospitals.504">
	<name>Leelavati Hospital Makhmalabad Road</name>
	<ExtendedData><SchemaData schemaUrl="#hospitals">
		<SimpleData name="Category">general_hospital</SimpleData>
		<SimpleData name="Address">2QPJ+WQ2, Makhmalabad Rd, Vidya Nagar, Panchavati, Nashik, Maharashtra 422003, India</SimpleData>
		<SimpleData name="Latitude">20.0372651</SimpleData>
		<SimpleData name="Longitude">73.7818812</SimpleData>
		<SimpleData name="Rating">4.2</SimpleData>
		<SimpleData name="Place_ID">ChIJdW8Lkdrr3TsRF8A-6as-yNQ</SimpleData>
		<SimpleData name="Distance_m">1334</SimpleData>
	</SchemaData></ExtendedData>
      <Point><coordinates>73.7818812,20.0372651</coordinates></Point>
  </Placemark>
  <Placemark id="hospitals.505">
	<name>Om SAI hospital , Pawar mala, Ashwemedh nagar, Near RTO Corner</name>
	<ExtendedData><SchemaData schemaUrl="#hospitals">
		<SimpleData name="Category">general_hospital</SimpleData>
		<SimpleData name="Address">Dhan Dai Row House, Ashwamegh Nagar, Makhmalabad, Nashik, Maharashtra 422003, India</SimpleData>
		<SimpleData name="Latitude">20.0370798</SimpleData>
		<SimpleData name="Longitude">73.7877466</SimpleData>
		<SimpleData name="Rating">5</SimpleData>
		<SimpleData name="Place_ID">ChIJJ0FERJfr3TsR45m8AWUcrVI</SimpleData>
		<SimpleData name="Distance_m">1883</SimpleData>
	</SchemaData></ExtendedData>
      <Point><coordinates>73.7877466,20.0370798</coordinates></Point>
  </Placemark>
  <Placemark id="hospitals.506">
	<name>Patientcare24</name>
	<ExtendedData><SchemaData schemaUrl="#hospitals">
		<SimpleData name="Category">health</SimpleData>
		<SimpleData name="Address">Office number 02 ground floor, opp. weastwind meadows, Makhmalabad, Nashik, Maharashtra 422003, India</SimpleData>
		<SimpleData name="Latitude">20.0233404</SimpleData>
		<SimpleData name="Longitude">73.7675811</SimpleData>
		<SimpleData name="Place_ID">ChIJOUwA9OHr3TsRp0CVdolrgv0</SimpleData>
		<SimpleData name="Distance_m">947</SimpleData>
	</SchemaData></ExtendedData>
      <Point><coordinates>73.7675811,20.0233404</coordinates></Point>
  </Placemark>
  <Placemark id="hospitals.507">
	<name>Quality Healthcare Services</name>
	<ExtendedData><SchemaData schemaUrl="#hospitals">
		<SimpleData name="Category">health</SimpleData>
		<SimpleData name="Address">2QWM+8FR Shubharambh Apartment, Ramkrishna Nagar, Makhmalabad, Nashik, Maharashtra 422003, India</SimpleData>
		<SimpleData name="Latitude">20.0458106</SimpleData>
		<SimpleData name="Longitude">73.7836394</SimpleData>
		<SimpleData name="Rating">5</SimpleData>
		<SimpleData name="Place_ID">ChIJDZQVnqXr3TsRW3nkx5G1Lrw</SimpleData>
		<SimpleData name="Distance_m">2098</SimpleData>
	</SchemaData></ExtendedData>
      <Point><coordinates>73.7836394,20.0458106</coordinates></Point>
  </Placemark>
  <Placemark id="hospitals.508">
	<name>Dr. Vaibhav Godse Clinic in Nashik</name>
	<ExtendedData><SchemaData schemaUrl="#hospitals">
		<SimpleData name="Category">health</SimpleData>
		<SimpleData name="Address">Shraddha Park, Makhmalabad Rd, shantinagar, Makhmalabad, Nashik, Maharashtra 422003, India</SimpleData>
		<SimpleData name="Latitude">20.0438766</SimpleData>
		<SimpleData name="Longitude">73.7805178</SimpleData>
		<SimpleData name="Rating">5</SimpleData>
		<SimpleData name="Place_ID">ChIJmSgAyKvr3TsRaRv-sNFaGGA</SimpleData>
		<SimpleData name="Distance_m">1728</SimpleData>
	</SchemaData></ExtendedData>
      <Point><coordinates>73.7805178,20.0438766</coordinates></Point>
  </Placemark>
  <Placemark id="hospitals.509">
	<name>Growlife Wellness Super Speciality Hospital</name>
	<ExtendedData><SchemaData schemaUrl="#hospitals">
		<SimpleData name="Category">hospital</SimpleData>
		<SimpleData name="Address">3rd Floor, NYSA Business Center, Makhmalabad Rd, Ghadge Nagar, Makhmalabad, Nashik, Maharashtra 422003, India</SimpleData>
		<SimpleData name="Latitude">20.0339859</SimpleData>
		<SimpleData name="Longitude">73.7832053</SimpleData>
		<SimpleData name="Rating">4.8</SimpleData>
		<SimpleData name="Place_ID">ChIJ4zuVnBDr3TsRo5UqEJBhUwo</SimpleData>
		<SimpleData name="Distance_m">1330</SimpleData>
	</SchemaData></ExtendedData>
      <Point><coordinates>73.7832053,20.0339859</coordinates></Point>
  </Placemark>
  <Placemark id="hospitals.510">
	<name>Shree Hospital</name>
	<ExtendedData><SchemaData schemaUrl="#hospitals">
		<SimpleData name="Category">hospital</SimpleData>
		<SimpleData name="Address">Omkar Society, Ramkrishna Nagar, Makhmalabad, Nashik, Maharashtra 422003, India</SimpleData>
		<SimpleData name="Latitude">20.0435213</SimpleData>
		<SimpleData name="Longitude">73.7798204</SimpleData>
		<SimpleData name="Rating">4.7</SimpleData>
		<SimpleData name="Place_ID">ChIJddiMAdnr3TsR6e8pJfFwwuE</SimpleData>
		<SimpleData name="Distance_m">1654</SimpleData>
	</SchemaData></ExtendedData>
      <Point><coordinates>73.7798204,20.0435213</coordinates></Point>
  </Placemark>
  <Placemark id="hospitals.511">
	<name>Nashik paralysis &amp; neurorehab center</name>
	<ExtendedData><SchemaData schemaUrl="#hospitals">
		<SimpleData name="Category">hospital</SimpleData>
		<SimpleData name="Address">bus stop, Makhmalabad Gaon, Makhmalabad, Nashik, Maharashtra 422003, India</SimpleData>
		<SimpleData name="Latitude">20.0548591</SimpleData>
		<SimpleData name="Longitude">73.7756438</SimpleData>
		<SimpleData name="Rating">5</SimpleData>
		<SimpleData name="Place_ID">ChIJjcmRcWDp3TsRIQaWexUAfCQ</SimpleData>
		<SimpleData name="Distance_m">2668</SimpleData>
	</SchemaData></ExtendedData>
      <Point><coordinates>73.7756438,20.0548591</coordinates></Point>
  </Placemark>
  <Placemark id="hospitals.512">
	<name>Rural Hospital</name>
	<ExtendedData><SchemaData schemaUrl="#hospitals">
		<SimpleData name="Category">hospital</SimpleData>
		<SimpleData name="Address">26, Makhmalabad Rd, Vidya Nagar, Ashwamegh Nagar, Makhmalabad, Nashik, Maharashtra 422003, India</SimpleData>
		<SimpleData name="Latitude">20.0393822</SimpleData>
		<SimpleData name="Longitude">73.781291</SimpleData>
		<SimpleData name="Place_ID">ChIJrwSwQNrr3TsRZ7SxgElt0BM</SimpleData>
		<SimpleData name="Distance_m">1417</SimpleData>
	</SchemaData></ExtendedData>
      <Point><coordinates>73.781291,20.0393822</coordinates></Point>
  </Placemark>
  <Placemark id="hospitals.513">
	<name>UPHC Makhmalabad</name>
	<ExtendedData><SchemaData schemaUrl="#hospitals">
		<SimpleData name="Category">hospital</SimpleData>
		<SimpleData name="Address">66/A/78, Gamane Mala, Makhmalabad, Nashik, Maharashtra 422003, India</SimpleData>
		<SimpleData name="Latitude">20.0449585</SimpleData>
		<SimpleData name="Longitude">73.7721667</SimpleData>
		<SimpleData name="Rating">4</SimpleData>
		<SimpleData name="Place_ID">ChIJX36PKgDr3TsRgRu62RKaDVA</SimpleData>
		<SimpleData name="Distance_m">1525</SimpleData>
	</SchemaData></ExtendedData>
      <Point><coordinates>73.7721667,20.0449585</coordinates></Point>
  </Placemark>
  <Placemark id="hospitals.514">
	<name>Newninad Metkar Maternity Home</name>
	<ExtendedData><SchemaData schemaUrl="#hospitals">
		<SimpleData name="Category">hospital</SimpleData>
		<SimpleData name="Address">Plot No.16, Swami Nagar, 03, Makhmalabad Rd, opp. Shanti Nagar, Gandhi Nagar, Makhmalabad, Nashik, Maharashtra 422003, India</SimpleData>
		<SimpleData name="Latitude">20.0425502</SimpleData>
		<SimpleData name="Longitude">73.7788576</SimpleData>
		<SimpleData name="Rating">5</SimpleData>
		<SimpleData name="Place_ID">ChIJJ5lJc9nr3TsRbs2h5SY4MD0</SimpleData>
		<SimpleData name="Distance_m">1508</SimpleData>
	</SchemaData></ExtendedData>
      <Point><coordinates>73.7788576,20.0425502</coordinates></Point>
  </Placemark>
  <Placemark id="hospitals.515">
	<name>Sai Shraddha Clinic &amp; Medical</name>
	<ExtendedData><SchemaData schemaUrl="#hospitals">
		<SimpleData name="Category">hospital</SimpleData>
		<SimpleData name="Address">Dattaraj Apartment, Makhmalabad Rd, near canal,Bhoir mala, Vidya Nagar, Ghadge Nagar, Panchavati, Nashik, Maharashtra 422003, India</SimpleData>
		<SimpleData name="Latitude">20.0288245</SimpleData>
		<SimpleData name="Longitude">73.7838647</SimpleData>
		<SimpleData name="Rating">5</SimpleData>
		<SimpleData name="Place_ID">ChIJE61nYQDr3TsRPuIKuWlv1as</SimpleData>
		<SimpleData name="Distance_m">1392</SimpleData>
	</SchemaData></ExtendedData>
      <Point><coordinates>73.7838647,20.0288245</coordinates></Point>
  </Placemark>
  <Placemark id="hospitals.516">
	<name>Sankalp Clinic</name>
	<ExtendedData><SchemaData schemaUrl="#hospitals">
		<SimpleData name="Category">hospital</SimpleData>
		<SimpleData name="Address">Peth Rd, Swami Vivekananda Nagar, Makhmalabad, Nashik, Maharashtra 422003, India</SimpleData>
		<SimpleData name="Latitude">20.0480998</SimpleData>
		<SimpleData name="Longitude">73.7856803</SimpleData>
		<SimpleData name="Rating">5</SimpleData>
		<SimpleData name="Place_ID">ChIJ7XB8hLfp3TsRD6yWEkGweFE</SimpleData>
		<SimpleData name="Distance_m">2430</SimpleData>
	</SchemaData></ExtendedData>
      <Point><coordinates>73.7856803,20.0480998</coordinates></Point>
  </Placemark>
  <Placemark id="hospitals.517">
	<name>Makhmalabad - Hridhayam Heart Clinic</name>
	<ExtendedData><SchemaData schemaUrl="#hospitals">
		<SimpleData name="Category">medical_center</SimpleData>
		<SimpleData name="Address">Shop No 243, Lalit Roongta Shopping Center, Gamane Mala, Makhmalabad, Nashik, Maharashtra 422003, India</SimpleData>
		<SimpleData name="Latitude">20.04288</SimpleData>
		<SimpleData name="Longitude">73.7795137</SimpleData>
		<SimpleData name="Rating">3</SimpleData>
		<SimpleData name="Place_ID">ChIJmYQNcjbr3TsR9y1iJb3Juaw</SimpleData>
		<SimpleData name="Distance_m">1577</SimpleData>
	</SchemaData></ExtendedData>
      <Point><coordinates>73.7795137,20.04288</coordinates></Point>
  </Placemark>
  <Placemark id="hospitals.518">
	<name>Shri SiddhiVinayak Dental Clinic</name>
	<ExtendedData><SchemaData schemaUrl="#hospitals">
		<SimpleData name="Category">medical_clinic</SimpleData>
		<SimpleData name="Address">Samarth Krupa, Besides Gas Godown, Tambe Mala Rd, near Lilavati Hospital, Vidya Nagar, Makhmalabad, Nashik, Maharashtra 422003, India</SimpleData>
		<SimpleData name="Latitude">20.0382168</SimpleData>
		<SimpleData name="Longitude">73.7815796</SimpleData>
		<SimpleData name="Rating">5</SimpleData>
		<SimpleData name="Place_ID">ChIJQ9HnvIHr3TsRHDqpIx65bow</SimpleData>
		<SimpleData name="Distance_m">1364</SimpleData>
	</SchemaData></ExtendedData>
      <Point><coordinates>73.7815796,20.0382168</coordinates></Point>
  </Placemark>
  <Placemark id="hospitals.519">
	<name>Varad Clinic</name>
	<ExtendedData><SchemaData schemaUrl="#hospitals">
		<SimpleData name="Category">medical_clinic</SimpleData>
		<SimpleData name="Address">Shop No 3, 2QXP+673, Swami Vivekananda Nagar, Makhmalabad, Nashik, Maharashtra 422003, India</SimpleData>
		<SimpleData name="Latitude">20.0481164</SimpleData>
		<SimpleData name="Longitude">73.7856526</SimpleData>
		<SimpleData name="Place_ID">ChIJBRr_DgDp3TsR4JZ1z386ey4</SimpleData>
		<SimpleData name="Distance_m">2430</SimpleData>
	</SchemaData></ExtendedData>
      <Point><coordinates>73.7856526,20.0481164</coordinates></Point>
  </Placemark>
  <Placemark id="hospitals.520">
	<name>Dr. Rathi's Ganesha Health Care</name>
	<ExtendedData><SchemaData schemaUrl="#hospitals">
		<SimpleData name="Category">medical_clinic</SimpleData>
		<SimpleData name="Address">Ekdant appt, near Maharashtra Gramin bank Irrigation colony, Ramkrishna Nagar, Makhmalabad, Nashik, Maharashtra 422003, India</SimpleData>
		<SimpleData name="Latitude">20.0457626</SimpleData>
		<SimpleData name="Longitude">73.7800297</SimpleData>
		<SimpleData name="Rating">5</SimpleData>
		<SimpleData name="Place_ID">ChIJn4f583Dr3TsRtDQOMWLEs9U</SimpleData>
		<SimpleData name="Distance_m">1875</SimpleData>
	</SchemaData></ExtendedData>
      <Point><coordinates>73.7800297,20.0457626</coordinates></Point>
  </Placemark>
  <Placemark id="hospitals.521">
	<name>Shree Swami Clinic</name>
	<ExtendedData><SchemaData schemaUrl="#hospitals">
		<SimpleData name="Category">medical_clinic</SimpleData>
		<SimpleData name="Address">Shop no.2, Dwarkadish apartment, road, opposite Gas godown, Shanti Nagar, Ashwamegh Nagar, Makhmalabad, Nashik, Maharashtra 422003, India</SimpleData>
		<SimpleData name="Latitude">20.0393389</SimpleData>
		<SimpleData name="Longitude">73.781514</SimpleData>
		<SimpleData name="Rating">5</SimpleData>
		<SimpleData name="Place_ID">ChIJLYJDrizr3TsRHnVflsdaP-k</SimpleData>
		<SimpleData name="Distance_m">1432</SimpleData>
	</SchemaData></ExtendedData>
      <Point><coordinates>73.781514,20.0393389</coordinates></Point>
  </Placemark>
  <Placemark id="hospitals.522">
	<name>Shree Swami Clinic Dr Aher</name>
	<ExtendedData><SchemaData schemaUrl="#hospitals">
		<SimpleData name="Category">medical_clinic</SimpleData>
		<SimpleData name="Address">Flat no 102, B wing,Prathamesh Park,Tambe Mala,Makhamalabad, Road, Ashwamegh Nagar, Panchavati, Nashik, Maharashtra 422003, India</SimpleData>
		<SimpleData name="Latitude">20.04029</SimpleData>
		<SimpleData name="Longitude">73.7825638</SimpleData>
		<SimpleData name="Rating">5</SimpleData>
		<SimpleData name="Place_ID">ChIJ0UiKQJLr3TsRVq9ogBRbe84</SimpleData>
		<SimpleData name="Distance_m">1584</SimpleData>
	</SchemaData></ExtendedData>
      <Point><coordinates>73.7825638,20.04029</coordinates></Point>
  </Placemark>
  <Placemark id="hospitals.523">
	<name>Dr. Bhavsar Clinic</name>
	<ExtendedData><SchemaData schemaUrl="#hospitals">
		<SimpleData name="Category">doctor</SimpleData>
		<SimpleData name="Address">8, Lam Rd, Devlali Gaon, Devlali, Nashik, Maharashtra 422101, India</SimpleData>
		<SimpleData name="Latitude">19.9444474</SimpleData>
		<SimpleData name="Longitude">73.8340943</SimpleData>
		<SimpleData name="Rating">5</SimpleData>
		<SimpleData name="Place_ID">ChIJmf6hs1uV3TsROOX3MPAu3S8</SimpleData>
		<SimpleData name="Distance_m">1585</SimpleData>
	</SchemaData></ExtendedData>
      <Point><coordinates>73.8340943,19.9444474</coordinates></Point>
  </Placemark>
  <Placemark id="hospitals.524">
	<name>Tamboli clinic</name>
	<ExtendedData><SchemaData schemaUrl="#hospitals">
		<SimpleData name="Category">doctor</SimpleData>
		<SimpleData name="Address">WRPM+GP9, Lam Rd, Vihitgaon, Nashik, Maharashtra 422401, India</SimpleData>
		<SimpleData name="Latitude">19.9362774</SimpleData>
		<SimpleData name="Longitude">73.8343521</SimpleData>
		<SimpleData name="Rating">4.9</SimpleData>
		<SimpleData name="Place_ID">ChIJkUSfi12V3TsRpXIi9kBFT3Y</SimpleData>
		<SimpleData name="Distance_m">857</SimpleData>
	</SchemaData></ExtendedData>
      <Point><coordinates>73.8343521,19.9362774</coordinates></Point>
  </Placemark>
  <Placemark id="hospitals.525">
	<name>Khadija Clinic</name>
	<ExtendedData><SchemaData schemaUrl="#hospitals">
		<SimpleData name="Category">doctor</SimpleData>
		<SimpleData name="Address">Shop No.1 Vehitgaon, Road, Nashik Road, Nashik, Maharashtra 422101, India</SimpleData>
		<SimpleData name="Latitude">19.9425662</SimpleData>
		<SimpleData name="Longitude">73.8357053</SimpleData>
		<SimpleData name="Rating">4.5</SimpleData>
		<SimpleData name="Place_ID">ChIJB5bws8qV3TsRNLUORvDj6Pg</SimpleData>
		<SimpleData name="Distance_m">1480</SimpleData>
	</SchemaData></ExtendedData>
      <Point><coordinates>73.8357053,19.9425662</coordinates></Point>
  </Placemark>
  <Placemark id="hospitals.526">
	<name>Balasaheb Thakare Hospital ??</name>
	<ExtendedData><SchemaData schemaUrl="#hospitals">
		<SimpleData name="Category">health</SimpleData>
		<SimpleData name="Address">Bitco Point, 211/1/109, Rajwada Nagar, Nashik Road, Sinnar, Nashik, Maharashtra 422101, India</SimpleData>
		<SimpleData name="Latitude">19.947991</SimpleData>
		<SimpleData name="Longitude">73.838103</SimpleData>
		<SimpleData name="Rating">3.6</SimpleData>
		<SimpleData name="Place_ID">ChIJnWnJdHaV3TsRBUB6LuCmtYU</SimpleData>
		<SimpleData name="Distance_m">2126</SimpleData>
	</SchemaData></ExtendedData>
      <Point><coordinates>73.838103,19.947991</coordinates></Point>
  </Placemark>
  <Placemark id="hospitals.527">
	<name>Jairam Hospital</name>
	<ExtendedData><SchemaData schemaUrl="#hospitals">
		<SimpleData name="Category">hospital</SimpleData>
		<SimpleData name="Address">Rajwada Nagar, Nashik Road, Nashik, Maharashtra 422101, India</SimpleData>
		<SimpleData name="Latitude">19.9507289</SimpleData>
		<SimpleData name="Longitude">73.8386745</SimpleData>
		<SimpleData name="Rating">4.5</SimpleData>
		<SimpleData name="Place_ID">ChIJaaJ5_laV3TsRlYEww7bsf0I</SimpleData>
		<SimpleData name="Distance_m">2422</SimpleData>
	</SchemaData></ExtendedData>
      <Point><coordinates>73.8386745,19.9507289</coordinates></Point>
  </Placemark>
  <Placemark id="hospitals.528">
	<name>NMC Hinduhruday Samrat Balasaheb Thakre Hospistal</name>
	<ExtendedData><SchemaData schemaUrl="#hospitals">
		<SimpleData name="Category">hospital</SimpleData>
		<SimpleData name="Address">WRXQ+589, Rajwada Nagar, Deolali Gaon, Nashik, Maharashtra 422101, India</SimpleData>
		<SimpleData name="Latitude">19.947924</SimpleData>
		<SimpleData name="Longitude">73.838347</SimpleData>
		<SimpleData name="Rating">3.6</SimpleData>
		<SimpleData name="Place_ID">ChIJe9bY11mV3TsRTr9YSuA0gu0</SimpleData>
		<SimpleData name="Distance_m">2132</SimpleData>
	</SchemaData></ExtendedData>
      <Point><coordinates>73.838347,19.947924</coordinates></Point>
  </Placemark>
  <Placemark id="hospitals.529">
	<name>BYTCO Hospital</name>
	<ExtendedData><SchemaData schemaUrl="#hospitals">
		<SimpleData name="Category">hospital</SimpleData>
		<SimpleData name="Address">near mukhti dham,BYCTO hospital, WRXQ+MF5, Rajwada Nagar, Deolali Gaon, Nashik, Maharashtra 422101, India</SimpleData>
		<SimpleData name="Latitude">19.9491333</SimpleData>
		<SimpleData name="Longitude">73.8387435</SimpleData>
		<SimpleData name="Rating">3.8</SimpleData>
		<SimpleData name="Place_ID">ChIJQQk3dFeV3TsRSeswWeGPHt0</SimpleData>
		<SimpleData name="Distance_m">2269</SimpleData>
	</SchemaData></ExtendedData>
      <Point><coordinates>73.8387435,19.9491333</coordinates></Point>
  </Placemark>
  <Placemark id="hospitals.530">
	<name>Nashik Road Multispeciality Hospital</name>
	<ExtendedData><SchemaData schemaUrl="#hospitals">
		<SimpleData name="Category">hospital</SimpleData>
		<SimpleData name="Address">WRXP+VP7, Rajwada Nagar, Deolali Gaon, Nashik, Maharashtra 422101, India</SimpleData>
		<SimpleData name="Latitude">19.9496553</SimpleData>
		<SimpleData name="Longitude">73.8367853</SimpleData>
		<SimpleData name="Rating">2.5</SimpleData>
		<SimpleData name="Place_ID">ChIJ_V3cIVeV3TsRm0Z4qL1lhaA</SimpleData>
		<SimpleData name="Distance_m">2228</SimpleData>
	</SchemaData></ExtendedData>
      <Point><coordinates>73.8367853,19.9496553</coordinates></Point>
  </Placemark>
  <Placemark id="hospitals.531">
	<name>Raddiant plus Hospital Nashik road</name>
	<ExtendedData><SchemaData schemaUrl="#hospitals">
		<SimpleData name="Category">hospital</SimpleData>
		<SimpleData name="Address">Star Plus Mall, Lam Rd, near Muktidham, opp. NMC divisional Office, Anand Nagar, Nashik Road, Nashik, Maharashtra 422101, India</SimpleData>
		<SimpleData name="Latitude">19.9496692</SimpleData>
		<SimpleData name="Longitude">73.8362996</SimpleData>
		<SimpleData name="Rating">4.6</SimpleData>
		<SimpleData name="Place_ID">ChIJKR-VhVqV3TsRBGw99orbTKM</SimpleData>
		<SimpleData name="Distance_m">2209</SimpleData>
	</SchemaData></ExtendedData>
      <Point><coordinates>73.8362996,19.9496692</coordinates></Point>
  </Placemark>
  <Placemark id="hospitals.532">
	<name>Dr. Patole</name>
	<ExtendedData><SchemaData schemaUrl="#hospitals">
		<SimpleData name="Category">hospital</SimpleData>
		<SimpleData name="Address">Nashikroad Star Plus building, opposite Durga garden, Anand Nagar, Nashik Road, Nashik, Maharashtra 422101, India</SimpleData>
		<SimpleData name="Latitude">19.9497022</SimpleData>
		<SimpleData name="Longitude">73.8367845</SimpleData>
		<SimpleData name="Rating">4.8</SimpleData>
		<SimpleData name="Place_ID">ChIJwyS2c6jq3TsRCbpfnQK_43E</SimpleData>
		<SimpleData name="Distance_m">2233</SimpleData>
	</SchemaData></ExtendedData>
      <Point><coordinates>73.8367845,19.9497022</coordinates></Point>
  </Placemark>
  <Placemark id="hospitals.533">
	<name>Assured Care Plus Hospital</name>
	<ExtendedData><SchemaData schemaUrl="#hospitals">
		<SimpleData name="Category">hospital</SimpleData>
		<SimpleData name="Address">5 th Floor Star Plus Complex, Mahatma Gandhi Rd, near Muktidham Temple, Anand Nagar, Nashik Road, Nashik, Maharashtra 422101, India</SimpleData>
		<SimpleData name="Latitude">19.949796</SimpleData>
		<SimpleData name="Longitude">73.8369089</SimpleData>
		<SimpleData name="Rating">4.8</SimpleData>
		<SimpleData name="Place_ID">ChIJl8mRFFeV3TsR5Vihgf8fgVU</SimpleData>
		<SimpleData name="Distance_m">2248</SimpleData>
	</SchemaData></ExtendedData>
      <Point><coordinates>73.8369089,19.949796</coordinates></Point>
  </Placemark>
  <Placemark id="hospitals.534">
	<name>SS Max Care Hospital</name>
	<ExtendedData><SchemaData schemaUrl="#hospitals">
		<SimpleData name="Category">hospital</SimpleData>
		<SimpleData name="Address">Mahatma Gandhi Rd, opp. Mhasoba Maharaj Mandir, Road, Deolali Gaon, Nashik, Maharashtra 422101, India</SimpleData>
		<SimpleData name="Latitude">19.9444837</SimpleData>
		<SimpleData name="Longitude">73.835897</SimpleData>
		<SimpleData name="Rating">5</SimpleData>
		<SimpleData name="Place_ID">ChIJCcxmoCCV3TsRaJWB4wG7xJs</SimpleData>
		<SimpleData name="Distance_m">1673</SimpleData>
	</SchemaData></ExtendedData>
      <Point><coordinates>73.835897,19.9444837</coordinates></Point>
  </Placemark>
  <Placemark id="hospitals.535">
	<name>TRUECARE Multispesiality Hospital</name>
	<ExtendedData><SchemaData schemaUrl="#hospitals">
		<SimpleData name="Category">hospital</SimpleData>
		<SimpleData name="Address">WRVP+WF8, NH 160, Rajwada Nagar, Deolali Gaon, Nashik, Maharashtra 422101, India</SimpleData>
		<SimpleData name="Latitude">19.9447799</SimpleData>
		<SimpleData name="Longitude">73.8362154</SimpleData>
		<SimpleData name="Rating">4.7</SimpleData>
		<SimpleData name="Place_ID">ChIJM4QrVhuV3TsRgUVXqksX6pY</SimpleData>
		<SimpleData name="Distance_m">1718</SimpleData>
	</SchemaData></ExtendedData>
      <Point><coordinates>73.8362154,19.9447799</coordinates></Point>
  </Placemark>
  <Placemark id="hospitals.536">
	<name>Matoshree Hospital</name>
	<ExtendedData><SchemaData schemaUrl="#hospitals">
		<SimpleData name="Category">hospital</SimpleData>
		<SimpleData name="Address">Nashik - Pune Hwy, Near Bytco Hospital, Rajwada Nagar, Nashik Road, Nashik, Maharashtra 422101, India</SimpleData>
		<SimpleData name="Latitude">19.9504216</SimpleData>
		<SimpleData name="Longitude">73.8382158</SimpleData>
		<SimpleData name="Rating">4.2</SimpleData>
		<SimpleData name="Place_ID">ChIJxzRdWFaV3TsR1sBCVMyYJfU</SimpleData>
		<SimpleData name="Distance_m">2369</SimpleData>
	</SchemaData></ExtendedData>
      <Point><coordinates>73.8382158,19.9504216</coordinates></Point>
  </Placemark>
  <Placemark id="hospitals.537">
	<name>Shree Sankalp Hospital</name>
	<ExtendedData><SchemaData schemaUrl="#hospitals">
		<SimpleData name="Category">hospital</SimpleData>
		<SimpleData name="Address">3rd floor, Hari Bhakti Apartment, Artillery Centre Rd, near Jain Mandir, Aute Nagar, Gandhi Nagar Airport Area, Deolali Gaon, Nashik, Maharashtra 422101, India</SimpleData>
		<SimpleData name="Latitude">19.9476813</SimpleData>
		<SimpleData name="Longitude">73.8343796</SimpleData>
		<SimpleData name="Rating">4.3</SimpleData>
		<SimpleData name="Place_ID">ChIJadJ5s2WV3TsRzv2da7xIrSA</SimpleData>
		<SimpleData name="Distance_m">1929</SimpleData>
	</SchemaData></ExtendedData>
      <Point><coordinates>73.8343796,19.9476813</coordinates></Point>
  </Placemark>
  <Placemark id="hospitals.538">
	<name>Divya Jyot Hospital</name>
	<ExtendedData><SchemaData schemaUrl="#hospitals">
		<SimpleData name="Category">hospital</SimpleData>
		<SimpleData name="Address">SH27, Anand Nagar, Nashik Road, Nashik, Maharashtra 422214, India</SimpleData>
		<SimpleData name="Latitude">19.947646</SimpleData>
		<SimpleData name="Longitude">73.8343273</SimpleData>
		<SimpleData name="Rating">4.3</SimpleData>
		<SimpleData name="Place_ID">ChIJPY4dJVeV3TsRR6NYEVrL_pU</SimpleData>
		<SimpleData name="Distance_m">1924</SimpleData>
	</SchemaData></ExtendedData>
      <Point><coordinates>73.8343273,19.947646</coordinates></Point>
  </Placemark>
  <Placemark id="hospitals.539">
	<name>Jeevanjyot Hospital</name>
	<ExtendedData><SchemaData schemaUrl="#hospitals">
		<SimpleData name="Category">hospital</SimpleData>
		<SimpleData name="Address">4th floor, star plus mall, opposite Durga garden, near Muktidham, Anand Nagar, Nashik Road, Nashik, Maharashtra 422101, India</SimpleData>
		<SimpleData name="Latitude">19.9497196</SimpleData>
		<SimpleData name="Longitude">73.8363815</SimpleData>
		<SimpleData name="Rating">4.8</SimpleData>
		<SimpleData name="Place_ID">ChIJ9bmJzuGV3TsRKwaSlN8PasE</SimpleData>
		<SimpleData name="Distance_m">2217</SimpleData>
	</SchemaData></ExtendedData>
      <Point><coordinates>73.8363815,19.9497196</coordinates></Point>
  </Placemark>
  <Placemark id="hospitals.540">
	<name>DR.Patil Maternity &amp; Nursing Home</name>
	<ExtendedData><SchemaData schemaUrl="#hospitals">
		<SimpleData name="Category">hospital</SimpleData>
		<SimpleData name="Address">208, 3rd Floor Star Plus Complex, opp. NMC Office (Durga Garden, Anand Nagar, Nashik Road, Nashik, Maharashtra 422101, India</SimpleData>
		<SimpleData name="Latitude">19.9495041</SimpleData>
		<SimpleData name="Longitude">73.8366527</SimpleData>
		<SimpleData name="Rating">4.8</SimpleData>
		<SimpleData name="Place_ID">ChIJ6dZKC5KV3TsRMKVXdGDPS8M</SimpleData>
		<SimpleData name="Distance_m">2207</SimpleData>
	</SchemaData></ExtendedData>
      <Point><coordinates>73.8366527,19.9495041</coordinates></Point>
  </Placemark>
  <Placemark id="hospitals.541">
	<name>Anand Nursing &amp; Maternity Home - Best Maternity Hospital in Nashik | Normal Delivery | Baby Delivery Hospital</name>
	<ExtendedData><SchemaData schemaUrl="#hospitals">
		<SimpleData name="Category">hospital</SimpleData>
		<SimpleData name="Address">Shop.no.24, Star Plus Complex, opp. Durga Mata Mandir, Anand Nagar, Nashik Road, Nashik, Maharashtra 422101, India</SimpleData>
		<SimpleData name="Latitude">19.949857</SimpleData>
		<SimpleData name="Longitude">73.836513</SimpleData>
		<SimpleData name="Rating">4.2</SimpleData>
		<SimpleData name="Place_ID">ChIJH8LGMVeV3TsRQlSICV2kFaQ</SimpleData>
		<SimpleData name="Distance_m">2237</SimpleData>
	</SchemaData></ExtendedData>
      <Point><coordinates>73.836513,19.949857</coordinates></Point>
  </Placemark>
  <Placemark id="hospitals.542">
	<name>Gurukrupa Hospital</name>
	<ExtendedData><SchemaData schemaUrl="#hospitals">
		<SimpleData name="Category">hospital</SimpleData>
		<SimpleData name="Address">Fifth Floor, Star Plus Complex, opp. Durga Garden, Anand Nagar, Nashik Road, Nashik, Maharashtra 422101, India</SimpleData>
		<SimpleData name="Latitude">19.949727</SimpleData>
		<SimpleData name="Longitude">73.8367832</SimpleData>
		<SimpleData name="Rating">4.2</SimpleData>
		<SimpleData name="Place_ID">ChIJa9sPPgCV3TsR3tIaEnwdp3E</SimpleData>
		<SimpleData name="Distance_m">2952</SimpleData>
	</SchemaData></ExtendedData>
      <Point><coordinates>73.8367832,19.949727</coordinates></Point>
  </Placemark>
  <Placemark id="hospitals.543">
	<name>Anand Clinic</name>
	<ExtendedData><SchemaData schemaUrl="#hospitals">
		<SimpleData name="Category">medical_clinic</SimpleData>
		<SimpleData name="Address">Artillery Centre Rd, Aute Nagar, Gandhi Nagar Airport Area, Nashik Road, Nashik, Maharashtra 422102, India</SimpleData>
		<SimpleData name="Latitude">19.9473942</SimpleData>
		<SimpleData name="Longitude">73.8260811</SimpleData>
		<SimpleData name="Rating">5</SimpleData>
		<SimpleData name="Place_ID">ChIJw4TmZU-V3TsRtLS7mtOfmU4</SimpleData>
		<SimpleData name="Distance_m">1790</SimpleData>
	</SchemaData></ExtendedData>
      <Point><coordinates>73.8260811,19.9473942</coordinates></Point>
  </Placemark>
  <Placemark id="hospitals.544">
	<name>DR PRAMOD GOVINDRAO PATIL NASHIK ROAD CLINIC</name>
	<ExtendedData><SchemaData schemaUrl="#hospitals">
		<SimpleData name="Category">medical_clinic</SimpleData>
		<SimpleData name="Address">WRWH+J7G, Hariom Nagar, Deolali Gaon, Nashik, Maharashtra 422102, India</SimpleData>
		<SimpleData name="Latitude">19.9465618</SimpleData>
		<SimpleData name="Longitude">73.8282155</SimpleData>
		<SimpleData name="Rating">3.3</SimpleData>
		<SimpleData name="Place_ID">ChIJYXQUZEWV3TsRVMDs73BQwHs</SimpleData>
		<SimpleData name="Distance_m">1686</SimpleData>
	</SchemaData></ExtendedData>
      <Point><coordinates>73.8282155,19.9465618</coordinates></Point>
  </Placemark>
  <Placemark id="hospitals.545">
	<name>Shivashish Women's Hospital. Dr.Sivanandini Acharya and Dr.Ashish waje</name>
	<ExtendedData><SchemaData schemaUrl="#hospitals">
		<SimpleData name="Category">medical_clinic</SimpleData>
		<SimpleData name="Address">1st and 2nd floor, Artillery Centre Rd, above RAPS Diagnostic centre, near Jain Temple, Anand Nagar, Nashik Road, Nashik, Maharashtra 422101, India</SimpleData>
		<SimpleData name="Latitude">19.947595</SimpleData>
		<SimpleData name="Longitude">73.834213</SimpleData>
		<SimpleData name="Rating">4.8</SimpleData>
		<SimpleData name="Place_ID">ChIJ3_XRYpCV3TsRthprppS936c</SimpleData>
		<SimpleData name="Distance_m">1914</SimpleData>
	</SchemaData></ExtendedData>
      <Point><coordinates>73.834213,19.947595</coordinates></Point>
  </Placemark>
  <Placemark id="hospitals.546">
	<name>Radha Keshav Charitable Trust- Home For Elders</name>
	<ExtendedData><SchemaData schemaUrl="#hospitals">
		<SimpleData name="Category">health</SimpleData>
		<SimpleData name="Address">14-17, Anand Darshan Nagar, Near Octroi Naka No. 6,, Kothule Mala, Belatgavhan, Maharashtra 422501, India</SimpleData>
		<SimpleData name="Latitude">19.9284574</SimpleData>
		<SimpleData name="Longitude">73.8369109</SimpleData>
		<SimpleData name="Rating">3.5</SimpleData>
		<SimpleData name="Place_ID">ChIJj6pgkGOV3TsRhNnMh-_29ok</SimpleData>
		<SimpleData name="Distance_m">987</SimpleData>
	</SchemaData></ExtendedData>
      <Point><coordinates>73.8369109,19.9284574</coordinates></Point>
  </Placemark>
  <Placemark id="hospitals.547">
	<name>SARVADNYA CLINIC</name>
	<ExtendedData><SchemaData schemaUrl="#hospitals">
		<SimpleData name="Category">doctor</SimpleData>
		<SimpleData name="Address">Shop No 10, Saptashrungi Charan Appt, near Ekta Green Vally, Shivar, Pathardi Phata, Nashik, Maharashtra 422010, India</SimpleData>
		<SimpleData name="Latitude">19.942974</SimpleData>
		<SimpleData name="Longitude">73.7568289</SimpleData>
		<SimpleData name="Rating">4.8</SimpleData>
		<SimpleData name="Place_ID">ChIJ_8RP2sKV3TsRCrU77ISGjB4</SimpleData>
		<SimpleData name="Distance_m">2876</SimpleData>
	</SchemaData></ExtendedData>
      <Point><coordinates>73.7568289,19.942974</coordinates></Point>
  </Placemark>
  <Placemark id="hospitals.548">
	<name>TULJAI CLINIC</name>
	<ExtendedData><SchemaData schemaUrl="#hospitals">
		<SimpleData name="Category">doctor</SimpleData>
		<SimpleData name="Address">Shop No 5 Kamdhenu Pride, khanderao Nagar, near Hari Vishwa, Shivar, Pathardi Phata, Nashik, Maharashtra 422010, India</SimpleData>
		<SimpleData name="Latitude">19.9481303</SimpleData>
		<SimpleData name="Longitude">73.75464</SimpleData>
		<SimpleData name="Rating">5</SimpleData>
		<SimpleData name="Place_ID">ChIJk5_hwaSV3TsRGmhyJEsPCWg</SimpleData>
		<SimpleData name="Distance_m">2640</SimpleData>
	</SchemaData></ExtendedData>
      <Point><coordinates>73.75464,19.9481303</coordinates></Point>
  </Placemark>
  <Placemark id="hospitals.549">
	<name>Dr Pandey's Prisha Poly Health Clinic</name>
	<ExtendedData><SchemaData schemaUrl="#hospitals">
		<SimpleData name="Category">doctor</SimpleData>
		<SimpleData name="Address">Balaji Park, Shop No. 3, Survey No. 237-4, 5, near Poddar (School, Pathardi Gaon, Pathardi Phata, Nashik, Maharashtra 422010, India</SimpleData>
		<SimpleData name="Latitude">19.9409627</SimpleData>
		<SimpleData name="Longitude">73.7580909</SimpleData>
		<SimpleData name="Rating">5</SimpleData>
		<SimpleData name="Place_ID">ChIJfeIwQpKV3TsRzwcvwFq31lg</SimpleData>
		<SimpleData name="Distance_m">2973</SimpleData>
	</SchemaData></ExtendedData>
      <Point><coordinates>73.7580909,19.9409627</coordinates></Point>
  </Placemark>
  <Placemark id="hospitals.550">
	<name>Varad Wellness Clinic</name>
	<ExtendedData><SchemaData schemaUrl="#hospitals">
		<SimpleData name="Category">doctor</SimpleData>
		<SimpleData name="Address">Shop No 2, Ballaleshwar Apartment, Near, GD Sawant College Rd, Narhari Nagar, Damodar Nagar, Pathardi Phata, Nashik, Maharashtra 422010, India</SimpleData>
		<SimpleData name="Latitude">19.9493015</SimpleData>
		<SimpleData name="Longitude">73.7693354</SimpleData>
		<SimpleData name="Rating">4</SimpleData>
		<SimpleData name="Place_ID">ChIJRc19YtiV3TsR5-9xh84LpjM</SimpleData>
		<SimpleData name="Distance_m">1595</SimpleData>
	</SchemaData></ExtendedData>
      <Point><coordinates>73.7693354,19.9493015</coordinates></Point>
  </Placemark>
  <Placemark id="hospitals.551">
	<name>Akanksha Clinic</name>
	<ExtendedData><SchemaData schemaUrl="#hospitals">
		<SimpleData name="Category">doctor</SimpleData>
		<SimpleData name="Address">Matoshree sankul, near Harshvardhan medical medical, Ambad Khrud, MIDC Ambad, Nashik, Maharashtra 422009, India</SimpleData>
		<SimpleData name="Latitude">19.9609487</SimpleData>
		<SimpleData name="Longitude">73.7449257</SimpleData>
		<SimpleData name="Rating">5</SimpleData>
		<SimpleData name="Place_ID">ChIJJ6UVYKjs3TsRxZs2wkP4dbI</SimpleData>
		<SimpleData name="Distance_m">1301</SimpleData>
	</SchemaData></ExtendedData>
      <Point><coordinates>73.7449257,19.9609487</coordinates></Point>
  </Placemark>
  <Placemark id="hospitals.552">
	<name>Nisarg Care Center</name>
	<ExtendedData><SchemaData schemaUrl="#hospitals">
		<SimpleData name="Category">health</SimpleData>
		<SimpleData name="Address">S.No. 288 /1A, Plot No. 28, Backside of Aangan Hotel, behind Sumanchandra Town, near Pandavleni, Buddha Vihar, Pathardi Phata, Nashik, Maharashtra 422010, India</SimpleData>
		<SimpleData name="Latitude">19.9473064</SimpleData>
		<SimpleData name="Longitude">73.7512731</SimpleData>
		<SimpleData name="Rating">4.7</SimpleData>
		<SimpleData name="Place_ID">ChIJn6FTKbWU3TsRP4izsXYAdPg</SimpleData>
		<SimpleData name="Distance_m">2977</SimpleData>
	</SchemaData></ExtendedData>
      <Point><coordinates>73.7512731,19.9473064</coordinates></Point>
  </Placemark>
  <Placemark id="hospitals.553">
	<name>Old age home. Manavseva Care Center</name>
	<ExtendedData><SchemaData schemaUrl="#hospitals">
		<SimpleData name="Category">health</SimpleData>
		<SimpleData name="Address">Plot No: 8, Survey No: 327/1/1, Nisarg Colony, Pathardi Shivar, Damodar Nagar, Pathardi Phata, Nashik, Maharashtra 422010, India</SimpleData>
		<SimpleData name="Latitude">19.9479372</SimpleData>
		<SimpleData name="Longitude">73.7696682</SimpleData>
		<SimpleData name="Rating">4.4</SimpleData>
		<SimpleData name="Place_ID">ChIJj2KSqZvs3TsRyR43U1GPKyY</SimpleData>
		<SimpleData name="Distance_m">1728</SimpleData>
	</SchemaData></ExtendedData>
      <Point><coordinates>73.7696682,19.9479372</coordinates></Point>
  </Placemark>
  <Placemark id="hospitals.554">
	<name>Niramay Care Centre</name>
	<ExtendedData><SchemaData schemaUrl="#hospitals">
		<SimpleData name="Category">health</SimpleData>
		<SimpleData name="Address">Sharyu Nagar, Pathardi Phata, Nashik, Maharashtra 422009, India</SimpleData>
		<SimpleData name="Latitude">19.9535302</SimpleData>
		<SimpleData name="Longitude">73.7815861</SimpleData>
		<SimpleData name="Rating">4.9</SimpleData>
		<SimpleData name="Place_ID">ChIJzd1kPjXr3TsRC80q4M8uNlg</SimpleData>
		<SimpleData name="Distance_m">1269</SimpleData>
	</SchemaData></ExtendedData>
      <Point><coordinates>73.7815861,19.9535302</coordinates></Point>
  </Placemark>
  <Placemark id="hospitals.555">
	<name>Renuka Clinic And Nursing Home</name>
	<ExtendedData><SchemaData schemaUrl="#hospitals">
		<SimpleData name="Category">health</SimpleData>
		<SimpleData name="Address">XQ29+8Q5, Narhari Nagar, Wasan Nagar, Pathardi Phata, Nashik, Maharashtra 422010, India</SimpleData>
		<SimpleData name="Latitude">19.950758</SimpleData>
		<SimpleData name="Longitude">73.76948</SimpleData>
		<SimpleData name="Rating">3.8</SimpleData>
		<SimpleData name="Place_ID">ChIJ_970DrWU3TsRfHegngMSTIw</SimpleData>
		<SimpleData name="Distance_m">1438</SimpleData>
	</SchemaData></ExtendedData>
      <Point><coordinates>73.76948,19.950758</coordinates></Point>
  </Placemark>
  <Placemark id="hospitals.556">
	<name>LAMBODHAR HEIGHTS APARTMENT</name>
	<ExtendedData><SchemaData schemaUrl="#hospitals">
		<SimpleData name="Category">health</SimpleData>
		<SimpleData name="Address">Murlidhar Nagar Rd, Murlidhar Vyas Colony, Damodar Nagar, Pathardi Phata, Nashik, Maharashtra 422010, India</SimpleData>
		<SimpleData name="Latitude">19.9528711</SimpleData>
		<SimpleData name="Longitude">73.7613818</SimpleData>
		<SimpleData name="Rating">5</SimpleData>
		<SimpleData name="Place_ID">ChIJ-aTbRHmV3TsREilZsL-ZztI</SimpleData>
		<SimpleData name="Distance_m">1760</SimpleData>
	</SchemaData></ExtendedData>
      <Point><coordinates>73.7613818,19.9528711</coordinates></Point>
  </Placemark>
  <Placemark id="hospitals.557">
	<name>Ganga foundation Ganga Cear Center</name>
	<ExtendedData><SchemaData schemaUrl="#hospitals">
		<SimpleData name="Category">health</SimpleData>
		<SimpleData name="Address">SBI BANK GANGA FOUNDATION, Sambhaji Stadium Rd, Pathardi Phata, Nashik, Maharashtra 422010, India</SimpleData>
		<SimpleData name="Latitude">19.9611682</SimpleData>
		<SimpleData name="Longitude">73.7588638</SimpleData>
		<SimpleData name="Rating">4.6</SimpleData>
		<SimpleData name="Place_ID">ChIJTZkkswWV3TsRR0f6V2pnHQs</SimpleData>
		<SimpleData name="Distance_m">1644</SimpleData>
	</SchemaData></ExtendedData>
      <Point><coordinates>73.7588638,19.9611682</coordinates></Point>
  </Placemark>
  <Placemark id="hospitals.558">
	<name>Maya Foundation Old Age &amp; Nursing Home</name>
	<ExtendedData><SchemaData schemaUrl="#hospitals">
		<SimpleData name="Category">health</SimpleData>
		<SimpleData name="Address">S.No. 288 /1A, Plot No. 28, Backside of Aangan Hotel, behind Sumanchandra Town, near Pandavleni, Buddha Vihar, Pathardi Phata, Nashik, Maharashtra 422010, India</SimpleData>
		<SimpleData name="Latitude">19.9471847</SimpleData>
		<SimpleData name="Longitude">73.7513016</SimpleData>
		<SimpleData name="Rating">2.5</SimpleData>
		<SimpleData name="Place_ID">ChIJ--Jlcx-V3TsRP3vGANLLMAk</SimpleData>
		<SimpleData name="Distance_m">2982</SimpleData>
	</SchemaData></ExtendedData>
      <Point><coordinates>73.7513016,19.9471847</coordinates></Point>
  </Placemark>
  <Placemark id="hospitals.559">
	<name>Vatsalya Clinic</name>
	<ExtendedData><SchemaData schemaUrl="#hospitals">
		<SimpleData name="Category">health</SimpleData>
		<SimpleData name="Address">1, Shanti Kunj, Pathardi Rd, Mauli Nagari, Wasan Nagar, Pathardi Phata, Nashik, Maharashtra 422009, India</SimpleData>
		<SimpleData name="Latitude">19.9568208</SimpleData>
		<SimpleData name="Longitude">73.7652957</SimpleData>
		<SimpleData name="Rating">4</SimpleData>
		<SimpleData name="Place_ID">ChIJS9kPdUzr3TsR5nfVzfMzNws</SimpleData>
		<SimpleData name="Distance_m">1169</SimpleData>
	</SchemaData></ExtendedData>
      <Point><coordinates>73.7652957,19.9568208</coordinates></Point>
  </Placemark>
  <Placemark id="hospitals.560">
	<name>DR.TEJASHRI � SUREKHA MULTISPECIALITY CLINIC</name>
	<ExtendedData><SchemaData schemaUrl="#hospitals">
		<SimpleData name="Category">health</SimpleData>
		<SimpleData name="Address">Narhari Nagar, Prashant Nagar, Pathardi Phata, Nashik, Maharashtra 422010, India</SimpleData>
		<SimpleData name="Latitude">19.9496815</SimpleData>
		<SimpleData name="Longitude">73.7645757</SimpleData>
		<SimpleData name="Rating">5</SimpleData>
		<SimpleData name="Place_ID">ChIJjwNTWmCV3TsR2UrDOKKEJAY</SimpleData>
		<SimpleData name="Distance_m">1790</SimpleData>
	</SchemaData></ExtendedData>
      <Point><coordinates>73.7645757,19.9496815</coordinates></Point>
  </Placemark>
  <Placemark id="hospitals.561">
	<name>Karunya Care Centre</name>
	<ExtendedData><SchemaData schemaUrl="#hospitals">
		<SimpleData name="Category">health</SimpleData>
		<SimpleData name="Address">Suman Chandra Suites, behind Hotel, Buddha Vihar, Pathardi Phata, Nashik, Maharashtra 422010, India</SimpleData>
		<SimpleData name="Latitude">19.9468096</SimpleData>
		<SimpleData name="Longitude">73.7490632</SimpleData>
		<SimpleData name="Rating">4.8</SimpleData>
		<SimpleData name="Place_ID">ChIJAdXcGBHr3TsRy-M2PNE5XkA</SimpleData>
		<SimpleData name="Distance_m">2792</SimpleData>
	</SchemaData></ExtendedData>
      <Point><coordinates>73.7490632,19.9468096</coordinates></Point>
  </Placemark>
  <Placemark id="hospitals.562">
	<name>DR PATIL MATERNITY HOME AND CHILDREN HOSPITAL | Dr. Prakalp Patil | Dr. Veena Patil</name>
	<ExtendedData><SchemaData schemaUrl="#hospitals">
		<SimpleData name="Category">health</SimpleData>
		<SimpleData name="Address">Plot No 8 , KA-1, Kartik Sector ,Near Ambad Police Station, Ashwin nagar, Sambhaji Stadium Rd, Cidco, Nashik, Maharashtra 422009, India</SimpleData>
		<SimpleData name="Latitude">19.9638171</SimpleData>
		<SimpleData name="Longitude">73.7610549</SimpleData>
		<SimpleData name="Rating">4</SimpleData>
		<SimpleData name="Place_ID">ChIJbWec8U_r3TsRn_VeL-okf7w</SimpleData>
		<SimpleData name="Distance_m">577</SimpleData>
	</SchemaData></ExtendedData>
      <Point><coordinates>73.7610549,19.9638171</coordinates></Point>
  </Placemark>
  <Placemark id="hospitals.563">
	<name>Vakratunda Hospital &amp; Research Institute</name>
	<ExtendedData><SchemaData schemaUrl="#hospitals">
		<SimpleData name="Category">hospital</SimpleData>
		<SimpleData name="Address">Survey No. 318, The Wellness Square, 1/3, Pathardi Rd, Dnyaneshwar Nagar, Pathardi Phata, Nashik, Maharashtra 422010, India</SimpleData>
		<SimpleData name="Latitude">19.9558085</SimpleData>
		<SimpleData name="Longitude">73.7618815</SimpleData>
		<SimpleData name="Rating">4.9</SimpleData>
		<SimpleData name="Place_ID">ChIJEyiAGJnr3TsRNqbM1_3R2Lg</SimpleData>
		<SimpleData name="Distance_m">1531</SimpleData>
	</SchemaData></ExtendedData>
      <Point><coordinates>73.7618815,19.9558085</coordinates></Point>
  </Placemark>
  <Placemark id="hospitals.564">
	<name>Signus Hospital</name>
	<ExtendedData><SchemaData schemaUrl="#hospitals">
		<SimpleData name="Category">hospital</SimpleData>
		<SimpleData name="Address">road, Gaon, near Atul dairy, Wasan Nagar, Pathardi Phata, Nashik, Maharashtra 422009, India</SimpleData>
		<SimpleData name="Latitude">19.9539327</SimpleData>
		<SimpleData name="Longitude">73.7666682</SimpleData>
		<SimpleData name="Rating">3.6</SimpleData>
		<SimpleData name="Place_ID">ChIJF22QL8Tr3TsR0gXfbomhH1M</SimpleData>
		<SimpleData name="Distance_m">1281</SimpleData>
	</SchemaData></ExtendedData>
      <Point><coordinates>73.7666682,19.9539327</coordinates></Point>
  </Placemark>
  <Placemark id="hospitals.565">
	<name>PLATINUM HOSPITAL</name>
	<ExtendedData><SchemaData schemaUrl="#hospitals">
		<SimpleData name="Category">hospital</SimpleData>
		<SimpleData name="Address">Dnyaneshwar Nagar Rd, Chowk, Pathardi Phata, Nashik, Maharashtra 422010, India</SimpleData>
		<SimpleData name="Latitude">19.9516527</SimpleData>
		<SimpleData name="Longitude">73.7689491</SimpleData>
		<SimpleData name="Rating">4.9</SimpleData>
		<SimpleData name="Place_ID">ChIJKwhILJiV3TsRxHdVmDc328s</SimpleData>
		<SimpleData name="Distance_m">1369</SimpleData>
	</SchemaData></ExtendedData>
      <Point><coordinates>73.7689491,19.9516527</coordinates></Point>
  </Placemark>
  <Placemark id="hospitals.566">
	<name>Vakratunda Hospital Private Limited</name>
	<ExtendedData><SchemaData schemaUrl="#hospitals">
		<SimpleData name="Category">hospital</SimpleData>
		<SimpleData name="Address">RAGHUKUL SANKUL( SALES TAX OFFICE ROAD), BEHIND HOTEL BANDHURAJ( MUMBAI AGRA HIGHWAY), PATHARDI PHATA,, Nawale Nagar, Prashant Nagar, Pathardi Phata, Nashik, Maharashtra 422010, India</SimpleData>
		<SimpleData name="Latitude">19.9551478</SimpleData>
		<SimpleData name="Longitude">73.7576062</SimpleData>
		<SimpleData name="Rating">4.3</SimpleData>
		<SimpleData name="Place_ID">ChIJURvXW1Lr3TsRPnWgKBfxnRY</SimpleData>
		<SimpleData name="Distance_m">1960</SimpleData>
	</SchemaData></ExtendedData>
      <Point><coordinates>73.7576062,19.9551478</coordinates></Point>
  </Placemark>
  <Placemark id="hospitals.567">
	<name>Shri Saisiddhi Hospital - Multispeciality Hospital in Pathardi Phata Nashik | Critical, Trauma Care | Best Family Physician</name>
	<ExtendedData><SchemaData schemaUrl="#hospitals">
		<SimpleData name="Category">hospital</SimpleData>
		<SimpleData name="Address">Unit 1+2, Saisiddhi Building, near GST office, Anand Nagar, Girdhar Nagar, Prashant Nagar, Pathardi Phata, Nashik, Maharashtra 422010, India</SimpleData>
		<SimpleData name="Latitude">19.9498412</SimpleData>
		<SimpleData name="Longitude">73.7594652</SimpleData>
		<SimpleData name="Rating">3.9</SimpleData>
		<SimpleData name="Place_ID">ChIJs_yZ2ZeV3TsR5Xo_ISCF2rY</SimpleData>
		<SimpleData name="Distance_m">2132</SimpleData>
	</SchemaData></ExtendedData>
      <Point><coordinates>73.7594652,19.9498412</coordinates></Point>
  </Placemark>
  <Placemark id="hospitals.568">
	<name>Saptashrungi Hospital</name>
	<ExtendedData><SchemaData schemaUrl="#hospitals">
		<SimpleData name="Category">hospital</SimpleData>
		<SimpleData name="Address">Shivalik Shine, Floor No. 4/5, Saptashrungi Hospital, Deolali Rd, Dnyaneshwar Nagar, Pathardi Phata, Nashik, Maharashtra 422009, India</SimpleData>
		<SimpleData name="Latitude">19.9542948</SimpleData>
		<SimpleData name="Longitude">73.7659628</SimpleData>
		<SimpleData name="Rating">4.9</SimpleData>
		<SimpleData name="Place_ID">ChIJW0o8Vkzr3TsRrFMLhMwhma4</SimpleData>
		<SimpleData name="Distance_m">1300</SimpleData>
	</SchemaData></ExtendedData>
      <Point><coordinates>73.7659628,19.9542948</coordinates></Point>
  </Placemark>
  <Placemark id="hospitals.569">
	<name>Unicorns Hospitals � Gynecologist &amp; Orthopedic Specialist | Ophthalmologist | Diabetologist in Pathardi Phata, Nashik</name>
	<ExtendedData><SchemaData schemaUrl="#hospitals">
		<SimpleData name="Category">hospital</SimpleData>
		<SimpleData name="Address">B Building, 3rd Floor, Karma Avenue, Vadner Road, above FirstCry, Dnyaneshwar Nagar, Pathardi Phata, Branch, Nashik, Maharashtra 422010, India</SimpleData>
		<SimpleData name="Latitude">19.9478001</SimpleData>
		<SimpleData name="Longitude">73.772003</SimpleData>
		<SimpleData name="Rating">5</SimpleData>
		<SimpleData name="Place_ID">ChIJ63VHe4aV3TsRpV6zOIuFnmM</SimpleData>
		<SimpleData name="Distance_m">1688</SimpleData>
	</SchemaData></ExtendedData>
      <Point><coordinates>73.772003,19.9478001</coordinates></Point>
  </Placemark>
  <Placemark id="hospitals.570">
	<name>Bharati Multi Specialty And Critical Care Hospital</name>
	<ExtendedData><SchemaData schemaUrl="#hospitals">
		<SimpleData name="Category">hospital</SimpleData>
		<SimpleData name="Address">Devlali, Pathardi Rd, Wasan Nagar, Pathardi Phata, Nashik, Maharashtra 422010, India</SimpleData>
		<SimpleData name="Latitude">19.9520036</SimpleData>
		<SimpleData name="Longitude">73.7680611</SimpleData>
		<SimpleData name="Rating">3.9</SimpleData>
		<SimpleData name="Place_ID">ChIJYZDyvl2V3TsRpa2OoJR1-HU</SimpleData>
		<SimpleData name="Distance_m">1376</SimpleData>
	</SchemaData></ExtendedData>
      <Point><coordinates>73.7680611,19.9520036</coordinates></Point>
  </Placemark>
  <Placemark id="hospitals.571">
	<name>Samarth Hospital</name>
	<ExtendedData><SchemaData schemaUrl="#hospitals">
		<SimpleData name="Category">hospital</SimpleData>
		<SimpleData name="Address">XQ45+9VR, Prashant Nagar, Pathardi Phata, Nashik, Maharashtra 422010, India</SimpleData>
		<SimpleData name="Latitude">19.9559852</SimpleData>
		<SimpleData name="Longitude">73.7596269</SimpleData>
		<SimpleData name="Rating">5</SimpleData>
		<SimpleData name="Place_ID">ChIJK4b8g3Tr3TsRvADTIQe7F3I</SimpleData>
		<SimpleData name="Distance_m">1729</SimpleData>
	</SchemaData></ExtendedData>
      <Point><coordinates>73.7596269,19.9559852</coordinates></Point>
  </Placemark>
  <Placemark id="hospitals.572">
	<name>MEERA HOSPITAL &amp; DENTAL CLINIC Critical Care</name>
	<ExtendedData><SchemaData schemaUrl="#hospitals">
		<SimpleData name="Category">hospital</SimpleData>
		<SimpleData name="Address">Shop No 101, First Floor, Silicon Business Centre, Wadala - Pathardi Rd, Pandav Nagari, Pathardi Phata, Nashik, Maharashtra 422010, India</SimpleData>
		<SimpleData name="Latitude">19.9475472</SimpleData>
		<SimpleData name="Longitude">73.7748561</SimpleData>
		<SimpleData name="Rating">5</SimpleData>
		<SimpleData name="Place_ID">ChIJ_58iI4uV3TsRo0SOwq-KWyY</SimpleData>
		<SimpleData name="Distance_m">1696</SimpleData>
	</SchemaData></ExtendedData>
      <Point><coordinates>73.7748561,19.9475472</coordinates></Point>
  </Placemark>
  <Placemark id="hospitals.573">
	<name>NMC Hospital Pathardi Gaon</name>
	<ExtendedData><SchemaData schemaUrl="#hospitals">
		<SimpleData name="Category">hospital</SimpleData>
		<SimpleData name="Address">house No 10, Shital row, Pathardi Gaon, Pathardi Phata, Nashik, Maharashtra 422010, India</SimpleData>
		<SimpleData name="Latitude">19.9426018</SimpleData>
		<SimpleData name="Longitude">73.772215</SimpleData>
		<SimpleData name="Place_ID">ChIJNS8URQCV3TsRXCWATMY-Y_g</SimpleData>
		<SimpleData name="Distance_m">2259</SimpleData>
	</SchemaData></ExtendedData>
      <Point><coordinates>73.772215,19.9426018</coordinates></Point>
  </Placemark>
  <Placemark id="hospitals.574">
	<name>Matoshree Hospital</name>
	<ExtendedData><SchemaData schemaUrl="#hospitals">
		<SimpleData name="Category">hospital</SimpleData>
		<SimpleData name="Address">Pathardi Deolali Road, 10, behind Shell Petrol Pump, in front of Shani Mandir, Narhari Nagar, Damodar Nagar, Nisarga Colony, Nashik, Maharashtra 422010, India</SimpleData>
		<SimpleData name="Latitude">19.9484115</SimpleData>
		<SimpleData name="Longitude">73.7707016</SimpleData>
		<SimpleData name="Rating">4</SimpleData>
		<SimpleData name="Place_ID">ChIJS0h4m0Tr3TsRY8e_fvWwMfE</SimpleData>
		<SimpleData name="Distance_m">1648</SimpleData>
	</SchemaData></ExtendedData>
      <Point><coordinates>73.7707016,19.9484115</coordinates></Point>
  </Placemark>
  <Placemark id="hospitals.575">
	<name>Mahajan Maternity Home |Pregnancy Care &amp; Family Planning Center, Laparoscopic Surgery, Obstetrics and Gynecology Indira Nagar</name>
	<ExtendedData><SchemaData schemaUrl="#hospitals">
		<SimpleData name="Category">hospital</SimpleData>
		<SimpleData name="Address">Mahajan Hospital, Wadala - Pathardi Rd, opposite Metro Zone, Samarth Nagar, Dnyaneshwar Nagar, Indira Nagar, Nashik, Maharashtra 422009, India</SimpleData>
		<SimpleData name="Latitude">19.9518521</SimpleData>
		<SimpleData name="Longitude">73.7747403</SimpleData>
		<SimpleData name="Rating">4.9</SimpleData>
		<SimpleData name="Place_ID">ChIJsQJitiTr3TsRReAI9SJ5Vq4</SimpleData>
		<SimpleData name="Distance_m">1218</SimpleData>
	</SchemaData></ExtendedData>
      <Point><coordinates>73.7747403,19.9518521</coordinates></Point>
  </Placemark>
  <Placemark id="hospitals.576">
	<name>Balasaheb Thakare Hospital</name>
	<ExtendedData><SchemaData schemaUrl="#hospitals">
		<SimpleData name="Category">hospital</SimpleData>
		<SimpleData name="Address">XQ65+X5M, Sinhasta Nagar, Nashik, Maharashtra 422009, India</SimpleData>
		<SimpleData name="Latitude">19.9624605</SimpleData>
		<SimpleData name="Longitude">73.7579328</SimpleData>
		<SimpleData name="Rating">3.4</SimpleData>
		<SimpleData name="Place_ID">ChIJO3uKZD_r3TsR2AiRQbCaI5g</SimpleData>
		<SimpleData name="Distance_m">1732</SimpleData>
	</SchemaData></ExtendedData>
      <Point><coordinates>73.7579328,19.9624605</coordinates></Point>
  </Placemark>
  <Placemark id="hospitals.577">
	<name>Child Care Hospital</name>
	<ExtendedData><SchemaData schemaUrl="#hospitals">
		<SimpleData name="Category">hospital</SimpleData>
		<SimpleData name="Address">Near Bhimashankar Petrol Pump, on the way to Ekata Green Villey, khanderao Nagar, Radisson blu hotel, before, Pathardi Phata, Nashik, Maharashtra 422010, India</SimpleData>
		<SimpleData name="Latitude">19.948217</SimpleData>
		<SimpleData name="Longitude">73.7555986</SimpleData>
		<SimpleData name="Place_ID">ChIJw4lw3KyV3TsRhjxY_ySpfl4</SimpleData>
		<SimpleData name="Distance_m">2556</SimpleData>
	</SchemaData></ExtendedData>
      <Point><coordinates>73.7555986,19.948217</coordinates></Point>
  </Placemark>
  <Placemark id="hospitals.578">
	<name>Vrindaavan Hospital</name>
	<ExtendedData><SchemaData schemaUrl="#hospitals">
		<SimpleData name="Category">hospital</SimpleData>
		<SimpleData name="Address">6th Floor, Anant arcade, Near Rayaba hotel Phatardi, Road, near Phatardi Phata, Wasan Nagar, Pathardi Phata, Devlali, Nashik, Maharashtra 422010, India</SimpleData>
		<SimpleData name="Latitude">19.9543432</SimpleData>
		<SimpleData name="Longitude">73.7651365</SimpleData>
		<SimpleData name="Rating">4.9</SimpleData>
		<SimpleData name="Place_ID">ChIJDeZIdS3r3TsRwdc57esDxlQ</SimpleData>
		<SimpleData name="Distance_m">1357</SimpleData>
	</SchemaData></ExtendedData>
      <Point><coordinates>73.7651365,19.9543432</coordinates></Point>
  </Placemark>
  <Placemark id="hospitals.579">
	<name>Tulip Hospital (Children and Mother Care Unit) - Best Child &amp; Mother Care Hospital, Best Dental Hospital, Pediatrics Hospital, Best Dermatology, Best Gynecologist in Nashik</name>
	<ExtendedData><SchemaData schemaUrl="#hospitals">
		<SimpleData name="Category">hospital</SimpleData>
		<SimpleData name="Address">XQ26+8P3, Murlidhar Nagar Rd, Prashant Nagar, Pathardi Phata, Nashik, Maharashtra 422010, India</SimpleData>
		<SimpleData name="Latitude">19.9508653</SimpleData>
		<SimpleData name="Longitude">73.7615526</SimpleData>
		<SimpleData name="Rating">4.8</SimpleData>
		<SimpleData name="Place_ID">ChIJAQ0r6LKU3TsRRnPXO6q53aw</SimpleData>
		<SimpleData name="Distance_m">1895</SimpleData>
	</SchemaData></ExtendedData>
      <Point><coordinates>73.7615526,19.9508653</coordinates></Point>
  </Placemark>
  <Placemark id="hospitals.580">
	<name>MATOSHRI CLINIC</name>
	<ExtendedData><SchemaData schemaUrl="#hospitals">
		<SimpleData name="Category">hospital</SimpleData>
		<SimpleData name="Address">MATOSHRI CLINIC, Gajraj Row House, behind Nilkantheshwar Temple, Nawale Nagar, Prashant Nagar, Pathardi Phata, Nashik, Maharashtra 422010, India</SimpleData>
		<SimpleData name="Latitude">19.9541214</SimpleData>
		<SimpleData name="Longitude">73.7596442</SimpleData>
		<SimpleData name="Rating">5</SimpleData>
		<SimpleData name="Place_ID">ChIJ3xhTVTfr3TsRmEESRWHYcaw</SimpleData>
		<SimpleData name="Distance_m">1828</SimpleData>
	</SchemaData></ExtendedData>
      <Point><coordinates>73.7596442,19.9541214</coordinates></Point>
  </Placemark>
  <Placemark id="hospitals.581">
	<name>UMC Hospital, Nashik</name>
	<ExtendedData><SchemaData schemaUrl="#hospitals">
		<SimpleData name="Category">hospital</SimpleData>
		<SimpleData name="Address">Plot No. 2, S. No. 905/1/2/3A Pathardi Phata, Nashik Shiwar, Dnyaneshwar Nagar, Pathardi Phata, Nashik, Maharashtra 422009, India</SimpleData>
		<SimpleData name="Latitude">19.9592413</SimpleData>
		<SimpleData name="Longitude">73.7620733</SimpleData>
		<SimpleData name="Rating">4.7</SimpleData>
		<SimpleData name="Place_ID">ChIJBx-7eDnr3TsRE7iyFODwsTQ</SimpleData>
		<SimpleData name="Distance_m">1358</SimpleData>
	</SchemaData></ExtendedData>
      <Point><coordinates>73.7620733,19.9592413</coordinates></Point>
  </Placemark>
  <Placemark id="hospitals.582">
	<name>Saptashrungi Maternity/Nursing Home</name>
	<ExtendedData><SchemaData schemaUrl="#hospitals">
		<SimpleData name="Category">hospital</SimpleData>
		<SimpleData name="Address">XQ47+556, Dnyaneshwar Nagar, Pathardi Phata, Nashik, Maharashtra 422009, India</SimpleData>
		<SimpleData name="Latitude">19.955421</SimpleData>
		<SimpleData name="Longitude">73.762884</SimpleData>
		<SimpleData name="Rating">5</SimpleData>
		<SimpleData name="Place_ID">ChIJ7_sLVkzr3TsRXxayf7YR4DA</SimpleData>
		<SimpleData name="Distance_m">1465</SimpleData>
	</SchemaData></ExtendedData>
      <Point><coordinates>73.762884,19.955421</coordinates></Point>
  </Placemark>
  <Placemark id="hospitals.583">
	<name>Seva Nursing Home</name>
	<ExtendedData><SchemaData schemaUrl="#hospitals">
		<SimpleData name="Category">hospital</SimpleData>
		<SimpleData name="Address">Opposite Devi Mandir, Near Vishal Kirana, Pathardi Gaon, Pathardi Phata, Nashik, Maharashtra 422010, India</SimpleData>
		<SimpleData name="Latitude">19.9421015</SimpleData>
		<SimpleData name="Longitude">73.7752718</SimpleData>
		<SimpleData name="Place_ID">ChIJkQvynciU3TsRQM8GBkbB1s8</SimpleData>
		<SimpleData name="Distance_m">2303</SimpleData>
	</SchemaData></ExtendedData>
      <Point><coordinates>73.7752718,19.9421015</coordinates></Point>
  </Placemark>
  <Placemark id="hospitals.584">
	<name>Sulila Children's Hospital &amp; Nursing Home</name>
	<ExtendedData><SchemaData schemaUrl="#hospitals">
		<SimpleData name="Category">hospital</SimpleData>
		<SimpleData name="Address">4th Floor, Karmaa Avenue B wing, above Firstcry store, opposite Chroma, Dnyaneshwar Nagar, Pathardi Phata, Nashik, Maharashtra 422010, India</SimpleData>
		<SimpleData name="Latitude">19.9477318</SimpleData>
		<SimpleData name="Longitude">73.7719904</SimpleData>
		<SimpleData name="Rating">5</SimpleData>
		<SimpleData name="Place_ID">ChIJL0HSIW6V3TsReFFlttWsCDo</SimpleData>
		<SimpleData name="Distance_m">1696</SimpleData>
	</SchemaData></ExtendedData>
      <Point><coordinates>73.7719904,19.9477318</coordinates></Point>
  </Placemark>
  <Placemark id="hospitals.585">
	<name>Shakambari Clinic</name>
	<ExtendedData><SchemaData schemaUrl="#hospitals">
		<SimpleData name="Category">hospital</SimpleData>
		<SimpleData name="Address">Shop No. 4, Radhika Apartment Wasan Nagar Road, Headquarter Rd, opp. Police, Wasan Nagar, Pathardi Phata, Nashik, Maharashtra 422009, India</SimpleData>
		<SimpleData name="Latitude">19.9568755</SimpleData>
		<SimpleData name="Longitude">73.7640329</SimpleData>
		<SimpleData name="Rating">5</SimpleData>
		<SimpleData name="Place_ID">ChIJvwzkg9nr3TsRlw01D_U3L-o</SimpleData>
		<SimpleData name="Distance_m">1277</SimpleData>
	</SchemaData></ExtendedData>
      <Point><coordinates>73.7640329,19.9568755</coordinates></Point>
  </Placemark>
  <Placemark id="hospitals.586">
	<name>Shanti Multispeciality Hospital</name>
	<ExtendedData><SchemaData schemaUrl="#hospitals">
		<SimpleData name="Category">hospital</SimpleData>
		<SimpleData name="Address">First Floor, Urjayant Arcade, Ambad Rd, Near Namrata Petrol Pump,Near Symbiosis College, New Nashik, Nashik, Maharashtra 422008, India</SimpleData>
		<SimpleData name="Latitude">19.959297</SimpleData>
		<SimpleData name="Longitude">73.754969</SimpleData>
		<SimpleData name="Rating">3</SimpleData>
		<SimpleData name="Place_ID">ChIJOwF_PlHr3TsRrXwg0JtpRo8</SimpleData>
		<SimpleData name="Distance_m">1383</SimpleData>
	</SchemaData></ExtendedData>
      <Point><coordinates>73.754969,19.959297</coordinates></Point>
  </Placemark>
  <Placemark id="hospitals.587">
	<name>Dr Pawar's Mother &amp; Baby Care Nursing Home | Best Maternity Hospital in Nashik</name>
	<ExtendedData><SchemaData schemaUrl="#hospitals">
		<SimpleData name="Category">hospital</SimpleData>
		<SimpleData name="Address">S.No- 326, 1/1/2, GD Sawant College Rd, near Shell Petrol Pump, Wasan Nagar, Pathardi Phata, Nashik, Maharashtra 422010, India</SimpleData>
		<SimpleData name="Latitude">19.9497527</SimpleData>
		<SimpleData name="Longitude">73.769883</SimpleData>
		<SimpleData name="Rating">4.8</SimpleData>
		<SimpleData name="Place_ID">ChIJuQig5h2V3TsRJ47seMHZgik</SimpleData>
		<SimpleData name="Distance_m">1886</SimpleData>
	</SchemaData></ExtendedData>
      <Point><coordinates>73.769883,19.9497527</coordinates></Point>
  </Placemark>
  <Placemark id="hospitals.588">
	<name>Dr Bangar's Sparsh Women's Hospital</name>
	<ExtendedData><SchemaData schemaUrl="#hospitals">
		<SimpleData name="Category">medical_clinic</SimpleData>
		<SimpleData name="Address">Ground Floor, Plot No. ASG 44/45 sahyadri nagar, Ashwin Nagar, Nashik, Maharashtra 422009, India</SimpleData>
		<SimpleData name="Latitude">19.9628602</SimpleData>
		<SimpleData name="Longitude">73.7644927</SimpleData>
		<SimpleData name="Rating">4.9</SimpleData>
		<SimpleData name="Place_ID">ChIJK4BwaAbr3TsRryN8JF_DJn0</SimpleData>
		<SimpleData name="Distance_m">1046</SimpleData>
	</SchemaData></ExtendedData>
      <Point><coordinates>73.7644927,19.9628602</coordinates></Point>
  </Placemark>
  <Placemark id="hospitals.589">
	<name>Dr. Subodh Shewale, MBBS .Avighna Clinic</name>
	<ExtendedData><SchemaData schemaUrl="#hospitals">
		<SimpleData name="Category">medical_clinic</SimpleData>
		<SimpleData name="Address">XQ38+328, Kadve Nagar, Wasan Nagar, Pathardi Phata, Nashik, Maharashtra 422010, India</SimpleData>
		<SimpleData name="Latitude">19.9526572</SimpleData>
		<SimpleData name="Longitude">73.7650674</SimpleData>
		<SimpleData name="Rating">5</SimpleData>
		<SimpleData name="Place_ID">ChIJgwndFQCV3TsRMXJ6q1u3WXQ</SimpleData>
		<SimpleData name="Distance_m">1498</SimpleData>
	</SchemaData></ExtendedData>
      <Point><coordinates>73.7650674,19.9526572</coordinates></Point>
  </Placemark>
  <Placemark id="hospitals.590">
	<name>Ekvira Clinic</name>
	<ExtendedData><SchemaData schemaUrl="#hospitals">
		<SimpleData name="Category">medical_clinic</SimpleData>
		<SimpleData name="Address">Shop No 1 near Damodar Chowk, Prashant Nagar, Ohara, Pathardi Phata, Nashik, Maharashtra 422010, India</SimpleData>
		<SimpleData name="Latitude">19.9497831</SimpleData>
		<SimpleData name="Longitude">73.7614101</SimpleData>
		<SimpleData name="Rating">4.7</SimpleData>
		<SimpleData name="Place_ID">ChIJq4QrSgCV3TsRveCcJqgCYe8</SimpleData>
		<SimpleData name="Distance_m">1992</SimpleData>
	</SchemaData></ExtendedData>
      <Point><coordinates>73.7614101,19.9497831</coordinates></Point>
  </Placemark>
  <Placemark id="hospitals.591">
	<name>Shri vinayak clinic</name>
	<ExtendedData><SchemaData schemaUrl="#hospitals">
		<SimpleData name="Category">medical_clinic</SimpleData>
		<SimpleData name="Address">Omkareshwar AG-2, Swarajnagar Rd, Damodar Nagar, Pathardi Phata, Nashik, Maharashtra 422110, India</SimpleData>
		<SimpleData name="Latitude">19.944636</SimpleData>
		<SimpleData name="Longitude">73.7665397</SimpleData>
		<SimpleData name="Place_ID">ChIJ93hSYACV3TsR9937nQ-MIaM</SimpleData>
		<SimpleData name="Distance_m">2184</SimpleData>
	</SchemaData></ExtendedData>
      <Point><coordinates>73.7665397,19.944636</coordinates></Point>
  </Placemark>
  <Placemark id="hospitals.592">
	<name>Prathamesh Clinic</name>
	<ExtendedData><SchemaData schemaUrl="#hospitals">
		<SimpleData name="Category">medical_clinic</SimpleData>
		<SimpleData name="Address">03, Radhika Apartment, Mumbai - Agra Rd, New Nashik, Kundanlal Wasan Nagar, Pathardi Phata, Nashik, Maharashtra 422009, India</SimpleData>
		<SimpleData name="Latitude">19.957168</SimpleData>
		<SimpleData name="Longitude">73.7632029</SimpleData>
		<SimpleData name="Rating">5</SimpleData>
		<SimpleData name="Place_ID">ChIJxehTN0zr3TsR9Q69x0IMFVM</SimpleData>
		<SimpleData name="Distance_m">1337</SimpleData>
	</SchemaData></ExtendedData>
      <Point><coordinates>73.7632029,19.957168</coordinates></Point>
  </Placemark>
  <Placemark id="hospitals.593">
	<name>DR. Pravin M. Patil Clinic</name>
	<ExtendedData><SchemaData schemaUrl="#hospitals">
		<SimpleData name="Category">medical_clinic</SimpleData>
		<SimpleData name="Address">in front of school, Ambad Khrud, Ambad Village, Nashik, Maharashtra 422010, India</SimpleData>
		<SimpleData name="Latitude">19.9614639</SimpleData>
		<SimpleData name="Longitude">73.7447575</SimpleData>
		<SimpleData name="Place_ID">ChIJVdmd9H3t3TsRhJTDrOjnFg8</SimpleData>
		<SimpleData name="Distance_m">2274</SimpleData>
	</SchemaData></ExtendedData>
      <Point><coordinates>73.7447575,19.9614639</coordinates></Point>
  </Placemark>
  <Placemark id="hospitals.594">
	<name>Dr. M.M. Bhavsar</name>
	<ExtendedData><SchemaData schemaUrl="#hospitals">
		<SimpleData name="Category">medical_clinic</SimpleData>
		<SimpleData name="Address">Shop No. 12, Matoshree Sankul, Near Manpa School, Ambad Khrud, Panchwati, Ambad Village, Nashik, Maharashtra 422010, India</SimpleData>
		<SimpleData name="Latitude">19.9609192</SimpleData>
		<SimpleData name="Longitude">73.7446935</SimpleData>
		<SimpleData name="Rating">5</SimpleData>
		<SimpleData name="Place_ID">ChIJJXLciqjs3TsRJ5rx9k0snSA</SimpleData>
		<SimpleData name="Distance_m">1308</SimpleData>
	</SchemaData></ExtendedData>
      <Point><coordinates>73.7446935,19.9609192</coordinates></Point>
  </Placemark>
  <Placemark id="hospitals.595">
	<name>Akanksha Clinic-Dr Pratibha Joshi</name>
	<ExtendedData><SchemaData schemaUrl="#hospitals">
		<SimpleData name="Category">service</SimpleData>
		<SimpleData name="Address">Akanksha Clinic, Matoshree Sankul, near NMC school, Ambad Khrud, MIDC Ambad, Nashik, Maharashtra 422009, India</SimpleData>
		<SimpleData name="Latitude">19.9609408</SimpleData>
		<SimpleData name="Longitude">73.7449276</SimpleData>
		<SimpleData name="Place_ID">ChIJw0M_Xbzt3TsRVTg6gxaVAho</SimpleData>
		<SimpleData name="Distance_m">1302</SimpleData>
	</SchemaData></ExtendedData>
      <Point><coordinates>73.7449276,19.9609408</coordinates></Point>
  </Placemark>
  <Placemark id="hospitals.596">
	<name>Sanjeevani Clinic</name>
	<ExtendedData><SchemaData schemaUrl="#hospitals">
		<SimpleData name="Category">doctor</SimpleData>
		<SimpleData name="Address">shop No 1, Nikanth Apt, Datta Nagar Rd, Chinchole Shivar, Ambedkar Nagar, MIDC Ambad, Nashik, Maharashtra 422010, India</SimpleData>
		<SimpleData name="Latitude">19.958859</SimpleData>
		<SimpleData name="Longitude">73.7260316</SimpleData>
		<SimpleData name="Rating">5</SimpleData>
		<SimpleData name="Place_ID">ChIJsdd6jkjt3TsR8xIp4mwZUGE</SimpleData>
		<SimpleData name="Distance_m">2657</SimpleData>
	</SchemaData></ExtendedData>
      <Point><coordinates>73.7260316,19.958859</coordinates></Point>
  </Placemark>
  <Placemark id="hospitals.597">
	<name>Renuka Multispeciality Hospital |Orthopedic hospital in Nashik | General surgeon in Nashik. | Maternity hospital in Nashik</name>
	<ExtendedData><SchemaData schemaUrl="#hospitals">
		<SimpleData name="Category">hospital</SimpleData>
		<SimpleData name="Address">Old Saikheda Rd, Near Indira Gandhi Statue, Adhav Nagar, Dasak, Nashik, Maharashtra 422101, India</SimpleData>
		<SimpleData name="Latitude">19.9768031</SimpleData>
		<SimpleData name="Longitude">73.8361273</SimpleData>
		<SimpleData name="Rating">4.5</SimpleData>
		<SimpleData name="Place_ID">ChIJZfuiVaHq3TsR01ygQ_22PDs</SimpleData>
		<SimpleData name="Distance_m">1439</SimpleData>
	</SchemaData></ExtendedData>
      <Point><coordinates>73.8361273,19.9768031</coordinates></Point>
  </Placemark>
  <Placemark id="hospitals.598">
	<name>ALL CARE MULTI SPECIALITY HOSPITAL</name>
	<ExtendedData><SchemaData schemaUrl="#hospitals">
		<SimpleData name="Category">hospital</SimpleData>
		<SimpleData name="Address">5th floor, Business icon, Jail Rd, Near Indira Gandhi Statue, Pintoo Colony, Nashik Road, Nashik, Maharashtra 422101, India</SimpleData>
		<SimpleData name="Latitude">19.9767235</SimpleData>
		<SimpleData name="Longitude">73.8369341</SimpleData>
		<SimpleData name="Rating">4.2</SimpleData>
		<SimpleData name="Place_ID">ChIJybLGqPbr3TsRpDSgzVuvYwA</SimpleData>
		<SimpleData name="Distance_m">1517</SimpleData>
	</SchemaData></ExtendedData>
      <Point><coordinates>73.8369341,19.9767235</coordinates></Point>
  </Placemark>
  <Placemark id="hospitals.599">
	<name>Shree Gajanan Clinic (Dr Patil)</name>
	<ExtendedData><SchemaData schemaUrl="#hospitals">
		<SimpleData name="Category">doctor</SimpleData>
		<SimpleData name="Address">Adgaon Rd, opp. to mayur collection, Adgaon, Nashik, Maharashtra 422003, India</SimpleData>
		<SimpleData name="Latitude">20.0342775</SimpleData>
		<SimpleData name="Longitude">73.8653077</SimpleData>
		<SimpleData name="Rating">4</SimpleData>
		<SimpleData name="Place_ID">ChIJ99KvXJPB3TsR8l4u4ZChPxg</SimpleData>
		<SimpleData name="Distance_m">198</SimpleData>
	</SchemaData></ExtendedData>
      <Point><coordinates>73.8653077,20.0342775</coordinates></Point>
  </Placemark>
  <Placemark id="hospitals.600">
	<name>Aditi ayurved Clinic</name>
	<ExtendedData><SchemaData schemaUrl="#hospitals">
		<SimpleData name="Category">doctor</SimpleData>
		<SimpleData name="Address">14/A, opp. Omkareshwar Ganesh Temple, Dnyaneshwar society, adgaon shivar, Konark Nagar, Nashik, Maharashtra 422003, India</SimpleData>
		<SimpleData name="Latitude">20.0221006</SimpleData>
		<SimpleData name="Longitude">73.8466964</SimpleData>
		<SimpleData name="Rating">5</SimpleData>
		<SimpleData name="Place_ID">ChIJsza6OP3B3TsRB94Z1d1M2WI</SimpleData>
		<SimpleData name="Distance_m">2174</SimpleData>
	</SchemaData></ExtendedData>
      <Point><coordinates>73.8466964,20.0221006</coordinates></Point>
  </Placemark>
  <Placemark id="hospitals.601">
	<name>Matoshree Clinic - Female doctor and gynaecologist</name>
	<ExtendedData><SchemaData schemaUrl="#hospitals">
		<SimpleData name="Category">doctor</SimpleData>
		<SimpleData name="Address">Matoshri clinic, nivrutti nagar, jatra hotel chaufuli, near moraya medical, Sagar Village, Nashik, Maharashtra 422003, India</SimpleData>
		<SimpleData name="Latitude">20.0285411</SimpleData>
		<SimpleData name="Longitude">73.8414193</SimpleData>
		<SimpleData name="Rating">5</SimpleData>
		<SimpleData name="Place_ID">ChIJCcmKJJ7r3TsRgbU14o4JIQ0</SimpleData>
		<SimpleData name="Distance_m">2382</SimpleData>
	</SchemaData></ExtendedData>
      <Point><coordinates>73.8414193,20.0285411</coordinates></Point>
  </Placemark>
  <Placemark id="hospitals.602">
	<name>Patil Clinic</name>
	<ExtendedData><SchemaData schemaUrl="#hospitals">
		<SimpleData name="Category">doctor</SimpleData>
		<SimpleData name="Address">Shop No.1 Sreeram Nagar, near Maharashtra Bank, Pachwati, Shiwar, Adgaon, Nashik, Maharashtra 422003, India</SimpleData>
		<SimpleData name="Latitude">20.0233375</SimpleData>
		<SimpleData name="Longitude">73.8437747</SimpleData>
		<SimpleData name="Rating">5</SimpleData>
		<SimpleData name="Place_ID">ChIJ3Uh2y9jB3TsR4hocTAwBHAU</SimpleData>
		<SimpleData name="Distance_m">2359</SimpleData>
	</SchemaData></ExtendedData>
      <Point><coordinates>73.8437747,20.0233375</coordinates></Point>
  </Placemark>
  <Placemark id="hospitals.603">
	<name>Arushi skin,hair care and laser Nasik</name>
	<ExtendedData><SchemaData schemaUrl="#hospitals">
		<SimpleData name="Category">doctor</SimpleData>
		<SimpleData name="Address">Arushi Clinic Chandrabhaga Apartment dyaneshwar Society konark nagar, 2RCW+MV5, Kshirsagar Colony, Adgaon, Nashik, Maharashtra 422003, India</SimpleData>
		<SimpleData name="Latitude">20.0216272</SimpleData>
		<SimpleData name="Longitude">73.8472295</SimpleData>
		<SimpleData name="Rating">4.9</SimpleData>
		<SimpleData name="Place_ID">ChIJS_ROa9nr3TsRWyM9-Yj_Jls</SimpleData>
		<SimpleData name="Distance_m">2161</SimpleData>
	</SchemaData></ExtendedData>
      <Point><coordinates>73.8472295,20.0216272</coordinates></Point>
  </Placemark>
  <Placemark id="hospitals.604">
	<name>Gaikwads home</name>
	<ExtendedData><SchemaData schemaUrl="#hospitals">
		<SimpleData name="Category">health</SimpleData>
		<SimpleData name="Address">2VM7+2V5, Adgaon, Nashik, Maharashtra 422003, India</SimpleData>
		<SimpleData name="Latitude">20.032509</SimpleData>
		<SimpleData name="Longitude">73.8647268</SimpleData>
		<SimpleData name="Place_ID">ChIJYYVtFADB3TsRyblxcVrHa8I</SimpleData>
		<SimpleData name="Distance_m">161</SimpleData>
	</SchemaData></ExtendedData>
      <Point><coordinates>73.8647268,20.032509</coordinates></Point>
  </Placemark>
  <Placemark id="hospitals.605">
	<name>?????? ??????????</name>
	<ExtendedData><SchemaData schemaUrl="#hospitals">
		<SimpleData name="Category">health</SimpleData>
		<SimpleData name="Address">2RPQ+299, Raut Mala Rd, Sagar Village, Nashik, Maharashtra 422003, India</SimpleData>
		<SimpleData name="Latitude">20.0347093</SimpleData>
		<SimpleData name="Longitude">73.8384508</SimpleData>
		<SimpleData name="Rating">5</SimpleData>
		<SimpleData name="Place_ID">ChIJJ12-CQDr3TsRsA1kNFv7PRg</SimpleData>
		<SimpleData name="Distance_m">2631</SimpleData>
	</SchemaData></ExtendedData>
      <Point><coordinates>73.8384508,20.0347093</coordinates></Point>
  </Placemark>
  <Placemark id="hospitals.606">
	<name>Dr. Vasantrao Pawar Medical College,Hospital &amp; Research Center</name>
	<ExtendedData><SchemaData schemaUrl="#hospitals">
		<SimpleData name="Category">hospital</SimpleData>
		<SimpleData name="Address">Agra - Mumbai Hwy, Hindustan Nagar, Vasantdadanagar, Adgaon, Nashik, Maharashtra 422003, India</SimpleData>
		<SimpleData name="Latitude">20.0358632</SimpleData>
		<SimpleData name="Longitude">73.8521623</SimpleData>
		<SimpleData name="Rating">4.1</SimpleData>
		<SimpleData name="Place_ID">ChIJAQJ0EObB3TsRzfQloSx5D3A</SimpleData>
		<SimpleData name="Distance_m">1223</SimpleData>
	</SchemaData></ExtendedData>
      <Point><coordinates>73.8521623,20.0358632</coordinates></Point>
  </Placemark>
  <Placemark id="hospitals.607">
	<name>Maratha Vidya Prasarak Samaj's Hospital (MVP Hospital)</name>
	<ExtendedData><SchemaData schemaUrl="#hospitals">
		<SimpleData name="Category">hospital</SimpleData>
		<SimpleData name="Address">2VM3+RVP, Hindustan Nagar, Vasantdadanagar, Adgaon, Nashik, Maharashtra 422003, India</SimpleData>
		<SimpleData name="Latitude">20.0345807</SimpleData>
		<SimpleData name="Longitude">73.8547097</SimpleData>
		<SimpleData name="Rating">3.9</SimpleData>
		<SimpleData name="Place_ID">ChIJv5pshWXB3TsRN1_ueEAxeB0</SimpleData>
		<SimpleData name="Distance_m">936</SimpleData>
	</SchemaData></ExtendedData>
      <Point><coordinates>73.8547097,20.0345807</coordinates></Point>
  </Placemark>
  <Placemark id="hospitals.608">
	<name>Samarth Hospital</name>
	<ExtendedData><SchemaData schemaUrl="#hospitals">
		<SimpleData name="Category">hospital</SimpleData>
		<SimpleData name="Address">666, Main Rd, Adgaon, Nashik, Maharashtra 422003, India</SimpleData>
		<SimpleData name="Latitude">20.0329344</SimpleData>
		<SimpleData name="Longitude">73.8655044</SimpleData>
		<SimpleData name="Rating">3.3</SimpleData>
		<SimpleData name="Place_ID">ChIJW4ZsJhfr3TsRnI7Q3l0WX5o</SimpleData>
		<SimpleData name="Distance_m">209</SimpleData>
	</SchemaData></ExtendedData>
      <Point><coordinates>73.8655044,20.0329344</coordinates></Point>
  </Placemark>
  <Placemark id="hospitals.609">
	<name>CCIMS HOSPITAL</name>
	<ExtendedData><SchemaData schemaUrl="#hospitals">
		<SimpleData name="Category">hospital</SimpleData>
		<SimpleData name="Address">CCIMS Hospital, Jatra Chowk, Pachwati, Sri Ram Nagar, Adgaon, Nashik, Maharashtra 422003, India</SimpleData>
		<SimpleData name="Latitude">20.0253959</SimpleData>
		<SimpleData name="Longitude">73.8422548</SimpleData>
		<SimpleData name="Rating">4.9</SimpleData>
		<SimpleData name="Place_ID">ChIJ22dT2fjB3TsRiSLah7pml4k</SimpleData>
		<SimpleData name="Distance_m">2405</SimpleData>
	</SchemaData></ExtendedData>
      <Point><coordinates>73.8422548,20.0253959</coordinates></Point>
  </Placemark>
  <Placemark id="hospitals.610">
	<name>Yash Hospital</name>
	<ExtendedData><SchemaData schemaUrl="#hospitals">
		<SimpleData name="Category">hospital</SimpleData>
		<SimpleData name="Address">Walzade Arcade, Om Nagar, Opposite Swami Narayan Mandir, New Adgaon Naka, Panchavati, 2VM7+9VP, New Adgaon Naka, Adgaon, Nashik, Maharashtra 422003, India</SimpleData>
		<SimpleData name="Latitude">20.0334544</SimpleData>
		<SimpleData name="Longitude">73.8647059</SimpleData>
		<SimpleData name="Rating">3</SimpleData>
		<SimpleData name="Place_ID">ChIJS-fyOgHr3TsRaw2YxkrdZXk</SimpleData>
		<SimpleData name="Distance_m">116</SimpleData>
	</SchemaData></ExtendedData>
      <Point><coordinates>73.8647059,20.0334544</coordinates></Point>
  </Placemark>
  <Placemark id="hospitals.611">
	<name>Anand Rugnalaya Maternity &amp; Nursing home</name>
	<ExtendedData><SchemaData schemaUrl="#hospitals">
		<SimpleData name="Category">hospital</SimpleData>
		<SimpleData name="Address">Behind Ganesh Market Konark Nagar, Adgaon Shiwar, Jatra Hotel Area, Agra - Mumbai Hwy, Konark Nagar, Nashik, Maharashtra 422003, India</SimpleData>
		<SimpleData name="Latitude">20.018902</SimpleData>
		<SimpleData name="Longitude">73.8473234</SimpleData>
		<SimpleData name="Rating">4.9</SimpleData>
		<SimpleData name="Place_ID">ChIJbwb7N8rB3TsRK7WN3RrPSII</SimpleData>
		<SimpleData name="Distance_m">2351</SimpleData>
	</SchemaData></ExtendedData>
      <Point><coordinates>73.8473234,20.018902</coordinates></Point>
  </Placemark>
  <Placemark id="hospitals.612">
	<name>Sanjivani multispcialty Clinic</name>
	<ExtendedData><SchemaData schemaUrl="#hospitals">
		<SimpleData name="Category">hospital</SimpleData>
		<SimpleData name="Address">Medical phata, Shree Samarth Nagar, Adgaon, Nashik, Maharashtra 422003, India</SimpleData>
		<SimpleData name="Latitude">20.0313268</SimpleData>
		<SimpleData name="Longitude">73.8590339</SimpleData>
		<SimpleData name="Rating">5</SimpleData>
		<SimpleData name="Place_ID">ChIJT7y_g27B3TsRJ6SDL2K3Kl8</SimpleData>
		<SimpleData name="Distance_m">535</SimpleData>
	</SchemaData></ExtendedData>
      <Point><coordinates>73.8590339,20.0313268</coordinates></Point>
  </Placemark>
  <Placemark id="hospitals.613">
	<name>Agarwal Dr Mukesh</name>
	<ExtendedData><SchemaData schemaUrl="#hospitals">
		<SimpleData name="Category">hospital</SimpleData>
		<SimpleData name="Address">New, Agra - Mumbai Hwy, near Panchavati College, Old Adgaon Naka, Adgaon, Nashik, Maharashtra 422003, India</SimpleData>
		<SimpleData name="Latitude">20.0334544</SimpleData>
		<SimpleData name="Longitude">73.8647059</SimpleData>
		<SimpleData name="Rating">5</SimpleData>
		<SimpleData name="Place_ID">ChIJS-fyOgHr3TsRB_5YUSadxLo</SimpleData>
		<SimpleData name="Distance_m">116</SimpleData>
	</SchemaData></ExtendedData>
      <Point><coordinates>73.8647059,20.0334544</coordinates></Point>
  </Placemark>
  <Placemark id="hospitals.614">
	<name>Swami Clinic</name>
	<ExtendedData><SchemaData schemaUrl="#hospitals">
		<SimpleData name="Category">hospital</SimpleData>
		<SimpleData name="Address">Jatra-Nadur link road, Konark Nagar, Nashik, Maharashtra 422003, India</SimpleData>
		<SimpleData name="Latitude">20.0196194</SimpleData>
		<SimpleData name="Longitude">73.8445205</SimpleData>
		<SimpleData name="Rating">5</SimpleData>
		<SimpleData name="Place_ID">ChIJCfjeQNLB3TsROgOSGGbEBZ0</SimpleData>
		<SimpleData name="Distance_m">2521</SimpleData>
	</SchemaData></ExtendedData>
      <Point><coordinates>73.8445205,20.0196194</coordinates></Point>
  </Placemark>
  <Placemark id="hospitals.615">
	<name>Shri Ram Multi-speciality Clinic, Nashik</name>
	<ExtendedData><SchemaData schemaUrl="#hospitals">
		<SimpleData name="Category">medical_clinic</SimpleData>
		<SimpleData name="Address">Shop No.01, Jatra hotel chaufuli, near SBI Bank and Swagat sweets, panchavati, Adgaon, shivar, Nashik, Maharashtra 422003, India</SimpleData>
		<SimpleData name="Latitude">20.0262759</SimpleData>
		<SimpleData name="Longitude">73.8426444</SimpleData>
		<SimpleData name="Rating">5</SimpleData>
		<SimpleData name="Place_ID">ChIJCWKHFC7B3TsR_djtiTq9bek</SimpleData>
		<SimpleData name="Distance_m">2332</SimpleData>
	</SchemaData></ExtendedData>
      <Point><coordinates>73.8426444,20.0262759</coordinates></Point>
  </Placemark>
  <Placemark id="hospitals.616">
	<name>Shree Gurudatta Multi-speciality Clinic</name>
	<ExtendedData><SchemaData schemaUrl="#hospitals">
		<SimpleData name="Category">medical_clinic</SimpleData>
		<SimpleData name="Address">Swaroop tulsi apartment, Behind hotel sayaji palace, Konark nagar, road, Kumbhar vasti, Panchvati, Nashik, Maharashtra 422003, India</SimpleData>
		<SimpleData name="Latitude">20.0254789</SimpleData>
		<SimpleData name="Longitude">73.84646</SimpleData>
		<SimpleData name="Rating">5</SimpleData>
		<SimpleData name="Place_ID">ChIJ3ybsnwHB3TsRCioQhVBgoiU</SimpleData>
		<SimpleData name="Distance_m">2000</SimpleData>
	</SchemaData></ExtendedData>
      <Point><coordinates>73.84646,20.0254789</coordinates></Point>
  </Placemark>
  <Placemark id="hospitals.617">
	<name>Dr VijayKumar Bhanuwanshe</name>
	<ExtendedData><SchemaData schemaUrl="#hospitals">
		<SimpleData name="Category">medical_clinic</SimpleData>
		<SimpleData name="Address">2VM8+367, Adgaon Rd, Adgaon, Nashik, Maharashtra 422003, India</SimpleData>
		<SimpleData name="Latitude">20.0326325</SimpleData>
		<SimpleData name="Longitude">73.8655401</SimpleData>
		<SimpleData name="Place_ID">ChIJ6YfuXwDB3TsRGau_69WYu-o</SimpleData>
		<SimpleData name="Distance_m">224</SimpleData>
	</SchemaData></ExtendedData>
      <Point><coordinates>73.8655401,20.0326325</coordinates></Point>
  </Placemark>
  <Placemark id="hospitals.618">
	<name>Skinnovation Skin Clinic</name>
	<ExtendedData><SchemaData schemaUrl="#hospitals">
		<SimpleData name="Category">medical_clinic</SimpleData>
		<SimpleData name="Address">Main Rd, near Mahamrityunjay mahadev mandir, opposite to mayur collection, Adgaon, Nashik, Maharashtra 422003, India</SimpleData>
		<SimpleData name="Latitude">20.0343265</SimpleData>
		<SimpleData name="Longitude">73.8653072</SimpleData>
		<SimpleData name="Place_ID">ChIJ80LdFevr3TsRI3MtGWel6kk</SimpleData>
		<SimpleData name="Distance_m">201</SimpleData>
	</SchemaData></ExtendedData>
      <Point><coordinates>73.8653072,20.0343265</coordinates></Point>
  </Placemark>
  <Placemark id="hospitals.619">
	<name>Sidhivinayak Clinic, Best Homoeopathic Clinic In Nashik, Dr. Nitin Damodar Jagtap</name>
	<ExtendedData><SchemaData schemaUrl="#hospitals">
		<SimpleData name="Category">medical_clinic</SimpleData>
		<SimpleData name="Address">5, Sakar Yug Vrundavan Nagar Ozhar, Adgaon Shivar, Jatra-Nandur Rd, Konark Nagar, Nashik, Maharashtra 422003, India</SimpleData>
		<SimpleData name="Latitude">20.0161032</SimpleData>
		<SimpleData name="Longitude">73.8433062</SimpleData>
		<SimpleData name="Rating">5</SimpleData>
		<SimpleData name="Place_ID">ChIJ54EvKlzB3TsR5YmxvWEdAGg</SimpleData>
		<SimpleData name="Distance_m">2870</SimpleData>
	</SchemaData></ExtendedData>
      <Point><coordinates>73.8433062,20.0161032</coordinates></Point>
  </Placemark>
  <Placemark id="hospitals.620">
	<name>Shree Niwas Clinic</name>
	<ExtendedData><SchemaData schemaUrl="#hospitals">
		<SimpleData name="Category">medical_clinic</SimpleData>
		<SimpleData name="Address">2VM8+X75, Adgaon Rd, Adgaon, Nashik, Maharashtra 422003, India</SimpleData>
		<SimpleData name="Latitude">20.0348885</SimpleData>
		<SimpleData name="Longitude">73.8657397</SimpleData>
		<SimpleData name="Place_ID">ChIJsQ890pTB3TsRRtcEWnMSVqY</SimpleData>
		<SimpleData name="Distance_m">272</SimpleData>
	</SchemaData></ExtendedData>
      <Point><coordinates>73.8657397,20.0348885</coordinates></Point>
  </Placemark>
  <Placemark id="hospitals.621">
	<name>Venu Clinic</name>
	<ExtendedData><SchemaData schemaUrl="#hospitals">
		<SimpleData name="Category">medical_clinic</SimpleData>
		<SimpleData name="Address">2VM8+F5Q, Adgaon, Nashik, Maharashtra 422003, India</SimpleData>
		<SimpleData name="Latitude">20.033724</SimpleData>
		<SimpleData name="Longitude">73.865472</SimpleData>
		<SimpleData name="Place_ID">ChIJqZcoLZXB3TsRXDtJfBu6iJw</SimpleData>
		<SimpleData name="Distance_m">197</SimpleData>
	</SchemaData></ExtendedData>
      <Point><coordinates>73.865472,20.033724</coordinates></Point>
  </Placemark>
  <Placemark id="hospitals.622">
	<name>shalyajay clinic</name>
	<ExtendedData><SchemaData schemaUrl="#hospitals">
		<SimpleData name="Category">medical_clinic</SimpleData>
		<SimpleData name="Address">Shop No 4, 2RFW+7H5 Abhishek Heights, Nashik - Pune Rd, Sri Ram Nagar, Shivaji Nagar, Nashik, Maharashtra 422003, India</SimpleData>
		<SimpleData name="Latitude">20.0231257</SimpleData>
		<SimpleData name="Longitude">73.8464693</SimpleData>
		<SimpleData name="Rating">5</SimpleData>
		<SimpleData name="Place_ID">ChIJmwnQGujr3TsRhp4UOPI6nRw</SimpleData>
		<SimpleData name="Distance_m">2129</SimpleData>
	</SchemaData></ExtendedData>
      <Point><coordinates>73.8464693,20.0231257</coordinates></Point>
  </Placemark>
  <Placemark id="hospitals.623">
	<name>NMC Hospital (Jijamata Hospital)</name>
	<ExtendedData><SchemaData schemaUrl="#hospitals">
		<SimpleData name="Category">hospital</SimpleData>
		<SimpleData name="Address">Old Mahanagar Palika, Main Rd, Shalimar, Nashik, Maharashtra 422001, India</SimpleData>
		<SimpleData name="Latitude">20.0025998</SimpleData>
		<SimpleData name="Longitude">73.7895817</SimpleData>
		<SimpleData name="Rating">4.4</SimpleData>
		<SimpleData name="Place_ID">ChIJXxJ3GKrr3TsR5rO4Zac9XXw</SimpleData>
		<SimpleData name="Distance_m">1737</SimpleData>
	</SchemaData></ExtendedData>
      <Point><coordinates>73.7895817,20.0025998</coordinates></Point>
  </Placemark>
  <Placemark id="hospitals.624">
	<name>Jijamata Hospital</name>
	<ExtendedData><SchemaData schemaUrl="#hospitals">
		<SimpleData name="Category">shopping_mall</SimpleData>
		<SimpleData name="Address">Shop No8, Annapurna Sankul, 1/6, Saraswati Ln, Dahipul, Naikwadi Pura, Panchavati, Nashik, Maharashtra 422001, India</SimpleData>
		<SimpleData name="Latitude">20.0025742</SimpleData>
		<SimpleData name="Longitude">73.789497</SimpleData>
		<SimpleData name="Rating">3.8</SimpleData>
		<SimpleData name="Place_ID">ChIJDXGOGKrr3TsRx4cV1EncwZo</SimpleData>
		<SimpleData name="Distance_m">810</SimpleData>
	</SchemaData></ExtendedData>
      <Point><coordinates>73.789497,20.0025742</coordinates></Point>
  </Placemark>
  <Placemark id="hospitals.625">
	<name>Vignaharta Clinic</name>
	<ExtendedData><SchemaData schemaUrl="#hospitals">
		<SimpleData name="Category">health</SimpleData>
		<SimpleData name="Address">Satmauli chowk, Shramik Nagar, Nashik, Maharashtra 422012, India</SimpleData>
		<SimpleData name="Latitude">19.9948394</SimpleData>
		<SimpleData name="Longitude">73.7112239</SimpleData>
		<SimpleData name="Place_ID">ChIJwc_dFADt3TsRVVxlQtyr5TY</SimpleData>
		<SimpleData name="Distance_m">825</SimpleData>
	</SchemaData></ExtendedData>
      <Point><coordinates>73.7112239,19.9948394</coordinates></Point>
  </Placemark>
  <Placemark id="hospitals.626">
	<name>Sushila Multispeciality Hospital</name>
	<ExtendedData><SchemaData schemaUrl="#hospitals">
		<SimpleData name="Category">hospital</SimpleData>
		<SimpleData name="Address">198, Carbon Naka, plot no. 197, pimpalgao bahula, behind carbon company, near shivaji nagar, Satpur Colony, Nashik, Maharashtra 422007, India</SimpleData>
		<SimpleData name="Latitude">20.001621</SimpleData>
		<SimpleData name="Longitude">73.711098</SimpleData>
		<SimpleData name="Rating">4.3</SimpleData>
		<SimpleData name="Place_ID">ChIJR6F1Ebjt3TsRIriVIPqcuP0</SimpleData>
		<SimpleData name="Distance_m">2092</SimpleData>
	</SchemaData></ExtendedData>
      <Point><coordinates>73.711098,20.001621</coordinates></Point>
  </Placemark>
  <Placemark id="hospitals.627">
	<name>Sanjeevani Hospital</name>
	<ExtendedData><SchemaData schemaUrl="#hospitals">
		<SimpleData name="Category">hospital</SimpleData>
		<SimpleData name="Address">2P55+9QJ Jijamata chauk, near Pinakeshwar Temple, Shivaji Nagar, Satpur Colony, Nashik, Maharashtra 422012, India</SimpleData>
		<SimpleData name="Latitude">20.0085256</SimpleData>
		<SimpleData name="Longitude">73.7086875</SimpleData>
		<SimpleData name="Rating">4.8</SimpleData>
		<SimpleData name="Place_ID">ChIJZ8sK8E7s3TsRlB9o5SFzKWQ</SimpleData>
		<SimpleData name="Distance_m">2498</SimpleData>
	</SchemaData></ExtendedData>
      <Point><coordinates>73.7086875,20.0085256</coordinates></Point>
  </Placemark>
  <Placemark id="hospitals.628">
	<name>Sankalp Hospital</name>
	<ExtendedData><SchemaData schemaUrl="#hospitals">
		<SimpleData name="Category">hospital</SimpleData>
		<SimpleData name="Address">Carbon Naka, Shivaji Nagar, Shramik Nagar, Nashik, Maharashtra 422012, India</SimpleData>
		<SimpleData name="Latitude">20.0023674</SimpleData>
		<SimpleData name="Longitude">73.7110597</SimpleData>
		<SimpleData name="Rating">4.1</SimpleData>
		<SimpleData name="Place_ID">ChIJQzXFilDs3TsRIcLPeM-MSC8</SimpleData>
		<SimpleData name="Distance_m">2102</SimpleData>
	</SchemaData></ExtendedData>
      <Point><coordinates>73.7110597,20.0023674</coordinates></Point>
  </Placemark>
  <Placemark id="hospitals.629">
	<name>Shree Sai Multispeciality Hospital</name>
	<ExtendedData><SchemaData schemaUrl="#hospitals">
		<SimpleData name="Category">hospital</SimpleData>
		<SimpleData name="Address">Near Mahadev Mandir, Shramik Nagar, Nashik, Maharashtra 422012, India</SimpleData>
		<SimpleData name="Latitude">19.9960286</SimpleData>
		<SimpleData name="Longitude">73.706398</SimpleData>
		<SimpleData name="Rating">4.8</SimpleData>
		<SimpleData name="Place_ID">ChIJVfSL1lXs3TsRaXt_Lneq7dI</SimpleData>
		<SimpleData name="Distance_m">2633</SimpleData>
	</SchemaData></ExtendedData>
      <Point><coordinates>73.706398,19.9960286</coordinates></Point>
  </Placemark>
  <Placemark id="hospitals.630">
	<name>Chintamani Clinic by Dr. Bagul</name>
	<ExtendedData><SchemaData schemaUrl="#hospitals">
		<SimpleData name="Category">medical_clinic</SimpleData>
		<SimpleData name="Address">Chintamani clinic, ground floor, Jai ganesh colony, opposite to raygad kirana, shramik nagar, near raygad kirana, Satpur Colony, Nashik, Maharashtra 422012, India</SimpleData>
		<SimpleData name="Latitude">19.9979398</SimpleData>
		<SimpleData name="Longitude">73.7006997</SimpleData>
		<SimpleData name="Rating">5</SimpleData>
		<SimpleData name="Place_ID">ChIJ4ZdF3ant3TsRZw2dHdcdMGE</SimpleData>
		<SimpleData name="Distance_m">1334</SimpleData>
	</SchemaData></ExtendedData>
      <Point><coordinates>73.7006997,19.9979398</coordinates></Point>
  </Placemark>
  <Placemark id="hospitals.631">
	<name>Unity Family Clinic</name>
	<ExtendedData><SchemaData schemaUrl="#hospitals">
		<SimpleData name="Category">medical_clinic</SimpleData>
		<SimpleData name="Address">XPW2+RF, Nashik, Maharashtra 422012, India</SimpleData>
		<SimpleData name="Latitude">19.9970737</SimpleData>
		<SimpleData name="Longitude">73.7011292</SimpleData>
		<SimpleData name="Rating">5</SimpleData>
		<SimpleData name="Place_ID">ChIJt7tNdwDt3TsRwA-h9sHtQTg</SimpleData>
		<SimpleData name="Distance_m">2273</SimpleData>
	</SchemaData></ExtendedData>
      <Point><coordinates>73.7011292,19.9970737</coordinates></Point>
  </Placemark>
  <Placemark id="hospitals.632">
	<name>Snehal Clinic</name>
	<ExtendedData><SchemaData schemaUrl="#hospitals">
		<SimpleData name="Category">doctor</SimpleData>
		<SimpleData name="Address">Shop No 1098, Near, Ambedkar Chowk, Swarbaba Nagar, Satpur Colony, Nashik, Maharashtra 422008, India</SimpleData>
		<SimpleData name="Latitude">19.9844409</SimpleData>
		<SimpleData name="Longitude">73.7476017</SimpleData>
		<SimpleData name="Place_ID">ChIJJc6sjJDt3TsRnD0mB9PhHmA</SimpleData>
		<SimpleData name="Distance_m">2498</SimpleData>
	</SchemaData></ExtendedData>
      <Point><coordinates>73.7476017,19.9844409</coordinates></Point>
  </Placemark>
  <Placemark id="hospitals.633">
	<name>Madhavbaug Satpur Clinic &amp; Dr. Joshi Ayurved Chikitsa Kendra</name>
	<ExtendedData><SchemaData schemaUrl="#hospitals">
		<SimpleData name="Category">health</SimpleData>
		<SimpleData name="Address">Dr. Joshi Nursing Home, Saubhaghya Lawns Lane, Plot No. 21, Trambakeshwar Rd, near Papaya Nursery, Ashoknagar, Satpur Colony, Nashik, Maharashtra 422012, India</SimpleData>
		<SimpleData name="Latitude">19.9865386</SimpleData>
		<SimpleData name="Longitude">73.722605</SimpleData>
		<SimpleData name="Rating">5</SimpleData>
		<SimpleData name="Place_ID">ChIJDXdpJArt3TsRLv1wlqskWVg</SimpleData>
		<SimpleData name="Distance_m">1808</SimpleData>
	</SchemaData></ExtendedData>
      <Point><coordinates>73.722605,19.9865386</coordinates></Point>
  </Placemark>
  <Placemark id="hospitals.634">
	<name>AVIM Heart &amp; Multi-speciality Hospital</name>
	<ExtendedData><SchemaData schemaUrl="#hospitals">
		<SimpleData name="Category">hospital</SimpleData>
		<SimpleData name="Address">2nd Floor, Navjyot Complex, Trambakeshwar Rd, opp. Indian Oil Petrol Pump, near Papaya Nursery, Ashoknagar, Satpur Colony, Nashik, Maharashtra 422007, India</SimpleData>
		<SimpleData name="Latitude">19.9852396</SimpleData>
		<SimpleData name="Longitude">73.7216658</SimpleData>
		<SimpleData name="Rating">5</SimpleData>
		<SimpleData name="Place_ID">ChIJ63klYgDt3TsRbQGghMlKrdk</SimpleData>
		<SimpleData name="Distance_m">1982</SimpleData>
	</SchemaData></ExtendedData>
      <Point><coordinates>73.7216658,19.9852396</coordinates></Point>
  </Placemark>
  <Placemark id="hospitals.635">
	<name>Reliable Super Speciality Hospital</name>
	<ExtendedData><SchemaData schemaUrl="#hospitals">
		<SimpleData name="Category">hospital</SimpleData>
		<SimpleData name="Address">Reliable Commercial Complex, Ambad Satpur Link Rd, opp. Bajrang Nagar, Medage Nagar, Nashik, Maharashtra 422010, India</SimpleData>
		<SimpleData name="Latitude">19.9782958</SimpleData>
		<SimpleData name="Longitude">73.7257478</SimpleData>
		<SimpleData name="Rating">4.8</SimpleData>
		<SimpleData name="Place_ID">ChIJcfPlWo3t3TsRskmyEoTwPwE</SimpleData>
		<SimpleData name="Distance_m">2553</SimpleData>
	</SchemaData></ExtendedData>
      <Point><coordinates>73.7257478,19.9782958</coordinates></Point>
  </Placemark>
  <Placemark id="hospitals.636">
	<name>Bagul Nursing Home &amp; HOPE IVF Center</name>
	<ExtendedData><SchemaData schemaUrl="#hospitals">
		<SimpleData name="Category">hospital</SimpleData>
		<SimpleData name="Address">Gat No. 476, Kuber Nagar, Plot No. 7-8, Trambakeshwar Rd, opposite Papaya Nursery, Satpur Colony, Nashik, Maharashtra 422213, India</SimpleData>
		<SimpleData name="Latitude">19.9839401</SimpleData>
		<SimpleData name="Longitude">73.7234671</SimpleData>
		<SimpleData name="Rating">4.9</SimpleData>
		<SimpleData name="Place_ID">ChIJ5VSS3ujt3TsRJUc6qNRjY_w</SimpleData>
		<SimpleData name="Distance_m">2027</SimpleData>
	</SchemaData></ExtendedData>
      <Point><coordinates>73.7234671,19.9839401</coordinates></Point>
  </Placemark>
  <Placemark id="hospitals.637">
	<name>Navjyot Maternity &amp; Nursing Home</name>
	<ExtendedData><SchemaData schemaUrl="#hospitals">
		<SimpleData name="Category">hospital</SimpleData>
		<SimpleData name="Address">Navjyot Nursing Home, XPPC+3JH Annapurna Hotel, Besides, Trambakeshwar Rd, near Papaya Signal, Ashoknagar, Satpur Colony, NashikNear, Nashik, Maharashtra 422007, India</SimpleData>
		<SimpleData name="Latitude">19.9852519</SimpleData>
		<SimpleData name="Longitude">73.7217837</SimpleData>
		<SimpleData name="Rating">5</SimpleData>
		<SimpleData name="Place_ID">ChIJ7T93DtXt3TsRC95Sk05234Y</SimpleData>
		<SimpleData name="Distance_m">1974</SimpleData>
	</SchemaData></ExtendedData>
      <Point><coordinates>73.7217837,19.9852519</coordinates></Point>
  </Placemark>
  <Placemark id="hospitals.638">
	<name>Joshi Nursing Home &amp; Ayurved Chikitsa Kendra - Madhavbaug clinic</name>
	<ExtendedData><SchemaData schemaUrl="#hospitals">
		<SimpleData name="Category">hospital</SimpleData>
		<SimpleData name="Address">Trambakeshwar Rd, near Papaya Nursery, Ashoknagar, Satpur Colony, Nashik, Maharashtra 422007, India</SimpleData>
		<SimpleData name="Latitude">19.9864776</SimpleData>
		<SimpleData name="Longitude">73.7226129</SimpleData>
		<SimpleData name="Rating">4.8</SimpleData>
		<SimpleData name="Place_ID">ChIJK6uhyIjs3TsRxAdncpuWVQw</SimpleData>
		<SimpleData name="Distance_m">1813</SimpleData>
	</SchemaData></ExtendedData>
      <Point><coordinates>73.7226129,19.9864776</coordinates></Point>
  </Placemark>
  <Placemark id="hospitals.639">
	<name>Aastha Maternity Hospital</name>
	<ExtendedData><SchemaData schemaUrl="#hospitals">
		<SimpleData name="Category">hospital</SimpleData>
		<SimpleData name="Address">Flat No.1, near Dakshinmukhi Maruti Mandir, Venu Nagar, Chanakya Nagar, Khutawad Nagar, Nashik, Maharashtra 422008, India</SimpleData>
		<SimpleData name="Latitude">19.9823119</SimpleData>
		<SimpleData name="Longitude">73.7482103</SimpleData>
		<SimpleData name="Rating">5</SimpleData>
		<SimpleData name="Place_ID">ChIJFfzqfZTr3TsR4CaW6cMO314</SimpleData>
		<SimpleData name="Distance_m">1100</SimpleData>
	</SchemaData></ExtendedData>
      <Point><coordinates>73.7482103,19.9823119</coordinates></Point>
  </Placemark>
  <Placemark id="hospitals.640">
	<name>Samarth Hospital</name>
	<ExtendedData><SchemaData schemaUrl="#hospitals">
		<SimpleData name="Category">hospital</SimpleData>
		<SimpleData name="Address">XPCC+HQW, Ambad Satpur Link Rd, Near Ganesh Mandir, Chunchale Shiwar, Nashik, Maharashtra 422010, India</SimpleData>
		<SimpleData name="Latitude">19.9714812</SimpleData>
		<SimpleData name="Longitude">73.7219501</SimpleData>
		<SimpleData name="Rating">3.5</SimpleData>
		<SimpleData name="Place_ID">ChIJT3aVKMDs3TsRtHbsssRSP1w</SimpleData>
		<SimpleData name="Distance_m">2610</SimpleData>
	</SchemaData></ExtendedData>
      <Point><coordinates>73.7219501,19.9714812</coordinates></Point>
  </Placemark>
  <Placemark id="hospitals.641">
	<name>Arogya vardhini kendra Bhor town ship satpur nashik</name>
	<ExtendedData><SchemaData schemaUrl="#hospitals">
		<SimpleData name="Category">hospital</SimpleData>
		<SimpleData name="Address">Ambad Satpur Link Road, Bhor Town Ship, XPCF+8Q2, Chunchale, Nashik, Maharashtra 422010, India</SimpleData>
		<SimpleData name="Latitude">19.9707727</SimpleData>
		<SimpleData name="Longitude">73.7243802</SimpleData>
		<SimpleData name="Place_ID">ChIJ3SPgKADt3TsRdMm19ic8Rw0</SimpleData>
		<SimpleData name="Distance_m">2361</SimpleData>
	</SchemaData></ExtendedData>
      <Point><coordinates>73.7243802,19.9707727</coordinates></Point>
  </Placemark>
  <Placemark id="hospitals.642">
	<name>Tirupati Multispeciality Hospital pvt ltd</name>
	<ExtendedData><SchemaData schemaUrl="#hospitals">
		<SimpleData name="Category">hospital</SimpleData>
		<SimpleData name="Address">1 st floor, Deeplaxmi plaza, behind Indian oil petrol pump, Ambad, Chunchale, Nashik, Maharashtra 422010, India</SimpleData>
		<SimpleData name="Latitude">19.9718021</SimpleData>
		<SimpleData name="Longitude">73.7238681</SimpleData>
		<SimpleData name="Rating">4.4</SimpleData>
		<SimpleData name="Place_ID">ChIJuXOB9Lbt3TsRqEoEkMIFi0Q</SimpleData>
		<SimpleData name="Distance_m">2408</SimpleData>
	</SchemaData></ExtendedData>
      <Point><coordinates>73.7238681,19.9718021</coordinates></Point>
  </Placemark>
  <Placemark id="hospitals.643">
	<name>Sai Swaraj Multispeciality Hospital</name>
	<ExtendedData><SchemaData schemaUrl="#hospitals">
		<SimpleData name="Category">hospital</SimpleData>
		<SimpleData name="Address">Surya Complex, room no 2, Jadhav Sankul, Survey No. 108, Ambad Satpur Link Rd, near Ganapati Mandir, Chunchale Shivar, Medage Nagar, Nashik, Maharashtra 422010, India</SimpleData>
		<SimpleData name="Latitude">19.97372</SimpleData>
		<SimpleData name="Longitude">73.7214247</SimpleData>
		<SimpleData name="Rating">5</SimpleData>
		<SimpleData name="Place_ID">ChIJ9WJ8Qlvt3TsRqIe5bSa6RvU</SimpleData>
		<SimpleData name="Distance_m">2666</SimpleData>
	</SchemaData></ExtendedData>
      <Point><coordinates>73.7214247,19.97372</coordinates></Point>
  </Placemark>
  <Placemark id="hospitals.644">
	<name>City Clinic</name>
	<ExtendedData><SchemaData schemaUrl="#hospitals">
		<SimpleData name="Category">hospital</SimpleData>
		<SimpleData name="Address">City clinic, Ambad Satpur Link Rd, Sanjeev Nagar, Nashik, Maharashtra 422010, India</SimpleData>
		<SimpleData name="Latitude">19.9692681</SimpleData>
		<SimpleData name="Longitude">73.7293312</SimpleData>
		<SimpleData name="Rating">5</SimpleData>
		<SimpleData name="Place_ID">ChIJSXkhEsjt3TsRTEo8cnVZL1c</SimpleData>
		<SimpleData name="Distance_m">1871</SimpleData>
	</SchemaData></ExtendedData>
      <Point><coordinates>73.7293312,19.9692681</coordinates></Point>
  </Placemark>
  <Placemark id="hospitals.645">
	<name>Hari Om Nursing Home | Ayurveda, General Physician, Diagnostics Lab | Shramik Nagar, Nashik</name>
	<ExtendedData><SchemaData schemaUrl="#hospitals">
		<SimpleData name="Category">doctor</SimpleData>
		<SimpleData name="Address">01, Ashoknagar, Shramik Nagar, Nashik, Maharashtra 422012, India</SimpleData>
		<SimpleData name="Latitude">19.991874</SimpleData>
		<SimpleData name="Longitude">73.7094858</SimpleData>
		<SimpleData name="Rating">5</SimpleData>
		<SimpleData name="Place_ID">ChIJvXDi9fjs3TsRtvUczv1V0bw</SimpleData>
		<SimpleData name="Distance_m">1930</SimpleData>
	</SchemaData></ExtendedData>
      <Point><coordinates>73.7094858,19.991874</coordinates></Point>
  </Placemark>
  <Placemark id="hospitals.646">
	<name>Dhanwantari Clinic</name>
	<ExtendedData><SchemaData schemaUrl="#hospitals">
		<SimpleData name="Category">medical_clinic</SimpleData>
		<SimpleData name="Address">Balaji Apartment, Radhe Krishna Nagar, Ashoknagar, Satpur Colony, Nashik, Maharashtra 422012, India</SimpleData>
		<SimpleData name="Latitude">19.9928144</SimpleData>
		<SimpleData name="Longitude">73.7064531</SimpleData>
		<SimpleData name="Rating">5</SimpleData>
		<SimpleData name="Place_ID">ChIJc0rfUBHt3TsR4wkyM8QDp3I</SimpleData>
		<SimpleData name="Distance_m">2721</SimpleData>
	</SchemaData></ExtendedData>
      <Point><coordinates>73.7064531,19.9928144</coordinates></Point>
  </Placemark>
</Folder>
</Document></kml>
