<?xml version="1.0" encoding="UTF-8"?>
<kml xmlns="http://www.opengis.net/kml/2.2">
  <Document>
    <name><![CDATA[Hotel & Accommdation]]></name>
    <Style id="icon-1899-3949AB-normal">
      <IconStyle>
        <color>ffab4939</color>
        <scale>1</scale>
        <Icon>
          <href>https://www.gstatic.com/mapspro/images/stock/503-wht-blank_maps.png</href>
        </Icon>
        <hotSpot x="32" xunits="pixels" y="64" yunits="insetPixels"/>
      </IconStyle>
      <LabelStyle>
        <scale>0</scale>
      </LabelStyle>
    </Style>
    <Style id="icon-1899-3949AB-highlight">
      <IconStyle>
        <color>ffab4939</color>
        <scale>1</scale>
        <Icon>
          <href>https://www.gstatic.com/mapspro/images/stock/503-wht-blank_maps.png</href>
        </Icon>
        <hotSpot x="32" xunits="pixels" y="64" yunits="insetPixels"/>
      </IconStyle>
      <LabelStyle>
        <scale>1</scale>
      </LabelStyle>
    </Style>
    <StyleMap id="icon-1899-3949AB">
      <Pair>
        <key>normal</key>
        <styleUrl>#icon-1899-3949AB-normal</styleUrl>
      </Pair>
      <Pair>
        <key>highlight</key>
        <styleUrl>#icon-1899-3949AB-highlight</styleUrl>
      </Pair>
    </StyleMap>
    <Placemark>
      <name>HOTEL RIO INN</name>
      <description><![CDATA[Source_File: Nashik_to_Trimbak_Establishments 1.xlsx<br>Source_Sheet: Sheet1<br>Place_ID: ChIJvzqgw8b13TsR-DdDzuFlFig<br>Address: opposite to GOVT GUEST HOUSE, near MECB SUBSTATION, TRIMBAKESHWER, Trimbak, Maharashtra 422212, India<br>Latitude: 19.9415595<br>Longitude: 73.5417379<br>Google_Maps: https://maps.google.com/?cid=2888608231507310584&g_mp=Cidnb29nbGUubWFwcy5wbGFjZXMudjEuUGxhY2VzLlNlYXJjaFRleHQQAhgEIAA<br>Business_Status: OPERATIONAL<br>Rating: 4.8<br>User_Rating_Count: 1823<br>Primary_Type: hotel<br>Types: hotel, extended_stay_hotel, lodging, point_of_interest, establishment<br>Establishment_Category: hotels accommodation<br>Waypoint: Anjaneri<br>Waypoint_Latitude: 19.995<br>Waypoint_Longitude: 73.545<br>Establishment_Type: hotels accommodation<br>Search_Term: <br>Establishment_Name: <br>Category_EST: Hotel <br>Search_Location: <br>Search_Latitude: <br>Search_Longitude: ]]></description>
      <styleUrl>#icon-1899-3949AB</styleUrl>
      <ExtendedData>
        <Data name="Source_File">
          <value>Nashik_to_Trimbak_Establishments 1.xlsx</value>
        </Data>
        <Data name="Source_Sheet">
          <value>Sheet1</value>
        </Data>
        <Data name="Place_ID">
          <value>ChIJvzqgw8b13TsR-DdDzuFlFig</value>
        </Data>
        <Data name="Address">
          <value>opposite to GOVT GUEST HOUSE, near MECB SUBSTATION, TRIMBAKESHWER, Trimbak, Maharashtra 422212, India</value>
        </Data>
        <Data name="Latitude">
          <value>19.9415595</value>
        </Data>
        <Data name="Longitude">
          <value>73.5417379</value>
        </Data>
        <Data name="Google_Maps">
          <value><![CDATA[https://maps.google.com/?cid=2888608231507310584&g_mp=Cidnb29nbGUubWFwcy5wbGFjZXMudjEuUGxhY2VzLlNlYXJjaFRleHQQAhgEIAA]]></value>
        </Data>
        <Data name="Business_Status">
          <value>OPERATIONAL</value>
        </Data>
        <Data name="Rating">
          <value>4.8</value>
        </Data>
        <Data name="User_Rating_Count">
          <value>1823.0</value>
        </Data>
        <Data name="Primary_Type">
          <value>hotel</value>
        </Data>
        <Data name="Types">
          <value>hotel, extended_stay_hotel, lodging, point_of_interest, establishment</value>
        </Data>
        <Data name="Establishment_Category">
          <value>hotels accommodation</value>
        </Data>
        <Data name="Waypoint">
          <value>Anjaneri</value>
        </Data>
        <Data name="Waypoint_Latitude">
          <value>19.995</value>
        </Data>
        <Data name="Waypoint_Longitude">
          <value>73.545</value>
        </Data>
        <Data name="Establishment_Type">
          <value>hotels accommodation</value>
        </Data>
        <Data name="Search_Term">
          <value/>
        </Data>
        <Data name="Establishment_Name">
          <value/>
        </Data>
        <Data name="Category_EST">
          <value>Hotel </value>
        </Data>
        <Data name="Search_Location">
          <value/>
        </Data>
        <Data name="Search_Latitude">
          <value/>
        </Data>
        <Data name="Search_Longitude">
          <value/>
        </Data>
      </ExtendedData>
      <Point>
        <coordinates>
          73.5417379,19.9415595,0
        </coordinates>
      </Point>
    </Placemark>
    <Placemark>
      <name>HOTEL RUDRA INN</name>
      <description><![CDATA[Source_File: Nashik_to_Trimbak_Establishments 1.xlsx<br>Source_Sheet: Sheet1<br>Place_ID: ChIJjyG0DAD13TsRqJxw8hqwjHk<br>Address: Nivrutti Nath Rd, behind Sundarabai Math, Trimbak, Maharashtra 422212, India<br>Latitude: 19.9346471<br>Longitude: 73.5278744<br>Google_Maps: https://maps.google.com/?cid=8758569005111876776&g_mp=Cidnb29nbGUubWFwcy5wbGFjZXMudjEuUGxhY2VzLlNlYXJjaFRleHQQAhgEIAA<br>Business_Status: OPERATIONAL<br>Rating: 4.4<br>User_Rating_Count: 189<br>Primary_Type: hotel<br>Types: hotel, lodging, point_of_interest, establishment<br>Establishment_Category: hotels accommodation<br>Waypoint: Anjaneri<br>Waypoint_Latitude: 19.995<br>Waypoint_Longitude: 73.545<br>Establishment_Type: hotels accommodation<br>Search_Term: <br>Establishment_Name: <br>Category_EST: Hotel <br>Search_Location: <br>Search_Latitude: <br>Search_Longitude: ]]></description>
      <styleUrl>#icon-1899-3949AB</styleUrl>
      <ExtendedData>
        <Data name="Source_File">
          <value>Nashik_to_Trimbak_Establishments 1.xlsx</value>
        </Data>
        <Data name="Source_Sheet">
          <value>Sheet1</value>
        </Data>
        <Data name="Place_ID">
          <value>ChIJjyG0DAD13TsRqJxw8hqwjHk</value>
        </Data>
        <Data name="Address">
          <value>Nivrutti Nath Rd, behind Sundarabai Math, Trimbak, Maharashtra 422212, India</value>
        </Data>
        <Data name="Latitude">
          <value>19.9346471</value>
        </Data>
        <Data name="Longitude">
          <value>73.5278744</value>
        </Data>
        <Data name="Google_Maps">
          <value><![CDATA[https://maps.google.com/?cid=8758569005111876776&g_mp=Cidnb29nbGUubWFwcy5wbGFjZXMudjEuUGxhY2VzLlNlYXJjaFRleHQQAhgEIAA]]></value>
        </Data>
        <Data name="Business_Status">
          <value>OPERATIONAL</value>
        </Data>
        <Data name="Rating">
          <value>4.4</value>
        </Data>
        <Data name="User_Rating_Count">
          <value>189.0</value>
        </Data>
        <Data name="Primary_Type">
          <value>hotel</value>
        </Data>
        <Data name="Types">
          <value>hotel, lodging, point_of_interest, establishment</value>
        </Data>
        <Data name="Establishment_Category">
          <value>hotels accommodation</value>
        </Data>
        <Data name="Waypoint">
          <value>Anjaneri</value>
        </Data>
        <Data name="Waypoint_Latitude">
          <value>19.995</value>
        </Data>
        <Data name="Waypoint_Longitude">
          <value>73.545</value>
        </Data>
        <Data name="Establishment_Type">
          <value>hotels accommodation</value>
        </Data>
        <Data name="Search_Term">
          <value/>
        </Data>
        <Data name="Establishment_Name">
          <value/>
        </Data>
        <Data name="Category_EST">
          <value>Hotel </value>
        </Data>
        <Data name="Search_Location">
          <value/>
        </Data>
        <Data name="Search_Latitude">
          <value/>
        </Data>
        <Data name="Search_Longitude">
          <value/>
        </Data>
      </ExtendedData>
      <Point>
        <coordinates>
          73.5278744,19.9346471,0
        </coordinates>
      </Point>
    </Placemark>
    <Placemark>
      <name>Hotel Dhruv Palace</name>
      <description><![CDATA[Source_File: Nashik_to_Trimbak_Establishments 1.xlsx<br>Source_Sheet: Sheet1<br>Place_ID: ChIJGx8bP8_q3TsRixonbe0yOPQ<br>Address: Sri Krishna Colony, Satyanarayan Temple Main Rd, Trimbak, Maharashtra 422212, India<br>Latitude: 19.9364618<br>Longitude: 73.5342161<br>Google_Maps: https://maps.google.com/?cid=17597871539270130315&g_mp=Cidnb29nbGUubWFwcy5wbGFjZXMudjEuUGxhY2VzLlNlYXJjaFRleHQQAhgEIAA<br>Business_Status: OPERATIONAL<br>Rating: 4<br>User_Rating_Count: 2259<br>Primary_Type: hotel<br>Types: hotel, extended_stay_hotel, lodging, restaurant, food, point_of_interest, establishment<br>Establishment_Category: hotels accommodation<br>Waypoint: Anjaneri<br>Waypoint_Latitude: 19.995<br>Waypoint_Longitude: 73.545<br>Establishment_Type: hotels accommodation<br>Search_Term: <br>Establishment_Name: <br>Category_EST: Hotel <br>Search_Location: <br>Search_Latitude: <br>Search_Longitude: ]]></description>
      <styleUrl>#icon-1899-3949AB</styleUrl>
      <ExtendedData>
        <Data name="Source_File">
          <value>Nashik_to_Trimbak_Establishments 1.xlsx</value>
        </Data>
        <Data name="Source_Sheet">
          <value>Sheet1</value>
        </Data>
        <Data name="Place_ID">
          <value>ChIJGx8bP8_q3TsRixonbe0yOPQ</value>
        </Data>
        <Data name="Address">
          <value>Sri Krishna Colony, Satyanarayan Temple Main Rd, Trimbak, Maharashtra 422212, India</value>
        </Data>
        <Data name="Latitude">
          <value>19.9364618</value>
        </Data>
        <Data name="Longitude">
          <value>73.5342161</value>
        </Data>
        <Data name="Google_Maps">
          <value><![CDATA[https://maps.google.com/?cid=17597871539270130315&g_mp=Cidnb29nbGUubWFwcy5wbGFjZXMudjEuUGxhY2VzLlNlYXJjaFRleHQQAhgEIAA]]></value>
        </Data>
        <Data name="Business_Status">
          <value>OPERATIONAL</value>
        </Data>
        <Data name="Rating">
          <value>4.0</value>
        </Data>
        <Data name="User_Rating_Count">
          <value>2259.0</value>
        </Data>
        <Data name="Primary_Type">
          <value>hotel</value>
        </Data>
        <Data name="Types">
          <value>hotel, extended_stay_hotel, lodging, restaurant, food, point_of_interest, establishment</value>
        </Data>
        <Data name="Establishment_Category">
          <value>hotels accommodation</value>
        </Data>
        <Data name="Waypoint">
          <value>Anjaneri</value>
        </Data>
        <Data name="Waypoint_Latitude">
          <value>19.995</value>
        </Data>
        <Data name="Waypoint_Longitude">
          <value>73.545</value>
        </Data>
        <Data name="Establishment_Type">
          <value>hotels accommodation</value>
        </Data>
        <Data name="Search_Term">
          <value/>
        </Data>
        <Data name="Establishment_Name">
          <value/>
        </Data>
        <Data name="Category_EST">
          <value>Hotel </value>
        </Data>
        <Data name="Search_Location">
          <value/>
        </Data>
        <Data name="Search_Latitude">
          <value/>
        </Data>
        <Data name="Search_Longitude">
          <value/>
        </Data>
      </ExtendedData>
      <Point>
        <coordinates>
          73.5342161,19.9364618,0
        </coordinates>
      </Point>
    </Placemark>
    <Placemark>
      <name>Hotel Sai Yatri</name>
      <description><![CDATA[Source_File: Nashik_to_Trimbak_Establishments 1.xlsx<br>Source_Sheet: Sheet1<br>Place_ID: ChIJiT0LcMv03TsRUl2jSBY73rU<br>Address: opp. Main Shiv Mandir, near Bus Stop, Trimbak, Maharashtra 422212, India<br>Latitude: 19.9330065<br>Longitude: 73.5307988<br>Google_Maps: https://maps.google.com/?cid=13104976932588707154&g_mp=Cidnb29nbGUubWFwcy5wbGFjZXMudjEuUGxhY2VzLlNlYXJjaFRleHQQAhgEIAA<br>Business_Status: OPERATIONAL<br>Rating: 3.7<br>User_Rating_Count: 938<br>Primary_Type: hotel<br>Types: hotel, lodging, point_of_interest, establishment<br>Establishment_Category: hotels accommodation<br>Waypoint: Anjaneri<br>Waypoint_Latitude: 19.995<br>Waypoint_Longitude: 73.545<br>Establishment_Type: hotels accommodation<br>Search_Term: <br>Establishment_Name: <br>Category_EST: Hotel <br>Search_Location: <br>Search_Latitude: <br>Search_Longitude: ]]></description>
      <styleUrl>#icon-1899-3949AB</styleUrl>
      <ExtendedData>
        <Data name="Source_File">
          <value>Nashik_to_Trimbak_Establishments 1.xlsx</value>
        </Data>
        <Data name="Source_Sheet">
          <value>Sheet1</value>
        </Data>
        <Data name="Place_ID">
          <value>ChIJiT0LcMv03TsRUl2jSBY73rU</value>
        </Data>
        <Data name="Address">
          <value>opp. Main Shiv Mandir, near Bus Stop, Trimbak, Maharashtra 422212, India</value>
        </Data>
        <Data name="Latitude">
          <value>19.9330065</value>
        </Data>
        <Data name="Longitude">
          <value>73.5307988</value>
        </Data>
        <Data name="Google_Maps">
          <value><![CDATA[https://maps.google.com/?cid=13104976932588707154&g_mp=Cidnb29nbGUubWFwcy5wbGFjZXMudjEuUGxhY2VzLlNlYXJjaFRleHQQAhgEIAA]]></value>
        </Data>
        <Data name="Business_Status">
          <value>OPERATIONAL</value>
        </Data>
        <Data name="Rating">
          <value>3.7</value>
        </Data>
        <Data name="User_Rating_Count">
          <value>938.0</value>
        </Data>
        <Data name="Primary_Type">
          <value>hotel</value>
        </Data>
        <Data name="Types">
          <value>hotel, lodging, point_of_interest, establishment</value>
        </Data>
        <Data name="Establishment_Category">
          <value>hotels accommodation</value>
        </Data>
        <Data name="Waypoint">
          <value>Anjaneri</value>
        </Data>
        <Data name="Waypoint_Latitude">
          <value>19.995</value>
        </Data>
        <Data name="Waypoint_Longitude">
          <value>73.545</value>
        </Data>
        <Data name="Establishment_Type">
          <value>hotels accommodation</value>
        </Data>
        <Data name="Search_Term">
          <value/>
        </Data>
        <Data name="Establishment_Name">
          <value/>
        </Data>
        <Data name="Category_EST">
          <value>Hotel </value>
        </Data>
        <Data name="Search_Location">
          <value/>
        </Data>
        <Data name="Search_Latitude">
          <value/>
        </Data>
        <Data name="Search_Longitude">
          <value/>
        </Data>
      </ExtendedData>
      <Point>
        <coordinates>
          73.5307988,19.9330065,0
        </coordinates>
      </Point>
    </Placemark>
    <Placemark>
      <name>Silver Sun Resort</name>
      <description><![CDATA[Source_File: Nashik_to_Trimbak_Establishments 1.xlsx<br>Source_Sheet: Sheet1<br>Place_ID: ChIJH6zjBx3z3TsRaa9sxjKzLBM<br>Address: Trimbakeshwar Rd, Anjaneri, Khambale, Maharashtra 422213, India<br>Latitude: 19.9579443<br>Longitude: 73.6154477<br>Google_Maps: https://maps.google.com/?cid=1381676216354647913&g_mp=Cidnb29nbGUubWFwcy5wbGFjZXMudjEuUGxhY2VzLlNlYXJjaFRleHQQAhgEIAA<br>Business_Status: OPERATIONAL<br>Rating: 4.3<br>User_Rating_Count: 30<br>Primary_Type: resort_hotel<br>Types: resort_hotel, hotel, lodging, point_of_interest, establishment<br>Establishment_Category: hotels accommodation<br>Waypoint: Anjaneri<br>Waypoint_Latitude: 19.995<br>Waypoint_Longitude: 73.545<br>Establishment_Type: hotels accommodation<br>Search_Term: <br>Establishment_Name: <br>Category_EST: Hotel <br>Search_Location: <br>Search_Latitude: <br>Search_Longitude: ]]></description>
      <styleUrl>#icon-1899-3949AB</styleUrl>
      <ExtendedData>
        <Data name="Source_File">
          <value>Nashik_to_Trimbak_Establishments 1.xlsx</value>
        </Data>
        <Data name="Source_Sheet">
          <value>Sheet1</value>
        </Data>
        <Data name="Place_ID">
          <value>ChIJH6zjBx3z3TsRaa9sxjKzLBM</value>
        </Data>
        <Data name="Address">
          <value>Trimbakeshwar Rd, Anjaneri, Khambale, Maharashtra 422213, India</value>
        </Data>
        <Data name="Latitude">
          <value>19.9579443</value>
        </Data>
        <Data name="Longitude">
          <value>73.6154477</value>
        </Data>
        <Data name="Google_Maps">
          <value><![CDATA[https://maps.google.com/?cid=1381676216354647913&g_mp=Cidnb29nbGUubWFwcy5wbGFjZXMudjEuUGxhY2VzLlNlYXJjaFRleHQQAhgEIAA]]></value>
        </Data>
        <Data name="Business_Status">
          <value>OPERATIONAL</value>
        </Data>
        <Data name="Rating">
          <value>4.3</value>
        </Data>
        <Data name="User_Rating_Count">
          <value>30.0</value>
        </Data>
        <Data name="Primary_Type">
          <value>resort_hotel</value>
        </Data>
        <Data name="Types">
          <value>resort_hotel, hotel, lodging, point_of_interest, establishment</value>
        </Data>
        <Data name="Establishment_Category">
          <value>hotels accommodation</value>
        </Data>
        <Data name="Waypoint">
          <value>Anjaneri</value>
        </Data>
        <Data name="Waypoint_Latitude">
          <value>19.995</value>
        </Data>
        <Data name="Waypoint_Longitude">
          <value>73.545</value>
        </Data>
        <Data name="Establishment_Type">
          <value>hotels accommodation</value>
        </Data>
        <Data name="Search_Term">
          <value/>
        </Data>
        <Data name="Establishment_Name">
          <value/>
        </Data>
        <Data name="Category_EST">
          <value>Hotel </value>
        </Data>
        <Data name="Search_Location">
          <value/>
        </Data>
        <Data name="Search_Latitude">
          <value/>
        </Data>
        <Data name="Search_Longitude">
          <value/>
        </Data>
      </ExtendedData>
      <Point>
        <coordinates>
          73.6154477,19.9579443,0
        </coordinates>
      </Point>
    </Placemark>
    <Placemark>
      <name>TIGER VILLA RESORT</name>
      <description><![CDATA[Source_File: Nashik_to_Trimbak_Establishments 1.xlsx<br>Source_Sheet: Sheet1<br>Place_ID: ChIJKSt_TUnz3TsRUArfYbUJqLs<br>Address: Trimbakeshwar Khambale Village, WJVF+72X, near Casa Green Resturant and Resport, Nashik, Vadholi, Maharashtra 422213, India<br>Latitude: 19.9432666<br>Longitude: 73.6226017<br>Google_Maps: https://maps.google.com/?cid=13522068555815651920&g_mp=Cidnb29nbGUubWFwcy5wbGFjZXMudjEuUGxhY2VzLlNlYXJjaFRleHQQAhgEIAA<br>Business_Status: OPERATIONAL<br>Rating: 3.5<br>User_Rating_Count: 11<br>Primary_Type: hotel<br>Types: hotel, lodging, point_of_interest, establishment<br>Establishment_Category: hotels accommodation<br>Waypoint: Anjaneri<br>Waypoint_Latitude: 19.995<br>Waypoint_Longitude: 73.545<br>Establishment_Type: hotels accommodation<br>Search_Term: <br>Establishment_Name: <br>Category_EST: Hotel <br>Search_Location: <br>Search_Latitude: <br>Search_Longitude: ]]></description>
      <styleUrl>#icon-1899-3949AB</styleUrl>
      <ExtendedData>
        <Data name="Source_File">
          <value>Nashik_to_Trimbak_Establishments 1.xlsx</value>
        </Data>
        <Data name="Source_Sheet">
          <value>Sheet1</value>
        </Data>
        <Data name="Place_ID">
          <value>ChIJKSt_TUnz3TsRUArfYbUJqLs</value>
        </Data>
        <Data name="Address">
          <value>Trimbakeshwar Khambale Village, WJVF+72X, near Casa Green Resturant and Resport, Nashik, Vadholi, Maharashtra 422213, India</value>
        </Data>
        <Data name="Latitude">
          <value>19.9432666</value>
        </Data>
        <Data name="Longitude">
          <value>73.6226017</value>
        </Data>
        <Data name="Google_Maps">
          <value><![CDATA[https://maps.google.com/?cid=13522068555815651920&g_mp=Cidnb29nbGUubWFwcy5wbGFjZXMudjEuUGxhY2VzLlNlYXJjaFRleHQQAhgEIAA]]></value>
        </Data>
        <Data name="Business_Status">
          <value>OPERATIONAL</value>
        </Data>
        <Data name="Rating">
          <value>3.5</value>
        </Data>
        <Data name="User_Rating_Count">
          <value>11.0</value>
        </Data>
        <Data name="Primary_Type">
          <value>hotel</value>
        </Data>
        <Data name="Types">
          <value>hotel, lodging, point_of_interest, establishment</value>
        </Data>
        <Data name="Establishment_Category">
          <value>hotels accommodation</value>
        </Data>
        <Data name="Waypoint">
          <value>Anjaneri</value>
        </Data>
        <Data name="Waypoint_Latitude">
          <value>19.995</value>
        </Data>
        <Data name="Waypoint_Longitude">
          <value>73.545</value>
        </Data>
        <Data name="Establishment_Type">
          <value>hotels accommodation</value>
        </Data>
        <Data name="Search_Term">
          <value/>
        </Data>
        <Data name="Establishment_Name">
          <value/>
        </Data>
        <Data name="Category_EST">
          <value>Hotel </value>
        </Data>
        <Data name="Search_Location">
          <value/>
        </Data>
        <Data name="Search_Latitude">
          <value/>
        </Data>
        <Data name="Search_Longitude">
          <value/>
        </Data>
      </ExtendedData>
      <Point>
        <coordinates>
          73.6226017,19.9432666,0
        </coordinates>
      </Point>
    </Placemark>
    <Placemark>
      <name>Dwarka inn</name>
      <description><![CDATA[Source_File: Nashik_to_Trimbak_Establishments 1.xlsx<br>Source_Sheet: Sheet1<br>Place_ID: ChIJzVlNDAD13TsR6_CPGjINHI8<br>Address: WGRR+HRJ, Trimbak, Maharashtra 422212, India<br>Latitude: 19.9414746<br>Longitude: 73.542<br>Google_Maps: https://maps.google.com/?cid=10312131755616760043&g_mp=Cidnb29nbGUubWFwcy5wbGFjZXMudjEuUGxhY2VzLlNlYXJjaFRleHQQAhgEIAA<br>Business_Status: OPERATIONAL<br>Rating: 4<br>User_Rating_Count: 27<br>Primary_Type: hotel<br>Types: hotel, lodging, point_of_interest, establishment<br>Establishment_Category: hotels accommodation<br>Waypoint: Beze<br>Waypoint_Latitude: 20.04<br>Waypoint_Longitude: 73.63<br>Establishment_Type: hotels accommodation<br>Search_Term: <br>Establishment_Name: <br>Category_EST: Hotel <br>Search_Location: <br>Search_Latitude: <br>Search_Longitude: ]]></description>
      <styleUrl>#icon-1899-3949AB</styleUrl>
      <ExtendedData>
        <Data name="Source_File">
          <value>Nashik_to_Trimbak_Establishments 1.xlsx</value>
        </Data>
        <Data name="Source_Sheet">
          <value>Sheet1</value>
        </Data>
        <Data name="Place_ID">
          <value>ChIJzVlNDAD13TsR6_CPGjINHI8</value>
        </Data>
        <Data name="Address">
          <value>WGRR+HRJ, Trimbak, Maharashtra 422212, India</value>
        </Data>
        <Data name="Latitude">
          <value>19.9414746</value>
        </Data>
        <Data name="Longitude">
          <value>73.542</value>
        </Data>
        <Data name="Google_Maps">
          <value><![CDATA[https://maps.google.com/?cid=10312131755616760043&g_mp=Cidnb29nbGUubWFwcy5wbGFjZXMudjEuUGxhY2VzLlNlYXJjaFRleHQQAhgEIAA]]></value>
        </Data>
        <Data name="Business_Status">
          <value>OPERATIONAL</value>
        </Data>
        <Data name="Rating">
          <value>4.0</value>
        </Data>
        <Data name="User_Rating_Count">
          <value>27.0</value>
        </Data>
        <Data name="Primary_Type">
          <value>hotel</value>
        </Data>
        <Data name="Types">
          <value>hotel, lodging, point_of_interest, establishment</value>
        </Data>
        <Data name="Establishment_Category">
          <value>hotels accommodation</value>
        </Data>
        <Data name="Waypoint">
          <value>Beze</value>
        </Data>
        <Data name="Waypoint_Latitude">
          <value>20.04</value>
        </Data>
        <Data name="Waypoint_Longitude">
          <value>73.63</value>
        </Data>
        <Data name="Establishment_Type">
          <value>hotels accommodation</value>
        </Data>
        <Data name="Search_Term">
          <value/>
        </Data>
        <Data name="Establishment_Name">
          <value/>
        </Data>
        <Data name="Category_EST">
          <value>Hotel </value>
        </Data>
        <Data name="Search_Location">
          <value/>
        </Data>
        <Data name="Search_Latitude">
          <value/>
        </Data>
        <Data name="Search_Longitude">
          <value/>
        </Data>
      </ExtendedData>
      <Point>
        <coordinates>
          73.542,19.9414746,0
        </coordinates>
      </Point>
    </Placemark>
    <Placemark>
      <name>FabHotel Sitara Inn</name>
      <description><![CDATA[Source_File: Nashik_to_Trimbak_Establishments 1.xlsx<br>Source_Sheet: Sheet1<br>Place_ID: ChIJC8t6Y8j03TsR4fJ1Da3qcyo<br>Address: At Javhar, road, Trimbak, Maharashtra 422212, India<br>Latitude: 19.941549<br>Longitude: 73.533238<br>Google_Maps: https://maps.google.com/?cid=3059046600890774241&g_mp=Cidnb29nbGUubWFwcy5wbGFjZXMudjEuUGxhY2VzLlNlYXJjaFRleHQQAhgEIAA<br>Business_Status: OPERATIONAL<br>Rating: 3.3<br>User_Rating_Count: 283<br>Primary_Type: hotel<br>Types: hotel, lodging, point_of_interest, establishment<br>Establishment_Category: hotels accommodation<br>Waypoint: Beze<br>Waypoint_Latitude: 20.04<br>Waypoint_Longitude: 73.63<br>Establishment_Type: hotels accommodation<br>Search_Term: <br>Establishment_Name: <br>Category_EST: Hotel <br>Search_Location: <br>Search_Latitude: <br>Search_Longitude: ]]></description>
      <styleUrl>#icon-1899-3949AB</styleUrl>
      <ExtendedData>
        <Data name="Source_File">
          <value>Nashik_to_Trimbak_Establishments 1.xlsx</value>
        </Data>
        <Data name="Source_Sheet">
          <value>Sheet1</value>
        </Data>
        <Data name="Place_ID">
          <value>ChIJC8t6Y8j03TsR4fJ1Da3qcyo</value>
        </Data>
        <Data name="Address">
          <value>At Javhar, road, Trimbak, Maharashtra 422212, India</value>
        </Data>
        <Data name="Latitude">
          <value>19.941549</value>
        </Data>
        <Data name="Longitude">
          <value>73.533238</value>
        </Data>
        <Data name="Google_Maps">
          <value><![CDATA[https://maps.google.com/?cid=3059046600890774241&g_mp=Cidnb29nbGUubWFwcy5wbGFjZXMudjEuUGxhY2VzLlNlYXJjaFRleHQQAhgEIAA]]></value>
        </Data>
        <Data name="Business_Status">
          <value>OPERATIONAL</value>
        </Data>
        <Data name="Rating">
          <value>3.3</value>
        </Data>
        <Data name="User_Rating_Count">
          <value>283.0</value>
        </Data>
        <Data name="Primary_Type">
          <value>hotel</value>
        </Data>
        <Data name="Types">
          <value>hotel, lodging, point_of_interest, establishment</value>
        </Data>
        <Data name="Establishment_Category">
          <value>hotels accommodation</value>
        </Data>
        <Data name="Waypoint">
          <value>Beze</value>
        </Data>
        <Data name="Waypoint_Latitude">
          <value>20.04</value>
        </Data>
        <Data name="Waypoint_Longitude">
          <value>73.63</value>
        </Data>
        <Data name="Establishment_Type">
          <value>hotels accommodation</value>
        </Data>
        <Data name="Search_Term">
          <value/>
        </Data>
        <Data name="Establishment_Name">
          <value/>
        </Data>
        <Data name="Category_EST">
          <value>Hotel </value>
        </Data>
        <Data name="Search_Location">
          <value/>
        </Data>
        <Data name="Search_Latitude">
          <value/>
        </Data>
        <Data name="Search_Longitude">
          <value/>
        </Data>
      </ExtendedData>
      <Point>
        <coordinates>
          73.533238,19.941549,0
        </coordinates>
      </Point>
    </Placemark>
    <Placemark>
      <name>Hotel Mountain View</name>
      <description><![CDATA[Source_File: Nashik_to_Trimbak_Establishments 1.xlsx<br>Source_Sheet: Sheet1<br>Place_ID: ChIJC-eLFUft3TsRsz8rwn8Ynj4<br>Address: Opposite Grape County, Khambale, Trambakeshwar Rd, Phata, Nashik, Khambale, Maharashtra 422213, India<br>Latitude: 19.958876<br>Longitude: 73.6188658<br>Google_Maps: https://maps.google.com/?cid=4512070813669343155&g_mp=Cidnb29nbGUubWFwcy5wbGFjZXMudjEuUGxhY2VzLlNlYXJjaFRleHQQAhgEIAA<br>Business_Status: OPERATIONAL<br>Rating: 4.4<br>User_Rating_Count: 28<br>Primary_Type: hotel<br>Types: hotel, lodging, point_of_interest, establishment<br>Establishment_Category: hotels accommodation<br>Waypoint: Beze<br>Waypoint_Latitude: 20.04<br>Waypoint_Longitude: 73.63<br>Establishment_Type: hotels accommodation<br>Search_Term: <br>Establishment_Name: <br>Category_EST: Hotel <br>Search_Location: <br>Search_Latitude: <br>Search_Longitude: ]]></description>
      <styleUrl>#icon-1899-3949AB</styleUrl>
      <ExtendedData>
        <Data name="Source_File">
          <value>Nashik_to_Trimbak_Establishments 1.xlsx</value>
        </Data>
        <Data name="Source_Sheet">
          <value>Sheet1</value>
        </Data>
        <Data name="Place_ID">
          <value>ChIJC-eLFUft3TsRsz8rwn8Ynj4</value>
        </Data>
        <Data name="Address">
          <value>Opposite Grape County, Khambale, Trambakeshwar Rd, Phata, Nashik, Khambale, Maharashtra 422213, India</value>
        </Data>
        <Data name="Latitude">
          <value>19.958876</value>
        </Data>
        <Data name="Longitude">
          <value>73.6188658</value>
        </Data>
        <Data name="Google_Maps">
          <value><![CDATA[https://maps.google.com/?cid=4512070813669343155&g_mp=Cidnb29nbGUubWFwcy5wbGFjZXMudjEuUGxhY2VzLlNlYXJjaFRleHQQAhgEIAA]]></value>
        </Data>
        <Data name="Business_Status">
          <value>OPERATIONAL</value>
        </Data>
        <Data name="Rating">
          <value>4.4</value>
        </Data>
        <Data name="User_Rating_Count">
          <value>28.0</value>
        </Data>
        <Data name="Primary_Type">
          <value>hotel</value>
        </Data>
        <Data name="Types">
          <value>hotel, lodging, point_of_interest, establishment</value>
        </Data>
        <Data name="Establishment_Category">
          <value>hotels accommodation</value>
        </Data>
        <Data name="Waypoint">
          <value>Beze</value>
        </Data>
        <Data name="Waypoint_Latitude">
          <value>20.04</value>
        </Data>
        <Data name="Waypoint_Longitude">
          <value>73.63</value>
        </Data>
        <Data name="Establishment_Type">
          <value>hotels accommodation</value>
        </Data>
        <Data name="Search_Term">
          <value/>
        </Data>
        <Data name="Establishment_Name">
          <value/>
        </Data>
        <Data name="Category_EST">
          <value>Hotel </value>
        </Data>
        <Data name="Search_Location">
          <value/>
        </Data>
        <Data name="Search_Latitude">
          <value/>
        </Data>
        <Data name="Search_Longitude">
          <value/>
        </Data>
      </ExtendedData>
      <Point>
        <coordinates>
          73.6188658,19.958876,0
        </coordinates>
      </Point>
    </Placemark>
    <Placemark>
      <name>Hotel Three Leaves</name>
      <description><![CDATA[Source_File: Nashik_to_Trimbak_Establishments 1.xlsx<br>Source_Sheet: Sheet1<br>Place_ID: ChIJJSKvo8n03TsRaPXcD1NGdCs<br>Address: Mahadevi Road, beside police station, Trimbak, Maharashtra 422212, India<br>Latitude: 19.9381875<br>Longitude: 73.5334375<br>Google_Maps: https://maps.google.com/?cid=3131204963491706216&g_mp=Cidnb29nbGUubWFwcy5wbGFjZXMudjEuUGxhY2VzLlNlYXJjaFRleHQQAhgEIAA<br>Business_Status: OPERATIONAL<br>Rating: 4<br>User_Rating_Count: 1451<br>Primary_Type: hotel<br>Types: hotel, lodging, point_of_interest, establishment<br>Establishment_Category: hotels accommodation<br>Waypoint: Beze<br>Waypoint_Latitude: 20.04<br>Waypoint_Longitude: 73.63<br>Establishment_Type: hotels accommodation<br>Search_Term: <br>Establishment_Name: <br>Category_EST: Hotel <br>Search_Location: <br>Search_Latitude: <br>Search_Longitude: ]]></description>
      <styleUrl>#icon-1899-3949AB</styleUrl>
      <ExtendedData>
        <Data name="Source_File">
          <value>Nashik_to_Trimbak_Establishments 1.xlsx</value>
        </Data>
        <Data name="Source_Sheet">
          <value>Sheet1</value>
        </Data>
        <Data name="Place_ID">
          <value>ChIJJSKvo8n03TsRaPXcD1NGdCs</value>
        </Data>
        <Data name="Address">
          <value>Mahadevi Road, beside police station, Trimbak, Maharashtra 422212, India</value>
        </Data>
        <Data name="Latitude">
          <value>19.9381875</value>
        </Data>
        <Data name="Longitude">
          <value>73.5334375</value>
        </Data>
        <Data name="Google_Maps">
          <value><![CDATA[https://maps.google.com/?cid=3131204963491706216&g_mp=Cidnb29nbGUubWFwcy5wbGFjZXMudjEuUGxhY2VzLlNlYXJjaFRleHQQAhgEIAA]]></value>
        </Data>
        <Data name="Business_Status">
          <value>OPERATIONAL</value>
        </Data>
        <Data name="Rating">
          <value>4.0</value>
        </Data>
        <Data name="User_Rating_Count">
          <value>1451.0</value>
        </Data>
        <Data name="Primary_Type">
          <value>hotel</value>
        </Data>
        <Data name="Types">
          <value>hotel, lodging, point_of_interest, establishment</value>
        </Data>
        <Data name="Establishment_Category">
          <value>hotels accommodation</value>
        </Data>
        <Data name="Waypoint">
          <value>Beze</value>
        </Data>
        <Data name="Waypoint_Latitude">
          <value>20.04</value>
        </Data>
        <Data name="Waypoint_Longitude">
          <value>73.63</value>
        </Data>
        <Data name="Establishment_Type">
          <value>hotels accommodation</value>
        </Data>
        <Data name="Search_Term">
          <value/>
        </Data>
        <Data name="Establishment_Name">
          <value/>
        </Data>
        <Data name="Category_EST">
          <value>Hotel </value>
        </Data>
        <Data name="Search_Location">
          <value/>
        </Data>
        <Data name="Search_Latitude">
          <value/>
        </Data>
        <Data name="Search_Longitude">
          <value/>
        </Data>
      </ExtendedData>
      <Point>
        <coordinates>
          73.5334375,19.9381875,0
        </coordinates>
      </Point>
    </Placemark>
    <Placemark>
      <name><![CDATA[Hotel Trident INN AC & Non AC Rooms]]></name>
      <description><![CDATA[Source_File: Nashik_to_Trimbak_Establishments 1.xlsx<br>Source_Sheet: Sheet1<br>Place_ID: ChIJEQgK2OH13TsRJNzhJTPf8lo<br>Address: Plot No.05, Kailasraja Dakshineshwar Nagar Jawar Road, Trimbak, Maharashtra 422212, India<br>Latitude: 19.9420186<br>Longitude: 73.5346761<br>Google_Maps: https://maps.google.com/?cid=6553545818549378084&g_mp=Cidnb29nbGUubWFwcy5wbGFjZXMudjEuUGxhY2VzLlNlYXJjaFRleHQQAhgEIAA<br>Business_Status: OPERATIONAL<br>Rating: 3.6<br>User_Rating_Count: 150<br>Primary_Type: hotel<br>Types: hotel, lodging, point_of_interest, establishment<br>Establishment_Category: hotels accommodation<br>Waypoint: Beze<br>Waypoint_Latitude: 20.04<br>Waypoint_Longitude: 73.63<br>Establishment_Type: hotels accommodation<br>Search_Term: <br>Establishment_Name: <br>Category_EST: Hotel <br>Search_Location: <br>Search_Latitude: <br>Search_Longitude: ]]></description>
      <styleUrl>#icon-1899-3949AB</styleUrl>
      <ExtendedData>
        <Data name="Source_File">
          <value>Nashik_to_Trimbak_Establishments 1.xlsx</value>
        </Data>
        <Data name="Source_Sheet">
          <value>Sheet1</value>
        </Data>
        <Data name="Place_ID">
          <value>ChIJEQgK2OH13TsRJNzhJTPf8lo</value>
        </Data>
        <Data name="Address">
          <value>Plot No.05, Kailasraja Dakshineshwar Nagar Jawar Road, Trimbak, Maharashtra 422212, India</value>
        </Data>
        <Data name="Latitude">
          <value>19.9420186</value>
        </Data>
        <Data name="Longitude">
          <value>73.5346761</value>
        </Data>
        <Data name="Google_Maps">
          <value><![CDATA[https://maps.google.com/?cid=6553545818549378084&g_mp=Cidnb29nbGUubWFwcy5wbGFjZXMudjEuUGxhY2VzLlNlYXJjaFRleHQQAhgEIAA]]></value>
        </Data>
        <Data name="Business_Status">
          <value>OPERATIONAL</value>
        </Data>
        <Data name="Rating">
          <value>3.6</value>
        </Data>
        <Data name="User_Rating_Count">
          <value>150.0</value>
        </Data>
        <Data name="Primary_Type">
          <value>hotel</value>
        </Data>
        <Data name="Types">
          <value>hotel, lodging, point_of_interest, establishment</value>
        </Data>
        <Data name="Establishment_Category">
          <value>hotels accommodation</value>
        </Data>
        <Data name="Waypoint">
          <value>Beze</value>
        </Data>
        <Data name="Waypoint_Latitude">
          <value>20.04</value>
        </Data>
        <Data name="Waypoint_Longitude">
          <value>73.63</value>
        </Data>
        <Data name="Establishment_Type">
          <value>hotels accommodation</value>
        </Data>
        <Data name="Search_Term">
          <value/>
        </Data>
        <Data name="Establishment_Name">
          <value/>
        </Data>
        <Data name="Category_EST">
          <value>Hotel </value>
        </Data>
        <Data name="Search_Location">
          <value/>
        </Data>
        <Data name="Search_Latitude">
          <value/>
        </Data>
        <Data name="Search_Longitude">
          <value/>
        </Data>
      </ExtendedData>
      <Point>
        <coordinates>
          73.5346761,19.9420186,0
        </coordinates>
      </Point>
    </Placemark>
    <Placemark>
      <name>HOTEL RADHIKA INN</name>
      <description><![CDATA[Source_File: Nashik_to_Trimbak_Establishments 1.xlsx<br>Source_Sheet: Sheet1<br>Place_ID: ChIJefyyssv03TsRwDCATY-veKg<br>Address: Plot no 1223/1/1, Ambedkar Chowk, WGMM+P68 Shiva's Temple, 422212, near Trimbakeshwar, Trimbak, Maharashtra 422212, India<br>Latitude: 19.9345534<br>Longitude: 73.5329395<br>Google_Maps: https://maps.google.com/?cid=12139645825592602816&g_mp=Cidnb29nbGUubWFwcy5wbGFjZXMudjEuUGxhY2VzLlNlYXJjaFRleHQQAhgEIAA<br>Business_Status: OPERATIONAL<br>Rating: 3.7<br>User_Rating_Count: 1145<br>Primary_Type: hotel<br>Types: hotel, lodging, point_of_interest, establishment<br>Establishment_Category: hotels accommodation<br>Waypoint: Dudgaon<br>Waypoint_Latitude: 20.03<br>Waypoint_Longitude: 73.585<br>Establishment_Type: hotels accommodation<br>Search_Term: <br>Establishment_Name: <br>Category_EST: Hotel <br>Search_Location: <br>Search_Latitude: <br>Search_Longitude: ]]></description>
      <styleUrl>#icon-1899-3949AB</styleUrl>
      <ExtendedData>
        <Data name="Source_File">
          <value>Nashik_to_Trimbak_Establishments 1.xlsx</value>
        </Data>
        <Data name="Source_Sheet">
          <value>Sheet1</value>
        </Data>
        <Data name="Place_ID">
          <value>ChIJefyyssv03TsRwDCATY-veKg</value>
        </Data>
        <Data name="Address">
          <value><![CDATA[Plot no 1223/1/1, Ambedkar Chowk, WGMM+P68 Shiva's Temple, 422212, near Trimbakeshwar, Trimbak, Maharashtra 422212, India]]></value>
        </Data>
        <Data name="Latitude">
          <value>19.9345534</value>
        </Data>
        <Data name="Longitude">
          <value>73.5329395</value>
        </Data>
        <Data name="Google_Maps">
          <value><![CDATA[https://maps.google.com/?cid=12139645825592602816&g_mp=Cidnb29nbGUubWFwcy5wbGFjZXMudjEuUGxhY2VzLlNlYXJjaFRleHQQAhgEIAA]]></value>
        </Data>
        <Data name="Business_Status">
          <value>OPERATIONAL</value>
        </Data>
        <Data name="Rating">
          <value>3.7</value>
        </Data>
        <Data name="User_Rating_Count">
          <value>1145.0</value>
        </Data>
        <Data name="Primary_Type">
          <value>hotel</value>
        </Data>
        <Data name="Types">
          <value>hotel, lodging, point_of_interest, establishment</value>
        </Data>
        <Data name="Establishment_Category">
          <value>hotels accommodation</value>
        </Data>
        <Data name="Waypoint">
          <value>Dudgaon</value>
        </Data>
        <Data name="Waypoint_Latitude">
          <value>20.03</value>
        </Data>
        <Data name="Waypoint_Longitude">
          <value>73.585</value>
        </Data>
        <Data name="Establishment_Type">
          <value>hotels accommodation</value>
        </Data>
        <Data name="Search_Term">
          <value/>
        </Data>
        <Data name="Establishment_Name">
          <value/>
        </Data>
        <Data name="Category_EST">
          <value>Hotel </value>
        </Data>
        <Data name="Search_Location">
          <value/>
        </Data>
        <Data name="Search_Latitude">
          <value/>
        </Data>
        <Data name="Search_Longitude">
          <value/>
        </Data>
      </ExtendedData>
      <Point>
        <coordinates>
          73.5329395,19.9345534,0
        </coordinates>
      </Point>
    </Placemark>
    <Placemark>
      <name>Ashirwad Palace</name>
      <description><![CDATA[Source_File: Nashik_to_Trimbak_Establishments 3.xlsx<br>Source_Sheet: Sheet1<br>Place_ID: ChIJazw9Gcr03TsRdViCmjJ7KVk<br>Address: Trimbakeshwar, Nashik, WGPM+GRH, Shree Krishna Nagar Road, Sri Krishna Nagar, Borivali East, Mumbai, Trimbak, Maharashtra 422212, India<br>Latitude: 19.9363201<br>Longitude: 73.5346164<br>Google_Maps: https://maps.google.com/?cid=6424801800691538037&g_mp=Cidnb29nbGUubWFwcy5wbGFjZXMudjEuUGxhY2VzLlNlYXJjaFRleHQQAhgEIAA<br>Business_Status: OPERATIONAL<br>Rating: 2.3<br>User_Rating_Count: 224<br>Primary_Type: hotel<br>Types: hotel, lodging, point_of_interest, establishment<br>Establishment_Category: hotels accommodation<br>Waypoint: Talwade Trimbak<br>Waypoint_Latitude: 20.03<br>Waypoint_Longitude: 73.66<br>Establishment_Type: hotels accommodation<br>Search_Term: <br>Establishment_Name: <br>Category_EST: Hotel <br>Search_Location: <br>Search_Latitude: <br>Search_Longitude: ]]></description>
      <styleUrl>#icon-1899-3949AB</styleUrl>
      <ExtendedData>
        <Data name="Source_File">
          <value>Nashik_to_Trimbak_Establishments 3.xlsx</value>
        </Data>
        <Data name="Source_Sheet">
          <value>Sheet1</value>
        </Data>
        <Data name="Place_ID">
          <value>ChIJazw9Gcr03TsRdViCmjJ7KVk</value>
        </Data>
        <Data name="Address">
          <value>Trimbakeshwar, Nashik, WGPM+GRH, Shree Krishna Nagar Road, Sri Krishna Nagar, Borivali East, Mumbai, Trimbak, Maharashtra 422212, India</value>
        </Data>
        <Data name="Latitude">
          <value>19.9363201</value>
        </Data>
        <Data name="Longitude">
          <value>73.5346164</value>
        </Data>
        <Data name="Google_Maps">
          <value><![CDATA[https://maps.google.com/?cid=6424801800691538037&g_mp=Cidnb29nbGUubWFwcy5wbGFjZXMudjEuUGxhY2VzLlNlYXJjaFRleHQQAhgEIAA]]></value>
        </Data>
        <Data name="Business_Status">
          <value>OPERATIONAL</value>
        </Data>
        <Data name="Rating">
          <value>2.3</value>
        </Data>
        <Data name="User_Rating_Count">
          <value>224.0</value>
        </Data>
        <Data name="Primary_Type">
          <value>hotel</value>
        </Data>
        <Data name="Types">
          <value>hotel, lodging, point_of_interest, establishment</value>
        </Data>
        <Data name="Establishment_Category">
          <value>hotels accommodation</value>
        </Data>
        <Data name="Waypoint">
          <value>Talwade Trimbak</value>
        </Data>
        <Data name="Waypoint_Latitude">
          <value>20.03</value>
        </Data>
        <Data name="Waypoint_Longitude">
          <value>73.66</value>
        </Data>
        <Data name="Establishment_Type">
          <value>hotels accommodation</value>
        </Data>
        <Data name="Search_Term">
          <value/>
        </Data>
        <Data name="Establishment_Name">
          <value/>
        </Data>
        <Data name="Category_EST">
          <value>Hotel </value>
        </Data>
        <Data name="Search_Location">
          <value/>
        </Data>
        <Data name="Search_Latitude">
          <value/>
        </Data>
        <Data name="Search_Longitude">
          <value/>
        </Data>
      </ExtendedData>
      <Point>
        <coordinates>
          73.5346164,19.9363201,0
        </coordinates>
      </Point>
    </Placemark>
    <Placemark>
      <name><![CDATA[Balaji Palace Lodging & Hotel]]></name>
      <description><![CDATA[Source_File: Nashik_to_Trimbak_Establishments 3.xlsx<br>Source_Sheet: Sheet1<br>Place_ID: ChIJYRD5Ls713TsRd4BjVOsuoYs<br>Address: Bus Stand Road, Patil Galli, Opposite Taxi Stand, Trimbak, Maharashtra 422212, India<br>Latitude: 19.9338623<br>Longitude: 73.5309747<br>Google_Maps: https://maps.google.com/?cid=10061374630790398071&g_mp=Cidnb29nbGUubWFwcy5wbGFjZXMudjEuUGxhY2VzLlNlYXJjaFRleHQQAhgEIAA<br>Business_Status: OPERATIONAL<br>Rating: 3.3<br>User_Rating_Count: 38<br>Primary_Type: hotel<br>Types: hotel, lodging, point_of_interest, establishment<br>Establishment_Category: hotels accommodation<br>Waypoint: Talwade Trimbak<br>Waypoint_Latitude: 20.03<br>Waypoint_Longitude: 73.66<br>Establishment_Type: hotels accommodation<br>Search_Term: <br>Establishment_Name: <br>Category_EST: Hotel <br>Search_Location: <br>Search_Latitude: <br>Search_Longitude: ]]></description>
      <styleUrl>#icon-1899-3949AB</styleUrl>
      <ExtendedData>
        <Data name="Source_File">
          <value>Nashik_to_Trimbak_Establishments 3.xlsx</value>
        </Data>
        <Data name="Source_Sheet">
          <value>Sheet1</value>
        </Data>
        <Data name="Place_ID">
          <value>ChIJYRD5Ls713TsRd4BjVOsuoYs</value>
        </Data>
        <Data name="Address">
          <value>Bus Stand Road, Patil Galli, Opposite Taxi Stand, Trimbak, Maharashtra 422212, India</value>
        </Data>
        <Data name="Latitude">
          <value>19.9338623</value>
        </Data>
        <Data name="Longitude">
          <value>73.5309747</value>
        </Data>
        <Data name="Google_Maps">
          <value><![CDATA[https://maps.google.com/?cid=10061374630790398071&g_mp=Cidnb29nbGUubWFwcy5wbGFjZXMudjEuUGxhY2VzLlNlYXJjaFRleHQQAhgEIAA]]></value>
        </Data>
        <Data name="Business_Status">
          <value>OPERATIONAL</value>
        </Data>
        <Data name="Rating">
          <value>3.3</value>
        </Data>
        <Data name="User_Rating_Count">
          <value>38.0</value>
        </Data>
        <Data name="Primary_Type">
          <value>hotel</value>
        </Data>
        <Data name="Types">
          <value>hotel, lodging, point_of_interest, establishment</value>
        </Data>
        <Data name="Establishment_Category">
          <value>hotels accommodation</value>
        </Data>
        <Data name="Waypoint">
          <value>Talwade Trimbak</value>
        </Data>
        <Data name="Waypoint_Latitude">
          <value>20.03</value>
        </Data>
        <Data name="Waypoint_Longitude">
          <value>73.66</value>
        </Data>
        <Data name="Establishment_Type">
          <value>hotels accommodation</value>
        </Data>
        <Data name="Search_Term">
          <value/>
        </Data>
        <Data name="Establishment_Name">
          <value/>
        </Data>
        <Data name="Category_EST">
          <value>Hotel </value>
        </Data>
        <Data name="Search_Location">
          <value/>
        </Data>
        <Data name="Search_Latitude">
          <value/>
        </Data>
        <Data name="Search_Longitude">
          <value/>
        </Data>
      </ExtendedData>
      <Point>
        <coordinates>
          73.5309747,19.9338623,0
        </coordinates>
      </Point>
    </Placemark>
    <Placemark>
      <name>Capital O 40790 Hotel Triveni</name>
      <description><![CDATA[Source_File: Nashik_to_Trimbak_Establishments 3.xlsx<br>Source_Sheet: Sheet1<br>Place_ID: ChIJVSMXEcr03TsRGsTPqKTs2J8<br>Address: Ghat No. 275, National Highway 848, Near Bank of Maharashtra, Trimbak, Maharashtra 422212, India<br>Latitude: 19.9358311<br>Longitude: 73.5348604<br>Google_Maps: https://maps.google.com/?cid=11518216238951023642&g_mp=Cidnb29nbGUubWFwcy5wbGFjZXMudjEuUGxhY2VzLlNlYXJjaFRleHQQAhgEIAA<br>Business_Status: OPERATIONAL<br>Rating: 3.5<br>User_Rating_Count: 478<br>Primary_Type: hotel<br>Types: hotel, lodging, point_of_interest, establishment<br>Establishment_Category: hotels accommodation<br>Waypoint: Talwade Trimbak<br>Waypoint_Latitude: 20.03<br>Waypoint_Longitude: 73.66<br>Establishment_Type: hotels accommodation<br>Search_Term: <br>Establishment_Name: <br>Category_EST: Hotel <br>Search_Location: <br>Search_Latitude: <br>Search_Longitude: ]]></description>
      <styleUrl>#icon-1899-3949AB</styleUrl>
      <ExtendedData>
        <Data name="Source_File">
          <value>Nashik_to_Trimbak_Establishments 3.xlsx</value>
        </Data>
        <Data name="Source_Sheet">
          <value>Sheet1</value>
        </Data>
        <Data name="Place_ID">
          <value>ChIJVSMXEcr03TsRGsTPqKTs2J8</value>
        </Data>
        <Data name="Address">
          <value>Ghat No. 275, National Highway 848, Near Bank of Maharashtra, Trimbak, Maharashtra 422212, India</value>
        </Data>
        <Data name="Latitude">
          <value>19.9358311</value>
        </Data>
        <Data name="Longitude">
          <value>73.5348604</value>
        </Data>
        <Data name="Google_Maps">
          <value><![CDATA[https://maps.google.com/?cid=11518216238951023642&g_mp=Cidnb29nbGUubWFwcy5wbGFjZXMudjEuUGxhY2VzLlNlYXJjaFRleHQQAhgEIAA]]></value>
        </Data>
        <Data name="Business_Status">
          <value>OPERATIONAL</value>
        </Data>
        <Data name="Rating">
          <value>3.5</value>
        </Data>
        <Data name="User_Rating_Count">
          <value>478.0</value>
        </Data>
        <Data name="Primary_Type">
          <value>hotel</value>
        </Data>
        <Data name="Types">
          <value>hotel, lodging, point_of_interest, establishment</value>
        </Data>
        <Data name="Establishment_Category">
          <value>hotels accommodation</value>
        </Data>
        <Data name="Waypoint">
          <value>Talwade Trimbak</value>
        </Data>
        <Data name="Waypoint_Latitude">
          <value>20.03</value>
        </Data>
        <Data name="Waypoint_Longitude">
          <value>73.66</value>
        </Data>
        <Data name="Establishment_Type">
          <value>hotels accommodation</value>
        </Data>
        <Data name="Search_Term">
          <value/>
        </Data>
        <Data name="Establishment_Name">
          <value/>
        </Data>
        <Data name="Category_EST">
          <value>Hotel </value>
        </Data>
        <Data name="Search_Location">
          <value/>
        </Data>
        <Data name="Search_Latitude">
          <value/>
        </Data>
        <Data name="Search_Longitude">
          <value/>
        </Data>
      </ExtendedData>
      <Point>
        <coordinates>
          73.5348604,19.9358311,0
        </coordinates>
      </Point>
    </Placemark>
    <Placemark>
      <name><![CDATA[Capital O 47371 Hotel Shiva's Inn]]></name>
      <description><![CDATA[Source_File: Nashik_to_Trimbak_Establishments 3.xlsx<br>Source_Sheet: Sheet1<br>Place_ID: ChIJF4LESo313TsRZUxO1w28Aho<br>Address: 1, NH 848, Trimbak, Maharashtra 422212, India<br>Latitude: 19.933248<br>Longitude: 73.5376533<br>Google_Maps: https://maps.google.com/?cid=1874267162572377189&g_mp=Cidnb29nbGUubWFwcy5wbGFjZXMudjEuUGxhY2VzLlNlYXJjaFRleHQQAhgEIAA<br>Business_Status: OPERATIONAL<br>Rating: 3<br>User_Rating_Count: 4<br>Primary_Type: hotel<br>Types: hotel, lodging, point_of_interest, establishment<br>Establishment_Category: hotels accommodation<br>Waypoint: Talwade Trimbak<br>Waypoint_Latitude: 20.03<br>Waypoint_Longitude: 73.66<br>Establishment_Type: hotels accommodation<br>Search_Term: <br>Establishment_Name: <br>Category_EST: Hotel <br>Search_Location: <br>Search_Latitude: <br>Search_Longitude: ]]></description>
      <styleUrl>#icon-1899-3949AB</styleUrl>
      <ExtendedData>
        <Data name="Source_File">
          <value>Nashik_to_Trimbak_Establishments 3.xlsx</value>
        </Data>
        <Data name="Source_Sheet">
          <value>Sheet1</value>
        </Data>
        <Data name="Place_ID">
          <value>ChIJF4LESo313TsRZUxO1w28Aho</value>
        </Data>
        <Data name="Address">
          <value>1, NH 848, Trimbak, Maharashtra 422212, India</value>
        </Data>
        <Data name="Latitude">
          <value>19.933248</value>
        </Data>
        <Data name="Longitude">
          <value>73.5376533</value>
        </Data>
        <Data name="Google_Maps">
          <value><![CDATA[https://maps.google.com/?cid=1874267162572377189&g_mp=Cidnb29nbGUubWFwcy5wbGFjZXMudjEuUGxhY2VzLlNlYXJjaFRleHQQAhgEIAA]]></value>
        </Data>
        <Data name="Business_Status">
          <value>OPERATIONAL</value>
        </Data>
        <Data name="Rating">
          <value>3.0</value>
        </Data>
        <Data name="User_Rating_Count">
          <value>4.0</value>
        </Data>
        <Data name="Primary_Type">
          <value>hotel</value>
        </Data>
        <Data name="Types">
          <value>hotel, lodging, point_of_interest, establishment</value>
        </Data>
        <Data name="Establishment_Category">
          <value>hotels accommodation</value>
        </Data>
        <Data name="Waypoint">
          <value>Talwade Trimbak</value>
        </Data>
        <Data name="Waypoint_Latitude">
          <value>20.03</value>
        </Data>
        <Data name="Waypoint_Longitude">
          <value>73.66</value>
        </Data>
        <Data name="Establishment_Type">
          <value>hotels accommodation</value>
        </Data>
        <Data name="Search_Term">
          <value/>
        </Data>
        <Data name="Establishment_Name">
          <value/>
        </Data>
        <Data name="Category_EST">
          <value>Hotel </value>
        </Data>
        <Data name="Search_Location">
          <value/>
        </Data>
        <Data name="Search_Latitude">
          <value/>
        </Data>
        <Data name="Search_Longitude">
          <value/>
        </Data>
      </ExtendedData>
      <Point>
        <coordinates>
          73.5376533,19.933248,0
        </coordinates>
      </Point>
    </Placemark>
    <Placemark>
      <name>Capital O NSK181 Rio Inn</name>
      <description><![CDATA[Source_File: Nashik_to_Trimbak_Establishments 3.xlsx<br>Source_Sheet: Sheet1<br>Place_ID: ChIJRT1U5mz13TsRmCWEnJhZ7eQ<br>Address: Divine meadows, Nashik, Trimbak, Maharashtra 422212, India<br>Latitude: 19.941425<br>Longitude: 73.541494<br>Google_Maps: https://maps.google.com/?cid=16495939522123802008&g_mp=Cidnb29nbGUubWFwcy5wbGFjZXMudjEuUGxhY2VzLlNlYXJjaFRleHQQAhgEIAA<br>Business_Status: OPERATIONAL<br>Rating: 3.8<br>User_Rating_Count: 72<br>Primary_Type: hotel<br>Types: hotel, lodging, point_of_interest, establishment<br>Establishment_Category: hotels accommodation<br>Waypoint: Talwade Trimbak<br>Waypoint_Latitude: 20.03<br>Waypoint_Longitude: 73.66<br>Establishment_Type: hotels accommodation<br>Search_Term: <br>Establishment_Name: <br>Category_EST: Hotel <br>Search_Location: <br>Search_Latitude: <br>Search_Longitude: ]]></description>
      <styleUrl>#icon-1899-3949AB</styleUrl>
      <ExtendedData>
        <Data name="Source_File">
          <value>Nashik_to_Trimbak_Establishments 3.xlsx</value>
        </Data>
        <Data name="Source_Sheet">
          <value>Sheet1</value>
        </Data>
        <Data name="Place_ID">
          <value>ChIJRT1U5mz13TsRmCWEnJhZ7eQ</value>
        </Data>
        <Data name="Address">
          <value>Divine meadows, Nashik, Trimbak, Maharashtra 422212, India</value>
        </Data>
        <Data name="Latitude">
          <value>19.941425</value>
        </Data>
        <Data name="Longitude">
          <value>73.541494</value>
        </Data>
        <Data name="Google_Maps">
          <value><![CDATA[https://maps.google.com/?cid=16495939522123802008&g_mp=Cidnb29nbGUubWFwcy5wbGFjZXMudjEuUGxhY2VzLlNlYXJjaFRleHQQAhgEIAA]]></value>
        </Data>
        <Data name="Business_Status">
          <value>OPERATIONAL</value>
        </Data>
        <Data name="Rating">
          <value>3.8</value>
        </Data>
        <Data name="User_Rating_Count">
          <value>72.0</value>
        </Data>
        <Data name="Primary_Type">
          <value>hotel</value>
        </Data>
        <Data name="Types">
          <value>hotel, lodging, point_of_interest, establishment</value>
        </Data>
        <Data name="Establishment_Category">
          <value>hotels accommodation</value>
        </Data>
        <Data name="Waypoint">
          <value>Talwade Trimbak</value>
        </Data>
        <Data name="Waypoint_Latitude">
          <value>20.03</value>
        </Data>
        <Data name="Waypoint_Longitude">
          <value>73.66</value>
        </Data>
        <Data name="Establishment_Type">
          <value>hotels accommodation</value>
        </Data>
        <Data name="Search_Term">
          <value/>
        </Data>
        <Data name="Establishment_Name">
          <value/>
        </Data>
        <Data name="Category_EST">
          <value>Hotel </value>
        </Data>
        <Data name="Search_Location">
          <value/>
        </Data>
        <Data name="Search_Latitude">
          <value/>
        </Data>
        <Data name="Search_Longitude">
          <value/>
        </Data>
      </ExtendedData>
      <Point>
        <coordinates>
          73.541494,19.941425,0
        </coordinates>
      </Point>
    </Placemark>
    <Placemark>
      <name>Club Shandilya</name>
      <description><![CDATA[Source_File: Nashik_to_Trimbak_Establishments 3.xlsx<br>Source_Sheet: Sheet1<br>Place_ID: ChIJcdqX30X13TsRQ3oQn7R32g4<br>Address: GAT NO. 258, near VIVEKANAND CENTRE, Pimplad Trimbak, Maharashtra 422212, India<br>Latitude: 19.9604642<br>Longitude: 73.5236897<br>Google_Maps: https://maps.google.com/?cid=1070299479100389955&g_mp=Cidnb29nbGUubWFwcy5wbGFjZXMudjEuUGxhY2VzLlNlYXJjaFRleHQQAhgEIAA<br>Business_Status: OPERATIONAL<br>Rating: 3.9<br>User_Rating_Count: 29<br>Primary_Type: private_guest_room<br>Types: private_guest_room, lodging, point_of_interest, establishment<br>Establishment_Category: hotels accommodation<br>Waypoint: Talwade Trimbak<br>Waypoint_Latitude: 20.03<br>Waypoint_Longitude: 73.66<br>Establishment_Type: hotels accommodation<br>Search_Term: <br>Establishment_Name: <br>Category_EST: Hotel <br>Search_Location: <br>Search_Latitude: <br>Search_Longitude: ]]></description>
      <styleUrl>#icon-1899-3949AB</styleUrl>
      <ExtendedData>
        <Data name="Source_File">
          <value>Nashik_to_Trimbak_Establishments 3.xlsx</value>
        </Data>
        <Data name="Source_Sheet">
          <value>Sheet1</value>
        </Data>
        <Data name="Place_ID">
          <value>ChIJcdqX30X13TsRQ3oQn7R32g4</value>
        </Data>
        <Data name="Address">
          <value>GAT NO. 258, near VIVEKANAND CENTRE, Pimplad Trimbak, Maharashtra 422212, India</value>
        </Data>
        <Data name="Latitude">
          <value>19.9604642</value>
        </Data>
        <Data name="Longitude">
          <value>73.5236897</value>
        </Data>
        <Data name="Google_Maps">
          <value><![CDATA[https://maps.google.com/?cid=1070299479100389955&g_mp=Cidnb29nbGUubWFwcy5wbGFjZXMudjEuUGxhY2VzLlNlYXJjaFRleHQQAhgEIAA]]></value>
        </Data>
        <Data name="Business_Status">
          <value>OPERATIONAL</value>
        </Data>
        <Data name="Rating">
          <value>3.9</value>
        </Data>
        <Data name="User_Rating_Count">
          <value>29.0</value>
        </Data>
        <Data name="Primary_Type">
          <value>private_guest_room</value>
        </Data>
        <Data name="Types">
          <value>private_guest_room, lodging, point_of_interest, establishment</value>
        </Data>
        <Data name="Establishment_Category">
          <value>hotels accommodation</value>
        </Data>
        <Data name="Waypoint">
          <value>Talwade Trimbak</value>
        </Data>
        <Data name="Waypoint_Latitude">
          <value>20.03</value>
        </Data>
        <Data name="Waypoint_Longitude">
          <value>73.66</value>
        </Data>
        <Data name="Establishment_Type">
          <value>hotels accommodation</value>
        </Data>
        <Data name="Search_Term">
          <value/>
        </Data>
        <Data name="Establishment_Name">
          <value/>
        </Data>
        <Data name="Category_EST">
          <value>Hotel </value>
        </Data>
        <Data name="Search_Location">
          <value/>
        </Data>
        <Data name="Search_Latitude">
          <value/>
        </Data>
        <Data name="Search_Longitude">
          <value/>
        </Data>
      </ExtendedData>
      <Point>
        <coordinates>
          73.5236897,19.9604642,0
        </coordinates>
      </Point>
    </Placemark>
    <Placemark>
      <name>Flagship Warunase Palace</name>
      <description><![CDATA[Source_File: Nashik_to_Trimbak_Establishments 3.xlsx<br>Source_Sheet: Sheet1<br>Place_ID: ChIJXVC-ZHr13TsRvy0F7n8T9AI<br>Address: 1, NH 848, Trimbak, Maharashtra 422212, India<br>Latitude: 19.9405066<br>Longitude: 73.5341669<br>Google_Maps: https://maps.google.com/?cid=212816522568347071&g_mp=Cidnb29nbGUubWFwcy5wbGFjZXMudjEuUGxhY2VzLlNlYXJjaFRleHQQAhgEIAA<br>Business_Status: OPERATIONAL<br>Rating: 2.9<br>User_Rating_Count: 91<br>Primary_Type: hotel<br>Types: hotel, lodging, point_of_interest, establishment<br>Establishment_Category: hotels accommodation<br>Waypoint: Talwade Trimbak<br>Waypoint_Latitude: 20.03<br>Waypoint_Longitude: 73.66<br>Establishment_Type: hotels accommodation<br>Search_Term: <br>Establishment_Name: <br>Category_EST: Hotel <br>Search_Location: <br>Search_Latitude: <br>Search_Longitude: ]]></description>
      <styleUrl>#icon-1899-3949AB</styleUrl>
      <ExtendedData>
        <Data name="Source_File">
          <value>Nashik_to_Trimbak_Establishments 3.xlsx</value>
        </Data>
        <Data name="Source_Sheet">
          <value>Sheet1</value>
        </Data>
        <Data name="Place_ID">
          <value>ChIJXVC-ZHr13TsRvy0F7n8T9AI</value>
        </Data>
        <Data name="Address">
          <value>1, NH 848, Trimbak, Maharashtra 422212, India</value>
        </Data>
        <Data name="Latitude">
          <value>19.9405066</value>
        </Data>
        <Data name="Longitude">
          <value>73.5341669</value>
        </Data>
        <Data name="Google_Maps">
          <value><![CDATA[https://maps.google.com/?cid=212816522568347071&g_mp=Cidnb29nbGUubWFwcy5wbGFjZXMudjEuUGxhY2VzLlNlYXJjaFRleHQQAhgEIAA]]></value>
        </Data>
        <Data name="Business_Status">
          <value>OPERATIONAL</value>
        </Data>
        <Data name="Rating">
          <value>2.9</value>
        </Data>
        <Data name="User_Rating_Count">
          <value>91.0</value>
        </Data>
        <Data name="Primary_Type">
          <value>hotel</value>
        </Data>
        <Data name="Types">
          <value>hotel, lodging, point_of_interest, establishment</value>
        </Data>
        <Data name="Establishment_Category">
          <value>hotels accommodation</value>
        </Data>
        <Data name="Waypoint">
          <value>Talwade Trimbak</value>
        </Data>
        <Data name="Waypoint_Latitude">
          <value>20.03</value>
        </Data>
        <Data name="Waypoint_Longitude">
          <value>73.66</value>
        </Data>
        <Data name="Establishment_Type">
          <value>hotels accommodation</value>
        </Data>
        <Data name="Search_Term">
          <value/>
        </Data>
        <Data name="Establishment_Name">
          <value/>
        </Data>
        <Data name="Category_EST">
          <value>Hotel </value>
        </Data>
        <Data name="Search_Location">
          <value/>
        </Data>
        <Data name="Search_Latitude">
          <value/>
        </Data>
        <Data name="Search_Longitude">
          <value/>
        </Data>
      </ExtendedData>
      <Point>
        <coordinates>
          73.5341669,19.9405066,0
        </coordinates>
      </Point>
    </Placemark>
    <Placemark>
      <name>HOTEL CHANDRSHEKHAR INN</name>
      <description><![CDATA[Source_File: Nashik_to_Trimbak_Establishments 3.xlsx<br>Source_Sheet: Sheet1<br>Place_ID: ChIJK63yqgv13TsR8M12ABpKDJ0<br>Address: Hotel Chandrashekhar Inn, Kailasraja Dakshineshor Nagar,Jawhar Fata Trimbakeshwar, Trimbak, Maharashtra 422212, India<br>Latitude: 19.9427392<br>Longitude: 73.5332423<br>Google_Maps: https://maps.google.com/?cid=11316501439212604912&g_mp=Cidnb29nbGUubWFwcy5wbGFjZXMudjEuUGxhY2VzLlNlYXJjaFRleHQQAhgEIAA<br>Business_Status: OPERATIONAL<br>Rating: 4.1<br>User_Rating_Count: 23<br>Primary_Type: hotel<br>Types: hotel, guest_house, lodging, point_of_interest, establishment<br>Establishment_Category: hotels accommodation<br>Waypoint: Talwade Trimbak<br>Waypoint_Latitude: 20.03<br>Waypoint_Longitude: 73.66<br>Establishment_Type: hotels accommodation<br>Search_Term: <br>Establishment_Name: <br>Category_EST: Hotel <br>Search_Location: <br>Search_Latitude: <br>Search_Longitude: ]]></description>
      <styleUrl>#icon-1899-3949AB</styleUrl>
      <ExtendedData>
        <Data name="Source_File">
          <value>Nashik_to_Trimbak_Establishments 3.xlsx</value>
        </Data>
        <Data name="Source_Sheet">
          <value>Sheet1</value>
        </Data>
        <Data name="Place_ID">
          <value>ChIJK63yqgv13TsR8M12ABpKDJ0</value>
        </Data>
        <Data name="Address">
          <value>Hotel Chandrashekhar Inn, Kailasraja Dakshineshor Nagar,Jawhar Fata Trimbakeshwar, Trimbak, Maharashtra 422212, India</value>
        </Data>
        <Data name="Latitude">
          <value>19.9427392</value>
        </Data>
        <Data name="Longitude">
          <value>73.5332423</value>
        </Data>
        <Data name="Google_Maps">
          <value><![CDATA[https://maps.google.com/?cid=11316501439212604912&g_mp=Cidnb29nbGUubWFwcy5wbGFjZXMudjEuUGxhY2VzLlNlYXJjaFRleHQQAhgEIAA]]></value>
        </Data>
        <Data name="Business_Status">
          <value>OPERATIONAL</value>
        </Data>
        <Data name="Rating">
          <value>4.1</value>
        </Data>
        <Data name="User_Rating_Count">
          <value>23.0</value>
        </Data>
        <Data name="Primary_Type">
          <value>hotel</value>
        </Data>
        <Data name="Types">
          <value>hotel, guest_house, lodging, point_of_interest, establishment</value>
        </Data>
        <Data name="Establishment_Category">
          <value>hotels accommodation</value>
        </Data>
        <Data name="Waypoint">
          <value>Talwade Trimbak</value>
        </Data>
        <Data name="Waypoint_Latitude">
          <value>20.03</value>
        </Data>
        <Data name="Waypoint_Longitude">
          <value>73.66</value>
        </Data>
        <Data name="Establishment_Type">
          <value>hotels accommodation</value>
        </Data>
        <Data name="Search_Term">
          <value/>
        </Data>
        <Data name="Establishment_Name">
          <value/>
        </Data>
        <Data name="Category_EST">
          <value>Hotel </value>
        </Data>
        <Data name="Search_Location">
          <value/>
        </Data>
        <Data name="Search_Latitude">
          <value/>
        </Data>
        <Data name="Search_Longitude">
          <value/>
        </Data>
      </ExtendedData>
      <Point>
        <coordinates>
          73.5332423,19.9427392,0
        </coordinates>
      </Point>
    </Placemark>
    <Placemark>
      <name>HOTEL HIMALAYA INN.</name>
      <description><![CDATA[Source_File: Nashik_to_Trimbak_Establishments 3.xlsx<br>Source_Sheet: Sheet1<br>Place_ID: ChIJK-_Og_n13TsR6wHpETLskAk<br>Address: Trimbak, Maharashtra 422212, India<br>Latitude: 19.9350625<br>Longitude: 73.5294375<br>Google_Maps: https://maps.google.com/?cid=689310442780688875&g_mp=Cidnb29nbGUubWFwcy5wbGFjZXMudjEuUGxhY2VzLlNlYXJjaFRleHQQAhgEIAA<br>Business_Status: OPERATIONAL<br>Rating: 3.9<br>User_Rating_Count: 251<br>Primary_Type: hotel<br>Types: hotel, lodging, point_of_interest, establishment<br>Establishment_Category: hotels accommodation<br>Waypoint: Talwade Trimbak<br>Waypoint_Latitude: 20.03<br>Waypoint_Longitude: 73.66<br>Establishment_Type: hotels accommodation<br>Search_Term: <br>Establishment_Name: <br>Category_EST: Hotel <br>Search_Location: <br>Search_Latitude: <br>Search_Longitude: ]]></description>
      <styleUrl>#icon-1899-3949AB</styleUrl>
      <ExtendedData>
        <Data name="Source_File">
          <value>Nashik_to_Trimbak_Establishments 3.xlsx</value>
        </Data>
        <Data name="Source_Sheet">
          <value>Sheet1</value>
        </Data>
        <Data name="Place_ID">
          <value>ChIJK-_Og_n13TsR6wHpETLskAk</value>
        </Data>
        <Data name="Address">
          <value>Trimbak, Maharashtra 422212, India</value>
        </Data>
        <Data name="Latitude">
          <value>19.9350625</value>
        </Data>
        <Data name="Longitude">
          <value>73.5294375</value>
        </Data>
        <Data name="Google_Maps">
          <value><![CDATA[https://maps.google.com/?cid=689310442780688875&g_mp=Cidnb29nbGUubWFwcy5wbGFjZXMudjEuUGxhY2VzLlNlYXJjaFRleHQQAhgEIAA]]></value>
        </Data>
        <Data name="Business_Status">
          <value>OPERATIONAL</value>
        </Data>
        <Data name="Rating">
          <value>3.9</value>
        </Data>
        <Data name="User_Rating_Count">
          <value>251.0</value>
        </Data>
        <Data name="Primary_Type">
          <value>hotel</value>
        </Data>
        <Data name="Types">
          <value>hotel, lodging, point_of_interest, establishment</value>
        </Data>
        <Data name="Establishment_Category">
          <value>hotels accommodation</value>
        </Data>
        <Data name="Waypoint">
          <value>Talwade Trimbak</value>
        </Data>
        <Data name="Waypoint_Latitude">
          <value>20.03</value>
        </Data>
        <Data name="Waypoint_Longitude">
          <value>73.66</value>
        </Data>
        <Data name="Establishment_Type">
          <value>hotels accommodation</value>
        </Data>
        <Data name="Search_Term">
          <value/>
        </Data>
        <Data name="Establishment_Name">
          <value/>
        </Data>
        <Data name="Category_EST">
          <value>Hotel </value>
        </Data>
        <Data name="Search_Location">
          <value/>
        </Data>
        <Data name="Search_Latitude">
          <value/>
        </Data>
        <Data name="Search_Longitude">
          <value/>
        </Data>
      </ExtendedData>
      <Point>
        <coordinates>
          73.5294375,19.9350625,0
        </coordinates>
      </Point>
    </Placemark>
    <Placemark>
      <name>HOTEL SHIVANAND ,TRIMBAKESHWAR</name>
      <description><![CDATA[Source_File: Nashik_to_Trimbak_Establishments 3.xlsx<br>Source_Sheet: Sheet1<br>Place_ID: ChIJad0Om8v03TsRLyMGc3hlDVU<br>Address: Patil galli Opp taxi stand, near bus stand, Trimbak, Maharashtra 422212, India<br>Latitude: 19.93399<br>Longitude: 73.5308032<br>Google_Maps: https://maps.google.com/?cid=6128666235921376047&g_mp=Cidnb29nbGUubWFwcy5wbGFjZXMudjEuUGxhY2VzLlNlYXJjaFRleHQQAhgEIAA<br>Business_Status: OPERATIONAL<br>Rating: 3.6<br>User_Rating_Count: 801<br>Primary_Type: hotel<br>Types: hotel, family_restaurant, fast_food_restaurant, hindu_temple, vegetarian_restaurant, place_of_worship, south_indian_restaurant, indian_restaurant, lodging, association_or_organization, restaurant, food, point_of_interest, establishment<br>Establishment_Category: hotels accommodation<br>Waypoint: Talwade Trimbak<br>Waypoint_Latitude: 20.03<br>Waypoint_Longitude: 73.66<br>Establishment_Type: hotels accommodation<br>Search_Term: <br>Establishment_Name: <br>Category_EST: Hotel <br>Search_Location: <br>Search_Latitude: <br>Search_Longitude: ]]></description>
      <styleUrl>#icon-1899-3949AB</styleUrl>
      <ExtendedData>
        <Data name="Source_File">
          <value>Nashik_to_Trimbak_Establishments 3.xlsx</value>
        </Data>
        <Data name="Source_Sheet">
          <value>Sheet1</value>
        </Data>
        <Data name="Place_ID">
          <value>ChIJad0Om8v03TsRLyMGc3hlDVU</value>
        </Data>
        <Data name="Address">
          <value>Patil galli Opp taxi stand, near bus stand, Trimbak, Maharashtra 422212, India</value>
        </Data>
        <Data name="Latitude">
          <value>19.93399</value>
        </Data>
        <Data name="Longitude">
          <value>73.5308032</value>
        </Data>
        <Data name="Google_Maps">
          <value><![CDATA[https://maps.google.com/?cid=6128666235921376047&g_mp=Cidnb29nbGUubWFwcy5wbGFjZXMudjEuUGxhY2VzLlNlYXJjaFRleHQQAhgEIAA]]></value>
        </Data>
        <Data name="Business_Status">
          <value>OPERATIONAL</value>
        </Data>
        <Data name="Rating">
          <value>3.6</value>
        </Data>
        <Data name="User_Rating_Count">
          <value>801.0</value>
        </Data>
        <Data name="Primary_Type">
          <value>hotel</value>
        </Data>
        <Data name="Types">
          <value>hotel, family_restaurant, fast_food_restaurant, hindu_temple, vegetarian_restaurant, place_of_worship, south_indian_restaurant, indian_restaurant, lodging, association_or_organization, restaurant, food, point_of_interest, establishment</value>
        </Data>
        <Data name="Establishment_Category">
          <value>hotels accommodation</value>
        </Data>
        <Data name="Waypoint">
          <value>Talwade Trimbak</value>
        </Data>
        <Data name="Waypoint_Latitude">
          <value>20.03</value>
        </Data>
        <Data name="Waypoint_Longitude">
          <value>73.66</value>
        </Data>
        <Data name="Establishment_Type">
          <value>hotels accommodation</value>
        </Data>
        <Data name="Search_Term">
          <value/>
        </Data>
        <Data name="Establishment_Name">
          <value/>
        </Data>
        <Data name="Category_EST">
          <value>Hotel </value>
        </Data>
        <Data name="Search_Location">
          <value/>
        </Data>
        <Data name="Search_Latitude">
          <value/>
        </Data>
        <Data name="Search_Longitude">
          <value/>
        </Data>
      </ExtendedData>
      <Point>
        <coordinates>
          73.5308032,19.93399,0
        </coordinates>
      </Point>
    </Placemark>
    <Placemark>
      <name>Hostel Sant Niwas</name>
      <description><![CDATA[Source_File: Nashik_to_Trimbak_Establishments 3.xlsx<br>Source_Sheet: Sheet1<br>Place_ID: ChIJn4s1ERL13TsRmCgn-sEsLX0<br>Address: SN. 1084 &1168, SHOP N, Dist Nashik, 1, Patil Galli, Trimbak, Maharashtra 422212, India<br>Latitude: 19.9340494<br>Longitude: 73.5298577<br>Google_Maps: https://maps.google.com/?cid=9019914840330152088&g_mp=Cidnb29nbGUubWFwcy5wbGFjZXMudjEuUGxhY2VzLlNlYXJjaFRleHQQAhgEIAA<br>Business_Status: OPERATIONAL<br>Rating: 4.3<br>User_Rating_Count: 49<br>Primary_Type: hostel<br>Types: hostel, lodging, point_of_interest, establishment<br>Establishment_Category: hotels accommodation<br>Waypoint: Talwade Trimbak<br>Waypoint_Latitude: 20.03<br>Waypoint_Longitude: 73.66<br>Establishment_Type: hotels accommodation<br>Search_Term: <br>Establishment_Name: <br>Category_EST: Hotel <br>Search_Location: <br>Search_Latitude: <br>Search_Longitude: ]]></description>
      <styleUrl>#icon-1899-3949AB</styleUrl>
      <ExtendedData>
        <Data name="Source_File">
          <value>Nashik_to_Trimbak_Establishments 3.xlsx</value>
        </Data>
        <Data name="Source_Sheet">
          <value>Sheet1</value>
        </Data>
        <Data name="Place_ID">
          <value>ChIJn4s1ERL13TsRmCgn-sEsLX0</value>
        </Data>
        <Data name="Address">
          <value><![CDATA[SN. 1084 &1168, SHOP N, Dist Nashik, 1, Patil Galli, Trimbak, Maharashtra 422212, India]]></value>
        </Data>
        <Data name="Latitude">
          <value>19.9340494</value>
        </Data>
        <Data name="Longitude">
          <value>73.5298577</value>
        </Data>
        <Data name="Google_Maps">
          <value><![CDATA[https://maps.google.com/?cid=9019914840330152088&g_mp=Cidnb29nbGUubWFwcy5wbGFjZXMudjEuUGxhY2VzLlNlYXJjaFRleHQQAhgEIAA]]></value>
        </Data>
        <Data name="Business_Status">
          <value>OPERATIONAL</value>
        </Data>
        <Data name="Rating">
          <value>4.3</value>
        </Data>
        <Data name="User_Rating_Count">
          <value>49.0</value>
        </Data>
        <Data name="Primary_Type">
          <value>hostel</value>
        </Data>
        <Data name="Types">
          <value>hostel, lodging, point_of_interest, establishment</value>
        </Data>
        <Data name="Establishment_Category">
          <value>hotels accommodation</value>
        </Data>
        <Data name="Waypoint">
          <value>Talwade Trimbak</value>
        </Data>
        <Data name="Waypoint_Latitude">
          <value>20.03</value>
        </Data>
        <Data name="Waypoint_Longitude">
          <value>73.66</value>
        </Data>
        <Data name="Establishment_Type">
          <value>hotels accommodation</value>
        </Data>
        <Data name="Search_Term">
          <value/>
        </Data>
        <Data name="Establishment_Name">
          <value/>
        </Data>
        <Data name="Category_EST">
          <value>Hotel </value>
        </Data>
        <Data name="Search_Location">
          <value/>
        </Data>
        <Data name="Search_Latitude">
          <value/>
        </Data>
        <Data name="Search_Longitude">
          <value/>
        </Data>
      </ExtendedData>
      <Point>
        <coordinates>
          73.5298577,19.9340494,0
        </coordinates>
      </Point>
    </Placemark>
    <Placemark>
      <name>Hotel Krushna Inn</name>
      <description><![CDATA[Source_File: Nashik_to_Trimbak_Establishments 3.xlsx<br>Source_Sheet: Sheet1<br>Place_ID: ChIJgQ8hR6zq3TsRyafDo_SJ5Ek<br>Address: Patil Lane, At Post & Tal. - Trimbakeshwar, near S.T. Stand, Bhausahebnagar, Trimbak, Maharashtra 422212, India<br>Latitude: 19.9344771<br>Longitude: 73.530605<br>Google_Maps: https://maps.google.com/?cid=5324532343271303113&g_mp=Cidnb29nbGUubWFwcy5wbGFjZXMudjEuUGxhY2VzLlNlYXJjaFRleHQQAhgEIAA<br>Business_Status: OPERATIONAL<br>Rating: 4.1<br>User_Rating_Count: 1225<br>Primary_Type: hotel<br>Types: hotel, lodging, point_of_interest, establishment<br>Establishment_Category: hotels accommodation<br>Waypoint: Talwade Trimbak<br>Waypoint_Latitude: 20.03<br>Waypoint_Longitude: 73.66<br>Establishment_Type: hotels accommodation<br>Search_Term: <br>Establishment_Name: <br>Category_EST: Hotel <br>Search_Location: <br>Search_Latitude: <br>Search_Longitude: ]]></description>
      <styleUrl>#icon-1899-3949AB</styleUrl>
      <ExtendedData>
        <Data name="Source_File">
          <value>Nashik_to_Trimbak_Establishments 3.xlsx</value>
        </Data>
        <Data name="Source_Sheet">
          <value>Sheet1</value>
        </Data>
        <Data name="Place_ID">
          <value>ChIJgQ8hR6zq3TsRyafDo_SJ5Ek</value>
        </Data>
        <Data name="Address">
          <value><![CDATA[Patil Lane, At Post & Tal. - Trimbakeshwar, near S.T. Stand, Bhausahebnagar, Trimbak, Maharashtra 422212, India]]></value>
        </Data>
        <Data name="Latitude">
          <value>19.9344771</value>
        </Data>
        <Data name="Longitude">
          <value>73.530605</value>
        </Data>
        <Data name="Google_Maps">
          <value><![CDATA[https://maps.google.com/?cid=5324532343271303113&g_mp=Cidnb29nbGUubWFwcy5wbGFjZXMudjEuUGxhY2VzLlNlYXJjaFRleHQQAhgEIAA]]></value>
        </Data>
        <Data name="Business_Status">
          <value>OPERATIONAL</value>
        </Data>
        <Data name="Rating">
          <value>4.1</value>
        </Data>
        <Data name="User_Rating_Count">
          <value>1225.0</value>
        </Data>
        <Data name="Primary_Type">
          <value>hotel</value>
        </Data>
        <Data name="Types">
          <value>hotel, lodging, point_of_interest, establishment</value>
        </Data>
        <Data name="Establishment_Category">
          <value>hotels accommodation</value>
        </Data>
        <Data name="Waypoint">
          <value>Talwade Trimbak</value>
        </Data>
        <Data name="Waypoint_Latitude">
          <value>20.03</value>
        </Data>
        <Data name="Waypoint_Longitude">
          <value>73.66</value>
        </Data>
        <Data name="Establishment_Type">
          <value>hotels accommodation</value>
        </Data>
        <Data name="Search_Term">
          <value/>
        </Data>
        <Data name="Establishment_Name">
          <value/>
        </Data>
        <Data name="Category_EST">
          <value>Hotel </value>
        </Data>
        <Data name="Search_Location">
          <value/>
        </Data>
        <Data name="Search_Latitude">
          <value/>
        </Data>
        <Data name="Search_Longitude">
          <value/>
        </Data>
      </ExtendedData>
      <Point>
        <coordinates>
          73.530605,19.9344771,0
        </coordinates>
      </Point>
    </Placemark>
    <Placemark>
      <name>Hotel Mayur Inn</name>
      <description><![CDATA[Source_File: Nashik_to_Trimbak_Establishments 3.xlsx<br>Source_Sheet: Sheet1<br>Place_ID: ChIJeWp0voL13TsRzZqgUYze7yQ<br>Address: Near, by Dakshinmukhi Hanuman Mandir, Jawhar Phata, Trimbakeshwar, Nashik, Trimbak, Maharashtra 422212, India<br>Latitude: 19.9408475<br>Longitude: 73.5330145<br>Google_Maps: https://maps.google.com/?cid=2661590599045520077&g_mp=Cidnb29nbGUubWFwcy5wbGFjZXMudjEuUGxhY2VzLlNlYXJjaFRleHQQAhgEIAA<br>Business_Status: OPERATIONAL<br>Rating: 3.9<br>User_Rating_Count: 23<br>Primary_Type: lodging<br>Types: lodging, point_of_interest, establishment<br>Establishment_Category: hotels accommodation<br>Waypoint: Talwade Trimbak<br>Waypoint_Latitude: 20.03<br>Waypoint_Longitude: 73.66<br>Establishment_Type: hotels accommodation<br>Search_Term: <br>Establishment_Name: <br>Category_EST: Hotel <br>Search_Location: <br>Search_Latitude: <br>Search_Longitude: ]]></description>
      <styleUrl>#icon-1899-3949AB</styleUrl>
      <ExtendedData>
        <Data name="Source_File">
          <value>Nashik_to_Trimbak_Establishments 3.xlsx</value>
        </Data>
        <Data name="Source_Sheet">
          <value>Sheet1</value>
        </Data>
        <Data name="Place_ID">
          <value>ChIJeWp0voL13TsRzZqgUYze7yQ</value>
        </Data>
        <Data name="Address">
          <value>Near, by Dakshinmukhi Hanuman Mandir, Jawhar Phata, Trimbakeshwar, Nashik, Trimbak, Maharashtra 422212, India</value>
        </Data>
        <Data name="Latitude">
          <value>19.9408475</value>
        </Data>
        <Data name="Longitude">
          <value>73.5330145</value>
        </Data>
        <Data name="Google_Maps">
          <value><![CDATA[https://maps.google.com/?cid=2661590599045520077&g_mp=Cidnb29nbGUubWFwcy5wbGFjZXMudjEuUGxhY2VzLlNlYXJjaFRleHQQAhgEIAA]]></value>
        </Data>
        <Data name="Business_Status">
          <value>OPERATIONAL</value>
        </Data>
        <Data name="Rating">
          <value>3.9</value>
        </Data>
        <Data name="User_Rating_Count">
          <value>23.0</value>
        </Data>
        <Data name="Primary_Type">
          <value>lodging</value>
        </Data>
        <Data name="Types">
          <value>lodging, point_of_interest, establishment</value>
        </Data>
        <Data name="Establishment_Category">
          <value>hotels accommodation</value>
        </Data>
        <Data name="Waypoint">
          <value>Talwade Trimbak</value>
        </Data>
        <Data name="Waypoint_Latitude">
          <value>20.03</value>
        </Data>
        <Data name="Waypoint_Longitude">
          <value>73.66</value>
        </Data>
        <Data name="Establishment_Type">
          <value>hotels accommodation</value>
        </Data>
        <Data name="Search_Term">
          <value/>
        </Data>
        <Data name="Establishment_Name">
          <value/>
        </Data>
        <Data name="Category_EST">
          <value>Hotel </value>
        </Data>
        <Data name="Search_Location">
          <value/>
        </Data>
        <Data name="Search_Latitude">
          <value/>
        </Data>
        <Data name="Search_Longitude">
          <value/>
        </Data>
      </ExtendedData>
      <Point>
        <coordinates>
          73.5330145,19.9408475,0
        </coordinates>
      </Point>
    </Placemark>
    <Placemark>
      <name>Hotel Midtown Inn</name>
      <description><![CDATA[Source_File: Nashik_to_Trimbak_Establishments 3.xlsx<br>Source_Sheet: Sheet1<br>Place_ID: ChIJb8PtIcr03TsRvIAdJLQg8qw<br>Address: Plot No. 34, opp. HDFC Bank, Trimbak, Maharashtra 422212, India<br>Latitude: 19.9369511<br>Longitude: 73.5343766<br>Google_Maps: https://maps.google.com/?cid=12462059076959699132&g_mp=Cidnb29nbGUubWFwcy5wbGFjZXMudjEuUGxhY2VzLlNlYXJjaFRleHQQAhgEIAA<br>Business_Status: OPERATIONAL<br>Rating: 3.9<br>User_Rating_Count: 641<br>Primary_Type: hotel<br>Types: hotel, lodging, point_of_interest, establishment<br>Establishment_Category: hotels accommodation<br>Waypoint: Talwade Trimbak<br>Waypoint_Latitude: 20.03<br>Waypoint_Longitude: 73.66<br>Establishment_Type: hotels accommodation<br>Search_Term: <br>Establishment_Name: <br>Category_EST: Hotel <br>Search_Location: <br>Search_Latitude: <br>Search_Longitude: ]]></description>
      <styleUrl>#icon-1899-3949AB</styleUrl>
      <ExtendedData>
        <Data name="Source_File">
          <value>Nashik_to_Trimbak_Establishments 3.xlsx</value>
        </Data>
        <Data name="Source_Sheet">
          <value>Sheet1</value>
        </Data>
        <Data name="Place_ID">
          <value>ChIJb8PtIcr03TsRvIAdJLQg8qw</value>
        </Data>
        <Data name="Address">
          <value>Plot No. 34, opp. HDFC Bank, Trimbak, Maharashtra 422212, India</value>
        </Data>
        <Data name="Latitude">
          <value>19.9369511</value>
        </Data>
        <Data name="Longitude">
          <value>73.5343766</value>
        </Data>
        <Data name="Google_Maps">
          <value><![CDATA[https://maps.google.com/?cid=12462059076959699132&g_mp=Cidnb29nbGUubWFwcy5wbGFjZXMudjEuUGxhY2VzLlNlYXJjaFRleHQQAhgEIAA]]></value>
        </Data>
        <Data name="Business_Status">
          <value>OPERATIONAL</value>
        </Data>
        <Data name="Rating">
          <value>3.9</value>
        </Data>
        <Data name="User_Rating_Count">
          <value>641.0</value>
        </Data>
        <Data name="Primary_Type">
          <value>hotel</value>
        </Data>
        <Data name="Types">
          <value>hotel, lodging, point_of_interest, establishment</value>
        </Data>
        <Data name="Establishment_Category">
          <value>hotels accommodation</value>
        </Data>
        <Data name="Waypoint">
          <value>Talwade Trimbak</value>
        </Data>
        <Data name="Waypoint_Latitude">
          <value>20.03</value>
        </Data>
        <Data name="Waypoint_Longitude">
          <value>73.66</value>
        </Data>
        <Data name="Establishment_Type">
          <value>hotels accommodation</value>
        </Data>
        <Data name="Search_Term">
          <value/>
        </Data>
        <Data name="Establishment_Name">
          <value/>
        </Data>
        <Data name="Category_EST">
          <value>Hotel </value>
        </Data>
        <Data name="Search_Location">
          <value/>
        </Data>
        <Data name="Search_Latitude">
          <value/>
        </Data>
        <Data name="Search_Longitude">
          <value/>
        </Data>
      </ExtendedData>
      <Point>
        <coordinates>
          73.5343766,19.9369511,0
        </coordinates>
      </Point>
    </Placemark>
    <Placemark>
      <name>Hotel Sahyadri- Top/Best Hotel in Trimbakeshwar</name>
      <description><![CDATA[Source_File: Nashik_to_Trimbak_Establishments 3.xlsx<br>Source_Sheet: Sheet1<br>Place_ID: ChIJuwEeysv03TsRlDs4SWe-qgY<br>Address: Police Station Road, opposite to Municipal Council, Trimbak, Maharashtra 422212, India<br>Latitude: 19.9353738<br>Longitude: 73.5325241<br>Google_Maps: https://maps.google.com/?cid=480405661087710100&g_mp=Cidnb29nbGUubWFwcy5wbGFjZXMudjEuUGxhY2VzLlNlYXJjaFRleHQQAhgEIAA<br>Business_Status: OPERATIONAL<br>Rating: 3.6<br>User_Rating_Count: 246<br>Primary_Type: hotel<br>Types: hotel, lodging, point_of_interest, establishment<br>Establishment_Category: hotels accommodation<br>Waypoint: Talwade Trimbak<br>Waypoint_Latitude: 20.03<br>Waypoint_Longitude: 73.66<br>Establishment_Type: hotels accommodation<br>Search_Term: <br>Establishment_Name: <br>Category_EST: Hotel <br>Search_Location: <br>Search_Latitude: <br>Search_Longitude: ]]></description>
      <styleUrl>#icon-1899-3949AB</styleUrl>
      <ExtendedData>
        <Data name="Source_File">
          <value>Nashik_to_Trimbak_Establishments 3.xlsx</value>
        </Data>
        <Data name="Source_Sheet">
          <value>Sheet1</value>
        </Data>
        <Data name="Place_ID">
          <value>ChIJuwEeysv03TsRlDs4SWe-qgY</value>
        </Data>
        <Data name="Address">
          <value>Police Station Road, opposite to Municipal Council, Trimbak, Maharashtra 422212, India</value>
        </Data>
        <Data name="Latitude">
          <value>19.9353738</value>
        </Data>
        <Data name="Longitude">
          <value>73.5325241</value>
        </Data>
        <Data name="Google_Maps">
          <value><![CDATA[https://maps.google.com/?cid=480405661087710100&g_mp=Cidnb29nbGUubWFwcy5wbGFjZXMudjEuUGxhY2VzLlNlYXJjaFRleHQQAhgEIAA]]></value>
        </Data>
        <Data name="Business_Status">
          <value>OPERATIONAL</value>
        </Data>
        <Data name="Rating">
          <value>3.6</value>
        </Data>
        <Data name="User_Rating_Count">
          <value>246.0</value>
        </Data>
        <Data name="Primary_Type">
          <value>hotel</value>
        </Data>
        <Data name="Types">
          <value>hotel, lodging, point_of_interest, establishment</value>
        </Data>
        <Data name="Establishment_Category">
          <value>hotels accommodation</value>
        </Data>
        <Data name="Waypoint">
          <value>Talwade Trimbak</value>
        </Data>
        <Data name="Waypoint_Latitude">
          <value>20.03</value>
        </Data>
        <Data name="Waypoint_Longitude">
          <value>73.66</value>
        </Data>
        <Data name="Establishment_Type">
          <value>hotels accommodation</value>
        </Data>
        <Data name="Search_Term">
          <value/>
        </Data>
        <Data name="Establishment_Name">
          <value/>
        </Data>
        <Data name="Category_EST">
          <value>Hotel </value>
        </Data>
        <Data name="Search_Location">
          <value/>
        </Data>
        <Data name="Search_Latitude">
          <value/>
        </Data>
        <Data name="Search_Longitude">
          <value/>
        </Data>
      </ExtendedData>
      <Point>
        <coordinates>
          73.5325241,19.9353738,0
        </coordinates>
      </Point>
    </Placemark>
    <Placemark>
      <name>Hotel Shiva`s Inn</name>
      <description><![CDATA[Source_File: Nashik_to_Trimbak_Establishments 3.xlsx<br>Source_Sheet: Sheet1<br>Place_ID: ChIJDc767rT03TsRNir-QJFVw24<br>Address: Kailas Raja Nagar, Ring road, near Swami Samarth Kendra, Trimbak, Maharashtra 422212, India<br>Latitude: 19.9332535<br>Longitude: 73.5398781<br>Google_Maps: https://maps.google.com/?cid=7981317046979668534&g_mp=Cidnb29nbGUubWFwcy5wbGFjZXMudjEuUGxhY2VzLlNlYXJjaFRleHQQAhgEIAA<br>Business_Status: OPERATIONAL<br>Rating: 4<br>User_Rating_Count: 609<br>Primary_Type: hotel<br>Types: hotel, lodging, point_of_interest, establishment<br>Establishment_Category: hotels accommodation<br>Waypoint: Talwade Trimbak<br>Waypoint_Latitude: 20.03<br>Waypoint_Longitude: 73.66<br>Establishment_Type: hotels accommodation<br>Search_Term: <br>Establishment_Name: <br>Category_EST: Hotel <br>Search_Location: <br>Search_Latitude: <br>Search_Longitude: ]]></description>
      <styleUrl>#icon-1899-3949AB</styleUrl>
      <ExtendedData>
        <Data name="Source_File">
          <value>Nashik_to_Trimbak_Establishments 3.xlsx</value>
        </Data>
        <Data name="Source_Sheet">
          <value>Sheet1</value>
        </Data>
        <Data name="Place_ID">
          <value>ChIJDc767rT03TsRNir-QJFVw24</value>
        </Data>
        <Data name="Address">
          <value>Kailas Raja Nagar, Ring road, near Swami Samarth Kendra, Trimbak, Maharashtra 422212, India</value>
        </Data>
        <Data name="Latitude">
          <value>19.9332535</value>
        </Data>
        <Data name="Longitude">
          <value>73.5398781</value>
        </Data>
        <Data name="Google_Maps">
          <value><![CDATA[https://maps.google.com/?cid=7981317046979668534&g_mp=Cidnb29nbGUubWFwcy5wbGFjZXMudjEuUGxhY2VzLlNlYXJjaFRleHQQAhgEIAA]]></value>
        </Data>
        <Data name="Business_Status">
          <value>OPERATIONAL</value>
        </Data>
        <Data name="Rating">
          <value>4.0</value>
        </Data>
        <Data name="User_Rating_Count">
          <value>609.0</value>
        </Data>
        <Data name="Primary_Type">
          <value>hotel</value>
        </Data>
        <Data name="Types">
          <value>hotel, lodging, point_of_interest, establishment</value>
        </Data>
        <Data name="Establishment_Category">
          <value>hotels accommodation</value>
        </Data>
        <Data name="Waypoint">
          <value>Talwade Trimbak</value>
        </Data>
        <Data name="Waypoint_Latitude">
          <value>20.03</value>
        </Data>
        <Data name="Waypoint_Longitude">
          <value>73.66</value>
        </Data>
        <Data name="Establishment_Type">
          <value>hotels accommodation</value>
        </Data>
        <Data name="Search_Term">
          <value/>
        </Data>
        <Data name="Establishment_Name">
          <value/>
        </Data>
        <Data name="Category_EST">
          <value>Hotel </value>
        </Data>
        <Data name="Search_Location">
          <value/>
        </Data>
        <Data name="Search_Latitude">
          <value/>
        </Data>
        <Data name="Search_Longitude">
          <value/>
        </Data>
      </ExtendedData>
      <Point>
        <coordinates>
          73.5398781,19.9332535,0
        </coordinates>
      </Point>
    </Placemark>
    <Placemark>
      <name>Hotel Siyaram Inn</name>
      <description><![CDATA[Source_File: Nashik_to_Trimbak_Establishments 3.xlsx<br>Source_Sheet: Sheet1<br>Place_ID: ChIJ_6YW1XT13TsRaM4i2iG74HQ<br>Address: Hotel Siyaram Inn, Kailas Raja Nagar, Dakshineshwar, Trimbak?Jawhar Road, Trimbakeshwar, Trimbak, Maharashtra 422212, India<br>Latitude: 19.9423791<br>Longitude: 73.5339054<br>Google_Maps: https://maps.google.com/?cid=8421937057250856552&g_mp=Cidnb29nbGUubWFwcy5wbGFjZXMudjEuUGxhY2VzLlNlYXJjaFRleHQQAhgEIAA<br>Business_Status: OPERATIONAL<br>Rating: 4.6<br>User_Rating_Count: 66<br>Primary_Type: lodging<br>Types: hotel, lodging, point_of_interest, establishment<br>Establishment_Category: hotels accommodation<br>Waypoint: Talwade Trimbak<br>Waypoint_Latitude: 20.03<br>Waypoint_Longitude: 73.66<br>Establishment_Type: hotels accommodation<br>Search_Term: <br>Establishment_Name: <br>Category_EST: Hotel <br>Search_Location: <br>Search_Latitude: <br>Search_Longitude: ]]></description>
      <styleUrl>#icon-1899-3949AB</styleUrl>
      <ExtendedData>
        <Data name="Source_File">
          <value>Nashik_to_Trimbak_Establishments 3.xlsx</value>
        </Data>
        <Data name="Source_Sheet">
          <value>Sheet1</value>
        </Data>
        <Data name="Place_ID">
          <value>ChIJ_6YW1XT13TsRaM4i2iG74HQ</value>
        </Data>
        <Data name="Address">
          <value>Hotel Siyaram Inn, Kailas Raja Nagar, Dakshineshwar, Trimbak?Jawhar Road, Trimbakeshwar, Trimbak, Maharashtra 422212, India</value>
        </Data>
        <Data name="Latitude">
          <value>19.9423791</value>
        </Data>
        <Data name="Longitude">
          <value>73.5339054</value>
        </Data>
        <Data name="Google_Maps">
          <value><![CDATA[https://maps.google.com/?cid=8421937057250856552&g_mp=Cidnb29nbGUubWFwcy5wbGFjZXMudjEuUGxhY2VzLlNlYXJjaFRleHQQAhgEIAA]]></value>
        </Data>
        <Data name="Business_Status">
          <value>OPERATIONAL</value>
        </Data>
        <Data name="Rating">
          <value>4.6</value>
        </Data>
        <Data name="User_Rating_Count">
          <value>66.0</value>
        </Data>
        <Data name="Primary_Type">
          <value>lodging</value>
        </Data>
        <Data name="Types">
          <value>hotel, lodging, point_of_interest, establishment</value>
        </Data>
        <Data name="Establishment_Category">
          <value>hotels accommodation</value>
        </Data>
        <Data name="Waypoint">
          <value>Talwade Trimbak</value>
        </Data>
        <Data name="Waypoint_Latitude">
          <value>20.03</value>
        </Data>
        <Data name="Waypoint_Longitude">
          <value>73.66</value>
        </Data>
        <Data name="Establishment_Type">
          <value>hotels accommodation</value>
        </Data>
        <Data name="Search_Term">
          <value/>
        </Data>
        <Data name="Establishment_Name">
          <value/>
        </Data>
        <Data name="Category_EST">
          <value>Hotel </value>
        </Data>
        <Data name="Search_Location">
          <value/>
        </Data>
        <Data name="Search_Latitude">
          <value/>
        </Data>
        <Data name="Search_Longitude">
          <value/>
        </Data>
      </ExtendedData>
      <Point>
        <coordinates>
          73.5339054,19.9423791,0
        </coordinates>
      </Point>
    </Placemark>
    <Placemark>
      <name>Hotel bramha view</name>
      <description><![CDATA[Source_File: Nashik_to_Trimbak_Establishments 3.xlsx<br>Source_Sheet: Sheet1<br>Place_ID: ChIJhUotmZX13TsRvSoZ--S2f5g<br>Address: Kailasraja Dakshineswar nagar, Trimbak, Maharashtra 422212, India<br>Latitude: 19.9416589<br>Longitude: 73.534349<br>Google_Maps: https://maps.google.com/?cid=10988702710388828861&g_mp=Cidnb29nbGUubWFwcy5wbGFjZXMudjEuUGxhY2VzLlNlYXJjaFRleHQQAhgEIAA<br>Business_Status: OPERATIONAL<br>Rating: 3.5<br>User_Rating_Count: 92<br>Primary_Type: hotel<br>Types: hotel, lodging, point_of_interest, establishment<br>Establishment_Category: hotels accommodation<br>Waypoint: Talwade Trimbak<br>Waypoint_Latitude: 20.03<br>Waypoint_Longitude: 73.66<br>Establishment_Type: hotels accommodation<br>Search_Term: <br>Establishment_Name: <br>Category_EST: Hotel <br>Search_Location: <br>Search_Latitude: <br>Search_Longitude: ]]></description>
      <styleUrl>#icon-1899-3949AB</styleUrl>
      <ExtendedData>
        <Data name="Source_File">
          <value>Nashik_to_Trimbak_Establishments 3.xlsx</value>
        </Data>
        <Data name="Source_Sheet">
          <value>Sheet1</value>
        </Data>
        <Data name="Place_ID">
          <value>ChIJhUotmZX13TsRvSoZ--S2f5g</value>
        </Data>
        <Data name="Address">
          <value>Kailasraja Dakshineswar nagar, Trimbak, Maharashtra 422212, India</value>
        </Data>
        <Data name="Latitude">
          <value>19.9416589</value>
        </Data>
        <Data name="Longitude">
          <value>73.534349</value>
        </Data>
        <Data name="Google_Maps">
          <value><![CDATA[https://maps.google.com/?cid=10988702710388828861&g_mp=Cidnb29nbGUubWFwcy5wbGFjZXMudjEuUGxhY2VzLlNlYXJjaFRleHQQAhgEIAA]]></value>
        </Data>
        <Data name="Business_Status">
          <value>OPERATIONAL</value>
        </Data>
        <Data name="Rating">
          <value>3.5</value>
        </Data>
        <Data name="User_Rating_Count">
          <value>92.0</value>
        </Data>
        <Data name="Primary_Type">
          <value>hotel</value>
        </Data>
        <Data name="Types">
          <value>hotel, lodging, point_of_interest, establishment</value>
        </Data>
        <Data name="Establishment_Category">
          <value>hotels accommodation</value>
        </Data>
        <Data name="Waypoint">
          <value>Talwade Trimbak</value>
        </Data>
        <Data name="Waypoint_Latitude">
          <value>20.03</value>
        </Data>
        <Data name="Waypoint_Longitude">
          <value>73.66</value>
        </Data>
        <Data name="Establishment_Type">
          <value>hotels accommodation</value>
        </Data>
        <Data name="Search_Term">
          <value/>
        </Data>
        <Data name="Establishment_Name">
          <value/>
        </Data>
        <Data name="Category_EST">
          <value>Hotel </value>
        </Data>
        <Data name="Search_Location">
          <value/>
        </Data>
        <Data name="Search_Latitude">
          <value/>
        </Data>
        <Data name="Search_Longitude">
          <value/>
        </Data>
      </ExtendedData>
      <Point>
        <coordinates>
          73.534349,19.9416589,0
        </coordinates>
      </Point>
    </Placemark>
    <Placemark>
      <name>Hotel trambakraj</name>
      <description><![CDATA[Source_File: Nashik_to_Trimbak_Establishments 3.xlsx<br>Source_Sheet: Sheet1<br>Place_ID: ChIJaQWQXQD13TsRPJghczq1Nhg<br>Address: WGVM+FFP, Trimbak, Maharashtra 422212, India<br>Latitude: 19.9437036<br>Longitude: 73.5337107<br>Google_Maps: https://maps.google.com/?cid=1744781168296958012&g_mp=Cidnb29nbGUubWFwcy5wbGFjZXMudjEuUGxhY2VzLlNlYXJjaFRleHQQAhgEIAA<br>Business_Status: OPERATIONAL<br>Rating: 4.2<br>User_Rating_Count: 6<br>Primary_Type: private_guest_room<br>Types: private_guest_room, lodging, point_of_interest, establishment<br>Establishment_Category: hotels accommodation<br>Waypoint: Talwade Trimbak<br>Waypoint_Latitude: 20.03<br>Waypoint_Longitude: 73.66<br>Establishment_Type: hotels accommodation<br>Search_Term: <br>Establishment_Name: <br>Category_EST: Hotel <br>Search_Location: <br>Search_Latitude: <br>Search_Longitude: ]]></description>
      <styleUrl>#icon-1899-3949AB</styleUrl>
      <ExtendedData>
        <Data name="Source_File">
          <value>Nashik_to_Trimbak_Establishments 3.xlsx</value>
        </Data>
        <Data name="Source_Sheet">
          <value>Sheet1</value>
        </Data>
        <Data name="Place_ID">
          <value>ChIJaQWQXQD13TsRPJghczq1Nhg</value>
        </Data>
        <Data name="Address">
          <value>WGVM+FFP, Trimbak, Maharashtra 422212, India</value>
        </Data>
        <Data name="Latitude">
          <value>19.9437036</value>
        </Data>
        <Data name="Longitude">
          <value>73.5337107</value>
        </Data>
        <Data name="Google_Maps">
          <value><![CDATA[https://maps.google.com/?cid=1744781168296958012&g_mp=Cidnb29nbGUubWFwcy5wbGFjZXMudjEuUGxhY2VzLlNlYXJjaFRleHQQAhgEIAA]]></value>
        </Data>
        <Data name="Business_Status">
          <value>OPERATIONAL</value>
        </Data>
        <Data name="Rating">
          <value>4.2</value>
        </Data>
        <Data name="User_Rating_Count">
          <value>6.0</value>
        </Data>
        <Data name="Primary_Type">
          <value>private_guest_room</value>
        </Data>
        <Data name="Types">
          <value>private_guest_room, lodging, point_of_interest, establishment</value>
        </Data>
        <Data name="Establishment_Category">
          <value>hotels accommodation</value>
        </Data>
        <Data name="Waypoint">
          <value>Talwade Trimbak</value>
        </Data>
        <Data name="Waypoint_Latitude">
          <value>20.03</value>
        </Data>
        <Data name="Waypoint_Longitude">
          <value>73.66</value>
        </Data>
        <Data name="Establishment_Type">
          <value>hotels accommodation</value>
        </Data>
        <Data name="Search_Term">
          <value/>
        </Data>
        <Data name="Establishment_Name">
          <value/>
        </Data>
        <Data name="Category_EST">
          <value>Hotel </value>
        </Data>
        <Data name="Search_Location">
          <value/>
        </Data>
        <Data name="Search_Latitude">
          <value/>
        </Data>
        <Data name="Search_Longitude">
          <value/>
        </Data>
      </ExtendedData>
      <Point>
        <coordinates>
          73.5337107,19.9437036,0
        </coordinates>
      </Point>
    </Placemark>
    <Placemark>
      <name>Kumbh Ganga Retreat</name>
      <description><![CDATA[Source_File: Nashik_to_Trimbak_Establishments 3.xlsx<br>Source_Sheet: Sheet1<br>Place_ID: ChIJN_Z0zfz13TsRX4rs9C78-vs<br>Address: Ghoti Trimbak Rd, at Nashik Trimbak Rd, beside Zilla Parishad Upper Primary School, near Prayag Thirth, Pegalwadi, Maharashtra 422213, India<br>Latitude: 19.942321<br>Longitude: 73.5519285<br>Google_Maps: https://maps.google.com/?cid=18157102126305413727&g_mp=Cidnb29nbGUubWFwcy5wbGFjZXMudjEuUGxhY2VzLlNlYXJjaFRleHQQAhgEIAA<br>Business_Status: OPERATIONAL<br>Rating: 5<br>User_Rating_Count: 20<br>Primary_Type: camping_cabin<br>Types: camping_cabin, guest_house, resort_hotel, tourist_attraction, hotel, lodging, event_venue, point_of_interest, establishment<br>Establishment_Category: hotels accommodation<br>Waypoint: Talwade Trimbak<br>Waypoint_Latitude: 20.03<br>Waypoint_Longitude: 73.66<br>Establishment_Type: hotels accommodation<br>Search_Term: <br>Establishment_Name: <br>Category_EST: Hotel <br>Search_Location: <br>Search_Latitude: <br>Search_Longitude: ]]></description>
      <styleUrl>#icon-1899-3949AB</styleUrl>
      <ExtendedData>
        <Data name="Source_File">
          <value>Nashik_to_Trimbak_Establishments 3.xlsx</value>
        </Data>
        <Data name="Source_Sheet">
          <value>Sheet1</value>
        </Data>
        <Data name="Place_ID">
          <value>ChIJN_Z0zfz13TsRX4rs9C78-vs</value>
        </Data>
        <Data name="Address">
          <value>Ghoti Trimbak Rd, at Nashik Trimbak Rd, beside Zilla Parishad Upper Primary School, near Prayag Thirth, Pegalwadi, Maharashtra 422213, India</value>
        </Data>
        <Data name="Latitude">
          <value>19.942321</value>
        </Data>
        <Data name="Longitude">
          <value>73.5519285</value>
        </Data>
        <Data name="Google_Maps">
          <value><![CDATA[https://maps.google.com/?cid=18157102126305413727&g_mp=Cidnb29nbGUubWFwcy5wbGFjZXMudjEuUGxhY2VzLlNlYXJjaFRleHQQAhgEIAA]]></value>
        </Data>
        <Data name="Business_Status">
          <value>OPERATIONAL</value>
        </Data>
        <Data name="Rating">
          <value>5.0</value>
        </Data>
        <Data name="User_Rating_Count">
          <value>20.0</value>
        </Data>
        <Data name="Primary_Type">
          <value>camping_cabin</value>
        </Data>
        <Data name="Types">
          <value>camping_cabin, guest_house, resort_hotel, tourist_attraction, hotel, lodging, event_venue, point_of_interest, establishment</value>
        </Data>
        <Data name="Establishment_Category">
          <value>hotels accommodation</value>
        </Data>
        <Data name="Waypoint">
          <value>Talwade Trimbak</value>
        </Data>
        <Data name="Waypoint_Latitude">
          <value>20.03</value>
        </Data>
        <Data name="Waypoint_Longitude">
          <value>73.66</value>
        </Data>
        <Data name="Establishment_Type">
          <value>hotels accommodation</value>
        </Data>
        <Data name="Search_Term">
          <value/>
        </Data>
        <Data name="Establishment_Name">
          <value/>
        </Data>
        <Data name="Category_EST">
          <value>Hotel </value>
        </Data>
        <Data name="Search_Location">
          <value/>
        </Data>
        <Data name="Search_Latitude">
          <value/>
        </Data>
        <Data name="Search_Longitude">
          <value/>
        </Data>
      </ExtendedData>
      <Point>
        <coordinates>
          73.5519285,19.942321,0
        </coordinates>
      </Point>
    </Placemark>
    <Placemark>
      <name>Kumbh India Kutir</name>
      <description><![CDATA[Source_File: Nashik_to_Trimbak_Establishments 3.xlsx<br>Source_Sheet: Sheet1<br>Place_ID: ChIJ72RT_N_13TsRprx9lZgTlbM<br>Address: 200 meters away from Prayag Tirth Kund, Ghoti Trimbak Rd, beside Zilla Parishad Upper Primary School, Pegalwadi, Trimbak, Maharashtra 422213, India<br>Latitude: 19.9424936<br>Longitude: 73.5519376<br>Google_Maps: https://maps.google.com/?cid=12940270650382990502&g_mp=Cidnb29nbGUubWFwcy5wbGFjZXMudjEuUGxhY2VzLlNlYXJjaFRleHQQAhgEIAA<br>Business_Status: OPERATIONAL<br>Rating: 5<br>User_Rating_Count: 1<br>Primary_Type: campground<br>Types: campground, resort_hotel, hotel, lodging, point_of_interest, establishment<br>Establishment_Category: hotels accommodation<br>Waypoint: Talwade Trimbak<br>Waypoint_Latitude: 20.03<br>Waypoint_Longitude: 73.66<br>Establishment_Type: hotels accommodation<br>Search_Term: <br>Establishment_Name: <br>Category_EST: Hotel <br>Search_Location: <br>Search_Latitude: <br>Search_Longitude: ]]></description>
      <styleUrl>#icon-1899-3949AB</styleUrl>
      <ExtendedData>
        <Data name="Source_File">
          <value>Nashik_to_Trimbak_Establishments 3.xlsx</value>
        </Data>
        <Data name="Source_Sheet">
          <value>Sheet1</value>
        </Data>
        <Data name="Place_ID">
          <value>ChIJ72RT_N_13TsRprx9lZgTlbM</value>
        </Data>
        <Data name="Address">
          <value>200 meters away from Prayag Tirth Kund, Ghoti Trimbak Rd, beside Zilla Parishad Upper Primary School, Pegalwadi, Trimbak, Maharashtra 422213, India</value>
        </Data>
        <Data name="Latitude">
          <value>19.9424936</value>
        </Data>
        <Data name="Longitude">
          <value>73.5519376</value>
        </Data>
        <Data name="Google_Maps">
          <value><![CDATA[https://maps.google.com/?cid=12940270650382990502&g_mp=Cidnb29nbGUubWFwcy5wbGFjZXMudjEuUGxhY2VzLlNlYXJjaFRleHQQAhgEIAA]]></value>
        </Data>
        <Data name="Business_Status">
          <value>OPERATIONAL</value>
        </Data>
        <Data name="Rating">
          <value>5.0</value>
        </Data>
        <Data name="User_Rating_Count">
          <value>1.0</value>
        </Data>
        <Data name="Primary_Type">
          <value>campground</value>
        </Data>
        <Data name="Types">
          <value>campground, resort_hotel, hotel, lodging, point_of_interest, establishment</value>
        </Data>
        <Data name="Establishment_Category">
          <value>hotels accommodation</value>
        </Data>
        <Data name="Waypoint">
          <value>Talwade Trimbak</value>
        </Data>
        <Data name="Waypoint_Latitude">
          <value>20.03</value>
        </Data>
        <Data name="Waypoint_Longitude">
          <value>73.66</value>
        </Data>
        <Data name="Establishment_Type">
          <value>hotels accommodation</value>
        </Data>
        <Data name="Search_Term">
          <value/>
        </Data>
        <Data name="Establishment_Name">
          <value/>
        </Data>
        <Data name="Category_EST">
          <value>Hotel </value>
        </Data>
        <Data name="Search_Location">
          <value/>
        </Data>
        <Data name="Search_Latitude">
          <value/>
        </Data>
        <Data name="Search_Longitude">
          <value/>
        </Data>
      </ExtendedData>
      <Point>
        <coordinates>
          73.5519376,19.9424936,0
        </coordinates>
      </Point>
    </Placemark>
    <Placemark>
      <name>Mahol Guest House family AC non AC deluxe room</name>
      <description><![CDATA[Source_File: Nashik_to_Trimbak_Establishments 3.xlsx<br>Source_Sheet: Sheet1<br>Place_ID: ChIJ7_ihGir13TsRzpKkUTJ5dGs<br>Address: Trambakeshwer, Trimbak, Maharashtra 422212, India<br>Latitude: 19.9460166<br>Longitude: 73.529809<br>Google_Maps: https://maps.google.com/?cid=7742946916381790926&g_mp=Cidnb29nbGUubWFwcy5wbGFjZXMudjEuUGxhY2VzLlNlYXJjaFRleHQQAhgEIAA<br>Business_Status: OPERATIONAL<br>Rating: 4.1<br>User_Rating_Count: 34<br>Primary_Type: private_guest_room<br>Types: private_guest_room, lodging, point_of_interest, establishment<br>Establishment_Category: hotels accommodation<br>Waypoint: Talwade Trimbak<br>Waypoint_Latitude: 20.03<br>Waypoint_Longitude: 73.66<br>Establishment_Type: hotels accommodation<br>Search_Term: <br>Establishment_Name: <br>Category_EST: Hotel <br>Search_Location: <br>Search_Latitude: <br>Search_Longitude: ]]></description>
      <styleUrl>#icon-1899-3949AB</styleUrl>
      <ExtendedData>
        <Data name="Source_File">
          <value>Nashik_to_Trimbak_Establishments 3.xlsx</value>
        </Data>
        <Data name="Source_Sheet">
          <value>Sheet1</value>
        </Data>
        <Data name="Place_ID">
          <value>ChIJ7_ihGir13TsRzpKkUTJ5dGs</value>
        </Data>
        <Data name="Address">
          <value>Trambakeshwer, Trimbak, Maharashtra 422212, India</value>
        </Data>
        <Data name="Latitude">
          <value>19.9460166</value>
        </Data>
        <Data name="Longitude">
          <value>73.529809</value>
        </Data>
        <Data name="Google_Maps">
          <value><![CDATA[https://maps.google.com/?cid=7742946916381790926&g_mp=Cidnb29nbGUubWFwcy5wbGFjZXMudjEuUGxhY2VzLlNlYXJjaFRleHQQAhgEIAA]]></value>
        </Data>
        <Data name="Business_Status">
          <value>OPERATIONAL</value>
        </Data>
        <Data name="Rating">
          <value>4.1</value>
        </Data>
        <Data name="User_Rating_Count">
          <value>34.0</value>
        </Data>
        <Data name="Primary_Type">
          <value>private_guest_room</value>
        </Data>
        <Data name="Types">
          <value>private_guest_room, lodging, point_of_interest, establishment</value>
        </Data>
        <Data name="Establishment_Category">
          <value>hotels accommodation</value>
        </Data>
        <Data name="Waypoint">
          <value>Talwade Trimbak</value>
        </Data>
        <Data name="Waypoint_Latitude">
          <value>20.03</value>
        </Data>
        <Data name="Waypoint_Longitude">
          <value>73.66</value>
        </Data>
        <Data name="Establishment_Type">
          <value>hotels accommodation</value>
        </Data>
        <Data name="Search_Term">
          <value/>
        </Data>
        <Data name="Establishment_Name">
          <value/>
        </Data>
        <Data name="Category_EST">
          <value>Hotel </value>
        </Data>
        <Data name="Search_Location">
          <value/>
        </Data>
        <Data name="Search_Latitude">
          <value/>
        </Data>
        <Data name="Search_Longitude">
          <value/>
        </Data>
      </ExtendedData>
      <Point>
        <coordinates>
          73.529809,19.9460166,0
        </coordinates>
      </Point>
    </Placemark>
    <Placemark>
      <name>Niranjani Akhada Bhaktnivas Trimbakeshwar</name>
      <description><![CDATA[Source_File: Nashik_to_Trimbak_Establishments 3.xlsx<br>Source_Sheet: Sheet1<br>Place_ID: ChIJPV6lqbX03TsRnUyvgUkkRMc<br>Address: Shree Kshetra Trimbakeshwar, Ring Road, Nashik, Trimbak, Maharashtra 422212, India<br>Latitude: 19.9343125<br>Longitude: 73.5383125<br>Google_Maps: https://maps.google.com/?cid=14358641410090945693&g_mp=Cidnb29nbGUubWFwcy5wbGFjZXMudjEuUGxhY2VzLlNlYXJjaFRleHQQAhgEIAA<br>Business_Status: OPERATIONAL<br>Rating: 4.1<br>User_Rating_Count: 501<br>Primary_Type: guest_house<br>Types: guest_house, private_guest_room, extended_stay_hotel, resort_hotel, hotel, motel, lodging, restaurant, food, point_of_interest, establishment<br>Establishment_Category: hotels accommodation<br>Waypoint: Talwade Trimbak<br>Waypoint_Latitude: 20.03<br>Waypoint_Longitude: 73.66<br>Establishment_Type: hotels accommodation<br>Search_Term: <br>Establishment_Name: <br>Category_EST: Hotel <br>Search_Location: <br>Search_Latitude: <br>Search_Longitude: ]]></description>
      <styleUrl>#icon-1899-3949AB</styleUrl>
      <ExtendedData>
        <Data name="Source_File">
          <value>Nashik_to_Trimbak_Establishments 3.xlsx</value>
        </Data>
        <Data name="Source_Sheet">
          <value>Sheet1</value>
        </Data>
        <Data name="Place_ID">
          <value>ChIJPV6lqbX03TsRnUyvgUkkRMc</value>
        </Data>
        <Data name="Address">
          <value>Shree Kshetra Trimbakeshwar, Ring Road, Nashik, Trimbak, Maharashtra 422212, India</value>
        </Data>
        <Data name="Latitude">
          <value>19.9343125</value>
        </Data>
        <Data name="Longitude">
          <value>73.5383125</value>
        </Data>
        <Data name="Google_Maps">
          <value><![CDATA[https://maps.google.com/?cid=14358641410090945693&g_mp=Cidnb29nbGUubWFwcy5wbGFjZXMudjEuUGxhY2VzLlNlYXJjaFRleHQQAhgEIAA]]></value>
        </Data>
        <Data name="Business_Status">
          <value>OPERATIONAL</value>
        </Data>
        <Data name="Rating">
          <value>4.1</value>
        </Data>
        <Data name="User_Rating_Count">
          <value>501.0</value>
        </Data>
        <Data name="Primary_Type">
          <value>guest_house</value>
        </Data>
        <Data name="Types">
          <value>guest_house, private_guest_room, extended_stay_hotel, resort_hotel, hotel, motel, lodging, restaurant, food, point_of_interest, establishment</value>
        </Data>
        <Data name="Establishment_Category">
          <value>hotels accommodation</value>
        </Data>
        <Data name="Waypoint">
          <value>Talwade Trimbak</value>
        </Data>
        <Data name="Waypoint_Latitude">
          <value>20.03</value>
        </Data>
        <Data name="Waypoint_Longitude">
          <value>73.66</value>
        </Data>
        <Data name="Establishment_Type">
          <value>hotels accommodation</value>
        </Data>
        <Data name="Search_Term">
          <value/>
        </Data>
        <Data name="Establishment_Name">
          <value/>
        </Data>
        <Data name="Category_EST">
          <value>Hotel </value>
        </Data>
        <Data name="Search_Location">
          <value/>
        </Data>
        <Data name="Search_Latitude">
          <value/>
        </Data>
        <Data name="Search_Longitude">
          <value/>
        </Data>
      </ExtendedData>
      <Point>
        <coordinates>
          73.5383125,19.9343125,0
        </coordinates>
      </Point>
    </Placemark>
    <Placemark>
      <name>OYO Flagship 83486 Hotel Sitara Inn</name>
      <description><![CDATA[Source_File: Nashik_to_Trimbak_Establishments 3.xlsx<br>Source_Sheet: Sheet1<br>Place_ID: ChIJ6bhYfFDr3TsRQ3eGqD0ZKGQ<br>Address: Jawar Rd, Trimbak, Nashik, Maharashtra 422212, India<br>Latitude: 19.9407876<br>Longitude: 73.5329216<br>Google_Maps: https://maps.google.com/?cid=7217046155472303939&g_mp=Cidnb29nbGUubWFwcy5wbGFjZXMudjEuUGxhY2VzLlNlYXJjaFRleHQQAhgEIAA<br>Business_Status: OPERATIONAL<br>Rating: 2.9<br>User_Rating_Count: 43<br>Primary_Type: hotel<br>Types: hotel, lodging, point_of_interest, establishment<br>Establishment_Category: hotels accommodation<br>Waypoint: Talwade Trimbak<br>Waypoint_Latitude: 20.03<br>Waypoint_Longitude: 73.66<br>Establishment_Type: hotels accommodation<br>Search_Term: <br>Establishment_Name: <br>Category_EST: Hotel <br>Search_Location: <br>Search_Latitude: <br>Search_Longitude: ]]></description>
      <styleUrl>#icon-1899-3949AB</styleUrl>
      <ExtendedData>
        <Data name="Source_File">
          <value>Nashik_to_Trimbak_Establishments 3.xlsx</value>
        </Data>
        <Data name="Source_Sheet">
          <value>Sheet1</value>
        </Data>
        <Data name="Place_ID">
          <value>ChIJ6bhYfFDr3TsRQ3eGqD0ZKGQ</value>
        </Data>
        <Data name="Address">
          <value>Jawar Rd, Trimbak, Nashik, Maharashtra 422212, India</value>
        </Data>
        <Data name="Latitude">
          <value>19.9407876</value>
        </Data>
        <Data name="Longitude">
          <value>73.5329216</value>
        </Data>
        <Data name="Google_Maps">
          <value><![CDATA[https://maps.google.com/?cid=7217046155472303939&g_mp=Cidnb29nbGUubWFwcy5wbGFjZXMudjEuUGxhY2VzLlNlYXJjaFRleHQQAhgEIAA]]></value>
        </Data>
        <Data name="Business_Status">
          <value>OPERATIONAL</value>
        </Data>
        <Data name="Rating">
          <value>2.9</value>
        </Data>
        <Data name="User_Rating_Count">
          <value>43.0</value>
        </Data>
        <Data name="Primary_Type">
          <value>hotel</value>
        </Data>
        <Data name="Types">
          <value>hotel, lodging, point_of_interest, establishment</value>
        </Data>
        <Data name="Establishment_Category">
          <value>hotels accommodation</value>
        </Data>
        <Data name="Waypoint">
          <value>Talwade Trimbak</value>
        </Data>
        <Data name="Waypoint_Latitude">
          <value>20.03</value>
        </Data>
        <Data name="Waypoint_Longitude">
          <value>73.66</value>
        </Data>
        <Data name="Establishment_Type">
          <value>hotels accommodation</value>
        </Data>
        <Data name="Search_Term">
          <value/>
        </Data>
        <Data name="Establishment_Name">
          <value/>
        </Data>
        <Data name="Category_EST">
          <value>Hotel </value>
        </Data>
        <Data name="Search_Location">
          <value/>
        </Data>
        <Data name="Search_Latitude">
          <value/>
        </Data>
        <Data name="Search_Longitude">
          <value/>
        </Data>
      </ExtendedData>
      <Point>
        <coordinates>
          73.5329216,19.9407876,0
        </coordinates>
      </Point>
    </Placemark>
    <Placemark>
      <name>SaffronStays AnjanAiry Villa - Villa in Nashik</name>
      <description><![CDATA[Source_File: Nashik_to_Trimbak_Establishments 3.xlsx<br>Source_Sheet: Sheet1<br>Place_ID: ChIJKeqId8jz3TsRLstieyr2zDs<br>Address: Spring Hills, 380/1, near Brahma Valley College, Anjaneri, Maharashtra 422213, India<br>Latitude: 19.9454377<br>Longitude: 73.5723257<br>Google_Maps: https://maps.google.com/?cid=4309089605805853486&g_mp=Cidnb29nbGUubWFwcy5wbGFjZXMudjEuUGxhY2VzLlNlYXJjaFRleHQQAhgEIAA<br>Business_Status: OPERATIONAL<br>Rating: 4.8<br>User_Rating_Count: 63<br>Primary_Type: service<br>Types: service, point_of_interest, establishment<br>Establishment_Category: hotels accommodation<br>Waypoint: Talwade Trimbak<br>Waypoint_Latitude: 20.03<br>Waypoint_Longitude: 73.66<br>Establishment_Type: hotels accommodation<br>Search_Term: <br>Establishment_Name: <br>Category_EST: Hotel <br>Search_Location: <br>Search_Latitude: <br>Search_Longitude: ]]></description>
      <styleUrl>#icon-1899-3949AB</styleUrl>
      <ExtendedData>
        <Data name="Source_File">
          <value>Nashik_to_Trimbak_Establishments 3.xlsx</value>
        </Data>
        <Data name="Source_Sheet">
          <value>Sheet1</value>
        </Data>
        <Data name="Place_ID">
          <value>ChIJKeqId8jz3TsRLstieyr2zDs</value>
        </Data>
        <Data name="Address">
          <value>Spring Hills, 380/1, near Brahma Valley College, Anjaneri, Maharashtra 422213, India</value>
        </Data>
        <Data name="Latitude">
          <value>19.9454377</value>
        </Data>
        <Data name="Longitude">
          <value>73.5723257</value>
        </Data>
        <Data name="Google_Maps">
          <value><![CDATA[https://maps.google.com/?cid=4309089605805853486&g_mp=Cidnb29nbGUubWFwcy5wbGFjZXMudjEuUGxhY2VzLlNlYXJjaFRleHQQAhgEIAA]]></value>
        </Data>
        <Data name="Business_Status">
          <value>OPERATIONAL</value>
        </Data>
        <Data name="Rating">
          <value>4.8</value>
        </Data>
        <Data name="User_Rating_Count">
          <value>63.0</value>
        </Data>
        <Data name="Primary_Type">
          <value>service</value>
        </Data>
        <Data name="Types">
          <value>service, point_of_interest, establishment</value>
        </Data>
        <Data name="Establishment_Category">
          <value>hotels accommodation</value>
        </Data>
        <Data name="Waypoint">
          <value>Talwade Trimbak</value>
        </Data>
        <Data name="Waypoint_Latitude">
          <value>20.03</value>
        </Data>
        <Data name="Waypoint_Longitude">
          <value>73.66</value>
        </Data>
        <Data name="Establishment_Type">
          <value>hotels accommodation</value>
        </Data>
        <Data name="Search_Term">
          <value/>
        </Data>
        <Data name="Establishment_Name">
          <value/>
        </Data>
        <Data name="Category_EST">
          <value>Hotel </value>
        </Data>
        <Data name="Search_Location">
          <value/>
        </Data>
        <Data name="Search_Latitude">
          <value/>
        </Data>
        <Data name="Search_Longitude">
          <value/>
        </Data>
      </ExtendedData>
      <Point>
        <coordinates>
          73.5723257,19.9454377,0
        </coordinates>
      </Point>
    </Placemark>
    <Placemark>
      <name>SaffronStays Pinaki Tales - Villa in Nashik</name>
      <description><![CDATA[Source_File: Nashik_to_Trimbak_Establishments 3.xlsx<br>Source_Sheet: Sheet1<br>Place_ID: ChIJebdttlfz3TsR3SAimdYE26A<br>Address: XH87+3V2, Anjaneri, Maharashtra 422212, India<br>Latitude: 19.9651875<br>Longitude: 73.5646875<br>Google_Maps: https://maps.google.com/?cid=11590863385706766557&g_mp=Cidnb29nbGUubWFwcy5wbGFjZXMudjEuUGxhY2VzLlNlYXJjaFRleHQQAhgEIAA<br>Business_Status: OPERATIONAL<br>Rating: 4.4<br>User_Rating_Count: 97<br>Primary_Type: service<br>Types: service, point_of_interest, establishment<br>Establishment_Category: hotels accommodation<br>Waypoint: Talwade Trimbak<br>Waypoint_Latitude: 20.03<br>Waypoint_Longitude: 73.66<br>Establishment_Type: hotels accommodation<br>Search_Term: <br>Establishment_Name: <br>Category_EST: Hotel <br>Search_Location: <br>Search_Latitude: <br>Search_Longitude: ]]></description>
      <styleUrl>#icon-1899-3949AB</styleUrl>
      <ExtendedData>
        <Data name="Source_File">
          <value>Nashik_to_Trimbak_Establishments 3.xlsx</value>
        </Data>
        <Data name="Source_Sheet">
          <value>Sheet1</value>
        </Data>
        <Data name="Place_ID">
          <value>ChIJebdttlfz3TsR3SAimdYE26A</value>
        </Data>
        <Data name="Address">
          <value>XH87+3V2, Anjaneri, Maharashtra 422212, India</value>
        </Data>
        <Data name="Latitude">
          <value>19.9651875</value>
        </Data>
        <Data name="Longitude">
          <value>73.5646875</value>
        </Data>
        <Data name="Google_Maps">
          <value><![CDATA[https://maps.google.com/?cid=11590863385706766557&g_mp=Cidnb29nbGUubWFwcy5wbGFjZXMudjEuUGxhY2VzLlNlYXJjaFRleHQQAhgEIAA]]></value>
        </Data>
        <Data name="Business_Status">
          <value>OPERATIONAL</value>
        </Data>
        <Data name="Rating">
          <value>4.4</value>
        </Data>
        <Data name="User_Rating_Count">
          <value>97.0</value>
        </Data>
        <Data name="Primary_Type">
          <value>service</value>
        </Data>
        <Data name="Types">
          <value>service, point_of_interest, establishment</value>
        </Data>
        <Data name="Establishment_Category">
          <value>hotels accommodation</value>
        </Data>
        <Data name="Waypoint">
          <value>Talwade Trimbak</value>
        </Data>
        <Data name="Waypoint_Latitude">
          <value>20.03</value>
        </Data>
        <Data name="Waypoint_Longitude">
          <value>73.66</value>
        </Data>
        <Data name="Establishment_Type">
          <value>hotels accommodation</value>
        </Data>
        <Data name="Search_Term">
          <value/>
        </Data>
        <Data name="Establishment_Name">
          <value/>
        </Data>
        <Data name="Category_EST">
          <value>Hotel </value>
        </Data>
        <Data name="Search_Location">
          <value/>
        </Data>
        <Data name="Search_Latitude">
          <value/>
        </Data>
        <Data name="Search_Longitude">
          <value/>
        </Data>
      </ExtendedData>
      <Point>
        <coordinates>
          73.5646875,19.9651875,0
        </coordinates>
      </Point>
    </Placemark>
    <Placemark>
      <name>SaffronStays Villa Reya - Villa in Nashik</name>
      <description><![CDATA[Source_File: Nashik_to_Trimbak_Establishments 3.xlsx<br>Source_Sheet: Sheet1<br>Place_ID: ChIJ611tQbrz3TsRJiHY1tEHdPY<br>Address: WHW9+4X3, Pegalwadi, Trimbak, Anjaneri, Maharashtra 422213, India<br>Latitude: 19.9453125<br>Longitude: 73.5699375<br>Google_Maps: https://maps.google.com/?cid=17758827828462756134&g_mp=Cidnb29nbGUubWFwcy5wbGFjZXMudjEuUGxhY2VzLlNlYXJjaFRleHQQAhgEIAA<br>Business_Status: OPERATIONAL<br>Rating: 4.4<br>User_Rating_Count: 42<br>Primary_Type: service<br>Types: service, point_of_interest, establishment<br>Establishment_Category: hotels accommodation<br>Waypoint: Talwade Trimbak<br>Waypoint_Latitude: 20.03<br>Waypoint_Longitude: 73.66<br>Establishment_Type: hotels accommodation<br>Search_Term: <br>Establishment_Name: <br>Category_EST: Hotel <br>Search_Location: <br>Search_Latitude: <br>Search_Longitude: ]]></description>
      <styleUrl>#icon-1899-3949AB</styleUrl>
      <ExtendedData>
        <Data name="Source_File">
          <value>Nashik_to_Trimbak_Establishments 3.xlsx</value>
        </Data>
        <Data name="Source_Sheet">
          <value>Sheet1</value>
        </Data>
        <Data name="Place_ID">
          <value>ChIJ611tQbrz3TsRJiHY1tEHdPY</value>
        </Data>
        <Data name="Address">
          <value>WHW9+4X3, Pegalwadi, Trimbak, Anjaneri, Maharashtra 422213, India</value>
        </Data>
        <Data name="Latitude">
          <value>19.9453125</value>
        </Data>
        <Data name="Longitude">
          <value>73.5699375</value>
        </Data>
        <Data name="Google_Maps">
          <value><![CDATA[https://maps.google.com/?cid=17758827828462756134&g_mp=Cidnb29nbGUubWFwcy5wbGFjZXMudjEuUGxhY2VzLlNlYXJjaFRleHQQAhgEIAA]]></value>
        </Data>
        <Data name="Business_Status">
          <value>OPERATIONAL</value>
        </Data>
        <Data name="Rating">
          <value>4.4</value>
        </Data>
        <Data name="User_Rating_Count">
          <value>42.0</value>
        </Data>
        <Data name="Primary_Type">
          <value>service</value>
        </Data>
        <Data name="Types">
          <value>service, point_of_interest, establishment</value>
        </Data>
        <Data name="Establishment_Category">
          <value>hotels accommodation</value>
        </Data>
        <Data name="Waypoint">
          <value>Talwade Trimbak</value>
        </Data>
        <Data name="Waypoint_Latitude">
          <value>20.03</value>
        </Data>
        <Data name="Waypoint_Longitude">
          <value>73.66</value>
        </Data>
        <Data name="Establishment_Type">
          <value>hotels accommodation</value>
        </Data>
        <Data name="Search_Term">
          <value/>
        </Data>
        <Data name="Establishment_Name">
          <value/>
        </Data>
        <Data name="Category_EST">
          <value>Hotel </value>
        </Data>
        <Data name="Search_Location">
          <value/>
        </Data>
        <Data name="Search_Latitude">
          <value/>
        </Data>
        <Data name="Search_Longitude">
          <value/>
        </Data>
      </ExtendedData>
      <Point>
        <coordinates>
          73.5699375,19.9453125,0
        </coordinates>
      </Point>
    </Placemark>
    <Placemark>
      <name>Sai Krupa Hotel Kaka Pure Veg.</name>
      <description><![CDATA[Source_File: Nashik_to_Trimbak_Establishments 3.xlsx<br>Source_Sheet: Sheet1<br>Place_ID: ChIJOYn0_KX03TsRrb8l6e4h76k<br>Address: Nashik Road, Pegal Wadi, Trimbakeshwar, Trimbak, Anjaneri, Maharashtra 422213, India<br>Latitude: 19.9468812<br>Longitude: 73.5572094<br>Google_Maps: https://maps.google.com/?cid=12245043221841166253&g_mp=Cidnb29nbGUubWFwcy5wbGFjZXMudjEuUGxhY2VzLlNlYXJjaFRleHQQAhgEIAA<br>Business_Status: OPERATIONAL<br>Rating: 3.7<br>User_Rating_Count: 317<br>Primary_Type: hotel<br>Types: hotel, lodging, restaurant, food, point_of_interest, establishment<br>Establishment_Category: hotels accommodation<br>Waypoint: Talwade Trimbak<br>Waypoint_Latitude: 20.03<br>Waypoint_Longitude: 73.66<br>Establishment_Type: hotels accommodation<br>Search_Term: <br>Establishment_Name: <br>Category_EST: Hotel <br>Search_Location: <br>Search_Latitude: <br>Search_Longitude: ]]></description>
      <styleUrl>#icon-1899-3949AB</styleUrl>
      <ExtendedData>
        <Data name="Source_File">
          <value>Nashik_to_Trimbak_Establishments 3.xlsx</value>
        </Data>
        <Data name="Source_Sheet">
          <value>Sheet1</value>
        </Data>
        <Data name="Place_ID">
          <value>ChIJOYn0_KX03TsRrb8l6e4h76k</value>
        </Data>
        <Data name="Address">
          <value>Nashik Road, Pegal Wadi, Trimbakeshwar, Trimbak, Anjaneri, Maharashtra 422213, India</value>
        </Data>
        <Data name="Latitude">
          <value>19.9468812</value>
        </Data>
        <Data name="Longitude">
          <value>73.5572094</value>
        </Data>
        <Data name="Google_Maps">
          <value><![CDATA[https://maps.google.com/?cid=12245043221841166253&g_mp=Cidnb29nbGUubWFwcy5wbGFjZXMudjEuUGxhY2VzLlNlYXJjaFRleHQQAhgEIAA]]></value>
        </Data>
        <Data name="Business_Status">
          <value>OPERATIONAL</value>
        </Data>
        <Data name="Rating">
          <value>3.7</value>
        </Data>
        <Data name="User_Rating_Count">
          <value>317.0</value>
        </Data>
        <Data name="Primary_Type">
          <value>hotel</value>
        </Data>
        <Data name="Types">
          <value>hotel, lodging, restaurant, food, point_of_interest, establishment</value>
        </Data>
        <Data name="Establishment_Category">
          <value>hotels accommodation</value>
        </Data>
        <Data name="Waypoint">
          <value>Talwade Trimbak</value>
        </Data>
        <Data name="Waypoint_Latitude">
          <value>20.03</value>
        </Data>
        <Data name="Waypoint_Longitude">
          <value>73.66</value>
        </Data>
        <Data name="Establishment_Type">
          <value>hotels accommodation</value>
        </Data>
        <Data name="Search_Term">
          <value/>
        </Data>
        <Data name="Establishment_Name">
          <value/>
        </Data>
        <Data name="Category_EST">
          <value>Hotel </value>
        </Data>
        <Data name="Search_Location">
          <value/>
        </Data>
        <Data name="Search_Latitude">
          <value/>
        </Data>
        <Data name="Search_Longitude">
          <value/>
        </Data>
      </ExtendedData>
      <Point>
        <coordinates>
          73.5572094,19.9468812,0
        </coordinates>
      </Point>
    </Placemark>
    <Placemark>
      <name>Sanskruti MTDC Holiday Resort</name>
      <description><![CDATA[Source_File: Nashik_to_Trimbak_Establishments 3.xlsx<br>Source_Sheet: Sheet1<br>Place_ID: ChIJyWGsA8j03TsRLmiqCBkMAKQ<br>Address: Bramhgiri Starting Point, Trimbak, Maharashtra 422212, India<br>Latitude: 19.9308573<br>Longitude: 73.5237663<br>Google_Maps: https://maps.google.com/?cid=11817458723879282734&g_mp=Cidnb29nbGUubWFwcy5wbGFjZXMudjEuUGxhY2VzLlNlYXJjaFRleHQQAhgEIAA<br>Business_Status: OPERATIONAL<br>Rating: 3.4<br>User_Rating_Count: 357<br>Primary_Type: resort_hotel<br>Types: resort_hotel, hotel, lodging, point_of_interest, establishment<br>Establishment_Category: hotels accommodation<br>Waypoint: Talwade Trimbak<br>Waypoint_Latitude: 20.03<br>Waypoint_Longitude: 73.66<br>Establishment_Type: hotels accommodation<br>Search_Term: <br>Establishment_Name: <br>Category_EST: Hotel <br>Search_Location: <br>Search_Latitude: <br>Search_Longitude: ]]></description>
      <styleUrl>#icon-1899-3949AB</styleUrl>
      <ExtendedData>
        <Data name="Source_File">
          <value>Nashik_to_Trimbak_Establishments 3.xlsx</value>
        </Data>
        <Data name="Source_Sheet">
          <value>Sheet1</value>
        </Data>
        <Data name="Place_ID">
          <value>ChIJyWGsA8j03TsRLmiqCBkMAKQ</value>
        </Data>
        <Data name="Address">
          <value>Bramhgiri Starting Point, Trimbak, Maharashtra 422212, India</value>
        </Data>
        <Data name="Latitude">
          <value>19.9308573</value>
        </Data>
        <Data name="Longitude">
          <value>73.5237663</value>
        </Data>
        <Data name="Google_Maps">
          <value><![CDATA[https://maps.google.com/?cid=11817458723879282734&g_mp=Cidnb29nbGUubWFwcy5wbGFjZXMudjEuUGxhY2VzLlNlYXJjaFRleHQQAhgEIAA]]></value>
        </Data>
        <Data name="Business_Status">
          <value>OPERATIONAL</value>
        </Data>
        <Data name="Rating">
          <value>3.4</value>
        </Data>
        <Data name="User_Rating_Count">
          <value>357.0</value>
        </Data>
        <Data name="Primary_Type">
          <value>resort_hotel</value>
        </Data>
        <Data name="Types">
          <value>resort_hotel, hotel, lodging, point_of_interest, establishment</value>
        </Data>
        <Data name="Establishment_Category">
          <value>hotels accommodation</value>
        </Data>
        <Data name="Waypoint">
          <value>Talwade Trimbak</value>
        </Data>
        <Data name="Waypoint_Latitude">
          <value>20.03</value>
        </Data>
        <Data name="Waypoint_Longitude">
          <value>73.66</value>
        </Data>
        <Data name="Establishment_Type">
          <value>hotels accommodation</value>
        </Data>
        <Data name="Search_Term">
          <value/>
        </Data>
        <Data name="Establishment_Name">
          <value/>
        </Data>
        <Data name="Category_EST">
          <value>Hotel </value>
        </Data>
        <Data name="Search_Location">
          <value/>
        </Data>
        <Data name="Search_Latitude">
          <value/>
        </Data>
        <Data name="Search_Longitude">
          <value/>
        </Data>
      </ExtendedData>
      <Point>
        <coordinates>
          73.5237663,19.9308573,0
        </coordinates>
      </Point>
    </Placemark>
    <Placemark>
      <name>Shree Shivalay guest house</name>
      <description><![CDATA[Source_File: Nashik_to_Trimbak_Establishments 3.xlsx<br>Source_Sheet: Sheet1<br>Place_ID: ChIJKfHfGgD13TsRyrpRoIWg6hs<br>Address: WGRX+Q6M, Trimbak, Maharashtra 422212, India<br>Latitude: 19.9419683<br>Longitude: 73.5480402<br>Google_Maps: https://maps.google.com/?cid=2011596679355153098&g_mp=Cidnb29nbGUubWFwcy5wbGFjZXMudjEuUGxhY2VzLlNlYXJjaFRleHQQAhgEIAA<br>Business_Status: OPERATIONAL<br>Rating: 5<br>User_Rating_Count: 52<br>Primary_Type: private_guest_room<br>Types: private_guest_room, lodging, point_of_interest, establishment<br>Establishment_Category: hotels accommodation<br>Waypoint: Talwade Trimbak<br>Waypoint_Latitude: 20.03<br>Waypoint_Longitude: 73.66<br>Establishment_Type: hotels accommodation<br>Search_Term: <br>Establishment_Name: <br>Category_EST: Hotel <br>Search_Location: <br>Search_Latitude: <br>Search_Longitude: ]]></description>
      <styleUrl>#icon-1899-3949AB</styleUrl>
      <ExtendedData>
        <Data name="Source_File">
          <value>Nashik_to_Trimbak_Establishments 3.xlsx</value>
        </Data>
        <Data name="Source_Sheet">
          <value>Sheet1</value>
        </Data>
        <Data name="Place_ID">
          <value>ChIJKfHfGgD13TsRyrpRoIWg6hs</value>
        </Data>
        <Data name="Address">
          <value>WGRX+Q6M, Trimbak, Maharashtra 422212, India</value>
        </Data>
        <Data name="Latitude">
          <value>19.9419683</value>
        </Data>
        <Data name="Longitude">
          <value>73.5480402</value>
        </Data>
        <Data name="Google_Maps">
          <value><![CDATA[https://maps.google.com/?cid=2011596679355153098&g_mp=Cidnb29nbGUubWFwcy5wbGFjZXMudjEuUGxhY2VzLlNlYXJjaFRleHQQAhgEIAA]]></value>
        </Data>
        <Data name="Business_Status">
          <value>OPERATIONAL</value>
        </Data>
        <Data name="Rating">
          <value>5.0</value>
        </Data>
        <Data name="User_Rating_Count">
          <value>52.0</value>
        </Data>
        <Data name="Primary_Type">
          <value>private_guest_room</value>
        </Data>
        <Data name="Types">
          <value>private_guest_room, lodging, point_of_interest, establishment</value>
        </Data>
        <Data name="Establishment_Category">
          <value>hotels accommodation</value>
        </Data>
        <Data name="Waypoint">
          <value>Talwade Trimbak</value>
        </Data>
        <Data name="Waypoint_Latitude">
          <value>20.03</value>
        </Data>
        <Data name="Waypoint_Longitude">
          <value>73.66</value>
        </Data>
        <Data name="Establishment_Type">
          <value>hotels accommodation</value>
        </Data>
        <Data name="Search_Term">
          <value/>
        </Data>
        <Data name="Establishment_Name">
          <value/>
        </Data>
        <Data name="Category_EST">
          <value>Hotel </value>
        </Data>
        <Data name="Search_Location">
          <value/>
        </Data>
        <Data name="Search_Latitude">
          <value/>
        </Data>
        <Data name="Search_Longitude">
          <value/>
        </Data>
      </ExtendedData>
      <Point>
        <coordinates>
          73.5480402,19.9419683,0
        </coordinates>
      </Point>
    </Placemark>
    <Placemark>
      <name>The Brick mansion Luxurious Villa in Nashik</name>
      <description><![CDATA[Source_File: Nashik_to_Trimbak_Establishments 3.xlsx<br>Source_Sheet: Sheet1<br>Place_ID: ChIJM7GslX_z3TsR_-b2PtiXbPo<br>Address: The Brick Mansion, Anjaneri, Maharashtra 422213, India<br>Latitude: 19.9486452<br>Longitude: 73.572368<br>Google_Maps: https://maps.google.com/?cid=18044964761991833343&g_mp=Cidnb29nbGUubWFwcy5wbGFjZXMudjEuUGxhY2VzLlNlYXJjaFRleHQQAhgEIAA<br>Business_Status: OPERATIONAL<br>Rating: 4.7<br>User_Rating_Count: 232<br>Primary_Type: service<br>Types: resort_hotel, hotel, lodging, service, point_of_interest, establishment<br>Establishment_Category: hotels accommodation<br>Waypoint: Talwade Trimbak<br>Waypoint_Latitude: 20.03<br>Waypoint_Longitude: 73.66<br>Establishment_Type: hotels accommodation<br>Search_Term: <br>Establishment_Name: <br>Category_EST: Hotel <br>Search_Location: <br>Search_Latitude: <br>Search_Longitude: ]]></description>
      <styleUrl>#icon-1899-3949AB</styleUrl>
      <ExtendedData>
        <Data name="Source_File">
          <value>Nashik_to_Trimbak_Establishments 3.xlsx</value>
        </Data>
        <Data name="Source_Sheet">
          <value>Sheet1</value>
        </Data>
        <Data name="Place_ID">
          <value>ChIJM7GslX_z3TsR_-b2PtiXbPo</value>
        </Data>
        <Data name="Address">
          <value>The Brick Mansion, Anjaneri, Maharashtra 422213, India</value>
        </Data>
        <Data name="Latitude">
          <value>19.9486452</value>
        </Data>
        <Data name="Longitude">
          <value>73.572368</value>
        </Data>
        <Data name="Google_Maps">
          <value><![CDATA[https://maps.google.com/?cid=18044964761991833343&g_mp=Cidnb29nbGUubWFwcy5wbGFjZXMudjEuUGxhY2VzLlNlYXJjaFRleHQQAhgEIAA]]></value>
        </Data>
        <Data name="Business_Status">
          <value>OPERATIONAL</value>
        </Data>
        <Data name="Rating">
          <value>4.7</value>
        </Data>
        <Data name="User_Rating_Count">
          <value>232.0</value>
        </Data>
        <Data name="Primary_Type">
          <value>service</value>
        </Data>
        <Data name="Types">
          <value>resort_hotel, hotel, lodging, service, point_of_interest, establishment</value>
        </Data>
        <Data name="Establishment_Category">
          <value>hotels accommodation</value>
        </Data>
        <Data name="Waypoint">
          <value>Talwade Trimbak</value>
        </Data>
        <Data name="Waypoint_Latitude">
          <value>20.03</value>
        </Data>
        <Data name="Waypoint_Longitude">
          <value>73.66</value>
        </Data>
        <Data name="Establishment_Type">
          <value>hotels accommodation</value>
        </Data>
        <Data name="Search_Term">
          <value/>
        </Data>
        <Data name="Establishment_Name">
          <value/>
        </Data>
        <Data name="Category_EST">
          <value>Hotel </value>
        </Data>
        <Data name="Search_Location">
          <value/>
        </Data>
        <Data name="Search_Latitude">
          <value/>
        </Data>
        <Data name="Search_Longitude">
          <value/>
        </Data>
      </ExtendedData>
      <Point>
        <coordinates>
          73.572368,19.9486452,0
        </coordinates>
      </Point>
    </Placemark>
    <Placemark>
      <name>Tulsi inn</name>
      <description><![CDATA[Source_File: Nashik_to_Trimbak_Establishments 3.xlsx<br>Source_Sheet: Sheet1<br>Place_ID: ChIJrwyYbEP13TsRoFUdO9cmuBE<br>Address: Temple, Ram Mandir Rd, near Trimbakeshwar, Panch Aali, Trimbak, Maharashtra 422212, India<br>Latitude: 19.9318094<br>Longitude: 73.5291638<br>Google_Maps: https://maps.google.com/?cid=1276813200211137952&g_mp=Cidnb29nbGUubWFwcy5wbGFjZXMudjEuUGxhY2VzLlNlYXJjaFRleHQQAhgEIAA<br>Business_Status: OPERATIONAL<br>Rating: 4<br>User_Rating_Count: 383<br>Primary_Type: private_guest_room<br>Types: private_guest_room, lodging, point_of_interest, establishment<br>Establishment_Category: hotels accommodation<br>Waypoint: Talwade Trimbak<br>Waypoint_Latitude: 20.03<br>Waypoint_Longitude: 73.66<br>Establishment_Type: hotels accommodation<br>Search_Term: <br>Establishment_Name: <br>Category_EST: Hotel <br>Search_Location: <br>Search_Latitude: <br>Search_Longitude: ]]></description>
      <styleUrl>#icon-1899-3949AB</styleUrl>
      <ExtendedData>
        <Data name="Source_File">
          <value>Nashik_to_Trimbak_Establishments 3.xlsx</value>
        </Data>
        <Data name="Source_Sheet">
          <value>Sheet1</value>
        </Data>
        <Data name="Place_ID">
          <value>ChIJrwyYbEP13TsRoFUdO9cmuBE</value>
        </Data>
        <Data name="Address">
          <value>Temple, Ram Mandir Rd, near Trimbakeshwar, Panch Aali, Trimbak, Maharashtra 422212, India</value>
        </Data>
        <Data name="Latitude">
          <value>19.9318094</value>
        </Data>
        <Data name="Longitude">
          <value>73.5291638</value>
        </Data>
        <Data name="Google_Maps">
          <value><![CDATA[https://maps.google.com/?cid=1276813200211137952&g_mp=Cidnb29nbGUubWFwcy5wbGFjZXMudjEuUGxhY2VzLlNlYXJjaFRleHQQAhgEIAA]]></value>
        </Data>
        <Data name="Business_Status">
          <value>OPERATIONAL</value>
        </Data>
        <Data name="Rating">
          <value>4.0</value>
        </Data>
        <Data name="User_Rating_Count">
          <value>383.0</value>
        </Data>
        <Data name="Primary_Type">
          <value>private_guest_room</value>
        </Data>
        <Data name="Types">
          <value>private_guest_room, lodging, point_of_interest, establishment</value>
        </Data>
        <Data name="Establishment_Category">
          <value>hotels accommodation</value>
        </Data>
        <Data name="Waypoint">
          <value>Talwade Trimbak</value>
        </Data>
        <Data name="Waypoint_Latitude">
          <value>20.03</value>
        </Data>
        <Data name="Waypoint_Longitude">
          <value>73.66</value>
        </Data>
        <Data name="Establishment_Type">
          <value>hotels accommodation</value>
        </Data>
        <Data name="Search_Term">
          <value/>
        </Data>
        <Data name="Establishment_Name">
          <value/>
        </Data>
        <Data name="Category_EST">
          <value>Hotel </value>
        </Data>
        <Data name="Search_Location">
          <value/>
        </Data>
        <Data name="Search_Latitude">
          <value/>
        </Data>
        <Data name="Search_Longitude">
          <value/>
        </Data>
      </ExtendedData>
      <Point>
        <coordinates>
          73.5291638,19.9318094,0
        </coordinates>
      </Point>
    </Placemark>
    <Placemark>
      <name>Hotel rudraksh inn</name>
      <description><![CDATA[Source_File: Nashik_to_Trimbak_Establishments 3.xlsx<br>Source_Sheet: Sheet1<br>Place_ID: ChIJoxtgKQD13TsRB-T56zggOS4<br>Address: Temple, Ram Mandir Rd, near Trimbakeshwar, Panch Aali, Trimbak, Maharashtra 422212, India<br>Latitude: 19.9318696<br>Longitude: 73.5291151<br>Google_Maps: https://maps.google.com/?cid=3330728828266472455&g_mp=Cidnb29nbGUubWFwcy5wbGFjZXMudjEuUGxhY2VzLlNlYXJjaFRleHQQAhgEIAA<br>Business_Status: OPERATIONAL<br>Rating: 3.5<br>User_Rating_Count: 37<br>Primary_Type: hotel<br>Types: hotel, lodging, point_of_interest, establishment<br>Establishment_Category: hotels accommodation<br>Waypoint: Trimbak<br>Waypoint_Latitude: 19.933<br>Waypoint_Longitude: 73.528<br>Establishment_Type: hotels accommodation<br>Search_Term: <br>Establishment_Name: <br>Category_EST: Hotel <br>Search_Location: <br>Search_Latitude: <br>Search_Longitude: ]]></description>
      <styleUrl>#icon-1899-3949AB</styleUrl>
      <ExtendedData>
        <Data name="Source_File">
          <value>Nashik_to_Trimbak_Establishments 3.xlsx</value>
        </Data>
        <Data name="Source_Sheet">
          <value>Sheet1</value>
        </Data>
        <Data name="Place_ID">
          <value>ChIJoxtgKQD13TsRB-T56zggOS4</value>
        </Data>
        <Data name="Address">
          <value>Temple, Ram Mandir Rd, near Trimbakeshwar, Panch Aali, Trimbak, Maharashtra 422212, India</value>
        </Data>
        <Data name="Latitude">
          <value>19.9318696</value>
        </Data>
        <Data name="Longitude">
          <value>73.5291151</value>
        </Data>
        <Data name="Google_Maps">
          <value><![CDATA[https://maps.google.com/?cid=3330728828266472455&g_mp=Cidnb29nbGUubWFwcy5wbGFjZXMudjEuUGxhY2VzLlNlYXJjaFRleHQQAhgEIAA]]></value>
        </Data>
        <Data name="Business_Status">
          <value>OPERATIONAL</value>
        </Data>
        <Data name="Rating">
          <value>3.5</value>
        </Data>
        <Data name="User_Rating_Count">
          <value>37.0</value>
        </Data>
        <Data name="Primary_Type">
          <value>hotel</value>
        </Data>
        <Data name="Types">
          <value>hotel, lodging, point_of_interest, establishment</value>
        </Data>
        <Data name="Establishment_Category">
          <value>hotels accommodation</value>
        </Data>
        <Data name="Waypoint">
          <value>Trimbak</value>
        </Data>
        <Data name="Waypoint_Latitude">
          <value>19.933</value>
        </Data>
        <Data name="Waypoint_Longitude">
          <value>73.528</value>
        </Data>
        <Data name="Establishment_Type">
          <value>hotels accommodation</value>
        </Data>
        <Data name="Search_Term">
          <value/>
        </Data>
        <Data name="Establishment_Name">
          <value/>
        </Data>
        <Data name="Category_EST">
          <value>Hotel </value>
        </Data>
        <Data name="Search_Location">
          <value/>
        </Data>
        <Data name="Search_Latitude">
          <value/>
        </Data>
        <Data name="Search_Longitude">
          <value/>
        </Data>
      </ExtendedData>
      <Point>
        <coordinates>
          73.5291151,19.9318696,0
        </coordinates>
      </Point>
    </Placemark>
    <Placemark>
      <name>Mountain Stays Guest House</name>
      <description><![CDATA[Source_File: Nashik_to_Trimbak_Establishments 3.xlsx<br>Source_Sheet: Sheet1<br>Place_ID: ChIJPX4QTwD13TsR5dB8srhlQZ0<br>Address: no.1, Row house, near Pawan Ganesh Mandir, Trimbak, Maharashtra 422212, India<br>Latitude: 19.9414668<br>Longitude: 73.5482812<br>Google_Maps: https://maps.google.com/?cid=11331449981383790821&g_mp=Cidnb29nbGUubWFwcy5wbGFjZXMudjEuUGxhY2VzLlNlYXJjaFRleHQQAhgEIAA<br>Business_Status: OPERATIONAL<br>Rating: 5<br>User_Rating_Count: 23<br>Primary_Type: guest_house<br>Types: guest_house, hotel, lodging, point_of_interest, establishment<br>Establishment_Category: hotels accommodation<br>Waypoint: Trimbak<br>Waypoint_Latitude: 19.933<br>Waypoint_Longitude: 73.528<br>Establishment_Type: hotels accommodation<br>Search_Term: <br>Establishment_Name: <br>Category_EST: Hotel <br>Search_Location: <br>Search_Latitude: <br>Search_Longitude: ]]></description>
      <styleUrl>#icon-1899-3949AB</styleUrl>
      <ExtendedData>
        <Data name="Source_File">
          <value>Nashik_to_Trimbak_Establishments 3.xlsx</value>
        </Data>
        <Data name="Source_Sheet">
          <value>Sheet1</value>
        </Data>
        <Data name="Place_ID">
          <value>ChIJPX4QTwD13TsR5dB8srhlQZ0</value>
        </Data>
        <Data name="Address">
          <value>no.1, Row house, near Pawan Ganesh Mandir, Trimbak, Maharashtra 422212, India</value>
        </Data>
        <Data name="Latitude">
          <value>19.9414668</value>
        </Data>
        <Data name="Longitude">
          <value>73.5482812</value>
        </Data>
        <Data name="Google_Maps">
          <value><![CDATA[https://maps.google.com/?cid=11331449981383790821&g_mp=Cidnb29nbGUubWFwcy5wbGFjZXMudjEuUGxhY2VzLlNlYXJjaFRleHQQAhgEIAA]]></value>
        </Data>
        <Data name="Business_Status">
          <value>OPERATIONAL</value>
        </Data>
        <Data name="Rating">
          <value>5.0</value>
        </Data>
        <Data name="User_Rating_Count">
          <value>23.0</value>
        </Data>
        <Data name="Primary_Type">
          <value>guest_house</value>
        </Data>
        <Data name="Types">
          <value>guest_house, hotel, lodging, point_of_interest, establishment</value>
        </Data>
        <Data name="Establishment_Category">
          <value>hotels accommodation</value>
        </Data>
        <Data name="Waypoint">
          <value>Trimbak</value>
        </Data>
        <Data name="Waypoint_Latitude">
          <value>19.933</value>
        </Data>
        <Data name="Waypoint_Longitude">
          <value>73.528</value>
        </Data>
        <Data name="Establishment_Type">
          <value>hotels accommodation</value>
        </Data>
        <Data name="Search_Term">
          <value/>
        </Data>
        <Data name="Establishment_Name">
          <value/>
        </Data>
        <Data name="Category_EST">
          <value>Hotel </value>
        </Data>
        <Data name="Search_Location">
          <value/>
        </Data>
        <Data name="Search_Latitude">
          <value/>
        </Data>
        <Data name="Search_Longitude">
          <value/>
        </Data>
      </ExtendedData>
      <Point>
        <coordinates>
          73.5482812,19.9414668,0
        </coordinates>
      </Point>
    </Placemark>
    <Placemark>
      <name><![CDATA[Rajasthani Rajwadi Hotel & Restaurant]]></name>
      <description><![CDATA[Source_File: Nashik_to_Trimbak_Establishments 3.xlsx<br>Source_Sheet: Sheet1<br>Place_ID: ChIJC_UZUqb03TsRgViWtULXrPI<br>Address: Ajaneri, Tupa, Devi Phata, Trimbak, Anjaneri, Maharashtra 422213, India<br>Latitude: 19.9469164<br>Longitude: 73.5571318<br>Google_Maps: https://maps.google.com/?cid=17486588134687135873&g_mp=Cidnb29nbGUubWFwcy5wbGFjZXMudjEuUGxhY2VzLlNlYXJjaFRleHQQAhgEIAA<br>Business_Status: OPERATIONAL<br>Rating: 3.5<br>User_Rating_Count: 108<br>Primary_Type: hotel<br>Types: hotel, lodging, point_of_interest, establishment<br>Establishment_Category: hotels accommodation<br>Waypoint: Trimbak<br>Waypoint_Latitude: 19.933<br>Waypoint_Longitude: 73.528<br>Establishment_Type: hotels accommodation<br>Search_Term: <br>Establishment_Name: <br>Category_EST: Hotel <br>Search_Location: <br>Search_Latitude: <br>Search_Longitude: ]]></description>
      <styleUrl>#icon-1899-3949AB</styleUrl>
      <ExtendedData>
        <Data name="Source_File">
          <value>Nashik_to_Trimbak_Establishments 3.xlsx</value>
        </Data>
        <Data name="Source_Sheet">
          <value>Sheet1</value>
        </Data>
        <Data name="Place_ID">
          <value>ChIJC_UZUqb03TsRgViWtULXrPI</value>
        </Data>
        <Data name="Address">
          <value>Ajaneri, Tupa, Devi Phata, Trimbak, Anjaneri, Maharashtra 422213, India</value>
        </Data>
        <Data name="Latitude">
          <value>19.9469164</value>
        </Data>
        <Data name="Longitude">
          <value>73.5571318</value>
        </Data>
        <Data name="Google_Maps">
          <value><![CDATA[https://maps.google.com/?cid=17486588134687135873&g_mp=Cidnb29nbGUubWFwcy5wbGFjZXMudjEuUGxhY2VzLlNlYXJjaFRleHQQAhgEIAA]]></value>
        </Data>
        <Data name="Business_Status">
          <value>OPERATIONAL</value>
        </Data>
        <Data name="Rating">
          <value>3.5</value>
        </Data>
        <Data name="User_Rating_Count">
          <value>108.0</value>
        </Data>
        <Data name="Primary_Type">
          <value>hotel</value>
        </Data>
        <Data name="Types">
          <value>hotel, lodging, point_of_interest, establishment</value>
        </Data>
        <Data name="Establishment_Category">
          <value>hotels accommodation</value>
        </Data>
        <Data name="Waypoint">
          <value>Trimbak</value>
        </Data>
        <Data name="Waypoint_Latitude">
          <value>19.933</value>
        </Data>
        <Data name="Waypoint_Longitude">
          <value>73.528</value>
        </Data>
        <Data name="Establishment_Type">
          <value>hotels accommodation</value>
        </Data>
        <Data name="Search_Term">
          <value/>
        </Data>
        <Data name="Establishment_Name">
          <value/>
        </Data>
        <Data name="Category_EST">
          <value>Hotel </value>
        </Data>
        <Data name="Search_Location">
          <value/>
        </Data>
        <Data name="Search_Latitude">
          <value/>
        </Data>
        <Data name="Search_Longitude">
          <value/>
        </Data>
      </ExtendedData>
      <Point>
        <coordinates>
          73.5571318,19.9469164,0
        </coordinates>
      </Point>
    </Placemark>
    <Placemark>
      <name>Shiv Prasad Bhakti Nivas</name>
      <description><![CDATA[Source_File: Nashik_to_Trimbak_Establishments 3.xlsx<br>Source_Sheet: Sheet1<br>Place_ID: ChIJZRVfy8v03TsRRvBeQAxHi-E<br>Address: WGPM+644, Trimbak, Maharashtra 422212, India<br>Latitude: 19.9355125<br>Longitude: 73.532835<br>Google_Maps: https://maps.google.com/?cid=16252161798241710150&g_mp=Cidnb29nbGUubWFwcy5wbGFjZXMudjEuUGxhY2VzLlNlYXJjaFRleHQQAhgEIAA<br>Business_Status: OPERATIONAL<br>Rating: 4<br>User_Rating_Count: 265<br>Primary_Type: hotel<br>Types: hotel, lodging, point_of_interest, establishment<br>Establishment_Category: hotels accommodation<br>Waypoint: Trimbak<br>Waypoint_Latitude: 19.933<br>Waypoint_Longitude: 73.528<br>Establishment_Type: hotels accommodation<br>Search_Term: <br>Establishment_Name: <br>Category_EST: Hotel <br>Search_Location: <br>Search_Latitude: <br>Search_Longitude: ]]></description>
      <styleUrl>#icon-1899-3949AB</styleUrl>
      <ExtendedData>
        <Data name="Source_File">
          <value>Nashik_to_Trimbak_Establishments 3.xlsx</value>
        </Data>
        <Data name="Source_Sheet">
          <value>Sheet1</value>
        </Data>
        <Data name="Place_ID">
          <value>ChIJZRVfy8v03TsRRvBeQAxHi-E</value>
        </Data>
        <Data name="Address">
          <value>WGPM+644, Trimbak, Maharashtra 422212, India</value>
        </Data>
        <Data name="Latitude">
          <value>19.9355125</value>
        </Data>
        <Data name="Longitude">
          <value>73.532835</value>
        </Data>
        <Data name="Google_Maps">
          <value><![CDATA[https://maps.google.com/?cid=16252161798241710150&g_mp=Cidnb29nbGUubWFwcy5wbGFjZXMudjEuUGxhY2VzLlNlYXJjaFRleHQQAhgEIAA]]></value>
        </Data>
        <Data name="Business_Status">
          <value>OPERATIONAL</value>
        </Data>
        <Data name="Rating">
          <value>4.0</value>
        </Data>
        <Data name="User_Rating_Count">
          <value>265.0</value>
        </Data>
        <Data name="Primary_Type">
          <value>hotel</value>
        </Data>
        <Data name="Types">
          <value>hotel, lodging, point_of_interest, establishment</value>
        </Data>
        <Data name="Establishment_Category">
          <value>hotels accommodation</value>
        </Data>
        <Data name="Waypoint">
          <value>Trimbak</value>
        </Data>
        <Data name="Waypoint_Latitude">
          <value>19.933</value>
        </Data>
        <Data name="Waypoint_Longitude">
          <value>73.528</value>
        </Data>
        <Data name="Establishment_Type">
          <value>hotels accommodation</value>
        </Data>
        <Data name="Search_Term">
          <value/>
        </Data>
        <Data name="Establishment_Name">
          <value/>
        </Data>
        <Data name="Category_EST">
          <value>Hotel </value>
        </Data>
        <Data name="Search_Location">
          <value/>
        </Data>
        <Data name="Search_Latitude">
          <value/>
        </Data>
        <Data name="Search_Longitude">
          <value/>
        </Data>
      </ExtendedData>
      <Point>
        <coordinates>
          73.532835,19.9355125,0
        </coordinates>
      </Point>
    </Placemark>
    <Placemark>
      <name/>
      <description><![CDATA[Source_File: Trimbakeshwar_establishments.xlsx<br>Source_Sheet: Sheet1<br>Place_ID: ChIJ9eucCQD13TsRpVomgze75Os<br>Address: WGPR+M49, Trimbak, Maharashtra 422212, India<br>Latitude: 19.9365533<br>Longitude: 73.5403183<br>Google_Maps: https://maps.google.com/?cid=16997916740701018789&g_mp=Cidnb29nbGUubWFwcy5wbGFjZXMudjEuUGxhY2VzLlNlYXJjaFRleHQQAhgEIAA<br>Business_Status: OPERATIONAL<br>Rating: 4.7<br>User_Rating_Count: 12<br>Primary_Type: private_guest_room<br>Types: private_guest_room, lodging, point_of_interest, establishment<br>Establishment_Category: <br>Waypoint: <br>Waypoint_Latitude: <br>Waypoint_Longitude: <br>Establishment_Type: hotels accommodation<br>Search_Term: <br>Establishment_Name: Jyotirlinga Home Stay<br>Category_EST: Hotel <br>Search_Location: Trimbakeshwar, Maharashtra, India<br>Search_Latitude: 19.932<br>Search_Longitude: 73.53]]></description>
      <styleUrl>#icon-1899-3949AB</styleUrl>
      <ExtendedData>
        <Data name="Source_File">
          <value>Trimbakeshwar_establishments.xlsx</value>
        </Data>
        <Data name="Source_Sheet">
          <value>Sheet1</value>
        </Data>
        <Data name="Place_ID">
          <value>ChIJ9eucCQD13TsRpVomgze75Os</value>
        </Data>
        <Data name="Address">
          <value>WGPR+M49, Trimbak, Maharashtra 422212, India</value>
        </Data>
        <Data name="Latitude">
          <value>19.9365533</value>
        </Data>
        <Data name="Longitude">
          <value>73.5403183</value>
        </Data>
        <Data name="Google_Maps">
          <value><![CDATA[https://maps.google.com/?cid=16997916740701018789&g_mp=Cidnb29nbGUubWFwcy5wbGFjZXMudjEuUGxhY2VzLlNlYXJjaFRleHQQAhgEIAA]]></value>
        </Data>
        <Data name="Business_Status">
          <value>OPERATIONAL</value>
        </Data>
        <Data name="Rating">
          <value>4.7</value>
        </Data>
        <Data name="User_Rating_Count">
          <value>12.0</value>
        </Data>
        <Data name="Primary_Type">
          <value>private_guest_room</value>
        </Data>
        <Data name="Types">
          <value>private_guest_room, lodging, point_of_interest, establishment</value>
        </Data>
        <Data name="Establishment_Category">
          <value/>
        </Data>
        <Data name="Waypoint">
          <value/>
        </Data>
        <Data name="Waypoint_Latitude">
          <value/>
        </Data>
        <Data name="Waypoint_Longitude">
          <value/>
        </Data>
        <Data name="Establishment_Type">
          <value>hotels accommodation</value>
        </Data>
        <Data name="Search_Term">
          <value/>
        </Data>
        <Data name="Establishment_Name">
          <value>Jyotirlinga Home Stay</value>
        </Data>
        <Data name="Category_EST">
          <value>Hotel </value>
        </Data>
        <Data name="Search_Location">
          <value>Trimbakeshwar, Maharashtra, India</value>
        </Data>
        <Data name="Search_Latitude">
          <value>19.9322</value>
        </Data>
        <Data name="Search_Longitude">
          <value>73.53</value>
        </Data>
      </ExtendedData>
      <Point>
        <coordinates>
          73.5403183,19.9365533,0
        </coordinates>
      </Point>
    </Placemark>
    <Placemark>
      <name/>
      <description><![CDATA[Source_File: Trimbakeshwar_establishments.xlsx<br>Source_Sheet: Sheet1<br>Place_ID: ChIJPQ5naV_z3TsRDzQJoRfV2YM<br>Address: WHXM+58G, Anjaneri, Maharashtra 422213, India<br>Latitude: 19.9479375<br>Longitude: 73.5833125<br>Google_Maps: https://maps.google.com/?cid=9500859186377470991&g_mp=Cidnb29nbGUubWFwcy5wbGFjZXMudjEuUGxhY2VzLlNlYXJjaFRleHQQAhgEIAA<br>Business_Status: OPERATIONAL<br>Rating: 4.9<br>User_Rating_Count: 34<br>Primary_Type: service<br>Types: service, point_of_interest, establishment<br>Establishment_Category: <br>Waypoint: <br>Waypoint_Latitude: <br>Waypoint_Longitude: <br>Establishment_Type: hotels accommodation<br>Search_Term: <br>Establishment_Name: SaffronStays Aamelia by the Hills - Villa in Nashik<br>Category_EST: Hotel <br>Search_Location: Trimbakeshwar, Maharashtra, India<br>Search_Latitude: 19.932<br>Search_Longitude: 73.53]]></description>
      <styleUrl>#icon-1899-3949AB</styleUrl>
      <ExtendedData>
        <Data name="Source_File">
          <value>Trimbakeshwar_establishments.xlsx</value>
        </Data>
        <Data name="Source_Sheet">
          <value>Sheet1</value>
        </Data>
        <Data name="Place_ID">
          <value>ChIJPQ5naV_z3TsRDzQJoRfV2YM</value>
        </Data>
        <Data name="Address">
          <value>WHXM+58G, Anjaneri, Maharashtra 422213, India</value>
        </Data>
        <Data name="Latitude">
          <value>19.9479375</value>
        </Data>
        <Data name="Longitude">
          <value>73.5833125</value>
        </Data>
        <Data name="Google_Maps">
          <value><![CDATA[https://maps.google.com/?cid=9500859186377470991&g_mp=Cidnb29nbGUubWFwcy5wbGFjZXMudjEuUGxhY2VzLlNlYXJjaFRleHQQAhgEIAA]]></value>
        </Data>
        <Data name="Business_Status">
          <value>OPERATIONAL</value>
        </Data>
        <Data name="Rating">
          <value>4.9</value>
        </Data>
        <Data name="User_Rating_Count">
          <value>34.0</value>
        </Data>
        <Data name="Primary_Type">
          <value>service</value>
        </Data>
        <Data name="Types">
          <value>service, point_of_interest, establishment</value>
        </Data>
        <Data name="Establishment_Category">
          <value/>
        </Data>
        <Data name="Waypoint">
          <value/>
        </Data>
        <Data name="Waypoint_Latitude">
          <value/>
        </Data>
        <Data name="Waypoint_Longitude">
          <value/>
        </Data>
        <Data name="Establishment_Type">
          <value>hotels accommodation</value>
        </Data>
        <Data name="Search_Term">
          <value/>
        </Data>
        <Data name="Establishment_Name">
          <value>SaffronStays Aamelia by the Hills - Villa in Nashik</value>
        </Data>
        <Data name="Category_EST">
          <value>Hotel </value>
        </Data>
        <Data name="Search_Location">
          <value>Trimbakeshwar, Maharashtra, India</value>
        </Data>
        <Data name="Search_Latitude">
          <value>19.9322</value>
        </Data>
        <Data name="Search_Longitude">
          <value>73.53</value>
        </Data>
      </ExtendedData>
      <Point>
        <coordinates>
          73.5833125,19.9479375,0
        </coordinates>
      </Point>
    </Placemark>
    <Placemark>
      <name/>
      <description><![CDATA[Source_File: Trimbakeshwar_establishments.xlsx<br>Source_Sheet: Sheet1<br>Place_ID: ChIJ3QQpuxP13TsRnTaVLKyxPRs<br>Address: Row house, no. 1, Sukhada Nivas, near Paawan Ganesh temple, Trimbak, Maharashtra 422212, India<br>Latitude: 19.9423486<br>Longitude: 73.5474613<br>Google_Maps: https://maps.google.com/?cid=1962920365643871901&g_mp=Cidnb29nbGUubWFwcy5wbGFjZXMudjEuUGxhY2VzLlNlYXJjaFRleHQQAhgEIAA<br>Business_Status: OPERATIONAL<br>Rating: 4.8<br>User_Rating_Count: 8<br>Primary_Type: guest_house<br>Types: guest_house, lodging, point_of_interest, establishment<br>Establishment_Category: <br>Waypoint: <br>Waypoint_Latitude: <br>Waypoint_Longitude: <br>Establishment_Type: hotels accommodation<br>Search_Term: <br>Establishment_Name: Sukhada Niwas<br>Category_EST: Hotel <br>Search_Location: Trimbakeshwar, Maharashtra, India<br>Search_Latitude: 19.932<br>Search_Longitude: 73.53]]></description>
      <styleUrl>#icon-1899-3949AB</styleUrl>
      <ExtendedData>
        <Data name="Source_File">
          <value>Trimbakeshwar_establishments.xlsx</value>
        </Data>
        <Data name="Source_Sheet">
          <value>Sheet1</value>
        </Data>
        <Data name="Place_ID">
          <value>ChIJ3QQpuxP13TsRnTaVLKyxPRs</value>
        </Data>
        <Data name="Address">
          <value>Row house, no. 1, Sukhada Nivas, near Paawan Ganesh temple, Trimbak, Maharashtra 422212, India</value>
        </Data>
        <Data name="Latitude">
          <value>19.9423486</value>
        </Data>
        <Data name="Longitude">
          <value>73.5474613</value>
        </Data>
        <Data name="Google_Maps">
          <value><![CDATA[https://maps.google.com/?cid=1962920365643871901&g_mp=Cidnb29nbGUubWFwcy5wbGFjZXMudjEuUGxhY2VzLlNlYXJjaFRleHQQAhgEIAA]]></value>
        </Data>
        <Data name="Business_Status">
          <value>OPERATIONAL</value>
        </Data>
        <Data name="Rating">
          <value>4.8</value>
        </Data>
        <Data name="User_Rating_Count">
          <value>8.0</value>
        </Data>
        <Data name="Primary_Type">
          <value>guest_house</value>
        </Data>
        <Data name="Types">
          <value>guest_house, lodging, point_of_interest, establishment</value>
        </Data>
        <Data name="Establishment_Category">
          <value/>
        </Data>
        <Data name="Waypoint">
          <value/>
        </Data>
        <Data name="Waypoint_Latitude">
          <value/>
        </Data>
        <Data name="Waypoint_Longitude">
          <value/>
        </Data>
        <Data name="Establishment_Type">
          <value>hotels accommodation</value>
        </Data>
        <Data name="Search_Term">
          <value/>
        </Data>
        <Data name="Establishment_Name">
          <value>Sukhada Niwas</value>
        </Data>
        <Data name="Category_EST">
          <value>Hotel </value>
        </Data>
        <Data name="Search_Location">
          <value>Trimbakeshwar, Maharashtra, India</value>
        </Data>
        <Data name="Search_Latitude">
          <value>19.9322</value>
        </Data>
        <Data name="Search_Longitude">
          <value>73.53</value>
        </Data>
      </ExtendedData>
      <Point>
        <coordinates>
          73.5474613,19.9423486,0
        </coordinates>
      </Point>
    </Placemark>
    <Placemark>
      <name/>
      <description><![CDATA[Source_File: Trimbakeshwar_establishments.xlsx<br>Source_Sheet: Sheet1<br>Place_ID: ChIJfZZDuVjz3TsRM7uDLVS4y0Y<br>Address: Sunrise Villa By Book Villa Stay, Anjaneri, Maharashtra 422213, India<br>Latitude: 19.9476437<br>Longitude: 73.5725148<br>Google_Maps: https://maps.google.com/?cid=5101373674607590195&g_mp=Cidnb29nbGUubWFwcy5wbGFjZXMudjEuUGxhY2VzLlNlYXJjaFRleHQQAhgEIAA<br>Business_Status: OPERATIONAL<br>Rating: 4.9<br>User_Rating_Count: 33<br>Primary_Type: private_guest_room<br>Types: private_guest_room, lodging, point_of_interest, establishment<br>Establishment_Category: <br>Waypoint: <br>Waypoint_Latitude: <br>Waypoint_Longitude: <br>Establishment_Type: hotels accommodation<br>Search_Term: <br>Establishment_Name: Sunrise Villa By Book Villa Stay<br>Category_EST: Hotel <br>Search_Location: Trimbakeshwar, Maharashtra, India<br>Search_Latitude: 19.932<br>Search_Longitude: 73.53]]></description>
      <styleUrl>#icon-1899-3949AB</styleUrl>
      <ExtendedData>
        <Data name="Source_File">
          <value>Trimbakeshwar_establishments.xlsx</value>
        </Data>
        <Data name="Source_Sheet">
          <value>Sheet1</value>
        </Data>
        <Data name="Place_ID">
          <value>ChIJfZZDuVjz3TsRM7uDLVS4y0Y</value>
        </Data>
        <Data name="Address">
          <value>Sunrise Villa By Book Villa Stay, Anjaneri, Maharashtra 422213, India</value>
        </Data>
        <Data name="Latitude">
          <value>19.9476437</value>
        </Data>
        <Data name="Longitude">
          <value>73.5725148</value>
        </Data>
        <Data name="Google_Maps">
          <value><![CDATA[https://maps.google.com/?cid=5101373674607590195&g_mp=Cidnb29nbGUubWFwcy5wbGFjZXMudjEuUGxhY2VzLlNlYXJjaFRleHQQAhgEIAA]]></value>
        </Data>
        <Data name="Business_Status">
          <value>OPERATIONAL</value>
        </Data>
        <Data name="Rating">
          <value>4.9</value>
        </Data>
        <Data name="User_Rating_Count">
          <value>33.0</value>
        </Data>
        <Data name="Primary_Type">
          <value>private_guest_room</value>
        </Data>
        <Data name="Types">
          <value>private_guest_room, lodging, point_of_interest, establishment</value>
        </Data>
        <Data name="Establishment_Category">
          <value/>
        </Data>
        <Data name="Waypoint">
          <value/>
        </Data>
        <Data name="Waypoint_Latitude">
          <value/>
        </Data>
        <Data name="Waypoint_Longitude">
          <value/>
        </Data>
        <Data name="Establishment_Type">
          <value>hotels accommodation</value>
        </Data>
        <Data name="Search_Term">
          <value/>
        </Data>
        <Data name="Establishment_Name">
          <value>Sunrise Villa By Book Villa Stay</value>
        </Data>
        <Data name="Category_EST">
          <value>Hotel </value>
        </Data>
        <Data name="Search_Location">
          <value>Trimbakeshwar, Maharashtra, India</value>
        </Data>
        <Data name="Search_Latitude">
          <value>19.9322</value>
        </Data>
        <Data name="Search_Longitude">
          <value>73.53</value>
        </Data>
      </ExtendedData>
      <Point>
        <coordinates>
          73.5725148,19.9476437,0
        </coordinates>
      </Point>
    </Placemark>
    <Placemark>
      <name>The Retreat</name>
      <description><![CDATA[Source_File: Nashik_to_Trimbak_Establishments 1.xlsx<br>Source_Sheet: Sheet1<br>Place_ID: ChIJP0d3DBft3TsRebYggCZb1V4<br>Address: XMCP+PV5, Belgaon Dhaga, Maharashtra 422213, India<br>Latitude: 19.9717556<br>Longitude: 73.6872312<br>Google_Maps: https://maps.google.com/?cid=6833468230521108089&g_mp=Cidnb29nbGUubWFwcy5wbGFjZXMudjEuUGxhY2VzLlNlYXJjaFRleHQQAhgEIAA<br>Business_Status: OPERATIONAL<br>Rating: 5<br>User_Rating_Count: 1<br>Primary_Type: hotel<br>Types: hotel, lodging, point_of_interest, establishment<br>Establishment_Category: hotels accommodation<br>Waypoint: Anjaneri<br>Waypoint_Latitude: 19.995<br>Waypoint_Longitude: 73.545<br>Establishment_Type: hotels accommodation<br>Search_Term: <br>Establishment_Name: <br>Category_EST: Hotel <br>Search_Location: <br>Search_Latitude: <br>Search_Longitude: ]]></description>
      <styleUrl>#icon-1899-3949AB</styleUrl>
      <ExtendedData>
        <Data name="Source_File">
          <value>Nashik_to_Trimbak_Establishments 1.xlsx</value>
        </Data>
        <Data name="Source_Sheet">
          <value>Sheet1</value>
        </Data>
        <Data name="Place_ID">
          <value>ChIJP0d3DBft3TsRebYggCZb1V4</value>
        </Data>
        <Data name="Address">
          <value>XMCP+PV5, Belgaon Dhaga, Maharashtra 422213, India</value>
        </Data>
        <Data name="Latitude">
          <value>19.9717556</value>
        </Data>
        <Data name="Longitude">
          <value>73.6872312</value>
        </Data>
        <Data name="Google_Maps">
          <value><![CDATA[https://maps.google.com/?cid=6833468230521108089&g_mp=Cidnb29nbGUubWFwcy5wbGFjZXMudjEuUGxhY2VzLlNlYXJjaFRleHQQAhgEIAA]]></value>
        </Data>
        <Data name="Business_Status">
          <value>OPERATIONAL</value>
        </Data>
        <Data name="Rating">
          <value>5.0</value>
        </Data>
        <Data name="User_Rating_Count">
          <value>1.0</value>
        </Data>
        <Data name="Primary_Type">
          <value>hotel</value>
        </Data>
        <Data name="Types">
          <value>hotel, lodging, point_of_interest, establishment</value>
        </Data>
        <Data name="Establishment_Category">
          <value>hotels accommodation</value>
        </Data>
        <Data name="Waypoint">
          <value>Anjaneri</value>
        </Data>
        <Data name="Waypoint_Latitude">
          <value>19.995</value>
        </Data>
        <Data name="Waypoint_Longitude">
          <value>73.545</value>
        </Data>
        <Data name="Establishment_Type">
          <value>hotels accommodation</value>
        </Data>
        <Data name="Search_Term">
          <value/>
        </Data>
        <Data name="Establishment_Name">
          <value/>
        </Data>
        <Data name="Category_EST">
          <value>Hotel </value>
        </Data>
        <Data name="Search_Location">
          <value/>
        </Data>
        <Data name="Search_Latitude">
          <value/>
        </Data>
        <Data name="Search_Longitude">
          <value/>
        </Data>
      </ExtendedData>
      <Point>
        <coordinates>
          73.6872312,19.9717556,0
        </coordinates>
      </Point>
    </Placemark>
    <Placemark>
      <name>Adiem kaanan Farmstay</name>
      <description><![CDATA[Source_File: Nashik_to_Trimbak_Establishments 1.xlsx<br>Source_Sheet: Sheet1<br>Place_ID: ChIJydmMCWnt3TsRtTLEDA-ZmH0<br>Address: Belgaon Dhaga, Nashik, Belgaon Dhaga, Maharashtra 422213, India<br>Latitude: 19.9773314<br>Longitude: 73.6819879<br>Google_Maps: https://maps.google.com/?cid=9050151741118755509&g_mp=Cidnb29nbGUubWFwcy5wbGFjZXMudjEuUGxhY2VzLlNlYXJjaFRleHQQAhgEIAA<br>Business_Status: OPERATIONAL<br>Rating: 4.8<br>User_Rating_Count: 222<br>Primary_Type: farmstay<br>Types: farmstay, lodging, point_of_interest, establishment<br>Establishment_Category: hotels accommodation<br>Waypoint: Beze<br>Waypoint_Latitude: 20.04<br>Waypoint_Longitude: 73.63<br>Establishment_Type: hotels accommodation<br>Search_Term: <br>Establishment_Name: <br>Category_EST: Hotel <br>Search_Location: <br>Search_Latitude: <br>Search_Longitude: ]]></description>
      <styleUrl>#icon-1899-3949AB</styleUrl>
      <ExtendedData>
        <Data name="Source_File">
          <value>Nashik_to_Trimbak_Establishments 1.xlsx</value>
        </Data>
        <Data name="Source_Sheet">
          <value>Sheet1</value>
        </Data>
        <Data name="Place_ID">
          <value>ChIJydmMCWnt3TsRtTLEDA-ZmH0</value>
        </Data>
        <Data name="Address">
          <value>Belgaon Dhaga, Nashik, Belgaon Dhaga, Maharashtra 422213, India</value>
        </Data>
        <Data name="Latitude">
          <value>19.9773314</value>
        </Data>
        <Data name="Longitude">
          <value>73.6819879</value>
        </Data>
        <Data name="Google_Maps">
          <value><![CDATA[https://maps.google.com/?cid=9050151741118755509&g_mp=Cidnb29nbGUubWFwcy5wbGFjZXMudjEuUGxhY2VzLlNlYXJjaFRleHQQAhgEIAA]]></value>
        </Data>
        <Data name="Business_Status">
          <value>OPERATIONAL</value>
        </Data>
        <Data name="Rating">
          <value>4.8</value>
        </Data>
        <Data name="User_Rating_Count">
          <value>222.0</value>
        </Data>
        <Data name="Primary_Type">
          <value>farmstay</value>
        </Data>
        <Data name="Types">
          <value>farmstay, lodging, point_of_interest, establishment</value>
        </Data>
        <Data name="Establishment_Category">
          <value>hotels accommodation</value>
        </Data>
        <Data name="Waypoint">
          <value>Beze</value>
        </Data>
        <Data name="Waypoint_Latitude">
          <value>20.04</value>
        </Data>
        <Data name="Waypoint_Longitude">
          <value>73.63</value>
        </Data>
        <Data name="Establishment_Type">
          <value>hotels accommodation</value>
        </Data>
        <Data name="Search_Term">
          <value/>
        </Data>
        <Data name="Establishment_Name">
          <value/>
        </Data>
        <Data name="Category_EST">
          <value>Hotel </value>
        </Data>
        <Data name="Search_Location">
          <value/>
        </Data>
        <Data name="Search_Latitude">
          <value/>
        </Data>
        <Data name="Search_Longitude">
          <value/>
        </Data>
      </ExtendedData>
      <Point>
        <coordinates>
          73.6819879,19.9773314,0
        </coordinates>
      </Point>
    </Placemark>
    <Placemark>
      <name>Gulmohur Homestay</name>
      <description><![CDATA[Source_File: Nashik_to_Trimbak_Establishments 1.xlsx<br>Source_Sheet: Sheet1<br>Place_ID: ChIJS8GQtKPt3TsR2CTPxNkJHis<br>Address: Parekh Farm, Trambakeshwar Rd, Belgaon Dhaga, Nashik, Belgaon Dhaga, Maharashtra 422213, India<br>Latitude: 19.9718281<br>Longitude: 73.6866462<br>Google_Maps: https://maps.google.com/?cid=3106931623846683864&g_mp=Cidnb29nbGUubWFwcy5wbGFjZXMudjEuUGxhY2VzLlNlYXJjaFRleHQQAhgEIAA<br>Business_Status: OPERATIONAL<br>Rating: 5<br>User_Rating_Count: 11<br>Primary_Type: bed_and_breakfast<br>Types: bed_and_breakfast, lodging, point_of_interest, establishment<br>Establishment_Category: hotels accommodation<br>Waypoint: Beze<br>Waypoint_Latitude: 20.04<br>Waypoint_Longitude: 73.63<br>Establishment_Type: hotels accommodation<br>Search_Term: <br>Establishment_Name: <br>Category_EST: Hotel <br>Search_Location: <br>Search_Latitude: <br>Search_Longitude: ]]></description>
      <styleUrl>#icon-1899-3949AB</styleUrl>
      <ExtendedData>
        <Data name="Source_File">
          <value>Nashik_to_Trimbak_Establishments 1.xlsx</value>
        </Data>
        <Data name="Source_Sheet">
          <value>Sheet1</value>
        </Data>
        <Data name="Place_ID">
          <value>ChIJS8GQtKPt3TsR2CTPxNkJHis</value>
        </Data>
        <Data name="Address">
          <value>Parekh Farm, Trambakeshwar Rd, Belgaon Dhaga, Nashik, Belgaon Dhaga, Maharashtra 422213, India</value>
        </Data>
        <Data name="Latitude">
          <value>19.9718281</value>
        </Data>
        <Data name="Longitude">
          <value>73.6866462</value>
        </Data>
        <Data name="Google_Maps">
          <value><![CDATA[https://maps.google.com/?cid=3106931623846683864&g_mp=Cidnb29nbGUubWFwcy5wbGFjZXMudjEuUGxhY2VzLlNlYXJjaFRleHQQAhgEIAA]]></value>
        </Data>
        <Data name="Business_Status">
          <value>OPERATIONAL</value>
        </Data>
        <Data name="Rating">
          <value>5.0</value>
        </Data>
        <Data name="User_Rating_Count">
          <value>11.0</value>
        </Data>
        <Data name="Primary_Type">
          <value>bed_and_breakfast</value>
        </Data>
        <Data name="Types">
          <value>bed_and_breakfast, lodging, point_of_interest, establishment</value>
        </Data>
        <Data name="Establishment_Category">
          <value>hotels accommodation</value>
        </Data>
        <Data name="Waypoint">
          <value>Beze</value>
        </Data>
        <Data name="Waypoint_Latitude">
          <value>20.04</value>
        </Data>
        <Data name="Waypoint_Longitude">
          <value>73.63</value>
        </Data>
        <Data name="Establishment_Type">
          <value>hotels accommodation</value>
        </Data>
        <Data name="Search_Term">
          <value/>
        </Data>
        <Data name="Establishment_Name">
          <value/>
        </Data>
        <Data name="Category_EST">
          <value>Hotel </value>
        </Data>
        <Data name="Search_Location">
          <value/>
        </Data>
        <Data name="Search_Latitude">
          <value/>
        </Data>
        <Data name="Search_Longitude">
          <value/>
        </Data>
      </ExtendedData>
      <Point>
        <coordinates>
          73.6866462,19.9718281,0
        </coordinates>
      </Point>
    </Placemark>
    <Placemark>
      <name>Hotel Royal Orbit</name>
      <description><![CDATA[Source_File: Nashik_to_Trimbak_Establishments 1.xlsx<br>Source_Sheet: Sheet1<br>Place_ID: ChIJc0Dl5-Pt3TsReWPkGMaH28Y<br>Address: Mahiravani, Trimbakeshwar Road, Nashik, Mahiravni, Maharashtra 422213, India<br>Latitude: 19.970505<br>Longitude: 73.6760086<br>Google_Maps: https://maps.google.com/?cid=14329195924300260217&g_mp=Cidnb29nbGUubWFwcy5wbGFjZXMudjEuUGxhY2VzLlNlYXJjaFRleHQQAhgEIAA<br>Business_Status: OPERATIONAL<br>Rating: 3.8<br>User_Rating_Count: 28<br>Primary_Type: lodging<br>Types: lodging, point_of_interest, establishment<br>Establishment_Category: hotels accommodation<br>Waypoint: Beze<br>Waypoint_Latitude: 20.04<br>Waypoint_Longitude: 73.63<br>Establishment_Type: hotels accommodation<br>Search_Term: <br>Establishment_Name: <br>Category_EST: Hotel <br>Search_Location: <br>Search_Latitude: <br>Search_Longitude: ]]></description>
      <styleUrl>#icon-1899-3949AB</styleUrl>
      <ExtendedData>
        <Data name="Source_File">
          <value>Nashik_to_Trimbak_Establishments 1.xlsx</value>
        </Data>
        <Data name="Source_Sheet">
          <value>Sheet1</value>
        </Data>
        <Data name="Place_ID">
          <value>ChIJc0Dl5-Pt3TsReWPkGMaH28Y</value>
        </Data>
        <Data name="Address">
          <value>Mahiravani, Trimbakeshwar Road, Nashik, Mahiravni, Maharashtra 422213, India</value>
        </Data>
        <Data name="Latitude">
          <value>19.970505</value>
        </Data>
        <Data name="Longitude">
          <value>73.6760086</value>
        </Data>
        <Data name="Google_Maps">
          <value><![CDATA[https://maps.google.com/?cid=14329195924300260217&g_mp=Cidnb29nbGUubWFwcy5wbGFjZXMudjEuUGxhY2VzLlNlYXJjaFRleHQQAhgEIAA]]></value>
        </Data>
        <Data name="Business_Status">
          <value>OPERATIONAL</value>
        </Data>
        <Data name="Rating">
          <value>3.8</value>
        </Data>
        <Data name="User_Rating_Count">
          <value>28.0</value>
        </Data>
        <Data name="Primary_Type">
          <value>lodging</value>
        </Data>
        <Data name="Types">
          <value>lodging, point_of_interest, establishment</value>
        </Data>
        <Data name="Establishment_Category">
          <value>hotels accommodation</value>
        </Data>
        <Data name="Waypoint">
          <value>Beze</value>
        </Data>
        <Data name="Waypoint_Latitude">
          <value>20.04</value>
        </Data>
        <Data name="Waypoint_Longitude">
          <value>73.63</value>
        </Data>
        <Data name="Establishment_Type">
          <value>hotels accommodation</value>
        </Data>
        <Data name="Search_Term">
          <value/>
        </Data>
        <Data name="Establishment_Name">
          <value/>
        </Data>
        <Data name="Category_EST">
          <value>Hotel </value>
        </Data>
        <Data name="Search_Location">
          <value/>
        </Data>
        <Data name="Search_Latitude">
          <value/>
        </Data>
        <Data name="Search_Longitude">
          <value/>
        </Data>
      </ExtendedData>
      <Point>
        <coordinates>
          73.6760086,19.970505,0
        </coordinates>
      </Point>
    </Placemark>
    <Placemark>
      <name><![CDATA[Hotel SM Palace Sonali Garden & Banquet Hall Nashik]]></name>
      <description><![CDATA[Source_File: Nashik_to_Trimbak_Establishments 1.xlsx<br>Source_Sheet: Sheet1<br>Place_ID: ChIJz5kRYq3t3TsRyXXPLIRf2CY<br>Address: Survey No.161, Belgaon Dhaga Phata, D/1, Trambakeshwar Rd, Trimbak, Belgaon Dhaga, Maharashtra 422213, India<br>Latitude: 19.9718515<br>Longitude: 73.6824458<br>Google_Maps: https://maps.google.com/?cid=2799092189702878665&g_mp=Cidnb29nbGUubWFwcy5wbGFjZXMudjEuUGxhY2VzLlNlYXJjaFRleHQQAhgEIAA<br>Business_Status: OPERATIONAL<br>Rating: 2.9<br>User_Rating_Count: 41<br>Primary_Type: event_venue<br>Types: event_venue, banquet_hall, extended_stay_hotel, wedding_venue, restaurant, food, hotel, lodging, service, point_of_interest, establishment<br>Establishment_Category: hotels accommodation<br>Waypoint: Beze<br>Waypoint_Latitude: 20.04<br>Waypoint_Longitude: 73.63<br>Establishment_Type: hotels accommodation<br>Search_Term: <br>Establishment_Name: <br>Category_EST: Hotel <br>Search_Location: <br>Search_Latitude: <br>Search_Longitude: ]]></description>
      <styleUrl>#icon-1899-3949AB</styleUrl>
      <ExtendedData>
        <Data name="Source_File">
          <value>Nashik_to_Trimbak_Establishments 1.xlsx</value>
        </Data>
        <Data name="Source_Sheet">
          <value>Sheet1</value>
        </Data>
        <Data name="Place_ID">
          <value>ChIJz5kRYq3t3TsRyXXPLIRf2CY</value>
        </Data>
        <Data name="Address">
          <value>Survey No.161, Belgaon Dhaga Phata, D/1, Trambakeshwar Rd, Trimbak, Belgaon Dhaga, Maharashtra 422213, India</value>
        </Data>
        <Data name="Latitude">
          <value>19.9718515</value>
        </Data>
        <Data name="Longitude">
          <value>73.6824458</value>
        </Data>
        <Data name="Google_Maps">
          <value><![CDATA[https://maps.google.com/?cid=2799092189702878665&g_mp=Cidnb29nbGUubWFwcy5wbGFjZXMudjEuUGxhY2VzLlNlYXJjaFRleHQQAhgEIAA]]></value>
        </Data>
        <Data name="Business_Status">
          <value>OPERATIONAL</value>
        </Data>
        <Data name="Rating">
          <value>2.9</value>
        </Data>
        <Data name="User_Rating_Count">
          <value>41.0</value>
        </Data>
        <Data name="Primary_Type">
          <value>event_venue</value>
        </Data>
        <Data name="Types">
          <value>event_venue, banquet_hall, extended_stay_hotel, wedding_venue, restaurant, food, hotel, lodging, service, point_of_interest, establishment</value>
        </Data>
        <Data name="Establishment_Category">
          <value>hotels accommodation</value>
        </Data>
        <Data name="Waypoint">
          <value>Beze</value>
        </Data>
        <Data name="Waypoint_Latitude">
          <value>20.04</value>
        </Data>
        <Data name="Waypoint_Longitude">
          <value>73.63</value>
        </Data>
        <Data name="Establishment_Type">
          <value>hotels accommodation</value>
        </Data>
        <Data name="Search_Term">
          <value/>
        </Data>
        <Data name="Establishment_Name">
          <value/>
        </Data>
        <Data name="Category_EST">
          <value>Hotel </value>
        </Data>
        <Data name="Search_Location">
          <value/>
        </Data>
        <Data name="Search_Latitude">
          <value/>
        </Data>
        <Data name="Search_Longitude">
          <value/>
        </Data>
      </ExtendedData>
      <Point>
        <coordinates>
          73.6824458,19.9718515,0
        </coordinates>
      </Point>
    </Placemark>
    <Placemark>
      <name>Mango Leaves Resort</name>
      <description><![CDATA[Source_File: Nashik_to_Trimbak_Establishments 1.xlsx<br>Source_Sheet: Sheet1<br>Place_ID: ChIJDY0Q8Wft3TsRvRkig8RBhTQ<br>Address: Near Sandip Foundation College, Mahiravni, Trambakeshwar Road, Nashik, Mahiravni, Maharashtra 422213, India<br>Latitude: 19.9665658<br>Longitude: 73.6646769<br>Google_Maps: https://maps.google.com/?cid=3784503374144215485&g_mp=Cidnb29nbGUubWFwcy5wbGFjZXMudjEuUGxhY2VzLlNlYXJjaFRleHQQAhgEIAA<br>Business_Status: OPERATIONAL<br>Rating: 3.8<br>User_Rating_Count: 395<br>Primary_Type: resort_hotel<br>Types: resort_hotel, hotel, lodging, point_of_interest, establishment<br>Establishment_Category: hotels accommodation<br>Waypoint: Beze<br>Waypoint_Latitude: 20.04<br>Waypoint_Longitude: 73.63<br>Establishment_Type: hotels accommodation<br>Search_Term: <br>Establishment_Name: <br>Category_EST: Hotel <br>Search_Location: <br>Search_Latitude: <br>Search_Longitude: ]]></description>
      <styleUrl>#icon-1899-3949AB</styleUrl>
      <ExtendedData>
        <Data name="Source_File">
          <value>Nashik_to_Trimbak_Establishments 1.xlsx</value>
        </Data>
        <Data name="Source_Sheet">
          <value>Sheet1</value>
        </Data>
        <Data name="Place_ID">
          <value>ChIJDY0Q8Wft3TsRvRkig8RBhTQ</value>
        </Data>
        <Data name="Address">
          <value>Near Sandip Foundation College, Mahiravni, Trambakeshwar Road, Nashik, Mahiravni, Maharashtra 422213, India</value>
        </Data>
        <Data name="Latitude">
          <value>19.9665658</value>
        </Data>
        <Data name="Longitude">
          <value>73.6646769</value>
        </Data>
        <Data name="Google_Maps">
          <value><![CDATA[https://maps.google.com/?cid=3784503374144215485&g_mp=Cidnb29nbGUubWFwcy5wbGFjZXMudjEuUGxhY2VzLlNlYXJjaFRleHQQAhgEIAA]]></value>
        </Data>
        <Data name="Business_Status">
          <value>OPERATIONAL</value>
        </Data>
        <Data name="Rating">
          <value>3.8</value>
        </Data>
        <Data name="User_Rating_Count">
          <value>395.0</value>
        </Data>
        <Data name="Primary_Type">
          <value>resort_hotel</value>
        </Data>
        <Data name="Types">
          <value>resort_hotel, hotel, lodging, point_of_interest, establishment</value>
        </Data>
        <Data name="Establishment_Category">
          <value>hotels accommodation</value>
        </Data>
        <Data name="Waypoint">
          <value>Beze</value>
        </Data>
        <Data name="Waypoint_Latitude">
          <value>20.04</value>
        </Data>
        <Data name="Waypoint_Longitude">
          <value>73.63</value>
        </Data>
        <Data name="Establishment_Type">
          <value>hotels accommodation</value>
        </Data>
        <Data name="Search_Term">
          <value/>
        </Data>
        <Data name="Establishment_Name">
          <value/>
        </Data>
        <Data name="Category_EST">
          <value>Hotel </value>
        </Data>
        <Data name="Search_Location">
          <value/>
        </Data>
        <Data name="Search_Latitude">
          <value/>
        </Data>
        <Data name="Search_Longitude">
          <value/>
        </Data>
      </ExtendedData>
      <Point>
        <coordinates>
          73.6646769,19.9665658,0
        </coordinates>
      </Point>
    </Placemark>
    <Placemark>
      <name>Royal Green Resort</name>
      <description><![CDATA[Source_File: Nashik_to_Trimbak_Establishments 1.xlsx<br>Source_Sheet: Sheet1<br>Place_ID: ChIJR1ERdADt3TsRco-q0U_LEmM<br>Address: Trambakeshwar Rd, Mahiravni, Maharashtra 422213, India<br>Latitude: 19.9649262<br>Longitude: 73.6612755<br>Google_Maps: https://maps.google.com/?cid=7138991903016128370&g_mp=Cidnb29nbGUubWFwcy5wbGFjZXMudjEuUGxhY2VzLlNlYXJjaFRleHQQAhgEIAA<br>Business_Status: OPERATIONAL<br>Rating: 4.1<br>User_Rating_Count: 20<br>Primary_Type: bed_and_breakfast<br>Types: bed_and_breakfast, lodging, point_of_interest, establishment<br>Establishment_Category: hotels accommodation<br>Waypoint: Beze<br>Waypoint_Latitude: 20.04<br>Waypoint_Longitude: 73.63<br>Establishment_Type: hotels accommodation<br>Search_Term: <br>Establishment_Name: <br>Category_EST: Hotel <br>Search_Location: <br>Search_Latitude: <br>Search_Longitude: ]]></description>
      <styleUrl>#icon-1899-3949AB</styleUrl>
      <ExtendedData>
        <Data name="Source_File">
          <value>Nashik_to_Trimbak_Establishments 1.xlsx</value>
        </Data>
        <Data name="Source_Sheet">
          <value>Sheet1</value>
        </Data>
        <Data name="Place_ID">
          <value>ChIJR1ERdADt3TsRco-q0U_LEmM</value>
        </Data>
        <Data name="Address">
          <value>Trambakeshwar Rd, Mahiravni, Maharashtra 422213, India</value>
        </Data>
        <Data name="Latitude">
          <value>19.9649262</value>
        </Data>
        <Data name="Longitude">
          <value>73.6612755</value>
        </Data>
        <Data name="Google_Maps">
          <value><![CDATA[https://maps.google.com/?cid=7138991903016128370&g_mp=Cidnb29nbGUubWFwcy5wbGFjZXMudjEuUGxhY2VzLlNlYXJjaFRleHQQAhgEIAA]]></value>
        </Data>
        <Data name="Business_Status">
          <value>OPERATIONAL</value>
        </Data>
        <Data name="Rating">
          <value>4.1</value>
        </Data>
        <Data name="User_Rating_Count">
          <value>20.0</value>
        </Data>
        <Data name="Primary_Type">
          <value>bed_and_breakfast</value>
        </Data>
        <Data name="Types">
          <value>bed_and_breakfast, lodging, point_of_interest, establishment</value>
        </Data>
        <Data name="Establishment_Category">
          <value>hotels accommodation</value>
        </Data>
        <Data name="Waypoint">
          <value>Beze</value>
        </Data>
        <Data name="Waypoint_Latitude">
          <value>20.04</value>
        </Data>
        <Data name="Waypoint_Longitude">
          <value>73.63</value>
        </Data>
        <Data name="Establishment_Type">
          <value>hotels accommodation</value>
        </Data>
        <Data name="Search_Term">
          <value/>
        </Data>
        <Data name="Establishment_Name">
          <value/>
        </Data>
        <Data name="Category_EST">
          <value>Hotel </value>
        </Data>
        <Data name="Search_Location">
          <value/>
        </Data>
        <Data name="Search_Latitude">
          <value/>
        </Data>
        <Data name="Search_Longitude">
          <value/>
        </Data>
      </ExtendedData>
      <Point>
        <coordinates>
          73.6612755,19.9649262,0
        </coordinates>
      </Point>
    </Placemark>
    <Placemark>
      <name>Comfort Inn Hotel</name>
      <description><![CDATA[Source_File: Nashik_to_Trimbak_Establishments 1.xlsx<br>Source_Sheet: Sheet1<br>Place_ID: ChIJebpaR7_z3TsR2ghzTcQz4HA<br>Address: Near Damodar Palace, Mahiravani, Trimbak Road, Nashik, Mahiravni, Maharashtra 422213, India<br>Latitude: 19.9632208<br>Longitude: 73.6468288<br>Google_Maps: https://maps.google.com/?cid=8133557845237106906&g_mp=Cidnb29nbGUubWFwcy5wbGFjZXMudjEuUGxhY2VzLlNlYXJjaFRleHQQAhgEIAA<br>Business_Status: OPERATIONAL<br>Rating: 4.2<br>User_Rating_Count: 33<br>Primary_Type: hotel<br>Types: hotel, private_guest_room, farmstay, resort_hotel, spa, extended_stay_hotel, lodging, health, restaurant, food, point_of_interest, establishment<br>Establishment_Category: hotels accommodation<br>Waypoint: Dudgaon<br>Waypoint_Latitude: 20.03<br>Waypoint_Longitude: 73.585<br>Establishment_Type: hotels accommodation<br>Search_Term: <br>Establishment_Name: <br>Category_EST: Hotel <br>Search_Location: <br>Search_Latitude: <br>Search_Longitude: ]]></description>
      <styleUrl>#icon-1899-3949AB</styleUrl>
      <ExtendedData>
        <Data name="Source_File">
          <value>Nashik_to_Trimbak_Establishments 1.xlsx</value>
        </Data>
        <Data name="Source_Sheet">
          <value>Sheet1</value>
        </Data>
        <Data name="Place_ID">
          <value>ChIJebpaR7_z3TsR2ghzTcQz4HA</value>
        </Data>
        <Data name="Address">
          <value>Near Damodar Palace, Mahiravani, Trimbak Road, Nashik, Mahiravni, Maharashtra 422213, India</value>
        </Data>
        <Data name="Latitude">
          <value>19.9632208</value>
        </Data>
        <Data name="Longitude">
          <value>73.6468288</value>
        </Data>
        <Data name="Google_Maps">
          <value><![CDATA[https://maps.google.com/?cid=8133557845237106906&g_mp=Cidnb29nbGUubWFwcy5wbGFjZXMudjEuUGxhY2VzLlNlYXJjaFRleHQQAhgEIAA]]></value>
        </Data>
        <Data name="Business_Status">
          <value>OPERATIONAL</value>
        </Data>
        <Data name="Rating">
          <value>4.2</value>
        </Data>
        <Data name="User_Rating_Count">
          <value>33.0</value>
        </Data>
        <Data name="Primary_Type">
          <value>hotel</value>
        </Data>
        <Data name="Types">
          <value>hotel, private_guest_room, farmstay, resort_hotel, spa, extended_stay_hotel, lodging, health, restaurant, food, point_of_interest, establishment</value>
        </Data>
        <Data name="Establishment_Category">
          <value>hotels accommodation</value>
        </Data>
        <Data name="Waypoint">
          <value>Dudgaon</value>
        </Data>
        <Data name="Waypoint_Latitude">
          <value>20.03</value>
        </Data>
        <Data name="Waypoint_Longitude">
          <value>73.585</value>
        </Data>
        <Data name="Establishment_Type">
          <value>hotels accommodation</value>
        </Data>
        <Data name="Search_Term">
          <value/>
        </Data>
        <Data name="Establishment_Name">
          <value/>
        </Data>
        <Data name="Category_EST">
          <value>Hotel </value>
        </Data>
        <Data name="Search_Location">
          <value/>
        </Data>
        <Data name="Search_Latitude">
          <value/>
        </Data>
        <Data name="Search_Longitude">
          <value/>
        </Data>
      </ExtendedData>
      <Point>
        <coordinates>
          73.6468288,19.9632208,0
        </coordinates>
      </Point>
    </Placemark>
    <Placemark>
      <name>Green orchid resort</name>
      <description><![CDATA[Source_File: Nashik_to_Trimbak_Establishments 2.xlsx<br>Source_Sheet: Sheet1<br>Place_ID: ChIJUU0MJQDt3TsRclZygsr-JEI<br>Address: Mahiravni, Maharashtra 422213, India<br>Latitude: 19.9734462<br>Longitude: 73.6655852<br>Google_Maps: https://maps.google.com/?cid=4766214451390207602&g_mp=Cidnb29nbGUubWFwcy5wbGFjZXMudjEuUGxhY2VzLlNlYXJjaFRleHQQAhgEIAA<br>Business_Status: OPERATIONAL<br>Rating: 4.6<br>User_Rating_Count: 192<br>Primary_Type: hotel<br>Types: hotel, resort_hotel, lodging, point_of_interest, establishment<br>Establishment_Category: hotels accommodation<br>Waypoint: Nashik outskirts (Panchak)<br>Waypoint_Latitude: 20.009<br>Waypoint_Longitude: 73.706<br>Establishment_Type: hotels accommodation<br>Search_Term: <br>Establishment_Name: <br>Category_EST: Hotel <br>Search_Location: <br>Search_Latitude: <br>Search_Longitude: ]]></description>
      <styleUrl>#icon-1899-3949AB</styleUrl>
      <ExtendedData>
        <Data name="Source_File">
          <value>Nashik_to_Trimbak_Establishments 2.xlsx</value>
        </Data>
        <Data name="Source_Sheet">
          <value>Sheet1</value>
        </Data>
        <Data name="Place_ID">
          <value>ChIJUU0MJQDt3TsRclZygsr-JEI</value>
        </Data>
        <Data name="Address">
          <value>Mahiravni, Maharashtra 422213, India</value>
        </Data>
        <Data name="Latitude">
          <value>19.9734462</value>
        </Data>
        <Data name="Longitude">
          <value>73.6655852</value>
        </Data>
        <Data name="Google_Maps">
          <value><![CDATA[https://maps.google.com/?cid=4766214451390207602&g_mp=Cidnb29nbGUubWFwcy5wbGFjZXMudjEuUGxhY2VzLlNlYXJjaFRleHQQAhgEIAA]]></value>
        </Data>
        <Data name="Business_Status">
          <value>OPERATIONAL</value>
        </Data>
        <Data name="Rating">
          <value>4.6</value>
        </Data>
        <Data name="User_Rating_Count">
          <value>192.0</value>
        </Data>
        <Data name="Primary_Type">
          <value>hotel</value>
        </Data>
        <Data name="Types">
          <value>hotel, resort_hotel, lodging, point_of_interest, establishment</value>
        </Data>
        <Data name="Establishment_Category">
          <value>hotels accommodation</value>
        </Data>
        <Data name="Waypoint">
          <value>Nashik outskirts (Panchak)</value>
        </Data>
        <Data name="Waypoint_Latitude">
          <value>20.0089</value>
        </Data>
        <Data name="Waypoint_Longitude">
          <value>73.7059</value>
        </Data>
        <Data name="Establishment_Type">
          <value>hotels accommodation</value>
        </Data>
        <Data name="Search_Term">
          <value/>
        </Data>
        <Data name="Establishment_Name">
          <value/>
        </Data>
        <Data name="Category_EST">
          <value>Hotel </value>
        </Data>
        <Data name="Search_Location">
          <value/>
        </Data>
        <Data name="Search_Latitude">
          <value/>
        </Data>
        <Data name="Search_Longitude">
          <value/>
        </Data>
      </ExtendedData>
      <Point>
        <coordinates>
          73.6655852,19.9734462,0
        </coordinates>
      </Point>
    </Placemark>
    <Placemark>
      <name>Bramhagiri Resorts Pvt Ltd</name>
      <description><![CDATA[Source_File: Nashik_to_Trimbak_Establishments 3.xlsx<br>Source_Sheet: Sheet1<br>Place_ID: ChIJXX3ugeTz3TsRslSZg3eV7Cw<br>Address: At-Post Khambale, Tel. Trimbakeshwar, Khambale, Maharashtra 422213, India<br>Latitude: 19.9596311<br>Longitude: 73.6330422<br>Google_Maps: https://maps.google.com/?cid=3237126572714054834&g_mp=Cidnb29nbGUubWFwcy5wbGFjZXMudjEuUGxhY2VzLlNlYXJjaFRleHQQAhgEIAA<br>Business_Status: OPERATIONAL<br>Rating: 3.8<br>User_Rating_Count: 22<br>Primary_Type: hotel<br>Types: hotel, bed_and_breakfast, private_guest_room, extended_stay_hotel, resort_hotel, cottage, lodging, association_or_organization, service, point_of_interest, establishment<br>Establishment_Category: hotels accommodation<br>Waypoint: Talwade Trimbak<br>Waypoint_Latitude: 20.03<br>Waypoint_Longitude: 73.66<br>Establishment_Type: hotels accommodation<br>Search_Term: <br>Establishment_Name: <br>Category_EST: Hotel <br>Search_Location: <br>Search_Latitude: <br>Search_Longitude: ]]></description>
      <styleUrl>#icon-1899-3949AB</styleUrl>
      <ExtendedData>
        <Data name="Source_File">
          <value>Nashik_to_Trimbak_Establishments 3.xlsx</value>
        </Data>
        <Data name="Source_Sheet">
          <value>Sheet1</value>
        </Data>
        <Data name="Place_ID">
          <value>ChIJXX3ugeTz3TsRslSZg3eV7Cw</value>
        </Data>
        <Data name="Address">
          <value>At-Post Khambale, Tel. Trimbakeshwar, Khambale, Maharashtra 422213, India</value>
        </Data>
        <Data name="Latitude">
          <value>19.9596311</value>
        </Data>
        <Data name="Longitude">
          <value>73.6330422</value>
        </Data>
        <Data name="Google_Maps">
          <value><![CDATA[https://maps.google.com/?cid=3237126572714054834&g_mp=Cidnb29nbGUubWFwcy5wbGFjZXMudjEuUGxhY2VzLlNlYXJjaFRleHQQAhgEIAA]]></value>
        </Data>
        <Data name="Business_Status">
          <value>OPERATIONAL</value>
        </Data>
        <Data name="Rating">
          <value>3.8</value>
        </Data>
        <Data name="User_Rating_Count">
          <value>22.0</value>
        </Data>
        <Data name="Primary_Type">
          <value>hotel</value>
        </Data>
        <Data name="Types">
          <value>hotel, bed_and_breakfast, private_guest_room, extended_stay_hotel, resort_hotel, cottage, lodging, association_or_organization, service, point_of_interest, establishment</value>
        </Data>
        <Data name="Establishment_Category">
          <value>hotels accommodation</value>
        </Data>
        <Data name="Waypoint">
          <value>Talwade Trimbak</value>
        </Data>
        <Data name="Waypoint_Latitude">
          <value>20.03</value>
        </Data>
        <Data name="Waypoint_Longitude">
          <value>73.66</value>
        </Data>
        <Data name="Establishment_Type">
          <value>hotels accommodation</value>
        </Data>
        <Data name="Search_Term">
          <value/>
        </Data>
        <Data name="Establishment_Name">
          <value/>
        </Data>
        <Data name="Category_EST">
          <value>Hotel </value>
        </Data>
        <Data name="Search_Location">
          <value/>
        </Data>
        <Data name="Search_Latitude">
          <value/>
        </Data>
        <Data name="Search_Longitude">
          <value/>
        </Data>
      </ExtendedData>
      <Point>
        <coordinates>
          73.6330422,19.9596311,0
        </coordinates>
      </Point>
    </Placemark>
    <Placemark>
      <name>Resort</name>
      <description><![CDATA[Source_File: Nashik_to_Trimbak_Establishments 1.xlsx<br>Source_Sheet: Sheet1<br>Place_ID: ChIJ8Xz4egDz3TsRFBfyH5JK96Y<br>Address: Gautami Godavari Prakalp Dam, Road, near Trimbak, Nashik, Beze, Maharashtra 422213, India<br>Latitude: 19.9812115<br>Longitude: 73.575587<br>Google_Maps: https://maps.google.com/?cid=12031166921005209364&g_mp=Cidnb29nbGUubWFwcy5wbGFjZXMudjEuUGxhY2VzLlNlYXJjaFRleHQQAhgEIAA<br>Business_Status: OPERATIONAL<br>Rating: 4.7<br>User_Rating_Count: 17<br>Primary_Type: resort_hotel<br>Types: resort_hotel, hotel, lodging, point_of_interest, establishment<br>Establishment_Category: hotels accommodation<br>Waypoint: Anjaneri<br>Waypoint_Latitude: 19.995<br>Waypoint_Longitude: 73.545<br>Establishment_Type: hotels accommodation<br>Search_Term: <br>Establishment_Name: <br>Category_EST: Hotel <br>Search_Location: <br>Search_Latitude: <br>Search_Longitude: ]]></description>
      <styleUrl>#icon-1899-3949AB</styleUrl>
      <ExtendedData>
        <Data name="Source_File">
          <value>Nashik_to_Trimbak_Establishments 1.xlsx</value>
        </Data>
        <Data name="Source_Sheet">
          <value>Sheet1</value>
        </Data>
        <Data name="Place_ID">
          <value>ChIJ8Xz4egDz3TsRFBfyH5JK96Y</value>
        </Data>
        <Data name="Address">
          <value>Gautami Godavari Prakalp Dam, Road, near Trimbak, Nashik, Beze, Maharashtra 422213, India</value>
        </Data>
        <Data name="Latitude">
          <value>19.9812115</value>
        </Data>
        <Data name="Longitude">
          <value>73.575587</value>
        </Data>
        <Data name="Google_Maps">
          <value><![CDATA[https://maps.google.com/?cid=12031166921005209364&g_mp=Cidnb29nbGUubWFwcy5wbGFjZXMudjEuUGxhY2VzLlNlYXJjaFRleHQQAhgEIAA]]></value>
        </Data>
        <Data name="Business_Status">
          <value>OPERATIONAL</value>
        </Data>
        <Data name="Rating">
          <value>4.7</value>
        </Data>
        <Data name="User_Rating_Count">
          <value>17.0</value>
        </Data>
        <Data name="Primary_Type">
          <value>resort_hotel</value>
        </Data>
        <Data name="Types">
          <value>resort_hotel, hotel, lodging, point_of_interest, establishment</value>
        </Data>
        <Data name="Establishment_Category">
          <value>hotels accommodation</value>
        </Data>
        <Data name="Waypoint">
          <value>Anjaneri</value>
        </Data>
        <Data name="Waypoint_Latitude">
          <value>19.995</value>
        </Data>
        <Data name="Waypoint_Longitude">
          <value>73.545</value>
        </Data>
        <Data name="Establishment_Type">
          <value>hotels accommodation</value>
        </Data>
        <Data name="Search_Term">
          <value/>
        </Data>
        <Data name="Establishment_Name">
          <value/>
        </Data>
        <Data name="Category_EST">
          <value>Hotel </value>
        </Data>
        <Data name="Search_Location">
          <value/>
        </Data>
        <Data name="Search_Latitude">
          <value/>
        </Data>
        <Data name="Search_Longitude">
          <value/>
        </Data>
      </ExtendedData>
      <Point>
        <coordinates>
          73.575587,19.9812115,0
        </coordinates>
      </Point>
    </Placemark>
    <Placemark>
      <name>Amoha Villas</name>
      <description><![CDATA[Source_File: Nashik_to_Trimbak_Establishments 3.xlsx<br>Source_Sheet: Sheet1<br>Place_ID: ChIJxzfRcwDz3TsRihmOf45m7WQ<br>Address: XHJF+3QM, Beze, Maharashtra 422213, India<br>Latitude: 19.9802092<br>Longitude: 73.5744128<br>Google_Maps: https://maps.google.com/?cid=7272581735484627338&g_mp=Cidnb29nbGUubWFwcy5wbGFjZXMudjEuUGxhY2VzLlNlYXJjaFRleHQQAhgEIAA<br>Business_Status: OPERATIONAL<br>Rating: 4.9<br>User_Rating_Count: 62<br>Primary_Type: service<br>Types: service, point_of_interest, establishment<br>Establishment_Category: hotels accommodation<br>Waypoint: Talwade Trimbak<br>Waypoint_Latitude: 20.03<br>Waypoint_Longitude: 73.66<br>Establishment_Type: hotels accommodation<br>Search_Term: <br>Establishment_Name: <br>Category_EST: Hotel <br>Search_Location: <br>Search_Latitude: <br>Search_Longitude: ]]></description>
      <styleUrl>#icon-1899-3949AB</styleUrl>
      <ExtendedData>
        <Data name="Source_File">
          <value>Nashik_to_Trimbak_Establishments 3.xlsx</value>
        </Data>
        <Data name="Source_Sheet">
          <value>Sheet1</value>
        </Data>
        <Data name="Place_ID">
          <value>ChIJxzfRcwDz3TsRihmOf45m7WQ</value>
        </Data>
        <Data name="Address">
          <value>XHJF+3QM, Beze, Maharashtra 422213, India</value>
        </Data>
        <Data name="Latitude">
          <value>19.9802092</value>
        </Data>
        <Data name="Longitude">
          <value>73.5744128</value>
        </Data>
        <Data name="Google_Maps">
          <value><![CDATA[https://maps.google.com/?cid=7272581735484627338&g_mp=Cidnb29nbGUubWFwcy5wbGFjZXMudjEuUGxhY2VzLlNlYXJjaFRleHQQAhgEIAA]]></value>
        </Data>
        <Data name="Business_Status">
          <value>OPERATIONAL</value>
        </Data>
        <Data name="Rating">
          <value>4.9</value>
        </Data>
        <Data name="User_Rating_Count">
          <value>62.0</value>
        </Data>
        <Data name="Primary_Type">
          <value>service</value>
        </Data>
        <Data name="Types">
          <value>service, point_of_interest, establishment</value>
        </Data>
        <Data name="Establishment_Category">
          <value>hotels accommodation</value>
        </Data>
        <Data name="Waypoint">
          <value>Talwade Trimbak</value>
        </Data>
        <Data name="Waypoint_Latitude">
          <value>20.03</value>
        </Data>
        <Data name="Waypoint_Longitude">
          <value>73.66</value>
        </Data>
        <Data name="Establishment_Type">
          <value>hotels accommodation</value>
        </Data>
        <Data name="Search_Term">
          <value/>
        </Data>
        <Data name="Establishment_Name">
          <value/>
        </Data>
        <Data name="Category_EST">
          <value>Hotel </value>
        </Data>
        <Data name="Search_Location">
          <value/>
        </Data>
        <Data name="Search_Latitude">
          <value/>
        </Data>
        <Data name="Search_Longitude">
          <value/>
        </Data>
      </ExtendedData>
      <Point>
        <coordinates>
          73.5744128,19.9802092,0
        </coordinates>
      </Point>
    </Placemark>
    <Placemark>
      <name>Lakeshore</name>
      <description><![CDATA[Source_File: Nashik_to_Trimbak_Establishments 3.xlsx<br>Source_Sheet: Sheet1<br>Place_ID: ChIJvbtiJS_z3TsRNICdgUD49Bw<br>Address: Beze Shiwar, Gautami Godavari Prakalp Dam, Road, near Trimbak, near Viveda Wellness Resort, Nashik, Beze, Maharashtra 422213, India<br>Latitude: 19.9811909<br>Longitude: 73.573864<br>Google_Maps: https://maps.google.com/?cid=2086565483315560500&g_mp=Cidnb29nbGUubWFwcy5wbGFjZXMudjEuUGxhY2VzLlNlYXJjaFRleHQQAhgEIAA<br>Business_Status: OPERATIONAL<br>Rating: 4.9<br>User_Rating_Count: 281<br>Primary_Type: service<br>Types: private_guest_room, extended_stay_hotel, resort_hotel, farmstay, hotel, lodging, service, point_of_interest, establishment<br>Establishment_Category: hotels accommodation<br>Waypoint: Talwade Trimbak<br>Waypoint_Latitude: 20.03<br>Waypoint_Longitude: 73.66<br>Establishment_Type: hotels accommodation<br>Search_Term: <br>Establishment_Name: <br>Category_EST: Hotel <br>Search_Location: <br>Search_Latitude: <br>Search_Longitude: ]]></description>
      <styleUrl>#icon-1899-3949AB</styleUrl>
      <ExtendedData>
        <Data name="Source_File">
          <value>Nashik_to_Trimbak_Establishments 3.xlsx</value>
        </Data>
        <Data name="Source_Sheet">
          <value>Sheet1</value>
        </Data>
        <Data name="Place_ID">
          <value>ChIJvbtiJS_z3TsRNICdgUD49Bw</value>
        </Data>
        <Data name="Address">
          <value>Beze Shiwar, Gautami Godavari Prakalp Dam, Road, near Trimbak, near Viveda Wellness Resort, Nashik, Beze, Maharashtra 422213, India</value>
        </Data>
        <Data name="Latitude">
          <value>19.9811909</value>
        </Data>
        <Data name="Longitude">
          <value>73.573864</value>
        </Data>
        <Data name="Google_Maps">
          <value><![CDATA[https://maps.google.com/?cid=2086565483315560500&g_mp=Cidnb29nbGUubWFwcy5wbGFjZXMudjEuUGxhY2VzLlNlYXJjaFRleHQQAhgEIAA]]></value>
        </Data>
        <Data name="Business_Status">
          <value>OPERATIONAL</value>
        </Data>
        <Data name="Rating">
          <value>4.9</value>
        </Data>
        <Data name="User_Rating_Count">
          <value>281.0</value>
        </Data>
        <Data name="Primary_Type">
          <value>service</value>
        </Data>
        <Data name="Types">
          <value>private_guest_room, extended_stay_hotel, resort_hotel, farmstay, hotel, lodging, service, point_of_interest, establishment</value>
        </Data>
        <Data name="Establishment_Category">
          <value>hotels accommodation</value>
        </Data>
        <Data name="Waypoint">
          <value>Talwade Trimbak</value>
        </Data>
        <Data name="Waypoint_Latitude">
          <value>20.03</value>
        </Data>
        <Data name="Waypoint_Longitude">
          <value>73.66</value>
        </Data>
        <Data name="Establishment_Type">
          <value>hotels accommodation</value>
        </Data>
        <Data name="Search_Term">
          <value/>
        </Data>
        <Data name="Establishment_Name">
          <value/>
        </Data>
        <Data name="Category_EST">
          <value>Hotel </value>
        </Data>
        <Data name="Search_Location">
          <value/>
        </Data>
        <Data name="Search_Latitude">
          <value/>
        </Data>
        <Data name="Search_Longitude">
          <value/>
        </Data>
      </ExtendedData>
      <Point>
        <coordinates>
          73.573864,19.9811909,0
        </coordinates>
      </Point>
    </Placemark>
    <Placemark>
      <name>Sia Farm stay - Beat Staycation, Villa Farmhouse in Nashik | Villa in Trimbakeshwar</name>
      <description><![CDATA[Source_File: Nashik_to_Trimbak_Establishments 3.xlsx<br>Source_Sheet: Sheet1<br>Place_ID: ChIJ03TmzZ3z3TsR6KJNF4IMVz8<br>Address: wellness farms, 83/6, trimbak road, Beze, Maharashtra 422213, India<br>Latitude: 19.9807814<br>Longitude: 73.5756625<br>Google_Maps: https://maps.google.com/?cid=4564130500239532776&g_mp=Cidnb29nbGUubWFwcy5wbGFjZXMudjEuUGxhY2VzLlNlYXJjaFRleHQQAhgEIAA<br>Business_Status: OPERATIONAL<br>Rating: 4.6<br>User_Rating_Count: 36<br>Primary_Type: farmstay<br>Types: farmstay, resort_hotel, hotel, lodging, point_of_interest, establishment<br>Establishment_Category: hotels accommodation<br>Waypoint: Talwade Trimbak<br>Waypoint_Latitude: 20.03<br>Waypoint_Longitude: 73.66<br>Establishment_Type: hotels accommodation<br>Search_Term: <br>Establishment_Name: <br>Category_EST: Hotel <br>Search_Location: <br>Search_Latitude: <br>Search_Longitude: ]]></description>
      <styleUrl>#icon-1899-3949AB</styleUrl>
      <ExtendedData>
        <Data name="Source_File">
          <value>Nashik_to_Trimbak_Establishments 3.xlsx</value>
        </Data>
        <Data name="Source_Sheet">
          <value>Sheet1</value>
        </Data>
        <Data name="Place_ID">
          <value>ChIJ03TmzZ3z3TsR6KJNF4IMVz8</value>
        </Data>
        <Data name="Address">
          <value>wellness farms, 83/6, trimbak road, Beze, Maharashtra 422213, India</value>
        </Data>
        <Data name="Latitude">
          <value>19.9807814</value>
        </Data>
        <Data name="Longitude">
          <value>73.5756625</value>
        </Data>
        <Data name="Google_Maps">
          <value><![CDATA[https://maps.google.com/?cid=4564130500239532776&g_mp=Cidnb29nbGUubWFwcy5wbGFjZXMudjEuUGxhY2VzLlNlYXJjaFRleHQQAhgEIAA]]></value>
        </Data>
        <Data name="Business_Status">
          <value>OPERATIONAL</value>
        </Data>
        <Data name="Rating">
          <value>4.6</value>
        </Data>
        <Data name="User_Rating_Count">
          <value>36.0</value>
        </Data>
        <Data name="Primary_Type">
          <value>farmstay</value>
        </Data>
        <Data name="Types">
          <value>farmstay, resort_hotel, hotel, lodging, point_of_interest, establishment</value>
        </Data>
        <Data name="Establishment_Category">
          <value>hotels accommodation</value>
        </Data>
        <Data name="Waypoint">
          <value>Talwade Trimbak</value>
        </Data>
        <Data name="Waypoint_Latitude">
          <value>20.03</value>
        </Data>
        <Data name="Waypoint_Longitude">
          <value>73.66</value>
        </Data>
        <Data name="Establishment_Type">
          <value>hotels accommodation</value>
        </Data>
        <Data name="Search_Term">
          <value/>
        </Data>
        <Data name="Establishment_Name">
          <value/>
        </Data>
        <Data name="Category_EST">
          <value>Hotel </value>
        </Data>
        <Data name="Search_Location">
          <value/>
        </Data>
        <Data name="Search_Latitude">
          <value/>
        </Data>
        <Data name="Search_Longitude">
          <value/>
        </Data>
      </ExtendedData>
      <Point>
        <coordinates>
          73.5756625,19.9807814,0
        </coordinates>
      </Point>
    </Placemark>
    <Placemark>
      <name>StayVista at The Stone House in Beze in Nashik | 2 BHK Premium Villa</name>
      <description><![CDATA[Source_File: Nashik_to_Trimbak_Establishments 3.xlsx<br>Source_Sheet: Sheet1<br>Place_ID: ChIJTaUnrxrz3TsR0tlMkBPBdJI<br>Address: XHJG+P92 Gautami Godavari Prakalp Dam, Road, near Trimbak, Beze, Maharashtra 422213, India<br>Latitude: 19.981801<br>Longitude: 73.5758724<br>Google_Maps: https://maps.google.com/?cid=10553272116605409746&g_mp=Cidnb29nbGUubWFwcy5wbGFjZXMudjEuUGxhY2VzLlNlYXJjaFRleHQQAhgEIAA<br>Business_Status: OPERATIONAL<br>Rating: 4.4<br>User_Rating_Count: 7<br>Primary_Type: service<br>Types: bed_and_breakfast, resort_hotel, cottage, inn, hotel, lodging, service, point_of_interest, establishment<br>Establishment_Category: hotels accommodation<br>Waypoint: Talwade Trimbak<br>Waypoint_Latitude: 20.03<br>Waypoint_Longitude: 73.66<br>Establishment_Type: hotels accommodation<br>Search_Term: <br>Establishment_Name: <br>Category_EST: Hotel <br>Search_Location: <br>Search_Latitude: <br>Search_Longitude: ]]></description>
      <styleUrl>#icon-1899-3949AB</styleUrl>
      <ExtendedData>
        <Data name="Source_File">
          <value>Nashik_to_Trimbak_Establishments 3.xlsx</value>
        </Data>
        <Data name="Source_Sheet">
          <value>Sheet1</value>
        </Data>
        <Data name="Place_ID">
          <value>ChIJTaUnrxrz3TsR0tlMkBPBdJI</value>
        </Data>
        <Data name="Address">
          <value>XHJG+P92 Gautami Godavari Prakalp Dam, Road, near Trimbak, Beze, Maharashtra 422213, India</value>
        </Data>
        <Data name="Latitude">
          <value>19.981801</value>
        </Data>
        <Data name="Longitude">
          <value>73.5758724</value>
        </Data>
        <Data name="Google_Maps">
          <value><![CDATA[https://maps.google.com/?cid=10553272116605409746&g_mp=Cidnb29nbGUubWFwcy5wbGFjZXMudjEuUGxhY2VzLlNlYXJjaFRleHQQAhgEIAA]]></value>
        </Data>
        <Data name="Business_Status">
          <value>OPERATIONAL</value>
        </Data>
        <Data name="Rating">
          <value>4.4</value>
        </Data>
        <Data name="User_Rating_Count">
          <value>7.0</value>
        </Data>
        <Data name="Primary_Type">
          <value>service</value>
        </Data>
        <Data name="Types">
          <value>bed_and_breakfast, resort_hotel, cottage, inn, hotel, lodging, service, point_of_interest, establishment</value>
        </Data>
        <Data name="Establishment_Category">
          <value>hotels accommodation</value>
        </Data>
        <Data name="Waypoint">
          <value>Talwade Trimbak</value>
        </Data>
        <Data name="Waypoint_Latitude">
          <value>20.03</value>
        </Data>
        <Data name="Waypoint_Longitude">
          <value>73.66</value>
        </Data>
        <Data name="Establishment_Type">
          <value>hotels accommodation</value>
        </Data>
        <Data name="Search_Term">
          <value/>
        </Data>
        <Data name="Establishment_Name">
          <value/>
        </Data>
        <Data name="Category_EST">
          <value>Hotel </value>
        </Data>
        <Data name="Search_Location">
          <value/>
        </Data>
        <Data name="Search_Latitude">
          <value/>
        </Data>
        <Data name="Search_Longitude">
          <value/>
        </Data>
      </ExtendedData>
      <Point>
        <coordinates>
          73.5758724,19.981801,0
        </coordinates>
      </Point>
    </Placemark>
    <Placemark>
      <name/>
      <description><![CDATA[Source_File: Trimbakeshwar_establishments.xlsx<br>Source_Sheet: Sheet1<br>Place_ID: ChIJSQwojjPz3TsR5I-W-4Zm1h8<br>Address: AP Post-Chakore, The Banyan Tree Retreat Green Village Farm Houses, Oppo Gajarwadi, Beje Fata, Trimbakeshwar Road, Chokore, Maharashtra 422213, India<br>Latitude: 19.97758<br>Longitude: 73.585381<br>Google_Maps: https://maps.google.com/?cid=2294133790124445668&g_mp=Cidnb29nbGUubWFwcy5wbGFjZXMudjEuUGxhY2VzLlNlYXJjaFRleHQQAhgEIAA<br>Business_Status: OPERATIONAL<br>Rating: 4.8<br>User_Rating_Count: 24<br>Primary_Type: service<br>Types: bed_and_breakfast, cottage, inn, resort_hotel, hotel, lodging, point_of_interest, service, establishment<br>Establishment_Category: <br>Waypoint: <br>Waypoint_Latitude: <br>Waypoint_Longitude: <br>Establishment_Type: hotels accommodation<br>Search_Term: <br>Establishment_Name: StayVista at Banyan Nirvana Villa | Premium Villa with Pool in Nashik<br>Category_EST: Hotel <br>Search_Location: Trimbakeshwar, Maharashtra, India<br>Search_Latitude: 19.932<br>Search_Longitude: 73.53]]></description>
      <styleUrl>#icon-1899-3949AB</styleUrl>
      <ExtendedData>
        <Data name="Source_File">
          <value>Trimbakeshwar_establishments.xlsx</value>
        </Data>
        <Data name="Source_Sheet">
          <value>Sheet1</value>
        </Data>
        <Data name="Place_ID">
          <value>ChIJSQwojjPz3TsR5I-W-4Zm1h8</value>
        </Data>
        <Data name="Address">
          <value>AP Post-Chakore, The Banyan Tree Retreat Green Village Farm Houses, Oppo Gajarwadi, Beje Fata, Trimbakeshwar Road, Chokore, Maharashtra 422213, India</value>
        </Data>
        <Data name="Latitude">
          <value>19.97758</value>
        </Data>
        <Data name="Longitude">
          <value>73.585381</value>
        </Data>
        <Data name="Google_Maps">
          <value><![CDATA[https://maps.google.com/?cid=2294133790124445668&g_mp=Cidnb29nbGUubWFwcy5wbGFjZXMudjEuUGxhY2VzLlNlYXJjaFRleHQQAhgEIAA]]></value>
        </Data>
        <Data name="Business_Status">
          <value>OPERATIONAL</value>
        </Data>
        <Data name="Rating">
          <value>4.8</value>
        </Data>
        <Data name="User_Rating_Count">
          <value>24.0</value>
        </Data>
        <Data name="Primary_Type">
          <value>service</value>
        </Data>
        <Data name="Types">
          <value>bed_and_breakfast, cottage, inn, resort_hotel, hotel, lodging, point_of_interest, service, establishment</value>
        </Data>
        <Data name="Establishment_Category">
          <value/>
        </Data>
        <Data name="Waypoint">
          <value/>
        </Data>
        <Data name="Waypoint_Latitude">
          <value/>
        </Data>
        <Data name="Waypoint_Longitude">
          <value/>
        </Data>
        <Data name="Establishment_Type">
          <value>hotels accommodation</value>
        </Data>
        <Data name="Search_Term">
          <value/>
        </Data>
        <Data name="Establishment_Name">
          <value>StayVista at Banyan Nirvana Villa | Premium Villa with Pool in Nashik</value>
        </Data>
        <Data name="Category_EST">
          <value>Hotel </value>
        </Data>
        <Data name="Search_Location">
          <value>Trimbakeshwar, Maharashtra, India</value>
        </Data>
        <Data name="Search_Latitude">
          <value>19.9322</value>
        </Data>
        <Data name="Search_Longitude">
          <value>73.53</value>
        </Data>
      </ExtendedData>
      <Point>
        <coordinates>
          73.585381,19.97758,0
        </coordinates>
      </Point>
    </Placemark>
    <Placemark>
      <name/>
      <description><![CDATA[Source_File: Trimbakeshwar_establishments.xlsx<br>Source_Sheet: Sheet1<br>Place_ID: ChIJ2wNdnfnz3TsRroFVy8IOiho<br>Address: Wellness Farms, Beze, Maharashtra 422213, India<br>Latitude: 19.980542<br>Longitude: 73.574436<br>Google_Maps: https://maps.google.com/?cid=1912357221570019758&g_mp=Cidnb29nbGUubWFwcy5wbGFjZXMudjEuUGxhY2VzLlNlYXJjaFRleHQQAhgEIAA<br>Business_Status: OPERATIONAL<br>Rating: 5<br>User_Rating_Count: 3<br>Primary_Type: service<br>Types: private_guest_room, bed_and_breakfast, cottage, inn, hotel, motel, lodging, point_of_interest, service, establishment<br>Establishment_Category: <br>Waypoint: <br>Waypoint_Latitude: <br>Waypoint_Longitude: <br>Establishment_Type: hotels accommodation<br>Search_Term: <br>Establishment_Name: StayVista at SeaEra The Retreat<br>Category_EST: Hotel <br>Search_Location: Trimbakeshwar, Maharashtra, India<br>Search_Latitude: 19.932<br>Search_Longitude: 73.53]]></description>
      <styleUrl>#icon-1899-3949AB</styleUrl>
      <ExtendedData>
        <Data name="Source_File">
          <value>Trimbakeshwar_establishments.xlsx</value>
        </Data>
        <Data name="Source_Sheet">
          <value>Sheet1</value>
        </Data>
        <Data name="Place_ID">
          <value>ChIJ2wNdnfnz3TsRroFVy8IOiho</value>
        </Data>
        <Data name="Address">
          <value>Wellness Farms, Beze, Maharashtra 422213, India</value>
        </Data>
        <Data name="Latitude">
          <value>19.980542</value>
        </Data>
        <Data name="Longitude">
          <value>73.574436</value>
        </Data>
        <Data name="Google_Maps">
          <value><![CDATA[https://maps.google.com/?cid=1912357221570019758&g_mp=Cidnb29nbGUubWFwcy5wbGFjZXMudjEuUGxhY2VzLlNlYXJjaFRleHQQAhgEIAA]]></value>
        </Data>
        <Data name="Business_Status">
          <value>OPERATIONAL</value>
        </Data>
        <Data name="Rating">
          <value>5.0</value>
        </Data>
        <Data name="User_Rating_Count">
          <value>3.0</value>
        </Data>
        <Data name="Primary_Type">
          <value>service</value>
        </Data>
        <Data name="Types">
          <value>private_guest_room, bed_and_breakfast, cottage, inn, hotel, motel, lodging, point_of_interest, service, establishment</value>
        </Data>
        <Data name="Establishment_Category">
          <value/>
        </Data>
        <Data name="Waypoint">
          <value/>
        </Data>
        <Data name="Waypoint_Latitude">
          <value/>
        </Data>
        <Data name="Waypoint_Longitude">
          <value/>
        </Data>
        <Data name="Establishment_Type">
          <value>hotels accommodation</value>
        </Data>
        <Data name="Search_Term">
          <value/>
        </Data>
        <Data name="Establishment_Name">
          <value>StayVista at SeaEra The Retreat</value>
        </Data>
        <Data name="Category_EST">
          <value>Hotel </value>
        </Data>
        <Data name="Search_Location">
          <value>Trimbakeshwar, Maharashtra, India</value>
        </Data>
        <Data name="Search_Latitude">
          <value>19.9322</value>
        </Data>
        <Data name="Search_Longitude">
          <value>73.53</value>
        </Data>
      </ExtendedData>
      <Point>
        <coordinates>
          73.574436,19.980542,0
        </coordinates>
      </Point>
    </Placemark>
    <Placemark>
      <name/>
      <description><![CDATA[Source_File: Trimbakeshwar_establishments.xlsx<br>Source_Sheet: Sheet1<br>Place_ID: ChIJtUU23I3z3TsRe_bZENND2Is<br>Address: Green Village, near Banyan Bliss Villa, Beze, Chokore, Maharashtra 422213, India<br>Latitude: 19.978306<br>Longitude: 73.586444<br>Google_Maps: https://maps.google.com/?cid=10076878740041365115&g_mp=Cidnb29nbGUubWFwcy5wbGFjZXMudjEuUGxhY2VzLlNlYXJjaFRleHQQAhgEIAA<br>Business_Status: OPERATIONAL<br>Rating: 5<br>User_Rating_Count: 2<br>Primary_Type: service<br>Types: cottage, camping_cabin, campground, lodging, point_of_interest, service, establishment<br>Establishment_Category: <br>Waypoint: <br>Waypoint_Latitude: <br>Waypoint_Longitude: <br>Establishment_Type: hotels accommodation<br>Search_Term: <br>Establishment_Name: StayVista at Starlight Springs<br>Category_EST: Hotel <br>Search_Location: Trimbakeshwar, Maharashtra, India<br>Search_Latitude: 19.932<br>Search_Longitude: 73.53]]></description>
      <styleUrl>#icon-1899-3949AB</styleUrl>
      <ExtendedData>
        <Data name="Source_File">
          <value>Trimbakeshwar_establishments.xlsx</value>
        </Data>
        <Data name="Source_Sheet">
          <value>Sheet1</value>
        </Data>
        <Data name="Place_ID">
          <value>ChIJtUU23I3z3TsRe_bZENND2Is</value>
        </Data>
        <Data name="Address">
          <value>Green Village, near Banyan Bliss Villa, Beze, Chokore, Maharashtra 422213, India</value>
        </Data>
        <Data name="Latitude">
          <value>19.978306</value>
        </Data>
        <Data name="Longitude">
          <value>73.586444</value>
        </Data>
        <Data name="Google_Maps">
          <value><![CDATA[https://maps.google.com/?cid=10076878740041365115&g_mp=Cidnb29nbGUubWFwcy5wbGFjZXMudjEuUGxhY2VzLlNlYXJjaFRleHQQAhgEIAA]]></value>
        </Data>
        <Data name="Business_Status">
          <value>OPERATIONAL</value>
        </Data>
        <Data name="Rating">
          <value>5.0</value>
        </Data>
        <Data name="User_Rating_Count">
          <value>2.0</value>
        </Data>
        <Data name="Primary_Type">
          <value>service</value>
        </Data>
        <Data name="Types">
          <value>cottage, camping_cabin, campground, lodging, point_of_interest, service, establishment</value>
        </Data>
        <Data name="Establishment_Category">
          <value/>
        </Data>
        <Data name="Waypoint">
          <value/>
        </Data>
        <Data name="Waypoint_Latitude">
          <value/>
        </Data>
        <Data name="Waypoint_Longitude">
          <value/>
        </Data>
        <Data name="Establishment_Type">
          <value>hotels accommodation</value>
        </Data>
        <Data name="Search_Term">
          <value/>
        </Data>
        <Data name="Establishment_Name">
          <value>StayVista at Starlight Springs</value>
        </Data>
        <Data name="Category_EST">
          <value>Hotel </value>
        </Data>
        <Data name="Search_Location">
          <value>Trimbakeshwar, Maharashtra, India</value>
        </Data>
        <Data name="Search_Latitude">
          <value>19.9322</value>
        </Data>
        <Data name="Search_Longitude">
          <value>73.53</value>
        </Data>
      </ExtendedData>
      <Point>
        <coordinates>
          73.586444,19.978306,0
        </coordinates>
      </Point>
    </Placemark>
    <Placemark>
      <name>Kikvee Resorts (Bhor Farm)</name>
      <description><![CDATA[Source_File: Nashik_to_Trimbak_Establishments 1.xlsx<br>Source_Sheet: Sheet1<br>Place_ID: ChIJZfLTh3j13TsRFMP5F4_p9Ok<br>Address: Gut No 242, Trimbakeshwar, Talwade Trimbak, Maharashtra 422213, India<br>Latitude: 19.982822<br>Longitude: 73.55502<br>Google_Maps: https://maps.google.com/?cid=16858356105946448660&g_mp=Cidnb29nbGUubWFwcy5wbGFjZXMudjEuUGxhY2VzLlNlYXJjaFRleHQQAhgEIAA<br>Business_Status: OPERATIONAL<br>Rating: 4.4<br>User_Rating_Count: 157<br>Primary_Type: hotel<br>Types: hotel, lodging, point_of_interest, establishment<br>Establishment_Category: hotels accommodation<br>Waypoint: Anjaneri<br>Waypoint_Latitude: 19.995<br>Waypoint_Longitude: 73.545<br>Establishment_Type: hotels accommodation<br>Search_Term: <br>Establishment_Name: <br>Category_EST: Hotel <br>Search_Location: <br>Search_Latitude: <br>Search_Longitude: ]]></description>
      <styleUrl>#icon-1899-3949AB</styleUrl>
      <ExtendedData>
        <Data name="Source_File">
          <value>Nashik_to_Trimbak_Establishments 1.xlsx</value>
        </Data>
        <Data name="Source_Sheet">
          <value>Sheet1</value>
        </Data>
        <Data name="Place_ID">
          <value>ChIJZfLTh3j13TsRFMP5F4_p9Ok</value>
        </Data>
        <Data name="Address">
          <value>Gut No 242, Trimbakeshwar, Talwade Trimbak, Maharashtra 422213, India</value>
        </Data>
        <Data name="Latitude">
          <value>19.982822</value>
        </Data>
        <Data name="Longitude">
          <value>73.55502</value>
        </Data>
        <Data name="Google_Maps">
          <value><![CDATA[https://maps.google.com/?cid=16858356105946448660&g_mp=Cidnb29nbGUubWFwcy5wbGFjZXMudjEuUGxhY2VzLlNlYXJjaFRleHQQAhgEIAA]]></value>
        </Data>
        <Data name="Business_Status">
          <value>OPERATIONAL</value>
        </Data>
        <Data name="Rating">
          <value>4.4</value>
        </Data>
        <Data name="User_Rating_Count">
          <value>157.0</value>
        </Data>
        <Data name="Primary_Type">
          <value>hotel</value>
        </Data>
        <Data name="Types">
          <value>hotel, lodging, point_of_interest, establishment</value>
        </Data>
        <Data name="Establishment_Category">
          <value>hotels accommodation</value>
        </Data>
        <Data name="Waypoint">
          <value>Anjaneri</value>
        </Data>
        <Data name="Waypoint_Latitude">
          <value>19.995</value>
        </Data>
        <Data name="Waypoint_Longitude">
          <value>73.545</value>
        </Data>
        <Data name="Establishment_Type">
          <value>hotels accommodation</value>
        </Data>
        <Data name="Search_Term">
          <value/>
        </Data>
        <Data name="Establishment_Name">
          <value/>
        </Data>
        <Data name="Category_EST">
          <value>Hotel </value>
        </Data>
        <Data name="Search_Location">
          <value/>
        </Data>
        <Data name="Search_Latitude">
          <value/>
        </Data>
        <Data name="Search_Longitude">
          <value/>
        </Data>
      </ExtendedData>
      <Point>
        <coordinates>
          73.55502,19.982822,0
        </coordinates>
      </Point>
    </Placemark>
    <Placemark>
      <name>Parnakuti Villa, Trimbakeshwar, Nashik</name>
      <description><![CDATA[Source_File: Nashik_to_Trimbak_Establishments 1.xlsx<br>Source_Sheet: Sheet1<br>Place_ID: ChIJ0QBMlXn03TsRmttn9ZgLD1c<br>Address: Gat No. 204/2, At/Po. Talwade, Taluka Trimbakeshwar, Trimbak, Talwade Trimbak, Maharashtra 422213, India<br>Latitude: 19.9891905<br>Longitude: 73.5549273<br>Google_Maps: https://maps.google.com/?cid=6273245557530549146&g_mp=Cidnb29nbGUubWFwcy5wbGFjZXMudjEuUGxhY2VzLlNlYXJjaFRleHQQAhgEIAA<br>Business_Status: OPERATIONAL<br>Rating: 4.9<br>User_Rating_Count: 654<br>Primary_Type: resort_hotel<br>Types: resort_hotel, private_guest_room, farmstay, bed_and_breakfast, extended_stay_hotel, hotel, motel, spa, lodging, health, point_of_interest, service, establishment<br>Establishment_Category: hotels accommodation<br>Waypoint: Anjaneri<br>Waypoint_Latitude: 19.995<br>Waypoint_Longitude: 73.545<br>Establishment_Type: hotels accommodation<br>Search_Term: <br>Establishment_Name: <br>Category_EST: Hotel <br>Search_Location: <br>Search_Latitude: <br>Search_Longitude: ]]></description>
      <styleUrl>#icon-1899-3949AB</styleUrl>
      <ExtendedData>
        <Data name="Source_File">
          <value>Nashik_to_Trimbak_Establishments 1.xlsx</value>
        </Data>
        <Data name="Source_Sheet">
          <value>Sheet1</value>
        </Data>
        <Data name="Place_ID">
          <value>ChIJ0QBMlXn03TsRmttn9ZgLD1c</value>
        </Data>
        <Data name="Address">
          <value>Gat No. 204/2, At/Po. Talwade, Taluka Trimbakeshwar, Trimbak, Talwade Trimbak, Maharashtra 422213, India</value>
        </Data>
        <Data name="Latitude">
          <value>19.9891905</value>
        </Data>
        <Data name="Longitude">
          <value>73.5549273</value>
        </Data>
        <Data name="Google_Maps">
          <value><![CDATA[https://maps.google.com/?cid=6273245557530549146&g_mp=Cidnb29nbGUubWFwcy5wbGFjZXMudjEuUGxhY2VzLlNlYXJjaFRleHQQAhgEIAA]]></value>
        </Data>
        <Data name="Business_Status">
          <value>OPERATIONAL</value>
        </Data>
        <Data name="Rating">
          <value>4.9</value>
        </Data>
        <Data name="User_Rating_Count">
          <value>654.0</value>
        </Data>
        <Data name="Primary_Type">
          <value>resort_hotel</value>
        </Data>
        <Data name="Types">
          <value>resort_hotel, private_guest_room, farmstay, bed_and_breakfast, extended_stay_hotel, hotel, motel, spa, lodging, health, point_of_interest, service, establishment</value>
        </Data>
        <Data name="Establishment_Category">
          <value>hotels accommodation</value>
        </Data>
        <Data name="Waypoint">
          <value>Anjaneri</value>
        </Data>
        <Data name="Waypoint_Latitude">
          <value>19.995</value>
        </Data>
        <Data name="Waypoint_Longitude">
          <value>73.545</value>
        </Data>
        <Data name="Establishment_Type">
          <value>hotels accommodation</value>
        </Data>
        <Data name="Search_Term">
          <value/>
        </Data>
        <Data name="Establishment_Name">
          <value/>
        </Data>
        <Data name="Category_EST">
          <value>Hotel </value>
        </Data>
        <Data name="Search_Location">
          <value/>
        </Data>
        <Data name="Search_Latitude">
          <value/>
        </Data>
        <Data name="Search_Longitude">
          <value/>
        </Data>
      </ExtendedData>
      <Point>
        <coordinates>
          73.5549273,19.9891905,0
        </coordinates>
      </Point>
    </Placemark>
    <Placemark>
      <name>Energise Soul Retreat by ELIVAAS</name>
      <description><![CDATA[Source_File: Nashik_to_Trimbak_Establishments 3.xlsx<br>Source_Sheet: Sheet1<br>Place_ID: ChIJ_______03TsRIUWIroAj748<br>Address: near Yogavidyadham, Talwade Trimbak, Maharashtra 422212, India<br>Latitude: 19.9691918<br>Longitude: 73.5417761<br>Google_Maps: https://maps.google.com/?cid=10371547502448493857&g_mp=Cidnb29nbGUubWFwcy5wbGFjZXMudjEuUGxhY2VzLlNlYXJjaFRleHQQAhgEIAA<br>Business_Status: OPERATIONAL<br>Rating: 4.9<br>User_Rating_Count: 911<br>Primary_Type: service<br>Types: cottage, hotel, lodging, point_of_interest, service, establishment<br>Establishment_Category: hotels accommodation<br>Waypoint: Talwade Trimbak<br>Waypoint_Latitude: 20.03<br>Waypoint_Longitude: 73.66<br>Establishment_Type: hotels accommodation<br>Search_Term: <br>Establishment_Name: <br>Category_EST: Hotel <br>Search_Location: <br>Search_Latitude: <br>Search_Longitude: ]]></description>
      <styleUrl>#icon-1899-3949AB</styleUrl>
      <ExtendedData>
        <Data name="Source_File">
          <value>Nashik_to_Trimbak_Establishments 3.xlsx</value>
        </Data>
        <Data name="Source_Sheet">
          <value>Sheet1</value>
        </Data>
        <Data name="Place_ID">
          <value>ChIJ_______03TsRIUWIroAj748</value>
        </Data>
        <Data name="Address">
          <value>near Yogavidyadham, Talwade Trimbak, Maharashtra 422212, India</value>
        </Data>
        <Data name="Latitude">
          <value>19.9691918</value>
        </Data>
        <Data name="Longitude">
          <value>73.5417761</value>
        </Data>
        <Data name="Google_Maps">
          <value><![CDATA[https://maps.google.com/?cid=10371547502448493857&g_mp=Cidnb29nbGUubWFwcy5wbGFjZXMudjEuUGxhY2VzLlNlYXJjaFRleHQQAhgEIAA]]></value>
        </Data>
        <Data name="Business_Status">
          <value>OPERATIONAL</value>
        </Data>
        <Data name="Rating">
          <value>4.9</value>
        </Data>
        <Data name="User_Rating_Count">
          <value>911.0</value>
        </Data>
        <Data name="Primary_Type">
          <value>service</value>
        </Data>
        <Data name="Types">
          <value>cottage, hotel, lodging, point_of_interest, service, establishment</value>
        </Data>
        <Data name="Establishment_Category">
          <value>hotels accommodation</value>
        </Data>
        <Data name="Waypoint">
          <value>Talwade Trimbak</value>
        </Data>
        <Data name="Waypoint_Latitude">
          <value>20.03</value>
        </Data>
        <Data name="Waypoint_Longitude">
          <value>73.66</value>
        </Data>
        <Data name="Establishment_Type">
          <value>hotels accommodation</value>
        </Data>
        <Data name="Search_Term">
          <value/>
        </Data>
        <Data name="Establishment_Name">
          <value/>
        </Data>
        <Data name="Category_EST">
          <value>Hotel </value>
        </Data>
        <Data name="Search_Location">
          <value/>
        </Data>
        <Data name="Search_Latitude">
          <value/>
        </Data>
        <Data name="Search_Longitude">
          <value/>
        </Data>
      </ExtendedData>
      <Point>
        <coordinates>
          73.5417761,19.9691918,0
        </coordinates>
      </Point>
    </Placemark>
    <Placemark>
      <name>SaffronStays Avni by the lake - 2 BDR Villa in Nashik</name>
      <description><![CDATA[Source_File: Nashik_to_Trimbak_Establishments 3.xlsx<br>Source_Sheet: Sheet1<br>Place_ID: ChIJawojNJL13TsRfnzJXQiY4vo<br>Address: XHM5+9M9, Talwade Trimbak, Maharashtra 422213, India<br>Latitude: 19.9834375<br>Longitude: 73.5591875<br>Google_Maps: https://maps.google.com/?cid=18078179015919238270&g_mp=Cidnb29nbGUubWFwcy5wbGFjZXMudjEuUGxhY2VzLlNlYXJjaFRleHQQAhgEIAA<br>Business_Status: OPERATIONAL<br>Rating: 4.9<br>User_Rating_Count: 82<br>Primary_Type: service<br>Types: point_of_interest, service, establishment<br>Establishment_Category: hotels accommodation<br>Waypoint: Talwade Trimbak<br>Waypoint_Latitude: 20.03<br>Waypoint_Longitude: 73.66<br>Establishment_Type: hotels accommodation<br>Search_Term: <br>Establishment_Name: <br>Category_EST: Hotel <br>Search_Location: <br>Search_Latitude: <br>Search_Longitude: ]]></description>
      <styleUrl>#icon-1899-3949AB</styleUrl>
      <ExtendedData>
        <Data name="Source_File">
          <value>Nashik_to_Trimbak_Establishments 3.xlsx</value>
        </Data>
        <Data name="Source_Sheet">
          <value>Sheet1</value>
        </Data>
        <Data name="Place_ID">
          <value>ChIJawojNJL13TsRfnzJXQiY4vo</value>
        </Data>
        <Data name="Address">
          <value>XHM5+9M9, Talwade Trimbak, Maharashtra 422213, India</value>
        </Data>
        <Data name="Latitude">
          <value>19.9834375</value>
        </Data>
        <Data name="Longitude">
          <value>73.5591875</value>
        </Data>
        <Data name="Google_Maps">
          <value><![CDATA[https://maps.google.com/?cid=18078179015919238270&g_mp=Cidnb29nbGUubWFwcy5wbGFjZXMudjEuUGxhY2VzLlNlYXJjaFRleHQQAhgEIAA]]></value>
        </Data>
        <Data name="Business_Status">
          <value>OPERATIONAL</value>
        </Data>
        <Data name="Rating">
          <value>4.9</value>
        </Data>
        <Data name="User_Rating_Count">
          <value>82.0</value>
        </Data>
        <Data name="Primary_Type">
          <value>service</value>
        </Data>
        <Data name="Types">
          <value>point_of_interest, service, establishment</value>
        </Data>
        <Data name="Establishment_Category">
          <value>hotels accommodation</value>
        </Data>
        <Data name="Waypoint">
          <value>Talwade Trimbak</value>
        </Data>
        <Data name="Waypoint_Latitude">
          <value>20.03</value>
        </Data>
        <Data name="Waypoint_Longitude">
          <value>73.66</value>
        </Data>
        <Data name="Establishment_Type">
          <value>hotels accommodation</value>
        </Data>
        <Data name="Search_Term">
          <value/>
        </Data>
        <Data name="Establishment_Name">
          <value/>
        </Data>
        <Data name="Category_EST">
          <value>Hotel </value>
        </Data>
        <Data name="Search_Location">
          <value/>
        </Data>
        <Data name="Search_Latitude">
          <value/>
        </Data>
        <Data name="Search_Longitude">
          <value/>
        </Data>
      </ExtendedData>
      <Point>
        <coordinates>
          73.5591875,19.9834375,0
        </coordinates>
      </Point>
    </Placemark>
    <Placemark>
      <name>SaffronStays Serivaas The Lakeview Estate - Villa In Nashik</name>
      <description><![CDATA[Source_File: Nashik_to_Trimbak_Establishments 3.xlsx<br>Source_Sheet: Sheet1<br>Place_ID: ChIJ1XBkQpP13TsR8kGzeAoUiwQ<br>Address: XHJ6+GC2 Talwade Trimbak, Maharashtra, India No. 43, GNG Valley, Talwade, Trimbakeshwar Nashik, Pin code, Talwade Trimbak, Maharashtra 422212, India<br>Latitude: 19.9813125<br>Longitude: 73.5610625<br>Google_Maps: https://maps.google.com/?cid=327377433121735154&g_mp=Cidnb29nbGUubWFwcy5wbGFjZXMudjEuUGxhY2VzLlNlYXJjaFRleHQQAhgEIAA<br>Business_Status: OPERATIONAL<br>Rating: 5<br>User_Rating_Count: 14<br>Primary_Type: service<br>Types: service, point_of_interest, establishment<br>Establishment_Category: hotels accommodation<br>Waypoint: Talwade Trimbak<br>Waypoint_Latitude: 20.03<br>Waypoint_Longitude: 73.66<br>Establishment_Type: hotels accommodation<br>Search_Term: <br>Establishment_Name: <br>Category_EST: Hotel <br>Search_Location: <br>Search_Latitude: <br>Search_Longitude: ]]></description>
      <styleUrl>#icon-1899-3949AB</styleUrl>
      <ExtendedData>
        <Data name="Source_File">
          <value>Nashik_to_Trimbak_Establishments 3.xlsx</value>
        </Data>
        <Data name="Source_Sheet">
          <value>Sheet1</value>
        </Data>
        <Data name="Place_ID">
          <value>ChIJ1XBkQpP13TsR8kGzeAoUiwQ</value>
        </Data>
        <Data name="Address">
          <value>XHJ6+GC2 Talwade Trimbak, Maharashtra, India No. 43, GNG Valley, Talwade, Trimbakeshwar Nashik, Pin code, Talwade Trimbak, Maharashtra 422212, India</value>
        </Data>
        <Data name="Latitude">
          <value>19.9813125</value>
        </Data>
        <Data name="Longitude">
          <value>73.5610625</value>
        </Data>
        <Data name="Google_Maps">
          <value><![CDATA[https://maps.google.com/?cid=327377433121735154&g_mp=Cidnb29nbGUubWFwcy5wbGFjZXMudjEuUGxhY2VzLlNlYXJjaFRleHQQAhgEIAA]]></value>
        </Data>
        <Data name="Business_Status">
          <value>OPERATIONAL</value>
        </Data>
        <Data name="Rating">
          <value>5.0</value>
        </Data>
        <Data name="User_Rating_Count">
          <value>14.0</value>
        </Data>
        <Data name="Primary_Type">
          <value>service</value>
        </Data>
        <Data name="Types">
          <value>service, point_of_interest, establishment</value>
        </Data>
        <Data name="Establishment_Category">
          <value>hotels accommodation</value>
        </Data>
        <Data name="Waypoint">
          <value>Talwade Trimbak</value>
        </Data>
        <Data name="Waypoint_Latitude">
          <value>20.03</value>
        </Data>
        <Data name="Waypoint_Longitude">
          <value>73.66</value>
        </Data>
        <Data name="Establishment_Type">
          <value>hotels accommodation</value>
        </Data>
        <Data name="Search_Term">
          <value/>
        </Data>
        <Data name="Establishment_Name">
          <value/>
        </Data>
        <Data name="Category_EST">
          <value>Hotel </value>
        </Data>
        <Data name="Search_Location">
          <value/>
        </Data>
        <Data name="Search_Latitude">
          <value/>
        </Data>
        <Data name="Search_Longitude">
          <value/>
        </Data>
      </ExtendedData>
      <Point>
        <coordinates>
          73.5610625,19.9813125,0
        </coordinates>
      </Point>
    </Placemark>
    <Placemark>
      <name>Green Paradise</name>
      <description><![CDATA[Source_File: Nashik_to_Trimbak_Establishments 1.xlsx<br>Source_Sheet: Sheet1<br>Place_ID: ChIJIePjpJH13TsR2zWbp0SJNs8<br>Address: Amboli, Trimbak, Amboli, Maharashtra 422212, India<br>Latitude: 19.9700677<br>Longitude: 73.4851645<br>Google_Maps: https://maps.google.com/?cid=14931272542556206555&g_mp=Cidnb29nbGUubWFwcy5wbGFjZXMudjEuUGxhY2VzLlNlYXJjaFRleHQQAhgEIAA<br>Business_Status: OPERATIONAL<br>Rating: 4.6<br>User_Rating_Count: 876<br>Primary_Type: hotel<br>Types: hotel, resort_hotel, farmstay, lodging, restaurant, food, service, point_of_interest, establishment<br>Establishment_Category: hotels accommodation<br>Waypoint: Anjaneri<br>Waypoint_Latitude: 19.995<br>Waypoint_Longitude: 73.545<br>Establishment_Type: hotels accommodation<br>Search_Term: <br>Establishment_Name: <br>Category_EST: Hotel <br>Search_Location: <br>Search_Latitude: <br>Search_Longitude: ]]></description>
      <styleUrl>#icon-1899-3949AB</styleUrl>
      <ExtendedData>
        <Data name="Source_File">
          <value>Nashik_to_Trimbak_Establishments 1.xlsx</value>
        </Data>
        <Data name="Source_Sheet">
          <value>Sheet1</value>
        </Data>
        <Data name="Place_ID">
          <value>ChIJIePjpJH13TsR2zWbp0SJNs8</value>
        </Data>
        <Data name="Address">
          <value>Amboli, Trimbak, Amboli, Maharashtra 422212, India</value>
        </Data>
        <Data name="Latitude">
          <value>19.9700677</value>
        </Data>
        <Data name="Longitude">
          <value>73.4851645</value>
        </Data>
        <Data name="Google_Maps">
          <value><![CDATA[https://maps.google.com/?cid=14931272542556206555&g_mp=Cidnb29nbGUubWFwcy5wbGFjZXMudjEuUGxhY2VzLlNlYXJjaFRleHQQAhgEIAA]]></value>
        </Data>
        <Data name="Business_Status">
          <value>OPERATIONAL</value>
        </Data>
        <Data name="Rating">
          <value>4.6</value>
        </Data>
        <Data name="User_Rating_Count">
          <value>876.0</value>
        </Data>
        <Data name="Primary_Type">
          <value>hotel</value>
        </Data>
        <Data name="Types">
          <value>hotel, resort_hotel, farmstay, lodging, restaurant, food, service, point_of_interest, establishment</value>
        </Data>
        <Data name="Establishment_Category">
          <value>hotels accommodation</value>
        </Data>
        <Data name="Waypoint">
          <value>Anjaneri</value>
        </Data>
        <Data name="Waypoint_Latitude">
          <value>19.995</value>
        </Data>
        <Data name="Waypoint_Longitude">
          <value>73.545</value>
        </Data>
        <Data name="Establishment_Type">
          <value>hotels accommodation</value>
        </Data>
        <Data name="Search_Term">
          <value/>
        </Data>
        <Data name="Establishment_Name">
          <value/>
        </Data>
        <Data name="Category_EST">
          <value>Hotel </value>
        </Data>
        <Data name="Search_Location">
          <value/>
        </Data>
        <Data name="Search_Latitude">
          <value/>
        </Data>
        <Data name="Search_Longitude">
          <value/>
        </Data>
      </ExtendedData>
      <Point>
        <coordinates>
          73.4851645,19.9700677,0
        </coordinates>
      </Point>
    </Placemark>
    <Placemark>
      <name>HOTEL RIO INN</name>
      <description><![CDATA[Source_File: Nashik_to_Trimbak_Establishments 1.xlsx<br>Source_Sheet: Sheet1<br>Place_ID: ChIJvzqgw8b13TsR-DdDzuFlFig<br>Address: opposite to GOVT GUEST HOUSE, near MECB SUBSTATION, TRIMBAKESHWER, Trimbak, Maharashtra 422212, India<br>Latitude: 19.9415595<br>Longitude: 73.5417379<br>Google_Maps: https://maps.google.com/?cid=2888608231507310584&g_mp=Cidnb29nbGUubWFwcy5wbGFjZXMudjEuUGxhY2VzLlNlYXJjaFRleHQQAhgEIAA<br>Business_Status: OPERATIONAL<br>Rating: 4.8<br>User_Rating_Count: 1823<br>Primary_Type: hotel<br>Types: hotel, extended_stay_hotel, lodging, point_of_interest, establishment<br>Establishment_Category: hotels accommodation<br>Waypoint: Anjaneri<br>Waypoint_Latitude: 19.995<br>Waypoint_Longitude: 73.545<br>Establishment_Type: hotels accommodation<br>Search_Term: <br>Establishment_Name: <br>Category_EST: Hotel <br>Search_Location: <br>Search_Latitude: <br>Search_Longitude: ]]></description>
      <styleUrl>#icon-1899-3949AB</styleUrl>
      <ExtendedData>
        <Data name="Source_File">
          <value>Nashik_to_Trimbak_Establishments 1.xlsx</value>
        </Data>
        <Data name="Source_Sheet">
          <value>Sheet1</value>
        </Data>
        <Data name="Place_ID">
          <value>ChIJvzqgw8b13TsR-DdDzuFlFig</value>
        </Data>
        <Data name="Address">
          <value>opposite to GOVT GUEST HOUSE, near MECB SUBSTATION, TRIMBAKESHWER, Trimbak, Maharashtra 422212, India</value>
        </Data>
        <Data name="Latitude">
          <value>19.9415595</value>
        </Data>
        <Data name="Longitude">
          <value>73.5417379</value>
        </Data>
        <Data name="Google_Maps">
          <value><![CDATA[https://maps.google.com/?cid=2888608231507310584&g_mp=Cidnb29nbGUubWFwcy5wbGFjZXMudjEuUGxhY2VzLlNlYXJjaFRleHQQAhgEIAA]]></value>
        </Data>
        <Data name="Business_Status">
          <value>OPERATIONAL</value>
        </Data>
        <Data name="Rating">
          <value>4.8</value>
        </Data>
        <Data name="User_Rating_Count">
          <value>1823.0</value>
        </Data>
        <Data name="Primary_Type">
          <value>hotel</value>
        </Data>
        <Data name="Types">
          <value>hotel, extended_stay_hotel, lodging, point_of_interest, establishment</value>
        </Data>
        <Data name="Establishment_Category">
          <value>hotels accommodation</value>
        </Data>
        <Data name="Waypoint">
          <value>Anjaneri</value>
        </Data>
        <Data name="Waypoint_Latitude">
          <value>19.995</value>
        </Data>
        <Data name="Waypoint_Longitude">
          <value>73.545</value>
        </Data>
        <Data name="Establishment_Type">
          <value>hotels accommodation</value>
        </Data>
        <Data name="Search_Term">
          <value/>
        </Data>
        <Data name="Establishment_Name">
          <value/>
        </Data>
        <Data name="Category_EST">
          <value>Hotel </value>
        </Data>
        <Data name="Search_Location">
          <value/>
        </Data>
        <Data name="Search_Latitude">
          <value/>
        </Data>
        <Data name="Search_Longitude">
          <value/>
        </Data>
      </ExtendedData>
      <Point>
        <coordinates>
          73.5417379,19.9415595,0
        </coordinates>
      </Point>
    </Placemark>
    <Placemark>
      <name>HOTEL RUDRA INN</name>
      <description><![CDATA[Source_File: Nashik_to_Trimbak_Establishments 1.xlsx<br>Source_Sheet: Sheet1<br>Place_ID: ChIJjyG0DAD13TsRqJxw8hqwjHk<br>Address: Nivrutti Nath Rd, behind Sundarabai Math, Trimbak, Maharashtra 422212, India<br>Latitude: 19.9346471<br>Longitude: 73.5278744<br>Google_Maps: https://maps.google.com/?cid=8758569005111876776&g_mp=Cidnb29nbGUubWFwcy5wbGFjZXMudjEuUGxhY2VzLlNlYXJjaFRleHQQAhgEIAA<br>Business_Status: OPERATIONAL<br>Rating: 4.4<br>User_Rating_Count: 189<br>Primary_Type: hotel<br>Types: hotel, lodging, point_of_interest, establishment<br>Establishment_Category: hotels accommodation<br>Waypoint: Anjaneri<br>Waypoint_Latitude: 19.995<br>Waypoint_Longitude: 73.545<br>Establishment_Type: hotels accommodation<br>Search_Term: <br>Establishment_Name: <br>Category_EST: Hotel <br>Search_Location: <br>Search_Latitude: <br>Search_Longitude: ]]></description>
      <styleUrl>#icon-1899-3949AB</styleUrl>
      <ExtendedData>
        <Data name="Source_File">
          <value>Nashik_to_Trimbak_Establishments 1.xlsx</value>
        </Data>
        <Data name="Source_Sheet">
          <value>Sheet1</value>
        </Data>
        <Data name="Place_ID">
          <value>ChIJjyG0DAD13TsRqJxw8hqwjHk</value>
        </Data>
        <Data name="Address">
          <value>Nivrutti Nath Rd, behind Sundarabai Math, Trimbak, Maharashtra 422212, India</value>
        </Data>
        <Data name="Latitude">
          <value>19.9346471</value>
        </Data>
        <Data name="Longitude">
          <value>73.5278744</value>
        </Data>
        <Data name="Google_Maps">
          <value><![CDATA[https://maps.google.com/?cid=8758569005111876776&g_mp=Cidnb29nbGUubWFwcy5wbGFjZXMudjEuUGxhY2VzLlNlYXJjaFRleHQQAhgEIAA]]></value>
        </Data>
        <Data name="Business_Status">
          <value>OPERATIONAL</value>
        </Data>
        <Data name="Rating">
          <value>4.4</value>
        </Data>
        <Data name="User_Rating_Count">
          <value>189.0</value>
        </Data>
        <Data name="Primary_Type">
          <value>hotel</value>
        </Data>
        <Data name="Types">
          <value>hotel, lodging, point_of_interest, establishment</value>
        </Data>
        <Data name="Establishment_Category">
          <value>hotels accommodation</value>
        </Data>
        <Data name="Waypoint">
          <value>Anjaneri</value>
        </Data>
        <Data name="Waypoint_Latitude">
          <value>19.995</value>
        </Data>
        <Data name="Waypoint_Longitude">
          <value>73.545</value>
        </Data>
        <Data name="Establishment_Type">
          <value>hotels accommodation</value>
        </Data>
        <Data name="Search_Term">
          <value/>
        </Data>
        <Data name="Establishment_Name">
          <value/>
        </Data>
        <Data name="Category_EST">
          <value>Hotel </value>
        </Data>
        <Data name="Search_Location">
          <value/>
        </Data>
        <Data name="Search_Latitude">
          <value/>
        </Data>
        <Data name="Search_Longitude">
          <value/>
        </Data>
      </ExtendedData>
      <Point>
        <coordinates>
          73.5278744,19.9346471,0
        </coordinates>
      </Point>
    </Placemark>
    <Placemark>
      <name>Hotel Dhruv Palace</name>
      <description><![CDATA[Source_File: Nashik_to_Trimbak_Establishments 1.xlsx<br>Source_Sheet: Sheet1<br>Place_ID: ChIJGx8bP8_q3TsRixonbe0yOPQ<br>Address: Sri Krishna Colony, Satyanarayan Temple Main Rd, Trimbak, Maharashtra 422212, India<br>Latitude: 19.9364618<br>Longitude: 73.5342161<br>Google_Maps: https://maps.google.com/?cid=17597871539270130315&g_mp=Cidnb29nbGUubWFwcy5wbGFjZXMudjEuUGxhY2VzLlNlYXJjaFRleHQQAhgEIAA<br>Business_Status: OPERATIONAL<br>Rating: 4<br>User_Rating_Count: 2259<br>Primary_Type: hotel<br>Types: hotel, extended_stay_hotel, lodging, restaurant, food, point_of_interest, establishment<br>Establishment_Category: hotels accommodation<br>Waypoint: Anjaneri<br>Waypoint_Latitude: 19.995<br>Waypoint_Longitude: 73.545<br>Establishment_Type: hotels accommodation<br>Search_Term: <br>Establishment_Name: <br>Category_EST: Hotel <br>Search_Location: <br>Search_Latitude: <br>Search_Longitude: ]]></description>
      <styleUrl>#icon-1899-3949AB</styleUrl>
      <ExtendedData>
        <Data name="Source_File">
          <value>Nashik_to_Trimbak_Establishments 1.xlsx</value>
        </Data>
        <Data name="Source_Sheet">
          <value>Sheet1</value>
        </Data>
        <Data name="Place_ID">
          <value>ChIJGx8bP8_q3TsRixonbe0yOPQ</value>
        </Data>
        <Data name="Address">
          <value>Sri Krishna Colony, Satyanarayan Temple Main Rd, Trimbak, Maharashtra 422212, India</value>
        </Data>
        <Data name="Latitude">
          <value>19.9364618</value>
        </Data>
        <Data name="Longitude">
          <value>73.5342161</value>
        </Data>
        <Data name="Google_Maps">
          <value><![CDATA[https://maps.google.com/?cid=17597871539270130315&g_mp=Cidnb29nbGUubWFwcy5wbGFjZXMudjEuUGxhY2VzLlNlYXJjaFRleHQQAhgEIAA]]></value>
        </Data>
        <Data name="Business_Status">
          <value>OPERATIONAL</value>
        </Data>
        <Data name="Rating">
          <value>4.0</value>
        </Data>
        <Data name="User_Rating_Count">
          <value>2259.0</value>
        </Data>
        <Data name="Primary_Type">
          <value>hotel</value>
        </Data>
        <Data name="Types">
          <value>hotel, extended_stay_hotel, lodging, restaurant, food, point_of_interest, establishment</value>
        </Data>
        <Data name="Establishment_Category">
          <value>hotels accommodation</value>
        </Data>
        <Data name="Waypoint">
          <value>Anjaneri</value>
        </Data>
        <Data name="Waypoint_Latitude">
          <value>19.995</value>
        </Data>
        <Data name="Waypoint_Longitude">
          <value>73.545</value>
        </Data>
        <Data name="Establishment_Type">
          <value>hotels accommodation</value>
        </Data>
        <Data name="Search_Term">
          <value/>
        </Data>
        <Data name="Establishment_Name">
          <value/>
        </Data>
        <Data name="Category_EST">
          <value>Hotel </value>
        </Data>
        <Data name="Search_Location">
          <value/>
        </Data>
        <Data name="Search_Latitude">
          <value/>
        </Data>
        <Data name="Search_Longitude">
          <value/>
        </Data>
      </ExtendedData>
      <Point>
        <coordinates>
          73.5342161,19.9364618,0
        </coordinates>
      </Point>
    </Placemark>
    <Placemark>
      <name>Hotel Sai Yatri</name>
      <description><![CDATA[Source_File: Nashik_to_Trimbak_Establishments 1.xlsx<br>Source_Sheet: Sheet1<br>Place_ID: ChIJiT0LcMv03TsRUl2jSBY73rU<br>Address: opp. Main Shiv Mandir, near Bus Stop, Trimbak, Maharashtra 422212, India<br>Latitude: 19.9330065<br>Longitude: 73.5307988<br>Google_Maps: https://maps.google.com/?cid=13104976932588707154&g_mp=Cidnb29nbGUubWFwcy5wbGFjZXMudjEuUGxhY2VzLlNlYXJjaFRleHQQAhgEIAA<br>Business_Status: OPERATIONAL<br>Rating: 3.7<br>User_Rating_Count: 938<br>Primary_Type: hotel<br>Types: hotel, lodging, point_of_interest, establishment<br>Establishment_Category: hotels accommodation<br>Waypoint: Anjaneri<br>Waypoint_Latitude: 19.995<br>Waypoint_Longitude: 73.545<br>Establishment_Type: hotels accommodation<br>Search_Term: <br>Establishment_Name: <br>Category_EST: Hotel <br>Search_Location: <br>Search_Latitude: <br>Search_Longitude: ]]></description>
      <styleUrl>#icon-1899-3949AB</styleUrl>
      <ExtendedData>
        <Data name="Source_File">
          <value>Nashik_to_Trimbak_Establishments 1.xlsx</value>
        </Data>
        <Data name="Source_Sheet">
          <value>Sheet1</value>
        </Data>
        <Data name="Place_ID">
          <value>ChIJiT0LcMv03TsRUl2jSBY73rU</value>
        </Data>
        <Data name="Address">
          <value>opp. Main Shiv Mandir, near Bus Stop, Trimbak, Maharashtra 422212, India</value>
        </Data>
        <Data name="Latitude">
          <value>19.9330065</value>
        </Data>
        <Data name="Longitude">
          <value>73.5307988</value>
        </Data>
        <Data name="Google_Maps">
          <value><![CDATA[https://maps.google.com/?cid=13104976932588707154&g_mp=Cidnb29nbGUubWFwcy5wbGFjZXMudjEuUGxhY2VzLlNlYXJjaFRleHQQAhgEIAA]]></value>
        </Data>
        <Data name="Business_Status">
          <value>OPERATIONAL</value>
        </Data>
        <Data name="Rating">
          <value>3.7</value>
        </Data>
        <Data name="User_Rating_Count">
          <value>938.0</value>
        </Data>
        <Data name="Primary_Type">
          <value>hotel</value>
        </Data>
        <Data name="Types">
          <value>hotel, lodging, point_of_interest, establishment</value>
        </Data>
        <Data name="Establishment_Category">
          <value>hotels accommodation</value>
        </Data>
        <Data name="Waypoint">
          <value>Anjaneri</value>
        </Data>
        <Data name="Waypoint_Latitude">
          <value>19.995</value>
        </Data>
        <Data name="Waypoint_Longitude">
          <value>73.545</value>
        </Data>
        <Data name="Establishment_Type">
          <value>hotels accommodation</value>
        </Data>
        <Data name="Search_Term">
          <value/>
        </Data>
        <Data name="Establishment_Name">
          <value/>
        </Data>
        <Data name="Category_EST">
          <value>Hotel </value>
        </Data>
        <Data name="Search_Location">
          <value/>
        </Data>
        <Data name="Search_Latitude">
          <value/>
        </Data>
        <Data name="Search_Longitude">
          <value/>
        </Data>
      </ExtendedData>
      <Point>
        <coordinates>
          73.5307988,19.9330065,0
        </coordinates>
      </Point>
    </Placemark>
    <Placemark>
      <name>Kikvee Resorts (Bhor Farm)</name>
      <description><![CDATA[Source_File: Nashik_to_Trimbak_Establishments 1.xlsx<br>Source_Sheet: Sheet1<br>Place_ID: ChIJZfLTh3j13TsRFMP5F4_p9Ok<br>Address: Gut No 242, Trimbakeshwar, Talwade Trimbak, Maharashtra 422213, India<br>Latitude: 19.982822<br>Longitude: 73.55502<br>Google_Maps: https://maps.google.com/?cid=16858356105946448660&g_mp=Cidnb29nbGUubWFwcy5wbGFjZXMudjEuUGxhY2VzLlNlYXJjaFRleHQQAhgEIAA<br>Business_Status: OPERATIONAL<br>Rating: 4.4<br>User_Rating_Count: 157<br>Primary_Type: hotel<br>Types: hotel, lodging, point_of_interest, establishment<br>Establishment_Category: hotels accommodation<br>Waypoint: Anjaneri<br>Waypoint_Latitude: 19.995<br>Waypoint_Longitude: 73.545<br>Establishment_Type: hotels accommodation<br>Search_Term: <br>Establishment_Name: <br>Category_EST: Hotel <br>Search_Location: <br>Search_Latitude: <br>Search_Longitude: ]]></description>
      <styleUrl>#icon-1899-3949AB</styleUrl>
      <ExtendedData>
        <Data name="Source_File">
          <value>Nashik_to_Trimbak_Establishments 1.xlsx</value>
        </Data>
        <Data name="Source_Sheet">
          <value>Sheet1</value>
        </Data>
        <Data name="Place_ID">
          <value>ChIJZfLTh3j13TsRFMP5F4_p9Ok</value>
        </Data>
        <Data name="Address">
          <value>Gut No 242, Trimbakeshwar, Talwade Trimbak, Maharashtra 422213, India</value>
        </Data>
        <Data name="Latitude">
          <value>19.982822</value>
        </Data>
        <Data name="Longitude">
          <value>73.55502</value>
        </Data>
        <Data name="Google_Maps">
          <value><![CDATA[https://maps.google.com/?cid=16858356105946448660&g_mp=Cidnb29nbGUubWFwcy5wbGFjZXMudjEuUGxhY2VzLlNlYXJjaFRleHQQAhgEIAA]]></value>
        </Data>
        <Data name="Business_Status">
          <value>OPERATIONAL</value>
        </Data>
        <Data name="Rating">
          <value>4.4</value>
        </Data>
        <Data name="User_Rating_Count">
          <value>157.0</value>
        </Data>
        <Data name="Primary_Type">
          <value>hotel</value>
        </Data>
        <Data name="Types">
          <value>hotel, lodging, point_of_interest, establishment</value>
        </Data>
        <Data name="Establishment_Category">
          <value>hotels accommodation</value>
        </Data>
        <Data name="Waypoint">
          <value>Anjaneri</value>
        </Data>
        <Data name="Waypoint_Latitude">
          <value>19.995</value>
        </Data>
        <Data name="Waypoint_Longitude">
          <value>73.545</value>
        </Data>
        <Data name="Establishment_Type">
          <value>hotels accommodation</value>
        </Data>
        <Data name="Search_Term">
          <value/>
        </Data>
        <Data name="Establishment_Name">
          <value/>
        </Data>
        <Data name="Category_EST">
          <value>Hotel </value>
        </Data>
        <Data name="Search_Location">
          <value/>
        </Data>
        <Data name="Search_Latitude">
          <value/>
        </Data>
        <Data name="Search_Longitude">
          <value/>
        </Data>
      </ExtendedData>
      <Point>
        <coordinates>
          73.55502,19.982822,0
        </coordinates>
      </Point>
    </Placemark>
    <Placemark>
      <name>Parnakuti Villa, Trimbakeshwar, Nashik</name>
      <description><![CDATA[Source_File: Nashik_to_Trimbak_Establishments 1.xlsx<br>Source_Sheet: Sheet1<br>Place_ID: ChIJ0QBMlXn03TsRmttn9ZgLD1c<br>Address: Gat No. 204/2, At/Po. Talwade, Taluka Trimbakeshwar, Trimbak, Talwade Trimbak, Maharashtra 422213, India<br>Latitude: 19.9891905<br>Longitude: 73.5549273<br>Google_Maps: https://maps.google.com/?cid=6273245557530549146&g_mp=Cidnb29nbGUubWFwcy5wbGFjZXMudjEuUGxhY2VzLlNlYXJjaFRleHQQAhgEIAA<br>Business_Status: OPERATIONAL<br>Rating: 4.9<br>User_Rating_Count: 654<br>Primary_Type: resort_hotel<br>Types: resort_hotel, private_guest_room, farmstay, bed_and_breakfast, extended_stay_hotel, hotel, motel, spa, lodging, health, point_of_interest, service, establishment<br>Establishment_Category: hotels accommodation<br>Waypoint: Anjaneri<br>Waypoint_Latitude: 19.995<br>Waypoint_Longitude: 73.545<br>Establishment_Type: hotels accommodation<br>Search_Term: <br>Establishment_Name: <br>Category_EST: Hotel <br>Search_Location: <br>Search_Latitude: <br>Search_Longitude: ]]></description>
      <styleUrl>#icon-1899-3949AB</styleUrl>
      <ExtendedData>
        <Data name="Source_File">
          <value>Nashik_to_Trimbak_Establishments 1.xlsx</value>
        </Data>
        <Data name="Source_Sheet">
          <value>Sheet1</value>
        </Data>
        <Data name="Place_ID">
          <value>ChIJ0QBMlXn03TsRmttn9ZgLD1c</value>
        </Data>
        <Data name="Address">
          <value>Gat No. 204/2, At/Po. Talwade, Taluka Trimbakeshwar, Trimbak, Talwade Trimbak, Maharashtra 422213, India</value>
        </Data>
        <Data name="Latitude">
          <value>19.9891905</value>
        </Data>
        <Data name="Longitude">
          <value>73.5549273</value>
        </Data>
        <Data name="Google_Maps">
          <value><![CDATA[https://maps.google.com/?cid=6273245557530549146&g_mp=Cidnb29nbGUubWFwcy5wbGFjZXMudjEuUGxhY2VzLlNlYXJjaFRleHQQAhgEIAA]]></value>
        </Data>
        <Data name="Business_Status">
          <value>OPERATIONAL</value>
        </Data>
        <Data name="Rating">
          <value>4.9</value>
        </Data>
        <Data name="User_Rating_Count">
          <value>654.0</value>
        </Data>
        <Data name="Primary_Type">
          <value>resort_hotel</value>
        </Data>
        <Data name="Types">
          <value>resort_hotel, private_guest_room, farmstay, bed_and_breakfast, extended_stay_hotel, hotel, motel, spa, lodging, health, point_of_interest, service, establishment</value>
        </Data>
        <Data name="Establishment_Category">
          <value>hotels accommodation</value>
        </Data>
        <Data name="Waypoint">
          <value>Anjaneri</value>
        </Data>
        <Data name="Waypoint_Latitude">
          <value>19.995</value>
        </Data>
        <Data name="Waypoint_Longitude">
          <value>73.545</value>
        </Data>
        <Data name="Establishment_Type">
          <value>hotels accommodation</value>
        </Data>
        <Data name="Search_Term">
          <value/>
        </Data>
        <Data name="Establishment_Name">
          <value/>
        </Data>
        <Data name="Category_EST">
          <value>Hotel </value>
        </Data>
        <Data name="Search_Location">
          <value/>
        </Data>
        <Data name="Search_Latitude">
          <value/>
        </Data>
        <Data name="Search_Longitude">
          <value/>
        </Data>
      </ExtendedData>
      <Point>
        <coordinates>
          73.5549273,19.9891905,0
        </coordinates>
      </Point>
    </Placemark>
    <Placemark>
      <name>Resort</name>
      <description><![CDATA[Source_File: Nashik_to_Trimbak_Establishments 1.xlsx<br>Source_Sheet: Sheet1<br>Place_ID: ChIJ8Xz4egDz3TsRFBfyH5JK96Y<br>Address: Gautami Godavari Prakalp Dam, Road, near Trimbak, Nashik, Beze, Maharashtra 422213, India<br>Latitude: 19.9812115<br>Longitude: 73.575587<br>Google_Maps: https://maps.google.com/?cid=12031166921005209364&g_mp=Cidnb29nbGUubWFwcy5wbGFjZXMudjEuUGxhY2VzLlNlYXJjaFRleHQQAhgEIAA<br>Business_Status: OPERATIONAL<br>Rating: 4.7<br>User_Rating_Count: 17<br>Primary_Type: resort_hotel<br>Types: resort_hotel, hotel, lodging, point_of_interest, establishment<br>Establishment_Category: hotels accommodation<br>Waypoint: Anjaneri<br>Waypoint_Latitude: 19.995<br>Waypoint_Longitude: 73.545<br>Establishment_Type: hotels accommodation<br>Search_Term: <br>Establishment_Name: <br>Category_EST: Hotel <br>Search_Location: <br>Search_Latitude: <br>Search_Longitude: ]]></description>
      <styleUrl>#icon-1899-3949AB</styleUrl>
      <ExtendedData>
        <Data name="Source_File">
          <value>Nashik_to_Trimbak_Establishments 1.xlsx</value>
        </Data>
        <Data name="Source_Sheet">
          <value>Sheet1</value>
        </Data>
        <Data name="Place_ID">
          <value>ChIJ8Xz4egDz3TsRFBfyH5JK96Y</value>
        </Data>
        <Data name="Address">
          <value>Gautami Godavari Prakalp Dam, Road, near Trimbak, Nashik, Beze, Maharashtra 422213, India</value>
        </Data>
        <Data name="Latitude">
          <value>19.9812115</value>
        </Data>
        <Data name="Longitude">
          <value>73.575587</value>
        </Data>
        <Data name="Google_Maps">
          <value><![CDATA[https://maps.google.com/?cid=12031166921005209364&g_mp=Cidnb29nbGUubWFwcy5wbGFjZXMudjEuUGxhY2VzLlNlYXJjaFRleHQQAhgEIAA]]></value>
        </Data>
        <Data name="Business_Status">
          <value>OPERATIONAL</value>
        </Data>
        <Data name="Rating">
          <value>4.7</value>
        </Data>
        <Data name="User_Rating_Count">
          <value>17.0</value>
        </Data>
        <Data name="Primary_Type">
          <value>resort_hotel</value>
        </Data>
        <Data name="Types">
          <value>resort_hotel, hotel, lodging, point_of_interest, establishment</value>
        </Data>
        <Data name="Establishment_Category">
          <value>hotels accommodation</value>
        </Data>
        <Data name="Waypoint">
          <value>Anjaneri</value>
        </Data>
        <Data name="Waypoint_Latitude">
          <value>19.995</value>
        </Data>
        <Data name="Waypoint_Longitude">
          <value>73.545</value>
        </Data>
        <Data name="Establishment_Type">
          <value>hotels accommodation</value>
        </Data>
        <Data name="Search_Term">
          <value/>
        </Data>
        <Data name="Establishment_Name">
          <value/>
        </Data>
        <Data name="Category_EST">
          <value>Hotel </value>
        </Data>
        <Data name="Search_Location">
          <value/>
        </Data>
        <Data name="Search_Latitude">
          <value/>
        </Data>
        <Data name="Search_Longitude">
          <value/>
        </Data>
      </ExtendedData>
      <Point>
        <coordinates>
          73.575587,19.9812115,0
        </coordinates>
      </Point>
    </Placemark>
    <Placemark>
      <name>Silver Sun Resort</name>
      <description><![CDATA[Source_File: Nashik_to_Trimbak_Establishments 1.xlsx<br>Source_Sheet: Sheet1<br>Place_ID: ChIJH6zjBx3z3TsRaa9sxjKzLBM<br>Address: Trimbakeshwar Rd, Anjaneri, Khambale, Maharashtra 422213, India<br>Latitude: 19.9579443<br>Longitude: 73.6154477<br>Google_Maps: https://maps.google.com/?cid=1381676216354647913&g_mp=Cidnb29nbGUubWFwcy5wbGFjZXMudjEuUGxhY2VzLlNlYXJjaFRleHQQAhgEIAA<br>Business_Status: OPERATIONAL<br>Rating: 4.3<br>User_Rating_Count: 30<br>Primary_Type: resort_hotel<br>Types: resort_hotel, hotel, lodging, point_of_interest, establishment<br>Establishment_Category: hotels accommodation<br>Waypoint: Anjaneri<br>Waypoint_Latitude: 19.995<br>Waypoint_Longitude: 73.545<br>Establishment_Type: hotels accommodation<br>Search_Term: <br>Establishment_Name: <br>Category_EST: Hotel <br>Search_Location: <br>Search_Latitude: <br>Search_Longitude: ]]></description>
      <styleUrl>#icon-1899-3949AB</styleUrl>
      <ExtendedData>
        <Data name="Source_File">
          <value>Nashik_to_Trimbak_Establishments 1.xlsx</value>
        </Data>
        <Data name="Source_Sheet">
          <value>Sheet1</value>
        </Data>
        <Data name="Place_ID">
          <value>ChIJH6zjBx3z3TsRaa9sxjKzLBM</value>
        </Data>
        <Data name="Address">
          <value>Trimbakeshwar Rd, Anjaneri, Khambale, Maharashtra 422213, India</value>
        </Data>
        <Data name="Latitude">
          <value>19.9579443</value>
        </Data>
        <Data name="Longitude">
          <value>73.6154477</value>
        </Data>
        <Data name="Google_Maps">
          <value><![CDATA[https://maps.google.com/?cid=1381676216354647913&g_mp=Cidnb29nbGUubWFwcy5wbGFjZXMudjEuUGxhY2VzLlNlYXJjaFRleHQQAhgEIAA]]></value>
        </Data>
        <Data name="Business_Status">
          <value>OPERATIONAL</value>
        </Data>
        <Data name="Rating">
          <value>4.3</value>
        </Data>
        <Data name="User_Rating_Count">
          <value>30.0</value>
        </Data>
        <Data name="Primary_Type">
          <value>resort_hotel</value>
        </Data>
        <Data name="Types">
          <value>resort_hotel, hotel, lodging, point_of_interest, establishment</value>
        </Data>
        <Data name="Establishment_Category">
          <value>hotels accommodation</value>
        </Data>
        <Data name="Waypoint">
          <value>Anjaneri</value>
        </Data>
        <Data name="Waypoint_Latitude">
          <value>19.995</value>
        </Data>
        <Data name="Waypoint_Longitude">
          <value>73.545</value>
        </Data>
        <Data name="Establishment_Type">
          <value>hotels accommodation</value>
        </Data>
        <Data name="Search_Term">
          <value/>
        </Data>
        <Data name="Establishment_Name">
          <value/>
        </Data>
        <Data name="Category_EST">
          <value>Hotel </value>
        </Data>
        <Data name="Search_Location">
          <value/>
        </Data>
        <Data name="Search_Latitude">
          <value/>
        </Data>
        <Data name="Search_Longitude">
          <value/>
        </Data>
      </ExtendedData>
      <Point>
        <coordinates>
          73.6154477,19.9579443,0
        </coordinates>
      </Point>
    </Placemark>
    <Placemark>
      <name>TIGER VILLA RESORT</name>
      <description><![CDATA[Source_File: Nashik_to_Trimbak_Establishments 1.xlsx<br>Source_Sheet: Sheet1<br>Place_ID: ChIJKSt_TUnz3TsRUArfYbUJqLs<br>Address: Trimbakeshwar Khambale Village, WJVF+72X, near Casa Green Resturant and Resport, Nashik, Vadholi, Maharashtra 422213, India<br>Latitude: 19.9432666<br>Longitude: 73.6226017<br>Google_Maps: https://maps.google.com/?cid=13522068555815651920&g_mp=Cidnb29nbGUubWFwcy5wbGFjZXMudjEuUGxhY2VzLlNlYXJjaFRleHQQAhgEIAA<br>Business_Status: OPERATIONAL<br>Rating: 3.5<br>User_Rating_Count: 11<br>Primary_Type: hotel<br>Types: hotel, lodging, point_of_interest, establishment<br>Establishment_Category: hotels accommodation<br>Waypoint: Anjaneri<br>Waypoint_Latitude: 19.995<br>Waypoint_Longitude: 73.545<br>Establishment_Type: hotels accommodation<br>Search_Term: <br>Establishment_Name: <br>Category_EST: Hotel <br>Search_Location: <br>Search_Latitude: <br>Search_Longitude: ]]></description>
      <styleUrl>#icon-1899-3949AB</styleUrl>
      <ExtendedData>
        <Data name="Source_File">
          <value>Nashik_to_Trimbak_Establishments 1.xlsx</value>
        </Data>
        <Data name="Source_Sheet">
          <value>Sheet1</value>
        </Data>
        <Data name="Place_ID">
          <value>ChIJKSt_TUnz3TsRUArfYbUJqLs</value>
        </Data>
        <Data name="Address">
          <value>Trimbakeshwar Khambale Village, WJVF+72X, near Casa Green Resturant and Resport, Nashik, Vadholi, Maharashtra 422213, India</value>
        </Data>
        <Data name="Latitude">
          <value>19.9432666</value>
        </Data>
        <Data name="Longitude">
          <value>73.6226017</value>
        </Data>
        <Data name="Google_Maps">
          <value><![CDATA[https://maps.google.com/?cid=13522068555815651920&g_mp=Cidnb29nbGUubWFwcy5wbGFjZXMudjEuUGxhY2VzLlNlYXJjaFRleHQQAhgEIAA]]></value>
        </Data>
        <Data name="Business_Status">
          <value>OPERATIONAL</value>
        </Data>
        <Data name="Rating">
          <value>3.5</value>
        </Data>
        <Data name="User_Rating_Count">
          <value>11.0</value>
        </Data>
        <Data name="Primary_Type">
          <value>hotel</value>
        </Data>
        <Data name="Types">
          <value>hotel, lodging, point_of_interest, establishment</value>
        </Data>
        <Data name="Establishment_Category">
          <value>hotels accommodation</value>
        </Data>
        <Data name="Waypoint">
          <value>Anjaneri</value>
        </Data>
        <Data name="Waypoint_Latitude">
          <value>19.995</value>
        </Data>
        <Data name="Waypoint_Longitude">
          <value>73.545</value>
        </Data>
        <Data name="Establishment_Type">
          <value>hotels accommodation</value>
        </Data>
        <Data name="Search_Term">
          <value/>
        </Data>
        <Data name="Establishment_Name">
          <value/>
        </Data>
        <Data name="Category_EST">
          <value>Hotel </value>
        </Data>
        <Data name="Search_Location">
          <value/>
        </Data>
        <Data name="Search_Latitude">
          <value/>
        </Data>
        <Data name="Search_Longitude">
          <value/>
        </Data>
      </ExtendedData>
      <Point>
        <coordinates>
          73.6226017,19.9432666,0
        </coordinates>
      </Point>
    </Placemark>
    <Placemark>
      <name>The Retreat</name>
      <description><![CDATA[Source_File: Nashik_to_Trimbak_Establishments 1.xlsx<br>Source_Sheet: Sheet1<br>Place_ID: ChIJP0d3DBft3TsRebYggCZb1V4<br>Address: XMCP+PV5, Belgaon Dhaga, Maharashtra 422213, India<br>Latitude: 19.9717556<br>Longitude: 73.6872312<br>Google_Maps: https://maps.google.com/?cid=6833468230521108089&g_mp=Cidnb29nbGUubWFwcy5wbGFjZXMudjEuUGxhY2VzLlNlYXJjaFRleHQQAhgEIAA<br>Business_Status: OPERATIONAL<br>Rating: 5<br>User_Rating_Count: 1<br>Primary_Type: hotel<br>Types: hotel, lodging, point_of_interest, establishment<br>Establishment_Category: hotels accommodation<br>Waypoint: Anjaneri<br>Waypoint_Latitude: 19.995<br>Waypoint_Longitude: 73.545<br>Establishment_Type: hotels accommodation<br>Search_Term: <br>Establishment_Name: <br>Category_EST: Hotel <br>Search_Location: <br>Search_Latitude: <br>Search_Longitude: ]]></description>
      <styleUrl>#icon-1899-3949AB</styleUrl>
      <ExtendedData>
        <Data name="Source_File">
          <value>Nashik_to_Trimbak_Establishments 1.xlsx</value>
        </Data>
        <Data name="Source_Sheet">
          <value>Sheet1</value>
        </Data>
        <Data name="Place_ID">
          <value>ChIJP0d3DBft3TsRebYggCZb1V4</value>
        </Data>
        <Data name="Address">
          <value>XMCP+PV5, Belgaon Dhaga, Maharashtra 422213, India</value>
        </Data>
        <Data name="Latitude">
          <value>19.9717556</value>
        </Data>
        <Data name="Longitude">
          <value>73.6872312</value>
        </Data>
        <Data name="Google_Maps">
          <value><![CDATA[https://maps.google.com/?cid=6833468230521108089&g_mp=Cidnb29nbGUubWFwcy5wbGFjZXMudjEuUGxhY2VzLlNlYXJjaFRleHQQAhgEIAA]]></value>
        </Data>
        <Data name="Business_Status">
          <value>OPERATIONAL</value>
        </Data>
        <Data name="Rating">
          <value>5.0</value>
        </Data>
        <Data name="User_Rating_Count">
          <value>1.0</value>
        </Data>
        <Data name="Primary_Type">
          <value>hotel</value>
        </Data>
        <Data name="Types">
          <value>hotel, lodging, point_of_interest, establishment</value>
        </Data>
        <Data name="Establishment_Category">
          <value>hotels accommodation</value>
        </Data>
        <Data name="Waypoint">
          <value>Anjaneri</value>
        </Data>
        <Data name="Waypoint_Latitude">
          <value>19.995</value>
        </Data>
        <Data name="Waypoint_Longitude">
          <value>73.545</value>
        </Data>
        <Data name="Establishment_Type">
          <value>hotels accommodation</value>
        </Data>
        <Data name="Search_Term">
          <value/>
        </Data>
        <Data name="Establishment_Name">
          <value/>
        </Data>
        <Data name="Category_EST">
          <value>Hotel </value>
        </Data>
        <Data name="Search_Location">
          <value/>
        </Data>
        <Data name="Search_Latitude">
          <value/>
        </Data>
        <Data name="Search_Longitude">
          <value/>
        </Data>
      </ExtendedData>
      <Point>
        <coordinates>
          73.6872312,19.9717556,0
        </coordinates>
      </Point>
    </Placemark>
    <Placemark>
      <name>Adiem kaanan Farmstay</name>
      <description><![CDATA[Source_File: Nashik_to_Trimbak_Establishments 1.xlsx<br>Source_Sheet: Sheet1<br>Place_ID: ChIJydmMCWnt3TsRtTLEDA-ZmH0<br>Address: Belgaon Dhaga, Nashik, Belgaon Dhaga, Maharashtra 422213, India<br>Latitude: 19.9773314<br>Longitude: 73.6819879<br>Google_Maps: https://maps.google.com/?cid=9050151741118755509&g_mp=Cidnb29nbGUubWFwcy5wbGFjZXMudjEuUGxhY2VzLlNlYXJjaFRleHQQAhgEIAA<br>Business_Status: OPERATIONAL<br>Rating: 4.8<br>User_Rating_Count: 222<br>Primary_Type: farmstay<br>Types: farmstay, lodging, point_of_interest, establishment<br>Establishment_Category: hotels accommodation<br>Waypoint: Beze<br>Waypoint_Latitude: 20.04<br>Waypoint_Longitude: 73.63<br>Establishment_Type: hotels accommodation<br>Search_Term: <br>Establishment_Name: <br>Category_EST: Hotel <br>Search_Location: <br>Search_Latitude: <br>Search_Longitude: ]]></description>
      <styleUrl>#icon-1899-3949AB</styleUrl>
      <ExtendedData>
        <Data name="Source_File">
          <value>Nashik_to_Trimbak_Establishments 1.xlsx</value>
        </Data>
        <Data name="Source_Sheet">
          <value>Sheet1</value>
        </Data>
        <Data name="Place_ID">
          <value>ChIJydmMCWnt3TsRtTLEDA-ZmH0</value>
        </Data>
        <Data name="Address">
          <value>Belgaon Dhaga, Nashik, Belgaon Dhaga, Maharashtra 422213, India</value>
        </Data>
        <Data name="Latitude">
          <value>19.9773314</value>
        </Data>
        <Data name="Longitude">
          <value>73.6819879</value>
        </Data>
        <Data name="Google_Maps">
          <value><![CDATA[https://maps.google.com/?cid=9050151741118755509&g_mp=Cidnb29nbGUubWFwcy5wbGFjZXMudjEuUGxhY2VzLlNlYXJjaFRleHQQAhgEIAA]]></value>
        </Data>
        <Data name="Business_Status">
          <value>OPERATIONAL</value>
        </Data>
        <Data name="Rating">
          <value>4.8</value>
        </Data>
        <Data name="User_Rating_Count">
          <value>222.0</value>
        </Data>
        <Data name="Primary_Type">
          <value>farmstay</value>
        </Data>
        <Data name="Types">
          <value>farmstay, lodging, point_of_interest, establishment</value>
        </Data>
        <Data name="Establishment_Category">
          <value>hotels accommodation</value>
        </Data>
        <Data name="Waypoint">
          <value>Beze</value>
        </Data>
        <Data name="Waypoint_Latitude">
          <value>20.04</value>
        </Data>
        <Data name="Waypoint_Longitude">
          <value>73.63</value>
        </Data>
        <Data name="Establishment_Type">
          <value>hotels accommodation</value>
        </Data>
        <Data name="Search_Term">
          <value/>
        </Data>
        <Data name="Establishment_Name">
          <value/>
        </Data>
        <Data name="Category_EST">
          <value>Hotel </value>
        </Data>
        <Data name="Search_Location">
          <value/>
        </Data>
        <Data name="Search_Latitude">
          <value/>
        </Data>
        <Data name="Search_Longitude">
          <value/>
        </Data>
      </ExtendedData>
      <Point>
        <coordinates>
          73.6819879,19.9773314,0
        </coordinates>
      </Point>
    </Placemark>
    <Placemark>
      <name>Annapurna Presidency</name>
      <description><![CDATA[Source_File: Nashik_to_Trimbak_Establishments 1.xlsx<br>Source_Sheet: Sheet1<br>Place_ID: ChIJk7b27_Ls3TsRRXFquamTe0g<br>Address: Trambakeshwar Rd, near Papaya Nursery, Ashoknagar, Satpur Colony, Nashik, Maharashtra 422007, India<br>Latitude: 19.985445<br>Longitude: 73.7220985<br>Google_Maps: https://maps.google.com/?cid=5222930550035738949&g_mp=Cidnb29nbGUubWFwcy5wbGFjZXMudjEuUGxhY2VzLlNlYXJjaFRleHQQAhgEIAA<br>Business_Status: OPERATIONAL<br>Rating: 3.9<br>User_Rating_Count: 377<br>Primary_Type: hotel<br>Types: hotel, juice_shop, pakistani_restaurant, vegetarian_restaurant, ice_cream_shop, south_indian_restaurant, north_indian_restaurant, indian_restaurant, chinese_restaurant, dessert_shop, confectionery, food_store, restaurant, food, lodging, store, service, event_venue, point_of_interest, establishment<br>Establishment_Category: hotels accommodation<br>Waypoint: Beze<br>Waypoint_Latitude: 20.04<br>Waypoint_Longitude: 73.63<br>Establishment_Type: hotels accommodation<br>Search_Term: <br>Establishment_Name: <br>Category_EST: Hotel <br>Search_Location: <br>Search_Latitude: <br>Search_Longitude: ]]></description>
      <styleUrl>#icon-1899-3949AB</styleUrl>
      <ExtendedData>
        <Data name="Source_File">
          <value>Nashik_to_Trimbak_Establishments 1.xlsx</value>
        </Data>
        <Data name="Source_Sheet">
          <value>Sheet1</value>
        </Data>
        <Data name="Place_ID">
          <value>ChIJk7b27_Ls3TsRRXFquamTe0g</value>
        </Data>
        <Data name="Address">
          <value>Trambakeshwar Rd, near Papaya Nursery, Ashoknagar, Satpur Colony, Nashik, Maharashtra 422007, India</value>
        </Data>
        <Data name="Latitude">
          <value>19.985445</value>
        </Data>
        <Data name="Longitude">
          <value>73.7220985</value>
        </Data>
        <Data name="Google_Maps">
          <value><![CDATA[https://maps.google.com/?cid=5222930550035738949&g_mp=Cidnb29nbGUubWFwcy5wbGFjZXMudjEuUGxhY2VzLlNlYXJjaFRleHQQAhgEIAA]]></value>
        </Data>
        <Data name="Business_Status">
          <value>OPERATIONAL</value>
        </Data>
        <Data name="Rating">
          <value>3.9</value>
        </Data>
        <Data name="User_Rating_Count">
          <value>377.0</value>
        </Data>
        <Data name="Primary_Type">
          <value>hotel</value>
        </Data>
        <Data name="Types">
          <value>hotel, juice_shop, pakistani_restaurant, vegetarian_restaurant, ice_cream_shop, south_indian_restaurant, north_indian_restaurant, indian_restaurant, chinese_restaurant, dessert_shop, confectionery, food_store, restaurant, food, lodging, store, service, event_venue, point_of_interest, establishment</value>
        </Data>
        <Data name="Establishment_Category">
          <value>hotels accommodation</value>
        </Data>
        <Data name="Waypoint">
          <value>Beze</value>
        </Data>
        <Data name="Waypoint_Latitude">
          <value>20.04</value>
        </Data>
        <Data name="Waypoint_Longitude">
          <value>73.63</value>
        </Data>
        <Data name="Establishment_Type">
          <value>hotels accommodation</value>
        </Data>
        <Data name="Search_Term">
          <value/>
        </Data>
        <Data name="Establishment_Name">
          <value/>
        </Data>
        <Data name="Category_EST">
          <value>Hotel </value>
        </Data>
        <Data name="Search_Location">
          <value/>
        </Data>
        <Data name="Search_Latitude">
          <value/>
        </Data>
        <Data name="Search_Longitude">
          <value/>
        </Data>
      </ExtendedData>
      <Point>
        <coordinates>
          73.7220985,19.985445,0
        </coordinates>
      </Point>
    </Placemark>
    <Placemark>
      <name>Dwarka inn</name>
      <description><![CDATA[Source_File: Nashik_to_Trimbak_Establishments 1.xlsx<br>Source_Sheet: Sheet1<br>Place_ID: ChIJzVlNDAD13TsR6_CPGjINHI8<br>Address: WGRR+HRJ, Trimbak, Maharashtra 422212, India<br>Latitude: 19.9414746<br>Longitude: 73.542<br>Google_Maps: https://maps.google.com/?cid=10312131755616760043&g_mp=Cidnb29nbGUubWFwcy5wbGFjZXMudjEuUGxhY2VzLlNlYXJjaFRleHQQAhgEIAA<br>Business_Status: OPERATIONAL<br>Rating: 4<br>User_Rating_Count: 27<br>Primary_Type: hotel<br>Types: hotel, lodging, point_of_interest, establishment<br>Establishment_Category: hotels accommodation<br>Waypoint: Beze<br>Waypoint_Latitude: 20.04<br>Waypoint_Longitude: 73.63<br>Establishment_Type: hotels accommodation<br>Search_Term: <br>Establishment_Name: <br>Category_EST: Hotel <br>Search_Location: <br>Search_Latitude: <br>Search_Longitude: ]]></description>
      <styleUrl>#icon-1899-3949AB</styleUrl>
      <ExtendedData>
        <Data name="Source_File">
          <value>Nashik_to_Trimbak_Establishments 1.xlsx</value>
        </Data>
        <Data name="Source_Sheet">
          <value>Sheet1</value>
        </Data>
        <Data name="Place_ID">
          <value>ChIJzVlNDAD13TsR6_CPGjINHI8</value>
        </Data>
        <Data name="Address">
          <value>WGRR+HRJ, Trimbak, Maharashtra 422212, India</value>
        </Data>
        <Data name="Latitude">
          <value>19.9414746</value>
        </Data>
        <Data name="Longitude">
          <value>73.542</value>
        </Data>
        <Data name="Google_Maps">
          <value><![CDATA[https://maps.google.com/?cid=10312131755616760043&g_mp=Cidnb29nbGUubWFwcy5wbGFjZXMudjEuUGxhY2VzLlNlYXJjaFRleHQQAhgEIAA]]></value>
        </Data>
        <Data name="Business_Status">
          <value>OPERATIONAL</value>
        </Data>
        <Data name="Rating">
          <value>4.0</value>
        </Data>
        <Data name="User_Rating_Count">
          <value>27.0</value>
        </Data>
        <Data name="Primary_Type">
          <value>hotel</value>
        </Data>
        <Data name="Types">
          <value>hotel, lodging, point_of_interest, establishment</value>
        </Data>
        <Data name="Establishment_Category">
          <value>hotels accommodation</value>
        </Data>
        <Data name="Waypoint">
          <value>Beze</value>
        </Data>
        <Data name="Waypoint_Latitude">
          <value>20.04</value>
        </Data>
        <Data name="Waypoint_Longitude">
          <value>73.63</value>
        </Data>
        <Data name="Establishment_Type">
          <value>hotels accommodation</value>
        </Data>
        <Data name="Search_Term">
          <value/>
        </Data>
        <Data name="Establishment_Name">
          <value/>
        </Data>
        <Data name="Category_EST">
          <value>Hotel </value>
        </Data>
        <Data name="Search_Location">
          <value/>
        </Data>
        <Data name="Search_Latitude">
          <value/>
        </Data>
        <Data name="Search_Longitude">
          <value/>
        </Data>
      </ExtendedData>
      <Point>
        <coordinates>
          73.542,19.9414746,0
        </coordinates>
      </Point>
    </Placemark>
    <Placemark>
      <name>Excellent Inn CBS</name>
      <description><![CDATA[Source_File: Nashik_to_Trimbak_Establishments 1.xlsx<br>Source_Sheet: Sheet1<br>Place_ID: ChIJm5wIl9Pr3TsRl4TMjPh4xDk<br>Address: Hotel Excellent Inn, c/o, Kamal Residency, Plot 9/1, Old Agra Rd, behind State Bank of India, CBS, Shalimar, Nashik, Maharashtra 422001, India<br>Latitude: 19.9994511<br>Longitude: 73.7832152<br>Google_Maps: https://maps.google.com/?cid=4162584964506616983&g_mp=Cidnb29nbGUubWFwcy5wbGFjZXMudjEuUGxhY2VzLlNlYXJjaFRleHQQAhgEIAA<br>Business_Status: OPERATIONAL<br>Rating: 4.9<br>User_Rating_Count: 58<br>Primary_Type: hotel<br>Types: hotel, lodging, point_of_interest, establishment<br>Establishment_Category: hotels accommodation<br>Waypoint: Beze<br>Waypoint_Latitude: 20.04<br>Waypoint_Longitude: 73.63<br>Establishment_Type: hotels accommodation<br>Search_Term: <br>Establishment_Name: <br>Category_EST: Hotel <br>Search_Location: <br>Search_Latitude: <br>Search_Longitude: ]]></description>
      <styleUrl>#icon-1899-3949AB</styleUrl>
      <ExtendedData>
        <Data name="Source_File">
          <value>Nashik_to_Trimbak_Establishments 1.xlsx</value>
        </Data>
        <Data name="Source_Sheet">
          <value>Sheet1</value>
        </Data>
        <Data name="Place_ID">
          <value>ChIJm5wIl9Pr3TsRl4TMjPh4xDk</value>
        </Data>
        <Data name="Address">
          <value>Hotel Excellent Inn, c/o, Kamal Residency, Plot 9/1, Old Agra Rd, behind State Bank of India, CBS, Shalimar, Nashik, Maharashtra 422001, India</value>
        </Data>
        <Data name="Latitude">
          <value>19.9994511</value>
        </Data>
        <Data name="Longitude">
          <value>73.7832152</value>
        </Data>
        <Data name="Google_Maps">
          <value><![CDATA[https://maps.google.com/?cid=4162584964506616983&g_mp=Cidnb29nbGUubWFwcy5wbGFjZXMudjEuUGxhY2VzLlNlYXJjaFRleHQQAhgEIAA]]></value>
        </Data>
        <Data name="Business_Status">
          <value>OPERATIONAL</value>
        </Data>
        <Data name="Rating">
          <value>4.9</value>
        </Data>
        <Data name="User_Rating_Count">
          <value>58.0</value>
        </Data>
        <Data name="Primary_Type">
          <value>hotel</value>
        </Data>
        <Data name="Types">
          <value>hotel, lodging, point_of_interest, establishment</value>
        </Data>
        <Data name="Establishment_Category">
          <value>hotels accommodation</value>
        </Data>
        <Data name="Waypoint">
          <value>Beze</value>
        </Data>
        <Data name="Waypoint_Latitude">
          <value>20.04</value>
        </Data>
        <Data name="Waypoint_Longitude">
          <value>73.63</value>
        </Data>
        <Data name="Establishment_Type">
          <value>hotels accommodation</value>
        </Data>
        <Data name="Search_Term">
          <value/>
        </Data>
        <Data name="Establishment_Name">
          <value/>
        </Data>
        <Data name="Category_EST">
          <value>Hotel </value>
        </Data>
        <Data name="Search_Location">
          <value/>
        </Data>
        <Data name="Search_Latitude">
          <value/>
        </Data>
        <Data name="Search_Longitude">
          <value/>
        </Data>
      </ExtendedData>
      <Point>
        <coordinates>
          73.7832152,19.9994511,0
        </coordinates>
      </Point>
    </Placemark>
    <Placemark>
      <name>FabHotel Sitara Inn</name>
      <description><![CDATA[Source_File: Nashik_to_Trimbak_Establishments 1.xlsx<br>Source_Sheet: Sheet1<br>Place_ID: ChIJC8t6Y8j03TsR4fJ1Da3qcyo<br>Address: At Javhar, road, Trimbak, Maharashtra 422212, India<br>Latitude: 19.941549<br>Longitude: 73.533238<br>Google_Maps: https://maps.google.com/?cid=3059046600890774241&g_mp=Cidnb29nbGUubWFwcy5wbGFjZXMudjEuUGxhY2VzLlNlYXJjaFRleHQQAhgEIAA<br>Business_Status: OPERATIONAL<br>Rating: 3.3<br>User_Rating_Count: 283<br>Primary_Type: hotel<br>Types: hotel, lodging, point_of_interest, establishment<br>Establishment_Category: hotels accommodation<br>Waypoint: Beze<br>Waypoint_Latitude: 20.04<br>Waypoint_Longitude: 73.63<br>Establishment_Type: hotels accommodation<br>Search_Term: <br>Establishment_Name: <br>Category_EST: Hotel <br>Search_Location: <br>Search_Latitude: <br>Search_Longitude: ]]></description>
      <styleUrl>#icon-1899-3949AB</styleUrl>
      <ExtendedData>
        <Data name="Source_File">
          <value>Nashik_to_Trimbak_Establishments 1.xlsx</value>
        </Data>
        <Data name="Source_Sheet">
          <value>Sheet1</value>
        </Data>
        <Data name="Place_ID">
          <value>ChIJC8t6Y8j03TsR4fJ1Da3qcyo</value>
        </Data>
        <Data name="Address">
          <value>At Javhar, road, Trimbak, Maharashtra 422212, India</value>
        </Data>
        <Data name="Latitude">
          <value>19.941549</value>
        </Data>
        <Data name="Longitude">
          <value>73.533238</value>
        </Data>
        <Data name="Google_Maps">
          <value><![CDATA[https://maps.google.com/?cid=3059046600890774241&g_mp=Cidnb29nbGUubWFwcy5wbGFjZXMudjEuUGxhY2VzLlNlYXJjaFRleHQQAhgEIAA]]></value>
        </Data>
        <Data name="Business_Status">
          <value>OPERATIONAL</value>
        </Data>
        <Data name="Rating">
          <value>3.3</value>
        </Data>
        <Data name="User_Rating_Count">
          <value>283.0</value>
        </Data>
        <Data name="Primary_Type">
          <value>hotel</value>
        </Data>
        <Data name="Types">
          <value>hotel, lodging, point_of_interest, establishment</value>
        </Data>
        <Data name="Establishment_Category">
          <value>hotels accommodation</value>
        </Data>
        <Data name="Waypoint">
          <value>Beze</value>
        </Data>
        <Data name="Waypoint_Latitude">
          <value>20.04</value>
        </Data>
        <Data name="Waypoint_Longitude">
          <value>73.63</value>
        </Data>
        <Data name="Establishment_Type">
          <value>hotels accommodation</value>
        </Data>
        <Data name="Search_Term">
          <value/>
        </Data>
        <Data name="Establishment_Name">
          <value/>
        </Data>
        <Data name="Category_EST">
          <value>Hotel </value>
        </Data>
        <Data name="Search_Location">
          <value/>
        </Data>
        <Data name="Search_Latitude">
          <value/>
        </Data>
        <Data name="Search_Longitude">
          <value/>
        </Data>
      </ExtendedData>
      <Point>
        <coordinates>
          73.533238,19.941549,0
        </coordinates>
      </Point>
    </Placemark>
    <Placemark>
      <name>Godavari Haven HomeStay /2BHK</name>
      <description><![CDATA[Source_File: Nashik_to_Trimbak_Establishments 1.xlsx<br>Source_Sheet: Sheet1<br>Place_ID: ChIJCa8tTADt3TsRwjc8LzNy3fk<br>Address: A 901, Satpur Colony Main Rd, near Vijay Textile, opposite Mangalai Hospital, MHB Colony, Satpur Colony, Nashik, Maharashtra 422007, India<br>Latitude: 19.9894903<br>Longitude: 73.7281721<br>Google_Maps: https://maps.google.com/?cid=18004672449458485186&g_mp=Cidnb29nbGUubWFwcy5wbGFjZXMudjEuUGxhY2VzLlNlYXJjaFRleHQQAhgEIAA<br>Business_Status: OPERATIONAL<br>Rating: 4.7<br>User_Rating_Count: 16<br>Primary_Type: private_guest_room<br>Types: private_guest_room, lodging, point_of_interest, establishment<br>Establishment_Category: hotels accommodation<br>Waypoint: Beze<br>Waypoint_Latitude: 20.04<br>Waypoint_Longitude: 73.63<br>Establishment_Type: hotels accommodation<br>Search_Term: <br>Establishment_Name: <br>Category_EST: Hotel <br>Search_Location: <br>Search_Latitude: <br>Search_Longitude: ]]></description>
      <styleUrl>#icon-1899-3949AB</styleUrl>
      <ExtendedData>
        <Data name="Source_File">
          <value>Nashik_to_Trimbak_Establishments 1.xlsx</value>
        </Data>
        <Data name="Source_Sheet">
          <value>Sheet1</value>
        </Data>
        <Data name="Place_ID">
          <value>ChIJCa8tTADt3TsRwjc8LzNy3fk</value>
        </Data>
        <Data name="Address">
          <value>A 901, Satpur Colony Main Rd, near Vijay Textile, opposite Mangalai Hospital, MHB Colony, Satpur Colony, Nashik, Maharashtra 422007, India</value>
        </Data>
        <Data name="Latitude">
          <value>19.9894903</value>
        </Data>
        <Data name="Longitude">
          <value>73.7281721</value>
        </Data>
        <Data name="Google_Maps">
          <value><![CDATA[https://maps.google.com/?cid=18004672449458485186&g_mp=Cidnb29nbGUubWFwcy5wbGFjZXMudjEuUGxhY2VzLlNlYXJjaFRleHQQAhgEIAA]]></value>
        </Data>
        <Data name="Business_Status">
          <value>OPERATIONAL</value>
        </Data>
        <Data name="Rating">
          <value>4.7</value>
        </Data>
        <Data name="User_Rating_Count">
          <value>16.0</value>
        </Data>
        <Data name="Primary_Type">
          <value>private_guest_room</value>
        </Data>
        <Data name="Types">
          <value>private_guest_room, lodging, point_of_interest, establishment</value>
        </Data>
        <Data name="Establishment_Category">
          <value>hotels accommodation</value>
        </Data>
        <Data name="Waypoint">
          <value>Beze</value>
        </Data>
        <Data name="Waypoint_Latitude">
          <value>20.04</value>
        </Data>
        <Data name="Waypoint_Longitude">
          <value>73.63</value>
        </Data>
        <Data name="Establishment_Type">
          <value>hotels accommodation</value>
        </Data>
        <Data name="Search_Term">
          <value/>
        </Data>
        <Data name="Establishment_Name">
          <value/>
        </Data>
        <Data name="Category_EST">
          <value>Hotel </value>
        </Data>
        <Data name="Search_Location">
          <value/>
        </Data>
        <Data name="Search_Latitude">
          <value/>
        </Data>
        <Data name="Search_Longitude">
          <value/>
        </Data>
      </ExtendedData>
      <Point>
        <coordinates>
          73.7281721,19.9894903,0
        </coordinates>
      </Point>
    </Placemark>
    <Placemark>
      <name>Green View Hotel</name>
      <description><![CDATA[Source_File: Nashik_to_Trimbak_Establishments 1.xlsx<br>Source_Sheet: Sheet1<br>Place_ID: ChIJ-4d_6nTr3TsRpHPSYswaiJU<br>Address: XQW9+3W8, Holaram Colony, Sharanpur, Nashik, Maharashtra 422002, India<br>Latitude: 19.9951668<br>Longitude: 73.7698262<br>Google_Maps: https://maps.google.com/?cid=10774891573617521572&g_mp=Cidnb29nbGUubWFwcy5wbGFjZXMudjEuUGxhY2VzLlNlYXJjaFRleHQQAhgEIAA<br>Business_Status: OPERATIONAL<br>Rating: 3.9<br>User_Rating_Count: 224<br>Primary_Type: lodging<br>Types: lodging, point_of_interest, establishment<br>Establishment_Category: hotels accommodation<br>Waypoint: Beze<br>Waypoint_Latitude: 20.04<br>Waypoint_Longitude: 73.63<br>Establishment_Type: hotels accommodation<br>Search_Term: <br>Establishment_Name: <br>Category_EST: Hotel <br>Search_Location: <br>Search_Latitude: <br>Search_Longitude: ]]></description>
      <styleUrl>#icon-1899-3949AB</styleUrl>
      <ExtendedData>
        <Data name="Source_File">
          <value>Nashik_to_Trimbak_Establishments 1.xlsx</value>
        </Data>
        <Data name="Source_Sheet">
          <value>Sheet1</value>
        </Data>
        <Data name="Place_ID">
          <value>ChIJ-4d_6nTr3TsRpHPSYswaiJU</value>
        </Data>
        <Data name="Address">
          <value>XQW9+3W8, Holaram Colony, Sharanpur, Nashik, Maharashtra 422002, India</value>
        </Data>
        <Data name="Latitude">
          <value>19.9951668</value>
        </Data>
        <Data name="Longitude">
          <value>73.7698262</value>
        </Data>
        <Data name="Google_Maps">
          <value><![CDATA[https://maps.google.com/?cid=10774891573617521572&g_mp=Cidnb29nbGUubWFwcy5wbGFjZXMudjEuUGxhY2VzLlNlYXJjaFRleHQQAhgEIAA]]></value>
        </Data>
        <Data name="Business_Status">
          <value>OPERATIONAL</value>
        </Data>
        <Data name="Rating">
          <value>3.9</value>
        </Data>
        <Data name="User_Rating_Count">
          <value>224.0</value>
        </Data>
        <Data name="Primary_Type">
          <value>lodging</value>
        </Data>
        <Data name="Types">
          <value>lodging, point_of_interest, establishment</value>
        </Data>
        <Data name="Establishment_Category">
          <value>hotels accommodation</value>
        </Data>
        <Data name="Waypoint">
          <value>Beze</value>
        </Data>
        <Data name="Waypoint_Latitude">
          <value>20.04</value>
        </Data>
        <Data name="Waypoint_Longitude">
          <value>73.63</value>
        </Data>
        <Data name="Establishment_Type">
          <value>hotels accommodation</value>
        </Data>
        <Data name="Search_Term">
          <value/>
        </Data>
        <Data name="Establishment_Name">
          <value/>
        </Data>
        <Data name="Category_EST">
          <value>Hotel </value>
        </Data>
        <Data name="Search_Location">
          <value/>
        </Data>
        <Data name="Search_Latitude">
          <value/>
        </Data>
        <Data name="Search_Longitude">
          <value/>
        </Data>
      </ExtendedData>
      <Point>
        <coordinates>
          73.7698262,19.9951668,0
        </coordinates>
      </Point>
    </Placemark>
    <Placemark>
      <name>Greenstones Boutique Hotel</name>
      <description><![CDATA[Source_File: Nashik_to_Trimbak_Establishments 1.xlsx<br>Source_Sheet: Sheet1<br>Place_ID: ChIJOZJw3Ont3TsRon4AchSzbzk<br>Address: B-13, Serene Meadows, Anandvalli, Nashik, Maharashtra 422013, India<br>Latitude: 20.012168<br>Longitude: 73.735613<br>Google_Maps: https://maps.google.com/?cid=4138723482970128034&g_mp=Cidnb29nbGUubWFwcy5wbGFjZXMudjEuUGxhY2VzLlNlYXJjaFRleHQQAhgEIAA<br>Business_Status: OPERATIONAL<br>Rating: 4<br>User_Rating_Count: 335<br>Primary_Type: hotel<br>Types: hotel, bed_and_breakfast, extended_stay_hotel, private_guest_room, restaurant, food, lodging, point_of_interest, establishment<br>Establishment_Category: hotels accommodation<br>Waypoint: Beze<br>Waypoint_Latitude: 20.04<br>Waypoint_Longitude: 73.63<br>Establishment_Type: hotels accommodation<br>Search_Term: <br>Establishment_Name: <br>Category_EST: Hotel <br>Search_Location: <br>Search_Latitude: <br>Search_Longitude: ]]></description>
      <styleUrl>#icon-1899-3949AB</styleUrl>
      <ExtendedData>
        <Data name="Source_File">
          <value>Nashik_to_Trimbak_Establishments 1.xlsx</value>
        </Data>
        <Data name="Source_Sheet">
          <value>Sheet1</value>
        </Data>
        <Data name="Place_ID">
          <value>ChIJOZJw3Ont3TsRon4AchSzbzk</value>
        </Data>
        <Data name="Address">
          <value>B-13, Serene Meadows, Anandvalli, Nashik, Maharashtra 422013, India</value>
        </Data>
        <Data name="Latitude">
          <value>20.012168</value>
        </Data>
        <Data name="Longitude">
          <value>73.735613</value>
        </Data>
        <Data name="Google_Maps">
          <value><![CDATA[https://maps.google.com/?cid=4138723482970128034&g_mp=Cidnb29nbGUubWFwcy5wbGFjZXMudjEuUGxhY2VzLlNlYXJjaFRleHQQAhgEIAA]]></value>
        </Data>
        <Data name="Business_Status">
          <value>OPERATIONAL</value>
        </Data>
        <Data name="Rating">
          <value>4.0</value>
        </Data>
        <Data name="User_Rating_Count">
          <value>335.0</value>
        </Data>
        <Data name="Primary_Type">
          <value>hotel</value>
        </Data>
        <Data name="Types">
          <value>hotel, bed_and_breakfast, extended_stay_hotel, private_guest_room, restaurant, food, lodging, point_of_interest, establishment</value>
        </Data>
        <Data name="Establishment_Category">
          <value>hotels accommodation</value>
        </Data>
        <Data name="Waypoint">
          <value>Beze</value>
        </Data>
        <Data name="Waypoint_Latitude">
          <value>20.04</value>
        </Data>
        <Data name="Waypoint_Longitude">
          <value>73.63</value>
        </Data>
        <Data name="Establishment_Type">
          <value>hotels accommodation</value>
        </Data>
        <Data name="Search_Term">
          <value/>
        </Data>
        <Data name="Establishment_Name">
          <value/>
        </Data>
        <Data name="Category_EST">
          <value>Hotel </value>
        </Data>
        <Data name="Search_Location">
          <value/>
        </Data>
        <Data name="Search_Latitude">
          <value/>
        </Data>
        <Data name="Search_Longitude">
          <value/>
        </Data>
      </ExtendedData>
      <Point>
        <coordinates>
          73.735613,20.012168,0
        </coordinates>
      </Point>
    </Placemark>
    <Placemark>
      <name>Gulmohur Homestay</name>
      <description><![CDATA[Source_File: Nashik_to_Trimbak_Establishments 1.xlsx<br>Source_Sheet: Sheet1<br>Place_ID: ChIJS8GQtKPt3TsR2CTPxNkJHis<br>Address: Parekh Farm, Trambakeshwar Rd, Belgaon Dhaga, Nashik, Belgaon Dhaga, Maharashtra 422213, India<br>Latitude: 19.9718281<br>Longitude: 73.6866462<br>Google_Maps: https://maps.google.com/?cid=3106931623846683864&g_mp=Cidnb29nbGUubWFwcy5wbGFjZXMudjEuUGxhY2VzLlNlYXJjaFRleHQQAhgEIAA<br>Business_Status: OPERATIONAL<br>Rating: 5<br>User_Rating_Count: 11<br>Primary_Type: bed_and_breakfast<br>Types: bed_and_breakfast, lodging, point_of_interest, establishment<br>Establishment_Category: hotels accommodation<br>Waypoint: Beze<br>Waypoint_Latitude: 20.04<br>Waypoint_Longitude: 73.63<br>Establishment_Type: hotels accommodation<br>Search_Term: <br>Establishment_Name: <br>Category_EST: Hotel <br>Search_Location: <br>Search_Latitude: <br>Search_Longitude: ]]></description>
      <styleUrl>#icon-1899-3949AB</styleUrl>
      <ExtendedData>
        <Data name="Source_File">
          <value>Nashik_to_Trimbak_Establishments 1.xlsx</value>
        </Data>
        <Data name="Source_Sheet">
          <value>Sheet1</value>
        </Data>
        <Data name="Place_ID">
          <value>ChIJS8GQtKPt3TsR2CTPxNkJHis</value>
        </Data>
        <Data name="Address">
          <value>Parekh Farm, Trambakeshwar Rd, Belgaon Dhaga, Nashik, Belgaon Dhaga, Maharashtra 422213, India</value>
        </Data>
        <Data name="Latitude">
          <value>19.9718281</value>
        </Data>
        <Data name="Longitude">
          <value>73.6866462</value>
        </Data>
        <Data name="Google_Maps">
          <value><![CDATA[https://maps.google.com/?cid=3106931623846683864&g_mp=Cidnb29nbGUubWFwcy5wbGFjZXMudjEuUGxhY2VzLlNlYXJjaFRleHQQAhgEIAA]]></value>
        </Data>
        <Data name="Business_Status">
          <value>OPERATIONAL</value>
        </Data>
        <Data name="Rating">
          <value>5.0</value>
        </Data>
        <Data name="User_Rating_Count">
          <value>11.0</value>
        </Data>
        <Data name="Primary_Type">
          <value>bed_and_breakfast</value>
        </Data>
        <Data name="Types">
          <value>bed_and_breakfast, lodging, point_of_interest, establishment</value>
        </Data>
        <Data name="Establishment_Category">
          <value>hotels accommodation</value>
        </Data>
        <Data name="Waypoint">
          <value>Beze</value>
        </Data>
        <Data name="Waypoint_Latitude">
          <value>20.04</value>
        </Data>
        <Data name="Waypoint_Longitude">
          <value>73.63</value>
        </Data>
        <Data name="Establishment_Type">
          <value>hotels accommodation</value>
        </Data>
        <Data name="Search_Term">
          <value/>
        </Data>
        <Data name="Establishment_Name">
          <value/>
        </Data>
        <Data name="Category_EST">
          <value>Hotel </value>
        </Data>
        <Data name="Search_Location">
          <value/>
        </Data>
        <Data name="Search_Latitude">
          <value/>
        </Data>
        <Data name="Search_Longitude">
          <value/>
        </Data>
      </ExtendedData>
      <Point>
        <coordinates>
          73.6866462,19.9718281,0
        </coordinates>
      </Point>
    </Placemark>
    <Placemark>
      <name>HOTEL CITY PALACE City BUSINESS HOTEL CORPORATE HOTEL</name>
      <description><![CDATA[Source_File: Nashik_to_Trimbak_Establishments 1.xlsx<br>Source_Sheet: Sheet1<br>Place_ID: ChIJhVRAHAjr3TsR385T3G9fXo0<br>Address: Parag Plaza, Old Agra Rd, near Old, CBS, Police Staff Colony, Nashik, Maharashtra 422002, India<br>Latitude: 20.0002289<br>Longitude: 73.7820859<br>Google_Maps: https://maps.google.com/?cid=10186684341201129183&g_mp=Cidnb29nbGUubWFwcy5wbGFjZXMudjEuUGxhY2VzLlNlYXJjaFRleHQQAhgEIAA<br>Business_Status: OPERATIONAL<br>Rating: 4.1<br>User_Rating_Count: 677<br>Primary_Type: hotel<br>Types: hotel, banquet_hall, bed_and_breakfast, guest_house, private_guest_room, inn, restaurant, food, lodging, service, event_venue, point_of_interest, establishment<br>Establishment_Category: hotels accommodation<br>Waypoint: Beze<br>Waypoint_Latitude: 20.04<br>Waypoint_Longitude: 73.63<br>Establishment_Type: hotels accommodation<br>Search_Term: <br>Establishment_Name: <br>Category_EST: Hotel <br>Search_Location: <br>Search_Latitude: <br>Search_Longitude: ]]></description>
      <styleUrl>#icon-1899-3949AB</styleUrl>
      <ExtendedData>
        <Data name="Source_File">
          <value>Nashik_to_Trimbak_Establishments 1.xlsx</value>
        </Data>
        <Data name="Source_Sheet">
          <value>Sheet1</value>
        </Data>
        <Data name="Place_ID">
          <value>ChIJhVRAHAjr3TsR385T3G9fXo0</value>
        </Data>
        <Data name="Address">
          <value>Parag Plaza, Old Agra Rd, near Old, CBS, Police Staff Colony, Nashik, Maharashtra 422002, India</value>
        </Data>
        <Data name="Latitude">
          <value>20.0002289</value>
        </Data>
        <Data name="Longitude">
          <value>73.7820859</value>
        </Data>
        <Data name="Google_Maps">
          <value><![CDATA[https://maps.google.com/?cid=10186684341201129183&g_mp=Cidnb29nbGUubWFwcy5wbGFjZXMudjEuUGxhY2VzLlNlYXJjaFRleHQQAhgEIAA]]></value>
        </Data>
        <Data name="Business_Status">
          <value>OPERATIONAL</value>
        </Data>
        <Data name="Rating">
          <value>4.1</value>
        </Data>
        <Data name="User_Rating_Count">
          <value>677.0</value>
        </Data>
        <Data name="Primary_Type">
          <value>hotel</value>
        </Data>
        <Data name="Types">
          <value>hotel, banquet_hall, bed_and_breakfast, guest_house, private_guest_room, inn, restaurant, food, lodging, service, event_venue, point_of_interest, establishment</value>
        </Data>
        <Data name="Establishment_Category">
          <value>hotels accommodation</value>
        </Data>
        <Data name="Waypoint">
          <value>Beze</value>
        </Data>
        <Data name="Waypoint_Latitude">
          <value>20.04</value>
        </Data>
        <Data name="Waypoint_Longitude">
          <value>73.63</value>
        </Data>
        <Data name="Establishment_Type">
          <value>hotels accommodation</value>
        </Data>
        <Data name="Search_Term">
          <value/>
        </Data>
        <Data name="Establishment_Name">
          <value/>
        </Data>
        <Data name="Category_EST">
          <value>Hotel </value>
        </Data>
        <Data name="Search_Location">
          <value/>
        </Data>
        <Data name="Search_Latitude">
          <value/>
        </Data>
        <Data name="Search_Longitude">
          <value/>
        </Data>
      </ExtendedData>
      <Point>
        <coordinates>
          73.7820859,20.0002289,0
        </coordinates>
      </Point>
    </Placemark>
    <Placemark>
      <name>HOTEL PANCHAVATI ELITE INN PVT LTD</name>
      <description><![CDATA[Source_File: Nashik_to_Trimbak_Establishments 1.xlsx<br>Source_Sheet: Sheet1<br>Place_ID: ChIJp5ei5Xbr3TsRt8udjuGBXiM<br>Address: Trambakeshwar Rd, next to VINOD PETROL PUMP, Parijat Nagar, Nashik, Maharashtra 422002, India<br>Latitude: 19.9947865<br>Longitude: 73.7632511<br>Google_Maps: https://maps.google.com/?cid=2548617244898610103&g_mp=Cidnb29nbGUubWFwcy5wbGFjZXMudjEuUGxhY2VzLlNlYXJjaFRleHQQAhgEIAA<br>Business_Status: OPERATIONAL<br>Rating: 3.6<br>User_Rating_Count: 2314<br>Primary_Type: hotel<br>Types: hotel, lodging, point_of_interest, establishment<br>Establishment_Category: hotels accommodation<br>Waypoint: Beze<br>Waypoint_Latitude: 20.04<br>Waypoint_Longitude: 73.63<br>Establishment_Type: hotels accommodation<br>Search_Term: <br>Establishment_Name: <br>Category_EST: Hotel <br>Search_Location: <br>Search_Latitude: <br>Search_Longitude: ]]></description>
      <styleUrl>#icon-1899-3949AB</styleUrl>
      <ExtendedData>
        <Data name="Source_File">
          <value>Nashik_to_Trimbak_Establishments 1.xlsx</value>
        </Data>
        <Data name="Source_Sheet">
          <value>Sheet1</value>
        </Data>
        <Data name="Place_ID">
          <value>ChIJp5ei5Xbr3TsRt8udjuGBXiM</value>
        </Data>
        <Data name="Address">
          <value>Trambakeshwar Rd, next to VINOD PETROL PUMP, Parijat Nagar, Nashik, Maharashtra 422002, India</value>
        </Data>
        <Data name="Latitude">
          <value>19.9947865</value>
        </Data>
        <Data name="Longitude">
          <value>73.7632511</value>
        </Data>
        <Data name="Google_Maps">
          <value><![CDATA[https://maps.google.com/?cid=2548617244898610103&g_mp=Cidnb29nbGUubWFwcy5wbGFjZXMudjEuUGxhY2VzLlNlYXJjaFRleHQQAhgEIAA]]></value>
        </Data>
        <Data name="Business_Status">
          <value>OPERATIONAL</value>
        </Data>
        <Data name="Rating">
          <value>3.6</value>
        </Data>
        <Data name="User_Rating_Count">
          <value>2314.0</value>
        </Data>
        <Data name="Primary_Type">
          <value>hotel</value>
        </Data>
        <Data name="Types">
          <value>hotel, lodging, point_of_interest, establishment</value>
        </Data>
        <Data name="Establishment_Category">
          <value>hotels accommodation</value>
        </Data>
        <Data name="Waypoint">
          <value>Beze</value>
        </Data>
        <Data name="Waypoint_Latitude">
          <value>20.04</value>
        </Data>
        <Data name="Waypoint_Longitude">
          <value>73.63</value>
        </Data>
        <Data name="Establishment_Type">
          <value>hotels accommodation</value>
        </Data>
        <Data name="Search_Term">
          <value/>
        </Data>
        <Data name="Establishment_Name">
          <value/>
        </Data>
        <Data name="Category_EST">
          <value>Hotel </value>
        </Data>
        <Data name="Search_Location">
          <value/>
        </Data>
        <Data name="Search_Latitude">
          <value/>
        </Data>
        <Data name="Search_Longitude">
          <value/>
        </Data>
      </ExtendedData>
      <Point>
        <coordinates>
          73.7632511,19.9947865,0
        </coordinates>
      </Point>
    </Placemark>
    <Placemark>
      <name>HOTEL SURUCHI</name>
      <description><![CDATA[Source_File: Nashik_to_Trimbak_Establishments 1.xlsx<br>Source_Sheet: Sheet1<br>Place_ID: ChIJx6Z2O43r3TsRcG8oyccvWzA<br>Address: 2Q2M+C93, Chatrapati Shivaji Maharaj Rd, CBS, Shalimar, Nashik, Maharashtra 422001, India<br>Latitude: 20.0010177<br>Longitude: 73.7834253<br>Google_Maps: https://maps.google.com/?cid=3484431271821078384&g_mp=Cidnb29nbGUubWFwcy5wbGFjZXMudjEuUGxhY2VzLlNlYXJjaFRleHQQAhgEIAA<br>Business_Status: OPERATIONAL<br>Rating: 4<br>User_Rating_Count: 410<br>Primary_Type: south_indian_restaurant<br>Types: south_indian_restaurant, indian_restaurant, restaurant, food, point_of_interest, establishment<br>Establishment_Category: hotels accommodation<br>Waypoint: Beze<br>Waypoint_Latitude: 20.04<br>Waypoint_Longitude: 73.63<br>Establishment_Type: hotels accommodation<br>Search_Term: <br>Establishment_Name: <br>Category_EST: Hotel <br>Search_Location: <br>Search_Latitude: <br>Search_Longitude: ]]></description>
      <styleUrl>#icon-1899-3949AB</styleUrl>
      <ExtendedData>
        <Data name="Source_File">
          <value>Nashik_to_Trimbak_Establishments 1.xlsx</value>
        </Data>
        <Data name="Source_Sheet">
          <value>Sheet1</value>
        </Data>
        <Data name="Place_ID">
          <value>ChIJx6Z2O43r3TsRcG8oyccvWzA</value>
        </Data>
        <Data name="Address">
          <value>2Q2M+C93, Chatrapati Shivaji Maharaj Rd, CBS, Shalimar, Nashik, Maharashtra 422001, India</value>
        </Data>
        <Data name="Latitude">
          <value>20.0010177</value>
        </Data>
        <Data name="Longitude">
          <value>73.7834253</value>
        </Data>
        <Data name="Google_Maps">
          <value><![CDATA[https://maps.google.com/?cid=3484431271821078384&g_mp=Cidnb29nbGUubWFwcy5wbGFjZXMudjEuUGxhY2VzLlNlYXJjaFRleHQQAhgEIAA]]></value>
        </Data>
        <Data name="Business_Status">
          <value>OPERATIONAL</value>
        </Data>
        <Data name="Rating">
          <value>4.0</value>
        </Data>
        <Data name="User_Rating_Count">
          <value>410.0</value>
        </Data>
        <Data name="Primary_Type">
          <value>south_indian_restaurant</value>
        </Data>
        <Data name="Types">
          <value>south_indian_restaurant, indian_restaurant, restaurant, food, point_of_interest, establishment</value>
        </Data>
        <Data name="Establishment_Category">
          <value>hotels accommodation</value>
        </Data>
        <Data name="Waypoint">
          <value>Beze</value>
        </Data>
        <Data name="Waypoint_Latitude">
          <value>20.04</value>
        </Data>
        <Data name="Waypoint_Longitude">
          <value>73.63</value>
        </Data>
        <Data name="Establishment_Type">
          <value>hotels accommodation</value>
        </Data>
        <Data name="Search_Term">
          <value/>
        </Data>
        <Data name="Establishment_Name">
          <value/>
        </Data>
        <Data name="Category_EST">
          <value>Hotel </value>
        </Data>
        <Data name="Search_Location">
          <value/>
        </Data>
        <Data name="Search_Latitude">
          <value/>
        </Data>
        <Data name="Search_Longitude">
          <value/>
        </Data>
      </ExtendedData>
      <Point>
        <coordinates>
          73.7834253,20.0010177,0
        </coordinates>
      </Point>
    </Placemark>
    <Placemark>
      <name>Hotel Bhakti Inn</name>
      <description><![CDATA[Source_File: Nashik_to_Trimbak_Establishments 1.xlsx<br>Source_Sheet: Sheet1<br>Place_ID: ChIJb3m7OtXr3TsRpoxdtRKvZRg<br>Address: 6th Floor, Viraj Space Complex, Samarth Nagar, Makhmalabad, Nashik, Maharashtra 422004, India<br>Latitude: 20.0326008<br>Longitude: 73.7946882<br>Google_Maps: https://maps.google.com/?cid=1758003724445125798&g_mp=Cidnb29nbGUubWFwcy5wbGFjZXMudjEuUGxhY2VzLlNlYXJjaFRleHQQAhgEIAA<br>Business_Status: OPERATIONAL<br>Rating: 3.7<br>User_Rating_Count: 14<br>Primary_Type: hotel<br>Types: hotel, banquet_hall, bed_and_breakfast, resort_hotel, motel, inn, lodging, event_venue, point_of_interest, establishment<br>Establishment_Category: hotels accommodation<br>Waypoint: Beze<br>Waypoint_Latitude: 20.04<br>Waypoint_Longitude: 73.63<br>Establishment_Type: hotels accommodation<br>Search_Term: <br>Establishment_Name: <br>Category_EST: Hotel <br>Search_Location: <br>Search_Latitude: <br>Search_Longitude: ]]></description>
      <styleUrl>#icon-1899-3949AB</styleUrl>
      <ExtendedData>
        <Data name="Source_File">
          <value>Nashik_to_Trimbak_Establishments 1.xlsx</value>
        </Data>
        <Data name="Source_Sheet">
          <value>Sheet1</value>
        </Data>
        <Data name="Place_ID">
          <value>ChIJb3m7OtXr3TsRpoxdtRKvZRg</value>
        </Data>
        <Data name="Address">
          <value>6th Floor, Viraj Space Complex, Samarth Nagar, Makhmalabad, Nashik, Maharashtra 422004, India</value>
        </Data>
        <Data name="Latitude">
          <value>20.0326008</value>
        </Data>
        <Data name="Longitude">
          <value>73.7946882</value>
        </Data>
        <Data name="Google_Maps">
          <value><![CDATA[https://maps.google.com/?cid=1758003724445125798&g_mp=Cidnb29nbGUubWFwcy5wbGFjZXMudjEuUGxhY2VzLlNlYXJjaFRleHQQAhgEIAA]]></value>
        </Data>
        <Data name="Business_Status">
          <value>OPERATIONAL</value>
        </Data>
        <Data name="Rating">
          <value>3.7</value>
        </Data>
        <Data name="User_Rating_Count">
          <value>14.0</value>
        </Data>
        <Data name="Primary_Type">
          <value>hotel</value>
        </Data>
        <Data name="Types">
          <value>hotel, banquet_hall, bed_and_breakfast, resort_hotel, motel, inn, lodging, event_venue, point_of_interest, establishment</value>
        </Data>
        <Data name="Establishment_Category">
          <value>hotels accommodation</value>
        </Data>
        <Data name="Waypoint">
          <value>Beze</value>
        </Data>
        <Data name="Waypoint_Latitude">
          <value>20.04</value>
        </Data>
        <Data name="Waypoint_Longitude">
          <value>73.63</value>
        </Data>
        <Data name="Establishment_Type">
          <value>hotels accommodation</value>
        </Data>
        <Data name="Search_Term">
          <value/>
        </Data>
        <Data name="Establishment_Name">
          <value/>
        </Data>
        <Data name="Category_EST">
          <value>Hotel </value>
        </Data>
        <Data name="Search_Location">
          <value/>
        </Data>
        <Data name="Search_Latitude">
          <value/>
        </Data>
        <Data name="Search_Longitude">
          <value/>
        </Data>
      </ExtendedData>
      <Point>
        <coordinates>
          73.7946882,20.0326008,0
        </coordinates>
      </Point>
    </Placemark>
    <Placemark>
      <name>Hotel City Pride</name>
      <description><![CDATA[Source_File: Nashik_to_Trimbak_Establishments 1.xlsx<br>Source_Sheet: Sheet1<br>Place_ID: ChIJA3mrFQrr3TsRBWVw79Wu_vE<br>Address: XQXG+99J, Tilak Wadi Rd, behind Rajiv Gandhi Bhavan Road, near Mayor Bunglow, Tilak Wadi, Jejurkar Wadi, Sharanpur, Nashik, Maharashtra 422002, India<br>Latitude: 19.998475<br>Longitude: 73.7759668<br>Google_Maps: https://maps.google.com/?cid=17437567041093526789&g_mp=Cidnb29nbGUubWFwcy5wbGFjZXMudjEuUGxhY2VzLlNlYXJjaFRleHQQAhgEIAA<br>Business_Status: OPERATIONAL<br>Rating: 4<br>User_Rating_Count: 1677<br>Primary_Type: hotel<br>Types: hotel, lodging, point_of_interest, establishment<br>Establishment_Category: hotels accommodation<br>Waypoint: Beze<br>Waypoint_Latitude: 20.04<br>Waypoint_Longitude: 73.63<br>Establishment_Type: hotels accommodation<br>Search_Term: <br>Establishment_Name: <br>Category_EST: Hotel <br>Search_Location: <br>Search_Latitude: <br>Search_Longitude: ]]></description>
      <styleUrl>#icon-1899-3949AB</styleUrl>
      <ExtendedData>
        <Data name="Source_File">
          <value>Nashik_to_Trimbak_Establishments 1.xlsx</value>
        </Data>
        <Data name="Source_Sheet">
          <value>Sheet1</value>
        </Data>
        <Data name="Place_ID">
          <value>ChIJA3mrFQrr3TsRBWVw79Wu_vE</value>
        </Data>
        <Data name="Address">
          <value>XQXG+99J, Tilak Wadi Rd, behind Rajiv Gandhi Bhavan Road, near Mayor Bunglow, Tilak Wadi, Jejurkar Wadi, Sharanpur, Nashik, Maharashtra 422002, India</value>
        </Data>
        <Data name="Latitude">
          <value>19.998475</value>
        </Data>
        <Data name="Longitude">
          <value>73.7759668</value>
        </Data>
        <Data name="Google_Maps">
          <value><![CDATA[https://maps.google.com/?cid=17437567041093526789&g_mp=Cidnb29nbGUubWFwcy5wbGFjZXMudjEuUGxhY2VzLlNlYXJjaFRleHQQAhgEIAA]]></value>
        </Data>
        <Data name="Business_Status">
          <value>OPERATIONAL</value>
        </Data>
        <Data name="Rating">
          <value>4.0</value>
        </Data>
        <Data name="User_Rating_Count">
          <value>1677.0</value>
        </Data>
        <Data name="Primary_Type">
          <value>hotel</value>
        </Data>
        <Data name="Types">
          <value>hotel, lodging, point_of_interest, establishment</value>
        </Data>
        <Data name="Establishment_Category">
          <value>hotels accommodation</value>
        </Data>
        <Data name="Waypoint">
          <value>Beze</value>
        </Data>
        <Data name="Waypoint_Latitude">
          <value>20.04</value>
        </Data>
        <Data name="Waypoint_Longitude">
          <value>73.63</value>
        </Data>
        <Data name="Establishment_Type">
          <value>hotels accommodation</value>
        </Data>
        <Data name="Search_Term">
          <value/>
        </Data>
        <Data name="Establishment_Name">
          <value/>
        </Data>
        <Data name="Category_EST">
          <value>Hotel </value>
        </Data>
        <Data name="Search_Location">
          <value/>
        </Data>
        <Data name="Search_Latitude">
          <value/>
        </Data>
        <Data name="Search_Longitude">
          <value/>
        </Data>
      </ExtendedData>
      <Point>
        <coordinates>
          73.7759668,19.998475,0
        </coordinates>
      </Point>
    </Placemark>
    <Placemark>
      <name>Hotel Grand Ashwin Nashik</name>
      <description><![CDATA[Source_File: Nashik_to_Trimbak_Establishments 1.xlsx<br>Source_Sheet: Sheet1<br>Place_ID: ChIJs6J_EE7r3TsRbeyK-xpXvsk<br>Address: Plot No 12, Service Road, Ashwin Nagar, Opposite Toyota Showroom Cidco, XQ56+H5C, Pathardi Fata, Ashwin Nagar, Nashik, Maharashtra 422009, India<br>Latitude: 19.9586583<br>Longitude: 73.7600985<br>Google_Maps: https://maps.google.com/?cid=14537152420599491693&g_mp=Cidnb29nbGUubWFwcy5wbGFjZXMudjEuUGxhY2VzLlNlYXJjaFRleHQQAhgEIAA<br>Business_Status: OPERATIONAL<br>Rating: 3.9<br>User_Rating_Count: 1152<br>Primary_Type: hotel<br>Types: hotel, lodging, point_of_interest, establishment<br>Establishment_Category: hotels accommodation<br>Waypoint: Beze<br>Waypoint_Latitude: 20.04<br>Waypoint_Longitude: 73.63<br>Establishment_Type: hotels accommodation<br>Search_Term: <br>Establishment_Name: <br>Category_EST: Hotel <br>Search_Location: <br>Search_Latitude: <br>Search_Longitude: ]]></description>
      <styleUrl>#icon-1899-3949AB</styleUrl>
      <ExtendedData>
        <Data name="Source_File">
          <value>Nashik_to_Trimbak_Establishments 1.xlsx</value>
        </Data>
        <Data name="Source_Sheet">
          <value>Sheet1</value>
        </Data>
        <Data name="Place_ID">
          <value>ChIJs6J_EE7r3TsRbeyK-xpXvsk</value>
        </Data>
        <Data name="Address">
          <value>Plot No 12, Service Road, Ashwin Nagar, Opposite Toyota Showroom Cidco, XQ56+H5C, Pathardi Fata, Ashwin Nagar, Nashik, Maharashtra 422009, India</value>
        </Data>
        <Data name="Latitude">
          <value>19.9586583</value>
        </Data>
        <Data name="Longitude">
          <value>73.7600985</value>
        </Data>
        <Data name="Google_Maps">
          <value><![CDATA[https://maps.google.com/?cid=14537152420599491693&g_mp=Cidnb29nbGUubWFwcy5wbGFjZXMudjEuUGxhY2VzLlNlYXJjaFRleHQQAhgEIAA]]></value>
        </Data>
        <Data name="Business_Status">
          <value>OPERATIONAL</value>
        </Data>
        <Data name="Rating">
          <value>3.9</value>
        </Data>
        <Data name="User_Rating_Count">
          <value>1152.0</value>
        </Data>
        <Data name="Primary_Type">
          <value>hotel</value>
        </Data>
        <Data name="Types">
          <value>hotel, lodging, point_of_interest, establishment</value>
        </Data>
        <Data name="Establishment_Category">
          <value>hotels accommodation</value>
        </Data>
        <Data name="Waypoint">
          <value>Beze</value>
        </Data>
        <Data name="Waypoint_Latitude">
          <value>20.04</value>
        </Data>
        <Data name="Waypoint_Longitude">
          <value>73.63</value>
        </Data>
        <Data name="Establishment_Type">
          <value>hotels accommodation</value>
        </Data>
        <Data name="Search_Term">
          <value/>
        </Data>
        <Data name="Establishment_Name">
          <value/>
        </Data>
        <Data name="Category_EST">
          <value>Hotel </value>
        </Data>
        <Data name="Search_Location">
          <value/>
        </Data>
        <Data name="Search_Latitude">
          <value/>
        </Data>
        <Data name="Search_Longitude">
          <value/>
        </Data>
      </ExtendedData>
      <Point>
        <coordinates>
          73.7600985,19.9586583,0
        </coordinates>
      </Point>
    </Placemark>
    <Placemark>
      <name>Hotel Hello</name>
      <description><![CDATA[Source_File: Nashik_to_Trimbak_Establishments 1.xlsx<br>Source_Sheet: Sheet1<br>Place_ID: ChIJK4ZUDnXr3TsR2yrkXvg-20k<br>Address: Sharanpur Link Rd, Patil Colony, Canada Corner, Nashik, Maharashtra 422002, India<br>Latitude: 19.997335<br>Longitude: 73.769052<br>Google_Maps: https://maps.google.com/?cid=5321916621133195995&g_mp=Cidnb29nbGUubWFwcy5wbGFjZXMudjEuUGxhY2VzLlNlYXJjaFRleHQQAhgEIAA<br>Business_Status: OPERATIONAL<br>Rating: 4.1<br>User_Rating_Count: 120<br>Primary_Type: indian_restaurant<br>Types: pakistani_restaurant, wine_bar, seafood_restaurant, north_indian_restaurant, vegetarian_restaurant, barbecue_restaurant, indian_restaurant, bar, restaurant, food, point_of_interest, establishment<br>Establishment_Category: hotels accommodation<br>Waypoint: Beze<br>Waypoint_Latitude: 20.04<br>Waypoint_Longitude: 73.63<br>Establishment_Type: hotels accommodation<br>Search_Term: <br>Establishment_Name: <br>Category_EST: Hotel <br>Search_Location: <br>Search_Latitude: <br>Search_Longitude: ]]></description>
      <styleUrl>#icon-1899-3949AB</styleUrl>
      <ExtendedData>
        <Data name="Source_File">
          <value>Nashik_to_Trimbak_Establishments 1.xlsx</value>
        </Data>
        <Data name="Source_Sheet">
          <value>Sheet1</value>
        </Data>
        <Data name="Place_ID">
          <value>ChIJK4ZUDnXr3TsR2yrkXvg-20k</value>
        </Data>
        <Data name="Address">
          <value>Sharanpur Link Rd, Patil Colony, Canada Corner, Nashik, Maharashtra 422002, India</value>
        </Data>
        <Data name="Latitude">
          <value>19.997335</value>
        </Data>
        <Data name="Longitude">
          <value>73.769052</value>
        </Data>
        <Data name="Google_Maps">
          <value><![CDATA[https://maps.google.com/?cid=5321916621133195995&g_mp=Cidnb29nbGUubWFwcy5wbGFjZXMudjEuUGxhY2VzLlNlYXJjaFRleHQQAhgEIAA]]></value>
        </Data>
        <Data name="Business_Status">
          <value>OPERATIONAL</value>
        </Data>
        <Data name="Rating">
          <value>4.1</value>
        </Data>
        <Data name="User_Rating_Count">
          <value>120.0</value>
        </Data>
        <Data name="Primary_Type">
          <value>indian_restaurant</value>
        </Data>
        <Data name="Types">
          <value>pakistani_restaurant, wine_bar, seafood_restaurant, north_indian_restaurant, vegetarian_restaurant, barbecue_restaurant, indian_restaurant, bar, restaurant, food, point_of_interest, establishment</value>
        </Data>
        <Data name="Establishment_Category">
          <value>hotels accommodation</value>
        </Data>
        <Data name="Waypoint">
          <value>Beze</value>
        </Data>
        <Data name="Waypoint_Latitude">
          <value>20.04</value>
        </Data>
        <Data name="Waypoint_Longitude">
          <value>73.63</value>
        </Data>
        <Data name="Establishment_Type">
          <value>hotels accommodation</value>
        </Data>
        <Data name="Search_Term">
          <value/>
        </Data>
        <Data name="Establishment_Name">
          <value/>
        </Data>
        <Data name="Category_EST">
          <value>Hotel </value>
        </Data>
        <Data name="Search_Location">
          <value/>
        </Data>
        <Data name="Search_Latitude">
          <value/>
        </Data>
        <Data name="Search_Longitude">
          <value/>
        </Data>
      </ExtendedData>
      <Point>
        <coordinates>
          73.769052,19.997335,0
        </coordinates>
      </Point>
    </Placemark>
    <Placemark>
      <name>Hotel Jalsa</name>
      <description><![CDATA[Source_File: Nashik_to_Trimbak_Establishments 1.xlsx<br>Source_Sheet: Sheet1<br>Place_ID: ChIJw2EkfoHs3TsRAzUdpyk6PAA<br>Address: 1/2 Plot, No.G, 29, Trambakeshwar Rd, behind Bank Of India, MIDC, Satpur Colony, Nashik, Maharashtra 422005, India<br>Latitude: 19.9913439<br>Longitude: 73.7447081<br>Google_Maps: https://maps.google.com/?cid=16952449174418691&g_mp=Cidnb29nbGUubWFwcy5wbGFjZXMudjEuUGxhY2VzLlNlYXJjaFRleHQQAhgEIAA<br>Business_Status: OPERATIONAL<br>Rating: 4.1<br>User_Rating_Count: 303<br>Primary_Type: hotel<br>Types: hotel, lodging, restaurant, food, point_of_interest, establishment<br>Establishment_Category: hotels accommodation<br>Waypoint: Beze<br>Waypoint_Latitude: 20.04<br>Waypoint_Longitude: 73.63<br>Establishment_Type: hotels accommodation<br>Search_Term: <br>Establishment_Name: <br>Category_EST: Hotel <br>Search_Location: <br>Search_Latitude: <br>Search_Longitude: ]]></description>
      <styleUrl>#icon-1899-3949AB</styleUrl>
      <ExtendedData>
        <Data name="Source_File">
          <value>Nashik_to_Trimbak_Establishments 1.xlsx</value>
        </Data>
        <Data name="Source_Sheet">
          <value>Sheet1</value>
        </Data>
        <Data name="Place_ID">
          <value>ChIJw2EkfoHs3TsRAzUdpyk6PAA</value>
        </Data>
        <Data name="Address">
          <value>1/2 Plot, No.G, 29, Trambakeshwar Rd, behind Bank Of India, MIDC, Satpur Colony, Nashik, Maharashtra 422005, India</value>
        </Data>
        <Data name="Latitude">
          <value>19.9913439</value>
        </Data>
        <Data name="Longitude">
          <value>73.7447081</value>
        </Data>
        <Data name="Google_Maps">
          <value><![CDATA[https://maps.google.com/?cid=16952449174418691&g_mp=Cidnb29nbGUubWFwcy5wbGFjZXMudjEuUGxhY2VzLlNlYXJjaFRleHQQAhgEIAA]]></value>
        </Data>
        <Data name="Business_Status">
          <value>OPERATIONAL</value>
        </Data>
        <Data name="Rating">
          <value>4.1</value>
        </Data>
        <Data name="User_Rating_Count">
          <value>303.0</value>
        </Data>
        <Data name="Primary_Type">
          <value>hotel</value>
        </Data>
        <Data name="Types">
          <value>hotel, lodging, restaurant, food, point_of_interest, establishment</value>
        </Data>
        <Data name="Establishment_Category">
          <value>hotels accommodation</value>
        </Data>
        <Data name="Waypoint">
          <value>Beze</value>
        </Data>
        <Data name="Waypoint_Latitude">
          <value>20.04</value>
        </Data>
        <Data name="Waypoint_Longitude">
          <value>73.63</value>
        </Data>
        <Data name="Establishment_Type">
          <value>hotels accommodation</value>
        </Data>
        <Data name="Search_Term">
          <value/>
        </Data>
        <Data name="Establishment_Name">
          <value/>
        </Data>
        <Data name="Category_EST">
          <value>Hotel </value>
        </Data>
        <Data name="Search_Location">
          <value/>
        </Data>
        <Data name="Search_Latitude">
          <value/>
        </Data>
        <Data name="Search_Longitude">
          <value/>
        </Data>
      </ExtendedData>
      <Point>
        <coordinates>
          73.7447081,19.9913439,0
        </coordinates>
      </Point>
    </Placemark>
    <Placemark>
      <name>Hotel MBC Citadel Nashik ( Near Sula, Trimbakeshwar and MIDC Area )</name>
      <description><![CDATA[Source_File: Nashik_to_Trimbak_Establishments 1.xlsx<br>Source_Sheet: Sheet1<br>Place_ID: ChIJT6XSF7rt3TsRMOvY0F1oxg4<br>Address: G-7, Trimbakeshwar Road, Trambakeshwar Rd, MIDC, Satpur Colony, Nashik, Maharashtra 422007, India<br>Latitude: 19.9920966<br>Longitude: 73.7460948<br>Google_Maps: https://maps.google.com/?cid=1064653114064825136&g_mp=Cidnb29nbGUubWFwcy5wbGFjZXMudjEuUGxhY2VzLlNlYXJjaFRleHQQAhgEIAA<br>Business_Status: OPERATIONAL<br>Rating: 4.2<br>User_Rating_Count: 1239<br>Primary_Type: hotel<br>Types: hotel, lodging, point_of_interest, establishment<br>Establishment_Category: hotels accommodation<br>Waypoint: Beze<br>Waypoint_Latitude: 20.04<br>Waypoint_Longitude: 73.63<br>Establishment_Type: hotels accommodation<br>Search_Term: <br>Establishment_Name: <br>Category_EST: Hotel <br>Search_Location: <br>Search_Latitude: <br>Search_Longitude: ]]></description>
      <styleUrl>#icon-1899-3949AB</styleUrl>
      <ExtendedData>
        <Data name="Source_File">
          <value>Nashik_to_Trimbak_Establishments 1.xlsx</value>
        </Data>
        <Data name="Source_Sheet">
          <value>Sheet1</value>
        </Data>
        <Data name="Place_ID">
          <value>ChIJT6XSF7rt3TsRMOvY0F1oxg4</value>
        </Data>
        <Data name="Address">
          <value>G-7, Trimbakeshwar Road, Trambakeshwar Rd, MIDC, Satpur Colony, Nashik, Maharashtra 422007, India</value>
        </Data>
        <Data name="Latitude">
          <value>19.9920966</value>
        </Data>
        <Data name="Longitude">
          <value>73.7460948</value>
        </Data>
        <Data name="Google_Maps">
          <value><![CDATA[https://maps.google.com/?cid=1064653114064825136&g_mp=Cidnb29nbGUubWFwcy5wbGFjZXMudjEuUGxhY2VzLlNlYXJjaFRleHQQAhgEIAA]]></value>
        </Data>
        <Data name="Business_Status">
          <value>OPERATIONAL</value>
        </Data>
        <Data name="Rating">
          <value>4.2</value>
        </Data>
        <Data name="User_Rating_Count">
          <value>1239.0</value>
        </Data>
        <Data name="Primary_Type">
          <value>hotel</value>
        </Data>
        <Data name="Types">
          <value>hotel, lodging, point_of_interest, establishment</value>
        </Data>
        <Data name="Establishment_Category">
          <value>hotels accommodation</value>
        </Data>
        <Data name="Waypoint">
          <value>Beze</value>
        </Data>
        <Data name="Waypoint_Latitude">
          <value>20.04</value>
        </Data>
        <Data name="Waypoint_Longitude">
          <value>73.63</value>
        </Data>
        <Data name="Establishment_Type">
          <value>hotels accommodation</value>
        </Data>
        <Data name="Search_Term">
          <value/>
        </Data>
        <Data name="Establishment_Name">
          <value/>
        </Data>
        <Data name="Category_EST">
          <value>Hotel </value>
        </Data>
        <Data name="Search_Location">
          <value/>
        </Data>
        <Data name="Search_Latitude">
          <value/>
        </Data>
        <Data name="Search_Longitude">
          <value/>
        </Data>
      </ExtendedData>
      <Point>
        <coordinates>
          73.7460948,19.9920966,0
        </coordinates>
      </Point>
    </Placemark>
    <Placemark>
      <name><![CDATA[Hotel Mazda & Cafe - Best Cafe in Nashik| Family Fine Dine Restaurant in Nashik| Multicuisine Restaurant in Nashik]]></name>
      <description><![CDATA[Source_File: Nashik_to_Trimbak_Establishments 1.xlsx<br>Source_Sheet: Sheet1<br>Place_ID: ChIJuStfZwjr3TsRp17VxthHK7A<br>Address: Old Agra Rd, Trimbak Naka, near New Thakkar Bazar, Trimbak Naka, Shalimar, Nashik, Maharashtra 422001, India<br>Latitude: 19.9979153<br>Longitude: 73.7817877<br>Google_Maps: https://maps.google.com/?cid=12694318971048255143&g_mp=Cidnb29nbGUubWFwcy5wbGFjZXMudjEuUGxhY2VzLlNlYXJjaFRleHQQAhgEIAA<br>Business_Status: OPERATIONAL<br>Rating: 4.3<br>User_Rating_Count: 556<br>Primary_Type: restaurant<br>Types: restaurant, bar_and_grill, fast_food_restaurant, bakery, cafe, asian_fusion_restaurant, fusion_restaurant, asian_restaurant, indian_restaurant, food_store, food, hotel, lodging, bar, store, point_of_interest, establishment<br>Establishment_Category: hotels accommodation<br>Waypoint: Beze<br>Waypoint_Latitude: 20.04<br>Waypoint_Longitude: 73.63<br>Establishment_Type: hotels accommodation<br>Search_Term: <br>Establishment_Name: <br>Category_EST: Hotel <br>Search_Location: <br>Search_Latitude: <br>Search_Longitude: ]]></description>
      <styleUrl>#icon-1899-3949AB</styleUrl>
      <ExtendedData>
        <Data name="Source_File">
          <value>Nashik_to_Trimbak_Establishments 1.xlsx</value>
        </Data>
        <Data name="Source_Sheet">
          <value>Sheet1</value>
        </Data>
        <Data name="Place_ID">
          <value>ChIJuStfZwjr3TsRp17VxthHK7A</value>
        </Data>
        <Data name="Address">
          <value>Old Agra Rd, Trimbak Naka, near New Thakkar Bazar, Trimbak Naka, Shalimar, Nashik, Maharashtra 422001, India</value>
        </Data>
        <Data name="Latitude">
          <value>19.9979153</value>
        </Data>
        <Data name="Longitude">
          <value>73.7817877</value>
        </Data>
        <Data name="Google_Maps">
          <value><![CDATA[https://maps.google.com/?cid=12694318971048255143&g_mp=Cidnb29nbGUubWFwcy5wbGFjZXMudjEuUGxhY2VzLlNlYXJjaFRleHQQAhgEIAA]]></value>
        </Data>
        <Data name="Business_Status">
          <value>OPERATIONAL</value>
        </Data>
        <Data name="Rating">
          <value>4.3</value>
        </Data>
        <Data name="User_Rating_Count">
          <value>556.0</value>
        </Data>
        <Data name="Primary_Type">
          <value>restaurant</value>
        </Data>
        <Data name="Types">
          <value>restaurant, bar_and_grill, fast_food_restaurant, bakery, cafe, asian_fusion_restaurant, fusion_restaurant, asian_restaurant, indian_restaurant, food_store, food, hotel, lodging, bar, store, point_of_interest, establishment</value>
        </Data>
        <Data name="Establishment_Category">
          <value>hotels accommodation</value>
        </Data>
        <Data name="Waypoint">
          <value>Beze</value>
        </Data>
        <Data name="Waypoint_Latitude">
          <value>20.04</value>
        </Data>
        <Data name="Waypoint_Longitude">
          <value>73.63</value>
        </Data>
        <Data name="Establishment_Type">
          <value>hotels accommodation</value>
        </Data>
        <Data name="Search_Term">
          <value/>
        </Data>
        <Data name="Establishment_Name">
          <value/>
        </Data>
        <Data name="Category_EST">
          <value>Hotel </value>
        </Data>
        <Data name="Search_Location">
          <value/>
        </Data>
        <Data name="Search_Latitude">
          <value/>
        </Data>
        <Data name="Search_Longitude">
          <value/>
        </Data>
      </ExtendedData>
      <Point>
        <coordinates>
          73.7817877,19.9979153,0
        </coordinates>
      </Point>
    </Placemark>
    <Placemark>
      <name>Hotel Mountain View</name>
      <description><![CDATA[Source_File: Nashik_to_Trimbak_Establishments 1.xlsx<br>Source_Sheet: Sheet1<br>Place_ID: ChIJC-eLFUft3TsRsz8rwn8Ynj4<br>Address: Opposite Grape County, Khambale, Trambakeshwar Rd, Phata, Nashik, Khambale, Maharashtra 422213, India<br>Latitude: 19.958876<br>Longitude: 73.6188658<br>Google_Maps: https://maps.google.com/?cid=4512070813669343155&g_mp=Cidnb29nbGUubWFwcy5wbGFjZXMudjEuUGxhY2VzLlNlYXJjaFRleHQQAhgEIAA<br>Business_Status: OPERATIONAL<br>Rating: 4.4<br>User_Rating_Count: 28<br>Primary_Type: hotel<br>Types: hotel, lodging, point_of_interest, establishment<br>Establishment_Category: hotels accommodation<br>Waypoint: Beze<br>Waypoint_Latitude: 20.04<br>Waypoint_Longitude: 73.63<br>Establishment_Type: hotels accommodation<br>Search_Term: <br>Establishment_Name: <br>Category_EST: Hotel <br>Search_Location: <br>Search_Latitude: <br>Search_Longitude: ]]></description>
      <styleUrl>#icon-1899-3949AB</styleUrl>
      <ExtendedData>
        <Data name="Source_File">
          <value>Nashik_to_Trimbak_Establishments 1.xlsx</value>
        </Data>
        <Data name="Source_Sheet">
          <value>Sheet1</value>
        </Data>
        <Data name="Place_ID">
          <value>ChIJC-eLFUft3TsRsz8rwn8Ynj4</value>
        </Data>
        <Data name="Address">
          <value>Opposite Grape County, Khambale, Trambakeshwar Rd, Phata, Nashik, Khambale, Maharashtra 422213, India</value>
        </Data>
        <Data name="Latitude">
          <value>19.958876</value>
        </Data>
        <Data name="Longitude">
          <value>73.6188658</value>
        </Data>
        <Data name="Google_Maps">
          <value><![CDATA[https://maps.google.com/?cid=4512070813669343155&g_mp=Cidnb29nbGUubWFwcy5wbGFjZXMudjEuUGxhY2VzLlNlYXJjaFRleHQQAhgEIAA]]></value>
        </Data>
        <Data name="Business_Status">
          <value>OPERATIONAL</value>
        </Data>
        <Data name="Rating">
          <value>4.4</value>
        </Data>
        <Data name="User_Rating_Count">
          <value>28.0</value>
        </Data>
        <Data name="Primary_Type">
          <value>hotel</value>
        </Data>
        <Data name="Types">
          <value>hotel, lodging, point_of_interest, establishment</value>
        </Data>
        <Data name="Establishment_Category">
          <value>hotels accommodation</value>
        </Data>
        <Data name="Waypoint">
          <value>Beze</value>
        </Data>
        <Data name="Waypoint_Latitude">
          <value>20.04</value>
        </Data>
        <Data name="Waypoint_Longitude">
          <value>73.63</value>
        </Data>
        <Data name="Establishment_Type">
          <value>hotels accommodation</value>
        </Data>
        <Data name="Search_Term">
          <value/>
        </Data>
        <Data name="Establishment_Name">
          <value/>
        </Data>
        <Data name="Category_EST">
          <value>Hotel </value>
        </Data>
        <Data name="Search_Location">
          <value/>
        </Data>
        <Data name="Search_Latitude">
          <value/>
        </Data>
        <Data name="Search_Longitude">
          <value/>
        </Data>
      </ExtendedData>
      <Point>
        <coordinates>
          73.6188658,19.958876,0
        </coordinates>
      </Point>
    </Placemark>
    <Placemark>
      <name>Hotel New Holiday Plaza</name>
      <description><![CDATA[Source_File: Nashik_to_Trimbak_Establishments 1.xlsx<br>Source_Sheet: Sheet1<br>Place_ID: ChIJMehmfAfr3TsRqFCqLJfoLdE<br>Address: Shalimar Chowk, Chatrapati Shivaji Maharaj Rd, Shalimar, Nashik, Maharashtra 422001, India<br>Latitude: 20.0013763<br>Longitude: 73.7865531<br>Google_Maps: https://maps.google.com/?cid=15072959263865983144&g_mp=Cidnb29nbGUubWFwcy5wbGFjZXMudjEuUGxhY2VzLlNlYXJjaFRleHQQAhgEIAA<br>Business_Status: OPERATIONAL<br>Rating: 3.9<br>User_Rating_Count: 1278<br>Primary_Type: hotel<br>Types: hotel, lodging, point_of_interest, establishment<br>Establishment_Category: hotels accommodation<br>Waypoint: Beze<br>Waypoint_Latitude: 20.04<br>Waypoint_Longitude: 73.63<br>Establishment_Type: hotels accommodation<br>Search_Term: <br>Establishment_Name: <br>Category_EST: Hotel <br>Search_Location: <br>Search_Latitude: <br>Search_Longitude: ]]></description>
      <styleUrl>#icon-1899-3949AB</styleUrl>
      <ExtendedData>
        <Data name="Source_File">
          <value>Nashik_to_Trimbak_Establishments 1.xlsx</value>
        </Data>
        <Data name="Source_Sheet">
          <value>Sheet1</value>
        </Data>
        <Data name="Place_ID">
          <value>ChIJMehmfAfr3TsRqFCqLJfoLdE</value>
        </Data>
        <Data name="Address">
          <value>Shalimar Chowk, Chatrapati Shivaji Maharaj Rd, Shalimar, Nashik, Maharashtra 422001, India</value>
        </Data>
        <Data name="Latitude">
          <value>20.0013763</value>
        </Data>
        <Data name="Longitude">
          <value>73.7865531</value>
        </Data>
        <Data name="Google_Maps">
          <value><![CDATA[https://maps.google.com/?cid=15072959263865983144&g_mp=Cidnb29nbGUubWFwcy5wbGFjZXMudjEuUGxhY2VzLlNlYXJjaFRleHQQAhgEIAA]]></value>
        </Data>
        <Data name="Business_Status">
          <value>OPERATIONAL</value>
        </Data>
        <Data name="Rating">
          <value>3.9</value>
        </Data>
        <Data name="User_Rating_Count">
          <value>1278.0</value>
        </Data>
        <Data name="Primary_Type">
          <value>hotel</value>
        </Data>
        <Data name="Types">
          <value>hotel, lodging, point_of_interest, establishment</value>
        </Data>
        <Data name="Establishment_Category">
          <value>hotels accommodation</value>
        </Data>
        <Data name="Waypoint">
          <value>Beze</value>
        </Data>
        <Data name="Waypoint_Latitude">
          <value>20.04</value>
        </Data>
        <Data name="Waypoint_Longitude">
          <value>73.63</value>
        </Data>
        <Data name="Establishment_Type">
          <value>hotels accommodation</value>
        </Data>
        <Data name="Search_Term">
          <value/>
        </Data>
        <Data name="Establishment_Name">
          <value/>
        </Data>
        <Data name="Category_EST">
          <value>Hotel </value>
        </Data>
        <Data name="Search_Location">
          <value/>
        </Data>
        <Data name="Search_Latitude">
          <value/>
        </Data>
        <Data name="Search_Longitude">
          <value/>
        </Data>
      </ExtendedData>
      <Point>
        <coordinates>
          73.7865531,20.0013763,0
        </coordinates>
      </Point>
    </Placemark>
    <Placemark>
      <name>Hotel Padma</name>
      <description><![CDATA[Source_File: Nashik_to_Trimbak_Establishments 1.xlsx<br>Source_Sheet: Sheet1<br>Place_ID: ChIJEXbiiqfr3TsRjw0bvtqb4gk<br>Address: Sharanpur Rd, opp. Old, CBS, Police Staff Colony, Nashik, Maharashtra 422002, India<br>Latitude: 20.0006148<br>Longitude: 73.7814931<br>Google_Maps: https://maps.google.com/?cid=712303054872579471&g_mp=Cidnb29nbGUubWFwcy5wbGFjZXMudjEuUGxhY2VzLlNlYXJjaFRleHQQAhgEIAA<br>Business_Status: OPERATIONAL<br>Rating: 3.8<br>User_Rating_Count: 365<br>Primary_Type: hotel<br>Types: hotel, lodging, point_of_interest, establishment<br>Establishment_Category: hotels accommodation<br>Waypoint: Beze<br>Waypoint_Latitude: 20.04<br>Waypoint_Longitude: 73.63<br>Establishment_Type: hotels accommodation<br>Search_Term: <br>Establishment_Name: <br>Category_EST: Hotel <br>Search_Location: <br>Search_Latitude: <br>Search_Longitude: ]]></description>
      <styleUrl>#icon-1899-3949AB</styleUrl>
      <ExtendedData>
        <Data name="Source_File">
          <value>Nashik_to_Trimbak_Establishments 1.xlsx</value>
        </Data>
        <Data name="Source_Sheet">
          <value>Sheet1</value>
        </Data>
        <Data name="Place_ID">
          <value>ChIJEXbiiqfr3TsRjw0bvtqb4gk</value>
        </Data>
        <Data name="Address">
          <value>Sharanpur Rd, opp. Old, CBS, Police Staff Colony, Nashik, Maharashtra 422002, India</value>
        </Data>
        <Data name="Latitude">
          <value>20.0006148</value>
        </Data>
        <Data name="Longitude">
          <value>73.7814931</value>
        </Data>
        <Data name="Google_Maps">
          <value><![CDATA[https://maps.google.com/?cid=712303054872579471&g_mp=Cidnb29nbGUubWFwcy5wbGFjZXMudjEuUGxhY2VzLlNlYXJjaFRleHQQAhgEIAA]]></value>
        </Data>
        <Data name="Business_Status">
          <value>OPERATIONAL</value>
        </Data>
        <Data name="Rating">
          <value>3.8</value>
        </Data>
        <Data name="User_Rating_Count">
          <value>365.0</value>
        </Data>
        <Data name="Primary_Type">
          <value>hotel</value>
        </Data>
        <Data name="Types">
          <value>hotel, lodging, point_of_interest, establishment</value>
        </Data>
        <Data name="Establishment_Category">
          <value>hotels accommodation</value>
        </Data>
        <Data name="Waypoint">
          <value>Beze</value>
        </Data>
        <Data name="Waypoint_Latitude">
          <value>20.04</value>
        </Data>
        <Data name="Waypoint_Longitude">
          <value>73.63</value>
        </Data>
        <Data name="Establishment_Type">
          <value>hotels accommodation</value>
        </Data>
        <Data name="Search_Term">
          <value/>
        </Data>
        <Data name="Establishment_Name">
          <value/>
        </Data>
        <Data name="Category_EST">
          <value>Hotel </value>
        </Data>
        <Data name="Search_Location">
          <value/>
        </Data>
        <Data name="Search_Latitude">
          <value/>
        </Data>
        <Data name="Search_Longitude">
          <value/>
        </Data>
      </ExtendedData>
      <Point>
        <coordinates>
          73.7814931,20.0006148,0
        </coordinates>
      </Point>
    </Placemark>
    <Placemark>
      <name>Hotel Padmalaxmi</name>
      <description><![CDATA[Source_File: Nashik_to_Trimbak_Establishments 1.xlsx<br>Source_Sheet: Sheet1<br>Place_ID: ChIJr1dPVAjr3TsR2hWhV3LoMzg<br>Address: Thakkar's Bazzar, New CBS, Trambakeshwar Rd, Thakkar Bazar, Police Staff Colony, Nashik, Maharashtra 422002, India<br>Latitude: 19.9977607<br>Longitude: 73.7800488<br>Google_Maps: https://maps.google.com/?cid=4049836067730298330&g_mp=Cidnb29nbGUubWFwcy5wbGFjZXMudjEuUGxhY2VzLlNlYXJjaFRleHQQAhgEIAA<br>Business_Status: OPERATIONAL<br>Rating: 3.8<br>User_Rating_Count: 236<br>Primary_Type: hotel<br>Types: hotel, extended_stay_hotel, family_restaurant, bed_and_breakfast, north_indian_restaurant, vegetarian_restaurant, private_guest_room, south_indian_restaurant, indian_restaurant, lodging, chinese_restaurant, restaurant, food, point_of_interest, establishment<br>Establishment_Category: hotels accommodation<br>Waypoint: Beze<br>Waypoint_Latitude: 20.04<br>Waypoint_Longitude: 73.63<br>Establishment_Type: hotels accommodation<br>Search_Term: <br>Establishment_Name: <br>Category_EST: Hotel <br>Search_Location: <br>Search_Latitude: <br>Search_Longitude: ]]></description>
      <styleUrl>#icon-1899-3949AB</styleUrl>
      <ExtendedData>
        <Data name="Source_File">
          <value>Nashik_to_Trimbak_Establishments 1.xlsx</value>
        </Data>
        <Data name="Source_Sheet">
          <value>Sheet1</value>
        </Data>
        <Data name="Place_ID">
          <value>ChIJr1dPVAjr3TsR2hWhV3LoMzg</value>
        </Data>
        <Data name="Address">
          <value><![CDATA[Thakkar's Bazzar, New CBS, Trambakeshwar Rd, Thakkar Bazar, Police Staff Colony, Nashik, Maharashtra 422002, India]]></value>
        </Data>
        <Data name="Latitude">
          <value>19.9977607</value>
        </Data>
        <Data name="Longitude">
          <value>73.7800488</value>
        </Data>
        <Data name="Google_Maps">
          <value><![CDATA[https://maps.google.com/?cid=4049836067730298330&g_mp=Cidnb29nbGUubWFwcy5wbGFjZXMudjEuUGxhY2VzLlNlYXJjaFRleHQQAhgEIAA]]></value>
        </Data>
        <Data name="Business_Status">
          <value>OPERATIONAL</value>
        </Data>
        <Data name="Rating">
          <value>3.8</value>
        </Data>
        <Data name="User_Rating_Count">
          <value>236.0</value>
        </Data>
        <Data name="Primary_Type">
          <value>hotel</value>
        </Data>
        <Data name="Types">
          <value>hotel, extended_stay_hotel, family_restaurant, bed_and_breakfast, north_indian_restaurant, vegetarian_restaurant, private_guest_room, south_indian_restaurant, indian_restaurant, lodging, chinese_restaurant, restaurant, food, point_of_interest, establishment</value>
        </Data>
        <Data name="Establishment_Category">
          <value>hotels accommodation</value>
        </Data>
        <Data name="Waypoint">
          <value>Beze</value>
        </Data>
        <Data name="Waypoint_Latitude">
          <value>20.04</value>
        </Data>
        <Data name="Waypoint_Longitude">
          <value>73.63</value>
        </Data>
        <Data name="Establishment_Type">
          <value>hotels accommodation</value>
        </Data>
        <Data name="Search_Term">
          <value/>
        </Data>
        <Data name="Establishment_Name">
          <value/>
        </Data>
        <Data name="Category_EST">
          <value>Hotel </value>
        </Data>
        <Data name="Search_Location">
          <value/>
        </Data>
        <Data name="Search_Latitude">
          <value/>
        </Data>
        <Data name="Search_Longitude">
          <value/>
        </Data>
      </ExtendedData>
      <Point>
        <coordinates>
          73.7800488,19.9977607,0
        </coordinates>
      </Point>
    </Placemark>
    <Placemark>
      <name>Hotel Pooja International</name>
      <description><![CDATA[Source_File: Nashik_to_Trimbak_Establishments 1.xlsx<br>Source_Sheet: Sheet1<br>Place_ID: ChIJP7Cvfwjr3TsR4xFJT6ya4ig<br>Address: Trambakeshwar Rd, Opp. Zilla Parishad, Trimbak Naka, Shalimar, Nashik, Maharashtra 422001, India<br>Latitude: 19.997966<br>Longitude: 73.782949<br>Google_Maps: https://maps.google.com/?cid=2946087171108966883&g_mp=Cidnb29nbGUubWFwcy5wbGFjZXMudjEuUGxhY2VzLlNlYXJjaFRleHQQAhgEIAA<br>Business_Status: OPERATIONAL<br>Rating: 3.6<br>User_Rating_Count: 831<br>Primary_Type: hotel<br>Types: hotel, lodging, point_of_interest, establishment<br>Establishment_Category: hotels accommodation<br>Waypoint: Beze<br>Waypoint_Latitude: 20.04<br>Waypoint_Longitude: 73.63<br>Establishment_Type: hotels accommodation<br>Search_Term: <br>Establishment_Name: <br>Category_EST: Hotel <br>Search_Location: <br>Search_Latitude: <br>Search_Longitude: ]]></description>
      <styleUrl>#icon-1899-3949AB</styleUrl>
      <ExtendedData>
        <Data name="Source_File">
          <value>Nashik_to_Trimbak_Establishments 1.xlsx</value>
        </Data>
        <Data name="Source_Sheet">
          <value>Sheet1</value>
        </Data>
        <Data name="Place_ID">
          <value>ChIJP7Cvfwjr3TsR4xFJT6ya4ig</value>
        </Data>
        <Data name="Address">
          <value>Trambakeshwar Rd, Opp. Zilla Parishad, Trimbak Naka, Shalimar, Nashik, Maharashtra 422001, India</value>
        </Data>
        <Data name="Latitude">
          <value>19.997966</value>
        </Data>
        <Data name="Longitude">
          <value>73.782949</value>
        </Data>
        <Data name="Google_Maps">
          <value><![CDATA[https://maps.google.com/?cid=2946087171108966883&g_mp=Cidnb29nbGUubWFwcy5wbGFjZXMudjEuUGxhY2VzLlNlYXJjaFRleHQQAhgEIAA]]></value>
        </Data>
        <Data name="Business_Status">
          <value>OPERATIONAL</value>
        </Data>
        <Data name="Rating">
          <value>3.6</value>
        </Data>
        <Data name="User_Rating_Count">
          <value>831.0</value>
        </Data>
        <Data name="Primary_Type">
          <value>hotel</value>
        </Data>
        <Data name="Types">
          <value>hotel, lodging, point_of_interest, establishment</value>
        </Data>
        <Data name="Establishment_Category">
          <value>hotels accommodation</value>
        </Data>
        <Data name="Waypoint">
          <value>Beze</value>
        </Data>
        <Data name="Waypoint_Latitude">
          <value>20.04</value>
        </Data>
        <Data name="Waypoint_Longitude">
          <value>73.63</value>
        </Data>
        <Data name="Establishment_Type">
          <value>hotels accommodation</value>
        </Data>
        <Data name="Search_Term">
          <value/>
        </Data>
        <Data name="Establishment_Name">
          <value/>
        </Data>
        <Data name="Category_EST">
          <value>Hotel </value>
        </Data>
        <Data name="Search_Location">
          <value/>
        </Data>
        <Data name="Search_Latitude">
          <value/>
        </Data>
        <Data name="Search_Longitude">
          <value/>
        </Data>
      </ExtendedData>
      <Point>
        <coordinates>
          73.782949,19.997966,0
        </coordinates>
      </Point>
    </Placemark>
    <Placemark>
      <name><![CDATA[Hotel RAWAIL'S SEBLE Privhet Ltd]]></name>
      <description><![CDATA[Source_File: Nashik_to_Trimbak_Establishments 1.xlsx<br>Source_Sheet: Sheet1<br>Place_ID: ChIJHey3wAzr3TsRG75Ky-XSw8g<br>Address: Plot No 5-6, 9 10, Trambakeshwar Rd, near Government Milk Dairy, Parijat Nagar, Nashik, Maharashtra 422002, India<br>Latitude: 19.9949136<br>Longitude: 73.7638265<br>Google_Maps: https://maps.google.com/?cid=14466638312444182043&g_mp=Cidnb29nbGUubWFwcy5wbGFjZXMudjEuUGxhY2VzLlNlYXJjaFRleHQQAhgEIAA<br>Business_Status: OPERATIONAL<br>Rating: 3.7<br>User_Rating_Count: 360<br>Primary_Type: hotel<br>Types: hotel, lodging, point_of_interest, establishment<br>Establishment_Category: hotels accommodation<br>Waypoint: Beze<br>Waypoint_Latitude: 20.04<br>Waypoint_Longitude: 73.63<br>Establishment_Type: hotels accommodation<br>Search_Term: <br>Establishment_Name: <br>Category_EST: Hotel <br>Search_Location: <br>Search_Latitude: <br>Search_Longitude: ]]></description>
      <styleUrl>#icon-1899-3949AB</styleUrl>
      <ExtendedData>
        <Data name="Source_File">
          <value>Nashik_to_Trimbak_Establishments 1.xlsx</value>
        </Data>
        <Data name="Source_Sheet">
          <value>Sheet1</value>
        </Data>
        <Data name="Place_ID">
          <value>ChIJHey3wAzr3TsRG75Ky-XSw8g</value>
        </Data>
        <Data name="Address">
          <value>Plot No 5-6, 9 10, Trambakeshwar Rd, near Government Milk Dairy, Parijat Nagar, Nashik, Maharashtra 422002, India</value>
        </Data>
        <Data name="Latitude">
          <value>19.9949136</value>
        </Data>
        <Data name="Longitude">
          <value>73.7638265</value>
        </Data>
        <Data name="Google_Maps">
          <value><![CDATA[https://maps.google.com/?cid=14466638312444182043&g_mp=Cidnb29nbGUubWFwcy5wbGFjZXMudjEuUGxhY2VzLlNlYXJjaFRleHQQAhgEIAA]]></value>
        </Data>
        <Data name="Business_Status">
          <value>OPERATIONAL</value>
        </Data>
        <Data name="Rating">
          <value>3.7</value>
        </Data>
        <Data name="User_Rating_Count">
          <value>360.0</value>
        </Data>
        <Data name="Primary_Type">
          <value>hotel</value>
        </Data>
        <Data name="Types">
          <value>hotel, lodging, point_of_interest, establishment</value>
        </Data>
        <Data name="Establishment_Category">
          <value>hotels accommodation</value>
        </Data>
        <Data name="Waypoint">
          <value>Beze</value>
        </Data>
        <Data name="Waypoint_Latitude">
          <value>20.04</value>
        </Data>
        <Data name="Waypoint_Longitude">
          <value>73.63</value>
        </Data>
        <Data name="Establishment_Type">
          <value>hotels accommodation</value>
        </Data>
        <Data name="Search_Term">
          <value/>
        </Data>
        <Data name="Establishment_Name">
          <value/>
        </Data>
        <Data name="Category_EST">
          <value>Hotel </value>
        </Data>
        <Data name="Search_Location">
          <value/>
        </Data>
        <Data name="Search_Latitude">
          <value/>
        </Data>
        <Data name="Search_Longitude">
          <value/>
        </Data>
      </ExtendedData>
      <Point>
        <coordinates>
          73.7638265,19.9949136,0
        </coordinates>
      </Point>
    </Placemark>
    <Placemark>
      <name>Hotel Rajmahal</name>
      <description><![CDATA[Source_File: Nashik_to_Trimbak_Establishments 1.xlsx<br>Source_Sheet: Sheet1<br>Place_ID: ChIJjehx9qfr3TsR0GOtjQpbZVM<br>Address: Opp. Old. C.B.S, 2Q2J+6R2, Sharanpur Rd, Police Staff Colony, Nashik, Maharashtra 422002, India<br>Latitude: 20.0005203<br>Longitude: 73.782017<br>Google_Maps: https://maps.google.com/?cid=6009309378680546256&g_mp=Cidnb29nbGUubWFwcy5wbGFjZXMudjEuUGxhY2VzLlNlYXJjaFRleHQQAhgEIAA<br>Business_Status: OPERATIONAL<br>Rating: 3.8<br>User_Rating_Count: 587<br>Primary_Type: hotel<br>Types: hotel, pakistani_restaurant, breakfast_restaurant, south_indian_restaurant, north_indian_restaurant, indian_restaurant, chinese_restaurant, restaurant, food, lodging, point_of_interest, establishment<br>Establishment_Category: hotels accommodation<br>Waypoint: Beze<br>Waypoint_Latitude: 20.04<br>Waypoint_Longitude: 73.63<br>Establishment_Type: hotels accommodation<br>Search_Term: <br>Establishment_Name: <br>Category_EST: Hotel <br>Search_Location: <br>Search_Latitude: <br>Search_Longitude: ]]></description>
      <styleUrl>#icon-1899-3949AB</styleUrl>
      <ExtendedData>
        <Data name="Source_File">
          <value>Nashik_to_Trimbak_Establishments 1.xlsx</value>
        </Data>
        <Data name="Source_Sheet">
          <value>Sheet1</value>
        </Data>
        <Data name="Place_ID">
          <value>ChIJjehx9qfr3TsR0GOtjQpbZVM</value>
        </Data>
        <Data name="Address">
          <value>Opp. Old. C.B.S, 2Q2J+6R2, Sharanpur Rd, Police Staff Colony, Nashik, Maharashtra 422002, India</value>
        </Data>
        <Data name="Latitude">
          <value>20.0005203</value>
        </Data>
        <Data name="Longitude">
          <value>73.782017</value>
        </Data>
        <Data name="Google_Maps">
          <value><![CDATA[https://maps.google.com/?cid=6009309378680546256&g_mp=Cidnb29nbGUubWFwcy5wbGFjZXMudjEuUGxhY2VzLlNlYXJjaFRleHQQAhgEIAA]]></value>
        </Data>
        <Data name="Business_Status">
          <value>OPERATIONAL</value>
        </Data>
        <Data name="Rating">
          <value>3.8</value>
        </Data>
        <Data name="User_Rating_Count">
          <value>587.0</value>
        </Data>
        <Data name="Primary_Type">
          <value>hotel</value>
        </Data>
        <Data name="Types">
          <value>hotel, pakistani_restaurant, breakfast_restaurant, south_indian_restaurant, north_indian_restaurant, indian_restaurant, chinese_restaurant, restaurant, food, lodging, point_of_interest, establishment</value>
        </Data>
        <Data name="Establishment_Category">
          <value>hotels accommodation</value>
        </Data>
        <Data name="Waypoint">
          <value>Beze</value>
        </Data>
        <Data name="Waypoint_Latitude">
          <value>20.04</value>
        </Data>
        <Data name="Waypoint_Longitude">
          <value>73.63</value>
        </Data>
        <Data name="Establishment_Type">
          <value>hotels accommodation</value>
        </Data>
        <Data name="Search_Term">
          <value/>
        </Data>
        <Data name="Establishment_Name">
          <value/>
        </Data>
        <Data name="Category_EST">
          <value>Hotel </value>
        </Data>
        <Data name="Search_Location">
          <value/>
        </Data>
        <Data name="Search_Latitude">
          <value/>
        </Data>
        <Data name="Search_Longitude">
          <value/>
        </Data>
      </ExtendedData>
      <Point>
        <coordinates>
          73.782017,20.0005203,0
        </coordinates>
      </Point>
    </Placemark>
    <Placemark>
      <name>Hotel Royal Orbit</name>
      <description><![CDATA[Source_File: Nashik_to_Trimbak_Establishments 1.xlsx<br>Source_Sheet: Sheet1<br>Place_ID: ChIJc0Dl5-Pt3TsReWPkGMaH28Y<br>Address: Mahiravani, Trimbakeshwar Road, Nashik, Mahiravni, Maharashtra 422213, India<br>Latitude: 19.970505<br>Longitude: 73.6760086<br>Google_Maps: https://maps.google.com/?cid=14329195924300260217&g_mp=Cidnb29nbGUubWFwcy5wbGFjZXMudjEuUGxhY2VzLlNlYXJjaFRleHQQAhgEIAA<br>Business_Status: OPERATIONAL<br>Rating: 3.8<br>User_Rating_Count: 28<br>Primary_Type: lodging<br>Types: lodging, point_of_interest, establishment<br>Establishment_Category: hotels accommodation<br>Waypoint: Beze<br>Waypoint_Latitude: 20.04<br>Waypoint_Longitude: 73.63<br>Establishment_Type: hotels accommodation<br>Search_Term: <br>Establishment_Name: <br>Category_EST: Hotel <br>Search_Location: <br>Search_Latitude: <br>Search_Longitude: ]]></description>
      <styleUrl>#icon-1899-3949AB</styleUrl>
      <ExtendedData>
        <Data name="Source_File">
          <value>Nashik_to_Trimbak_Establishments 1.xlsx</value>
        </Data>
        <Data name="Source_Sheet">
          <value>Sheet1</value>
        </Data>
        <Data name="Place_ID">
          <value>ChIJc0Dl5-Pt3TsReWPkGMaH28Y</value>
        </Data>
        <Data name="Address">
          <value>Mahiravani, Trimbakeshwar Road, Nashik, Mahiravni, Maharashtra 422213, India</value>
        </Data>
        <Data name="Latitude">
          <value>19.970505</value>
        </Data>
        <Data name="Longitude">
          <value>73.6760086</value>
        </Data>
        <Data name="Google_Maps">
          <value><![CDATA[https://maps.google.com/?cid=14329195924300260217&g_mp=Cidnb29nbGUubWFwcy5wbGFjZXMudjEuUGxhY2VzLlNlYXJjaFRleHQQAhgEIAA]]></value>
        </Data>
        <Data name="Business_Status">
          <value>OPERATIONAL</value>
        </Data>
        <Data name="Rating">
          <value>3.8</value>
        </Data>
        <Data name="User_Rating_Count">
          <value>28.0</value>
        </Data>
        <Data name="Primary_Type">
          <value>lodging</value>
        </Data>
        <Data name="Types">
          <value>lodging, point_of_interest, establishment</value>
        </Data>
        <Data name="Establishment_Category">
          <value>hotels accommodation</value>
        </Data>
        <Data name="Waypoint">
          <value>Beze</value>
        </Data>
        <Data name="Waypoint_Latitude">
          <value>20.04</value>
        </Data>
        <Data name="Waypoint_Longitude">
          <value>73.63</value>
        </Data>
        <Data name="Establishment_Type">
          <value>hotels accommodation</value>
        </Data>
        <Data name="Search_Term">
          <value/>
        </Data>
        <Data name="Establishment_Name">
          <value/>
        </Data>
        <Data name="Category_EST">
          <value>Hotel </value>
        </Data>
        <Data name="Search_Location">
          <value/>
        </Data>
        <Data name="Search_Latitude">
          <value/>
        </Data>
        <Data name="Search_Longitude">
          <value/>
        </Data>
      </ExtendedData>
      <Point>
        <coordinates>
          73.6760086,19.970505,0
        </coordinates>
      </Point>
    </Placemark>
    <Placemark>
      <name>Hotel Royale Heritage, Nashik</name>
      <description><![CDATA[Source_File: Nashik_to_Trimbak_Establishments 1.xlsx<br>Source_Sheet: Sheet1<br>Place_ID: ChIJbzsZhqfr3TsRRzq5w5ePEM0<br>Address: Off, ND Patel Rd, behind Telephone Exchange, Warty Colony, Ganjmal, Nashik, Maharashtra 422001, India<br>Latitude: 19.9978844<br>Longitude: 73.7858327<br>Google_Maps: https://maps.google.com/?cid=14776468259389127239&g_mp=Cidnb29nbGUubWFwcy5wbGFjZXMudjEuUGxhY2VzLlNlYXJjaFRleHQQAhgEIAA<br>Business_Status: OPERATIONAL<br>Rating: 3.8<br>User_Rating_Count: 4655<br>Primary_Type: hotel<br>Types: hotel, lodging, point_of_interest, establishment<br>Establishment_Category: hotels accommodation<br>Waypoint: Beze<br>Waypoint_Latitude: 20.04<br>Waypoint_Longitude: 73.63<br>Establishment_Type: hotels accommodation<br>Search_Term: <br>Establishment_Name: <br>Category_EST: Hotel <br>Search_Location: <br>Search_Latitude: <br>Search_Longitude: ]]></description>
      <styleUrl>#icon-1899-3949AB</styleUrl>
      <ExtendedData>
        <Data name="Source_File">
          <value>Nashik_to_Trimbak_Establishments 1.xlsx</value>
        </Data>
        <Data name="Source_Sheet">
          <value>Sheet1</value>
        </Data>
        <Data name="Place_ID">
          <value>ChIJbzsZhqfr3TsRRzq5w5ePEM0</value>
        </Data>
        <Data name="Address">
          <value>Off, ND Patel Rd, behind Telephone Exchange, Warty Colony, Ganjmal, Nashik, Maharashtra 422001, India</value>
        </Data>
        <Data name="Latitude">
          <value>19.9978844</value>
        </Data>
        <Data name="Longitude">
          <value>73.7858327</value>
        </Data>
        <Data name="Google_Maps">
          <value><![CDATA[https://maps.google.com/?cid=14776468259389127239&g_mp=Cidnb29nbGUubWFwcy5wbGFjZXMudjEuUGxhY2VzLlNlYXJjaFRleHQQAhgEIAA]]></value>
        </Data>
        <Data name="Business_Status">
          <value>OPERATIONAL</value>
        </Data>
        <Data name="Rating">
          <value>3.8</value>
        </Data>
        <Data name="User_Rating_Count">
          <value>4655.0</value>
        </Data>
        <Data name="Primary_Type">
          <value>hotel</value>
        </Data>
        <Data name="Types">
          <value>hotel, lodging, point_of_interest, establishment</value>
        </Data>
        <Data name="Establishment_Category">
          <value>hotels accommodation</value>
        </Data>
        <Data name="Waypoint">
          <value>Beze</value>
        </Data>
        <Data name="Waypoint_Latitude">
          <value>20.04</value>
        </Data>
        <Data name="Waypoint_Longitude">
          <value>73.63</value>
        </Data>
        <Data name="Establishment_Type">
          <value>hotels accommodation</value>
        </Data>
        <Data name="Search_Term">
          <value/>
        </Data>
        <Data name="Establishment_Name">
          <value/>
        </Data>
        <Data name="Category_EST">
          <value>Hotel </value>
        </Data>
        <Data name="Search_Location">
          <value/>
        </Data>
        <Data name="Search_Latitude">
          <value/>
        </Data>
        <Data name="Search_Longitude">
          <value/>
        </Data>
      </ExtendedData>
      <Point>
        <coordinates>
          73.7858327,19.9978844,0
        </coordinates>
      </Point>
    </Placemark>
    <Placemark>
      <name><![CDATA[Hotel SM Palace Sonali Garden & Banquet Hall Nashik]]></name>
      <description><![CDATA[Source_File: Nashik_to_Trimbak_Establishments 1.xlsx<br>Source_Sheet: Sheet1<br>Place_ID: ChIJz5kRYq3t3TsRyXXPLIRf2CY<br>Address: Survey No.161, Belgaon Dhaga Phata, D/1, Trambakeshwar Rd, Trimbak, Belgaon Dhaga, Maharashtra 422213, India<br>Latitude: 19.9718515<br>Longitude: 73.6824458<br>Google_Maps: https://maps.google.com/?cid=2799092189702878665&g_mp=Cidnb29nbGUubWFwcy5wbGFjZXMudjEuUGxhY2VzLlNlYXJjaFRleHQQAhgEIAA<br>Business_Status: OPERATIONAL<br>Rating: 2.9<br>User_Rating_Count: 41<br>Primary_Type: event_venue<br>Types: event_venue, banquet_hall, extended_stay_hotel, wedding_venue, restaurant, food, hotel, lodging, service, point_of_interest, establishment<br>Establishment_Category: hotels accommodation<br>Waypoint: Beze<br>Waypoint_Latitude: 20.04<br>Waypoint_Longitude: 73.63<br>Establishment_Type: hotels accommodation<br>Search_Term: <br>Establishment_Name: <br>Category_EST: Hotel <br>Search_Location: <br>Search_Latitude: <br>Search_Longitude: ]]></description>
      <styleUrl>#icon-1899-3949AB</styleUrl>
      <ExtendedData>
        <Data name="Source_File">
          <value>Nashik_to_Trimbak_Establishments 1.xlsx</value>
        </Data>
        <Data name="Source_Sheet">
          <value>Sheet1</value>
        </Data>
        <Data name="Place_ID">
          <value>ChIJz5kRYq3t3TsRyXXPLIRf2CY</value>
        </Data>
        <Data name="Address">
          <value>Survey No.161, Belgaon Dhaga Phata, D/1, Trambakeshwar Rd, Trimbak, Belgaon Dhaga, Maharashtra 422213, India</value>
        </Data>
        <Data name="Latitude">
          <value>19.9718515</value>
        </Data>
        <Data name="Longitude">
          <value>73.6824458</value>
        </Data>
        <Data name="Google_Maps">
          <value><![CDATA[https://maps.google.com/?cid=2799092189702878665&g_mp=Cidnb29nbGUubWFwcy5wbGFjZXMudjEuUGxhY2VzLlNlYXJjaFRleHQQAhgEIAA]]></value>
        </Data>
        <Data name="Business_Status">
          <value>OPERATIONAL</value>
        </Data>
        <Data name="Rating">
          <value>2.9</value>
        </Data>
        <Data name="User_Rating_Count">
          <value>41.0</value>
        </Data>
        <Data name="Primary_Type">
          <value>event_venue</value>
        </Data>
        <Data name="Types">
          <value>event_venue, banquet_hall, extended_stay_hotel, wedding_venue, restaurant, food, hotel, lodging, service, point_of_interest, establishment</value>
        </Data>
        <Data name="Establishment_Category">
          <value>hotels accommodation</value>
        </Data>
        <Data name="Waypoint">
          <value>Beze</value>
        </Data>
        <Data name="Waypoint_Latitude">
          <value>20.04</value>
        </Data>
        <Data name="Waypoint_Longitude">
          <value>73.63</value>
        </Data>
        <Data name="Establishment_Type">
          <value>hotels accommodation</value>
        </Data>
        <Data name="Search_Term">
          <value/>
        </Data>
        <Data name="Establishment_Name">
          <value/>
        </Data>
        <Data name="Category_EST">
          <value>Hotel </value>
        </Data>
        <Data name="Search_Location">
          <value/>
        </Data>
        <Data name="Search_Latitude">
          <value/>
        </Data>
        <Data name="Search_Longitude">
          <value/>
        </Data>
      </ExtendedData>
      <Point>
        <coordinates>
          73.6824458,19.9718515,0
        </coordinates>
      </Point>
    </Placemark>
    <Placemark>
      <name>Hotel Sahyadhri</name>
      <description><![CDATA[Source_File: Nashik_to_Trimbak_Establishments 1.xlsx<br>Source_Sheet: Sheet1<br>Place_ID: ChIJr6OgrAnr3TsR6X4mefEtkac<br>Address: Near New CBS, behind Central Bus Stand, Thakkar Bazar, Police Staff Colony, Nashik, Maharashtra 422002, India<br>Latitude: 19.9972077<br>Longitude: 73.7800891<br>Google_Maps: https://maps.google.com/?cid=12074482591099944681&g_mp=Cidnb29nbGUubWFwcy5wbGFjZXMudjEuUGxhY2VzLlNlYXJjaFRleHQQAhgEIAA<br>Business_Status: OPERATIONAL<br>Rating: 3.9<br>User_Rating_Count: 204<br>Primary_Type: hotel<br>Types: hotel, private_guest_room, extended_stay_hotel, lodging, point_of_interest, establishment<br>Establishment_Category: hotels accommodation<br>Waypoint: Beze<br>Waypoint_Latitude: 20.04<br>Waypoint_Longitude: 73.63<br>Establishment_Type: hotels accommodation<br>Search_Term: <br>Establishment_Name: <br>Category_EST: Hotel <br>Search_Location: <br>Search_Latitude: <br>Search_Longitude: ]]></description>
      <styleUrl>#icon-1899-3949AB</styleUrl>
      <ExtendedData>
        <Data name="Source_File">
          <value>Nashik_to_Trimbak_Establishments 1.xlsx</value>
        </Data>
        <Data name="Source_Sheet">
          <value>Sheet1</value>
        </Data>
        <Data name="Place_ID">
          <value>ChIJr6OgrAnr3TsR6X4mefEtkac</value>
        </Data>
        <Data name="Address">
          <value>Near New CBS, behind Central Bus Stand, Thakkar Bazar, Police Staff Colony, Nashik, Maharashtra 422002, India</value>
        </Data>
        <Data name="Latitude">
          <value>19.9972077</value>
        </Data>
        <Data name="Longitude">
          <value>73.7800891</value>
        </Data>
        <Data name="Google_Maps">
          <value><![CDATA[https://maps.google.com/?cid=12074482591099944681&g_mp=Cidnb29nbGUubWFwcy5wbGFjZXMudjEuUGxhY2VzLlNlYXJjaFRleHQQAhgEIAA]]></value>
        </Data>
        <Data name="Business_Status">
          <value>OPERATIONAL</value>
        </Data>
        <Data name="Rating">
          <value>3.9</value>
        </Data>
        <Data name="User_Rating_Count">
          <value>204.0</value>
        </Data>
        <Data name="Primary_Type">
          <value>hotel</value>
        </Data>
        <Data name="Types">
          <value>hotel, private_guest_room, extended_stay_hotel, lodging, point_of_interest, establishment</value>
        </Data>
        <Data name="Establishment_Category">
          <value>hotels accommodation</value>
        </Data>
        <Data name="Waypoint">
          <value>Beze</value>
        </Data>
        <Data name="Waypoint_Latitude">
          <value>20.04</value>
        </Data>
        <Data name="Waypoint_Longitude">
          <value>73.63</value>
        </Data>
        <Data name="Establishment_Type">
          <value>hotels accommodation</value>
        </Data>
        <Data name="Search_Term">
          <value/>
        </Data>
        <Data name="Establishment_Name">
          <value/>
        </Data>
        <Data name="Category_EST">
          <value>Hotel </value>
        </Data>
        <Data name="Search_Location">
          <value/>
        </Data>
        <Data name="Search_Latitude">
          <value/>
        </Data>
        <Data name="Search_Longitude">
          <value/>
        </Data>
      </ExtendedData>
      <Point>
        <coordinates>
          73.7800891,19.9972077,0
        </coordinates>
      </Point>
    </Placemark>
    <Placemark>
      <name>Hotel Samrat</name>
      <description><![CDATA[Source_File: Nashik_to_Trimbak_Establishments 1.xlsx<br>Source_Sheet: Sheet1<br>Place_ID: ChIJbzsZhqfr3TsRrpwF74ppnpk<br>Address: Old Agra Road, Opposite State Bank of India  Main Branch Near Central Bus Stand, CBS Rd, Police Staff Colony, Nashik, Maharashtra 422002, India<br>Latitude: 19.9992937<br>Longitude: 73.7817639<br>Google_Maps: https://maps.google.com/?cid=11069400979559783598&g_mp=Cidnb29nbGUubWFwcy5wbGFjZXMudjEuUGxhY2VzLlNlYXJjaFRleHQQAhgEIAA<br>Business_Status: OPERATIONAL<br>Rating: 3.5<br>User_Rating_Count: 630<br>Primary_Type: hotel<br>Types: hotel, lodging, point_of_interest, establishment<br>Establishment_Category: hotels accommodation<br>Waypoint: Beze<br>Waypoint_Latitude: 20.04<br>Waypoint_Longitude: 73.63<br>Establishment_Type: hotels accommodation<br>Search_Term: <br>Establishment_Name: <br>Category_EST: Hotel <br>Search_Location: <br>Search_Latitude: <br>Search_Longitude: ]]></description>
      <styleUrl>#icon-1899-3949AB</styleUrl>
      <ExtendedData>
        <Data name="Source_File">
          <value>Nashik_to_Trimbak_Establishments 1.xlsx</value>
        </Data>
        <Data name="Source_Sheet">
          <value>Sheet1</value>
        </Data>
        <Data name="Place_ID">
          <value>ChIJbzsZhqfr3TsRrpwF74ppnpk</value>
        </Data>
        <Data name="Address">
          <value>Old Agra Road, Opposite State Bank of India  Main Branch Near Central Bus Stand, CBS Rd, Police Staff Colony, Nashik, Maharashtra 422002, India</value>
        </Data>
        <Data name="Latitude">
          <value>19.9992937</value>
        </Data>
        <Data name="Longitude">
          <value>73.7817639</value>
        </Data>
        <Data name="Google_Maps">
          <value><![CDATA[https://maps.google.com/?cid=11069400979559783598&g_mp=Cidnb29nbGUubWFwcy5wbGFjZXMudjEuUGxhY2VzLlNlYXJjaFRleHQQAhgEIAA]]></value>
        </Data>
        <Data name="Business_Status">
          <value>OPERATIONAL</value>
        </Data>
        <Data name="Rating">
          <value>3.5</value>
        </Data>
        <Data name="User_Rating_Count">
          <value>630.0</value>
        </Data>
        <Data name="Primary_Type">
          <value>hotel</value>
        </Data>
        <Data name="Types">
          <value>hotel, lodging, point_of_interest, establishment</value>
        </Data>
        <Data name="Establishment_Category">
          <value>hotels accommodation</value>
        </Data>
        <Data name="Waypoint">
          <value>Beze</value>
        </Data>
        <Data name="Waypoint_Latitude">
          <value>20.04</value>
        </Data>
        <Data name="Waypoint_Longitude">
          <value>73.63</value>
        </Data>
        <Data name="Establishment_Type">
          <value>hotels accommodation</value>
        </Data>
        <Data name="Search_Term">
          <value/>
        </Data>
        <Data name="Establishment_Name">
          <value/>
        </Data>
        <Data name="Category_EST">
          <value>Hotel </value>
        </Data>
        <Data name="Search_Location">
          <value/>
        </Data>
        <Data name="Search_Latitude">
          <value/>
        </Data>
        <Data name="Search_Longitude">
          <value/>
        </Data>
      </ExtendedData>
      <Point>
        <coordinates>
          73.7817639,19.9992937,0
        </coordinates>
      </Point>
    </Placemark>
    <Placemark>
      <name>Hotel Shalimar Inn</name>
      <description><![CDATA[Source_File: Nashik_to_Trimbak_Establishments 1.xlsx<br>Source_Sheet: Sheet1<br>Place_ID: ChIJ48mv1anr3TsRHXTzzaeFV3w<br>Address: Shalimar Chowk, 2Q2P+CFV, near Old CBS, Shalimar, Nashik, Maharashtra 422001, India<br>Latitude: 20.0011113<br>Longitude: 73.7861685<br>Google_Maps: https://maps.google.com/?cid=8959776939438208029&g_mp=Cidnb29nbGUubWFwcy5wbGFjZXMudjEuUGxhY2VzLlNlYXJjaFRleHQQAhgEIAA<br>Business_Status: OPERATIONAL<br>Rating: 3.9<br>User_Rating_Count: 1538<br>Primary_Type: hotel<br>Types: hotel, lodging, point_of_interest, establishment<br>Establishment_Category: hotels accommodation<br>Waypoint: Beze<br>Waypoint_Latitude: 20.04<br>Waypoint_Longitude: 73.63<br>Establishment_Type: hotels accommodation<br>Search_Term: <br>Establishment_Name: <br>Category_EST: Hotel <br>Search_Location: <br>Search_Latitude: <br>Search_Longitude: ]]></description>
      <styleUrl>#icon-1899-3949AB</styleUrl>
      <ExtendedData>
        <Data name="Source_File">
          <value>Nashik_to_Trimbak_Establishments 1.xlsx</value>
        </Data>
        <Data name="Source_Sheet">
          <value>Sheet1</value>
        </Data>
        <Data name="Place_ID">
          <value>ChIJ48mv1anr3TsRHXTzzaeFV3w</value>
        </Data>
        <Data name="Address">
          <value>Shalimar Chowk, 2Q2P+CFV, near Old CBS, Shalimar, Nashik, Maharashtra 422001, India</value>
        </Data>
        <Data name="Latitude">
          <value>20.0011113</value>
        </Data>
        <Data name="Longitude">
          <value>73.7861685</value>
        </Data>
        <Data name="Google_Maps">
          <value><![CDATA[https://maps.google.com/?cid=8959776939438208029&g_mp=Cidnb29nbGUubWFwcy5wbGFjZXMudjEuUGxhY2VzLlNlYXJjaFRleHQQAhgEIAA]]></value>
        </Data>
        <Data name="Business_Status">
          <value>OPERATIONAL</value>
        </Data>
        <Data name="Rating">
          <value>3.9</value>
        </Data>
        <Data name="User_Rating_Count">
          <value>1538.0</value>
        </Data>
        <Data name="Primary_Type">
          <value>hotel</value>
        </Data>
        <Data name="Types">
          <value>hotel, lodging, point_of_interest, establishment</value>
        </Data>
        <Data name="Establishment_Category">
          <value>hotels accommodation</value>
        </Data>
        <Data name="Waypoint">
          <value>Beze</value>
        </Data>
        <Data name="Waypoint_Latitude">
          <value>20.04</value>
        </Data>
        <Data name="Waypoint_Longitude">
          <value>73.63</value>
        </Data>
        <Data name="Establishment_Type">
          <value>hotels accommodation</value>
        </Data>
        <Data name="Search_Term">
          <value/>
        </Data>
        <Data name="Establishment_Name">
          <value/>
        </Data>
        <Data name="Category_EST">
          <value>Hotel </value>
        </Data>
        <Data name="Search_Location">
          <value/>
        </Data>
        <Data name="Search_Latitude">
          <value/>
        </Data>
        <Data name="Search_Longitude">
          <value/>
        </Data>
      </ExtendedData>
      <Point>
        <coordinates>
          73.7861685,20.0011113,0
        </coordinates>
      </Point>
    </Placemark>
    <Placemark>
      <name>Hotel The Signature</name>
      <description><![CDATA[Source_File: Nashik_to_Trimbak_Establishments 1.xlsx<br>Source_Sheet: Sheet1<br>Place_ID: ChIJI1Aq5Xnr3TsRrD2CtXSs4lQ<br>Address: 2nd Flour, Vijay Chamber, Plot No.263, Dr BS Moonje Marg, opp. Cricket Ground, Near ABB Circle, Mahatma Nagar, Parijat Nagar, Nashik, Maharashtra 422007, India<br>Latitude: 19.997025<br>Longitude: 73.7543944<br>Google_Maps: https://maps.google.com/?cid=6116640861183950252&g_mp=Cidnb29nbGUubWFwcy5wbGFjZXMudjEuUGxhY2VzLlNlYXJjaFRleHQQAhgEIAA<br>Business_Status: OPERATIONAL<br>Rating: 4.8<br>User_Rating_Count: 63<br>Primary_Type: hotel<br>Types: hotel, lodging, point_of_interest, establishment<br>Establishment_Category: hotels accommodation<br>Waypoint: Beze<br>Waypoint_Latitude: 20.04<br>Waypoint_Longitude: 73.63<br>Establishment_Type: hotels accommodation<br>Search_Term: <br>Establishment_Name: <br>Category_EST: Hotel <br>Search_Location: <br>Search_Latitude: <br>Search_Longitude: ]]></description>
      <styleUrl>#icon-1899-3949AB</styleUrl>
      <ExtendedData>
        <Data name="Source_File">
          <value>Nashik_to_Trimbak_Establishments 1.xlsx</value>
        </Data>
        <Data name="Source_Sheet">
          <value>Sheet1</value>
        </Data>
        <Data name="Place_ID">
          <value>ChIJI1Aq5Xnr3TsRrD2CtXSs4lQ</value>
        </Data>
        <Data name="Address">
          <value>2nd Flour, Vijay Chamber, Plot No.263, Dr BS Moonje Marg, opp. Cricket Ground, Near ABB Circle, Mahatma Nagar, Parijat Nagar, Nashik, Maharashtra 422007, India</value>
        </Data>
        <Data name="Latitude">
          <value>19.997025</value>
        </Data>
        <Data name="Longitude">
          <value>73.7543944</value>
        </Data>
        <Data name="Google_Maps">
          <value><![CDATA[https://maps.google.com/?cid=6116640861183950252&g_mp=Cidnb29nbGUubWFwcy5wbGFjZXMudjEuUGxhY2VzLlNlYXJjaFRleHQQAhgEIAA]]></value>
        </Data>
        <Data name="Business_Status">
          <value>OPERATIONAL</value>
        </Data>
        <Data name="Rating">
          <value>4.8</value>
        </Data>
        <Data name="User_Rating_Count">
          <value>63.0</value>
        </Data>
        <Data name="Primary_Type">
          <value>hotel</value>
        </Data>
        <Data name="Types">
          <value>hotel, lodging, point_of_interest, establishment</value>
        </Data>
        <Data name="Establishment_Category">
          <value>hotels accommodation</value>
        </Data>
        <Data name="Waypoint">
          <value>Beze</value>
        </Data>
        <Data name="Waypoint_Latitude">
          <value>20.04</value>
        </Data>
        <Data name="Waypoint_Longitude">
          <value>73.63</value>
        </Data>
        <Data name="Establishment_Type">
          <value>hotels accommodation</value>
        </Data>
        <Data name="Search_Term">
          <value/>
        </Data>
        <Data name="Establishment_Name">
          <value/>
        </Data>
        <Data name="Category_EST">
          <value>Hotel </value>
        </Data>
        <Data name="Search_Location">
          <value/>
        </Data>
        <Data name="Search_Latitude">
          <value/>
        </Data>
        <Data name="Search_Longitude">
          <value/>
        </Data>
      </ExtendedData>
      <Point>
        <coordinates>
          73.7543944,19.997025,0
        </coordinates>
      </Point>
    </Placemark>
    <Placemark>
      <name>Hotel Three Leaves</name>
      <description><![CDATA[Source_File: Nashik_to_Trimbak_Establishments 1.xlsx<br>Source_Sheet: Sheet1<br>Place_ID: ChIJJSKvo8n03TsRaPXcD1NGdCs<br>Address: Mahadevi Road, beside police station, Trimbak, Maharashtra 422212, India<br>Latitude: 19.9381875<br>Longitude: 73.5334375<br>Google_Maps: https://maps.google.com/?cid=3131204963491706216&g_mp=Cidnb29nbGUubWFwcy5wbGFjZXMudjEuUGxhY2VzLlNlYXJjaFRleHQQAhgEIAA<br>Business_Status: OPERATIONAL<br>Rating: 4<br>User_Rating_Count: 1451<br>Primary_Type: hotel<br>Types: hotel, lodging, point_of_interest, establishment<br>Establishment_Category: hotels accommodation<br>Waypoint: Beze<br>Waypoint_Latitude: 20.04<br>Waypoint_Longitude: 73.63<br>Establishment_Type: hotels accommodation<br>Search_Term: <br>Establishment_Name: <br>Category_EST: Hotel <br>Search_Location: <br>Search_Latitude: <br>Search_Longitude: ]]></description>
      <styleUrl>#icon-1899-3949AB</styleUrl>
      <ExtendedData>
        <Data name="Source_File">
          <value>Nashik_to_Trimbak_Establishments 1.xlsx</value>
        </Data>
        <Data name="Source_Sheet">
          <value>Sheet1</value>
        </Data>
        <Data name="Place_ID">
          <value>ChIJJSKvo8n03TsRaPXcD1NGdCs</value>
        </Data>
        <Data name="Address">
          <value>Mahadevi Road, beside police station, Trimbak, Maharashtra 422212, India</value>
        </Data>
        <Data name="Latitude">
          <value>19.9381875</value>
        </Data>
        <Data name="Longitude">
          <value>73.5334375</value>
        </Data>
        <Data name="Google_Maps">
          <value><![CDATA[https://maps.google.com/?cid=3131204963491706216&g_mp=Cidnb29nbGUubWFwcy5wbGFjZXMudjEuUGxhY2VzLlNlYXJjaFRleHQQAhgEIAA]]></value>
        </Data>
        <Data name="Business_Status">
          <value>OPERATIONAL</value>
        </Data>
        <Data name="Rating">
          <value>4.0</value>
        </Data>
        <Data name="User_Rating_Count">
          <value>1451.0</value>
        </Data>
        <Data name="Primary_Type">
          <value>hotel</value>
        </Data>
        <Data name="Types">
          <value>hotel, lodging, point_of_interest, establishment</value>
        </Data>
        <Data name="Establishment_Category">
          <value>hotels accommodation</value>
        </Data>
        <Data name="Waypoint">
          <value>Beze</value>
        </Data>
        <Data name="Waypoint_Latitude">
          <value>20.04</value>
        </Data>
        <Data name="Waypoint_Longitude">
          <value>73.63</value>
        </Data>
        <Data name="Establishment_Type">
          <value>hotels accommodation</value>
        </Data>
        <Data name="Search_Term">
          <value/>
        </Data>
        <Data name="Establishment_Name">
          <value/>
        </Data>
        <Data name="Category_EST">
          <value>Hotel </value>
        </Data>
        <Data name="Search_Location">
          <value/>
        </Data>
        <Data name="Search_Latitude">
          <value/>
        </Data>
        <Data name="Search_Longitude">
          <value/>
        </Data>
      </ExtendedData>
      <Point>
        <coordinates>
          73.5334375,19.9381875,0
        </coordinates>
      </Point>
    </Placemark>
    <Placemark>
      <name><![CDATA[Hotel Trident INN AC & Non AC Rooms]]></name>
      <description><![CDATA[Source_File: Nashik_to_Trimbak_Establishments 1.xlsx<br>Source_Sheet: Sheet1<br>Place_ID: ChIJEQgK2OH13TsRJNzhJTPf8lo<br>Address: Plot No.05, Kailasraja Dakshineshwar Nagar Jawar Road, Trimbak, Maharashtra 422212, India<br>Latitude: 19.9420186<br>Longitude: 73.5346761<br>Google_Maps: https://maps.google.com/?cid=6553545818549378084&g_mp=Cidnb29nbGUubWFwcy5wbGFjZXMudjEuUGxhY2VzLlNlYXJjaFRleHQQAhgEIAA<br>Business_Status: OPERATIONAL<br>Rating: 3.6<br>User_Rating_Count: 150<br>Primary_Type: hotel<br>Types: hotel, lodging, point_of_interest, establishment<br>Establishment_Category: hotels accommodation<br>Waypoint: Beze<br>Waypoint_Latitude: 20.04<br>Waypoint_Longitude: 73.63<br>Establishment_Type: hotels accommodation<br>Search_Term: <br>Establishment_Name: <br>Category_EST: Hotel <br>Search_Location: <br>Search_Latitude: <br>Search_Longitude: ]]></description>
      <styleUrl>#icon-1899-3949AB</styleUrl>
      <ExtendedData>
        <Data name="Source_File">
          <value>Nashik_to_Trimbak_Establishments 1.xlsx</value>
        </Data>
        <Data name="Source_Sheet">
          <value>Sheet1</value>
        </Data>
        <Data name="Place_ID">
          <value>ChIJEQgK2OH13TsRJNzhJTPf8lo</value>
        </Data>
        <Data name="Address">
          <value>Plot No.05, Kailasraja Dakshineshwar Nagar Jawar Road, Trimbak, Maharashtra 422212, India</value>
        </Data>
        <Data name="Latitude">
          <value>19.9420186</value>
        </Data>
        <Data name="Longitude">
          <value>73.5346761</value>
        </Data>
        <Data name="Google_Maps">
          <value><![CDATA[https://maps.google.com/?cid=6553545818549378084&g_mp=Cidnb29nbGUubWFwcy5wbGFjZXMudjEuUGxhY2VzLlNlYXJjaFRleHQQAhgEIAA]]></value>
        </Data>
        <Data name="Business_Status">
          <value>OPERATIONAL</value>
        </Data>
        <Data name="Rating">
          <value>3.6</value>
        </Data>
        <Data name="User_Rating_Count">
          <value>150.0</value>
        </Data>
        <Data name="Primary_Type">
          <value>hotel</value>
        </Data>
        <Data name="Types">
          <value>hotel, lodging, point_of_interest, establishment</value>
        </Data>
        <Data name="Establishment_Category">
          <value>hotels accommodation</value>
        </Data>
        <Data name="Waypoint">
          <value>Beze</value>
        </Data>
        <Data name="Waypoint_Latitude">
          <value>20.04</value>
        </Data>
        <Data name="Waypoint_Longitude">
          <value>73.63</value>
        </Data>
        <Data name="Establishment_Type">
          <value>hotels accommodation</value>
        </Data>
        <Data name="Search_Term">
          <value/>
        </Data>
        <Data name="Establishment_Name">
          <value/>
        </Data>
        <Data name="Category_EST">
          <value>Hotel </value>
        </Data>
        <Data name="Search_Location">
          <value/>
        </Data>
        <Data name="Search_Latitude">
          <value/>
        </Data>
        <Data name="Search_Longitude">
          <value/>
        </Data>
      </ExtendedData>
      <Point>
        <coordinates>
          73.5346761,19.9420186,0
        </coordinates>
      </Point>
    </Placemark>
    <Placemark>
      <name>Hotel V.G.S</name>
      <description><![CDATA[Source_File: Nashik_to_Trimbak_Establishments 1.xlsx<br>Source_Sheet: Sheet1<br>Place_ID: ChIJvwgeFwDt3TsRPZMdC4jkpCk<br>Address: Plot no:44 17/2, Satpur MIDC Rd, behind Indian Tools, MIDC, Satpur Colony, Nashik, Maharashtra 422007, India<br>Latitude: 19.9961079<br>Longitude: 73.7326725<br>Google_Maps: https://maps.google.com/?cid=3000774524688765757&g_mp=Cidnb29nbGUubWFwcy5wbGFjZXMudjEuUGxhY2VzLlNlYXJjaFRleHQQAhgEIAA<br>Business_Status: OPERATIONAL<br>Rating: 3.8<br>User_Rating_Count: 50<br>Primary_Type: hotel<br>Types: hotel, lodging, point_of_interest, establishment<br>Establishment_Category: hotels accommodation<br>Waypoint: Beze<br>Waypoint_Latitude: 20.04<br>Waypoint_Longitude: 73.63<br>Establishment_Type: hotels accommodation<br>Search_Term: <br>Establishment_Name: <br>Category_EST: Hotel <br>Search_Location: <br>Search_Latitude: <br>Search_Longitude: ]]></description>
      <styleUrl>#icon-1899-3949AB</styleUrl>
      <ExtendedData>
        <Data name="Source_File">
          <value>Nashik_to_Trimbak_Establishments 1.xlsx</value>
        </Data>
        <Data name="Source_Sheet">
          <value>Sheet1</value>
        </Data>
        <Data name="Place_ID">
          <value>ChIJvwgeFwDt3TsRPZMdC4jkpCk</value>
        </Data>
        <Data name="Address">
          <value>Plot no:44 17/2, Satpur MIDC Rd, behind Indian Tools, MIDC, Satpur Colony, Nashik, Maharashtra 422007, India</value>
        </Data>
        <Data name="Latitude">
          <value>19.9961079</value>
        </Data>
        <Data name="Longitude">
          <value>73.7326725</value>
        </Data>
        <Data name="Google_Maps">
          <value><![CDATA[https://maps.google.com/?cid=3000774524688765757&g_mp=Cidnb29nbGUubWFwcy5wbGFjZXMudjEuUGxhY2VzLlNlYXJjaFRleHQQAhgEIAA]]></value>
        </Data>
        <Data name="Business_Status">
          <value>OPERATIONAL</value>
        </Data>
        <Data name="Rating">
          <value>3.8</value>
        </Data>
        <Data name="User_Rating_Count">
          <value>50.0</value>
        </Data>
        <Data name="Primary_Type">
          <value>hotel</value>
        </Data>
        <Data name="Types">
          <value>hotel, lodging, point_of_interest, establishment</value>
        </Data>
        <Data name="Establishment_Category">
          <value>hotels accommodation</value>
        </Data>
        <Data name="Waypoint">
          <value>Beze</value>
        </Data>
        <Data name="Waypoint_Latitude">
          <value>20.04</value>
        </Data>
        <Data name="Waypoint_Longitude">
          <value>73.63</value>
        </Data>
        <Data name="Establishment_Type">
          <value>hotels accommodation</value>
        </Data>
        <Data name="Search_Term">
          <value/>
        </Data>
        <Data name="Establishment_Name">
          <value/>
        </Data>
        <Data name="Category_EST">
          <value>Hotel </value>
        </Data>
        <Data name="Search_Location">
          <value/>
        </Data>
        <Data name="Search_Latitude">
          <value/>
        </Data>
        <Data name="Search_Longitude">
          <value/>
        </Data>
      </ExtendedData>
      <Point>
        <coordinates>
          73.7326725,19.9961079,0
        </coordinates>
      </Point>
    </Placemark>
    <Placemark>
      <name>Hotel vikrant Inn</name>
      <description><![CDATA[Source_File: Nashik_to_Trimbak_Establishments 1.xlsx<br>Source_Sheet: Sheet1<br>Place_ID: ChIJjQqWYgDt3TsRvubzEO4qZck<br>Address: 5 va Mail, Trambakeshwar Rd, Pimpalgaon Bahula, Nashik, Maharashtra 422010, India<br>Latitude: 19.9817788<br>Longitude: 73.7147104<br>Google_Maps: https://maps.google.com/?cid=14512052576246294206&g_mp=Cidnb29nbGUubWFwcy5wbGFjZXMudjEuUGxhY2VzLlNlYXJjaFRleHQQAhgEIAA<br>Business_Status: OPERATIONAL<br>Rating: 2.6<br>User_Rating_Count: 54<br>Primary_Type: lodging<br>Types: private_guest_room, lodging, point_of_interest, establishment<br>Establishment_Category: hotels accommodation<br>Waypoint: Beze<br>Waypoint_Latitude: 20.04<br>Waypoint_Longitude: 73.63<br>Establishment_Type: hotels accommodation<br>Search_Term: <br>Establishment_Name: <br>Category_EST: Hotel <br>Search_Location: <br>Search_Latitude: <br>Search_Longitude: ]]></description>
      <styleUrl>#icon-1899-3949AB</styleUrl>
      <ExtendedData>
        <Data name="Source_File">
          <value>Nashik_to_Trimbak_Establishments 1.xlsx</value>
        </Data>
        <Data name="Source_Sheet">
          <value>Sheet1</value>
        </Data>
        <Data name="Place_ID">
          <value>ChIJjQqWYgDt3TsRvubzEO4qZck</value>
        </Data>
        <Data name="Address">
          <value>5 va Mail, Trambakeshwar Rd, Pimpalgaon Bahula, Nashik, Maharashtra 422010, India</value>
        </Data>
        <Data name="Latitude">
          <value>19.9817788</value>
        </Data>
        <Data name="Longitude">
          <value>73.7147104</value>
        </Data>
        <Data name="Google_Maps">
          <value><![CDATA[https://maps.google.com/?cid=14512052576246294206&g_mp=Cidnb29nbGUubWFwcy5wbGFjZXMudjEuUGxhY2VzLlNlYXJjaFRleHQQAhgEIAA]]></value>
        </Data>
        <Data name="Business_Status">
          <value>OPERATIONAL</value>
        </Data>
        <Data name="Rating">
          <value>2.6</value>
        </Data>
        <Data name="User_Rating_Count">
          <value>54.0</value>
        </Data>
        <Data name="Primary_Type">
          <value>lodging</value>
        </Data>
        <Data name="Types">
          <value>private_guest_room, lodging, point_of_interest, establishment</value>
        </Data>
        <Data name="Establishment_Category">
          <value>hotels accommodation</value>
        </Data>
        <Data name="Waypoint">
          <value>Beze</value>
        </Data>
        <Data name="Waypoint_Latitude">
          <value>20.04</value>
        </Data>
        <Data name="Waypoint_Longitude">
          <value>73.63</value>
        </Data>
        <Data name="Establishment_Type">
          <value>hotels accommodation</value>
        </Data>
        <Data name="Search_Term">
          <value/>
        </Data>
        <Data name="Establishment_Name">
          <value/>
        </Data>
        <Data name="Category_EST">
          <value>Hotel </value>
        </Data>
        <Data name="Search_Location">
          <value/>
        </Data>
        <Data name="Search_Latitude">
          <value/>
        </Data>
        <Data name="Search_Longitude">
          <value/>
        </Data>
      </ExtendedData>
      <Point>
        <coordinates>
          73.7147104,19.9817788,0
        </coordinates>
      </Point>
    </Placemark>
    <Placemark>
      <name>House Of Stay</name>
      <description><![CDATA[Source_File: Nashik_to_Trimbak_Establishments 1.xlsx<br>Source_Sheet: Sheet1<br>Place_ID: ChIJ4bDK1V_r3TsRwH8WVrdBXhc<br>Address: opposite City Pride Hotel, near Golf Club Ground, Tilak Wadi, Tilkwadi, Police Staff Colony, Nashik, Maharashtra 422002, India<br>Latitude: 19.9984274<br>Longitude: 73.7773388<br>Google_Maps: https://maps.google.com/?cid=1683855566362279872&g_mp=Cidnb29nbGUubWFwcy5wbGFjZXMudjEuUGxhY2VzLlNlYXJjaFRleHQQAhgEIAA<br>Business_Status: OPERATIONAL<br>Rating: 5<br>User_Rating_Count: 84<br>Primary_Type: cottage<br>Types: cottage, private_guest_room, lodging, point_of_interest, establishment<br>Establishment_Category: hotels accommodation<br>Waypoint: Beze<br>Waypoint_Latitude: 20.04<br>Waypoint_Longitude: 73.63<br>Establishment_Type: hotels accommodation<br>Search_Term: <br>Establishment_Name: <br>Category_EST: Hotel <br>Search_Location: <br>Search_Latitude: <br>Search_Longitude: ]]></description>
      <styleUrl>#icon-1899-3949AB</styleUrl>
      <ExtendedData>
        <Data name="Source_File">
          <value>Nashik_to_Trimbak_Establishments 1.xlsx</value>
        </Data>
        <Data name="Source_Sheet">
          <value>Sheet1</value>
        </Data>
        <Data name="Place_ID">
          <value>ChIJ4bDK1V_r3TsRwH8WVrdBXhc</value>
        </Data>
        <Data name="Address">
          <value>opposite City Pride Hotel, near Golf Club Ground, Tilak Wadi, Tilkwadi, Police Staff Colony, Nashik, Maharashtra 422002, India</value>
        </Data>
        <Data name="Latitude">
          <value>19.9984274</value>
        </Data>
        <Data name="Longitude">
          <value>73.7773388</value>
        </Data>
        <Data name="Google_Maps">
          <value><![CDATA[https://maps.google.com/?cid=1683855566362279872&g_mp=Cidnb29nbGUubWFwcy5wbGFjZXMudjEuUGxhY2VzLlNlYXJjaFRleHQQAhgEIAA]]></value>
        </Data>
        <Data name="Business_Status">
          <value>OPERATIONAL</value>
        </Data>
        <Data name="Rating">
          <value>5.0</value>
        </Data>
        <Data name="User_Rating_Count">
          <value>84.0</value>
        </Data>
        <Data name="Primary_Type">
          <value>cottage</value>
        </Data>
        <Data name="Types">
          <value>cottage, private_guest_room, lodging, point_of_interest, establishment</value>
        </Data>
        <Data name="Establishment_Category">
          <value>hotels accommodation</value>
        </Data>
        <Data name="Waypoint">
          <value>Beze</value>
        </Data>
        <Data name="Waypoint_Latitude">
          <value>20.04</value>
        </Data>
        <Data name="Waypoint_Longitude">
          <value>73.63</value>
        </Data>
        <Data name="Establishment_Type">
          <value>hotels accommodation</value>
        </Data>
        <Data name="Search_Term">
          <value/>
        </Data>
        <Data name="Establishment_Name">
          <value/>
        </Data>
        <Data name="Category_EST">
          <value>Hotel </value>
        </Data>
        <Data name="Search_Location">
          <value/>
        </Data>
        <Data name="Search_Latitude">
          <value/>
        </Data>
        <Data name="Search_Longitude">
          <value/>
        </Data>
      </ExtendedData>
      <Point>
        <coordinates>
          73.7773388,19.9984274,0
        </coordinates>
      </Point>
    </Placemark>
    <Placemark>
      <name>Ibis Nashik</name>
      <description><![CDATA[Source_File: Nashik_to_Trimbak_Establishments 1.xlsx<br>Source_Sheet: Sheet1<br>Place_ID: ChIJS-H6OADt3TsRPia5IkKHey4<br>Address: Trimbakeshwar Rd, MIDC, Satpur Colony, Nashik, Maharashtra 422010, India<br>Latitude: 19.9908264<br>Longitude: 73.7387293<br>Google_Maps: https://maps.google.com/?cid=3349419466000246334&g_mp=Cidnb29nbGUubWFwcy5wbGFjZXMudjEuUGxhY2VzLlNlYXJjaFRleHQQAhgEIAA<br>Business_Status: OPERATIONAL<br>Rating: 4.3<br>User_Rating_Count: 49<br>Primary_Type: restaurant<br>Types: restaurant, food, point_of_interest, establishment<br>Establishment_Category: hotels accommodation<br>Waypoint: Beze<br>Waypoint_Latitude: 20.04<br>Waypoint_Longitude: 73.63<br>Establishment_Type: hotels accommodation<br>Search_Term: <br>Establishment_Name: <br>Category_EST: Hotel <br>Search_Location: <br>Search_Latitude: <br>Search_Longitude: ]]></description>
      <styleUrl>#icon-1899-3949AB</styleUrl>
      <ExtendedData>
        <Data name="Source_File">
          <value>Nashik_to_Trimbak_Establishments 1.xlsx</value>
        </Data>
        <Data name="Source_Sheet">
          <value>Sheet1</value>
        </Data>
        <Data name="Place_ID">
          <value>ChIJS-H6OADt3TsRPia5IkKHey4</value>
        </Data>
        <Data name="Address">
          <value>Trimbakeshwar Rd, MIDC, Satpur Colony, Nashik, Maharashtra 422010, India</value>
        </Data>
        <Data name="Latitude">
          <value>19.9908264</value>
        </Data>
        <Data name="Longitude">
          <value>73.7387293</value>
        </Data>
        <Data name="Google_Maps">
          <value><![CDATA[https://maps.google.com/?cid=3349419466000246334&g_mp=Cidnb29nbGUubWFwcy5wbGFjZXMudjEuUGxhY2VzLlNlYXJjaFRleHQQAhgEIAA]]></value>
        </Data>
        <Data name="Business_Status">
          <value>OPERATIONAL</value>
        </Data>
        <Data name="Rating">
          <value>4.3</value>
        </Data>
        <Data name="User_Rating_Count">
          <value>49.0</value>
        </Data>
        <Data name="Primary_Type">
          <value>restaurant</value>
        </Data>
        <Data name="Types">
          <value>restaurant, food, point_of_interest, establishment</value>
        </Data>
        <Data name="Establishment_Category">
          <value>hotels accommodation</value>
        </Data>
        <Data name="Waypoint">
          <value>Beze</value>
        </Data>
        <Data name="Waypoint_Latitude">
          <value>20.04</value>
        </Data>
        <Data name="Waypoint_Longitude">
          <value>73.63</value>
        </Data>
        <Data name="Establishment_Type">
          <value>hotels accommodation</value>
        </Data>
        <Data name="Search_Term">
          <value/>
        </Data>
        <Data name="Establishment_Name">
          <value/>
        </Data>
        <Data name="Category_EST">
          <value>Hotel </value>
        </Data>
        <Data name="Search_Location">
          <value/>
        </Data>
        <Data name="Search_Latitude">
          <value/>
        </Data>
        <Data name="Search_Longitude">
          <value/>
        </Data>
      </ExtendedData>
      <Point>
        <coordinates>
          73.7387293,19.9908264,0
        </coordinates>
      </Point>
    </Placemark>
    <Placemark>
      <name>Luxx Hotel Riviera</name>
      <description><![CDATA[Source_File: Nashik_to_Trimbak_Establishments 1.xlsx<br>Source_Sheet: Sheet1<br>Place_ID: ChIJ_UN-_X7r3TsRdCqL-L6FHfA<br>Address: 21 to 25B 69, Trambakeshwar Rd, Near ABB Circle, Mahatma Nagar, Parijat, Nagar, Nashik, Maharashtra 422005, India<br>Latitude: 19.9946853<br>Longitude: 73.7534907<br>Google_Maps: https://maps.google.com/?cid=17302132398687464052&g_mp=Cidnb29nbGUubWFwcy5wbGFjZXMudjEuUGxhY2VzLlNlYXJjaFRleHQQAhgEIAA<br>Business_Status: OPERATIONAL<br>Rating: 3.7<br>User_Rating_Count: 952<br>Primary_Type: hotel<br>Types: hotel, extended_stay_hotel, vegetarian_restaurant, private_guest_room, lodging, event_venue, restaurant, food, service, point_of_interest, establishment<br>Establishment_Category: hotels accommodation<br>Waypoint: Beze<br>Waypoint_Latitude: 20.04<br>Waypoint_Longitude: 73.63<br>Establishment_Type: hotels accommodation<br>Search_Term: <br>Establishment_Name: <br>Category_EST: Hotel <br>Search_Location: <br>Search_Latitude: <br>Search_Longitude: ]]></description>
      <styleUrl>#icon-1899-3949AB</styleUrl>
      <ExtendedData>
        <Data name="Source_File">
          <value>Nashik_to_Trimbak_Establishments 1.xlsx</value>
        </Data>
        <Data name="Source_Sheet">
          <value>Sheet1</value>
        </Data>
        <Data name="Place_ID">
          <value>ChIJ_UN-_X7r3TsRdCqL-L6FHfA</value>
        </Data>
        <Data name="Address">
          <value>21 to 25B 69, Trambakeshwar Rd, Near ABB Circle, Mahatma Nagar, Parijat, Nagar, Nashik, Maharashtra 422005, India</value>
        </Data>
        <Data name="Latitude">
          <value>19.9946853</value>
        </Data>
        <Data name="Longitude">
          <value>73.7534907</value>
        </Data>
        <Data name="Google_Maps">
          <value><![CDATA[https://maps.google.com/?cid=17302132398687464052&g_mp=Cidnb29nbGUubWFwcy5wbGFjZXMudjEuUGxhY2VzLlNlYXJjaFRleHQQAhgEIAA]]></value>
        </Data>
        <Data name="Business_Status">
          <value>OPERATIONAL</value>
        </Data>
        <Data name="Rating">
          <value>3.7</value>
        </Data>
        <Data name="User_Rating_Count">
          <value>952.0</value>
        </Data>
        <Data name="Primary_Type">
          <value>hotel</value>
        </Data>
        <Data name="Types">
          <value>hotel, extended_stay_hotel, vegetarian_restaurant, private_guest_room, lodging, event_venue, restaurant, food, service, point_of_interest, establishment</value>
        </Data>
        <Data name="Establishment_Category">
          <value>hotels accommodation</value>
        </Data>
        <Data name="Waypoint">
          <value>Beze</value>
        </Data>
        <Data name="Waypoint_Latitude">
          <value>20.04</value>
        </Data>
        <Data name="Waypoint_Longitude">
          <value>73.63</value>
        </Data>
        <Data name="Establishment_Type">
          <value>hotels accommodation</value>
        </Data>
        <Data name="Search_Term">
          <value/>
        </Data>
        <Data name="Establishment_Name">
          <value/>
        </Data>
        <Data name="Category_EST">
          <value>Hotel </value>
        </Data>
        <Data name="Search_Location">
          <value/>
        </Data>
        <Data name="Search_Latitude">
          <value/>
        </Data>
        <Data name="Search_Longitude">
          <value/>
        </Data>
      </ExtendedData>
      <Point>
        <coordinates>
          73.7534907,19.9946853,0
        </coordinates>
      </Point>
    </Placemark>
    <Placemark>
      <name>Mango Leaves Resort</name>
      <description><![CDATA[Source_File: Nashik_to_Trimbak_Establishments 1.xlsx<br>Source_Sheet: Sheet1<br>Place_ID: ChIJDY0Q8Wft3TsRvRkig8RBhTQ<br>Address: Near Sandip Foundation College, Mahiravni, Trambakeshwar Road, Nashik, Mahiravni, Maharashtra 422213, India<br>Latitude: 19.9665658<br>Longitude: 73.6646769<br>Google_Maps: https://maps.google.com/?cid=3784503374144215485&g_mp=Cidnb29nbGUubWFwcy5wbGFjZXMudjEuUGxhY2VzLlNlYXJjaFRleHQQAhgEIAA<br>Business_Status: OPERATIONAL<br>Rating: 3.8<br>User_Rating_Count: 395<br>Primary_Type: resort_hotel<br>Types: resort_hotel, hotel, lodging, point_of_interest, establishment<br>Establishment_Category: hotels accommodation<br>Waypoint: Beze<br>Waypoint_Latitude: 20.04<br>Waypoint_Longitude: 73.63<br>Establishment_Type: hotels accommodation<br>Search_Term: <br>Establishment_Name: <br>Category_EST: Hotel <br>Search_Location: <br>Search_Latitude: <br>Search_Longitude: ]]></description>
      <styleUrl>#icon-1899-3949AB</styleUrl>
      <ExtendedData>
        <Data name="Source_File">
          <value>Nashik_to_Trimbak_Establishments 1.xlsx</value>
        </Data>
        <Data name="Source_Sheet">
          <value>Sheet1</value>
        </Data>
        <Data name="Place_ID">
          <value>ChIJDY0Q8Wft3TsRvRkig8RBhTQ</value>
        </Data>
        <Data name="Address">
          <value>Near Sandip Foundation College, Mahiravni, Trambakeshwar Road, Nashik, Mahiravni, Maharashtra 422213, India</value>
        </Data>
        <Data name="Latitude">
          <value>19.9665658</value>
        </Data>
        <Data name="Longitude">
          <value>73.6646769</value>
        </Data>
        <Data name="Google_Maps">
          <value><![CDATA[https://maps.google.com/?cid=3784503374144215485&g_mp=Cidnb29nbGUubWFwcy5wbGFjZXMudjEuUGxhY2VzLlNlYXJjaFRleHQQAhgEIAA]]></value>
        </Data>
        <Data name="Business_Status">
          <value>OPERATIONAL</value>
        </Data>
        <Data name="Rating">
          <value>3.8</value>
        </Data>
        <Data name="User_Rating_Count">
          <value>395.0</value>
        </Data>
        <Data name="Primary_Type">
          <value>resort_hotel</value>
        </Data>
        <Data name="Types">
          <value>resort_hotel, hotel, lodging, point_of_interest, establishment</value>
        </Data>
        <Data name="Establishment_Category">
          <value>hotels accommodation</value>
        </Data>
        <Data name="Waypoint">
          <value>Beze</value>
        </Data>
        <Data name="Waypoint_Latitude">
          <value>20.04</value>
        </Data>
        <Data name="Waypoint_Longitude">
          <value>73.63</value>
        </Data>
        <Data name="Establishment_Type">
          <value>hotels accommodation</value>
        </Data>
        <Data name="Search_Term">
          <value/>
        </Data>
        <Data name="Establishment_Name">
          <value/>
        </Data>
        <Data name="Category_EST">
          <value>Hotel </value>
        </Data>
        <Data name="Search_Location">
          <value/>
        </Data>
        <Data name="Search_Latitude">
          <value/>
        </Data>
        <Data name="Search_Longitude">
          <value/>
        </Data>
      </ExtendedData>
      <Point>
        <coordinates>
          73.6646769,19.9665658,0
        </coordinates>
      </Point>
    </Placemark>
    <Placemark>
      <name>Renovos Hotel Riviera</name>
      <description><![CDATA[Source_File: Nashik_to_Trimbak_Establishments 1.xlsx<br>Source_Sheet: Sheet1<br>Place_ID: ChIJWx_M1H7r3TsRjU0OfZaZlts<br>Address: XQV3+V9Q, Unnamed Road, Mahatma Nagar, Parijat Nagar, Nashik, Maharashtra 422005, India<br>Latitude: 19.9947099<br>Longitude: 73.7534984<br>Google_Maps: https://maps.google.com/?cid=15823003212435049869&g_mp=Cidnb29nbGUubWFwcy5wbGFjZXMudjEuUGxhY2VzLlNlYXJjaFRleHQQAhgEIAA<br>Business_Status: OPERATIONAL<br>Rating: 3.6<br>User_Rating_Count: 150<br>Primary_Type: hotel<br>Types: hotel, lodging, point_of_interest, establishment<br>Establishment_Category: hotels accommodation<br>Waypoint: Beze<br>Waypoint_Latitude: 20.04<br>Waypoint_Longitude: 73.63<br>Establishment_Type: hotels accommodation<br>Search_Term: <br>Establishment_Name: <br>Category_EST: Hotel <br>Search_Location: <br>Search_Latitude: <br>Search_Longitude: ]]></description>
      <styleUrl>#icon-1899-3949AB</styleUrl>
      <ExtendedData>
        <Data name="Source_File">
          <value>Nashik_to_Trimbak_Establishments 1.xlsx</value>
        </Data>
        <Data name="Source_Sheet">
          <value>Sheet1</value>
        </Data>
        <Data name="Place_ID">
          <value>ChIJWx_M1H7r3TsRjU0OfZaZlts</value>
        </Data>
        <Data name="Address">
          <value>XQV3+V9Q, Unnamed Road, Mahatma Nagar, Parijat Nagar, Nashik, Maharashtra 422005, India</value>
        </Data>
        <Data name="Latitude">
          <value>19.9947099</value>
        </Data>
        <Data name="Longitude">
          <value>73.7534984</value>
        </Data>
        <Data name="Google_Maps">
          <value><![CDATA[https://maps.google.com/?cid=15823003212435049869&g_mp=Cidnb29nbGUubWFwcy5wbGFjZXMudjEuUGxhY2VzLlNlYXJjaFRleHQQAhgEIAA]]></value>
        </Data>
        <Data name="Business_Status">
          <value>OPERATIONAL</value>
        </Data>
        <Data name="Rating">
          <value>3.6</value>
        </Data>
        <Data name="User_Rating_Count">
          <value>150.0</value>
        </Data>
        <Data name="Primary_Type">
          <value>hotel</value>
        </Data>
        <Data name="Types">
          <value>hotel, lodging, point_of_interest, establishment</value>
        </Data>
        <Data name="Establishment_Category">
          <value>hotels accommodation</value>
        </Data>
        <Data name="Waypoint">
          <value>Beze</value>
        </Data>
        <Data name="Waypoint_Latitude">
          <value>20.04</value>
        </Data>
        <Data name="Waypoint_Longitude">
          <value>73.63</value>
        </Data>
        <Data name="Establishment_Type">
          <value>hotels accommodation</value>
        </Data>
        <Data name="Search_Term">
          <value/>
        </Data>
        <Data name="Establishment_Name">
          <value/>
        </Data>
        <Data name="Category_EST">
          <value>Hotel </value>
        </Data>
        <Data name="Search_Location">
          <value/>
        </Data>
        <Data name="Search_Latitude">
          <value/>
        </Data>
        <Data name="Search_Longitude">
          <value/>
        </Data>
      </ExtendedData>
      <Point>
        <coordinates>
          73.7534984,19.9947099,0
        </coordinates>
      </Point>
    </Placemark>
    <Placemark>
      <name>Royal Green Resort</name>
      <description><![CDATA[Source_File: Nashik_to_Trimbak_Establishments 1.xlsx<br>Source_Sheet: Sheet1<br>Place_ID: ChIJR1ERdADt3TsRco-q0U_LEmM<br>Address: Trambakeshwar Rd, Mahiravni, Maharashtra 422213, India<br>Latitude: 19.9649262<br>Longitude: 73.6612755<br>Google_Maps: https://maps.google.com/?cid=7138991903016128370&g_mp=Cidnb29nbGUubWFwcy5wbGFjZXMudjEuUGxhY2VzLlNlYXJjaFRleHQQAhgEIAA<br>Business_Status: OPERATIONAL<br>Rating: 4.1<br>User_Rating_Count: 20<br>Primary_Type: bed_and_breakfast<br>Types: bed_and_breakfast, lodging, point_of_interest, establishment<br>Establishment_Category: hotels accommodation<br>Waypoint: Beze<br>Waypoint_Latitude: 20.04<br>Waypoint_Longitude: 73.63<br>Establishment_Type: hotels accommodation<br>Search_Term: <br>Establishment_Name: <br>Category_EST: Hotel <br>Search_Location: <br>Search_Latitude: <br>Search_Longitude: ]]></description>
      <styleUrl>#icon-1899-3949AB</styleUrl>
      <ExtendedData>
        <Data name="Source_File">
          <value>Nashik_to_Trimbak_Establishments 1.xlsx</value>
        </Data>
        <Data name="Source_Sheet">
          <value>Sheet1</value>
        </Data>
        <Data name="Place_ID">
          <value>ChIJR1ERdADt3TsRco-q0U_LEmM</value>
        </Data>
        <Data name="Address">
          <value>Trambakeshwar Rd, Mahiravni, Maharashtra 422213, India</value>
        </Data>
        <Data name="Latitude">
          <value>19.9649262</value>
        </Data>
        <Data name="Longitude">
          <value>73.6612755</value>
        </Data>
        <Data name="Google_Maps">
          <value><![CDATA[https://maps.google.com/?cid=7138991903016128370&g_mp=Cidnb29nbGUubWFwcy5wbGFjZXMudjEuUGxhY2VzLlNlYXJjaFRleHQQAhgEIAA]]></value>
        </Data>
        <Data name="Business_Status">
          <value>OPERATIONAL</value>
        </Data>
        <Data name="Rating">
          <value>4.1</value>
        </Data>
        <Data name="User_Rating_Count">
          <value>20.0</value>
        </Data>
        <Data name="Primary_Type">
          <value>bed_and_breakfast</value>
        </Data>
        <Data name="Types">
          <value>bed_and_breakfast, lodging, point_of_interest, establishment</value>
        </Data>
        <Data name="Establishment_Category">
          <value>hotels accommodation</value>
        </Data>
        <Data name="Waypoint">
          <value>Beze</value>
        </Data>
        <Data name="Waypoint_Latitude">
          <value>20.04</value>
        </Data>
        <Data name="Waypoint_Longitude">
          <value>73.63</value>
        </Data>
        <Data name="Establishment_Type">
          <value>hotels accommodation</value>
        </Data>
        <Data name="Search_Term">
          <value/>
        </Data>
        <Data name="Establishment_Name">
          <value/>
        </Data>
        <Data name="Category_EST">
          <value>Hotel </value>
        </Data>
        <Data name="Search_Location">
          <value/>
        </Data>
        <Data name="Search_Latitude">
          <value/>
        </Data>
        <Data name="Search_Longitude">
          <value/>
        </Data>
      </ExtendedData>
      <Point>
        <coordinates>
          73.6612755,19.9649262,0
        </coordinates>
      </Point>
    </Placemark>
    <Placemark>
      <name>Sahakar Bhavan Lodge</name>
      <description><![CDATA[Source_File: Nashik_to_Trimbak_Establishments 1.xlsx<br>Source_Sheet: Sheet1<br>Place_ID: ChIJ23gYBKjr3TsR22DlZZM7uGg<br>Address: 2Q2M+FFC, Chatrapati Shivaji Maharaj Rd, Near CBS, CBS, Shalimar, Nashik, Maharashtra 422001, India<br>Latitude: 20.0011861<br>Longitude: 73.7836453<br>Google_Maps: https://maps.google.com/?cid=7545846679915028699&g_mp=Cidnb29nbGUubWFwcy5wbGFjZXMudjEuUGxhY2VzLlNlYXJjaFRleHQQAhgEIAA<br>Business_Status: OPERATIONAL<br>Rating: 2.7<br>User_Rating_Count: 34<br>Primary_Type: lodging<br>Types: lodging, point_of_interest, establishment<br>Establishment_Category: hotels accommodation<br>Waypoint: Beze<br>Waypoint_Latitude: 20.04<br>Waypoint_Longitude: 73.63<br>Establishment_Type: hotels accommodation<br>Search_Term: <br>Establishment_Name: <br>Category_EST: Hotel <br>Search_Location: <br>Search_Latitude: <br>Search_Longitude: ]]></description>
      <styleUrl>#icon-1899-3949AB</styleUrl>
      <ExtendedData>
        <Data name="Source_File">
          <value>Nashik_to_Trimbak_Establishments 1.xlsx</value>
        </Data>
        <Data name="Source_Sheet">
          <value>Sheet1</value>
        </Data>
        <Data name="Place_ID">
          <value>ChIJ23gYBKjr3TsR22DlZZM7uGg</value>
        </Data>
        <Data name="Address">
          <value>2Q2M+FFC, Chatrapati Shivaji Maharaj Rd, Near CBS, CBS, Shalimar, Nashik, Maharashtra 422001, India</value>
        </Data>
        <Data name="Latitude">
          <value>20.0011861</value>
        </Data>
        <Data name="Longitude">
          <value>73.7836453</value>
        </Data>
        <Data name="Google_Maps">
          <value><![CDATA[https://maps.google.com/?cid=7545846679915028699&g_mp=Cidnb29nbGUubWFwcy5wbGFjZXMudjEuUGxhY2VzLlNlYXJjaFRleHQQAhgEIAA]]></value>
        </Data>
        <Data name="Business_Status">
          <value>OPERATIONAL</value>
        </Data>
        <Data name="Rating">
          <value>2.7</value>
        </Data>
        <Data name="User_Rating_Count">
          <value>34.0</value>
        </Data>
        <Data name="Primary_Type">
          <value>lodging</value>
        </Data>
        <Data name="Types">
          <value>lodging, point_of_interest, establishment</value>
        </Data>
        <Data name="Establishment_Category">
          <value>hotels accommodation</value>
        </Data>
        <Data name="Waypoint">
          <value>Beze</value>
        </Data>
        <Data name="Waypoint_Latitude">
          <value>20.04</value>
        </Data>
        <Data name="Waypoint_Longitude">
          <value>73.63</value>
        </Data>
        <Data name="Establishment_Type">
          <value>hotels accommodation</value>
        </Data>
        <Data name="Search_Term">
          <value/>
        </Data>
        <Data name="Establishment_Name">
          <value/>
        </Data>
        <Data name="Category_EST">
          <value>Hotel </value>
        </Data>
        <Data name="Search_Location">
          <value/>
        </Data>
        <Data name="Search_Latitude">
          <value/>
        </Data>
        <Data name="Search_Longitude">
          <value/>
        </Data>
      </ExtendedData>
      <Point>
        <coordinates>
          73.7836453,20.0011861,0
        </coordinates>
      </Point>
    </Placemark>
    <Placemark>
      <name>Sai Vijay Hotel And Banquet</name>
      <description><![CDATA[Source_File: Nashik_to_Trimbak_Establishments 1.xlsx<br>Source_Sheet: Sheet1<br>Place_ID: ChIJwYqgjVfr3TsR_SZ0A02PksQ<br>Address: 309, 1, Ambad Link Rd, near Taj Gateway, next to Indoline Furniture, Saigram Nagar, Pathardi Phata, Nashik, Maharashtra 422010, India<br>Latitude: 19.9621184<br>Longitude: 73.7500118<br>Google_Maps: https://maps.google.com/?cid=14164541338966828797&g_mp=Cidnb29nbGUubWFwcy5wbGFjZXMudjEuUGxhY2VzLlNlYXJjaFRleHQQAhgEIAA<br>Business_Status: OPERATIONAL<br>Rating: 4<br>User_Rating_Count: 1393<br>Primary_Type: hotel<br>Types: hotel, lodging, point_of_interest, establishment<br>Establishment_Category: hotels accommodation<br>Waypoint: Beze<br>Waypoint_Latitude: 20.04<br>Waypoint_Longitude: 73.63<br>Establishment_Type: hotels accommodation<br>Search_Term: <br>Establishment_Name: <br>Category_EST: Hotel <br>Search_Location: <br>Search_Latitude: <br>Search_Longitude: ]]></description>
      <styleUrl>#icon-1899-3949AB</styleUrl>
      <ExtendedData>
        <Data name="Source_File">
          <value>Nashik_to_Trimbak_Establishments 1.xlsx</value>
        </Data>
        <Data name="Source_Sheet">
          <value>Sheet1</value>
        </Data>
        <Data name="Place_ID">
          <value>ChIJwYqgjVfr3TsR_SZ0A02PksQ</value>
        </Data>
        <Data name="Address">
          <value>309, 1, Ambad Link Rd, near Taj Gateway, next to Indoline Furniture, Saigram Nagar, Pathardi Phata, Nashik, Maharashtra 422010, India</value>
        </Data>
        <Data name="Latitude">
          <value>19.9621184</value>
        </Data>
        <Data name="Longitude">
          <value>73.7500118</value>
        </Data>
        <Data name="Google_Maps">
          <value><![CDATA[https://maps.google.com/?cid=14164541338966828797&g_mp=Cidnb29nbGUubWFwcy5wbGFjZXMudjEuUGxhY2VzLlNlYXJjaFRleHQQAhgEIAA]]></value>
        </Data>
        <Data name="Business_Status">
          <value>OPERATIONAL</value>
        </Data>
        <Data name="Rating">
          <value>4.0</value>
        </Data>
        <Data name="User_Rating_Count">
          <value>1393.0</value>
        </Data>
        <Data name="Primary_Type">
          <value>hotel</value>
        </Data>
        <Data name="Types">
          <value>hotel, lodging, point_of_interest, establishment</value>
        </Data>
        <Data name="Establishment_Category">
          <value>hotels accommodation</value>
        </Data>
        <Data name="Waypoint">
          <value>Beze</value>
        </Data>
        <Data name="Waypoint_Latitude">
          <value>20.04</value>
        </Data>
        <Data name="Waypoint_Longitude">
          <value>73.63</value>
        </Data>
        <Data name="Establishment_Type">
          <value>hotels accommodation</value>
        </Data>
        <Data name="Search_Term">
          <value/>
        </Data>
        <Data name="Establishment_Name">
          <value/>
        </Data>
        <Data name="Category_EST">
          <value>Hotel </value>
        </Data>
        <Data name="Search_Location">
          <value/>
        </Data>
        <Data name="Search_Latitude">
          <value/>
        </Data>
        <Data name="Search_Longitude">
          <value/>
        </Data>
      </ExtendedData>
      <Point>
        <coordinates>
          73.7500118,19.9621184,0
        </coordinates>
      </Point>
    </Placemark>
    <Placemark>
      <name>StayVista at Terra Tints | Villa with Private Pool in Nashik</name>
      <description><![CDATA[Source_File: Nashik_to_Trimbak_Establishments 1.xlsx<br>Source_Sheet: Sheet1<br>Place_ID: ChIJFRDaL_SL3TsRr-6RiYKiC5A<br>Address: Stone Ridge Valley, Unit no 35, Gate No. 35, Trimbak, Bhilmal, Maharashtra 422212, India<br>Latitude: 19.9178056<br>Longitude: 73.5534606<br>Google_Maps: https://maps.google.com/?cid=10379568447742930607&g_mp=Cidnb29nbGUubWFwcy5wbGFjZXMudjEuUGxhY2VzLlNlYXJjaFRleHQQAhgEIAA<br>Business_Status: OPERATIONAL<br>Rating: 4.6<br>User_Rating_Count: 32<br>Primary_Type: service<br>Types: inn, guest_house, cottage, hotel, lodging, point_of_interest, service, establishment<br>Establishment_Category: hotels accommodation<br>Waypoint: Beze<br>Waypoint_Latitude: 20.04<br>Waypoint_Longitude: 73.63<br>Establishment_Type: hotels accommodation<br>Search_Term: <br>Establishment_Name: <br>Category_EST: Hotel <br>Search_Location: <br>Search_Latitude: <br>Search_Longitude: ]]></description>
      <styleUrl>#icon-1899-3949AB</styleUrl>
      <ExtendedData>
        <Data name="Source_File">
          <value>Nashik_to_Trimbak_Establishments 1.xlsx</value>
        </Data>
        <Data name="Source_Sheet">
          <value>Sheet1</value>
        </Data>
        <Data name="Place_ID">
          <value>ChIJFRDaL_SL3TsRr-6RiYKiC5A</value>
        </Data>
        <Data name="Address">
          <value>Stone Ridge Valley, Unit no 35, Gate No. 35, Trimbak, Bhilmal, Maharashtra 422212, India</value>
        </Data>
        <Data name="Latitude">
          <value>19.9178056</value>
        </Data>
        <Data name="Longitude">
          <value>73.5534606</value>
        </Data>
        <Data name="Google_Maps">
          <value><![CDATA[https://maps.google.com/?cid=10379568447742930607&g_mp=Cidnb29nbGUubWFwcy5wbGFjZXMudjEuUGxhY2VzLlNlYXJjaFRleHQQAhgEIAA]]></value>
        </Data>
        <Data name="Business_Status">
          <value>OPERATIONAL</value>
        </Data>
        <Data name="Rating">
          <value>4.6</value>
        </Data>
        <Data name="User_Rating_Count">
          <value>32.0</value>
        </Data>
        <Data name="Primary_Type">
          <value>service</value>
        </Data>
        <Data name="Types">
          <value>inn, guest_house, cottage, hotel, lodging, point_of_interest, service, establishment</value>
        </Data>
        <Data name="Establishment_Category">
          <value>hotels accommodation</value>
        </Data>
        <Data name="Waypoint">
          <value>Beze</value>
        </Data>
        <Data name="Waypoint_Latitude">
          <value>20.04</value>
        </Data>
        <Data name="Waypoint_Longitude">
          <value>73.63</value>
        </Data>
        <Data name="Establishment_Type">
          <value>hotels accommodation</value>
        </Data>
        <Data name="Search_Term">
          <value/>
        </Data>
        <Data name="Establishment_Name">
          <value/>
        </Data>
        <Data name="Category_EST">
          <value>Hotel </value>
        </Data>
        <Data name="Search_Location">
          <value/>
        </Data>
        <Data name="Search_Latitude">
          <value/>
        </Data>
        <Data name="Search_Longitude">
          <value/>
        </Data>
      </ExtendedData>
      <Point>
        <coordinates>
          73.5534606,19.9178056,0
        </coordinates>
      </Point>
    </Placemark>
    <Placemark>
      <name>The Democracy Hotel</name>
      <description><![CDATA[Source_File: Nashik_to_Trimbak_Establishments 1.xlsx<br>Source_Sheet: Sheet1<br>Place_ID: ChIJ38ehLADt3TsRYL6O7Ta24n8<br>Address: Ashoknagar, Satpur Colony, Nashik, Maharashtra 422007, India<br>Latitude: 19.9835807<br>Longitude: 73.7194553<br>Google_Maps: https://maps.google.com/?cid=9215128134583500384&g_mp=Cidnb29nbGUubWFwcy5wbGFjZXMudjEuUGxhY2VzLlNlYXJjaFRleHQQAhgEIAA<br>Business_Status: OPERATIONAL<br>Rating: 4.2<br>User_Rating_Count: 397<br>Primary_Type: hotel<br>Types: hotel, lodging, point_of_interest, establishment<br>Establishment_Category: hotels accommodation<br>Waypoint: Beze<br>Waypoint_Latitude: 20.04<br>Waypoint_Longitude: 73.63<br>Establishment_Type: hotels accommodation<br>Search_Term: <br>Establishment_Name: <br>Category_EST: Hotel <br>Search_Location: <br>Search_Latitude: <br>Search_Longitude: ]]></description>
      <styleUrl>#icon-1899-3949AB</styleUrl>
      <ExtendedData>
        <Data name="Source_File">
          <value>Nashik_to_Trimbak_Establishments 1.xlsx</value>
        </Data>
        <Data name="Source_Sheet">
          <value>Sheet1</value>
        </Data>
        <Data name="Place_ID">
          <value>ChIJ38ehLADt3TsRYL6O7Ta24n8</value>
        </Data>
        <Data name="Address">
          <value>Ashoknagar, Satpur Colony, Nashik, Maharashtra 422007, India</value>
        </Data>
        <Data name="Latitude">
          <value>19.9835807</value>
        </Data>
        <Data name="Longitude">
          <value>73.7194553</value>
        </Data>
        <Data name="Google_Maps">
          <value><![CDATA[https://maps.google.com/?cid=9215128134583500384&g_mp=Cidnb29nbGUubWFwcy5wbGFjZXMudjEuUGxhY2VzLlNlYXJjaFRleHQQAhgEIAA]]></value>
        </Data>
        <Data name="Business_Status">
          <value>OPERATIONAL</value>
        </Data>
        <Data name="Rating">
          <value>4.2</value>
        </Data>
        <Data name="User_Rating_Count">
          <value>397.0</value>
        </Data>
        <Data name="Primary_Type">
          <value>hotel</value>
        </Data>
        <Data name="Types">
          <value>hotel, lodging, point_of_interest, establishment</value>
        </Data>
        <Data name="Establishment_Category">
          <value>hotels accommodation</value>
        </Data>
        <Data name="Waypoint">
          <value>Beze</value>
        </Data>
        <Data name="Waypoint_Latitude">
          <value>20.04</value>
        </Data>
        <Data name="Waypoint_Longitude">
          <value>73.63</value>
        </Data>
        <Data name="Establishment_Type">
          <value>hotels accommodation</value>
        </Data>
        <Data name="Search_Term">
          <value/>
        </Data>
        <Data name="Establishment_Name">
          <value/>
        </Data>
        <Data name="Category_EST">
          <value>Hotel </value>
        </Data>
        <Data name="Search_Location">
          <value/>
        </Data>
        <Data name="Search_Latitude">
          <value/>
        </Data>
        <Data name="Search_Longitude">
          <value/>
        </Data>
      </ExtendedData>
      <Point>
        <coordinates>
          73.7194553,19.9835807,0
        </coordinates>
      </Point>
    </Placemark>
    <Placemark>
      <name>The Emerald Park</name>
      <description><![CDATA[Source_File: Nashik_to_Trimbak_Establishments 1.xlsx<br>Source_Sheet: Sheet1<br>Place_ID: ChIJifnl4HTr3TsR_rr_apdtfOI<br>Address: Mangal, MI, 1363, Trambakeshwar Rd, Holaram Colony, Sharanpur, Nashik, Maharashtra 422002, India<br>Latitude: 19.996145<br>Longitude: 73.7696324<br>Google_Maps: https://maps.google.com/?cid=16320039646786468606&g_mp=Cidnb29nbGUubWFwcy5wbGFjZXMudjEuUGxhY2VzLlNlYXJjaFRleHQQAhgEIAA<br>Business_Status: OPERATIONAL<br>Rating: 3.9<br>User_Rating_Count: 2372<br>Primary_Type: hotel<br>Types: hotel, lodging, point_of_interest, establishment<br>Establishment_Category: hotels accommodation<br>Waypoint: Beze<br>Waypoint_Latitude: 20.04<br>Waypoint_Longitude: 73.63<br>Establishment_Type: hotels accommodation<br>Search_Term: <br>Establishment_Name: <br>Category_EST: Hotel <br>Search_Location: <br>Search_Latitude: <br>Search_Longitude: ]]></description>
      <styleUrl>#icon-1899-3949AB</styleUrl>
      <ExtendedData>
        <Data name="Source_File">
          <value>Nashik_to_Trimbak_Establishments 1.xlsx</value>
        </Data>
        <Data name="Source_Sheet">
          <value>Sheet1</value>
        </Data>
        <Data name="Place_ID">
          <value>ChIJifnl4HTr3TsR_rr_apdtfOI</value>
        </Data>
        <Data name="Address">
          <value>Mangal, MI, 1363, Trambakeshwar Rd, Holaram Colony, Sharanpur, Nashik, Maharashtra 422002, India</value>
        </Data>
        <Data name="Latitude">
          <value>19.996145</value>
        </Data>
        <Data name="Longitude">
          <value>73.7696324</value>
        </Data>
        <Data name="Google_Maps">
          <value><![CDATA[https://maps.google.com/?cid=16320039646786468606&g_mp=Cidnb29nbGUubWFwcy5wbGFjZXMudjEuUGxhY2VzLlNlYXJjaFRleHQQAhgEIAA]]></value>
        </Data>
        <Data name="Business_Status">
          <value>OPERATIONAL</value>
        </Data>
        <Data name="Rating">
          <value>3.9</value>
        </Data>
        <Data name="User_Rating_Count">
          <value>2372.0</value>
        </Data>
        <Data name="Primary_Type">
          <value>hotel</value>
        </Data>
        <Data name="Types">
          <value>hotel, lodging, point_of_interest, establishment</value>
        </Data>
        <Data name="Establishment_Category">
          <value>hotels accommodation</value>
        </Data>
        <Data name="Waypoint">
          <value>Beze</value>
        </Data>
        <Data name="Waypoint_Latitude">
          <value>20.04</value>
        </Data>
        <Data name="Waypoint_Longitude">
          <value>73.63</value>
        </Data>
        <Data name="Establishment_Type">
          <value>hotels accommodation</value>
        </Data>
        <Data name="Search_Term">
          <value/>
        </Data>
        <Data name="Establishment_Name">
          <value/>
        </Data>
        <Data name="Category_EST">
          <value>Hotel </value>
        </Data>
        <Data name="Search_Location">
          <value/>
        </Data>
        <Data name="Search_Latitude">
          <value/>
        </Data>
        <Data name="Search_Longitude">
          <value/>
        </Data>
      </ExtendedData>
      <Point>
        <coordinates>
          73.7696324,19.996145,0
        </coordinates>
      </Point>
    </Placemark>
    <Placemark>
      <name>The Vern at BLVD</name>
      <description><![CDATA[Source_File: Nashik_to_Trimbak_Establishments 1.xlsx<br>Source_Sheet: Sheet1<br>Place_ID: ChIJZ6_50Qbt3TsRVCEGkENGERU<br>Address: BLVD, P20, Trambakeshwar Rd, MIDC, Satpur Colony, Nashik, Maharashtra 422005, India<br>Latitude: 19.9916248<br>Longitude: 73.743655<br>Google_Maps: https://maps.google.com/?cid=1518071805393641812&g_mp=Cidnb29nbGUubWFwcy5wbGFjZXMudjEuUGxhY2VzLlNlYXJjaFRleHQQAhgEIAA<br>Business_Status: OPERATIONAL<br>Rating: 4.4<br>User_Rating_Count: 1211<br>Primary_Type: hotel<br>Types: hotel, lodging, point_of_interest, establishment<br>Establishment_Category: hotels accommodation<br>Waypoint: Beze<br>Waypoint_Latitude: 20.04<br>Waypoint_Longitude: 73.63<br>Establishment_Type: hotels accommodation<br>Search_Term: <br>Establishment_Name: <br>Category_EST: Hotel <br>Search_Location: <br>Search_Latitude: <br>Search_Longitude: ]]></description>
      <styleUrl>#icon-1899-3949AB</styleUrl>
      <ExtendedData>
        <Data name="Source_File">
          <value>Nashik_to_Trimbak_Establishments 1.xlsx</value>
        </Data>
        <Data name="Source_Sheet">
          <value>Sheet1</value>
        </Data>
        <Data name="Place_ID">
          <value>ChIJZ6_50Qbt3TsRVCEGkENGERU</value>
        </Data>
        <Data name="Address">
          <value>BLVD, P20, Trambakeshwar Rd, MIDC, Satpur Colony, Nashik, Maharashtra 422005, India</value>
        </Data>
        <Data name="Latitude">
          <value>19.9916248</value>
        </Data>
        <Data name="Longitude">
          <value>73.743655</value>
        </Data>
        <Data name="Google_Maps">
          <value><![CDATA[https://maps.google.com/?cid=1518071805393641812&g_mp=Cidnb29nbGUubWFwcy5wbGFjZXMudjEuUGxhY2VzLlNlYXJjaFRleHQQAhgEIAA]]></value>
        </Data>
        <Data name="Business_Status">
          <value>OPERATIONAL</value>
        </Data>
        <Data name="Rating">
          <value>4.4</value>
        </Data>
        <Data name="User_Rating_Count">
          <value>1211.0</value>
        </Data>
        <Data name="Primary_Type">
          <value>hotel</value>
        </Data>
        <Data name="Types">
          <value>hotel, lodging, point_of_interest, establishment</value>
        </Data>
        <Data name="Establishment_Category">
          <value>hotels accommodation</value>
        </Data>
        <Data name="Waypoint">
          <value>Beze</value>
        </Data>
        <Data name="Waypoint_Latitude">
          <value>20.04</value>
        </Data>
        <Data name="Waypoint_Longitude">
          <value>73.63</value>
        </Data>
        <Data name="Establishment_Type">
          <value>hotels accommodation</value>
        </Data>
        <Data name="Search_Term">
          <value/>
        </Data>
        <Data name="Establishment_Name">
          <value/>
        </Data>
        <Data name="Category_EST">
          <value>Hotel </value>
        </Data>
        <Data name="Search_Location">
          <value/>
        </Data>
        <Data name="Search_Latitude">
          <value/>
        </Data>
        <Data name="Search_Longitude">
          <value/>
        </Data>
      </ExtendedData>
      <Point>
        <coordinates>
          73.743655,19.9916248,0
        </coordinates>
      </Point>
    </Placemark>
    <Placemark>
      <name>Treat Hotel, Nashik</name>
      <description><![CDATA[Source_File: Nashik_to_Trimbak_Establishments 1.xlsx<br>Source_Sheet: Sheet1<br>Place_ID: ChIJa4M-23fr3TsRoF_uXbgHXwM<br>Address: Govind Nagar, Nashik, Maharashtra 422009, India<br>Latitude: 19.9804082<br>Longitude: 73.7786513<br>Google_Maps: https://maps.google.com/?cid=242921393332576160&g_mp=Cidnb29nbGUubWFwcy5wbGFjZXMudjEuUGxhY2VzLlNlYXJjaFRleHQQAhgEIAA<br>Business_Status: OPERATIONAL<br>Rating: 4.6<br>User_Rating_Count: 2453<br>Primary_Type: hotel<br>Types: hotel, lodging, point_of_interest, establishment<br>Establishment_Category: hotels accommodation<br>Waypoint: Beze<br>Waypoint_Latitude: 20.04<br>Waypoint_Longitude: 73.63<br>Establishment_Type: hotels accommodation<br>Search_Term: <br>Establishment_Name: <br>Category_EST: Hotel <br>Search_Location: <br>Search_Latitude: <br>Search_Longitude: ]]></description>
      <styleUrl>#icon-1899-3949AB</styleUrl>
      <ExtendedData>
        <Data name="Source_File">
          <value>Nashik_to_Trimbak_Establishments 1.xlsx</value>
        </Data>
        <Data name="Source_Sheet">
          <value>Sheet1</value>
        </Data>
        <Data name="Place_ID">
          <value>ChIJa4M-23fr3TsRoF_uXbgHXwM</value>
        </Data>
        <Data name="Address">
          <value>Govind Nagar, Nashik, Maharashtra 422009, India</value>
        </Data>
        <Data name="Latitude">
          <value>19.9804082</value>
        </Data>
        <Data name="Longitude">
          <value>73.7786513</value>
        </Data>
        <Data name="Google_Maps">
          <value><![CDATA[https://maps.google.com/?cid=242921393332576160&g_mp=Cidnb29nbGUubWFwcy5wbGFjZXMudjEuUGxhY2VzLlNlYXJjaFRleHQQAhgEIAA]]></value>
        </Data>
        <Data name="Business_Status">
          <value>OPERATIONAL</value>
        </Data>
        <Data name="Rating">
          <value>4.6</value>
        </Data>
        <Data name="User_Rating_Count">
          <value>2453.0</value>
        </Data>
        <Data name="Primary_Type">
          <value>hotel</value>
        </Data>
        <Data name="Types">
          <value>hotel, lodging, point_of_interest, establishment</value>
        </Data>
        <Data name="Establishment_Category">
          <value>hotels accommodation</value>
        </Data>
        <Data name="Waypoint">
          <value>Beze</value>
        </Data>
        <Data name="Waypoint_Latitude">
          <value>20.04</value>
        </Data>
        <Data name="Waypoint_Longitude">
          <value>73.63</value>
        </Data>
        <Data name="Establishment_Type">
          <value>hotels accommodation</value>
        </Data>
        <Data name="Search_Term">
          <value/>
        </Data>
        <Data name="Establishment_Name">
          <value/>
        </Data>
        <Data name="Category_EST">
          <value>Hotel </value>
        </Data>
        <Data name="Search_Location">
          <value/>
        </Data>
        <Data name="Search_Latitude">
          <value/>
        </Data>
        <Data name="Search_Longitude">
          <value/>
        </Data>
      </ExtendedData>
      <Point>
        <coordinates>
          73.7786513,19.9804082,0
        </coordinates>
      </Point>
    </Placemark>
    <Placemark>
      <name>Treebo Sai Rekha Inn</name>
      <description><![CDATA[Source_File: Nashik_to_Trimbak_Establishments 1.xlsx<br>Source_Sheet: Sheet1<br>Place_ID: ChIJ7ymZkWbt3TsRp4sRtCnw9c0<br>Address: Satpur - Ambad link Road, Trambakeshwar Rd, opp. Papaya Nursery, Khode Park, Cornor, Satpur Colony, Nashik, Maharashtra 422007, India<br>Latitude: 19.9853809<br>Longitude: 73.7240118<br>Google_Maps: https://maps.google.com/?cid=14841032208974711719&g_mp=Cidnb29nbGUubWFwcy5wbGFjZXMudjEuUGxhY2VzLlNlYXJjaFRleHQQAhgEIAA<br>Business_Status: OPERATIONAL<br>Rating: 4<br>User_Rating_Count: 72<br>Primary_Type: hotel<br>Types: hotel, motel, private_guest_room, inn, lodging, service, point_of_interest, establishment<br>Establishment_Category: hotels accommodation<br>Waypoint: Beze<br>Waypoint_Latitude: 20.04<br>Waypoint_Longitude: 73.63<br>Establishment_Type: hotels accommodation<br>Search_Term: <br>Establishment_Name: <br>Category_EST: Hotel <br>Search_Location: <br>Search_Latitude: <br>Search_Longitude: ]]></description>
      <styleUrl>#icon-1899-3949AB</styleUrl>
      <ExtendedData>
        <Data name="Source_File">
          <value>Nashik_to_Trimbak_Establishments 1.xlsx</value>
        </Data>
        <Data name="Source_Sheet">
          <value>Sheet1</value>
        </Data>
        <Data name="Place_ID">
          <value>ChIJ7ymZkWbt3TsRp4sRtCnw9c0</value>
        </Data>
        <Data name="Address">
          <value>Satpur - Ambad link Road, Trambakeshwar Rd, opp. Papaya Nursery, Khode Park, Cornor, Satpur Colony, Nashik, Maharashtra 422007, India</value>
        </Data>
        <Data name="Latitude">
          <value>19.9853809</value>
        </Data>
        <Data name="Longitude">
          <value>73.7240118</value>
        </Data>
        <Data name="Google_Maps">
          <value><![CDATA[https://maps.google.com/?cid=14841032208974711719&g_mp=Cidnb29nbGUubWFwcy5wbGFjZXMudjEuUGxhY2VzLlNlYXJjaFRleHQQAhgEIAA]]></value>
        </Data>
        <Data name="Business_Status">
          <value>OPERATIONAL</value>
        </Data>
        <Data name="Rating">
          <value>4.0</value>
        </Data>
        <Data name="User_Rating_Count">
          <value>72.0</value>
        </Data>
        <Data name="Primary_Type">
          <value>hotel</value>
        </Data>
        <Data name="Types">
          <value>hotel, motel, private_guest_room, inn, lodging, service, point_of_interest, establishment</value>
        </Data>
        <Data name="Establishment_Category">
          <value>hotels accommodation</value>
        </Data>
        <Data name="Waypoint">
          <value>Beze</value>
        </Data>
        <Data name="Waypoint_Latitude">
          <value>20.04</value>
        </Data>
        <Data name="Waypoint_Longitude">
          <value>73.63</value>
        </Data>
        <Data name="Establishment_Type">
          <value>hotels accommodation</value>
        </Data>
        <Data name="Search_Term">
          <value/>
        </Data>
        <Data name="Establishment_Name">
          <value/>
        </Data>
        <Data name="Category_EST">
          <value>Hotel </value>
        </Data>
        <Data name="Search_Location">
          <value/>
        </Data>
        <Data name="Search_Latitude">
          <value/>
        </Data>
        <Data name="Search_Longitude">
          <value/>
        </Data>
      </ExtendedData>
      <Point>
        <coordinates>
          73.7240118,19.9853809,0
        </coordinates>
      </Point>
    </Placemark>
    <Placemark>
      <name>Treebo The Utsav, Nashik</name>
      <description><![CDATA[Source_File: Nashik_to_Trimbak_Establishments 1.xlsx<br>Source_Sheet: Sheet1<br>Place_ID: ChIJTw5Jl1Tr3TsRFBfxWatKTak<br>Address: Plot No, PAP 18, P-32, Plot No B-80, opposite Narkhede switchgear, MIDC Ambad, Nashik, Maharashtra 422010, India<br>Latitude: 19.9547792<br>Longitude: 73.7502715<br>Google_Maps: https://maps.google.com/?cid=12199489065425377044&g_mp=Cidnb29nbGUubWFwcy5wbGFjZXMudjEuUGxhY2VzLlNlYXJjaFRleHQQAhgEIAA<br>Business_Status: OPERATIONAL<br>Rating: 4.3<br>User_Rating_Count: 800<br>Primary_Type: hotel<br>Types: hotel, cottage, inn, lodging, service, point_of_interest, establishment<br>Establishment_Category: hotels accommodation<br>Waypoint: Beze<br>Waypoint_Latitude: 20.04<br>Waypoint_Longitude: 73.63<br>Establishment_Type: hotels accommodation<br>Search_Term: <br>Establishment_Name: <br>Category_EST: Hotel <br>Search_Location: <br>Search_Latitude: <br>Search_Longitude: ]]></description>
      <styleUrl>#icon-1899-3949AB</styleUrl>
      <ExtendedData>
        <Data name="Source_File">
          <value>Nashik_to_Trimbak_Establishments 1.xlsx</value>
        </Data>
        <Data name="Source_Sheet">
          <value>Sheet1</value>
        </Data>
        <Data name="Place_ID">
          <value>ChIJTw5Jl1Tr3TsRFBfxWatKTak</value>
        </Data>
        <Data name="Address">
          <value>Plot No, PAP 18, P-32, Plot No B-80, opposite Narkhede switchgear, MIDC Ambad, Nashik, Maharashtra 422010, India</value>
        </Data>
        <Data name="Latitude">
          <value>19.9547792</value>
        </Data>
        <Data name="Longitude">
          <value>73.7502715</value>
        </Data>
        <Data name="Google_Maps">
          <value><![CDATA[https://maps.google.com/?cid=12199489065425377044&g_mp=Cidnb29nbGUubWFwcy5wbGFjZXMudjEuUGxhY2VzLlNlYXJjaFRleHQQAhgEIAA]]></value>
        </Data>
        <Data name="Business_Status">
          <value>OPERATIONAL</value>
        </Data>
        <Data name="Rating">
          <value>4.3</value>
        </Data>
        <Data name="User_Rating_Count">
          <value>800.0</value>
        </Data>
        <Data name="Primary_Type">
          <value>hotel</value>
        </Data>
        <Data name="Types">
          <value>hotel, cottage, inn, lodging, service, point_of_interest, establishment</value>
        </Data>
        <Data name="Establishment_Category">
          <value>hotels accommodation</value>
        </Data>
        <Data name="Waypoint">
          <value>Beze</value>
        </Data>
        <Data name="Waypoint_Latitude">
          <value>20.04</value>
        </Data>
        <Data name="Waypoint_Longitude">
          <value>73.63</value>
        </Data>
        <Data name="Establishment_Type">
          <value>hotels accommodation</value>
        </Data>
        <Data name="Search_Term">
          <value/>
        </Data>
        <Data name="Establishment_Name">
          <value/>
        </Data>
        <Data name="Category_EST">
          <value>Hotel </value>
        </Data>
        <Data name="Search_Location">
          <value/>
        </Data>
        <Data name="Search_Latitude">
          <value/>
        </Data>
        <Data name="Search_Longitude">
          <value/>
        </Data>
      </ExtendedData>
      <Point>
        <coordinates>
          73.7502715,19.9547792,0
        </coordinates>
      </Point>
    </Placemark>
    <Placemark>
      <name>Casora Stays</name>
      <description><![CDATA[Source_File: Nashik_to_Trimbak_Establishments 1.xlsx<br>Source_Sheet: Sheet1<br>Place_ID: ChIJS2AU-0br3TsRV-nGKW0wPzw<br>Address: Dr. Babasaheb Ambedkar Rd, beside Terotale hotel, near City Center Mall Road, Utkarsh Nagar, Parijat Nagar, Nashik, Maharashtra 422002, India<br>Latitude: 19.9917975<br>Longitude: 73.7582834<br>Google_Maps: https://maps.google.com/?cid=4341241811218917719&g_mp=Cidnb29nbGUubWFwcy5wbGFjZXMudjEuUGxhY2VzLlNlYXJjaFRleHQQAhgEIAA<br>Business_Status: OPERATIONAL<br>Rating: 4.3<br>User_Rating_Count: 12<br>Primary_Type: guest_house<br>Types: guest_house, lodging, point_of_interest, establishment<br>Establishment_Category: hotels accommodation<br>Waypoint: Dudgaon<br>Waypoint_Latitude: 20.03<br>Waypoint_Longitude: 73.585<br>Establishment_Type: hotels accommodation<br>Search_Term: <br>Establishment_Name: <br>Category_EST: Hotel <br>Search_Location: <br>Search_Latitude: <br>Search_Longitude: ]]></description>
      <styleUrl>#icon-1899-3949AB</styleUrl>
      <ExtendedData>
        <Data name="Source_File">
          <value>Nashik_to_Trimbak_Establishments 1.xlsx</value>
        </Data>
        <Data name="Source_Sheet">
          <value>Sheet1</value>
        </Data>
        <Data name="Place_ID">
          <value>ChIJS2AU-0br3TsRV-nGKW0wPzw</value>
        </Data>
        <Data name="Address">
          <value>Dr. Babasaheb Ambedkar Rd, beside Terotale hotel, near City Center Mall Road, Utkarsh Nagar, Parijat Nagar, Nashik, Maharashtra 422002, India</value>
        </Data>
        <Data name="Latitude">
          <value>19.9917975</value>
        </Data>
        <Data name="Longitude">
          <value>73.7582834</value>
        </Data>
        <Data name="Google_Maps">
          <value><![CDATA[https://maps.google.com/?cid=4341241811218917719&g_mp=Cidnb29nbGUubWFwcy5wbGFjZXMudjEuUGxhY2VzLlNlYXJjaFRleHQQAhgEIAA]]></value>
        </Data>
        <Data name="Business_Status">
          <value>OPERATIONAL</value>
        </Data>
        <Data name="Rating">
          <value>4.3</value>
        </Data>
        <Data name="User_Rating_Count">
          <value>12.0</value>
        </Data>
        <Data name="Primary_Type">
          <value>guest_house</value>
        </Data>
        <Data name="Types">
          <value>guest_house, lodging, point_of_interest, establishment</value>
        </Data>
        <Data name="Establishment_Category">
          <value>hotels accommodation</value>
        </Data>
        <Data name="Waypoint">
          <value>Dudgaon</value>
        </Data>
        <Data name="Waypoint_Latitude">
          <value>20.03</value>
        </Data>
        <Data name="Waypoint_Longitude">
          <value>73.585</value>
        </Data>
        <Data name="Establishment_Type">
          <value>hotels accommodation</value>
        </Data>
        <Data name="Search_Term">
          <value/>
        </Data>
        <Data name="Establishment_Name">
          <value/>
        </Data>
        <Data name="Category_EST">
          <value>Hotel </value>
        </Data>
        <Data name="Search_Location">
          <value/>
        </Data>
        <Data name="Search_Latitude">
          <value/>
        </Data>
        <Data name="Search_Longitude">
          <value/>
        </Data>
      </ExtendedData>
      <Point>
        <coordinates>
          73.7582834,19.9917975,0
        </coordinates>
      </Point>
    </Placemark>
    <Placemark>
      <name>Comfort Inn Hotel</name>
      <description><![CDATA[Source_File: Nashik_to_Trimbak_Establishments 1.xlsx<br>Source_Sheet: Sheet1<br>Place_ID: ChIJebpaR7_z3TsR2ghzTcQz4HA<br>Address: Near Damodar Palace, Mahiravani, Trimbak Road, Nashik, Mahiravni, Maharashtra 422213, India<br>Latitude: 19.9632208<br>Longitude: 73.6468288<br>Google_Maps: https://maps.google.com/?cid=8133557845237106906&g_mp=Cidnb29nbGUubWFwcy5wbGFjZXMudjEuUGxhY2VzLlNlYXJjaFRleHQQAhgEIAA<br>Business_Status: OPERATIONAL<br>Rating: 4.2<br>User_Rating_Count: 33<br>Primary_Type: hotel<br>Types: hotel, private_guest_room, farmstay, resort_hotel, spa, extended_stay_hotel, lodging, health, restaurant, food, point_of_interest, establishment<br>Establishment_Category: hotels accommodation<br>Waypoint: Dudgaon<br>Waypoint_Latitude: 20.03<br>Waypoint_Longitude: 73.585<br>Establishment_Type: hotels accommodation<br>Search_Term: <br>Establishment_Name: <br>Category_EST: Hotel <br>Search_Location: <br>Search_Latitude: <br>Search_Longitude: ]]></description>
      <styleUrl>#icon-1899-3949AB</styleUrl>
      <ExtendedData>
        <Data name="Source_File">
          <value>Nashik_to_Trimbak_Establishments 1.xlsx</value>
        </Data>
        <Data name="Source_Sheet">
          <value>Sheet1</value>
        </Data>
        <Data name="Place_ID">
          <value>ChIJebpaR7_z3TsR2ghzTcQz4HA</value>
        </Data>
        <Data name="Address">
          <value>Near Damodar Palace, Mahiravani, Trimbak Road, Nashik, Mahiravni, Maharashtra 422213, India</value>
        </Data>
        <Data name="Latitude">
          <value>19.9632208</value>
        </Data>
        <Data name="Longitude">
          <value>73.6468288</value>
        </Data>
        <Data name="Google_Maps">
          <value><![CDATA[https://maps.google.com/?cid=8133557845237106906&g_mp=Cidnb29nbGUubWFwcy5wbGFjZXMudjEuUGxhY2VzLlNlYXJjaFRleHQQAhgEIAA]]></value>
        </Data>
        <Data name="Business_Status">
          <value>OPERATIONAL</value>
        </Data>
        <Data name="Rating">
          <value>4.2</value>
        </Data>
        <Data name="User_Rating_Count">
          <value>33.0</value>
        </Data>
        <Data name="Primary_Type">
          <value>hotel</value>
        </Data>
        <Data name="Types">
          <value>hotel, private_guest_room, farmstay, resort_hotel, spa, extended_stay_hotel, lodging, health, restaurant, food, point_of_interest, establishment</value>
        </Data>
        <Data name="Establishment_Category">
          <value>hotels accommodation</value>
        </Data>
        <Data name="Waypoint">
          <value>Dudgaon</value>
        </Data>
        <Data name="Waypoint_Latitude">
          <value>20.03</value>
        </Data>
        <Data name="Waypoint_Longitude">
          <value>73.585</value>
        </Data>
        <Data name="Establishment_Type">
          <value>hotels accommodation</value>
        </Data>
        <Data name="Search_Term">
          <value/>
        </Data>
        <Data name="Establishment_Name">
          <value/>
        </Data>
        <Data name="Category_EST">
          <value>Hotel </value>
        </Data>
        <Data name="Search_Location">
          <value/>
        </Data>
        <Data name="Search_Latitude">
          <value/>
        </Data>
        <Data name="Search_Longitude">
          <value/>
        </Data>
      </ExtendedData>
      <Point>
        <coordinates>
          73.6468288,19.9632208,0
        </coordinates>
      </Point>
    </Placemark>
    <Placemark>
      <name>Gateway Nashik</name>
      <description><![CDATA[Source_File: Nashik_to_Trimbak_Establishments 1.xlsx<br>Source_Sheet: Sheet1<br>Place_ID: ChIJkSVqMg7r3TsReJzR6wc98wE<br>Address: P-17, Agra - Mumbai Hwy, MIDC Ambad, Nashik, Maharashtra 422010, India<br>Latitude: 19.9573831<br>Longitude: 73.754381<br>Google_Maps: https://maps.google.com/?cid=140523117609065592&g_mp=Cidnb29nbGUubWFwcy5wbGFjZXMudjEuUGxhY2VzLlNlYXJjaFRleHQQAhgEIAA<br>Business_Status: OPERATIONAL<br>Rating: 4.6<br>User_Rating_Count: 1001<br>Primary_Type: hotel<br>Types: hotel, lodging, point_of_interest, establishment<br>Establishment_Category: hotels accommodation<br>Waypoint: Dudgaon<br>Waypoint_Latitude: 20.03<br>Waypoint_Longitude: 73.585<br>Establishment_Type: hotels accommodation<br>Search_Term: <br>Establishment_Name: <br>Category_EST: Hotel <br>Search_Location: <br>Search_Latitude: <br>Search_Longitude: ]]></description>
      <styleUrl>#icon-1899-3949AB</styleUrl>
      <ExtendedData>
        <Data name="Source_File">
          <value>Nashik_to_Trimbak_Establishments 1.xlsx</value>
        </Data>
        <Data name="Source_Sheet">
          <value>Sheet1</value>
        </Data>
        <Data name="Place_ID">
          <value>ChIJkSVqMg7r3TsReJzR6wc98wE</value>
        </Data>
        <Data name="Address">
          <value>P-17, Agra - Mumbai Hwy, MIDC Ambad, Nashik, Maharashtra 422010, India</value>
        </Data>
        <Data name="Latitude">
          <value>19.9573831</value>
        </Data>
        <Data name="Longitude">
          <value>73.754381</value>
        </Data>
        <Data name="Google_Maps">
          <value><![CDATA[https://maps.google.com/?cid=140523117609065592&g_mp=Cidnb29nbGUubWFwcy5wbGFjZXMudjEuUGxhY2VzLlNlYXJjaFRleHQQAhgEIAA]]></value>
        </Data>
        <Data name="Business_Status">
          <value>OPERATIONAL</value>
        </Data>
        <Data name="Rating">
          <value>4.6</value>
        </Data>
        <Data name="User_Rating_Count">
          <value>1001.0</value>
        </Data>
        <Data name="Primary_Type">
          <value>hotel</value>
        </Data>
        <Data name="Types">
          <value>hotel, lodging, point_of_interest, establishment</value>
        </Data>
        <Data name="Establishment_Category">
          <value>hotels accommodation</value>
        </Data>
        <Data name="Waypoint">
          <value>Dudgaon</value>
        </Data>
        <Data name="Waypoint_Latitude">
          <value>20.03</value>
        </Data>
        <Data name="Waypoint_Longitude">
          <value>73.585</value>
        </Data>
        <Data name="Establishment_Type">
          <value>hotels accommodation</value>
        </Data>
        <Data name="Search_Term">
          <value/>
        </Data>
        <Data name="Establishment_Name">
          <value/>
        </Data>
        <Data name="Category_EST">
          <value>Hotel </value>
        </Data>
        <Data name="Search_Location">
          <value/>
        </Data>
        <Data name="Search_Latitude">
          <value/>
        </Data>
        <Data name="Search_Longitude">
          <value/>
        </Data>
      </ExtendedData>
      <Point>
        <coordinates>
          73.754381,19.9573831,0
        </coordinates>
      </Point>
    </Placemark>
    <Placemark>
      <name>HOTEL RADHIKA INN</name>
      <description><![CDATA[Source_File: Nashik_to_Trimbak_Establishments 1.xlsx<br>Source_Sheet: Sheet1<br>Place_ID: ChIJefyyssv03TsRwDCATY-veKg<br>Address: Plot no 1223/1/1, Ambedkar Chowk, WGMM+P68 Shiva's Temple, 422212, near Trimbakeshwar, Trimbak, Maharashtra 422212, India<br>Latitude: 19.9345534<br>Longitude: 73.5329395<br>Google_Maps: https://maps.google.com/?cid=12139645825592602816&g_mp=Cidnb29nbGUubWFwcy5wbGFjZXMudjEuUGxhY2VzLlNlYXJjaFRleHQQAhgEIAA<br>Business_Status: OPERATIONAL<br>Rating: 3.7<br>User_Rating_Count: 1145<br>Primary_Type: hotel<br>Types: hotel, lodging, point_of_interest, establishment<br>Establishment_Category: hotels accommodation<br>Waypoint: Dudgaon<br>Waypoint_Latitude: 20.03<br>Waypoint_Longitude: 73.585<br>Establishment_Type: hotels accommodation<br>Search_Term: <br>Establishment_Name: <br>Category_EST: Hotel <br>Search_Location: <br>Search_Latitude: <br>Search_Longitude: ]]></description>
      <styleUrl>#icon-1899-3949AB</styleUrl>
      <ExtendedData>
        <Data name="Source_File">
          <value>Nashik_to_Trimbak_Establishments 1.xlsx</value>
        </Data>
        <Data name="Source_Sheet">
          <value>Sheet1</value>
        </Data>
        <Data name="Place_ID">
          <value>ChIJefyyssv03TsRwDCATY-veKg</value>
        </Data>
        <Data name="Address">
          <value><![CDATA[Plot no 1223/1/1, Ambedkar Chowk, WGMM+P68 Shiva's Temple, 422212, near Trimbakeshwar, Trimbak, Maharashtra 422212, India]]></value>
        </Data>
        <Data name="Latitude">
          <value>19.9345534</value>
        </Data>
        <Data name="Longitude">
          <value>73.5329395</value>
        </Data>
        <Data name="Google_Maps">
          <value><![CDATA[https://maps.google.com/?cid=12139645825592602816&g_mp=Cidnb29nbGUubWFwcy5wbGFjZXMudjEuUGxhY2VzLlNlYXJjaFRleHQQAhgEIAA]]></value>
        </Data>
        <Data name="Business_Status">
          <value>OPERATIONAL</value>
        </Data>
        <Data name="Rating">
          <value>3.7</value>
        </Data>
        <Data name="User_Rating_Count">
          <value>1145.0</value>
        </Data>
        <Data name="Primary_Type">
          <value>hotel</value>
        </Data>
        <Data name="Types">
          <value>hotel, lodging, point_of_interest, establishment</value>
        </Data>
        <Data name="Establishment_Category">
          <value>hotels accommodation</value>
        </Data>
        <Data name="Waypoint">
          <value>Dudgaon</value>
        </Data>
        <Data name="Waypoint_Latitude">
          <value>20.03</value>
        </Data>
        <Data name="Waypoint_Longitude">
          <value>73.585</value>
        </Data>
        <Data name="Establishment_Type">
          <value>hotels accommodation</value>
        </Data>
        <Data name="Search_Term">
          <value/>
        </Data>
        <Data name="Establishment_Name">
          <value/>
        </Data>
        <Data name="Category_EST">
          <value>Hotel </value>
        </Data>
        <Data name="Search_Location">
          <value/>
        </Data>
        <Data name="Search_Latitude">
          <value/>
        </Data>
        <Data name="Search_Longitude">
          <value/>
        </Data>
      </ExtendedData>
      <Point>
        <coordinates>
          73.5329395,19.9345534,0
        </coordinates>
      </Point>
    </Placemark>
    <Placemark>
      <name>Hotel Rahi Nashik</name>
      <description><![CDATA[Source_File: Nashik_to_Trimbak_Establishments 1.xlsx<br>Source_Sheet: Sheet1<br>Place_ID: ChIJS-fyOgHr3TsRmsnYG3Wde0k<br>Address: opp. Bhakti Dham, Peth Naka, Panchavati, Nashik, Maharashtra 422003, India<br>Latitude: 20.0130032<br>Longitude: 73.7933887<br>Google_Maps: https://maps.google.com/?cid=5294998913208076698&g_mp=Cidnb29nbGUubWFwcy5wbGFjZXMudjEuUGxhY2VzLlNlYXJjaFRleHQQAhgEIAA<br>Business_Status: OPERATIONAL<br>Rating: 3.4<br>User_Rating_Count: 764<br>Primary_Type: hotel<br>Types: hotel, guest_house, lodging, point_of_interest, establishment<br>Establishment_Category: hotels accommodation<br>Waypoint: Dudgaon<br>Waypoint_Latitude: 20.03<br>Waypoint_Longitude: 73.585<br>Establishment_Type: hotels accommodation<br>Search_Term: <br>Establishment_Name: <br>Category_EST: Hotel <br>Search_Location: <br>Search_Latitude: <br>Search_Longitude: ]]></description>
      <styleUrl>#icon-1899-3949AB</styleUrl>
      <ExtendedData>
        <Data name="Source_File">
          <value>Nashik_to_Trimbak_Establishments 1.xlsx</value>
        </Data>
        <Data name="Source_Sheet">
          <value>Sheet1</value>
        </Data>
        <Data name="Place_ID">
          <value>ChIJS-fyOgHr3TsRmsnYG3Wde0k</value>
        </Data>
        <Data name="Address">
          <value>opp. Bhakti Dham, Peth Naka, Panchavati, Nashik, Maharashtra 422003, India</value>
        </Data>
        <Data name="Latitude">
          <value>20.0130032</value>
        </Data>
        <Data name="Longitude">
          <value>73.7933887</value>
        </Data>
        <Data name="Google_Maps">
          <value><![CDATA[https://maps.google.com/?cid=5294998913208076698&g_mp=Cidnb29nbGUubWFwcy5wbGFjZXMudjEuUGxhY2VzLlNlYXJjaFRleHQQAhgEIAA]]></value>
        </Data>
        <Data name="Business_Status">
          <value>OPERATIONAL</value>
        </Data>
        <Data name="Rating">
          <value>3.4</value>
        </Data>
        <Data name="User_Rating_Count">
          <value>764.0</value>
        </Data>
        <Data name="Primary_Type">
          <value>hotel</value>
        </Data>
        <Data name="Types">
          <value>hotel, guest_house, lodging, point_of_interest, establishment</value>
        </Data>
        <Data name="Establishment_Category">
          <value>hotels accommodation</value>
        </Data>
        <Data name="Waypoint">
          <value>Dudgaon</value>
        </Data>
        <Data name="Waypoint_Latitude">
          <value>20.03</value>
        </Data>
        <Data name="Waypoint_Longitude">
          <value>73.585</value>
        </Data>
        <Data name="Establishment_Type">
          <value>hotels accommodation</value>
        </Data>
        <Data name="Search_Term">
          <value/>
        </Data>
        <Data name="Establishment_Name">
          <value/>
        </Data>
        <Data name="Category_EST">
          <value>Hotel </value>
        </Data>
        <Data name="Search_Location">
          <value/>
        </Data>
        <Data name="Search_Latitude">
          <value/>
        </Data>
        <Data name="Search_Longitude">
          <value/>
        </Data>
      </ExtendedData>
      <Point>
        <coordinates>
          73.7933887,20.0130032,0
        </coordinates>
      </Point>
    </Placemark>
    <Placemark>
      <name>Hotel Tapovan</name>
      <description><![CDATA[Source_File: Nashik_to_Trimbak_Establishments 1.xlsx<br>Source_Sheet: Sheet1<br>Place_ID: ChIJS-fyOgHr3TsRmQ625oByrMs<br>Address: P3, Garware Circle, MIDC Ambad, Nashik, Maharashtra 422010, India<br>Latitude: 19.943786<br>Longitude: 73.74348<br>Google_Maps: https://maps.google.com/?cid=14676231183645675161&g_mp=Cidnb29nbGUubWFwcy5wbGFjZXMudjEuUGxhY2VzLlNlYXJjaFRleHQQAhgEIAA<br>Business_Status: OPERATIONAL<br>Rating: 3.7<br>User_Rating_Count: 1092<br>Primary_Type: hotel<br>Types: hotel, resort_hotel, garden, bar, indian_restaurant, event_venue, lodging, health, service, restaurant, food, point_of_interest, establishment<br>Establishment_Category: hotels accommodation<br>Waypoint: Dudgaon<br>Waypoint_Latitude: 20.03<br>Waypoint_Longitude: 73.585<br>Establishment_Type: hotels accommodation<br>Search_Term: <br>Establishment_Name: <br>Category_EST: Hotel <br>Search_Location: <br>Search_Latitude: <br>Search_Longitude: ]]></description>
      <styleUrl>#icon-1899-3949AB</styleUrl>
      <ExtendedData>
        <Data name="Source_File">
          <value>Nashik_to_Trimbak_Establishments 1.xlsx</value>
        </Data>
        <Data name="Source_Sheet">
          <value>Sheet1</value>
        </Data>
        <Data name="Place_ID">
          <value>ChIJS-fyOgHr3TsRmQ625oByrMs</value>
        </Data>
        <Data name="Address">
          <value>P3, Garware Circle, MIDC Ambad, Nashik, Maharashtra 422010, India</value>
        </Data>
        <Data name="Latitude">
          <value>19.943786</value>
        </Data>
        <Data name="Longitude">
          <value>73.74348</value>
        </Data>
        <Data name="Google_Maps">
          <value><![CDATA[https://maps.google.com/?cid=14676231183645675161&g_mp=Cidnb29nbGUubWFwcy5wbGFjZXMudjEuUGxhY2VzLlNlYXJjaFRleHQQAhgEIAA]]></value>
        </Data>
        <Data name="Business_Status">
          <value>OPERATIONAL</value>
        </Data>
        <Data name="Rating">
          <value>3.7</value>
        </Data>
        <Data name="User_Rating_Count">
          <value>1092.0</value>
        </Data>
        <Data name="Primary_Type">
          <value>hotel</value>
        </Data>
        <Data name="Types">
          <value>hotel, resort_hotel, garden, bar, indian_restaurant, event_venue, lodging, health, service, restaurant, food, point_of_interest, establishment</value>
        </Data>
        <Data name="Establishment_Category">
          <value>hotels accommodation</value>
        </Data>
        <Data name="Waypoint">
          <value>Dudgaon</value>
        </Data>
        <Data name="Waypoint_Latitude">
          <value>20.03</value>
        </Data>
        <Data name="Waypoint_Longitude">
          <value>73.585</value>
        </Data>
        <Data name="Establishment_Type">
          <value>hotels accommodation</value>
        </Data>
        <Data name="Search_Term">
          <value/>
        </Data>
        <Data name="Establishment_Name">
          <value/>
        </Data>
        <Data name="Category_EST">
          <value>Hotel </value>
        </Data>
        <Data name="Search_Location">
          <value/>
        </Data>
        <Data name="Search_Latitude">
          <value/>
        </Data>
        <Data name="Search_Longitude">
          <value/>
        </Data>
      </ExtendedData>
      <Point>
        <coordinates>
          73.74348,19.943786,0
        </coordinates>
      </Point>
    </Placemark>
    <Placemark>
      <name>HOTEL FAMILY KATTA NX</name>
      <description><![CDATA[Source_File: Nashik_to_Trimbak_Establishments 2.xlsx<br>Source_Sheet: Sheet1<br>Place_ID: ChIJ10ieumvt3TsR3aZsD23-vS8<br>Address: Family Katta NX S No 124/1 Plot 6, Shivar, Gangapur - Satpur Link Rd, Dhruv Nagar, Shivaji Nagar, Satpur Colony, Nashik, Maharashtra 422012, India<br>Latitude: 20.0123537<br>Longitude: 73.7147795<br>Google_Maps: https://maps.google.com/?cid=3440185434744596189&g_mp=Cidnb29nbGUubWFwcy5wbGFjZXMudjEuUGxhY2VzLlNlYXJjaFRleHQQAhgEIAA<br>Business_Status: OPERATIONAL<br>Rating: 4.4<br>User_Rating_Count: 32<br>Primary_Type: hotel<br>Types: hotel, indian_restaurant, restaurant, food, lodging, point_of_interest, establishment<br>Establishment_Category: hotels accommodation<br>Waypoint: Chunchale<br>Waypoint_Latitude: 19.999<br>Waypoint_Longitude: 73.705<br>Establishment_Type: hotels accommodation<br>Search_Term: <br>Establishment_Name: <br>Category_EST: Hotel <br>Search_Location: <br>Search_Latitude: <br>Search_Longitude: ]]></description>
      <styleUrl>#icon-1899-3949AB</styleUrl>
      <ExtendedData>
        <Data name="Source_File">
          <value>Nashik_to_Trimbak_Establishments 2.xlsx</value>
        </Data>
        <Data name="Source_Sheet">
          <value>Sheet1</value>
        </Data>
        <Data name="Place_ID">
          <value>ChIJ10ieumvt3TsR3aZsD23-vS8</value>
        </Data>
        <Data name="Address">
          <value>Family Katta NX S No 124/1 Plot 6, Shivar, Gangapur - Satpur Link Rd, Dhruv Nagar, Shivaji Nagar, Satpur Colony, Nashik, Maharashtra 422012, India</value>
        </Data>
        <Data name="Latitude">
          <value>20.0123537</value>
        </Data>
        <Data name="Longitude">
          <value>73.7147795</value>
        </Data>
        <Data name="Google_Maps">
          <value><![CDATA[https://maps.google.com/?cid=3440185434744596189&g_mp=Cidnb29nbGUubWFwcy5wbGFjZXMudjEuUGxhY2VzLlNlYXJjaFRleHQQAhgEIAA]]></value>
        </Data>
        <Data name="Business_Status">
          <value>OPERATIONAL</value>
        </Data>
        <Data name="Rating">
          <value>4.4</value>
        </Data>
        <Data name="User_Rating_Count">
          <value>32.0</value>
        </Data>
        <Data name="Primary_Type">
          <value>hotel</value>
        </Data>
        <Data name="Types">
          <value>hotel, indian_restaurant, restaurant, food, lodging, point_of_interest, establishment</value>
        </Data>
        <Data name="Establishment_Category">
          <value>hotels accommodation</value>
        </Data>
        <Data name="Waypoint">
          <value>Chunchale</value>
        </Data>
        <Data name="Waypoint_Latitude">
          <value>19.9994</value>
        </Data>
        <Data name="Waypoint_Longitude">
          <value>73.705</value>
        </Data>
        <Data name="Establishment_Type">
          <value>hotels accommodation</value>
        </Data>
        <Data name="Search_Term">
          <value/>
        </Data>
        <Data name="Establishment_Name">
          <value/>
        </Data>
        <Data name="Category_EST">
          <value>Hotel </value>
        </Data>
        <Data name="Search_Location">
          <value/>
        </Data>
        <Data name="Search_Latitude">
          <value/>
        </Data>
        <Data name="Search_Longitude">
          <value/>
        </Data>
      </ExtendedData>
      <Point>
        <coordinates>
          73.7147795,20.0123537,0
        </coordinates>
      </Point>
    </Placemark>
    <Placemark>
      <name>Hotel Ashwin Roomstay</name>
      <description><![CDATA[Source_File: Nashik_to_Trimbak_Establishments 2.xlsx<br>Source_Sheet: Sheet1<br>Place_ID: ChIJUWhyopvr3TsR5ov9Cp8NvnM<br>Address: College Rd, Patil Colony, Canada Corner, Nashik, Maharashtra 422005, India<br>Latitude: 20.0042316<br>Longitude: 73.7700548<br>Google_Maps: https://maps.google.com/?cid=8340118536672087014&g_mp=Cidnb29nbGUubWFwcy5wbGFjZXMudjEuUGxhY2VzLlNlYXJjaFRleHQQAhgEIAA<br>Business_Status: OPERATIONAL<br>Rating: 4.6<br>User_Rating_Count: 171<br>Primary_Type: extended_stay_hotel<br>Types: extended_stay_hotel, bed_and_breakfast, hotel, lodging, point_of_interest, establishment<br>Establishment_Category: hotels accommodation<br>Waypoint: Chunchale<br>Waypoint_Latitude: 19.999<br>Waypoint_Longitude: 73.705<br>Establishment_Type: hotels accommodation<br>Search_Term: <br>Establishment_Name: <br>Category_EST: Hotel <br>Search_Location: <br>Search_Latitude: <br>Search_Longitude: ]]></description>
      <styleUrl>#icon-1899-3949AB</styleUrl>
      <ExtendedData>
        <Data name="Source_File">
          <value>Nashik_to_Trimbak_Establishments 2.xlsx</value>
        </Data>
        <Data name="Source_Sheet">
          <value>Sheet1</value>
        </Data>
        <Data name="Place_ID">
          <value>ChIJUWhyopvr3TsR5ov9Cp8NvnM</value>
        </Data>
        <Data name="Address">
          <value>College Rd, Patil Colony, Canada Corner, Nashik, Maharashtra 422005, India</value>
        </Data>
        <Data name="Latitude">
          <value>20.0042316</value>
        </Data>
        <Data name="Longitude">
          <value>73.7700548</value>
        </Data>
        <Data name="Google_Maps">
          <value><![CDATA[https://maps.google.com/?cid=8340118536672087014&g_mp=Cidnb29nbGUubWFwcy5wbGFjZXMudjEuUGxhY2VzLlNlYXJjaFRleHQQAhgEIAA]]></value>
        </Data>
        <Data name="Business_Status">
          <value>OPERATIONAL</value>
        </Data>
        <Data name="Rating">
          <value>4.6</value>
        </Data>
        <Data name="User_Rating_Count">
          <value>171.0</value>
        </Data>
        <Data name="Primary_Type">
          <value>extended_stay_hotel</value>
        </Data>
        <Data name="Types">
          <value>extended_stay_hotel, bed_and_breakfast, hotel, lodging, point_of_interest, establishment</value>
        </Data>
        <Data name="Establishment_Category">
          <value>hotels accommodation</value>
        </Data>
        <Data name="Waypoint">
          <value>Chunchale</value>
        </Data>
        <Data name="Waypoint_Latitude">
          <value>19.9994</value>
        </Data>
        <Data name="Waypoint_Longitude">
          <value>73.705</value>
        </Data>
        <Data name="Establishment_Type">
          <value>hotels accommodation</value>
        </Data>
        <Data name="Search_Term">
          <value/>
        </Data>
        <Data name="Establishment_Name">
          <value/>
        </Data>
        <Data name="Category_EST">
          <value>Hotel </value>
        </Data>
        <Data name="Search_Location">
          <value/>
        </Data>
        <Data name="Search_Latitude">
          <value/>
        </Data>
        <Data name="Search_Longitude">
          <value/>
        </Data>
      </ExtendedData>
      <Point>
        <coordinates>
          73.7700548,20.0042316,0
        </coordinates>
      </Point>
    </Placemark>
    <Placemark>
      <name>Hotel Relax Inn</name>
      <description><![CDATA[Source_File: Nashik_to_Trimbak_Establishments 2.xlsx<br>Source_Sheet: Sheet1<br>Place_ID: ChIJY8x6Qvnq3TsR6DZRF3ZckeI<br>Address: Mumbai - Agra National Highway, college, opp. Panchvati, Near Pharmacy College, Panchavati, Nashik, Maharashtra 422003, India<br>Latitude: 20.005654<br>Longitude: 73.80268<br>Google_Maps: https://maps.google.com/?cid=16325931786461853416&g_mp=Cidnb29nbGUubWFwcy5wbGFjZXMudjEuUGxhY2VzLlNlYXJjaFRleHQQAhgEIAA<br>Business_Status: OPERATIONAL<br>Rating: 3.2<br>User_Rating_Count: 136<br>Primary_Type: service<br>Types: motel, guest_house, cottage, inn, lodging, service, point_of_interest, establishment<br>Establishment_Category: hotels accommodation<br>Waypoint: Chunchale<br>Waypoint_Latitude: 19.999<br>Waypoint_Longitude: 73.705<br>Establishment_Type: hotels accommodation<br>Search_Term: <br>Establishment_Name: <br>Category_EST: Hotel <br>Search_Location: <br>Search_Latitude: <br>Search_Longitude: ]]></description>
      <styleUrl>#icon-1899-3949AB</styleUrl>
      <ExtendedData>
        <Data name="Source_File">
          <value>Nashik_to_Trimbak_Establishments 2.xlsx</value>
        </Data>
        <Data name="Source_Sheet">
          <value>Sheet1</value>
        </Data>
        <Data name="Place_ID">
          <value>ChIJY8x6Qvnq3TsR6DZRF3ZckeI</value>
        </Data>
        <Data name="Address">
          <value>Mumbai - Agra National Highway, college, opp. Panchvati, Near Pharmacy College, Panchavati, Nashik, Maharashtra 422003, India</value>
        </Data>
        <Data name="Latitude">
          <value>20.005654</value>
        </Data>
        <Data name="Longitude">
          <value>73.80268</value>
        </Data>
        <Data name="Google_Maps">
          <value><![CDATA[https://maps.google.com/?cid=16325931786461853416&g_mp=Cidnb29nbGUubWFwcy5wbGFjZXMudjEuUGxhY2VzLlNlYXJjaFRleHQQAhgEIAA]]></value>
        </Data>
        <Data name="Business_Status">
          <value>OPERATIONAL</value>
        </Data>
        <Data name="Rating">
          <value>3.2</value>
        </Data>
        <Data name="User_Rating_Count">
          <value>136.0</value>
        </Data>
        <Data name="Primary_Type">
          <value>service</value>
        </Data>
        <Data name="Types">
          <value>motel, guest_house, cottage, inn, lodging, service, point_of_interest, establishment</value>
        </Data>
        <Data name="Establishment_Category">
          <value>hotels accommodation</value>
        </Data>
        <Data name="Waypoint">
          <value>Chunchale</value>
        </Data>
        <Data name="Waypoint_Latitude">
          <value>19.9994</value>
        </Data>
        <Data name="Waypoint_Longitude">
          <value>73.705</value>
        </Data>
        <Data name="Establishment_Type">
          <value>hotels accommodation</value>
        </Data>
        <Data name="Search_Term">
          <value/>
        </Data>
        <Data name="Establishment_Name">
          <value/>
        </Data>
        <Data name="Category_EST">
          <value>Hotel </value>
        </Data>
        <Data name="Search_Location">
          <value/>
        </Data>
        <Data name="Search_Latitude">
          <value/>
        </Data>
        <Data name="Search_Longitude">
          <value/>
        </Data>
      </ExtendedData>
      <Point>
        <coordinates>
          73.80268,20.005654,0
        </coordinates>
      </Point>
    </Placemark>
    <Placemark>
      <name>3 KEYS VILLA</name>
      <description><![CDATA[Source_File: Nashik_to_Trimbak_Establishments 2.xlsx<br>Source_Sheet: Sheet1<br>Place_ID: ChIJsVH6Jpnr3TsRc6jhBsTBQvE<br>Address: Patil Colony Lane Number 2, College Rd, next to Woodland Showroom, Patil Colony, Canada Corner, Nashik, Maharashtra 422005, India<br>Latitude: 20.0058758<br>Longitude: 73.7681553<br>Google_Maps: https://maps.google.com/?cid=17384670559276738675&g_mp=Cidnb29nbGUubWFwcy5wbGFjZXMudjEuUGxhY2VzLlNlYXJjaFRleHQQAhgEIAA<br>Business_Status: OPERATIONAL<br>Rating: 4.7<br>User_Rating_Count: 66<br>Primary_Type: lodging<br>Types: lodging, point_of_interest, establishment<br>Establishment_Category: hotels accommodation<br>Waypoint: Nashik outskirts (Panchak)<br>Waypoint_Latitude: 20.009<br>Waypoint_Longitude: 73.706<br>Establishment_Type: hotels accommodation<br>Search_Term: <br>Establishment_Name: <br>Category_EST: Hotel <br>Search_Location: <br>Search_Latitude: <br>Search_Longitude: ]]></description>
      <styleUrl>#icon-1899-3949AB</styleUrl>
      <ExtendedData>
        <Data name="Source_File">
          <value>Nashik_to_Trimbak_Establishments 2.xlsx</value>
        </Data>
        <Data name="Source_Sheet">
          <value>Sheet1</value>
        </Data>
        <Data name="Place_ID">
          <value>ChIJsVH6Jpnr3TsRc6jhBsTBQvE</value>
        </Data>
        <Data name="Address">
          <value>Patil Colony Lane Number 2, College Rd, next to Woodland Showroom, Patil Colony, Canada Corner, Nashik, Maharashtra 422005, India</value>
        </Data>
        <Data name="Latitude">
          <value>20.0058758</value>
        </Data>
        <Data name="Longitude">
          <value>73.7681553</value>
        </Data>
        <Data name="Google_Maps">
          <value><![CDATA[https://maps.google.com/?cid=17384670559276738675&g_mp=Cidnb29nbGUubWFwcy5wbGFjZXMudjEuUGxhY2VzLlNlYXJjaFRleHQQAhgEIAA]]></value>
        </Data>
        <Data name="Business_Status">
          <value>OPERATIONAL</value>
        </Data>
        <Data name="Rating">
          <value>4.7</value>
        </Data>
        <Data name="User_Rating_Count">
          <value>66.0</value>
        </Data>
        <Data name="Primary_Type">
          <value>lodging</value>
        </Data>
        <Data name="Types">
          <value>lodging, point_of_interest, establishment</value>
        </Data>
        <Data name="Establishment_Category">
          <value>hotels accommodation</value>
        </Data>
        <Data name="Waypoint">
          <value>Nashik outskirts (Panchak)</value>
        </Data>
        <Data name="Waypoint_Latitude">
          <value>20.0089</value>
        </Data>
        <Data name="Waypoint_Longitude">
          <value>73.7059</value>
        </Data>
        <Data name="Establishment_Type">
          <value>hotels accommodation</value>
        </Data>
        <Data name="Search_Term">
          <value/>
        </Data>
        <Data name="Establishment_Name">
          <value/>
        </Data>
        <Data name="Category_EST">
          <value>Hotel </value>
        </Data>
        <Data name="Search_Location">
          <value/>
        </Data>
        <Data name="Search_Latitude">
          <value/>
        </Data>
        <Data name="Search_Longitude">
          <value/>
        </Data>
      </ExtendedData>
      <Point>
        <coordinates>
          73.7681553,20.0058758,0
        </coordinates>
      </Point>
    </Placemark>
    <Placemark>
      <name>FabExpress Rama Palace</name>
      <description><![CDATA[Source_File: Nashik_to_Trimbak_Establishments 2.xlsx<br>Source_Sheet: Sheet1<br>Place_ID: ChIJyf4cpVTq3TsR16Bf1oJSxa8<br>Address: Panchavati Karanja Rd, Panchavati, Nashik, Maharashtra 422003, India<br>Latitude: 20.0073461<br>Longitude: 73.7959797<br>Google_Maps: https://maps.google.com/?cid=12665620248945205463&g_mp=Cidnb29nbGUubWFwcy5wbGFjZXMudjEuUGxhY2VzLlNlYXJjaFRleHQQAhgEIAA<br>Business_Status: OPERATIONAL<br>Rating: 3.1<br>User_Rating_Count: 326<br>Primary_Type: hotel<br>Types: hotel, lodging, point_of_interest, establishment<br>Establishment_Category: hotels accommodation<br>Waypoint: Nashik outskirts (Panchak)<br>Waypoint_Latitude: 20.009<br>Waypoint_Longitude: 73.706<br>Establishment_Type: hotels accommodation<br>Search_Term: <br>Establishment_Name: <br>Category_EST: Hotel <br>Search_Location: <br>Search_Latitude: <br>Search_Longitude: ]]></description>
      <styleUrl>#icon-1899-3949AB</styleUrl>
      <ExtendedData>
        <Data name="Source_File">
          <value>Nashik_to_Trimbak_Establishments 2.xlsx</value>
        </Data>
        <Data name="Source_Sheet">
          <value>Sheet1</value>
        </Data>
        <Data name="Place_ID">
          <value>ChIJyf4cpVTq3TsR16Bf1oJSxa8</value>
        </Data>
        <Data name="Address">
          <value>Panchavati Karanja Rd, Panchavati, Nashik, Maharashtra 422003, India</value>
        </Data>
        <Data name="Latitude">
          <value>20.0073461</value>
        </Data>
        <Data name="Longitude">
          <value>73.7959797</value>
        </Data>
        <Data name="Google_Maps">
          <value><![CDATA[https://maps.google.com/?cid=12665620248945205463&g_mp=Cidnb29nbGUubWFwcy5wbGFjZXMudjEuUGxhY2VzLlNlYXJjaFRleHQQAhgEIAA]]></value>
        </Data>
        <Data name="Business_Status">
          <value>OPERATIONAL</value>
        </Data>
        <Data name="Rating">
          <value>3.1</value>
        </Data>
        <Data name="User_Rating_Count">
          <value>326.0</value>
        </Data>
        <Data name="Primary_Type">
          <value>hotel</value>
        </Data>
        <Data name="Types">
          <value>hotel, lodging, point_of_interest, establishment</value>
        </Data>
        <Data name="Establishment_Category">
          <value>hotels accommodation</value>
        </Data>
        <Data name="Waypoint">
          <value>Nashik outskirts (Panchak)</value>
        </Data>
        <Data name="Waypoint_Latitude">
          <value>20.0089</value>
        </Data>
        <Data name="Waypoint_Longitude">
          <value>73.7059</value>
        </Data>
        <Data name="Establishment_Type">
          <value>hotels accommodation</value>
        </Data>
        <Data name="Search_Term">
          <value/>
        </Data>
        <Data name="Establishment_Name">
          <value/>
        </Data>
        <Data name="Category_EST">
          <value>Hotel </value>
        </Data>
        <Data name="Search_Location">
          <value/>
        </Data>
        <Data name="Search_Latitude">
          <value/>
        </Data>
        <Data name="Search_Longitude">
          <value/>
        </Data>
      </ExtendedData>
      <Point>
        <coordinates>
          73.7959797,20.0073461,0
        </coordinates>
      </Point>
    </Placemark>
    <Placemark>
      <name>FabHotel Balaji Inn</name>
      <description><![CDATA[Source_File: Nashik_to_Trimbak_Establishments 2.xlsx<br>Source_Sheet: Sheet1<br>Place_ID: ChIJqwwXk-3r3TsRqZSQvh92ZSI<br>Address: Hotel Balaji Inn, Hotel Balaji Inn, Peth Rd, Peth Phata, Panchavati, Nashik, Maharashtra 422003, India<br>Latitude: 20.0123186<br>Longitude: 73.7930005<br>Google_Maps: https://maps.google.com/?cid=2478517048650536105&g_mp=Cidnb29nbGUubWFwcy5wbGFjZXMudjEuUGxhY2VzLlNlYXJjaFRleHQQAhgEIAA<br>Business_Status: OPERATIONAL<br>Rating: 3.5<br>User_Rating_Count: 207<br>Primary_Type: hotel<br>Types: hotel, bed_and_breakfast, inn, private_guest_room, guest_house, lodging, point_of_interest, establishment<br>Establishment_Category: hotels accommodation<br>Waypoint: Nashik outskirts (Panchak)<br>Waypoint_Latitude: 20.009<br>Waypoint_Longitude: 73.706<br>Establishment_Type: hotels accommodation<br>Search_Term: <br>Establishment_Name: <br>Category_EST: Hotel <br>Search_Location: <br>Search_Latitude: <br>Search_Longitude: ]]></description>
      <styleUrl>#icon-1899-3949AB</styleUrl>
      <ExtendedData>
        <Data name="Source_File">
          <value>Nashik_to_Trimbak_Establishments 2.xlsx</value>
        </Data>
        <Data name="Source_Sheet">
          <value>Sheet1</value>
        </Data>
        <Data name="Place_ID">
          <value>ChIJqwwXk-3r3TsRqZSQvh92ZSI</value>
        </Data>
        <Data name="Address">
          <value>Hotel Balaji Inn, Hotel Balaji Inn, Peth Rd, Peth Phata, Panchavati, Nashik, Maharashtra 422003, India</value>
        </Data>
        <Data name="Latitude">
          <value>20.0123186</value>
        </Data>
        <Data name="Longitude">
          <value>73.7930005</value>
        </Data>
        <Data name="Google_Maps">
          <value><![CDATA[https://maps.google.com/?cid=2478517048650536105&g_mp=Cidnb29nbGUubWFwcy5wbGFjZXMudjEuUGxhY2VzLlNlYXJjaFRleHQQAhgEIAA]]></value>
        </Data>
        <Data name="Business_Status">
          <value>OPERATIONAL</value>
        </Data>
        <Data name="Rating">
          <value>3.5</value>
        </Data>
        <Data name="User_Rating_Count">
          <value>207.0</value>
        </Data>
        <Data name="Primary_Type">
          <value>hotel</value>
        </Data>
        <Data name="Types">
          <value>hotel, bed_and_breakfast, inn, private_guest_room, guest_house, lodging, point_of_interest, establishment</value>
        </Data>
        <Data name="Establishment_Category">
          <value>hotels accommodation</value>
        </Data>
        <Data name="Waypoint">
          <value>Nashik outskirts (Panchak)</value>
        </Data>
        <Data name="Waypoint_Latitude">
          <value>20.0089</value>
        </Data>
        <Data name="Waypoint_Longitude">
          <value>73.7059</value>
        </Data>
        <Data name="Establishment_Type">
          <value>hotels accommodation</value>
        </Data>
        <Data name="Search_Term">
          <value/>
        </Data>
        <Data name="Establishment_Name">
          <value/>
        </Data>
        <Data name="Category_EST">
          <value>Hotel </value>
        </Data>
        <Data name="Search_Location">
          <value/>
        </Data>
        <Data name="Search_Latitude">
          <value/>
        </Data>
        <Data name="Search_Longitude">
          <value/>
        </Data>
      </ExtendedData>
      <Point>
        <coordinates>
          73.7930005,20.0123186,0
        </coordinates>
      </Point>
    </Placemark>
    <Placemark>
      <name>Freesia Residency by Express Inn</name>
      <description><![CDATA[Source_File: Nashik_to_Trimbak_Establishments 2.xlsx<br>Source_Sheet: Sheet1<br>Place_ID: ChIJI4NGeSbr3TsRL6kXSAAyIuU<br>Address: College Rd, next to Union Bank Residency, D'souza Colony, Nashik, Maharashtra 422005, India<br>Latitude: 20.009489<br>Longitude: 73.7565643<br>Google_Maps: https://maps.google.com/?cid=16510814160684558639&g_mp=Cidnb29nbGUubWFwcy5wbGFjZXMudjEuUGxhY2VzLlNlYXJjaFRleHQQAhgEIAA<br>Business_Status: OPERATIONAL<br>Rating: 4.4<br>User_Rating_Count: 439<br>Primary_Type: hotel<br>Types: hotel, lodging, point_of_interest, establishment<br>Establishment_Category: hotels accommodation<br>Waypoint: Nashik outskirts (Panchak)<br>Waypoint_Latitude: 20.009<br>Waypoint_Longitude: 73.706<br>Establishment_Type: hotels accommodation<br>Search_Term: <br>Establishment_Name: <br>Category_EST: Hotel <br>Search_Location: <br>Search_Latitude: <br>Search_Longitude: ]]></description>
      <styleUrl>#icon-1899-3949AB</styleUrl>
      <ExtendedData>
        <Data name="Source_File">
          <value>Nashik_to_Trimbak_Establishments 2.xlsx</value>
        </Data>
        <Data name="Source_Sheet">
          <value>Sheet1</value>
        </Data>
        <Data name="Place_ID">
          <value>ChIJI4NGeSbr3TsRL6kXSAAyIuU</value>
        </Data>
        <Data name="Address">
          <value><![CDATA[College Rd, next to Union Bank Residency, D'souza Colony, Nashik, Maharashtra 422005, India]]></value>
        </Data>
        <Data name="Latitude">
          <value>20.009489</value>
        </Data>
        <Data name="Longitude">
          <value>73.7565643</value>
        </Data>
        <Data name="Google_Maps">
          <value><![CDATA[https://maps.google.com/?cid=16510814160684558639&g_mp=Cidnb29nbGUubWFwcy5wbGFjZXMudjEuUGxhY2VzLlNlYXJjaFRleHQQAhgEIAA]]></value>
        </Data>
        <Data name="Business_Status">
          <value>OPERATIONAL</value>
        </Data>
        <Data name="Rating">
          <value>4.4</value>
        </Data>
        <Data name="User_Rating_Count">
          <value>439.0</value>
        </Data>
        <Data name="Primary_Type">
          <value>hotel</value>
        </Data>
        <Data name="Types">
          <value>hotel, lodging, point_of_interest, establishment</value>
        </Data>
        <Data name="Establishment_Category">
          <value>hotels accommodation</value>
        </Data>
        <Data name="Waypoint">
          <value>Nashik outskirts (Panchak)</value>
        </Data>
        <Data name="Waypoint_Latitude">
          <value>20.0089</value>
        </Data>
        <Data name="Waypoint_Longitude">
          <value>73.7059</value>
        </Data>
        <Data name="Establishment_Type">
          <value>hotels accommodation</value>
        </Data>
        <Data name="Search_Term">
          <value/>
        </Data>
        <Data name="Establishment_Name">
          <value/>
        </Data>
        <Data name="Category_EST">
          <value>Hotel </value>
        </Data>
        <Data name="Search_Location">
          <value/>
        </Data>
        <Data name="Search_Latitude">
          <value/>
        </Data>
        <Data name="Search_Longitude">
          <value/>
        </Data>
      </ExtendedData>
      <Point>
        <coordinates>
          73.7565643,20.009489,0
        </coordinates>
      </Point>
    </Placemark>
    <Placemark>
      <name>Green orchid resort</name>
      <description><![CDATA[Source_File: Nashik_to_Trimbak_Establishments 2.xlsx<br>Source_Sheet: Sheet1<br>Place_ID: ChIJUU0MJQDt3TsRclZygsr-JEI<br>Address: Mahiravni, Maharashtra 422213, India<br>Latitude: 19.9734462<br>Longitude: 73.6655852<br>Google_Maps: https://maps.google.com/?cid=4766214451390207602&g_mp=Cidnb29nbGUubWFwcy5wbGFjZXMudjEuUGxhY2VzLlNlYXJjaFRleHQQAhgEIAA<br>Business_Status: OPERATIONAL<br>Rating: 4.6<br>User_Rating_Count: 192<br>Primary_Type: hotel<br>Types: hotel, resort_hotel, lodging, point_of_interest, establishment<br>Establishment_Category: hotels accommodation<br>Waypoint: Nashik outskirts (Panchak)<br>Waypoint_Latitude: 20.009<br>Waypoint_Longitude: 73.706<br>Establishment_Type: hotels accommodation<br>Search_Term: <br>Establishment_Name: <br>Category_EST: Hotel <br>Search_Location: <br>Search_Latitude: <br>Search_Longitude: ]]></description>
      <styleUrl>#icon-1899-3949AB</styleUrl>
      <ExtendedData>
        <Data name="Source_File">
          <value>Nashik_to_Trimbak_Establishments 2.xlsx</value>
        </Data>
        <Data name="Source_Sheet">
          <value>Sheet1</value>
        </Data>
        <Data name="Place_ID">
          <value>ChIJUU0MJQDt3TsRclZygsr-JEI</value>
        </Data>
        <Data name="Address">
          <value>Mahiravni, Maharashtra 422213, India</value>
        </Data>
        <Data name="Latitude">
          <value>19.9734462</value>
        </Data>
        <Data name="Longitude">
          <value>73.6655852</value>
        </Data>
        <Data name="Google_Maps">
          <value><![CDATA[https://maps.google.com/?cid=4766214451390207602&g_mp=Cidnb29nbGUubWFwcy5wbGFjZXMudjEuUGxhY2VzLlNlYXJjaFRleHQQAhgEIAA]]></value>
        </Data>
        <Data name="Business_Status">
          <value>OPERATIONAL</value>
        </Data>
        <Data name="Rating">
          <value>4.6</value>
        </Data>
        <Data name="User_Rating_Count">
          <value>192.0</value>
        </Data>
        <Data name="Primary_Type">
          <value>hotel</value>
        </Data>
        <Data name="Types">
          <value>hotel, resort_hotel, lodging, point_of_interest, establishment</value>
        </Data>
        <Data name="Establishment_Category">
          <value>hotels accommodation</value>
        </Data>
        <Data name="Waypoint">
          <value>Nashik outskirts (Panchak)</value>
        </Data>
        <Data name="Waypoint_Latitude">
          <value>20.0089</value>
        </Data>
        <Data name="Waypoint_Longitude">
          <value>73.7059</value>
        </Data>
        <Data name="Establishment_Type">
          <value>hotels accommodation</value>
        </Data>
        <Data name="Search_Term">
          <value/>
        </Data>
        <Data name="Establishment_Name">
          <value/>
        </Data>
        <Data name="Category_EST">
          <value>Hotel </value>
        </Data>
        <Data name="Search_Location">
          <value/>
        </Data>
        <Data name="Search_Latitude">
          <value/>
        </Data>
        <Data name="Search_Longitude">
          <value/>
        </Data>
      </ExtendedData>
      <Point>
        <coordinates>
          73.6655852,19.9734462,0
        </coordinates>
      </Point>
    </Placemark>
    <Placemark>
      <name>HOTEL SANTOSH</name>
      <description><![CDATA[Source_File: Nashik_to_Trimbak_Establishments 2.xlsx<br>Source_Sheet: Sheet1<br>Place_ID: ChIJJyrLh37s3TsRA_WRQC7wXWE<br>Address: PLOT NO P 21, NICE Area, MIDC, Satpur Colony, Nashik, Maharashtra 422007, India<br>Latitude: 19.9998708<br>Longitude: 73.7425006<br>Google_Maps: https://maps.google.com/?cid=7016027875955569923&g_mp=Cidnb29nbGUubWFwcy5wbGFjZXMudjEuUGxhY2VzLlNlYXJjaFRleHQQAhgEIAA<br>Business_Status: OPERATIONAL<br>Rating: 4.1<br>User_Rating_Count: 117<br>Primary_Type: restaurant<br>Types: restaurant, food, point_of_interest, establishment<br>Establishment_Category: hotels accommodation<br>Waypoint: Nashik outskirts (Panchak)<br>Waypoint_Latitude: 20.009<br>Waypoint_Longitude: 73.706<br>Establishment_Type: hotels accommodation<br>Search_Term: <br>Establishment_Name: <br>Category_EST: Hotel <br>Search_Location: <br>Search_Latitude: <br>Search_Longitude: ]]></description>
      <styleUrl>#icon-1899-3949AB</styleUrl>
      <ExtendedData>
        <Data name="Source_File">
          <value>Nashik_to_Trimbak_Establishments 2.xlsx</value>
        </Data>
        <Data name="Source_Sheet">
          <value>Sheet1</value>
        </Data>
        <Data name="Place_ID">
          <value>ChIJJyrLh37s3TsRA_WRQC7wXWE</value>
        </Data>
        <Data name="Address">
          <value>PLOT NO P 21, NICE Area, MIDC, Satpur Colony, Nashik, Maharashtra 422007, India</value>
        </Data>
        <Data name="Latitude">
          <value>19.9998708</value>
        </Data>
        <Data name="Longitude">
          <value>73.7425006</value>
        </Data>
        <Data name="Google_Maps">
          <value><![CDATA[https://maps.google.com/?cid=7016027875955569923&g_mp=Cidnb29nbGUubWFwcy5wbGFjZXMudjEuUGxhY2VzLlNlYXJjaFRleHQQAhgEIAA]]></value>
        </Data>
        <Data name="Business_Status">
          <value>OPERATIONAL</value>
        </Data>
        <Data name="Rating">
          <value>4.1</value>
        </Data>
        <Data name="User_Rating_Count">
          <value>117.0</value>
        </Data>
        <Data name="Primary_Type">
          <value>restaurant</value>
        </Data>
        <Data name="Types">
          <value>restaurant, food, point_of_interest, establishment</value>
        </Data>
        <Data name="Establishment_Category">
          <value>hotels accommodation</value>
        </Data>
        <Data name="Waypoint">
          <value>Nashik outskirts (Panchak)</value>
        </Data>
        <Data name="Waypoint_Latitude">
          <value>20.0089</value>
        </Data>
        <Data name="Waypoint_Longitude">
          <value>73.7059</value>
        </Data>
        <Data name="Establishment_Type">
          <value>hotels accommodation</value>
        </Data>
        <Data name="Search_Term">
          <value/>
        </Data>
        <Data name="Establishment_Name">
          <value/>
        </Data>
        <Data name="Category_EST">
          <value>Hotel </value>
        </Data>
        <Data name="Search_Location">
          <value/>
        </Data>
        <Data name="Search_Latitude">
          <value/>
        </Data>
        <Data name="Search_Longitude">
          <value/>
        </Data>
      </ExtendedData>
      <Point>
        <coordinates>
          73.7425006,19.9998708,0
        </coordinates>
      </Point>
    </Placemark>
    <Placemark>
      <name>Hotel Banzai</name>
      <description><![CDATA[Source_File: Nashik_to_Trimbak_Establishments 2.xlsx<br>Source_Sheet: Sheet1<br>Place_ID: ChIJtSMIn_vr3TsRkUxmN_NkXls<br>Address: L.P Poddar Marg , Patil lane, No. 3, College Rd, opposite Vitthal Mandir, Patil Colony, Canada Corner, Nashik, Maharashtra 422005, India<br>Latitude: 20.0064422<br>Longitude: 73.7665156<br>Google_Maps: https://maps.google.com/?cid=6583810701031525521&g_mp=Cidnb29nbGUubWFwcy5wbGFjZXMudjEuUGxhY2VzLlNlYXJjaFRleHQQAhgEIAA<br>Business_Status: OPERATIONAL<br>Rating: 4.4<br>User_Rating_Count: 347<br>Primary_Type: hotel<br>Types: hotel, lodging, point_of_interest, establishment<br>Establishment_Category: hotels accommodation<br>Waypoint: Nashik outskirts (Panchak)<br>Waypoint_Latitude: 20.009<br>Waypoint_Longitude: 73.706<br>Establishment_Type: hotels accommodation<br>Search_Term: <br>Establishment_Name: <br>Category_EST: Hotel <br>Search_Location: <br>Search_Latitude: <br>Search_Longitude: ]]></description>
      <styleUrl>#icon-1899-3949AB</styleUrl>
      <ExtendedData>
        <Data name="Source_File">
          <value>Nashik_to_Trimbak_Establishments 2.xlsx</value>
        </Data>
        <Data name="Source_Sheet">
          <value>Sheet1</value>
        </Data>
        <Data name="Place_ID">
          <value>ChIJtSMIn_vr3TsRkUxmN_NkXls</value>
        </Data>
        <Data name="Address">
          <value>L.P Poddar Marg , Patil lane, No. 3, College Rd, opposite Vitthal Mandir, Patil Colony, Canada Corner, Nashik, Maharashtra 422005, India</value>
        </Data>
        <Data name="Latitude">
          <value>20.0064422</value>
        </Data>
        <Data name="Longitude">
          <value>73.7665156</value>
        </Data>
        <Data name="Google_Maps">
          <value><![CDATA[https://maps.google.com/?cid=6583810701031525521&g_mp=Cidnb29nbGUubWFwcy5wbGFjZXMudjEuUGxhY2VzLlNlYXJjaFRleHQQAhgEIAA]]></value>
        </Data>
        <Data name="Business_Status">
          <value>OPERATIONAL</value>
        </Data>
        <Data name="Rating">
          <value>4.4</value>
        </Data>
        <Data name="User_Rating_Count">
          <value>347.0</value>
        </Data>
        <Data name="Primary_Type">
          <value>hotel</value>
        </Data>
        <Data name="Types">
          <value>hotel, lodging, point_of_interest, establishment</value>
        </Data>
        <Data name="Establishment_Category">
          <value>hotels accommodation</value>
        </Data>
        <Data name="Waypoint">
          <value>Nashik outskirts (Panchak)</value>
        </Data>
        <Data name="Waypoint_Latitude">
          <value>20.0089</value>
        </Data>
        <Data name="Waypoint_Longitude">
          <value>73.7059</value>
        </Data>
        <Data name="Establishment_Type">
          <value>hotels accommodation</value>
        </Data>
        <Data name="Search_Term">
          <value/>
        </Data>
        <Data name="Establishment_Name">
          <value/>
        </Data>
        <Data name="Category_EST">
          <value>Hotel </value>
        </Data>
        <Data name="Search_Location">
          <value/>
        </Data>
        <Data name="Search_Latitude">
          <value/>
        </Data>
        <Data name="Search_Longitude">
          <value/>
        </Data>
      </ExtendedData>
      <Point>
        <coordinates>
          73.7665156,20.0064422,0
        </coordinates>
      </Point>
    </Placemark>
    <Placemark>
      <name>Hotel Cool Palace</name>
      <description><![CDATA[Source_File: Nashik_to_Trimbak_Establishments 2.xlsx<br>Source_Sheet: Sheet1<br>Place_ID: ChIJlScZdanr3TsRb2vLysGw7Zs<br>Address: Rajebhadur Hospital Road, Mahatma Gandhi Rd, near Red Cross Signal, Dahipul, Shalimar, Nashik, Maharashtra 422001, India<br>Latitude: 20.0039279<br>Longitude: 73.7875866<br>Google_Maps: https://maps.google.com/?cid=11235830991736761199&g_mp=Cidnb29nbGUubWFwcy5wbGFjZXMudjEuUGxhY2VzLlNlYXJjaFRleHQQAhgEIAA<br>Business_Status: OPERATIONAL<br>Rating: 3.8<br>User_Rating_Count: 1047<br>Primary_Type: hotel<br>Types: hotel, lodging, point_of_interest, establishment<br>Establishment_Category: hotels accommodation<br>Waypoint: Nashik outskirts (Panchak)<br>Waypoint_Latitude: 20.009<br>Waypoint_Longitude: 73.706<br>Establishment_Type: hotels accommodation<br>Search_Term: <br>Establishment_Name: <br>Category_EST: Hotel <br>Search_Location: <br>Search_Latitude: <br>Search_Longitude: ]]></description>
      <styleUrl>#icon-1899-3949AB</styleUrl>
      <ExtendedData>
        <Data name="Source_File">
          <value>Nashik_to_Trimbak_Establishments 2.xlsx</value>
        </Data>
        <Data name="Source_Sheet">
          <value>Sheet1</value>
        </Data>
        <Data name="Place_ID">
          <value>ChIJlScZdanr3TsRb2vLysGw7Zs</value>
        </Data>
        <Data name="Address">
          <value>Rajebhadur Hospital Road, Mahatma Gandhi Rd, near Red Cross Signal, Dahipul, Shalimar, Nashik, Maharashtra 422001, India</value>
        </Data>
        <Data name="Latitude">
          <value>20.0039279</value>
        </Data>
        <Data name="Longitude">
          <value>73.7875866</value>
        </Data>
        <Data name="Google_Maps">
          <value><![CDATA[https://maps.google.com/?cid=11235830991736761199&g_mp=Cidnb29nbGUubWFwcy5wbGFjZXMudjEuUGxhY2VzLlNlYXJjaFRleHQQAhgEIAA]]></value>
        </Data>
        <Data name="Business_Status">
          <value>OPERATIONAL</value>
        </Data>
        <Data name="Rating">
          <value>3.8</value>
        </Data>
        <Data name="User_Rating_Count">
          <value>1047.0</value>
        </Data>
        <Data name="Primary_Type">
          <value>hotel</value>
        </Data>
        <Data name="Types">
          <value>hotel, lodging, point_of_interest, establishment</value>
        </Data>
        <Data name="Establishment_Category">
          <value>hotels accommodation</value>
        </Data>
        <Data name="Waypoint">
          <value>Nashik outskirts (Panchak)</value>
        </Data>
        <Data name="Waypoint_Latitude">
          <value>20.0089</value>
        </Data>
        <Data name="Waypoint_Longitude">
          <value>73.7059</value>
        </Data>
        <Data name="Establishment_Type">
          <value>hotels accommodation</value>
        </Data>
        <Data name="Search_Term">
          <value/>
        </Data>
        <Data name="Establishment_Name">
          <value/>
        </Data>
        <Data name="Category_EST">
          <value>Hotel </value>
        </Data>
        <Data name="Search_Location">
          <value/>
        </Data>
        <Data name="Search_Latitude">
          <value/>
        </Data>
        <Data name="Search_Longitude">
          <value/>
        </Data>
      </ExtendedData>
      <Point>
        <coordinates>
          73.7875866,20.0039279,0
        </coordinates>
      </Point>
    </Placemark>
    <Placemark>
      <name>Hotel Manorath</name>
      <description><![CDATA[Source_File: Nashik_to_Trimbak_Establishments 2.xlsx<br>Source_Sheet: Sheet1<br>Place_ID: ChIJS7yUqKDr3TsRoCGi-YWMwls<br>Address: Opp. Raymond showroom , sharanpur road,Nashik Near, Police Pared Ground, Old Pandit Colony, Police Staff Colony, Nashik, Maharashtra 422002, India<br>Latitude: 20.0011173<br>Longitude: 73.7770659<br>Google_Maps: https://maps.google.com/?cid=6612001709980000672&g_mp=Cidnb29nbGUubWFwcy5wbGFjZXMudjEuUGxhY2VzLlNlYXJjaFRleHQQAhgEIAA<br>Business_Status: OPERATIONAL<br>Rating: 3.8<br>User_Rating_Count: 307<br>Primary_Type: hotel<br>Types: hotel, lodging, point_of_interest, establishment<br>Establishment_Category: hotels accommodation<br>Waypoint: Nashik outskirts (Panchak)<br>Waypoint_Latitude: 20.009<br>Waypoint_Longitude: 73.706<br>Establishment_Type: hotels accommodation<br>Search_Term: <br>Establishment_Name: <br>Category_EST: Hotel <br>Search_Location: <br>Search_Latitude: <br>Search_Longitude: ]]></description>
      <styleUrl>#icon-1899-3949AB</styleUrl>
      <ExtendedData>
        <Data name="Source_File">
          <value>Nashik_to_Trimbak_Establishments 2.xlsx</value>
        </Data>
        <Data name="Source_Sheet">
          <value>Sheet1</value>
        </Data>
        <Data name="Place_ID">
          <value>ChIJS7yUqKDr3TsRoCGi-YWMwls</value>
        </Data>
        <Data name="Address">
          <value>Opp. Raymond showroom , sharanpur road,Nashik Near, Police Pared Ground, Old Pandit Colony, Police Staff Colony, Nashik, Maharashtra 422002, India</value>
        </Data>
        <Data name="Latitude">
          <value>20.0011173</value>
        </Data>
        <Data name="Longitude">
          <value>73.7770659</value>
        </Data>
        <Data name="Google_Maps">
          <value><![CDATA[https://maps.google.com/?cid=6612001709980000672&g_mp=Cidnb29nbGUubWFwcy5wbGFjZXMudjEuUGxhY2VzLlNlYXJjaFRleHQQAhgEIAA]]></value>
        </Data>
        <Data name="Business_Status">
          <value>OPERATIONAL</value>
        </Data>
        <Data name="Rating">
          <value>3.8</value>
        </Data>
        <Data name="User_Rating_Count">
          <value>307.0</value>
        </Data>
        <Data name="Primary_Type">
          <value>hotel</value>
        </Data>
        <Data name="Types">
          <value>hotel, lodging, point_of_interest, establishment</value>
        </Data>
        <Data name="Establishment_Category">
          <value>hotels accommodation</value>
        </Data>
        <Data name="Waypoint">
          <value>Nashik outskirts (Panchak)</value>
        </Data>
        <Data name="Waypoint_Latitude">
          <value>20.0089</value>
        </Data>
        <Data name="Waypoint_Longitude">
          <value>73.7059</value>
        </Data>
        <Data name="Establishment_Type">
          <value>hotels accommodation</value>
        </Data>
        <Data name="Search_Term">
          <value/>
        </Data>
        <Data name="Establishment_Name">
          <value/>
        </Data>
        <Data name="Category_EST">
          <value>Hotel </value>
        </Data>
        <Data name="Search_Location">
          <value/>
        </Data>
        <Data name="Search_Latitude">
          <value/>
        </Data>
        <Data name="Search_Longitude">
          <value/>
        </Data>
      </ExtendedData>
      <Point>
        <coordinates>
          73.7770659,20.0011173,0
        </coordinates>
      </Point>
    </Placemark>
    <Placemark>
      <name>Hotel My Home Residency</name>
      <description><![CDATA[Source_File: Nashik_to_Trimbak_Establishments 2.xlsx<br>Source_Sheet: Sheet1<br>Place_ID: ChIJsQPOg-rr3TsRZPkSp2NfFsU<br>Address: First Floor, V- Square Complex, Old, Agra - Mumbai Hwy, above Shree Rajbhog Thali, Mumbai Naka, Matoshree Nagar, Nashik, Maharashtra 422002, India<br>Latitude: 19.9904451<br>Longitude: 73.7826291<br>Google_Maps: https://maps.google.com/?cid=14201643356568877412&g_mp=Cidnb29nbGUubWFwcy5wbGFjZXMudjEuUGxhY2VzLlNlYXJjaFRleHQQAhgEIAA<br>Business_Status: OPERATIONAL<br>Rating: 4.4<br>User_Rating_Count: 96<br>Primary_Type: hotel<br>Types: hotel, private_guest_room, extended_stay_hotel, lodging, point_of_interest, establishment<br>Establishment_Category: hotels accommodation<br>Waypoint: Nashik outskirts (Panchak)<br>Waypoint_Latitude: 20.009<br>Waypoint_Longitude: 73.706<br>Establishment_Type: hotels accommodation<br>Search_Term: <br>Establishment_Name: <br>Category_EST: Hotel <br>Search_Location: <br>Search_Latitude: <br>Search_Longitude: ]]></description>
      <styleUrl>#icon-1899-3949AB</styleUrl>
      <ExtendedData>
        <Data name="Source_File">
          <value>Nashik_to_Trimbak_Establishments 2.xlsx</value>
        </Data>
        <Data name="Source_Sheet">
          <value>Sheet1</value>
        </Data>
        <Data name="Place_ID">
          <value>ChIJsQPOg-rr3TsRZPkSp2NfFsU</value>
        </Data>
        <Data name="Address">
          <value>First Floor, V- Square Complex, Old, Agra - Mumbai Hwy, above Shree Rajbhog Thali, Mumbai Naka, Matoshree Nagar, Nashik, Maharashtra 422002, India</value>
        </Data>
        <Data name="Latitude">
          <value>19.9904451</value>
        </Data>
        <Data name="Longitude">
          <value>73.7826291</value>
        </Data>
        <Data name="Google_Maps">
          <value><![CDATA[https://maps.google.com/?cid=14201643356568877412&g_mp=Cidnb29nbGUubWFwcy5wbGFjZXMudjEuUGxhY2VzLlNlYXJjaFRleHQQAhgEIAA]]></value>
        </Data>
        <Data name="Business_Status">
          <value>OPERATIONAL</value>
        </Data>
        <Data name="Rating">
          <value>4.4</value>
        </Data>
        <Data name="User_Rating_Count">
          <value>96.0</value>
        </Data>
        <Data name="Primary_Type">
          <value>hotel</value>
        </Data>
        <Data name="Types">
          <value>hotel, private_guest_room, extended_stay_hotel, lodging, point_of_interest, establishment</value>
        </Data>
        <Data name="Establishment_Category">
          <value>hotels accommodation</value>
        </Data>
        <Data name="Waypoint">
          <value>Nashik outskirts (Panchak)</value>
        </Data>
        <Data name="Waypoint_Latitude">
          <value>20.0089</value>
        </Data>
        <Data name="Waypoint_Longitude">
          <value>73.7059</value>
        </Data>
        <Data name="Establishment_Type">
          <value>hotels accommodation</value>
        </Data>
        <Data name="Search_Term">
          <value/>
        </Data>
        <Data name="Establishment_Name">
          <value/>
        </Data>
        <Data name="Category_EST">
          <value>Hotel </value>
        </Data>
        <Data name="Search_Location">
          <value/>
        </Data>
        <Data name="Search_Latitude">
          <value/>
        </Data>
        <Data name="Search_Longitude">
          <value/>
        </Data>
      </ExtendedData>
      <Point>
        <coordinates>
          73.7826291,19.9904451,0
        </coordinates>
      </Point>
    </Placemark>
    <Placemark>
      <name>Hotel Samudra Residency 9823262855</name>
      <description><![CDATA[Source_File: Nashik_to_Trimbak_Establishments 2.xlsx<br>Source_Sheet: Sheet1<br>Place_ID: ChIJg4oVB57s3TsR63BtGH-DnJk<br>Address: 1st Floor, Wavre Plaza, ITI To DGP 2, Link Road, above Purnima Sweets, near Khutwad Nagar, Wavre Nagar, Saptashrungi Nagar, Kamatwade Gaon, Nashik, Maharashtra 422010, India<br>Latitude: 19.9796828<br>Longitude: 73.7475205<br>Google_Maps: https://maps.google.com/?cid=11068866566063747307&g_mp=Cidnb29nbGUubWFwcy5wbGFjZXMudjEuUGxhY2VzLlNlYXJjaFRleHQQAhgEIAA<br>Business_Status: OPERATIONAL<br>Rating: 3.5<br>User_Rating_Count: 53<br>Primary_Type: hotel<br>Types: hotel, private_guest_room, lodging, point_of_interest, service, establishment<br>Establishment_Category: hotels accommodation<br>Waypoint: Nashik outskirts (Panchak)<br>Waypoint_Latitude: 20.009<br>Waypoint_Longitude: 73.706<br>Establishment_Type: hotels accommodation<br>Search_Term: <br>Establishment_Name: <br>Category_EST: Hotel <br>Search_Location: <br>Search_Latitude: <br>Search_Longitude: ]]></description>
      <styleUrl>#icon-1899-3949AB</styleUrl>
      <ExtendedData>
        <Data name="Source_File">
          <value>Nashik_to_Trimbak_Establishments 2.xlsx</value>
        </Data>
        <Data name="Source_Sheet">
          <value>Sheet1</value>
        </Data>
        <Data name="Place_ID">
          <value>ChIJg4oVB57s3TsR63BtGH-DnJk</value>
        </Data>
        <Data name="Address">
          <value>1st Floor, Wavre Plaza, ITI To DGP 2, Link Road, above Purnima Sweets, near Khutwad Nagar, Wavre Nagar, Saptashrungi Nagar, Kamatwade Gaon, Nashik, Maharashtra 422010, India</value>
        </Data>
        <Data name="Latitude">
          <value>19.9796828</value>
        </Data>
        <Data name="Longitude">
          <value>73.7475205</value>
        </Data>
        <Data name="Google_Maps">
          <value><![CDATA[https://maps.google.com/?cid=11068866566063747307&g_mp=Cidnb29nbGUubWFwcy5wbGFjZXMudjEuUGxhY2VzLlNlYXJjaFRleHQQAhgEIAA]]></value>
        </Data>
        <Data name="Business_Status">
          <value>OPERATIONAL</value>
        </Data>
        <Data name="Rating">
          <value>3.5</value>
        </Data>
        <Data name="User_Rating_Count">
          <value>53.0</value>
        </Data>
        <Data name="Primary_Type">
          <value>hotel</value>
        </Data>
        <Data name="Types">
          <value>hotel, private_guest_room, lodging, point_of_interest, service, establishment</value>
        </Data>
        <Data name="Establishment_Category">
          <value>hotels accommodation</value>
        </Data>
        <Data name="Waypoint">
          <value>Nashik outskirts (Panchak)</value>
        </Data>
        <Data name="Waypoint_Latitude">
          <value>20.0089</value>
        </Data>
        <Data name="Waypoint_Longitude">
          <value>73.7059</value>
        </Data>
        <Data name="Establishment_Type">
          <value>hotels accommodation</value>
        </Data>
        <Data name="Search_Term">
          <value/>
        </Data>
        <Data name="Establishment_Name">
          <value/>
        </Data>
        <Data name="Category_EST">
          <value>Hotel </value>
        </Data>
        <Data name="Search_Location">
          <value/>
        </Data>
        <Data name="Search_Latitude">
          <value/>
        </Data>
        <Data name="Search_Longitude">
          <value/>
        </Data>
      </ExtendedData>
      <Point>
        <coordinates>
          73.7475205,19.9796828,0
        </coordinates>
      </Point>
    </Placemark>
    <Placemark>
      <name>Hotel Teerth Villa Nashik</name>
      <description><![CDATA[Source_File: Nashik_to_Trimbak_Establishments 2.xlsx<br>Source_Sheet: Sheet1<br>Place_ID: ChIJeSKtjK2U3TsR5U-DmEy_r9k<br>Address: Next lane after 'Goods & Sales Tax Office' (GST Bhavan), WQX5+3VR, Anand nagar, near Pathardi Phata, Girdhar Nagar, Damodar Nagar, Pathardi Phata, Nashik, Maharashtra 422010, India<br>Latitude: 19.9480043<br>Longitude: 73.7593341<br>Google_Maps: https://maps.google.com/?cid=15685966362851889125&g_mp=Cidnb29nbGUubWFwcy5wbGFjZXMudjEuUGxhY2VzLlNlYXJjaFRleHQQAhgEIAA<br>Business_Status: OPERATIONAL<br>Rating: 4.1<br>User_Rating_Count: 536<br>Primary_Type: hotel<br>Types: hotel, private_guest_room, bed_and_breakfast, extended_stay_hotel, lodging, point_of_interest, establishment<br>Establishment_Category: hotels accommodation<br>Waypoint: Nashik outskirts (Panchak)<br>Waypoint_Latitude: 20.009<br>Waypoint_Longitude: 73.706<br>Establishment_Type: hotels accommodation<br>Search_Term: <br>Establishment_Name: <br>Category_EST: Hotel <br>Search_Location: <br>Search_Latitude: <br>Search_Longitude: ]]></description>
      <styleUrl>#icon-1899-3949AB</styleUrl>
      <ExtendedData>
        <Data name="Source_File">
          <value>Nashik_to_Trimbak_Establishments 2.xlsx</value>
        </Data>
        <Data name="Source_Sheet">
          <value>Sheet1</value>
        </Data>
        <Data name="Place_ID">
          <value>ChIJeSKtjK2U3TsR5U-DmEy_r9k</value>
        </Data>
        <Data name="Address">
          <value><![CDATA[Next lane after 'Goods & Sales Tax Office' (GST Bhavan), WQX5+3VR, Anand nagar, near Pathardi Phata, Girdhar Nagar, Damodar Nagar, Pathardi Phata, Nashik, Maharashtra 422010, India]]></value>
        </Data>
        <Data name="Latitude">
          <value>19.9480043</value>
        </Data>
        <Data name="Longitude">
          <value>73.7593341</value>
        </Data>
        <Data name="Google_Maps">
          <value><![CDATA[https://maps.google.com/?cid=15685966362851889125&g_mp=Cidnb29nbGUubWFwcy5wbGFjZXMudjEuUGxhY2VzLlNlYXJjaFRleHQQAhgEIAA]]></value>
        </Data>
        <Data name="Business_Status">
          <value>OPERATIONAL</value>
        </Data>
        <Data name="Rating">
          <value>4.1</value>
        </Data>
        <Data name="User_Rating_Count">
          <value>536.0</value>
        </Data>
        <Data name="Primary_Type">
          <value>hotel</value>
        </Data>
        <Data name="Types">
          <value>hotel, private_guest_room, bed_and_breakfast, extended_stay_hotel, lodging, point_of_interest, establishment</value>
        </Data>
        <Data name="Establishment_Category">
          <value>hotels accommodation</value>
        </Data>
        <Data name="Waypoint">
          <value>Nashik outskirts (Panchak)</value>
        </Data>
        <Data name="Waypoint_Latitude">
          <value>20.0089</value>
        </Data>
        <Data name="Waypoint_Longitude">
          <value>73.7059</value>
        </Data>
        <Data name="Establishment_Type">
          <value>hotels accommodation</value>
        </Data>
        <Data name="Search_Term">
          <value/>
        </Data>
        <Data name="Establishment_Name">
          <value/>
        </Data>
        <Data name="Category_EST">
          <value>Hotel </value>
        </Data>
        <Data name="Search_Location">
          <value/>
        </Data>
        <Data name="Search_Latitude">
          <value/>
        </Data>
        <Data name="Search_Longitude">
          <value/>
        </Data>
      </ExtendedData>
      <Point>
        <coordinates>
          73.7593341,19.9480043,0
        </coordinates>
      </Point>
    </Placemark>
    <Placemark>
      <name>Hotel The Nashik Inn</name>
      <description><![CDATA[Source_File: Nashik_to_Trimbak_Establishments 2.xlsx<br>Source_Sheet: Sheet1<br>Place_ID: ChIJjVwOEIPr3TsRuxzFmIKVofk<br>Address: Nashik - Pune Hwy, near inox theater, Upnagar, Nashik, Maharashtra 422006, India<br>Latitude: 19.9777236<br>Longitude: 73.8087193<br>Google_Maps: https://maps.google.com/?cid=17987822774835813563&g_mp=Cidnb29nbGUubWFwcy5wbGFjZXMudjEuUGxhY2VzLlNlYXJjaFRleHQQAhgEIAA<br>Business_Status: OPERATIONAL<br>Rating: 4.2<br>User_Rating_Count: 438<br>Primary_Type: hotel<br>Types: hotel, lodging, restaurant, food, point_of_interest, establishment<br>Establishment_Category: hotels accommodation<br>Waypoint: Nashik outskirts (Panchak)<br>Waypoint_Latitude: 20.009<br>Waypoint_Longitude: 73.706<br>Establishment_Type: hotels accommodation<br>Search_Term: <br>Establishment_Name: <br>Category_EST: Hotel <br>Search_Location: <br>Search_Latitude: <br>Search_Longitude: ]]></description>
      <styleUrl>#icon-1899-3949AB</styleUrl>
      <ExtendedData>
        <Data name="Source_File">
          <value>Nashik_to_Trimbak_Establishments 2.xlsx</value>
        </Data>
        <Data name="Source_Sheet">
          <value>Sheet1</value>
        </Data>
        <Data name="Place_ID">
          <value>ChIJjVwOEIPr3TsRuxzFmIKVofk</value>
        </Data>
        <Data name="Address">
          <value>Nashik - Pune Hwy, near inox theater, Upnagar, Nashik, Maharashtra 422006, India</value>
        </Data>
        <Data name="Latitude">
          <value>19.9777236</value>
        </Data>
        <Data name="Longitude">
          <value>73.8087193</value>
        </Data>
        <Data name="Google_Maps">
          <value><![CDATA[https://maps.google.com/?cid=17987822774835813563&g_mp=Cidnb29nbGUubWFwcy5wbGFjZXMudjEuUGxhY2VzLlNlYXJjaFRleHQQAhgEIAA]]></value>
        </Data>
        <Data name="Business_Status">
          <value>OPERATIONAL</value>
        </Data>
        <Data name="Rating">
          <value>4.2</value>
        </Data>
        <Data name="User_Rating_Count">
          <value>438.0</value>
        </Data>
        <Data name="Primary_Type">
          <value>hotel</value>
        </Data>
        <Data name="Types">
          <value>hotel, lodging, restaurant, food, point_of_interest, establishment</value>
        </Data>
        <Data name="Establishment_Category">
          <value>hotels accommodation</value>
        </Data>
        <Data name="Waypoint">
          <value>Nashik outskirts (Panchak)</value>
        </Data>
        <Data name="Waypoint_Latitude">
          <value>20.0089</value>
        </Data>
        <Data name="Waypoint_Longitude">
          <value>73.7059</value>
        </Data>
        <Data name="Establishment_Type">
          <value>hotels accommodation</value>
        </Data>
        <Data name="Search_Term">
          <value/>
        </Data>
        <Data name="Establishment_Name">
          <value/>
        </Data>
        <Data name="Category_EST">
          <value>Hotel </value>
        </Data>
        <Data name="Search_Location">
          <value/>
        </Data>
        <Data name="Search_Latitude">
          <value/>
        </Data>
        <Data name="Search_Longitude">
          <value/>
        </Data>
      </ExtendedData>
      <Point>
        <coordinates>
          73.8087193,19.9777236,0
        </coordinates>
      </Point>
    </Placemark>
    <Placemark>
      <name>Hotel Vaishali</name>
      <description><![CDATA[Source_File: Nashik_to_Trimbak_Establishments 2.xlsx<br>Source_Sheet: Sheet1<br>Place_ID: ChIJq6qqpqjr3TsRhVJ2DtW48OU<br>Address: Landmark Maher signal, 480-k, Gole Colony, Nashik, Maharashtra 422002, India<br>Latitude: 20.0046489<br>Longitude: 73.7832237<br>Google_Maps: https://maps.google.com/?cid=16568946254306235013&g_mp=Cidnb29nbGUubWFwcy5wbGFjZXMudjEuUGxhY2VzLlNlYXJjaFRleHQQAhgEIAA<br>Business_Status: OPERATIONAL<br>Rating: 3.7<br>User_Rating_Count: 874<br>Primary_Type: hotel<br>Types: hotel, private_guest_room, extended_stay_hotel, lodging, restaurant, food, point_of_interest, establishment<br>Establishment_Category: hotels accommodation<br>Waypoint: Nashik outskirts (Panchak)<br>Waypoint_Latitude: 20.009<br>Waypoint_Longitude: 73.706<br>Establishment_Type: hotels accommodation<br>Search_Term: <br>Establishment_Name: <br>Category_EST: Hotel <br>Search_Location: <br>Search_Latitude: <br>Search_Longitude: ]]></description>
      <styleUrl>#icon-1899-3949AB</styleUrl>
      <ExtendedData>
        <Data name="Source_File">
          <value>Nashik_to_Trimbak_Establishments 2.xlsx</value>
        </Data>
        <Data name="Source_Sheet">
          <value>Sheet1</value>
        </Data>
        <Data name="Place_ID">
          <value>ChIJq6qqpqjr3TsRhVJ2DtW48OU</value>
        </Data>
        <Data name="Address">
          <value>Landmark Maher signal, 480-k, Gole Colony, Nashik, Maharashtra 422002, India</value>
        </Data>
        <Data name="Latitude">
          <value>20.0046489</value>
        </Data>
        <Data name="Longitude">
          <value>73.7832237</value>
        </Data>
        <Data name="Google_Maps">
          <value><![CDATA[https://maps.google.com/?cid=16568946254306235013&g_mp=Cidnb29nbGUubWFwcy5wbGFjZXMudjEuUGxhY2VzLlNlYXJjaFRleHQQAhgEIAA]]></value>
        </Data>
        <Data name="Business_Status">
          <value>OPERATIONAL</value>
        </Data>
        <Data name="Rating">
          <value>3.7</value>
        </Data>
        <Data name="User_Rating_Count">
          <value>874.0</value>
        </Data>
        <Data name="Primary_Type">
          <value>hotel</value>
        </Data>
        <Data name="Types">
          <value>hotel, private_guest_room, extended_stay_hotel, lodging, restaurant, food, point_of_interest, establishment</value>
        </Data>
        <Data name="Establishment_Category">
          <value>hotels accommodation</value>
        </Data>
        <Data name="Waypoint">
          <value>Nashik outskirts (Panchak)</value>
        </Data>
        <Data name="Waypoint_Latitude">
          <value>20.0089</value>
        </Data>
        <Data name="Waypoint_Longitude">
          <value>73.7059</value>
        </Data>
        <Data name="Establishment_Type">
          <value>hotels accommodation</value>
        </Data>
        <Data name="Search_Term">
          <value/>
        </Data>
        <Data name="Establishment_Name">
          <value/>
        </Data>
        <Data name="Category_EST">
          <value>Hotel </value>
        </Data>
        <Data name="Search_Location">
          <value/>
        </Data>
        <Data name="Search_Latitude">
          <value/>
        </Data>
        <Data name="Search_Longitude">
          <value/>
        </Data>
      </ExtendedData>
      <Point>
        <coordinates>
          73.7832237,20.0046489,0
        </coordinates>
      </Point>
    </Placemark>
    <Placemark>
      <name>Millennium Hotel</name>
      <description><![CDATA[Source_File: Nashik_to_Trimbak_Establishments 2.xlsx<br>Source_Sheet: Sheet1<br>Place_ID: ChIJix0p7drt3TsRXwpiuPMqNak<br>Address: Millennium Hotel , Right Canal Road, besides D mart, off Engineer Prakash Chaudhary Marg, Kale Nagar, Vivekanand Nagar, Anandvalli, Nashik, Maharashtra 422013, India<br>Latitude: 20.0060571<br>Longitude: 73.7440406<br>Google_Maps: https://maps.google.com/?cid=12192698792434338399&g_mp=Cidnb29nbGUubWFwcy5wbGFjZXMudjEuUGxhY2VzLlNlYXJjaFRleHQQAhgEIAA<br>Business_Status: OPERATIONAL<br>Rating: 4.8<br>User_Rating_Count: 89<br>Primary_Type: hotel<br>Types: hotel, lodging, point_of_interest, establishment<br>Establishment_Category: hotels accommodation<br>Waypoint: Nashik outskirts (Panchak)<br>Waypoint_Latitude: 20.009<br>Waypoint_Longitude: 73.706<br>Establishment_Type: hotels accommodation<br>Search_Term: <br>Establishment_Name: <br>Category_EST: Hotel <br>Search_Location: <br>Search_Latitude: <br>Search_Longitude: ]]></description>
      <styleUrl>#icon-1899-3949AB</styleUrl>
      <ExtendedData>
        <Data name="Source_File">
          <value>Nashik_to_Trimbak_Establishments 2.xlsx</value>
        </Data>
        <Data name="Source_Sheet">
          <value>Sheet1</value>
        </Data>
        <Data name="Place_ID">
          <value>ChIJix0p7drt3TsRXwpiuPMqNak</value>
        </Data>
        <Data name="Address">
          <value>Millennium Hotel , Right Canal Road, besides D mart, off Engineer Prakash Chaudhary Marg, Kale Nagar, Vivekanand Nagar, Anandvalli, Nashik, Maharashtra 422013, India</value>
        </Data>
        <Data name="Latitude">
          <value>20.0060571</value>
        </Data>
        <Data name="Longitude">
          <value>73.7440406</value>
        </Data>
        <Data name="Google_Maps">
          <value><![CDATA[https://maps.google.com/?cid=12192698792434338399&g_mp=Cidnb29nbGUubWFwcy5wbGFjZXMudjEuUGxhY2VzLlNlYXJjaFRleHQQAhgEIAA]]></value>
        </Data>
        <Data name="Business_Status">
          <value>OPERATIONAL</value>
        </Data>
        <Data name="Rating">
          <value>4.8</value>
        </Data>
        <Data name="User_Rating_Count">
          <value>89.0</value>
        </Data>
        <Data name="Primary_Type">
          <value>hotel</value>
        </Data>
        <Data name="Types">
          <value>hotel, lodging, point_of_interest, establishment</value>
        </Data>
        <Data name="Establishment_Category">
          <value>hotels accommodation</value>
        </Data>
        <Data name="Waypoint">
          <value>Nashik outskirts (Panchak)</value>
        </Data>
        <Data name="Waypoint_Latitude">
          <value>20.0089</value>
        </Data>
        <Data name="Waypoint_Longitude">
          <value>73.7059</value>
        </Data>
        <Data name="Establishment_Type">
          <value>hotels accommodation</value>
        </Data>
        <Data name="Search_Term">
          <value/>
        </Data>
        <Data name="Establishment_Name">
          <value/>
        </Data>
        <Data name="Category_EST">
          <value>Hotel </value>
        </Data>
        <Data name="Search_Location">
          <value/>
        </Data>
        <Data name="Search_Latitude">
          <value/>
        </Data>
        <Data name="Search_Longitude">
          <value/>
        </Data>
      </ExtendedData>
      <Point>
        <coordinates>
          73.7440406,20.0060571,0
        </coordinates>
      </Point>
    </Placemark>
    <Placemark>
      <name>OYO Flagship Hotel Silver Inn</name>
      <description><![CDATA[Source_File: Nashik_to_Trimbak_Establishments 2.xlsx<br>Source_Sheet: Sheet1<br>Place_ID: ChIJ_xE3mKjr3TsRczkn8L5cVqM<br>Address: Meher Signal, Dawa Bazar, Gole Colony, Nashik, Maharashtra 422002, India<br>Latitude: 20.0048298<br>Longitude: 73.7835841<br>Google_Maps: https://maps.google.com/?cid=11769696651322014067&g_mp=Cidnb29nbGUubWFwcy5wbGFjZXMudjEuUGxhY2VzLlNlYXJjaFRleHQQAhgEIAA<br>Business_Status: OPERATIONAL<br>Rating: 3.5<br>User_Rating_Count: 777<br>Primary_Type: hotel<br>Types: hotel, lodging, point_of_interest, establishment<br>Establishment_Category: hotels accommodation<br>Waypoint: Nashik outskirts (Panchak)<br>Waypoint_Latitude: 20.009<br>Waypoint_Longitude: 73.706<br>Establishment_Type: hotels accommodation<br>Search_Term: <br>Establishment_Name: <br>Category_EST: Hotel <br>Search_Location: <br>Search_Latitude: <br>Search_Longitude: ]]></description>
      <styleUrl>#icon-1899-3949AB</styleUrl>
      <ExtendedData>
        <Data name="Source_File">
          <value>Nashik_to_Trimbak_Establishments 2.xlsx</value>
        </Data>
        <Data name="Source_Sheet">
          <value>Sheet1</value>
        </Data>
        <Data name="Place_ID">
          <value>ChIJ_xE3mKjr3TsRczkn8L5cVqM</value>
        </Data>
        <Data name="Address">
          <value>Meher Signal, Dawa Bazar, Gole Colony, Nashik, Maharashtra 422002, India</value>
        </Data>
        <Data name="Latitude">
          <value>20.0048298</value>
        </Data>
        <Data name="Longitude">
          <value>73.7835841</value>
        </Data>
        <Data name="Google_Maps">
          <value><![CDATA[https://maps.google.com/?cid=11769696651322014067&g_mp=Cidnb29nbGUubWFwcy5wbGFjZXMudjEuUGxhY2VzLlNlYXJjaFRleHQQAhgEIAA]]></value>
        </Data>
        <Data name="Business_Status">
          <value>OPERATIONAL</value>
        </Data>
        <Data name="Rating">
          <value>3.5</value>
        </Data>
        <Data name="User_Rating_Count">
          <value>777.0</value>
        </Data>
        <Data name="Primary_Type">
          <value>hotel</value>
        </Data>
        <Data name="Types">
          <value>hotel, lodging, point_of_interest, establishment</value>
        </Data>
        <Data name="Establishment_Category">
          <value>hotels accommodation</value>
        </Data>
        <Data name="Waypoint">
          <value>Nashik outskirts (Panchak)</value>
        </Data>
        <Data name="Waypoint_Latitude">
          <value>20.0089</value>
        </Data>
        <Data name="Waypoint_Longitude">
          <value>73.7059</value>
        </Data>
        <Data name="Establishment_Type">
          <value>hotels accommodation</value>
        </Data>
        <Data name="Search_Term">
          <value/>
        </Data>
        <Data name="Establishment_Name">
          <value/>
        </Data>
        <Data name="Category_EST">
          <value>Hotel </value>
        </Data>
        <Data name="Search_Location">
          <value/>
        </Data>
        <Data name="Search_Latitude">
          <value/>
        </Data>
        <Data name="Search_Longitude">
          <value/>
        </Data>
      </ExtendedData>
      <Point>
        <coordinates>
          73.7835841,20.0048298,0
        </coordinates>
      </Point>
    </Placemark>
    <Placemark>
      <name><![CDATA[Ramji's Residency The Business Hotel]]></name>
      <description><![CDATA[Source_File: Nashik_to_Trimbak_Establishments 2.xlsx<br>Source_Sheet: Sheet1<br>Place_ID: ChIJe9NKqKjr3TsRaPCO--wWxtA<br>Address: 2Q4M+77V, Dawa Bazar, Gole Colony, Nashik, Maharashtra 422002, India<br>Latitude: 20.0057438<br>Longitude: 73.7831812<br>Google_Maps: https://maps.google.com/?cid=15043736812366262376&g_mp=Cidnb29nbGUubWFwcy5wbGFjZXMudjEuUGxhY2VzLlNlYXJjaFRleHQQAhgEIAA<br>Business_Status: OPERATIONAL<br>Rating: 4<br>User_Rating_Count: 1454<br>Primary_Type: hotel<br>Types: hotel, guest_house, wedding_venue, extended_stay_hotel, business_center, lodging, event_venue, restaurant, food, point_of_interest, service, establishment<br>Establishment_Category: hotels accommodation<br>Waypoint: Nashik outskirts (Panchak)<br>Waypoint_Latitude: 20.009<br>Waypoint_Longitude: 73.706<br>Establishment_Type: hotels accommodation<br>Search_Term: <br>Establishment_Name: <br>Category_EST: Hotel <br>Search_Location: <br>Search_Latitude: <br>Search_Longitude: ]]></description>
      <styleUrl>#icon-1899-3949AB</styleUrl>
      <ExtendedData>
        <Data name="Source_File">
          <value>Nashik_to_Trimbak_Establishments 2.xlsx</value>
        </Data>
        <Data name="Source_Sheet">
          <value>Sheet1</value>
        </Data>
        <Data name="Place_ID">
          <value>ChIJe9NKqKjr3TsRaPCO--wWxtA</value>
        </Data>
        <Data name="Address">
          <value>2Q4M+77V, Dawa Bazar, Gole Colony, Nashik, Maharashtra 422002, India</value>
        </Data>
        <Data name="Latitude">
          <value>20.0057438</value>
        </Data>
        <Data name="Longitude">
          <value>73.7831812</value>
        </Data>
        <Data name="Google_Maps">
          <value><![CDATA[https://maps.google.com/?cid=15043736812366262376&g_mp=Cidnb29nbGUubWFwcy5wbGFjZXMudjEuUGxhY2VzLlNlYXJjaFRleHQQAhgEIAA]]></value>
        </Data>
        <Data name="Business_Status">
          <value>OPERATIONAL</value>
        </Data>
        <Data name="Rating">
          <value>4.0</value>
        </Data>
        <Data name="User_Rating_Count">
          <value>1454.0</value>
        </Data>
        <Data name="Primary_Type">
          <value>hotel</value>
        </Data>
        <Data name="Types">
          <value>hotel, guest_house, wedding_venue, extended_stay_hotel, business_center, lodging, event_venue, restaurant, food, point_of_interest, service, establishment</value>
        </Data>
        <Data name="Establishment_Category">
          <value>hotels accommodation</value>
        </Data>
        <Data name="Waypoint">
          <value>Nashik outskirts (Panchak)</value>
        </Data>
        <Data name="Waypoint_Latitude">
          <value>20.0089</value>
        </Data>
        <Data name="Waypoint_Longitude">
          <value>73.7059</value>
        </Data>
        <Data name="Establishment_Type">
          <value>hotels accommodation</value>
        </Data>
        <Data name="Search_Term">
          <value/>
        </Data>
        <Data name="Establishment_Name">
          <value/>
        </Data>
        <Data name="Category_EST">
          <value>Hotel </value>
        </Data>
        <Data name="Search_Location">
          <value/>
        </Data>
        <Data name="Search_Latitude">
          <value/>
        </Data>
        <Data name="Search_Longitude">
          <value/>
        </Data>
      </ExtendedData>
      <Point>
        <coordinates>
          73.7831812,20.0057438,0
        </coordinates>
      </Point>
    </Placemark>
    <Placemark>
      <name>Shakuntala Farms</name>
      <description><![CDATA[Source_File: Nashik_to_Trimbak_Establishments 2.xlsx<br>Source_Sheet: Sheet1<br>Place_ID: ChIJi_qEgIXt3TsRl7fLAN2N9VY<br>Address: Old Wasali, road, Nashik, Maharashtra 422213, India<br>Latitude: 19.9845349<br>Longitude: 73.7002943<br>Google_Maps: https://maps.google.com/?cid=6266070436896552855&g_mp=Cidnb29nbGUubWFwcy5wbGFjZXMudjEuUGxhY2VzLlNlYXJjaFRleHQQAhgEIAA<br>Business_Status: OPERATIONAL<br>Rating: 4.8<br>User_Rating_Count: 425<br>Primary_Type: farmstay<br>Types: farmstay, hotel, lodging, point_of_interest, service, establishment<br>Establishment_Category: hotels accommodation<br>Waypoint: Nashik outskirts (Panchak)<br>Waypoint_Latitude: 20.009<br>Waypoint_Longitude: 73.706<br>Establishment_Type: hotels accommodation<br>Search_Term: <br>Establishment_Name: <br>Category_EST: Hotel <br>Search_Location: <br>Search_Latitude: <br>Search_Longitude: ]]></description>
      <styleUrl>#icon-1899-3949AB</styleUrl>
      <ExtendedData>
        <Data name="Source_File">
          <value>Nashik_to_Trimbak_Establishments 2.xlsx</value>
        </Data>
        <Data name="Source_Sheet">
          <value>Sheet1</value>
        </Data>
        <Data name="Place_ID">
          <value>ChIJi_qEgIXt3TsRl7fLAN2N9VY</value>
        </Data>
        <Data name="Address">
          <value>Old Wasali, road, Nashik, Maharashtra 422213, India</value>
        </Data>
        <Data name="Latitude">
          <value>19.9845349</value>
        </Data>
        <Data name="Longitude">
          <value>73.7002943</value>
        </Data>
        <Data name="Google_Maps">
          <value><![CDATA[https://maps.google.com/?cid=6266070436896552855&g_mp=Cidnb29nbGUubWFwcy5wbGFjZXMudjEuUGxhY2VzLlNlYXJjaFRleHQQAhgEIAA]]></value>
        </Data>
        <Data name="Business_Status">
          <value>OPERATIONAL</value>
        </Data>
        <Data name="Rating">
          <value>4.8</value>
        </Data>
        <Data name="User_Rating_Count">
          <value>425.0</value>
        </Data>
        <Data name="Primary_Type">
          <value>farmstay</value>
        </Data>
        <Data name="Types">
          <value>farmstay, hotel, lodging, point_of_interest, service, establishment</value>
        </Data>
        <Data name="Establishment_Category">
          <value>hotels accommodation</value>
        </Data>
        <Data name="Waypoint">
          <value>Nashik outskirts (Panchak)</value>
        </Data>
        <Data name="Waypoint_Latitude">
          <value>20.0089</value>
        </Data>
        <Data name="Waypoint_Longitude">
          <value>73.7059</value>
        </Data>
        <Data name="Establishment_Type">
          <value>hotels accommodation</value>
        </Data>
        <Data name="Search_Term">
          <value/>
        </Data>
        <Data name="Establishment_Name">
          <value/>
        </Data>
        <Data name="Category_EST">
          <value>Hotel </value>
        </Data>
        <Data name="Search_Location">
          <value/>
        </Data>
        <Data name="Search_Latitude">
          <value/>
        </Data>
        <Data name="Search_Longitude">
          <value/>
        </Data>
      </ExtendedData>
      <Point>
        <coordinates>
          73.7002943,19.9845349,0
        </coordinates>
      </Point>
    </Placemark>
    <Placemark>
      <name>The One Hotel</name>
      <description><![CDATA[Source_File: Nashik_to_Trimbak_Establishments 2.xlsx<br>Source_Sheet: Sheet1<br>Place_ID: ChIJwSWvo2nr3TsRTAAA3M89xD4<br>Address: Survey No 771, Plot No.1 B , B, M Square City Center Mall, 1/A, Link Road, near Good Life Gym R.D. Circle, Radha Vasudev Batavia Nagar, Govind Nagar, Nashik, Maharashtra 422008, India<br>Latitude: 19.988459<br>Longitude: 73.7683393<br>Google_Maps: https://maps.google.com/?cid=4522807888745332812&g_mp=Cidnb29nbGUubWFwcy5wbGFjZXMudjEuUGxhY2VzLlNlYXJjaFRleHQQAhgEIAA<br>Business_Status: OPERATIONAL<br>Rating: 4.5<br>User_Rating_Count: 981<br>Primary_Type: hotel<br>Types: hotel, lodging, point_of_interest, establishment<br>Establishment_Category: hotels accommodation<br>Waypoint: Nashik outskirts (Panchak)<br>Waypoint_Latitude: 20.009<br>Waypoint_Longitude: 73.706<br>Establishment_Type: hotels accommodation<br>Search_Term: <br>Establishment_Name: <br>Category_EST: Hotel <br>Search_Location: <br>Search_Latitude: <br>Search_Longitude: ]]></description>
      <styleUrl>#icon-1899-3949AB</styleUrl>
      <ExtendedData>
        <Data name="Source_File">
          <value>Nashik_to_Trimbak_Establishments 2.xlsx</value>
        </Data>
        <Data name="Source_Sheet">
          <value>Sheet1</value>
        </Data>
        <Data name="Place_ID">
          <value>ChIJwSWvo2nr3TsRTAAA3M89xD4</value>
        </Data>
        <Data name="Address">
          <value>Survey No 771, Plot No.1 B , B, M Square City Center Mall, 1/A, Link Road, near Good Life Gym R.D. Circle, Radha Vasudev Batavia Nagar, Govind Nagar, Nashik, Maharashtra 422008, India</value>
        </Data>
        <Data name="Latitude">
          <value>19.988459</value>
        </Data>
        <Data name="Longitude">
          <value>73.7683393</value>
        </Data>
        <Data name="Google_Maps">
          <value><![CDATA[https://maps.google.com/?cid=4522807888745332812&g_mp=Cidnb29nbGUubWFwcy5wbGFjZXMudjEuUGxhY2VzLlNlYXJjaFRleHQQAhgEIAA]]></value>
        </Data>
        <Data name="Business_Status">
          <value>OPERATIONAL</value>
        </Data>
        <Data name="Rating">
          <value>4.5</value>
        </Data>
        <Data name="User_Rating_Count">
          <value>981.0</value>
        </Data>
        <Data name="Primary_Type">
          <value>hotel</value>
        </Data>
        <Data name="Types">
          <value>hotel, lodging, point_of_interest, establishment</value>
        </Data>
        <Data name="Establishment_Category">
          <value>hotels accommodation</value>
        </Data>
        <Data name="Waypoint">
          <value>Nashik outskirts (Panchak)</value>
        </Data>
        <Data name="Waypoint_Latitude">
          <value>20.0089</value>
        </Data>
        <Data name="Waypoint_Longitude">
          <value>73.7059</value>
        </Data>
        <Data name="Establishment_Type">
          <value>hotels accommodation</value>
        </Data>
        <Data name="Search_Term">
          <value/>
        </Data>
        <Data name="Establishment_Name">
          <value/>
        </Data>
        <Data name="Category_EST">
          <value>Hotel </value>
        </Data>
        <Data name="Search_Location">
          <value/>
        </Data>
        <Data name="Search_Latitude">
          <value/>
        </Data>
        <Data name="Search_Longitude">
          <value/>
        </Data>
      </ExtendedData>
      <Point>
        <coordinates>
          73.7683393,19.988459,0
        </coordinates>
      </Point>
    </Placemark>
    <Placemark>
      <name>The SSK Solitaire Hotel and Banquets</name>
      <description><![CDATA[Source_File: Nashik_to_Trimbak_Establishments 2.xlsx<br>Source_Sheet: Sheet1<br>Place_ID: ChIJW643yw3r3TsRCLZJt7mdLOI<br>Address: Ahilyabai Holkar Marg, Mumbai Naka, Tidke Colony, Nashik, Maharashtra 422002, India<br>Latitude: 19.9911817<br>Longitude: 73.7760767<br>Google_Maps: https://maps.google.com/?cid=16297574572516554248&g_mp=Cidnb29nbGUubWFwcy5wbGFjZXMudjEuUGxhY2VzLlNlYXJjaFRleHQQAhgEIAA<br>Business_Status: OPERATIONAL<br>Rating: 4.3<br>User_Rating_Count: 6871<br>Primary_Type: hotel<br>Types: hotel, banquet_hall, lodging, event_venue, restaurant, food, point_of_interest, establishment<br>Establishment_Category: hotels accommodation<br>Waypoint: Nashik outskirts (Panchak)<br>Waypoint_Latitude: 20.009<br>Waypoint_Longitude: 73.706<br>Establishment_Type: hotels accommodation<br>Search_Term: <br>Establishment_Name: <br>Category_EST: Hotel <br>Search_Location: <br>Search_Latitude: <br>Search_Longitude: ]]></description>
      <styleUrl>#icon-1899-3949AB</styleUrl>
      <ExtendedData>
        <Data name="Source_File">
          <value>Nashik_to_Trimbak_Establishments 2.xlsx</value>
        </Data>
        <Data name="Source_Sheet">
          <value>Sheet1</value>
        </Data>
        <Data name="Place_ID">
          <value>ChIJW643yw3r3TsRCLZJt7mdLOI</value>
        </Data>
        <Data name="Address">
          <value>Ahilyabai Holkar Marg, Mumbai Naka, Tidke Colony, Nashik, Maharashtra 422002, India</value>
        </Data>
        <Data name="Latitude">
          <value>19.9911817</value>
        </Data>
        <Data name="Longitude">
          <value>73.7760767</value>
        </Data>
        <Data name="Google_Maps">
          <value><![CDATA[https://maps.google.com/?cid=16297574572516554248&g_mp=Cidnb29nbGUubWFwcy5wbGFjZXMudjEuUGxhY2VzLlNlYXJjaFRleHQQAhgEIAA]]></value>
        </Data>
        <Data name="Business_Status">
          <value>OPERATIONAL</value>
        </Data>
        <Data name="Rating">
          <value>4.3</value>
        </Data>
        <Data name="User_Rating_Count">
          <value>6871.0</value>
        </Data>
        <Data name="Primary_Type">
          <value>hotel</value>
        </Data>
        <Data name="Types">
          <value>hotel, banquet_hall, lodging, event_venue, restaurant, food, point_of_interest, establishment</value>
        </Data>
        <Data name="Establishment_Category">
          <value>hotels accommodation</value>
        </Data>
        <Data name="Waypoint">
          <value>Nashik outskirts (Panchak)</value>
        </Data>
        <Data name="Waypoint_Latitude">
          <value>20.0089</value>
        </Data>
        <Data name="Waypoint_Longitude">
          <value>73.7059</value>
        </Data>
        <Data name="Establishment_Type">
          <value>hotels accommodation</value>
        </Data>
        <Data name="Search_Term">
          <value/>
        </Data>
        <Data name="Establishment_Name">
          <value/>
        </Data>
        <Data name="Category_EST">
          <value>Hotel </value>
        </Data>
        <Data name="Search_Location">
          <value/>
        </Data>
        <Data name="Search_Latitude">
          <value/>
        </Data>
        <Data name="Search_Longitude">
          <value/>
        </Data>
      </ExtendedData>
      <Point>
        <coordinates>
          73.7760767,19.9911817,0
        </coordinates>
      </Point>
    </Placemark>
    <Placemark>
      <name><![CDATA[Traveler's Den]]></name>
      <description><![CDATA[Source_File: Nashik_to_Trimbak_Establishments 2.xlsx<br>Source_Sheet: Sheet1<br>Place_ID: ChIJZVDk_aLr3TsRupRUVx7CEyM<br>Address: Unnamed Road, Shivaji Nagar, Nashik, Maharashtra 422002, India<br>Latitude: 20.0088474<br>Longitude: 73.7744086<br>Google_Maps: https://maps.google.com/?cid=2527577251454948538&g_mp=Cidnb29nbGUubWFwcy5wbGFjZXMudjEuUGxhY2VzLlNlYXJjaFRleHQQAhgEIAA<br>Business_Status: OPERATIONAL<br>Rating: 4.8<br>User_Rating_Count: 62<br>Primary_Type: private_guest_room<br>Types: private_guest_room, lodging, point_of_interest, establishment<br>Establishment_Category: hotels accommodation<br>Waypoint: Nashik outskirts (Panchak)<br>Waypoint_Latitude: 20.009<br>Waypoint_Longitude: 73.706<br>Establishment_Type: hotels accommodation<br>Search_Term: <br>Establishment_Name: <br>Category_EST: Hotel <br>Search_Location: <br>Search_Latitude: <br>Search_Longitude: ]]></description>
      <styleUrl>#icon-1899-3949AB</styleUrl>
      <ExtendedData>
        <Data name="Source_File">
          <value>Nashik_to_Trimbak_Establishments 2.xlsx</value>
        </Data>
        <Data name="Source_Sheet">
          <value>Sheet1</value>
        </Data>
        <Data name="Place_ID">
          <value>ChIJZVDk_aLr3TsRupRUVx7CEyM</value>
        </Data>
        <Data name="Address">
          <value>Unnamed Road, Shivaji Nagar, Nashik, Maharashtra 422002, India</value>
        </Data>
        <Data name="Latitude">
          <value>20.0088474</value>
        </Data>
        <Data name="Longitude">
          <value>73.7744086</value>
        </Data>
        <Data name="Google_Maps">
          <value><![CDATA[https://maps.google.com/?cid=2527577251454948538&g_mp=Cidnb29nbGUubWFwcy5wbGFjZXMudjEuUGxhY2VzLlNlYXJjaFRleHQQAhgEIAA]]></value>
        </Data>
        <Data name="Business_Status">
          <value>OPERATIONAL</value>
        </Data>
        <Data name="Rating">
          <value>4.8</value>
        </Data>
        <Data name="User_Rating_Count">
          <value>62.0</value>
        </Data>
        <Data name="Primary_Type">
          <value>private_guest_room</value>
        </Data>
        <Data name="Types">
          <value>private_guest_room, lodging, point_of_interest, establishment</value>
        </Data>
        <Data name="Establishment_Category">
          <value>hotels accommodation</value>
        </Data>
        <Data name="Waypoint">
          <value>Nashik outskirts (Panchak)</value>
        </Data>
        <Data name="Waypoint_Latitude">
          <value>20.0089</value>
        </Data>
        <Data name="Waypoint_Longitude">
          <value>73.7059</value>
        </Data>
        <Data name="Establishment_Type">
          <value>hotels accommodation</value>
        </Data>
        <Data name="Search_Term">
          <value/>
        </Data>
        <Data name="Establishment_Name">
          <value/>
        </Data>
        <Data name="Category_EST">
          <value>Hotel </value>
        </Data>
        <Data name="Search_Location">
          <value/>
        </Data>
        <Data name="Search_Latitude">
          <value/>
        </Data>
        <Data name="Search_Longitude">
          <value/>
        </Data>
      </ExtendedData>
      <Point>
        <coordinates>
          73.7744086,20.0088474,0
        </coordinates>
      </Point>
    </Placemark>
    <Placemark>
      <name>Treebo Sapphire Studio</name>
      <description><![CDATA[Source_File: Nashik_to_Trimbak_Establishments 2.xlsx<br>Source_Sheet: Sheet1<br>Place_ID: ChIJb3GKXyNnUjoR-Afe6UuRXLI<br>Address: Plot no 1, Tukaram Kale Rd, behind Shree Guruji Hospital, off Gangapur Road, Kale Nagar, Vivekanand Nagar, Anandvalli, Nashik, Maharashtra 422013, India<br>Latitude: 20.0069881<br>Longitude: 73.7473616<br>Google_Maps: https://maps.google.com/?cid=12852307191840770040&g_mp=Cidnb29nbGUubWFwcy5wbGFjZXMudjEuUGxhY2VzLlNlYXJjaFRleHQQAhgEIAA<br>Business_Status: OPERATIONAL<br>Rating: 4.3<br>User_Rating_Count: 1075<br>Primary_Type: hotel<br>Types: hotel, inn, private_guest_room, motel, lodging, point_of_interest, service, establishment<br>Establishment_Category: hotels accommodation<br>Waypoint: Nashik outskirts (Panchak)<br>Waypoint_Latitude: 20.009<br>Waypoint_Longitude: 73.706<br>Establishment_Type: hotels accommodation<br>Search_Term: <br>Establishment_Name: <br>Category_EST: Hotel <br>Search_Location: <br>Search_Latitude: <br>Search_Longitude: ]]></description>
      <styleUrl>#icon-1899-3949AB</styleUrl>
      <ExtendedData>
        <Data name="Source_File">
          <value>Nashik_to_Trimbak_Establishments 2.xlsx</value>
        </Data>
        <Data name="Source_Sheet">
          <value>Sheet1</value>
        </Data>
        <Data name="Place_ID">
          <value>ChIJb3GKXyNnUjoR-Afe6UuRXLI</value>
        </Data>
        <Data name="Address">
          <value>Plot no 1, Tukaram Kale Rd, behind Shree Guruji Hospital, off Gangapur Road, Kale Nagar, Vivekanand Nagar, Anandvalli, Nashik, Maharashtra 422013, India</value>
        </Data>
        <Data name="Latitude">
          <value>20.0069881</value>
        </Data>
        <Data name="Longitude">
          <value>73.7473616</value>
        </Data>
        <Data name="Google_Maps">
          <value><![CDATA[https://maps.google.com/?cid=12852307191840770040&g_mp=Cidnb29nbGUubWFwcy5wbGFjZXMudjEuUGxhY2VzLlNlYXJjaFRleHQQAhgEIAA]]></value>
        </Data>
        <Data name="Business_Status">
          <value>OPERATIONAL</value>
        </Data>
        <Data name="Rating">
          <value>4.3</value>
        </Data>
        <Data name="User_Rating_Count">
          <value>1075.0</value>
        </Data>
        <Data name="Primary_Type">
          <value>hotel</value>
        </Data>
        <Data name="Types">
          <value>hotel, inn, private_guest_room, motel, lodging, point_of_interest, service, establishment</value>
        </Data>
        <Data name="Establishment_Category">
          <value>hotels accommodation</value>
        </Data>
        <Data name="Waypoint">
          <value>Nashik outskirts (Panchak)</value>
        </Data>
        <Data name="Waypoint_Latitude">
          <value>20.0089</value>
        </Data>
        <Data name="Waypoint_Longitude">
          <value>73.7059</value>
        </Data>
        <Data name="Establishment_Type">
          <value>hotels accommodation</value>
        </Data>
        <Data name="Search_Term">
          <value/>
        </Data>
        <Data name="Establishment_Name">
          <value/>
        </Data>
        <Data name="Category_EST">
          <value>Hotel </value>
        </Data>
        <Data name="Search_Location">
          <value/>
        </Data>
        <Data name="Search_Latitude">
          <value/>
        </Data>
        <Data name="Search_Longitude">
          <value/>
        </Data>
      </ExtendedData>
      <Point>
        <coordinates>
          73.7473616,20.0069881,0
        </coordinates>
      </Point>
    </Placemark>
    <Placemark>
      <name>Urban Bliss Villa Nashik</name>
      <description><![CDATA[Source_File: Nashik_to_Trimbak_Establishments 2.xlsx<br>Source_Sheet: Sheet1<br>Place_ID: ChIJUWd-LwDt3TsRF8Tcqv4ZSoU<br>Address: Urban Bliss Villa, Ganesh Nagar, Pipeline Road, Satpur MIDC Main Rd, Ganesh Nagar, Satpur Colony, Nashik, Maharashtra 422007, India<br>Latitude: 20.0057732<br>Longitude: 73.7404942<br>Google_Maps: https://maps.google.com/?cid=9604517736899986455&g_mp=Cidnb29nbGUubWFwcy5wbGFjZXMudjEuUGxhY2VzLlNlYXJjaFRleHQQAhgEIAA<br>Business_Status: OPERATIONAL<br>Rating: 4.9<br>User_Rating_Count: 86<br>Primary_Type: service<br>Types: point_of_interest, service, establishment<br>Establishment_Category: hotels accommodation<br>Waypoint: Nashik outskirts (Panchak)<br>Waypoint_Latitude: 20.009<br>Waypoint_Longitude: 73.706<br>Establishment_Type: hotels accommodation<br>Search_Term: <br>Establishment_Name: <br>Category_EST: Hotel <br>Search_Location: <br>Search_Latitude: <br>Search_Longitude: ]]></description>
      <styleUrl>#icon-1899-3949AB</styleUrl>
      <ExtendedData>
        <Data name="Source_File">
          <value>Nashik_to_Trimbak_Establishments 2.xlsx</value>
        </Data>
        <Data name="Source_Sheet">
          <value>Sheet1</value>
        </Data>
        <Data name="Place_ID">
          <value>ChIJUWd-LwDt3TsRF8Tcqv4ZSoU</value>
        </Data>
        <Data name="Address">
          <value>Urban Bliss Villa, Ganesh Nagar, Pipeline Road, Satpur MIDC Main Rd, Ganesh Nagar, Satpur Colony, Nashik, Maharashtra 422007, India</value>
        </Data>
        <Data name="Latitude">
          <value>20.0057732</value>
        </Data>
        <Data name="Longitude">
          <value>73.7404942</value>
        </Data>
        <Data name="Google_Maps">
          <value><![CDATA[https://maps.google.com/?cid=9604517736899986455&g_mp=Cidnb29nbGUubWFwcy5wbGFjZXMudjEuUGxhY2VzLlNlYXJjaFRleHQQAhgEIAA]]></value>
        </Data>
        <Data name="Business_Status">
          <value>OPERATIONAL</value>
        </Data>
        <Data name="Rating">
          <value>4.9</value>
        </Data>
        <Data name="User_Rating_Count">
          <value>86.0</value>
        </Data>
        <Data name="Primary_Type">
          <value>service</value>
        </Data>
        <Data name="Types">
          <value>point_of_interest, service, establishment</value>
        </Data>
        <Data name="Establishment_Category">
          <value>hotels accommodation</value>
        </Data>
        <Data name="Waypoint">
          <value>Nashik outskirts (Panchak)</value>
        </Data>
        <Data name="Waypoint_Latitude">
          <value>20.0089</value>
        </Data>
        <Data name="Waypoint_Longitude">
          <value>73.7059</value>
        </Data>
        <Data name="Establishment_Type">
          <value>hotels accommodation</value>
        </Data>
        <Data name="Search_Term">
          <value/>
        </Data>
        <Data name="Establishment_Name">
          <value/>
        </Data>
        <Data name="Category_EST">
          <value>Hotel </value>
        </Data>
        <Data name="Search_Location">
          <value/>
        </Data>
        <Data name="Search_Latitude">
          <value/>
        </Data>
        <Data name="Search_Longitude">
          <value/>
        </Data>
      </ExtendedData>
      <Point>
        <coordinates>
          73.7404942,20.0057732,0
        </coordinates>
      </Point>
    </Placemark>
    <Placemark>
      <name>Vovam Service Apartment ( Formely DS Group )</name>
      <description><![CDATA[Source_File: Nashik_to_Trimbak_Establishments 2.xlsx<br>Source_Sheet: Sheet1<br>Place_ID: ChIJv4Fxygfr3TsR3NYhRkmFrD0<br>Address: Plot No.1, Trambakeshwar Rd, near ITI Signal, Khutawad Nagar, Nashik, Maharashtra 422008, India<br>Latitude: 19.9801602<br>Longitude: 73.7471726<br>Google_Maps: https://maps.google.com/?cid=4444073482063566556&g_mp=Cidnb29nbGUubWFwcy5wbGFjZXMudjEuUGxhY2VzLlNlYXJjaFRleHQQAhgEIAA<br>Business_Status: OPERATIONAL<br>Rating: 4.4<br>User_Rating_Count: 582<br>Primary_Type: lodging<br>Types: private_guest_room, guest_house, hotel, lodging, point_of_interest, service, establishment<br>Establishment_Category: hotels accommodation<br>Waypoint: Nashik outskirts (Panchak)<br>Waypoint_Latitude: 20.009<br>Waypoint_Longitude: 73.706<br>Establishment_Type: hotels accommodation<br>Search_Term: <br>Establishment_Name: <br>Category_EST: Hotel <br>Search_Location: <br>Search_Latitude: <br>Search_Longitude: ]]></description>
      <styleUrl>#icon-1899-3949AB</styleUrl>
      <ExtendedData>
        <Data name="Source_File">
          <value>Nashik_to_Trimbak_Establishments 2.xlsx</value>
        </Data>
        <Data name="Source_Sheet">
          <value>Sheet1</value>
        </Data>
        <Data name="Place_ID">
          <value>ChIJv4Fxygfr3TsR3NYhRkmFrD0</value>
        </Data>
        <Data name="Address">
          <value>Plot No.1, Trambakeshwar Rd, near ITI Signal, Khutawad Nagar, Nashik, Maharashtra 422008, India</value>
        </Data>
        <Data name="Latitude">
          <value>19.9801602</value>
        </Data>
        <Data name="Longitude">
          <value>73.7471726</value>
        </Data>
        <Data name="Google_Maps">
          <value><![CDATA[https://maps.google.com/?cid=4444073482063566556&g_mp=Cidnb29nbGUubWFwcy5wbGFjZXMudjEuUGxhY2VzLlNlYXJjaFRleHQQAhgEIAA]]></value>
        </Data>
        <Data name="Business_Status">
          <value>OPERATIONAL</value>
        </Data>
        <Data name="Rating">
          <value>4.4</value>
        </Data>
        <Data name="User_Rating_Count">
          <value>582.0</value>
        </Data>
        <Data name="Primary_Type">
          <value>lodging</value>
        </Data>
        <Data name="Types">
          <value>private_guest_room, guest_house, hotel, lodging, point_of_interest, service, establishment</value>
        </Data>
        <Data name="Establishment_Category">
          <value>hotels accommodation</value>
        </Data>
        <Data name="Waypoint">
          <value>Nashik outskirts (Panchak)</value>
        </Data>
        <Data name="Waypoint_Latitude">
          <value>20.0089</value>
        </Data>
        <Data name="Waypoint_Longitude">
          <value>73.7059</value>
        </Data>
        <Data name="Establishment_Type">
          <value>hotels accommodation</value>
        </Data>
        <Data name="Search_Term">
          <value/>
        </Data>
        <Data name="Establishment_Name">
          <value/>
        </Data>
        <Data name="Category_EST">
          <value>Hotel </value>
        </Data>
        <Data name="Search_Location">
          <value/>
        </Data>
        <Data name="Search_Latitude">
          <value/>
        </Data>
        <Data name="Search_Longitude">
          <value/>
        </Data>
      </ExtendedData>
      <Point>
        <coordinates>
          73.7471726,19.9801602,0
        </coordinates>
      </Point>
    </Placemark>
    <Placemark>
      <name>Amoha Villas</name>
      <description><![CDATA[Source_File: Nashik_to_Trimbak_Establishments 3.xlsx<br>Source_Sheet: Sheet1<br>Place_ID: ChIJxzfRcwDz3TsRihmOf45m7WQ<br>Address: XHJF+3QM, Beze, Maharashtra 422213, India<br>Latitude: 19.9802092<br>Longitude: 73.5744128<br>Google_Maps: https://maps.google.com/?cid=7272581735484627338&g_mp=Cidnb29nbGUubWFwcy5wbGFjZXMudjEuUGxhY2VzLlNlYXJjaFRleHQQAhgEIAA<br>Business_Status: OPERATIONAL<br>Rating: 4.9<br>User_Rating_Count: 62<br>Primary_Type: service<br>Types: service, point_of_interest, establishment<br>Establishment_Category: hotels accommodation<br>Waypoint: Talwade Trimbak<br>Waypoint_Latitude: 20.03<br>Waypoint_Longitude: 73.66<br>Establishment_Type: hotels accommodation<br>Search_Term: <br>Establishment_Name: <br>Category_EST: Hotel <br>Search_Location: <br>Search_Latitude: <br>Search_Longitude: ]]></description>
      <styleUrl>#icon-1899-3949AB</styleUrl>
      <ExtendedData>
        <Data name="Source_File">
          <value>Nashik_to_Trimbak_Establishments 3.xlsx</value>
        </Data>
        <Data name="Source_Sheet">
          <value>Sheet1</value>
        </Data>
        <Data name="Place_ID">
          <value>ChIJxzfRcwDz3TsRihmOf45m7WQ</value>
        </Data>
        <Data name="Address">
          <value>XHJF+3QM, Beze, Maharashtra 422213, India</value>
        </Data>
        <Data name="Latitude">
          <value>19.9802092</value>
        </Data>
        <Data name="Longitude">
          <value>73.5744128</value>
        </Data>
        <Data name="Google_Maps">
          <value><![CDATA[https://maps.google.com/?cid=7272581735484627338&g_mp=Cidnb29nbGUubWFwcy5wbGFjZXMudjEuUGxhY2VzLlNlYXJjaFRleHQQAhgEIAA]]></value>
        </Data>
        <Data name="Business_Status">
          <value>OPERATIONAL</value>
        </Data>
        <Data name="Rating">
          <value>4.9</value>
        </Data>
        <Data name="User_Rating_Count">
          <value>62.0</value>
        </Data>
        <Data name="Primary_Type">
          <value>service</value>
        </Data>
        <Data name="Types">
          <value>service, point_of_interest, establishment</value>
        </Data>
        <Data name="Establishment_Category">
          <value>hotels accommodation</value>
        </Data>
        <Data name="Waypoint">
          <value>Talwade Trimbak</value>
        </Data>
        <Data name="Waypoint_Latitude">
          <value>20.03</value>
        </Data>
        <Data name="Waypoint_Longitude">
          <value>73.66</value>
        </Data>
        <Data name="Establishment_Type">
          <value>hotels accommodation</value>
        </Data>
        <Data name="Search_Term">
          <value/>
        </Data>
        <Data name="Establishment_Name">
          <value/>
        </Data>
        <Data name="Category_EST">
          <value>Hotel </value>
        </Data>
        <Data name="Search_Location">
          <value/>
        </Data>
        <Data name="Search_Latitude">
          <value/>
        </Data>
        <Data name="Search_Longitude">
          <value/>
        </Data>
      </ExtendedData>
      <Point>
        <coordinates>
          73.5744128,19.9802092,0
        </coordinates>
      </Point>
    </Placemark>
    <Placemark>
      <name>Ashirwad Palace</name>
      <description><![CDATA[Source_File: Nashik_to_Trimbak_Establishments 3.xlsx<br>Source_Sheet: Sheet1<br>Place_ID: ChIJazw9Gcr03TsRdViCmjJ7KVk<br>Address: Trimbakeshwar, Nashik, WGPM+GRH, Shree Krishna Nagar Road, Sri Krishna Nagar, Borivali East, Mumbai, Trimbak, Maharashtra 422212, India<br>Latitude: 19.9363201<br>Longitude: 73.5346164<br>Google_Maps: https://maps.google.com/?cid=6424801800691538037&g_mp=Cidnb29nbGUubWFwcy5wbGFjZXMudjEuUGxhY2VzLlNlYXJjaFRleHQQAhgEIAA<br>Business_Status: OPERATIONAL<br>Rating: 2.3<br>User_Rating_Count: 224<br>Primary_Type: hotel<br>Types: hotel, lodging, point_of_interest, establishment<br>Establishment_Category: hotels accommodation<br>Waypoint: Talwade Trimbak<br>Waypoint_Latitude: 20.03<br>Waypoint_Longitude: 73.66<br>Establishment_Type: hotels accommodation<br>Search_Term: <br>Establishment_Name: <br>Category_EST: Hotel <br>Search_Location: <br>Search_Latitude: <br>Search_Longitude: ]]></description>
      <styleUrl>#icon-1899-3949AB</styleUrl>
      <ExtendedData>
        <Data name="Source_File">
          <value>Nashik_to_Trimbak_Establishments 3.xlsx</value>
        </Data>
        <Data name="Source_Sheet">
          <value>Sheet1</value>
        </Data>
        <Data name="Place_ID">
          <value>ChIJazw9Gcr03TsRdViCmjJ7KVk</value>
        </Data>
        <Data name="Address">
          <value>Trimbakeshwar, Nashik, WGPM+GRH, Shree Krishna Nagar Road, Sri Krishna Nagar, Borivali East, Mumbai, Trimbak, Maharashtra 422212, India</value>
        </Data>
        <Data name="Latitude">
          <value>19.9363201</value>
        </Data>
        <Data name="Longitude">
          <value>73.5346164</value>
        </Data>
        <Data name="Google_Maps">
          <value><![CDATA[https://maps.google.com/?cid=6424801800691538037&g_mp=Cidnb29nbGUubWFwcy5wbGFjZXMudjEuUGxhY2VzLlNlYXJjaFRleHQQAhgEIAA]]></value>
        </Data>
        <Data name="Business_Status">
          <value>OPERATIONAL</value>
        </Data>
        <Data name="Rating">
          <value>2.3</value>
        </Data>
        <Data name="User_Rating_Count">
          <value>224.0</value>
        </Data>
        <Data name="Primary_Type">
          <value>hotel</value>
        </Data>
        <Data name="Types">
          <value>hotel, lodging, point_of_interest, establishment</value>
        </Data>
        <Data name="Establishment_Category">
          <value>hotels accommodation</value>
        </Data>
        <Data name="Waypoint">
          <value>Talwade Trimbak</value>
        </Data>
        <Data name="Waypoint_Latitude">
          <value>20.03</value>
        </Data>
        <Data name="Waypoint_Longitude">
          <value>73.66</value>
        </Data>
        <Data name="Establishment_Type">
          <value>hotels accommodation</value>
        </Data>
        <Data name="Search_Term">
          <value/>
        </Data>
        <Data name="Establishment_Name">
          <value/>
        </Data>
        <Data name="Category_EST">
          <value>Hotel </value>
        </Data>
        <Data name="Search_Location">
          <value/>
        </Data>
        <Data name="Search_Latitude">
          <value/>
        </Data>
        <Data name="Search_Longitude">
          <value/>
        </Data>
      </ExtendedData>
      <Point>
        <coordinates>
          73.5346164,19.9363201,0
        </coordinates>
      </Point>
    </Placemark>
    <Placemark>
      <name><![CDATA[Balaji Palace Lodging & Hotel]]></name>
      <description><![CDATA[Source_File: Nashik_to_Trimbak_Establishments 3.xlsx<br>Source_Sheet: Sheet1<br>Place_ID: ChIJYRD5Ls713TsRd4BjVOsuoYs<br>Address: Bus Stand Road, Patil Galli, Opposite Taxi Stand, Trimbak, Maharashtra 422212, India<br>Latitude: 19.9338623<br>Longitude: 73.5309747<br>Google_Maps: https://maps.google.com/?cid=10061374630790398071&g_mp=Cidnb29nbGUubWFwcy5wbGFjZXMudjEuUGxhY2VzLlNlYXJjaFRleHQQAhgEIAA<br>Business_Status: OPERATIONAL<br>Rating: 3.3<br>User_Rating_Count: 38<br>Primary_Type: hotel<br>Types: hotel, lodging, point_of_interest, establishment<br>Establishment_Category: hotels accommodation<br>Waypoint: Talwade Trimbak<br>Waypoint_Latitude: 20.03<br>Waypoint_Longitude: 73.66<br>Establishment_Type: hotels accommodation<br>Search_Term: <br>Establishment_Name: <br>Category_EST: Hotel <br>Search_Location: <br>Search_Latitude: <br>Search_Longitude: ]]></description>
      <styleUrl>#icon-1899-3949AB</styleUrl>
      <ExtendedData>
        <Data name="Source_File">
          <value>Nashik_to_Trimbak_Establishments 3.xlsx</value>
        </Data>
        <Data name="Source_Sheet">
          <value>Sheet1</value>
        </Data>
        <Data name="Place_ID">
          <value>ChIJYRD5Ls713TsRd4BjVOsuoYs</value>
        </Data>
        <Data name="Address">
          <value>Bus Stand Road, Patil Galli, Opposite Taxi Stand, Trimbak, Maharashtra 422212, India</value>
        </Data>
        <Data name="Latitude">
          <value>19.9338623</value>
        </Data>
        <Data name="Longitude">
          <value>73.5309747</value>
        </Data>
        <Data name="Google_Maps">
          <value><![CDATA[https://maps.google.com/?cid=10061374630790398071&g_mp=Cidnb29nbGUubWFwcy5wbGFjZXMudjEuUGxhY2VzLlNlYXJjaFRleHQQAhgEIAA]]></value>
        </Data>
        <Data name="Business_Status">
          <value>OPERATIONAL</value>
        </Data>
        <Data name="Rating">
          <value>3.3</value>
        </Data>
        <Data name="User_Rating_Count">
          <value>38.0</value>
        </Data>
        <Data name="Primary_Type">
          <value>hotel</value>
        </Data>
        <Data name="Types">
          <value>hotel, lodging, point_of_interest, establishment</value>
        </Data>
        <Data name="Establishment_Category">
          <value>hotels accommodation</value>
        </Data>
        <Data name="Waypoint">
          <value>Talwade Trimbak</value>
        </Data>
        <Data name="Waypoint_Latitude">
          <value>20.03</value>
        </Data>
        <Data name="Waypoint_Longitude">
          <value>73.66</value>
        </Data>
        <Data name="Establishment_Type">
          <value>hotels accommodation</value>
        </Data>
        <Data name="Search_Term">
          <value/>
        </Data>
        <Data name="Establishment_Name">
          <value/>
        </Data>
        <Data name="Category_EST">
          <value>Hotel </value>
        </Data>
        <Data name="Search_Location">
          <value/>
        </Data>
        <Data name="Search_Latitude">
          <value/>
        </Data>
        <Data name="Search_Longitude">
          <value/>
        </Data>
      </ExtendedData>
      <Point>
        <coordinates>
          73.5309747,19.9338623,0
        </coordinates>
      </Point>
    </Placemark>
    <Placemark>
      <name>Bramhagiri Resorts Pvt Ltd</name>
      <description><![CDATA[Source_File: Nashik_to_Trimbak_Establishments 3.xlsx<br>Source_Sheet: Sheet1<br>Place_ID: ChIJXX3ugeTz3TsRslSZg3eV7Cw<br>Address: At-Post Khambale, Tel. Trimbakeshwar, Khambale, Maharashtra 422213, India<br>Latitude: 19.9596311<br>Longitude: 73.6330422<br>Google_Maps: https://maps.google.com/?cid=3237126572714054834&g_mp=Cidnb29nbGUubWFwcy5wbGFjZXMudjEuUGxhY2VzLlNlYXJjaFRleHQQAhgEIAA<br>Business_Status: OPERATIONAL<br>Rating: 3.8<br>User_Rating_Count: 22<br>Primary_Type: hotel<br>Types: hotel, bed_and_breakfast, private_guest_room, extended_stay_hotel, resort_hotel, cottage, lodging, association_or_organization, service, point_of_interest, establishment<br>Establishment_Category: hotels accommodation<br>Waypoint: Talwade Trimbak<br>Waypoint_Latitude: 20.03<br>Waypoint_Longitude: 73.66<br>Establishment_Type: hotels accommodation<br>Search_Term: <br>Establishment_Name: <br>Category_EST: Hotel <br>Search_Location: <br>Search_Latitude: <br>Search_Longitude: ]]></description>
      <styleUrl>#icon-1899-3949AB</styleUrl>
      <ExtendedData>
        <Data name="Source_File">
          <value>Nashik_to_Trimbak_Establishments 3.xlsx</value>
        </Data>
        <Data name="Source_Sheet">
          <value>Sheet1</value>
        </Data>
        <Data name="Place_ID">
          <value>ChIJXX3ugeTz3TsRslSZg3eV7Cw</value>
        </Data>
        <Data name="Address">
          <value>At-Post Khambale, Tel. Trimbakeshwar, Khambale, Maharashtra 422213, India</value>
        </Data>
        <Data name="Latitude">
          <value>19.9596311</value>
        </Data>
        <Data name="Longitude">
          <value>73.6330422</value>
        </Data>
        <Data name="Google_Maps">
          <value><![CDATA[https://maps.google.com/?cid=3237126572714054834&g_mp=Cidnb29nbGUubWFwcy5wbGFjZXMudjEuUGxhY2VzLlNlYXJjaFRleHQQAhgEIAA]]></value>
        </Data>
        <Data name="Business_Status">
          <value>OPERATIONAL</value>
        </Data>
        <Data name="Rating">
          <value>3.8</value>
        </Data>
        <Data name="User_Rating_Count">
          <value>22.0</value>
        </Data>
        <Data name="Primary_Type">
          <value>hotel</value>
        </Data>
        <Data name="Types">
          <value>hotel, bed_and_breakfast, private_guest_room, extended_stay_hotel, resort_hotel, cottage, lodging, association_or_organization, service, point_of_interest, establishment</value>
        </Data>
        <Data name="Establishment_Category">
          <value>hotels accommodation</value>
        </Data>
        <Data name="Waypoint">
          <value>Talwade Trimbak</value>
        </Data>
        <Data name="Waypoint_Latitude">
          <value>20.03</value>
        </Data>
        <Data name="Waypoint_Longitude">
          <value>73.66</value>
        </Data>
        <Data name="Establishment_Type">
          <value>hotels accommodation</value>
        </Data>
        <Data name="Search_Term">
          <value/>
        </Data>
        <Data name="Establishment_Name">
          <value/>
        </Data>
        <Data name="Category_EST">
          <value>Hotel </value>
        </Data>
        <Data name="Search_Location">
          <value/>
        </Data>
        <Data name="Search_Latitude">
          <value/>
        </Data>
        <Data name="Search_Longitude">
          <value/>
        </Data>
      </ExtendedData>
      <Point>
        <coordinates>
          73.6330422,19.9596311,0
        </coordinates>
      </Point>
    </Placemark>
    <Placemark>
      <name><![CDATA[Breeze the hills by Mango stays & trails]]></name>
      <description><![CDATA[Source_File: Nashik_to_Trimbak_Establishments 3.xlsx<br>Source_Sheet: Sheet1<br>Place_ID: ChIJZTnj2niL3TsRt9Vf58kmiyw<br>Address: GAT NO 17; UNIT No 16; STONERIDGE VALLEY TRIMBAKESHWAR, 42212, Pahine, Bhilmal, Maharashtra 422212, India<br>Latitude: 19.9169257<br>Longitude: 73.5524445<br>Google_Maps: https://maps.google.com/?cid=3209701808043709879&g_mp=Cidnb29nbGUubWFwcy5wbGFjZXMudjEuUGxhY2VzLlNlYXJjaFRleHQQAhgEIAA<br>Business_Status: OPERATIONAL<br>Rating: 4<br>User_Rating_Count: 27<br>Primary_Type: service<br>Types: service, point_of_interest, establishment<br>Establishment_Category: hotels accommodation<br>Waypoint: Talwade Trimbak<br>Waypoint_Latitude: 20.03<br>Waypoint_Longitude: 73.66<br>Establishment_Type: hotels accommodation<br>Search_Term: <br>Establishment_Name: <br>Category_EST: Hotel <br>Search_Location: <br>Search_Latitude: <br>Search_Longitude: ]]></description>
      <styleUrl>#icon-1899-3949AB</styleUrl>
      <ExtendedData>
        <Data name="Source_File">
          <value>Nashik_to_Trimbak_Establishments 3.xlsx</value>
        </Data>
        <Data name="Source_Sheet">
          <value>Sheet1</value>
        </Data>
        <Data name="Place_ID">
          <value>ChIJZTnj2niL3TsRt9Vf58kmiyw</value>
        </Data>
        <Data name="Address">
          <value>GAT NO 17; UNIT No 16; STONERIDGE VALLEY TRIMBAKESHWAR, 42212, Pahine, Bhilmal, Maharashtra 422212, India</value>
        </Data>
        <Data name="Latitude">
          <value>19.9169257</value>
        </Data>
        <Data name="Longitude">
          <value>73.5524445</value>
        </Data>
        <Data name="Google_Maps">
          <value><![CDATA[https://maps.google.com/?cid=3209701808043709879&g_mp=Cidnb29nbGUubWFwcy5wbGFjZXMudjEuUGxhY2VzLlNlYXJjaFRleHQQAhgEIAA]]></value>
        </Data>
        <Data name="Business_Status">
          <value>OPERATIONAL</value>
        </Data>
        <Data name="Rating">
          <value>4.0</value>
        </Data>
        <Data name="User_Rating_Count">
          <value>27.0</value>
        </Data>
        <Data name="Primary_Type">
          <value>service</value>
        </Data>
        <Data name="Types">
          <value>service, point_of_interest, establishment</value>
        </Data>
        <Data name="Establishment_Category">
          <value>hotels accommodation</value>
        </Data>
        <Data name="Waypoint">
          <value>Talwade Trimbak</value>
        </Data>
        <Data name="Waypoint_Latitude">
          <value>20.03</value>
        </Data>
        <Data name="Waypoint_Longitude">
          <value>73.66</value>
        </Data>
        <Data name="Establishment_Type">
          <value>hotels accommodation</value>
        </Data>
        <Data name="Search_Term">
          <value/>
        </Data>
        <Data name="Establishment_Name">
          <value/>
        </Data>
        <Data name="Category_EST">
          <value>Hotel </value>
        </Data>
        <Data name="Search_Location">
          <value/>
        </Data>
        <Data name="Search_Latitude">
          <value/>
        </Data>
        <Data name="Search_Longitude">
          <value/>
        </Data>
      </ExtendedData>
      <Point>
        <coordinates>
          73.5524445,19.9169257,0
        </coordinates>
      </Point>
    </Placemark>
    <Placemark>
      <name>Capital O 40790 Hotel Triveni</name>
      <description><![CDATA[Source_File: Nashik_to_Trimbak_Establishments 3.xlsx<br>Source_Sheet: Sheet1<br>Place_ID: ChIJVSMXEcr03TsRGsTPqKTs2J8<br>Address: Ghat No. 275, National Highway 848, Near Bank of Maharashtra, Trimbak, Maharashtra 422212, India<br>Latitude: 19.9358311<br>Longitude: 73.5348604<br>Google_Maps: https://maps.google.com/?cid=11518216238951023642&g_mp=Cidnb29nbGUubWFwcy5wbGFjZXMudjEuUGxhY2VzLlNlYXJjaFRleHQQAhgEIAA<br>Business_Status: OPERATIONAL<br>Rating: 3.5<br>User_Rating_Count: 478<br>Primary_Type: hotel<br>Types: hotel, lodging, point_of_interest, establishment<br>Establishment_Category: hotels accommodation<br>Waypoint: Talwade Trimbak<br>Waypoint_Latitude: 20.03<br>Waypoint_Longitude: 73.66<br>Establishment_Type: hotels accommodation<br>Search_Term: <br>Establishment_Name: <br>Category_EST: Hotel <br>Search_Location: <br>Search_Latitude: <br>Search_Longitude: ]]></description>
      <styleUrl>#icon-1899-3949AB</styleUrl>
      <ExtendedData>
        <Data name="Source_File">
          <value>Nashik_to_Trimbak_Establishments 3.xlsx</value>
        </Data>
        <Data name="Source_Sheet">
          <value>Sheet1</value>
        </Data>
        <Data name="Place_ID">
          <value>ChIJVSMXEcr03TsRGsTPqKTs2J8</value>
        </Data>
        <Data name="Address">
          <value>Ghat No. 275, National Highway 848, Near Bank of Maharashtra, Trimbak, Maharashtra 422212, India</value>
        </Data>
        <Data name="Latitude">
          <value>19.9358311</value>
        </Data>
        <Data name="Longitude">
          <value>73.5348604</value>
        </Data>
        <Data name="Google_Maps">
          <value><![CDATA[https://maps.google.com/?cid=11518216238951023642&g_mp=Cidnb29nbGUubWFwcy5wbGFjZXMudjEuUGxhY2VzLlNlYXJjaFRleHQQAhgEIAA]]></value>
        </Data>
        <Data name="Business_Status">
          <value>OPERATIONAL</value>
        </Data>
        <Data name="Rating">
          <value>3.5</value>
        </Data>
        <Data name="User_Rating_Count">
          <value>478.0</value>
        </Data>
        <Data name="Primary_Type">
          <value>hotel</value>
        </Data>
        <Data name="Types">
          <value>hotel, lodging, point_of_interest, establishment</value>
        </Data>
        <Data name="Establishment_Category">
          <value>hotels accommodation</value>
        </Data>
        <Data name="Waypoint">
          <value>Talwade Trimbak</value>
        </Data>
        <Data name="Waypoint_Latitude">
          <value>20.03</value>
        </Data>
        <Data name="Waypoint_Longitude">
          <value>73.66</value>
        </Data>
        <Data name="Establishment_Type">
          <value>hotels accommodation</value>
        </Data>
        <Data name="Search_Term">
          <value/>
        </Data>
        <Data name="Establishment_Name">
          <value/>
        </Data>
        <Data name="Category_EST">
          <value>Hotel </value>
        </Data>
        <Data name="Search_Location">
          <value/>
        </Data>
        <Data name="Search_Latitude">
          <value/>
        </Data>
        <Data name="Search_Longitude">
          <value/>
        </Data>
      </ExtendedData>
      <Point>
        <coordinates>
          73.5348604,19.9358311,0
        </coordinates>
      </Point>
    </Placemark>
    <Placemark>
      <name><![CDATA[Capital O 47371 Hotel Shiva's Inn]]></name>
      <description><![CDATA[Source_File: Nashik_to_Trimbak_Establishments 3.xlsx<br>Source_Sheet: Sheet1<br>Place_ID: ChIJF4LESo313TsRZUxO1w28Aho<br>Address: 1, NH 848, Trimbak, Maharashtra 422212, India<br>Latitude: 19.933248<br>Longitude: 73.5376533<br>Google_Maps: https://maps.google.com/?cid=1874267162572377189&g_mp=Cidnb29nbGUubWFwcy5wbGFjZXMudjEuUGxhY2VzLlNlYXJjaFRleHQQAhgEIAA<br>Business_Status: OPERATIONAL<br>Rating: 3<br>User_Rating_Count: 4<br>Primary_Type: hotel<br>Types: hotel, lodging, point_of_interest, establishment<br>Establishment_Category: hotels accommodation<br>Waypoint: Talwade Trimbak<br>Waypoint_Latitude: 20.03<br>Waypoint_Longitude: 73.66<br>Establishment_Type: hotels accommodation<br>Search_Term: <br>Establishment_Name: <br>Category_EST: Hotel <br>Search_Location: <br>Search_Latitude: <br>Search_Longitude: ]]></description>
      <styleUrl>#icon-1899-3949AB</styleUrl>
      <ExtendedData>
        <Data name="Source_File">
          <value>Nashik_to_Trimbak_Establishments 3.xlsx</value>
        </Data>
        <Data name="Source_Sheet">
          <value>Sheet1</value>
        </Data>
        <Data name="Place_ID">
          <value>ChIJF4LESo313TsRZUxO1w28Aho</value>
        </Data>
        <Data name="Address">
          <value>1, NH 848, Trimbak, Maharashtra 422212, India</value>
        </Data>
        <Data name="Latitude">
          <value>19.933248</value>
        </Data>
        <Data name="Longitude">
          <value>73.5376533</value>
        </Data>
        <Data name="Google_Maps">
          <value><![CDATA[https://maps.google.com/?cid=1874267162572377189&g_mp=Cidnb29nbGUubWFwcy5wbGFjZXMudjEuUGxhY2VzLlNlYXJjaFRleHQQAhgEIAA]]></value>
        </Data>
        <Data name="Business_Status">
          <value>OPERATIONAL</value>
        </Data>
        <Data name="Rating">
          <value>3.0</value>
        </Data>
        <Data name="User_Rating_Count">
          <value>4.0</value>
        </Data>
        <Data name="Primary_Type">
          <value>hotel</value>
        </Data>
        <Data name="Types">
          <value>hotel, lodging, point_of_interest, establishment</value>
        </Data>
        <Data name="Establishment_Category">
          <value>hotels accommodation</value>
        </Data>
        <Data name="Waypoint">
          <value>Talwade Trimbak</value>
        </Data>
        <Data name="Waypoint_Latitude">
          <value>20.03</value>
        </Data>
        <Data name="Waypoint_Longitude">
          <value>73.66</value>
        </Data>
        <Data name="Establishment_Type">
          <value>hotels accommodation</value>
        </Data>
        <Data name="Search_Term">
          <value/>
        </Data>
        <Data name="Establishment_Name">
          <value/>
        </Data>
        <Data name="Category_EST">
          <value>Hotel </value>
        </Data>
        <Data name="Search_Location">
          <value/>
        </Data>
        <Data name="Search_Latitude">
          <value/>
        </Data>
        <Data name="Search_Longitude">
          <value/>
        </Data>
      </ExtendedData>
      <Point>
        <coordinates>
          73.5376533,19.933248,0
        </coordinates>
      </Point>
    </Placemark>
    <Placemark>
      <name>Capital O NSK181 Rio Inn</name>
      <description><![CDATA[Source_File: Nashik_to_Trimbak_Establishments 3.xlsx<br>Source_Sheet: Sheet1<br>Place_ID: ChIJRT1U5mz13TsRmCWEnJhZ7eQ<br>Address: Divine meadows, Nashik, Trimbak, Maharashtra 422212, India<br>Latitude: 19.941425<br>Longitude: 73.541494<br>Google_Maps: https://maps.google.com/?cid=16495939522123802008&g_mp=Cidnb29nbGUubWFwcy5wbGFjZXMudjEuUGxhY2VzLlNlYXJjaFRleHQQAhgEIAA<br>Business_Status: OPERATIONAL<br>Rating: 3.8<br>User_Rating_Count: 72<br>Primary_Type: hotel<br>Types: hotel, lodging, point_of_interest, establishment<br>Establishment_Category: hotels accommodation<br>Waypoint: Talwade Trimbak<br>Waypoint_Latitude: 20.03<br>Waypoint_Longitude: 73.66<br>Establishment_Type: hotels accommodation<br>Search_Term: <br>Establishment_Name: <br>Category_EST: Hotel <br>Search_Location: <br>Search_Latitude: <br>Search_Longitude: ]]></description>
      <styleUrl>#icon-1899-3949AB</styleUrl>
      <ExtendedData>
        <Data name="Source_File">
          <value>Nashik_to_Trimbak_Establishments 3.xlsx</value>
        </Data>
        <Data name="Source_Sheet">
          <value>Sheet1</value>
        </Data>
        <Data name="Place_ID">
          <value>ChIJRT1U5mz13TsRmCWEnJhZ7eQ</value>
        </Data>
        <Data name="Address">
          <value>Divine meadows, Nashik, Trimbak, Maharashtra 422212, India</value>
        </Data>
        <Data name="Latitude">
          <value>19.941425</value>
        </Data>
        <Data name="Longitude">
          <value>73.541494</value>
        </Data>
        <Data name="Google_Maps">
          <value><![CDATA[https://maps.google.com/?cid=16495939522123802008&g_mp=Cidnb29nbGUubWFwcy5wbGFjZXMudjEuUGxhY2VzLlNlYXJjaFRleHQQAhgEIAA]]></value>
        </Data>
        <Data name="Business_Status">
          <value>OPERATIONAL</value>
        </Data>
        <Data name="Rating">
          <value>3.8</value>
        </Data>
        <Data name="User_Rating_Count">
          <value>72.0</value>
        </Data>
        <Data name="Primary_Type">
          <value>hotel</value>
        </Data>
        <Data name="Types">
          <value>hotel, lodging, point_of_interest, establishment</value>
        </Data>
        <Data name="Establishment_Category">
          <value>hotels accommodation</value>
        </Data>
        <Data name="Waypoint">
          <value>Talwade Trimbak</value>
        </Data>
        <Data name="Waypoint_Latitude">
          <value>20.03</value>
        </Data>
        <Data name="Waypoint_Longitude">
          <value>73.66</value>
        </Data>
        <Data name="Establishment_Type">
          <value>hotels accommodation</value>
        </Data>
        <Data name="Search_Term">
          <value/>
        </Data>
        <Data name="Establishment_Name">
          <value/>
        </Data>
        <Data name="Category_EST">
          <value>Hotel </value>
        </Data>
        <Data name="Search_Location">
          <value/>
        </Data>
        <Data name="Search_Latitude">
          <value/>
        </Data>
        <Data name="Search_Longitude">
          <value/>
        </Data>
      </ExtendedData>
      <Point>
        <coordinates>
          73.541494,19.941425,0
        </coordinates>
      </Point>
    </Placemark>
    <Placemark>
      <name>Club Shandilya</name>
      <description><![CDATA[Source_File: Nashik_to_Trimbak_Establishments 3.xlsx<br>Source_Sheet: Sheet1<br>Place_ID: ChIJcdqX30X13TsRQ3oQn7R32g4<br>Address: GAT NO. 258, near VIVEKANAND CENTRE, Pimplad Trimbak, Maharashtra 422212, India<br>Latitude: 19.9604642<br>Longitude: 73.5236897<br>Google_Maps: https://maps.google.com/?cid=1070299479100389955&g_mp=Cidnb29nbGUubWFwcy5wbGFjZXMudjEuUGxhY2VzLlNlYXJjaFRleHQQAhgEIAA<br>Business_Status: OPERATIONAL<br>Rating: 3.9<br>User_Rating_Count: 29<br>Primary_Type: private_guest_room<br>Types: private_guest_room, lodging, point_of_interest, establishment<br>Establishment_Category: hotels accommodation<br>Waypoint: Talwade Trimbak<br>Waypoint_Latitude: 20.03<br>Waypoint_Longitude: 73.66<br>Establishment_Type: hotels accommodation<br>Search_Term: <br>Establishment_Name: <br>Category_EST: Hotel <br>Search_Location: <br>Search_Latitude: <br>Search_Longitude: ]]></description>
      <styleUrl>#icon-1899-3949AB</styleUrl>
      <ExtendedData>
        <Data name="Source_File">
          <value>Nashik_to_Trimbak_Establishments 3.xlsx</value>
        </Data>
        <Data name="Source_Sheet">
          <value>Sheet1</value>
        </Data>
        <Data name="Place_ID">
          <value>ChIJcdqX30X13TsRQ3oQn7R32g4</value>
        </Data>
        <Data name="Address">
          <value>GAT NO. 258, near VIVEKANAND CENTRE, Pimplad Trimbak, Maharashtra 422212, India</value>
        </Data>
        <Data name="Latitude">
          <value>19.9604642</value>
        </Data>
        <Data name="Longitude">
          <value>73.5236897</value>
        </Data>
        <Data name="Google_Maps">
          <value><![CDATA[https://maps.google.com/?cid=1070299479100389955&g_mp=Cidnb29nbGUubWFwcy5wbGFjZXMudjEuUGxhY2VzLlNlYXJjaFRleHQQAhgEIAA]]></value>
        </Data>
        <Data name="Business_Status">
          <value>OPERATIONAL</value>
        </Data>
        <Data name="Rating">
          <value>3.9</value>
        </Data>
        <Data name="User_Rating_Count">
          <value>29.0</value>
        </Data>
        <Data name="Primary_Type">
          <value>private_guest_room</value>
        </Data>
        <Data name="Types">
          <value>private_guest_room, lodging, point_of_interest, establishment</value>
        </Data>
        <Data name="Establishment_Category">
          <value>hotels accommodation</value>
        </Data>
        <Data name="Waypoint">
          <value>Talwade Trimbak</value>
        </Data>
        <Data name="Waypoint_Latitude">
          <value>20.03</value>
        </Data>
        <Data name="Waypoint_Longitude">
          <value>73.66</value>
        </Data>
        <Data name="Establishment_Type">
          <value>hotels accommodation</value>
        </Data>
        <Data name="Search_Term">
          <value/>
        </Data>
        <Data name="Establishment_Name">
          <value/>
        </Data>
        <Data name="Category_EST">
          <value>Hotel </value>
        </Data>
        <Data name="Search_Location">
          <value/>
        </Data>
        <Data name="Search_Latitude">
          <value/>
        </Data>
        <Data name="Search_Longitude">
          <value/>
        </Data>
      </ExtendedData>
      <Point>
        <coordinates>
          73.5236897,19.9604642,0
        </coordinates>
      </Point>
    </Placemark>
    <Placemark>
      <name>Energise Soul Retreat by ELIVAAS</name>
      <description><![CDATA[Source_File: Nashik_to_Trimbak_Establishments 3.xlsx<br>Source_Sheet: Sheet1<br>Place_ID: ChIJ_______03TsRIUWIroAj748<br>Address: near Yogavidyadham, Talwade Trimbak, Maharashtra 422212, India<br>Latitude: 19.9691918<br>Longitude: 73.5417761<br>Google_Maps: https://maps.google.com/?cid=10371547502448493857&g_mp=Cidnb29nbGUubWFwcy5wbGFjZXMudjEuUGxhY2VzLlNlYXJjaFRleHQQAhgEIAA<br>Business_Status: OPERATIONAL<br>Rating: 4.9<br>User_Rating_Count: 911<br>Primary_Type: service<br>Types: cottage, hotel, lodging, point_of_interest, service, establishment<br>Establishment_Category: hotels accommodation<br>Waypoint: Talwade Trimbak<br>Waypoint_Latitude: 20.03<br>Waypoint_Longitude: 73.66<br>Establishment_Type: hotels accommodation<br>Search_Term: <br>Establishment_Name: <br>Category_EST: Hotel <br>Search_Location: <br>Search_Latitude: <br>Search_Longitude: ]]></description>
      <styleUrl>#icon-1899-3949AB</styleUrl>
      <ExtendedData>
        <Data name="Source_File">
          <value>Nashik_to_Trimbak_Establishments 3.xlsx</value>
        </Data>
        <Data name="Source_Sheet">
          <value>Sheet1</value>
        </Data>
        <Data name="Place_ID">
          <value>ChIJ_______03TsRIUWIroAj748</value>
        </Data>
        <Data name="Address">
          <value>near Yogavidyadham, Talwade Trimbak, Maharashtra 422212, India</value>
        </Data>
        <Data name="Latitude">
          <value>19.9691918</value>
        </Data>
        <Data name="Longitude">
          <value>73.5417761</value>
        </Data>
        <Data name="Google_Maps">
          <value><![CDATA[https://maps.google.com/?cid=10371547502448493857&g_mp=Cidnb29nbGUubWFwcy5wbGFjZXMudjEuUGxhY2VzLlNlYXJjaFRleHQQAhgEIAA]]></value>
        </Data>
        <Data name="Business_Status">
          <value>OPERATIONAL</value>
        </Data>
        <Data name="Rating">
          <value>4.9</value>
        </Data>
        <Data name="User_Rating_Count">
          <value>911.0</value>
        </Data>
        <Data name="Primary_Type">
          <value>service</value>
        </Data>
        <Data name="Types">
          <value>cottage, hotel, lodging, point_of_interest, service, establishment</value>
        </Data>
        <Data name="Establishment_Category">
          <value>hotels accommodation</value>
        </Data>
        <Data name="Waypoint">
          <value>Talwade Trimbak</value>
        </Data>
        <Data name="Waypoint_Latitude">
          <value>20.03</value>
        </Data>
        <Data name="Waypoint_Longitude">
          <value>73.66</value>
        </Data>
        <Data name="Establishment_Type">
          <value>hotels accommodation</value>
        </Data>
        <Data name="Search_Term">
          <value/>
        </Data>
        <Data name="Establishment_Name">
          <value/>
        </Data>
        <Data name="Category_EST">
          <value>Hotel </value>
        </Data>
        <Data name="Search_Location">
          <value/>
        </Data>
        <Data name="Search_Latitude">
          <value/>
        </Data>
        <Data name="Search_Longitude">
          <value/>
        </Data>
      </ExtendedData>
      <Point>
        <coordinates>
          73.5417761,19.9691918,0
        </coordinates>
      </Point>
    </Placemark>
    <Placemark>
      <name>Flagship Warunase Palace</name>
      <description><![CDATA[Source_File: Nashik_to_Trimbak_Establishments 3.xlsx<br>Source_Sheet: Sheet1<br>Place_ID: ChIJXVC-ZHr13TsRvy0F7n8T9AI<br>Address: 1, NH 848, Trimbak, Maharashtra 422212, India<br>Latitude: 19.9405066<br>Longitude: 73.5341669<br>Google_Maps: https://maps.google.com/?cid=212816522568347071&g_mp=Cidnb29nbGUubWFwcy5wbGFjZXMudjEuUGxhY2VzLlNlYXJjaFRleHQQAhgEIAA<br>Business_Status: OPERATIONAL<br>Rating: 2.9<br>User_Rating_Count: 91<br>Primary_Type: hotel<br>Types: hotel, lodging, point_of_interest, establishment<br>Establishment_Category: hotels accommodation<br>Waypoint: Talwade Trimbak<br>Waypoint_Latitude: 20.03<br>Waypoint_Longitude: 73.66<br>Establishment_Type: hotels accommodation<br>Search_Term: <br>Establishment_Name: <br>Category_EST: Hotel <br>Search_Location: <br>Search_Latitude: <br>Search_Longitude: ]]></description>
      <styleUrl>#icon-1899-3949AB</styleUrl>
      <ExtendedData>
        <Data name="Source_File">
          <value>Nashik_to_Trimbak_Establishments 3.xlsx</value>
        </Data>
        <Data name="Source_Sheet">
          <value>Sheet1</value>
        </Data>
        <Data name="Place_ID">
          <value>ChIJXVC-ZHr13TsRvy0F7n8T9AI</value>
        </Data>
        <Data name="Address">
          <value>1, NH 848, Trimbak, Maharashtra 422212, India</value>
        </Data>
        <Data name="Latitude">
          <value>19.9405066</value>
        </Data>
        <Data name="Longitude">
          <value>73.5341669</value>
        </Data>
        <Data name="Google_Maps">
          <value><![CDATA[https://maps.google.com/?cid=212816522568347071&g_mp=Cidnb29nbGUubWFwcy5wbGFjZXMudjEuUGxhY2VzLlNlYXJjaFRleHQQAhgEIAA]]></value>
        </Data>
        <Data name="Business_Status">
          <value>OPERATIONAL</value>
        </Data>
        <Data name="Rating">
          <value>2.9</value>
        </Data>
        <Data name="User_Rating_Count">
          <value>91.0</value>
        </Data>
        <Data name="Primary_Type">
          <value>hotel</value>
        </Data>
        <Data name="Types">
          <value>hotel, lodging, point_of_interest, establishment</value>
        </Data>
        <Data name="Establishment_Category">
          <value>hotels accommodation</value>
        </Data>
        <Data name="Waypoint">
          <value>Talwade Trimbak</value>
        </Data>
        <Data name="Waypoint_Latitude">
          <value>20.03</value>
        </Data>
        <Data name="Waypoint_Longitude">
          <value>73.66</value>
        </Data>
        <Data name="Establishment_Type">
          <value>hotels accommodation</value>
        </Data>
        <Data name="Search_Term">
          <value/>
        </Data>
        <Data name="Establishment_Name">
          <value/>
        </Data>
        <Data name="Category_EST">
          <value>Hotel </value>
        </Data>
        <Data name="Search_Location">
          <value/>
        </Data>
        <Data name="Search_Latitude">
          <value/>
        </Data>
        <Data name="Search_Longitude">
          <value/>
        </Data>
      </ExtendedData>
      <Point>
        <coordinates>
          73.5341669,19.9405066,0
        </coordinates>
      </Point>
    </Placemark>
    <Placemark>
      <name>HOTEL CHANDRSHEKHAR INN</name>
      <description><![CDATA[Source_File: Nashik_to_Trimbak_Establishments 3.xlsx<br>Source_Sheet: Sheet1<br>Place_ID: ChIJK63yqgv13TsR8M12ABpKDJ0<br>Address: Hotel Chandrashekhar Inn, Kailasraja Dakshineshor Nagar,Jawhar Fata Trimbakeshwar, Trimbak, Maharashtra 422212, India<br>Latitude: 19.9427392<br>Longitude: 73.5332423<br>Google_Maps: https://maps.google.com/?cid=11316501439212604912&g_mp=Cidnb29nbGUubWFwcy5wbGFjZXMudjEuUGxhY2VzLlNlYXJjaFRleHQQAhgEIAA<br>Business_Status: OPERATIONAL<br>Rating: 4.1<br>User_Rating_Count: 23<br>Primary_Type: hotel<br>Types: hotel, guest_house, lodging, point_of_interest, establishment<br>Establishment_Category: hotels accommodation<br>Waypoint: Talwade Trimbak<br>Waypoint_Latitude: 20.03<br>Waypoint_Longitude: 73.66<br>Establishment_Type: hotels accommodation<br>Search_Term: <br>Establishment_Name: <br>Category_EST: Hotel <br>Search_Location: <br>Search_Latitude: <br>Search_Longitude: ]]></description>
      <styleUrl>#icon-1899-3949AB</styleUrl>
      <ExtendedData>
        <Data name="Source_File">
          <value>Nashik_to_Trimbak_Establishments 3.xlsx</value>
        </Data>
        <Data name="Source_Sheet">
          <value>Sheet1</value>
        </Data>
        <Data name="Place_ID">
          <value>ChIJK63yqgv13TsR8M12ABpKDJ0</value>
        </Data>
        <Data name="Address">
          <value>Hotel Chandrashekhar Inn, Kailasraja Dakshineshor Nagar,Jawhar Fata Trimbakeshwar, Trimbak, Maharashtra 422212, India</value>
        </Data>
        <Data name="Latitude">
          <value>19.9427392</value>
        </Data>
        <Data name="Longitude">
          <value>73.5332423</value>
        </Data>
        <Data name="Google_Maps">
          <value><![CDATA[https://maps.google.com/?cid=11316501439212604912&g_mp=Cidnb29nbGUubWFwcy5wbGFjZXMudjEuUGxhY2VzLlNlYXJjaFRleHQQAhgEIAA]]></value>
        </Data>
        <Data name="Business_Status">
          <value>OPERATIONAL</value>
        </Data>
        <Data name="Rating">
          <value>4.1</value>
        </Data>
        <Data name="User_Rating_Count">
          <value>23.0</value>
        </Data>
        <Data name="Primary_Type">
          <value>hotel</value>
        </Data>
        <Data name="Types">
          <value>hotel, guest_house, lodging, point_of_interest, establishment</value>
        </Data>
        <Data name="Establishment_Category">
          <value>hotels accommodation</value>
        </Data>
        <Data name="Waypoint">
          <value>Talwade Trimbak</value>
        </Data>
        <Data name="Waypoint_Latitude">
          <value>20.03</value>
        </Data>
        <Data name="Waypoint_Longitude">
          <value>73.66</value>
        </Data>
        <Data name="Establishment_Type">
          <value>hotels accommodation</value>
        </Data>
        <Data name="Search_Term">
          <value/>
        </Data>
        <Data name="Establishment_Name">
          <value/>
        </Data>
        <Data name="Category_EST">
          <value>Hotel </value>
        </Data>
        <Data name="Search_Location">
          <value/>
        </Data>
        <Data name="Search_Latitude">
          <value/>
        </Data>
        <Data name="Search_Longitude">
          <value/>
        </Data>
      </ExtendedData>
      <Point>
        <coordinates>
          73.5332423,19.9427392,0
        </coordinates>
      </Point>
    </Placemark>
    <Placemark>
      <name>HOTEL HIMALAYA INN.</name>
      <description><![CDATA[Source_File: Nashik_to_Trimbak_Establishments 3.xlsx<br>Source_Sheet: Sheet1<br>Place_ID: ChIJK-_Og_n13TsR6wHpETLskAk<br>Address: Trimbak, Maharashtra 422212, India<br>Latitude: 19.9350625<br>Longitude: 73.5294375<br>Google_Maps: https://maps.google.com/?cid=689310442780688875&g_mp=Cidnb29nbGUubWFwcy5wbGFjZXMudjEuUGxhY2VzLlNlYXJjaFRleHQQAhgEIAA<br>Business_Status: OPERATIONAL<br>Rating: 3.9<br>User_Rating_Count: 251<br>Primary_Type: hotel<br>Types: hotel, lodging, point_of_interest, establishment<br>Establishment_Category: hotels accommodation<br>Waypoint: Talwade Trimbak<br>Waypoint_Latitude: 20.03<br>Waypoint_Longitude: 73.66<br>Establishment_Type: hotels accommodation<br>Search_Term: <br>Establishment_Name: <br>Category_EST: Hotel <br>Search_Location: <br>Search_Latitude: <br>Search_Longitude: ]]></description>
      <styleUrl>#icon-1899-3949AB</styleUrl>
      <ExtendedData>
        <Data name="Source_File">
          <value>Nashik_to_Trimbak_Establishments 3.xlsx</value>
        </Data>
        <Data name="Source_Sheet">
          <value>Sheet1</value>
        </Data>
        <Data name="Place_ID">
          <value>ChIJK-_Og_n13TsR6wHpETLskAk</value>
        </Data>
        <Data name="Address">
          <value>Trimbak, Maharashtra 422212, India</value>
        </Data>
        <Data name="Latitude">
          <value>19.9350625</value>
        </Data>
        <Data name="Longitude">
          <value>73.5294375</value>
        </Data>
        <Data name="Google_Maps">
          <value><![CDATA[https://maps.google.com/?cid=689310442780688875&g_mp=Cidnb29nbGUubWFwcy5wbGFjZXMudjEuUGxhY2VzLlNlYXJjaFRleHQQAhgEIAA]]></value>
        </Data>
        <Data name="Business_Status">
          <value>OPERATIONAL</value>
        </Data>
        <Data name="Rating">
          <value>3.9</value>
        </Data>
        <Data name="User_Rating_Count">
          <value>251.0</value>
        </Data>
        <Data name="Primary_Type">
          <value>hotel</value>
        </Data>
        <Data name="Types">
          <value>hotel, lodging, point_of_interest, establishment</value>
        </Data>
        <Data name="Establishment_Category">
          <value>hotels accommodation</value>
        </Data>
        <Data name="Waypoint">
          <value>Talwade Trimbak</value>
        </Data>
        <Data name="Waypoint_Latitude">
          <value>20.03</value>
        </Data>
        <Data name="Waypoint_Longitude">
          <value>73.66</value>
        </Data>
        <Data name="Establishment_Type">
          <value>hotels accommodation</value>
        </Data>
        <Data name="Search_Term">
          <value/>
        </Data>
        <Data name="Establishment_Name">
          <value/>
        </Data>
        <Data name="Category_EST">
          <value>Hotel </value>
        </Data>
        <Data name="Search_Location">
          <value/>
        </Data>
        <Data name="Search_Latitude">
          <value/>
        </Data>
        <Data name="Search_Longitude">
          <value/>
        </Data>
      </ExtendedData>
      <Point>
        <coordinates>
          73.5294375,19.9350625,0
        </coordinates>
      </Point>
    </Placemark>
    <Placemark>
      <name>HOTEL SHIVANAND ,TRIMBAKESHWAR</name>
      <description><![CDATA[Source_File: Nashik_to_Trimbak_Establishments 3.xlsx<br>Source_Sheet: Sheet1<br>Place_ID: ChIJad0Om8v03TsRLyMGc3hlDVU<br>Address: Patil galli Opp taxi stand, near bus stand, Trimbak, Maharashtra 422212, India<br>Latitude: 19.93399<br>Longitude: 73.5308032<br>Google_Maps: https://maps.google.com/?cid=6128666235921376047&g_mp=Cidnb29nbGUubWFwcy5wbGFjZXMudjEuUGxhY2VzLlNlYXJjaFRleHQQAhgEIAA<br>Business_Status: OPERATIONAL<br>Rating: 3.6<br>User_Rating_Count: 801<br>Primary_Type: hotel<br>Types: hotel, family_restaurant, fast_food_restaurant, hindu_temple, vegetarian_restaurant, place_of_worship, south_indian_restaurant, indian_restaurant, lodging, association_or_organization, restaurant, food, point_of_interest, establishment<br>Establishment_Category: hotels accommodation<br>Waypoint: Talwade Trimbak<br>Waypoint_Latitude: 20.03<br>Waypoint_Longitude: 73.66<br>Establishment_Type: hotels accommodation<br>Search_Term: <br>Establishment_Name: <br>Category_EST: Hotel <br>Search_Location: <br>Search_Latitude: <br>Search_Longitude: ]]></description>
      <styleUrl>#icon-1899-3949AB</styleUrl>
      <ExtendedData>
        <Data name="Source_File">
          <value>Nashik_to_Trimbak_Establishments 3.xlsx</value>
        </Data>
        <Data name="Source_Sheet">
          <value>Sheet1</value>
        </Data>
        <Data name="Place_ID">
          <value>ChIJad0Om8v03TsRLyMGc3hlDVU</value>
        </Data>
        <Data name="Address">
          <value>Patil galli Opp taxi stand, near bus stand, Trimbak, Maharashtra 422212, India</value>
        </Data>
        <Data name="Latitude">
          <value>19.93399</value>
        </Data>
        <Data name="Longitude">
          <value>73.5308032</value>
        </Data>
        <Data name="Google_Maps">
          <value><![CDATA[https://maps.google.com/?cid=6128666235921376047&g_mp=Cidnb29nbGUubWFwcy5wbGFjZXMudjEuUGxhY2VzLlNlYXJjaFRleHQQAhgEIAA]]></value>
        </Data>
        <Data name="Business_Status">
          <value>OPERATIONAL</value>
        </Data>
        <Data name="Rating">
          <value>3.6</value>
        </Data>
        <Data name="User_Rating_Count">
          <value>801.0</value>
        </Data>
        <Data name="Primary_Type">
          <value>hotel</value>
        </Data>
        <Data name="Types">
          <value>hotel, family_restaurant, fast_food_restaurant, hindu_temple, vegetarian_restaurant, place_of_worship, south_indian_restaurant, indian_restaurant, lodging, association_or_organization, restaurant, food, point_of_interest, establishment</value>
        </Data>
        <Data name="Establishment_Category">
          <value>hotels accommodation</value>
        </Data>
        <Data name="Waypoint">
          <value>Talwade Trimbak</value>
        </Data>
        <Data name="Waypoint_Latitude">
          <value>20.03</value>
        </Data>
        <Data name="Waypoint_Longitude">
          <value>73.66</value>
        </Data>
        <Data name="Establishment_Type">
          <value>hotels accommodation</value>
        </Data>
        <Data name="Search_Term">
          <value/>
        </Data>
        <Data name="Establishment_Name">
          <value/>
        </Data>
        <Data name="Category_EST">
          <value>Hotel </value>
        </Data>
        <Data name="Search_Location">
          <value/>
        </Data>
        <Data name="Search_Latitude">
          <value/>
        </Data>
        <Data name="Search_Longitude">
          <value/>
        </Data>
      </ExtendedData>
      <Point>
        <coordinates>
          73.5308032,19.93399,0
        </coordinates>
      </Point>
    </Placemark>
    <Placemark>
      <name>Hideout Villa Nashik</name>
      <description><![CDATA[Source_File: Nashik_to_Trimbak_Establishments 3.xlsx<br>Source_Sheet: Sheet1<br>Place_ID: ChIJ6euGtVz13TsR1iUnRlru20Q<br>Address: Hideout Villa, opposite Hotel Waah, Nashik, Shirasgaon, Maharashtra 422212, India<br>Latitude: 19.9750601<br>Longitude: 73.5122928<br>Google_Maps: https://maps.google.com/?cid=4961821485970171350&g_mp=Cidnb29nbGUubWFwcy5wbGFjZXMudjEuUGxhY2VzLlNlYXJjaFRleHQQAhgEIAA<br>Business_Status: OPERATIONAL<br>Rating: 4.4<br>User_Rating_Count: 18<br>Primary_Type: service<br>Types: service, point_of_interest, establishment<br>Establishment_Category: hotels accommodation<br>Waypoint: Talwade Trimbak<br>Waypoint_Latitude: 20.03<br>Waypoint_Longitude: 73.66<br>Establishment_Type: hotels accommodation<br>Search_Term: <br>Establishment_Name: <br>Category_EST: Hotel <br>Search_Location: <br>Search_Latitude: <br>Search_Longitude: ]]></description>
      <styleUrl>#icon-1899-3949AB</styleUrl>
      <ExtendedData>
        <Data name="Source_File">
          <value>Nashik_to_Trimbak_Establishments 3.xlsx</value>
        </Data>
        <Data name="Source_Sheet">
          <value>Sheet1</value>
        </Data>
        <Data name="Place_ID">
          <value>ChIJ6euGtVz13TsR1iUnRlru20Q</value>
        </Data>
        <Data name="Address">
          <value>Hideout Villa, opposite Hotel Waah, Nashik, Shirasgaon, Maharashtra 422212, India</value>
        </Data>
        <Data name="Latitude">
          <value>19.9750601</value>
        </Data>
        <Data name="Longitude">
          <value>73.5122928</value>
        </Data>
        <Data name="Google_Maps">
          <value><![CDATA[https://maps.google.com/?cid=4961821485970171350&g_mp=Cidnb29nbGUubWFwcy5wbGFjZXMudjEuUGxhY2VzLlNlYXJjaFRleHQQAhgEIAA]]></value>
        </Data>
        <Data name="Business_Status">
          <value>OPERATIONAL</value>
        </Data>
        <Data name="Rating">
          <value>4.4</value>
        </Data>
        <Data name="User_Rating_Count">
          <value>18.0</value>
        </Data>
        <Data name="Primary_Type">
          <value>service</value>
        </Data>
        <Data name="Types">
          <value>service, point_of_interest, establishment</value>
        </Data>
        <Data name="Establishment_Category">
          <value>hotels accommodation</value>
        </Data>
        <Data name="Waypoint">
          <value>Talwade Trimbak</value>
        </Data>
        <Data name="Waypoint_Latitude">
          <value>20.03</value>
        </Data>
        <Data name="Waypoint_Longitude">
          <value>73.66</value>
        </Data>
        <Data name="Establishment_Type">
          <value>hotels accommodation</value>
        </Data>
        <Data name="Search_Term">
          <value/>
        </Data>
        <Data name="Establishment_Name">
          <value/>
        </Data>
        <Data name="Category_EST">
          <value>Hotel </value>
        </Data>
        <Data name="Search_Location">
          <value/>
        </Data>
        <Data name="Search_Latitude">
          <value/>
        </Data>
        <Data name="Search_Longitude">
          <value/>
        </Data>
      </ExtendedData>
      <Point>
        <coordinates>
          73.5122928,19.9750601,0
        </coordinates>
      </Point>
    </Placemark>
    <Placemark>
      <name>Hostel Sant Niwas</name>
      <description><![CDATA[Source_File: Nashik_to_Trimbak_Establishments 3.xlsx<br>Source_Sheet: Sheet1<br>Place_ID: ChIJn4s1ERL13TsRmCgn-sEsLX0<br>Address: SN. 1084 &1168, SHOP N, Dist Nashik, 1, Patil Galli, Trimbak, Maharashtra 422212, India<br>Latitude: 19.9340494<br>Longitude: 73.5298577<br>Google_Maps: https://maps.google.com/?cid=9019914840330152088&g_mp=Cidnb29nbGUubWFwcy5wbGFjZXMudjEuUGxhY2VzLlNlYXJjaFRleHQQAhgEIAA<br>Business_Status: OPERATIONAL<br>Rating: 4.3<br>User_Rating_Count: 49<br>Primary_Type: hostel<br>Types: hostel, lodging, point_of_interest, establishment<br>Establishment_Category: hotels accommodation<br>Waypoint: Talwade Trimbak<br>Waypoint_Latitude: 20.03<br>Waypoint_Longitude: 73.66<br>Establishment_Type: hotels accommodation<br>Search_Term: <br>Establishment_Name: <br>Category_EST: Hotel <br>Search_Location: <br>Search_Latitude: <br>Search_Longitude: ]]></description>
      <styleUrl>#icon-1899-3949AB</styleUrl>
      <ExtendedData>
        <Data name="Source_File">
          <value>Nashik_to_Trimbak_Establishments 3.xlsx</value>
        </Data>
        <Data name="Source_Sheet">
          <value>Sheet1</value>
        </Data>
        <Data name="Place_ID">
          <value>ChIJn4s1ERL13TsRmCgn-sEsLX0</value>
        </Data>
        <Data name="Address">
          <value><![CDATA[SN. 1084 &1168, SHOP N, Dist Nashik, 1, Patil Galli, Trimbak, Maharashtra 422212, India]]></value>
        </Data>
        <Data name="Latitude">
          <value>19.9340494</value>
        </Data>
        <Data name="Longitude">
          <value>73.5298577</value>
        </Data>
        <Data name="Google_Maps">
          <value><![CDATA[https://maps.google.com/?cid=9019914840330152088&g_mp=Cidnb29nbGUubWFwcy5wbGFjZXMudjEuUGxhY2VzLlNlYXJjaFRleHQQAhgEIAA]]></value>
        </Data>
        <Data name="Business_Status">
          <value>OPERATIONAL</value>
        </Data>
        <Data name="Rating">
          <value>4.3</value>
        </Data>
        <Data name="User_Rating_Count">
          <value>49.0</value>
        </Data>
        <Data name="Primary_Type">
          <value>hostel</value>
        </Data>
        <Data name="Types">
          <value>hostel, lodging, point_of_interest, establishment</value>
        </Data>
        <Data name="Establishment_Category">
          <value>hotels accommodation</value>
        </Data>
        <Data name="Waypoint">
          <value>Talwade Trimbak</value>
        </Data>
        <Data name="Waypoint_Latitude">
          <value>20.03</value>
        </Data>
        <Data name="Waypoint_Longitude">
          <value>73.66</value>
        </Data>
        <Data name="Establishment_Type">
          <value>hotels accommodation</value>
        </Data>
        <Data name="Search_Term">
          <value/>
        </Data>
        <Data name="Establishment_Name">
          <value/>
        </Data>
        <Data name="Category_EST">
          <value>Hotel </value>
        </Data>
        <Data name="Search_Location">
          <value/>
        </Data>
        <Data name="Search_Latitude">
          <value/>
        </Data>
        <Data name="Search_Longitude">
          <value/>
        </Data>
      </ExtendedData>
      <Point>
        <coordinates>
          73.5298577,19.9340494,0
        </coordinates>
      </Point>
    </Placemark>
    <Placemark>
      <name>Hotel Krushna Inn</name>
      <description><![CDATA[Source_File: Nashik_to_Trimbak_Establishments 3.xlsx<br>Source_Sheet: Sheet1<br>Place_ID: ChIJgQ8hR6zq3TsRyafDo_SJ5Ek<br>Address: Patil Lane, At Post & Tal. - Trimbakeshwar, near S.T. Stand, Bhausahebnagar, Trimbak, Maharashtra 422212, India<br>Latitude: 19.9344771<br>Longitude: 73.530605<br>Google_Maps: https://maps.google.com/?cid=5324532343271303113&g_mp=Cidnb29nbGUubWFwcy5wbGFjZXMudjEuUGxhY2VzLlNlYXJjaFRleHQQAhgEIAA<br>Business_Status: OPERATIONAL<br>Rating: 4.1<br>User_Rating_Count: 1225<br>Primary_Type: hotel<br>Types: hotel, lodging, point_of_interest, establishment<br>Establishment_Category: hotels accommodation<br>Waypoint: Talwade Trimbak<br>Waypoint_Latitude: 20.03<br>Waypoint_Longitude: 73.66<br>Establishment_Type: hotels accommodation<br>Search_Term: <br>Establishment_Name: <br>Category_EST: Hotel <br>Search_Location: <br>Search_Latitude: <br>Search_Longitude: ]]></description>
      <styleUrl>#icon-1899-3949AB</styleUrl>
      <ExtendedData>
        <Data name="Source_File">
          <value>Nashik_to_Trimbak_Establishments 3.xlsx</value>
        </Data>
        <Data name="Source_Sheet">
          <value>Sheet1</value>
        </Data>
        <Data name="Place_ID">
          <value>ChIJgQ8hR6zq3TsRyafDo_SJ5Ek</value>
        </Data>
        <Data name="Address">
          <value><![CDATA[Patil Lane, At Post & Tal. - Trimbakeshwar, near S.T. Stand, Bhausahebnagar, Trimbak, Maharashtra 422212, India]]></value>
        </Data>
        <Data name="Latitude">
          <value>19.9344771</value>
        </Data>
        <Data name="Longitude">
          <value>73.530605</value>
        </Data>
        <Data name="Google_Maps">
          <value><![CDATA[https://maps.google.com/?cid=5324532343271303113&g_mp=Cidnb29nbGUubWFwcy5wbGFjZXMudjEuUGxhY2VzLlNlYXJjaFRleHQQAhgEIAA]]></value>
        </Data>
        <Data name="Business_Status">
          <value>OPERATIONAL</value>
        </Data>
        <Data name="Rating">
          <value>4.1</value>
        </Data>
        <Data name="User_Rating_Count">
          <value>1225.0</value>
        </Data>
        <Data name="Primary_Type">
          <value>hotel</value>
        </Data>
        <Data name="Types">
          <value>hotel, lodging, point_of_interest, establishment</value>
        </Data>
        <Data name="Establishment_Category">
          <value>hotels accommodation</value>
        </Data>
        <Data name="Waypoint">
          <value>Talwade Trimbak</value>
        </Data>
        <Data name="Waypoint_Latitude">
          <value>20.03</value>
        </Data>
        <Data name="Waypoint_Longitude">
          <value>73.66</value>
        </Data>
        <Data name="Establishment_Type">
          <value>hotels accommodation</value>
        </Data>
        <Data name="Search_Term">
          <value/>
        </Data>
        <Data name="Establishment_Name">
          <value/>
        </Data>
        <Data name="Category_EST">
          <value>Hotel </value>
        </Data>
        <Data name="Search_Location">
          <value/>
        </Data>
        <Data name="Search_Latitude">
          <value/>
        </Data>
        <Data name="Search_Longitude">
          <value/>
        </Data>
      </ExtendedData>
      <Point>
        <coordinates>
          73.530605,19.9344771,0
        </coordinates>
      </Point>
    </Placemark>
    <Placemark>
      <name>Hotel Mayur Inn</name>
      <description><![CDATA[Source_File: Nashik_to_Trimbak_Establishments 3.xlsx<br>Source_Sheet: Sheet1<br>Place_ID: ChIJeWp0voL13TsRzZqgUYze7yQ<br>Address: Near, by Dakshinmukhi Hanuman Mandir, Jawhar Phata, Trimbakeshwar, Nashik, Trimbak, Maharashtra 422212, India<br>Latitude: 19.9408475<br>Longitude: 73.5330145<br>Google_Maps: https://maps.google.com/?cid=2661590599045520077&g_mp=Cidnb29nbGUubWFwcy5wbGFjZXMudjEuUGxhY2VzLlNlYXJjaFRleHQQAhgEIAA<br>Business_Status: OPERATIONAL<br>Rating: 3.9<br>User_Rating_Count: 23<br>Primary_Type: lodging<br>Types: lodging, point_of_interest, establishment<br>Establishment_Category: hotels accommodation<br>Waypoint: Talwade Trimbak<br>Waypoint_Latitude: 20.03<br>Waypoint_Longitude: 73.66<br>Establishment_Type: hotels accommodation<br>Search_Term: <br>Establishment_Name: <br>Category_EST: Hotel <br>Search_Location: <br>Search_Latitude: <br>Search_Longitude: ]]></description>
      <styleUrl>#icon-1899-3949AB</styleUrl>
      <ExtendedData>
        <Data name="Source_File">
          <value>Nashik_to_Trimbak_Establishments 3.xlsx</value>
        </Data>
        <Data name="Source_Sheet">
          <value>Sheet1</value>
        </Data>
        <Data name="Place_ID">
          <value>ChIJeWp0voL13TsRzZqgUYze7yQ</value>
        </Data>
        <Data name="Address">
          <value>Near, by Dakshinmukhi Hanuman Mandir, Jawhar Phata, Trimbakeshwar, Nashik, Trimbak, Maharashtra 422212, India</value>
        </Data>
        <Data name="Latitude">
          <value>19.9408475</value>
        </Data>
        <Data name="Longitude">
          <value>73.5330145</value>
        </Data>
        <Data name="Google_Maps">
          <value><![CDATA[https://maps.google.com/?cid=2661590599045520077&g_mp=Cidnb29nbGUubWFwcy5wbGFjZXMudjEuUGxhY2VzLlNlYXJjaFRleHQQAhgEIAA]]></value>
        </Data>
        <Data name="Business_Status">
          <value>OPERATIONAL</value>
        </Data>
        <Data name="Rating">
          <value>3.9</value>
        </Data>
        <Data name="User_Rating_Count">
          <value>23.0</value>
        </Data>
        <Data name="Primary_Type">
          <value>lodging</value>
        </Data>
        <Data name="Types">
          <value>lodging, point_of_interest, establishment</value>
        </Data>
        <Data name="Establishment_Category">
          <value>hotels accommodation</value>
        </Data>
        <Data name="Waypoint">
          <value>Talwade Trimbak</value>
        </Data>
        <Data name="Waypoint_Latitude">
          <value>20.03</value>
        </Data>
        <Data name="Waypoint_Longitude">
          <value>73.66</value>
        </Data>
        <Data name="Establishment_Type">
          <value>hotels accommodation</value>
        </Data>
        <Data name="Search_Term">
          <value/>
        </Data>
        <Data name="Establishment_Name">
          <value/>
        </Data>
        <Data name="Category_EST">
          <value>Hotel </value>
        </Data>
        <Data name="Search_Location">
          <value/>
        </Data>
        <Data name="Search_Latitude">
          <value/>
        </Data>
        <Data name="Search_Longitude">
          <value/>
        </Data>
      </ExtendedData>
      <Point>
        <coordinates>
          73.5330145,19.9408475,0
        </coordinates>
      </Point>
    </Placemark>
    <Placemark>
      <name>Hotel Midtown Inn</name>
      <description><![CDATA[Source_File: Nashik_to_Trimbak_Establishments 3.xlsx<br>Source_Sheet: Sheet1<br>Place_ID: ChIJb8PtIcr03TsRvIAdJLQg8qw<br>Address: Plot No. 34, opp. HDFC Bank, Trimbak, Maharashtra 422212, India<br>Latitude: 19.9369511<br>Longitude: 73.5343766<br>Google_Maps: https://maps.google.com/?cid=12462059076959699132&g_mp=Cidnb29nbGUubWFwcy5wbGFjZXMudjEuUGxhY2VzLlNlYXJjaFRleHQQAhgEIAA<br>Business_Status: OPERATIONAL<br>Rating: 3.9<br>User_Rating_Count: 641<br>Primary_Type: hotel<br>Types: hotel, lodging, point_of_interest, establishment<br>Establishment_Category: hotels accommodation<br>Waypoint: Talwade Trimbak<br>Waypoint_Latitude: 20.03<br>Waypoint_Longitude: 73.66<br>Establishment_Type: hotels accommodation<br>Search_Term: <br>Establishment_Name: <br>Category_EST: Hotel <br>Search_Location: <br>Search_Latitude: <br>Search_Longitude: ]]></description>
      <styleUrl>#icon-1899-3949AB</styleUrl>
      <ExtendedData>
        <Data name="Source_File">
          <value>Nashik_to_Trimbak_Establishments 3.xlsx</value>
        </Data>
        <Data name="Source_Sheet">
          <value>Sheet1</value>
        </Data>
        <Data name="Place_ID">
          <value>ChIJb8PtIcr03TsRvIAdJLQg8qw</value>
        </Data>
        <Data name="Address">
          <value>Plot No. 34, opp. HDFC Bank, Trimbak, Maharashtra 422212, India</value>
        </Data>
        <Data name="Latitude">
          <value>19.9369511</value>
        </Data>
        <Data name="Longitude">
          <value>73.5343766</value>
        </Data>
        <Data name="Google_Maps">
          <value><![CDATA[https://maps.google.com/?cid=12462059076959699132&g_mp=Cidnb29nbGUubWFwcy5wbGFjZXMudjEuUGxhY2VzLlNlYXJjaFRleHQQAhgEIAA]]></value>
        </Data>
        <Data name="Business_Status">
          <value>OPERATIONAL</value>
        </Data>
        <Data name="Rating">
          <value>3.9</value>
        </Data>
        <Data name="User_Rating_Count">
          <value>641.0</value>
        </Data>
        <Data name="Primary_Type">
          <value>hotel</value>
        </Data>
        <Data name="Types">
          <value>hotel, lodging, point_of_interest, establishment</value>
        </Data>
        <Data name="Establishment_Category">
          <value>hotels accommodation</value>
        </Data>
        <Data name="Waypoint">
          <value>Talwade Trimbak</value>
        </Data>
        <Data name="Waypoint_Latitude">
          <value>20.03</value>
        </Data>
        <Data name="Waypoint_Longitude">
          <value>73.66</value>
        </Data>
        <Data name="Establishment_Type">
          <value>hotels accommodation</value>
        </Data>
        <Data name="Search_Term">
          <value/>
        </Data>
        <Data name="Establishment_Name">
          <value/>
        </Data>
        <Data name="Category_EST">
          <value>Hotel </value>
        </Data>
        <Data name="Search_Location">
          <value/>
        </Data>
        <Data name="Search_Latitude">
          <value/>
        </Data>
        <Data name="Search_Longitude">
          <value/>
        </Data>
      </ExtendedData>
      <Point>
        <coordinates>
          73.5343766,19.9369511,0
        </coordinates>
      </Point>
    </Placemark>
    <Placemark>
      <name>Hotel Sahyadri- Top/Best Hotel in Trimbakeshwar</name>
      <description><![CDATA[Source_File: Nashik_to_Trimbak_Establishments 3.xlsx<br>Source_Sheet: Sheet1<br>Place_ID: ChIJuwEeysv03TsRlDs4SWe-qgY<br>Address: Police Station Road, opposite to Municipal Council, Trimbak, Maharashtra 422212, India<br>Latitude: 19.9353738<br>Longitude: 73.5325241<br>Google_Maps: https://maps.google.com/?cid=480405661087710100&g_mp=Cidnb29nbGUubWFwcy5wbGFjZXMudjEuUGxhY2VzLlNlYXJjaFRleHQQAhgEIAA<br>Business_Status: OPERATIONAL<br>Rating: 3.6<br>User_Rating_Count: 246<br>Primary_Type: hotel<br>Types: hotel, lodging, point_of_interest, establishment<br>Establishment_Category: hotels accommodation<br>Waypoint: Talwade Trimbak<br>Waypoint_Latitude: 20.03<br>Waypoint_Longitude: 73.66<br>Establishment_Type: hotels accommodation<br>Search_Term: <br>Establishment_Name: <br>Category_EST: Hotel <br>Search_Location: <br>Search_Latitude: <br>Search_Longitude: ]]></description>
      <styleUrl>#icon-1899-3949AB</styleUrl>
      <ExtendedData>
        <Data name="Source_File">
          <value>Nashik_to_Trimbak_Establishments 3.xlsx</value>
        </Data>
        <Data name="Source_Sheet">
          <value>Sheet1</value>
        </Data>
        <Data name="Place_ID">
          <value>ChIJuwEeysv03TsRlDs4SWe-qgY</value>
        </Data>
        <Data name="Address">
          <value>Police Station Road, opposite to Municipal Council, Trimbak, Maharashtra 422212, India</value>
        </Data>
        <Data name="Latitude">
          <value>19.9353738</value>
        </Data>
        <Data name="Longitude">
          <value>73.5325241</value>
        </Data>
        <Data name="Google_Maps">
          <value><![CDATA[https://maps.google.com/?cid=480405661087710100&g_mp=Cidnb29nbGUubWFwcy5wbGFjZXMudjEuUGxhY2VzLlNlYXJjaFRleHQQAhgEIAA]]></value>
        </Data>
        <Data name="Business_Status">
          <value>OPERATIONAL</value>
        </Data>
        <Data name="Rating">
          <value>3.6</value>
        </Data>
        <Data name="User_Rating_Count">
          <value>246.0</value>
        </Data>
        <Data name="Primary_Type">
          <value>hotel</value>
        </Data>
        <Data name="Types">
          <value>hotel, lodging, point_of_interest, establishment</value>
        </Data>
        <Data name="Establishment_Category">
          <value>hotels accommodation</value>
        </Data>
        <Data name="Waypoint">
          <value>Talwade Trimbak</value>
        </Data>
        <Data name="Waypoint_Latitude">
          <value>20.03</value>
        </Data>
        <Data name="Waypoint_Longitude">
          <value>73.66</value>
        </Data>
        <Data name="Establishment_Type">
          <value>hotels accommodation</value>
        </Data>
        <Data name="Search_Term">
          <value/>
        </Data>
        <Data name="Establishment_Name">
          <value/>
        </Data>
        <Data name="Category_EST">
          <value>Hotel </value>
        </Data>
        <Data name="Search_Location">
          <value/>
        </Data>
        <Data name="Search_Latitude">
          <value/>
        </Data>
        <Data name="Search_Longitude">
          <value/>
        </Data>
      </ExtendedData>
      <Point>
        <coordinates>
          73.5325241,19.9353738,0
        </coordinates>
      </Point>
    </Placemark>
    <Placemark>
      <name>Hotel Shiva`s Inn</name>
      <description><![CDATA[Source_File: Nashik_to_Trimbak_Establishments 3.xlsx<br>Source_Sheet: Sheet1<br>Place_ID: ChIJDc767rT03TsRNir-QJFVw24<br>Address: Kailas Raja Nagar, Ring road, near Swami Samarth Kendra, Trimbak, Maharashtra 422212, India<br>Latitude: 19.9332535<br>Longitude: 73.5398781<br>Google_Maps: https://maps.google.com/?cid=7981317046979668534&g_mp=Cidnb29nbGUubWFwcy5wbGFjZXMudjEuUGxhY2VzLlNlYXJjaFRleHQQAhgEIAA<br>Business_Status: OPERATIONAL<br>Rating: 4<br>User_Rating_Count: 609<br>Primary_Type: hotel<br>Types: hotel, lodging, point_of_interest, establishment<br>Establishment_Category: hotels accommodation<br>Waypoint: Talwade Trimbak<br>Waypoint_Latitude: 20.03<br>Waypoint_Longitude: 73.66<br>Establishment_Type: hotels accommodation<br>Search_Term: <br>Establishment_Name: <br>Category_EST: Hotel <br>Search_Location: <br>Search_Latitude: <br>Search_Longitude: ]]></description>
      <styleUrl>#icon-1899-3949AB</styleUrl>
      <ExtendedData>
        <Data name="Source_File">
          <value>Nashik_to_Trimbak_Establishments 3.xlsx</value>
        </Data>
        <Data name="Source_Sheet">
          <value>Sheet1</value>
        </Data>
        <Data name="Place_ID">
          <value>ChIJDc767rT03TsRNir-QJFVw24</value>
        </Data>
        <Data name="Address">
          <value>Kailas Raja Nagar, Ring road, near Swami Samarth Kendra, Trimbak, Maharashtra 422212, India</value>
        </Data>
        <Data name="Latitude">
          <value>19.9332535</value>
        </Data>
        <Data name="Longitude">
          <value>73.5398781</value>
        </Data>
        <Data name="Google_Maps">
          <value><![CDATA[https://maps.google.com/?cid=7981317046979668534&g_mp=Cidnb29nbGUubWFwcy5wbGFjZXMudjEuUGxhY2VzLlNlYXJjaFRleHQQAhgEIAA]]></value>
        </Data>
        <Data name="Business_Status">
          <value>OPERATIONAL</value>
        </Data>
        <Data name="Rating">
          <value>4.0</value>
        </Data>
        <Data name="User_Rating_Count">
          <value>609.0</value>
        </Data>
        <Data name="Primary_Type">
          <value>hotel</value>
        </Data>
        <Data name="Types">
          <value>hotel, lodging, point_of_interest, establishment</value>
        </Data>
        <Data name="Establishment_Category">
          <value>hotels accommodation</value>
        </Data>
        <Data name="Waypoint">
          <value>Talwade Trimbak</value>
        </Data>
        <Data name="Waypoint_Latitude">
          <value>20.03</value>
        </Data>
        <Data name="Waypoint_Longitude">
          <value>73.66</value>
        </Data>
        <Data name="Establishment_Type">
          <value>hotels accommodation</value>
        </Data>
        <Data name="Search_Term">
          <value/>
        </Data>
        <Data name="Establishment_Name">
          <value/>
        </Data>
        <Data name="Category_EST">
          <value>Hotel </value>
        </Data>
        <Data name="Search_Location">
          <value/>
        </Data>
        <Data name="Search_Latitude">
          <value/>
        </Data>
        <Data name="Search_Longitude">
          <value/>
        </Data>
      </ExtendedData>
      <Point>
        <coordinates>
          73.5398781,19.9332535,0
        </coordinates>
      </Point>
    </Placemark>
    <Placemark>
      <name>Hotel Siyaram Inn</name>
      <description><![CDATA[Source_File: Nashik_to_Trimbak_Establishments 3.xlsx<br>Source_Sheet: Sheet1<br>Place_ID: ChIJ_6YW1XT13TsRaM4i2iG74HQ<br>Address: Hotel Siyaram Inn, Kailas Raja Nagar, Dakshineshwar, TrimbakJawhar Road, Trimbakeshwar, Trimbak, Maharashtra 422212, India<br>Latitude: 19.9423791<br>Longitude: 73.5339054<br>Google_Maps: https://maps.google.com/?cid=8421937057250856552&g_mp=Cidnb29nbGUubWFwcy5wbGFjZXMudjEuUGxhY2VzLlNlYXJjaFRleHQQAhgEIAA<br>Business_Status: OPERATIONAL<br>Rating: 4.6<br>User_Rating_Count: 66<br>Primary_Type: lodging<br>Types: hotel, lodging, point_of_interest, establishment<br>Establishment_Category: hotels accommodation<br>Waypoint: Talwade Trimbak<br>Waypoint_Latitude: 20.03<br>Waypoint_Longitude: 73.66<br>Establishment_Type: hotels accommodation<br>Search_Term: <br>Establishment_Name: <br>Category_EST: Hotel <br>Search_Location: <br>Search_Latitude: <br>Search_Longitude: ]]></description>
      <styleUrl>#icon-1899-3949AB</styleUrl>
      <ExtendedData>
        <Data name="Source_File">
          <value>Nashik_to_Trimbak_Establishments 3.xlsx</value>
        </Data>
        <Data name="Source_Sheet">
          <value>Sheet1</value>
        </Data>
        <Data name="Place_ID">
          <value>ChIJ_6YW1XT13TsRaM4i2iG74HQ</value>
        </Data>
        <Data name="Address">
          <value>Hotel Siyaram Inn, Kailas Raja Nagar, Dakshineshwar, TrimbakJawhar Road, Trimbakeshwar, Trimbak, Maharashtra 422212, India</value>
        </Data>
        <Data name="Latitude">
          <value>19.9423791</value>
        </Data>
        <Data name="Longitude">
          <value>73.5339054</value>
        </Data>
        <Data name="Google_Maps">
          <value><![CDATA[https://maps.google.com/?cid=8421937057250856552&g_mp=Cidnb29nbGUubWFwcy5wbGFjZXMudjEuUGxhY2VzLlNlYXJjaFRleHQQAhgEIAA]]></value>
        </Data>
        <Data name="Business_Status">
          <value>OPERATIONAL</value>
        </Data>
        <Data name="Rating">
          <value>4.6</value>
        </Data>
        <Data name="User_Rating_Count">
          <value>66.0</value>
        </Data>
        <Data name="Primary_Type">
          <value>lodging</value>
        </Data>
        <Data name="Types">
          <value>hotel, lodging, point_of_interest, establishment</value>
        </Data>
        <Data name="Establishment_Category">
          <value>hotels accommodation</value>
        </Data>
        <Data name="Waypoint">
          <value>Talwade Trimbak</value>
        </Data>
        <Data name="Waypoint_Latitude">
          <value>20.03</value>
        </Data>
        <Data name="Waypoint_Longitude">
          <value>73.66</value>
        </Data>
        <Data name="Establishment_Type">
          <value>hotels accommodation</value>
        </Data>
        <Data name="Search_Term">
          <value/>
        </Data>
        <Data name="Establishment_Name">
          <value/>
        </Data>
        <Data name="Category_EST">
          <value>Hotel </value>
        </Data>
        <Data name="Search_Location">
          <value/>
        </Data>
        <Data name="Search_Latitude">
          <value/>
        </Data>
        <Data name="Search_Longitude">
          <value/>
        </Data>
      </ExtendedData>
      <Point>
        <coordinates>
          73.5339054,19.9423791,0
        </coordinates>
      </Point>
    </Placemark>
    <Placemark>
      <name>Hotel bramha view</name>
      <description><![CDATA[Source_File: Nashik_to_Trimbak_Establishments 3.xlsx<br>Source_Sheet: Sheet1<br>Place_ID: ChIJhUotmZX13TsRvSoZ--S2f5g<br>Address: Kailasraja Dakshineswar nagar, Trimbak, Maharashtra 422212, India<br>Latitude: 19.9416589<br>Longitude: 73.534349<br>Google_Maps: https://maps.google.com/?cid=10988702710388828861&g_mp=Cidnb29nbGUubWFwcy5wbGFjZXMudjEuUGxhY2VzLlNlYXJjaFRleHQQAhgEIAA<br>Business_Status: OPERATIONAL<br>Rating: 3.5<br>User_Rating_Count: 92<br>Primary_Type: hotel<br>Types: hotel, lodging, point_of_interest, establishment<br>Establishment_Category: hotels accommodation<br>Waypoint: Talwade Trimbak<br>Waypoint_Latitude: 20.03<br>Waypoint_Longitude: 73.66<br>Establishment_Type: hotels accommodation<br>Search_Term: <br>Establishment_Name: <br>Category_EST: Hotel <br>Search_Location: <br>Search_Latitude: <br>Search_Longitude: ]]></description>
      <styleUrl>#icon-1899-3949AB</styleUrl>
      <ExtendedData>
        <Data name="Source_File">
          <value>Nashik_to_Trimbak_Establishments 3.xlsx</value>
        </Data>
        <Data name="Source_Sheet">
          <value>Sheet1</value>
        </Data>
        <Data name="Place_ID">
          <value>ChIJhUotmZX13TsRvSoZ--S2f5g</value>
        </Data>
        <Data name="Address">
          <value>Kailasraja Dakshineswar nagar, Trimbak, Maharashtra 422212, India</value>
        </Data>
        <Data name="Latitude">
          <value>19.9416589</value>
        </Data>
        <Data name="Longitude">
          <value>73.534349</value>
        </Data>
        <Data name="Google_Maps">
          <value><![CDATA[https://maps.google.com/?cid=10988702710388828861&g_mp=Cidnb29nbGUubWFwcy5wbGFjZXMudjEuUGxhY2VzLlNlYXJjaFRleHQQAhgEIAA]]></value>
        </Data>
        <Data name="Business_Status">
          <value>OPERATIONAL</value>
        </Data>
        <Data name="Rating">
          <value>3.5</value>
        </Data>
        <Data name="User_Rating_Count">
          <value>92.0</value>
        </Data>
        <Data name="Primary_Type">
          <value>hotel</value>
        </Data>
        <Data name="Types">
          <value>hotel, lodging, point_of_interest, establishment</value>
        </Data>
        <Data name="Establishment_Category">
          <value>hotels accommodation</value>
        </Data>
        <Data name="Waypoint">
          <value>Talwade Trimbak</value>
        </Data>
        <Data name="Waypoint_Latitude">
          <value>20.03</value>
        </Data>
        <Data name="Waypoint_Longitude">
          <value>73.66</value>
        </Data>
        <Data name="Establishment_Type">
          <value>hotels accommodation</value>
        </Data>
        <Data name="Search_Term">
          <value/>
        </Data>
        <Data name="Establishment_Name">
          <value/>
        </Data>
        <Data name="Category_EST">
          <value>Hotel </value>
        </Data>
        <Data name="Search_Location">
          <value/>
        </Data>
        <Data name="Search_Latitude">
          <value/>
        </Data>
        <Data name="Search_Longitude">
          <value/>
        </Data>
      </ExtendedData>
      <Point>
        <coordinates>
          73.534349,19.9416589,0
        </coordinates>
      </Point>
    </Placemark>
    <Placemark>
      <name>Hotel trambakraj</name>
      <description><![CDATA[Source_File: Nashik_to_Trimbak_Establishments 3.xlsx<br>Source_Sheet: Sheet1<br>Place_ID: ChIJaQWQXQD13TsRPJghczq1Nhg<br>Address: WGVM+FFP, Trimbak, Maharashtra 422212, India<br>Latitude: 19.9437036<br>Longitude: 73.5337107<br>Google_Maps: https://maps.google.com/?cid=1744781168296958012&g_mp=Cidnb29nbGUubWFwcy5wbGFjZXMudjEuUGxhY2VzLlNlYXJjaFRleHQQAhgEIAA<br>Business_Status: OPERATIONAL<br>Rating: 4.2<br>User_Rating_Count: 6<br>Primary_Type: private_guest_room<br>Types: private_guest_room, lodging, point_of_interest, establishment<br>Establishment_Category: hotels accommodation<br>Waypoint: Talwade Trimbak<br>Waypoint_Latitude: 20.03<br>Waypoint_Longitude: 73.66<br>Establishment_Type: hotels accommodation<br>Search_Term: <br>Establishment_Name: <br>Category_EST: Hotel <br>Search_Location: <br>Search_Latitude: <br>Search_Longitude: ]]></description>
      <styleUrl>#icon-1899-3949AB</styleUrl>
      <ExtendedData>
        <Data name="Source_File">
          <value>Nashik_to_Trimbak_Establishments 3.xlsx</value>
        </Data>
        <Data name="Source_Sheet">
          <value>Sheet1</value>
        </Data>
        <Data name="Place_ID">
          <value>ChIJaQWQXQD13TsRPJghczq1Nhg</value>
        </Data>
        <Data name="Address">
          <value>WGVM+FFP, Trimbak, Maharashtra 422212, India</value>
        </Data>
        <Data name="Latitude">
          <value>19.9437036</value>
        </Data>
        <Data name="Longitude">
          <value>73.5337107</value>
        </Data>
        <Data name="Google_Maps">
          <value><![CDATA[https://maps.google.com/?cid=1744781168296958012&g_mp=Cidnb29nbGUubWFwcy5wbGFjZXMudjEuUGxhY2VzLlNlYXJjaFRleHQQAhgEIAA]]></value>
        </Data>
        <Data name="Business_Status">
          <value>OPERATIONAL</value>
        </Data>
        <Data name="Rating">
          <value>4.2</value>
        </Data>
        <Data name="User_Rating_Count">
          <value>6.0</value>
        </Data>
        <Data name="Primary_Type">
          <value>private_guest_room</value>
        </Data>
        <Data name="Types">
          <value>private_guest_room, lodging, point_of_interest, establishment</value>
        </Data>
        <Data name="Establishment_Category">
          <value>hotels accommodation</value>
        </Data>
        <Data name="Waypoint">
          <value>Talwade Trimbak</value>
        </Data>
        <Data name="Waypoint_Latitude">
          <value>20.03</value>
        </Data>
        <Data name="Waypoint_Longitude">
          <value>73.66</value>
        </Data>
        <Data name="Establishment_Type">
          <value>hotels accommodation</value>
        </Data>
        <Data name="Search_Term">
          <value/>
        </Data>
        <Data name="Establishment_Name">
          <value/>
        </Data>
        <Data name="Category_EST">
          <value>Hotel </value>
        </Data>
        <Data name="Search_Location">
          <value/>
        </Data>
        <Data name="Search_Latitude">
          <value/>
        </Data>
        <Data name="Search_Longitude">
          <value/>
        </Data>
      </ExtendedData>
      <Point>
        <coordinates>
          73.5337107,19.9437036,0
        </coordinates>
      </Point>
    </Placemark>
    <Placemark>
      <name>Kumbh Ganga Retreat</name>
      <description><![CDATA[Source_File: Nashik_to_Trimbak_Establishments 3.xlsx<br>Source_Sheet: Sheet1<br>Place_ID: ChIJN_Z0zfz13TsRX4rs9C78-vs<br>Address: Ghoti Trimbak Rd, at Nashik Trimbak Rd, beside Zilla Parishad Upper Primary School, near Prayag Thirth, Pegalwadi, Maharashtra 422213, India<br>Latitude: 19.942321<br>Longitude: 73.5519285<br>Google_Maps: https://maps.google.com/?cid=18157102126305413727&g_mp=Cidnb29nbGUubWFwcy5wbGFjZXMudjEuUGxhY2VzLlNlYXJjaFRleHQQAhgEIAA<br>Business_Status: OPERATIONAL<br>Rating: 5<br>User_Rating_Count: 20<br>Primary_Type: camping_cabin<br>Types: camping_cabin, guest_house, resort_hotel, tourist_attraction, hotel, lodging, event_venue, point_of_interest, establishment<br>Establishment_Category: hotels accommodation<br>Waypoint: Talwade Trimbak<br>Waypoint_Latitude: 20.03<br>Waypoint_Longitude: 73.66<br>Establishment_Type: hotels accommodation<br>Search_Term: <br>Establishment_Name: <br>Category_EST: Hotel <br>Search_Location: <br>Search_Latitude: <br>Search_Longitude: ]]></description>
      <styleUrl>#icon-1899-3949AB</styleUrl>
      <ExtendedData>
        <Data name="Source_File">
          <value>Nashik_to_Trimbak_Establishments 3.xlsx</value>
        </Data>
        <Data name="Source_Sheet">
          <value>Sheet1</value>
        </Data>
        <Data name="Place_ID">
          <value>ChIJN_Z0zfz13TsRX4rs9C78-vs</value>
        </Data>
        <Data name="Address">
          <value>Ghoti Trimbak Rd, at Nashik Trimbak Rd, beside Zilla Parishad Upper Primary School, near Prayag Thirth, Pegalwadi, Maharashtra 422213, India</value>
        </Data>
        <Data name="Latitude">
          <value>19.942321</value>
        </Data>
        <Data name="Longitude">
          <value>73.5519285</value>
        </Data>
        <Data name="Google_Maps">
          <value><![CDATA[https://maps.google.com/?cid=18157102126305413727&g_mp=Cidnb29nbGUubWFwcy5wbGFjZXMudjEuUGxhY2VzLlNlYXJjaFRleHQQAhgEIAA]]></value>
        </Data>
        <Data name="Business_Status">
          <value>OPERATIONAL</value>
        </Data>
        <Data name="Rating">
          <value>5.0</value>
        </Data>
        <Data name="User_Rating_Count">
          <value>20.0</value>
        </Data>
        <Data name="Primary_Type">
          <value>camping_cabin</value>
        </Data>
        <Data name="Types">
          <value>camping_cabin, guest_house, resort_hotel, tourist_attraction, hotel, lodging, event_venue, point_of_interest, establishment</value>
        </Data>
        <Data name="Establishment_Category">
          <value>hotels accommodation</value>
        </Data>
        <Data name="Waypoint">
          <value>Talwade Trimbak</value>
        </Data>
        <Data name="Waypoint_Latitude">
          <value>20.03</value>
        </Data>
        <Data name="Waypoint_Longitude">
          <value>73.66</value>
        </Data>
        <Data name="Establishment_Type">
          <value>hotels accommodation</value>
        </Data>
        <Data name="Search_Term">
          <value/>
        </Data>
        <Data name="Establishment_Name">
          <value/>
        </Data>
        <Data name="Category_EST">
          <value>Hotel </value>
        </Data>
        <Data name="Search_Location">
          <value/>
        </Data>
        <Data name="Search_Latitude">
          <value/>
        </Data>
        <Data name="Search_Longitude">
          <value/>
        </Data>
      </ExtendedData>
      <Point>
        <coordinates>
          73.5519285,19.942321,0
        </coordinates>
      </Point>
    </Placemark>
    <Placemark>
      <name>Kumbh India Kutir</name>
      <description><![CDATA[Source_File: Nashik_to_Trimbak_Establishments 3.xlsx<br>Source_Sheet: Sheet1<br>Place_ID: ChIJ72RT_N_13TsRprx9lZgTlbM<br>Address: 200 meters away from Prayag Tirth Kund, Ghoti Trimbak Rd, beside Zilla Parishad Upper Primary School, Pegalwadi, Trimbak, Maharashtra 422213, India<br>Latitude: 19.9424936<br>Longitude: 73.5519376<br>Google_Maps: https://maps.google.com/?cid=12940270650382990502&g_mp=Cidnb29nbGUubWFwcy5wbGFjZXMudjEuUGxhY2VzLlNlYXJjaFRleHQQAhgEIAA<br>Business_Status: OPERATIONAL<br>Rating: 5<br>User_Rating_Count: 1<br>Primary_Type: campground<br>Types: campground, resort_hotel, hotel, lodging, point_of_interest, establishment<br>Establishment_Category: hotels accommodation<br>Waypoint: Talwade Trimbak<br>Waypoint_Latitude: 20.03<br>Waypoint_Longitude: 73.66<br>Establishment_Type: hotels accommodation<br>Search_Term: <br>Establishment_Name: <br>Category_EST: Hotel <br>Search_Location: <br>Search_Latitude: <br>Search_Longitude: ]]></description>
      <styleUrl>#icon-1899-3949AB</styleUrl>
      <ExtendedData>
        <Data name="Source_File">
          <value>Nashik_to_Trimbak_Establishments 3.xlsx</value>
        </Data>
        <Data name="Source_Sheet">
          <value>Sheet1</value>
        </Data>
        <Data name="Place_ID">
          <value>ChIJ72RT_N_13TsRprx9lZgTlbM</value>
        </Data>
        <Data name="Address">
          <value>200 meters away from Prayag Tirth Kund, Ghoti Trimbak Rd, beside Zilla Parishad Upper Primary School, Pegalwadi, Trimbak, Maharashtra 422213, India</value>
        </Data>
        <Data name="Latitude">
          <value>19.9424936</value>
        </Data>
        <Data name="Longitude">
          <value>73.5519376</value>
        </Data>
        <Data name="Google_Maps">
          <value><![CDATA[https://maps.google.com/?cid=12940270650382990502&g_mp=Cidnb29nbGUubWFwcy5wbGFjZXMudjEuUGxhY2VzLlNlYXJjaFRleHQQAhgEIAA]]></value>
        </Data>
        <Data name="Business_Status">
          <value>OPERATIONAL</value>
        </Data>
        <Data name="Rating">
          <value>5.0</value>
        </Data>
        <Data name="User_Rating_Count">
          <value>1.0</value>
        </Data>
        <Data name="Primary_Type">
          <value>campground</value>
        </Data>
        <Data name="Types">
          <value>campground, resort_hotel, hotel, lodging, point_of_interest, establishment</value>
        </Data>
        <Data name="Establishment_Category">
          <value>hotels accommodation</value>
        </Data>
        <Data name="Waypoint">
          <value>Talwade Trimbak</value>
        </Data>
        <Data name="Waypoint_Latitude">
          <value>20.03</value>
        </Data>
        <Data name="Waypoint_Longitude">
          <value>73.66</value>
        </Data>
        <Data name="Establishment_Type">
          <value>hotels accommodation</value>
        </Data>
        <Data name="Search_Term">
          <value/>
        </Data>
        <Data name="Establishment_Name">
          <value/>
        </Data>
        <Data name="Category_EST">
          <value>Hotel </value>
        </Data>
        <Data name="Search_Location">
          <value/>
        </Data>
        <Data name="Search_Latitude">
          <value/>
        </Data>
        <Data name="Search_Longitude">
          <value/>
        </Data>
      </ExtendedData>
      <Point>
        <coordinates>
          73.5519376,19.9424936,0
        </coordinates>
      </Point>
    </Placemark>
    <Placemark>
      <name>Lakeshore</name>
      <description><![CDATA[Source_File: Nashik_to_Trimbak_Establishments 3.xlsx<br>Source_Sheet: Sheet1<br>Place_ID: ChIJvbtiJS_z3TsRNICdgUD49Bw<br>Address: Beze Shiwar, Gautami Godavari Prakalp Dam, Road, near Trimbak, near Viveda Wellness Resort, Nashik, Beze, Maharashtra 422213, India<br>Latitude: 19.9811909<br>Longitude: 73.573864<br>Google_Maps: https://maps.google.com/?cid=2086565483315560500&g_mp=Cidnb29nbGUubWFwcy5wbGFjZXMudjEuUGxhY2VzLlNlYXJjaFRleHQQAhgEIAA<br>Business_Status: OPERATIONAL<br>Rating: 4.9<br>User_Rating_Count: 281<br>Primary_Type: service<br>Types: private_guest_room, extended_stay_hotel, resort_hotel, farmstay, hotel, lodging, service, point_of_interest, establishment<br>Establishment_Category: hotels accommodation<br>Waypoint: Talwade Trimbak<br>Waypoint_Latitude: 20.03<br>Waypoint_Longitude: 73.66<br>Establishment_Type: hotels accommodation<br>Search_Term: <br>Establishment_Name: <br>Category_EST: Hotel <br>Search_Location: <br>Search_Latitude: <br>Search_Longitude: ]]></description>
      <styleUrl>#icon-1899-3949AB</styleUrl>
      <ExtendedData>
        <Data name="Source_File">
          <value>Nashik_to_Trimbak_Establishments 3.xlsx</value>
        </Data>
        <Data name="Source_Sheet">
          <value>Sheet1</value>
        </Data>
        <Data name="Place_ID">
          <value>ChIJvbtiJS_z3TsRNICdgUD49Bw</value>
        </Data>
        <Data name="Address">
          <value>Beze Shiwar, Gautami Godavari Prakalp Dam, Road, near Trimbak, near Viveda Wellness Resort, Nashik, Beze, Maharashtra 422213, India</value>
        </Data>
        <Data name="Latitude">
          <value>19.9811909</value>
        </Data>
        <Data name="Longitude">
          <value>73.573864</value>
        </Data>
        <Data name="Google_Maps">
          <value><![CDATA[https://maps.google.com/?cid=2086565483315560500&g_mp=Cidnb29nbGUubWFwcy5wbGFjZXMudjEuUGxhY2VzLlNlYXJjaFRleHQQAhgEIAA]]></value>
        </Data>
        <Data name="Business_Status">
          <value>OPERATIONAL</value>
        </Data>
        <Data name="Rating">
          <value>4.9</value>
        </Data>
        <Data name="User_Rating_Count">
          <value>281.0</value>
        </Data>
        <Data name="Primary_Type">
          <value>service</value>
        </Data>
        <Data name="Types">
          <value>private_guest_room, extended_stay_hotel, resort_hotel, farmstay, hotel, lodging, service, point_of_interest, establishment</value>
        </Data>
        <Data name="Establishment_Category">
          <value>hotels accommodation</value>
        </Data>
        <Data name="Waypoint">
          <value>Talwade Trimbak</value>
        </Data>
        <Data name="Waypoint_Latitude">
          <value>20.03</value>
        </Data>
        <Data name="Waypoint_Longitude">
          <value>73.66</value>
        </Data>
        <Data name="Establishment_Type">
          <value>hotels accommodation</value>
        </Data>
        <Data name="Search_Term">
          <value/>
        </Data>
        <Data name="Establishment_Name">
          <value/>
        </Data>
        <Data name="Category_EST">
          <value>Hotel </value>
        </Data>
        <Data name="Search_Location">
          <value/>
        </Data>
        <Data name="Search_Latitude">
          <value/>
        </Data>
        <Data name="Search_Longitude">
          <value/>
        </Data>
      </ExtendedData>
      <Point>
        <coordinates>
          73.573864,19.9811909,0
        </coordinates>
      </Point>
    </Placemark>
    <Placemark>
      <name>Mahol Guest House family AC non AC deluxe room</name>
      <description><![CDATA[Source_File: Nashik_to_Trimbak_Establishments 3.xlsx<br>Source_Sheet: Sheet1<br>Place_ID: ChIJ7_ihGir13TsRzpKkUTJ5dGs<br>Address: Trambakeshwer, Trimbak, Maharashtra 422212, India<br>Latitude: 19.9460166<br>Longitude: 73.529809<br>Google_Maps: https://maps.google.com/?cid=7742946916381790926&g_mp=Cidnb29nbGUubWFwcy5wbGFjZXMudjEuUGxhY2VzLlNlYXJjaFRleHQQAhgEIAA<br>Business_Status: OPERATIONAL<br>Rating: 4.1<br>User_Rating_Count: 34<br>Primary_Type: private_guest_room<br>Types: private_guest_room, lodging, point_of_interest, establishment<br>Establishment_Category: hotels accommodation<br>Waypoint: Talwade Trimbak<br>Waypoint_Latitude: 20.03<br>Waypoint_Longitude: 73.66<br>Establishment_Type: hotels accommodation<br>Search_Term: <br>Establishment_Name: <br>Category_EST: Hotel <br>Search_Location: <br>Search_Latitude: <br>Search_Longitude: ]]></description>
      <styleUrl>#icon-1899-3949AB</styleUrl>
      <ExtendedData>
        <Data name="Source_File">
          <value>Nashik_to_Trimbak_Establishments 3.xlsx</value>
        </Data>
        <Data name="Source_Sheet">
          <value>Sheet1</value>
        </Data>
        <Data name="Place_ID">
          <value>ChIJ7_ihGir13TsRzpKkUTJ5dGs</value>
        </Data>
        <Data name="Address">
          <value>Trambakeshwer, Trimbak, Maharashtra 422212, India</value>
        </Data>
        <Data name="Latitude">
          <value>19.9460166</value>
        </Data>
        <Data name="Longitude">
          <value>73.529809</value>
        </Data>
        <Data name="Google_Maps">
          <value><![CDATA[https://maps.google.com/?cid=7742946916381790926&g_mp=Cidnb29nbGUubWFwcy5wbGFjZXMudjEuUGxhY2VzLlNlYXJjaFRleHQQAhgEIAA]]></value>
        </Data>
        <Data name="Business_Status">
          <value>OPERATIONAL</value>
        </Data>
        <Data name="Rating">
          <value>4.1</value>
        </Data>
        <Data name="User_Rating_Count">
          <value>34.0</value>
        </Data>
        <Data name="Primary_Type">
          <value>private_guest_room</value>
        </Data>
        <Data name="Types">
          <value>private_guest_room, lodging, point_of_interest, establishment</value>
        </Data>
        <Data name="Establishment_Category">
          <value>hotels accommodation</value>
        </Data>
        <Data name="Waypoint">
          <value>Talwade Trimbak</value>
        </Data>
        <Data name="Waypoint_Latitude">
          <value>20.03</value>
        </Data>
        <Data name="Waypoint_Longitude">
          <value>73.66</value>
        </Data>
        <Data name="Establishment_Type">
          <value>hotels accommodation</value>
        </Data>
        <Data name="Search_Term">
          <value/>
        </Data>
        <Data name="Establishment_Name">
          <value/>
        </Data>
        <Data name="Category_EST">
          <value>Hotel </value>
        </Data>
        <Data name="Search_Location">
          <value/>
        </Data>
        <Data name="Search_Latitude">
          <value/>
        </Data>
        <Data name="Search_Longitude">
          <value/>
        </Data>
      </ExtendedData>
      <Point>
        <coordinates>
          73.529809,19.9460166,0
        </coordinates>
      </Point>
    </Placemark>
    <Placemark>
      <name>Mango Shack Villa</name>
      <description><![CDATA[Source_File: Nashik_to_Trimbak_Establishments 3.xlsx<br>Source_Sheet: Sheet1<br>Place_ID: ChIJNaA4AQD13TsRS3LaBAzyr2g<br>Address: Kachurli, Ambai, Kachorli, Maharashtra 422212, India<br>Latitude: 19.9513493<br>Longitude: 73.4893593<br>Google_Maps: https://maps.google.com/?cid=7543514034303824459&g_mp=Cidnb29nbGUubWFwcy5wbGFjZXMudjEuUGxhY2VzLlNlYXJjaFRleHQQAhgEIAA<br>Business_Status: OPERATIONAL<br>Rating: 4.9<br>User_Rating_Count: 330<br>Primary_Type: service<br>Types: farmstay, lodging, service, point_of_interest, establishment<br>Establishment_Category: hotels accommodation<br>Waypoint: Talwade Trimbak<br>Waypoint_Latitude: 20.03<br>Waypoint_Longitude: 73.66<br>Establishment_Type: hotels accommodation<br>Search_Term: <br>Establishment_Name: <br>Category_EST: Hotel <br>Search_Location: <br>Search_Latitude: <br>Search_Longitude: ]]></description>
      <styleUrl>#icon-1899-3949AB</styleUrl>
      <ExtendedData>
        <Data name="Source_File">
          <value>Nashik_to_Trimbak_Establishments 3.xlsx</value>
        </Data>
        <Data name="Source_Sheet">
          <value>Sheet1</value>
        </Data>
        <Data name="Place_ID">
          <value>ChIJNaA4AQD13TsRS3LaBAzyr2g</value>
        </Data>
        <Data name="Address">
          <value>Kachurli, Ambai, Kachorli, Maharashtra 422212, India</value>
        </Data>
        <Data name="Latitude">
          <value>19.9513493</value>
        </Data>
        <Data name="Longitude">
          <value>73.4893593</value>
        </Data>
        <Data name="Google_Maps">
          <value><![CDATA[https://maps.google.com/?cid=7543514034303824459&g_mp=Cidnb29nbGUubWFwcy5wbGFjZXMudjEuUGxhY2VzLlNlYXJjaFRleHQQAhgEIAA]]></value>
        </Data>
        <Data name="Business_Status">
          <value>OPERATIONAL</value>
        </Data>
        <Data name="Rating">
          <value>4.9</value>
        </Data>
        <Data name="User_Rating_Count">
          <value>330.0</value>
        </Data>
        <Data name="Primary_Type">
          <value>service</value>
        </Data>
        <Data name="Types">
          <value>farmstay, lodging, service, point_of_interest, establishment</value>
        </Data>
        <Data name="Establishment_Category">
          <value>hotels accommodation</value>
        </Data>
        <Data name="Waypoint">
          <value>Talwade Trimbak</value>
        </Data>
        <Data name="Waypoint_Latitude">
          <value>20.03</value>
        </Data>
        <Data name="Waypoint_Longitude">
          <value>73.66</value>
        </Data>
        <Data name="Establishment_Type">
          <value>hotels accommodation</value>
        </Data>
        <Data name="Search_Term">
          <value/>
        </Data>
        <Data name="Establishment_Name">
          <value/>
        </Data>
        <Data name="Category_EST">
          <value>Hotel </value>
        </Data>
        <Data name="Search_Location">
          <value/>
        </Data>
        <Data name="Search_Latitude">
          <value/>
        </Data>
        <Data name="Search_Longitude">
          <value/>
        </Data>
      </ExtendedData>
      <Point>
        <coordinates>
          73.4893593,19.9513493,0
        </coordinates>
      </Point>
    </Placemark>
    <Placemark>
      <name>Meluha Vista Villa</name>
      <description><![CDATA[Source_File: Nashik_to_Trimbak_Establishments 3.xlsx<br>Source_Sheet: Sheet1<br>Place_ID: ChIJX5bzl6-L3TsRiwLH4btClSo<br>Address: WGG3+VJ2, Unnamed Road, Talegaon Trimbak, Maharashtra 422212, India<br>Latitude: 19.9271283<br>Longitude: 73.5040159<br>Google_Maps: https://maps.google.com/?cid=3068432095837094539&g_mp=Cidnb29nbGUubWFwcy5wbGFjZXMudjEuUGxhY2VzLlNlYXJjaFRleHQQAhgEIAA<br>Business_Status: OPERATIONAL<br>Rating: 4.2<br>User_Rating_Count: 44<br>Primary_Type: service<br>Types: service, point_of_interest, establishment<br>Establishment_Category: hotels accommodation<br>Waypoint: Talwade Trimbak<br>Waypoint_Latitude: 20.03<br>Waypoint_Longitude: 73.66<br>Establishment_Type: hotels accommodation<br>Search_Term: <br>Establishment_Name: <br>Category_EST: Hotel <br>Search_Location: <br>Search_Latitude: <br>Search_Longitude: ]]></description>
      <styleUrl>#icon-1899-3949AB</styleUrl>
      <ExtendedData>
        <Data name="Source_File">
          <value>Nashik_to_Trimbak_Establishments 3.xlsx</value>
        </Data>
        <Data name="Source_Sheet">
          <value>Sheet1</value>
        </Data>
        <Data name="Place_ID">
          <value>ChIJX5bzl6-L3TsRiwLH4btClSo</value>
        </Data>
        <Data name="Address">
          <value>WGG3+VJ2, Unnamed Road, Talegaon Trimbak, Maharashtra 422212, India</value>
        </Data>
        <Data name="Latitude">
          <value>19.9271283</value>
        </Data>
        <Data name="Longitude">
          <value>73.5040159</value>
        </Data>
        <Data name="Google_Maps">
          <value><![CDATA[https://maps.google.com/?cid=3068432095837094539&g_mp=Cidnb29nbGUubWFwcy5wbGFjZXMudjEuUGxhY2VzLlNlYXJjaFRleHQQAhgEIAA]]></value>
        </Data>
        <Data name="Business_Status">
          <value>OPERATIONAL</value>
        </Data>
        <Data name="Rating">
          <value>4.2</value>
        </Data>
        <Data name="User_Rating_Count">
          <value>44.0</value>
        </Data>
        <Data name="Primary_Type">
          <value>service</value>
        </Data>
        <Data name="Types">
          <value>service, point_of_interest, establishment</value>
        </Data>
        <Data name="Establishment_Category">
          <value>hotels accommodation</value>
        </Data>
        <Data name="Waypoint">
          <value>Talwade Trimbak</value>
        </Data>
        <Data name="Waypoint_Latitude">
          <value>20.03</value>
        </Data>
        <Data name="Waypoint_Longitude">
          <value>73.66</value>
        </Data>
        <Data name="Establishment_Type">
          <value>hotels accommodation</value>
        </Data>
        <Data name="Search_Term">
          <value/>
        </Data>
        <Data name="Establishment_Name">
          <value/>
        </Data>
        <Data name="Category_EST">
          <value>Hotel </value>
        </Data>
        <Data name="Search_Location">
          <value/>
        </Data>
        <Data name="Search_Latitude">
          <value/>
        </Data>
        <Data name="Search_Longitude">
          <value/>
        </Data>
      </ExtendedData>
      <Point>
        <coordinates>
          73.5040159,19.9271283,0
        </coordinates>
      </Point>
    </Placemark>
    <Placemark>
      <name>Niranjani Akhada Bhaktnivas Trimbakeshwar</name>
      <description><![CDATA[Source_File: Nashik_to_Trimbak_Establishments 3.xlsx<br>Source_Sheet: Sheet1<br>Place_ID: ChIJPV6lqbX03TsRnUyvgUkkRMc<br>Address: Shree Kshetra Trimbakeshwar, Ring Road, Nashik, Trimbak, Maharashtra 422212, India<br>Latitude: 19.9343125<br>Longitude: 73.5383125<br>Google_Maps: https://maps.google.com/?cid=14358641410090945693&g_mp=Cidnb29nbGUubWFwcy5wbGFjZXMudjEuUGxhY2VzLlNlYXJjaFRleHQQAhgEIAA<br>Business_Status: OPERATIONAL<br>Rating: 4.1<br>User_Rating_Count: 501<br>Primary_Type: guest_house<br>Types: guest_house, private_guest_room, extended_stay_hotel, resort_hotel, hotel, motel, lodging, restaurant, food, point_of_interest, establishment<br>Establishment_Category: hotels accommodation<br>Waypoint: Talwade Trimbak<br>Waypoint_Latitude: 20.03<br>Waypoint_Longitude: 73.66<br>Establishment_Type: hotels accommodation<br>Search_Term: <br>Establishment_Name: <br>Category_EST: Hotel <br>Search_Location: <br>Search_Latitude: <br>Search_Longitude: ]]></description>
      <styleUrl>#icon-1899-3949AB</styleUrl>
      <ExtendedData>
        <Data name="Source_File">
          <value>Nashik_to_Trimbak_Establishments 3.xlsx</value>
        </Data>
        <Data name="Source_Sheet">
          <value>Sheet1</value>
        </Data>
        <Data name="Place_ID">
          <value>ChIJPV6lqbX03TsRnUyvgUkkRMc</value>
        </Data>
        <Data name="Address">
          <value>Shree Kshetra Trimbakeshwar, Ring Road, Nashik, Trimbak, Maharashtra 422212, India</value>
        </Data>
        <Data name="Latitude">
          <value>19.9343125</value>
        </Data>
        <Data name="Longitude">
          <value>73.5383125</value>
        </Data>
        <Data name="Google_Maps">
          <value><![CDATA[https://maps.google.com/?cid=14358641410090945693&g_mp=Cidnb29nbGUubWFwcy5wbGFjZXMudjEuUGxhY2VzLlNlYXJjaFRleHQQAhgEIAA]]></value>
        </Data>
        <Data name="Business_Status">
          <value>OPERATIONAL</value>
        </Data>
        <Data name="Rating">
          <value>4.1</value>
        </Data>
        <Data name="User_Rating_Count">
          <value>501.0</value>
        </Data>
        <Data name="Primary_Type">
          <value>guest_house</value>
        </Data>
        <Data name="Types">
          <value>guest_house, private_guest_room, extended_stay_hotel, resort_hotel, hotel, motel, lodging, restaurant, food, point_of_interest, establishment</value>
        </Data>
        <Data name="Establishment_Category">
          <value>hotels accommodation</value>
        </Data>
        <Data name="Waypoint">
          <value>Talwade Trimbak</value>
        </Data>
        <Data name="Waypoint_Latitude">
          <value>20.03</value>
        </Data>
        <Data name="Waypoint_Longitude">
          <value>73.66</value>
        </Data>
        <Data name="Establishment_Type">
          <value>hotels accommodation</value>
        </Data>
        <Data name="Search_Term">
          <value/>
        </Data>
        <Data name="Establishment_Name">
          <value/>
        </Data>
        <Data name="Category_EST">
          <value>Hotel </value>
        </Data>
        <Data name="Search_Location">
          <value/>
        </Data>
        <Data name="Search_Latitude">
          <value/>
        </Data>
        <Data name="Search_Longitude">
          <value/>
        </Data>
      </ExtendedData>
      <Point>
        <coordinates>
          73.5383125,19.9343125,0
        </coordinates>
      </Point>
    </Placemark>
    <Placemark>
      <name>OYO Flagship 83486 Hotel Sitara Inn</name>
      <description><![CDATA[Source_File: Nashik_to_Trimbak_Establishments 3.xlsx<br>Source_Sheet: Sheet1<br>Place_ID: ChIJ6bhYfFDr3TsRQ3eGqD0ZKGQ<br>Address: Jawar Rd, Trimbak, Nashik, Maharashtra 422212, India<br>Latitude: 19.9407876<br>Longitude: 73.5329216<br>Google_Maps: https://maps.google.com/?cid=7217046155472303939&g_mp=Cidnb29nbGUubWFwcy5wbGFjZXMudjEuUGxhY2VzLlNlYXJjaFRleHQQAhgEIAA<br>Business_Status: OPERATIONAL<br>Rating: 2.9<br>User_Rating_Count: 43<br>Primary_Type: hotel<br>Types: hotel, lodging, point_of_interest, establishment<br>Establishment_Category: hotels accommodation<br>Waypoint: Talwade Trimbak<br>Waypoint_Latitude: 20.03<br>Waypoint_Longitude: 73.66<br>Establishment_Type: hotels accommodation<br>Search_Term: <br>Establishment_Name: <br>Category_EST: Hotel <br>Search_Location: <br>Search_Latitude: <br>Search_Longitude: ]]></description>
      <styleUrl>#icon-1899-3949AB</styleUrl>
      <ExtendedData>
        <Data name="Source_File">
          <value>Nashik_to_Trimbak_Establishments 3.xlsx</value>
        </Data>
        <Data name="Source_Sheet">
          <value>Sheet1</value>
        </Data>
        <Data name="Place_ID">
          <value>ChIJ6bhYfFDr3TsRQ3eGqD0ZKGQ</value>
        </Data>
        <Data name="Address">
          <value>Jawar Rd, Trimbak, Nashik, Maharashtra 422212, India</value>
        </Data>
        <Data name="Latitude">
          <value>19.9407876</value>
        </Data>
        <Data name="Longitude">
          <value>73.5329216</value>
        </Data>
        <Data name="Google_Maps">
          <value><![CDATA[https://maps.google.com/?cid=7217046155472303939&g_mp=Cidnb29nbGUubWFwcy5wbGFjZXMudjEuUGxhY2VzLlNlYXJjaFRleHQQAhgEIAA]]></value>
        </Data>
        <Data name="Business_Status">
          <value>OPERATIONAL</value>
        </Data>
        <Data name="Rating">
          <value>2.9</value>
        </Data>
        <Data name="User_Rating_Count">
          <value>43.0</value>
        </Data>
        <Data name="Primary_Type">
          <value>hotel</value>
        </Data>
        <Data name="Types">
          <value>hotel, lodging, point_of_interest, establishment</value>
        </Data>
        <Data name="Establishment_Category">
          <value>hotels accommodation</value>
        </Data>
        <Data name="Waypoint">
          <value>Talwade Trimbak</value>
        </Data>
        <Data name="Waypoint_Latitude">
          <value>20.03</value>
        </Data>
        <Data name="Waypoint_Longitude">
          <value>73.66</value>
        </Data>
        <Data name="Establishment_Type">
          <value>hotels accommodation</value>
        </Data>
        <Data name="Search_Term">
          <value/>
        </Data>
        <Data name="Establishment_Name">
          <value/>
        </Data>
        <Data name="Category_EST">
          <value>Hotel </value>
        </Data>
        <Data name="Search_Location">
          <value/>
        </Data>
        <Data name="Search_Latitude">
          <value/>
        </Data>
        <Data name="Search_Longitude">
          <value/>
        </Data>
      </ExtendedData>
      <Point>
        <coordinates>
          73.5329216,19.9407876,0
        </coordinates>
      </Point>
    </Placemark>
    <Placemark>
      <name>SaffronStays AnjanAiry Villa - Villa in Nashik</name>
      <description><![CDATA[Source_File: Nashik_to_Trimbak_Establishments 3.xlsx<br>Source_Sheet: Sheet1<br>Place_ID: ChIJKeqId8jz3TsRLstieyr2zDs<br>Address: Spring Hills, 380/1, near Brahma Valley College, Anjaneri, Maharashtra 422213, India<br>Latitude: 19.9454377<br>Longitude: 73.5723257<br>Google_Maps: https://maps.google.com/?cid=4309089605805853486&g_mp=Cidnb29nbGUubWFwcy5wbGFjZXMudjEuUGxhY2VzLlNlYXJjaFRleHQQAhgEIAA<br>Business_Status: OPERATIONAL<br>Rating: 4.8<br>User_Rating_Count: 63<br>Primary_Type: service<br>Types: service, point_of_interest, establishment<br>Establishment_Category: hotels accommodation<br>Waypoint: Talwade Trimbak<br>Waypoint_Latitude: 20.03<br>Waypoint_Longitude: 73.66<br>Establishment_Type: hotels accommodation<br>Search_Term: <br>Establishment_Name: <br>Category_EST: Hotel <br>Search_Location: <br>Search_Latitude: <br>Search_Longitude: ]]></description>
      <styleUrl>#icon-1899-3949AB</styleUrl>
      <ExtendedData>
        <Data name="Source_File">
          <value>Nashik_to_Trimbak_Establishments 3.xlsx</value>
        </Data>
        <Data name="Source_Sheet">
          <value>Sheet1</value>
        </Data>
        <Data name="Place_ID">
          <value>ChIJKeqId8jz3TsRLstieyr2zDs</value>
        </Data>
        <Data name="Address">
          <value>Spring Hills, 380/1, near Brahma Valley College, Anjaneri, Maharashtra 422213, India</value>
        </Data>
        <Data name="Latitude">
          <value>19.9454377</value>
        </Data>
        <Data name="Longitude">
          <value>73.5723257</value>
        </Data>
        <Data name="Google_Maps">
          <value><![CDATA[https://maps.google.com/?cid=4309089605805853486&g_mp=Cidnb29nbGUubWFwcy5wbGFjZXMudjEuUGxhY2VzLlNlYXJjaFRleHQQAhgEIAA]]></value>
        </Data>
        <Data name="Business_Status">
          <value>OPERATIONAL</value>
        </Data>
        <Data name="Rating">
          <value>4.8</value>
        </Data>
        <Data name="User_Rating_Count">
          <value>63.0</value>
        </Data>
        <Data name="Primary_Type">
          <value>service</value>
        </Data>
        <Data name="Types">
          <value>service, point_of_interest, establishment</value>
        </Data>
        <Data name="Establishment_Category">
          <value>hotels accommodation</value>
        </Data>
        <Data name="Waypoint">
          <value>Talwade Trimbak</value>
        </Data>
        <Data name="Waypoint_Latitude">
          <value>20.03</value>
        </Data>
        <Data name="Waypoint_Longitude">
          <value>73.66</value>
        </Data>
        <Data name="Establishment_Type">
          <value>hotels accommodation</value>
        </Data>
        <Data name="Search_Term">
          <value/>
        </Data>
        <Data name="Establishment_Name">
          <value/>
        </Data>
        <Data name="Category_EST">
          <value>Hotel </value>
        </Data>
        <Data name="Search_Location">
          <value/>
        </Data>
        <Data name="Search_Latitude">
          <value/>
        </Data>
        <Data name="Search_Longitude">
          <value/>
        </Data>
      </ExtendedData>
      <Point>
        <coordinates>
          73.5723257,19.9454377,0
        </coordinates>
      </Point>
    </Placemark>
    <Placemark>
      <name>SaffronStays Avni by the lake - 2 BDR Villa in Nashik</name>
      <description><![CDATA[Source_File: Nashik_to_Trimbak_Establishments 3.xlsx<br>Source_Sheet: Sheet1<br>Place_ID: ChIJawojNJL13TsRfnzJXQiY4vo<br>Address: XHM5+9M9, Talwade Trimbak, Maharashtra 422213, India<br>Latitude: 19.9834375<br>Longitude: 73.5591875<br>Google_Maps: https://maps.google.com/?cid=18078179015919238270&g_mp=Cidnb29nbGUubWFwcy5wbGFjZXMudjEuUGxhY2VzLlNlYXJjaFRleHQQAhgEIAA<br>Business_Status: OPERATIONAL<br>Rating: 4.9<br>User_Rating_Count: 82<br>Primary_Type: service<br>Types: point_of_interest, service, establishment<br>Establishment_Category: hotels accommodation<br>Waypoint: Talwade Trimbak<br>Waypoint_Latitude: 20.03<br>Waypoint_Longitude: 73.66<br>Establishment_Type: hotels accommodation<br>Search_Term: <br>Establishment_Name: <br>Category_EST: Hotel <br>Search_Location: <br>Search_Latitude: <br>Search_Longitude: ]]></description>
      <styleUrl>#icon-1899-3949AB</styleUrl>
      <ExtendedData>
        <Data name="Source_File">
          <value>Nashik_to_Trimbak_Establishments 3.xlsx</value>
        </Data>
        <Data name="Source_Sheet">
          <value>Sheet1</value>
        </Data>
        <Data name="Place_ID">
          <value>ChIJawojNJL13TsRfnzJXQiY4vo</value>
        </Data>
        <Data name="Address">
          <value>XHM5+9M9, Talwade Trimbak, Maharashtra 422213, India</value>
        </Data>
        <Data name="Latitude">
          <value>19.9834375</value>
        </Data>
        <Data name="Longitude">
          <value>73.5591875</value>
        </Data>
        <Data name="Google_Maps">
          <value><![CDATA[https://maps.google.com/?cid=18078179015919238270&g_mp=Cidnb29nbGUubWFwcy5wbGFjZXMudjEuUGxhY2VzLlNlYXJjaFRleHQQAhgEIAA]]></value>
        </Data>
        <Data name="Business_Status">
          <value>OPERATIONAL</value>
        </Data>
        <Data name="Rating">
          <value>4.9</value>
        </Data>
        <Data name="User_Rating_Count">
          <value>82.0</value>
        </Data>
        <Data name="Primary_Type">
          <value>service</value>
        </Data>
        <Data name="Types">
          <value>point_of_interest, service, establishment</value>
        </Data>
        <Data name="Establishment_Category">
          <value>hotels accommodation</value>
        </Data>
        <Data name="Waypoint">
          <value>Talwade Trimbak</value>
        </Data>
        <Data name="Waypoint_Latitude">
          <value>20.03</value>
        </Data>
        <Data name="Waypoint_Longitude">
          <value>73.66</value>
        </Data>
        <Data name="Establishment_Type">
          <value>hotels accommodation</value>
        </Data>
        <Data name="Search_Term">
          <value/>
        </Data>
        <Data name="Establishment_Name">
          <value/>
        </Data>
        <Data name="Category_EST">
          <value>Hotel </value>
        </Data>
        <Data name="Search_Location">
          <value/>
        </Data>
        <Data name="Search_Latitude">
          <value/>
        </Data>
        <Data name="Search_Longitude">
          <value/>
        </Data>
      </ExtendedData>
      <Point>
        <coordinates>
          73.5591875,19.9834375,0
        </coordinates>
      </Point>
    </Placemark>
    <Placemark>
      <name>SaffronStays Pinaki Tales - Villa in Nashik</name>
      <description><![CDATA[Source_File: Nashik_to_Trimbak_Establishments 3.xlsx<br>Source_Sheet: Sheet1<br>Place_ID: ChIJebdttlfz3TsR3SAimdYE26A<br>Address: XH87+3V2, Anjaneri, Maharashtra 422212, India<br>Latitude: 19.9651875<br>Longitude: 73.5646875<br>Google_Maps: https://maps.google.com/?cid=11590863385706766557&g_mp=Cidnb29nbGUubWFwcy5wbGFjZXMudjEuUGxhY2VzLlNlYXJjaFRleHQQAhgEIAA<br>Business_Status: OPERATIONAL<br>Rating: 4.4<br>User_Rating_Count: 97<br>Primary_Type: service<br>Types: service, point_of_interest, establishment<br>Establishment_Category: hotels accommodation<br>Waypoint: Talwade Trimbak<br>Waypoint_Latitude: 20.03<br>Waypoint_Longitude: 73.66<br>Establishment_Type: hotels accommodation<br>Search_Term: <br>Establishment_Name: <br>Category_EST: Hotel <br>Search_Location: <br>Search_Latitude: <br>Search_Longitude: ]]></description>
      <styleUrl>#icon-1899-3949AB</styleUrl>
      <ExtendedData>
        <Data name="Source_File">
          <value>Nashik_to_Trimbak_Establishments 3.xlsx</value>
        </Data>
        <Data name="Source_Sheet">
          <value>Sheet1</value>
        </Data>
        <Data name="Place_ID">
          <value>ChIJebdttlfz3TsR3SAimdYE26A</value>
        </Data>
        <Data name="Address">
          <value>XH87+3V2, Anjaneri, Maharashtra 422212, India</value>
        </Data>
        <Data name="Latitude">
          <value>19.9651875</value>
        </Data>
        <Data name="Longitude">
          <value>73.5646875</value>
        </Data>
        <Data name="Google_Maps">
          <value><![CDATA[https://maps.google.com/?cid=11590863385706766557&g_mp=Cidnb29nbGUubWFwcy5wbGFjZXMudjEuUGxhY2VzLlNlYXJjaFRleHQQAhgEIAA]]></value>
        </Data>
        <Data name="Business_Status">
          <value>OPERATIONAL</value>
        </Data>
        <Data name="Rating">
          <value>4.4</value>
        </Data>
        <Data name="User_Rating_Count">
          <value>97.0</value>
        </Data>
        <Data name="Primary_Type">
          <value>service</value>
        </Data>
        <Data name="Types">
          <value>service, point_of_interest, establishment</value>
        </Data>
        <Data name="Establishment_Category">
          <value>hotels accommodation</value>
        </Data>
        <Data name="Waypoint">
          <value>Talwade Trimbak</value>
        </Data>
        <Data name="Waypoint_Latitude">
          <value>20.03</value>
        </Data>
        <Data name="Waypoint_Longitude">
          <value>73.66</value>
        </Data>
        <Data name="Establishment_Type">
          <value>hotels accommodation</value>
        </Data>
        <Data name="Search_Term">
          <value/>
        </Data>
        <Data name="Establishment_Name">
          <value/>
        </Data>
        <Data name="Category_EST">
          <value>Hotel </value>
        </Data>
        <Data name="Search_Location">
          <value/>
        </Data>
        <Data name="Search_Latitude">
          <value/>
        </Data>
        <Data name="Search_Longitude">
          <value/>
        </Data>
      </ExtendedData>
      <Point>
        <coordinates>
          73.5646875,19.9651875,0
        </coordinates>
      </Point>
    </Placemark>
    <Placemark>
      <name>SaffronStays Serivaas The Lakeview Estate - Villa In Nashik</name>
      <description><![CDATA[Source_File: Nashik_to_Trimbak_Establishments 3.xlsx<br>Source_Sheet: Sheet1<br>Place_ID: ChIJ1XBkQpP13TsR8kGzeAoUiwQ<br>Address: XHJ6+GC2 Talwade Trimbak, Maharashtra, India No. 43, GNG Valley, Talwade, Trimbakeshwar Nashik, Pin code, Talwade Trimbak, Maharashtra 422212, India<br>Latitude: 19.9813125<br>Longitude: 73.5610625<br>Google_Maps: https://maps.google.com/?cid=327377433121735154&g_mp=Cidnb29nbGUubWFwcy5wbGFjZXMudjEuUGxhY2VzLlNlYXJjaFRleHQQAhgEIAA<br>Business_Status: OPERATIONAL<br>Rating: 5<br>User_Rating_Count: 14<br>Primary_Type: service<br>Types: service, point_of_interest, establishment<br>Establishment_Category: hotels accommodation<br>Waypoint: Talwade Trimbak<br>Waypoint_Latitude: 20.03<br>Waypoint_Longitude: 73.66<br>Establishment_Type: hotels accommodation<br>Search_Term: <br>Establishment_Name: <br>Category_EST: Hotel <br>Search_Location: <br>Search_Latitude: <br>Search_Longitude: ]]></description>
      <styleUrl>#icon-1899-3949AB</styleUrl>
      <ExtendedData>
        <Data name="Source_File">
          <value>Nashik_to_Trimbak_Establishments 3.xlsx</value>
        </Data>
        <Data name="Source_Sheet">
          <value>Sheet1</value>
        </Data>
        <Data name="Place_ID">
          <value>ChIJ1XBkQpP13TsR8kGzeAoUiwQ</value>
        </Data>
        <Data name="Address">
          <value>XHJ6+GC2 Talwade Trimbak, Maharashtra, India No. 43, GNG Valley, Talwade, Trimbakeshwar Nashik, Pin code, Talwade Trimbak, Maharashtra 422212, India</value>
        </Data>
        <Data name="Latitude">
          <value>19.9813125</value>
        </Data>
        <Data name="Longitude">
          <value>73.5610625</value>
        </Data>
        <Data name="Google_Maps">
          <value><![CDATA[https://maps.google.com/?cid=327377433121735154&g_mp=Cidnb29nbGUubWFwcy5wbGFjZXMudjEuUGxhY2VzLlNlYXJjaFRleHQQAhgEIAA]]></value>
        </Data>
        <Data name="Business_Status">
          <value>OPERATIONAL</value>
        </Data>
        <Data name="Rating">
          <value>5.0</value>
        </Data>
        <Data name="User_Rating_Count">
          <value>14.0</value>
        </Data>
        <Data name="Primary_Type">
          <value>service</value>
        </Data>
        <Data name="Types">
          <value>service, point_of_interest, establishment</value>
        </Data>
        <Data name="Establishment_Category">
          <value>hotels accommodation</value>
        </Data>
        <Data name="Waypoint">
          <value>Talwade Trimbak</value>
        </Data>
        <Data name="Waypoint_Latitude">
          <value>20.03</value>
        </Data>
        <Data name="Waypoint_Longitude">
          <value>73.66</value>
        </Data>
        <Data name="Establishment_Type">
          <value>hotels accommodation</value>
        </Data>
        <Data name="Search_Term">
          <value/>
        </Data>
        <Data name="Establishment_Name">
          <value/>
        </Data>
        <Data name="Category_EST">
          <value>Hotel </value>
        </Data>
        <Data name="Search_Location">
          <value/>
        </Data>
        <Data name="Search_Latitude">
          <value/>
        </Data>
        <Data name="Search_Longitude">
          <value/>
        </Data>
      </ExtendedData>
      <Point>
        <coordinates>
          73.5610625,19.9813125,0
        </coordinates>
      </Point>
    </Placemark>
    <Placemark>
      <name>SaffronStays Villa Reya - Villa in Nashik</name>
      <description><![CDATA[Source_File: Nashik_to_Trimbak_Establishments 3.xlsx<br>Source_Sheet: Sheet1<br>Place_ID: ChIJ611tQbrz3TsRJiHY1tEHdPY<br>Address: WHW9+4X3, Pegalwadi, Trimbak, Anjaneri, Maharashtra 422213, India<br>Latitude: 19.9453125<br>Longitude: 73.5699375<br>Google_Maps: https://maps.google.com/?cid=17758827828462756134&g_mp=Cidnb29nbGUubWFwcy5wbGFjZXMudjEuUGxhY2VzLlNlYXJjaFRleHQQAhgEIAA<br>Business_Status: OPERATIONAL<br>Rating: 4.4<br>User_Rating_Count: 42<br>Primary_Type: service<br>Types: service, point_of_interest, establishment<br>Establishment_Category: hotels accommodation<br>Waypoint: Talwade Trimbak<br>Waypoint_Latitude: 20.03<br>Waypoint_Longitude: 73.66<br>Establishment_Type: hotels accommodation<br>Search_Term: <br>Establishment_Name: <br>Category_EST: Hotel <br>Search_Location: <br>Search_Latitude: <br>Search_Longitude: ]]></description>
      <styleUrl>#icon-1899-3949AB</styleUrl>
      <ExtendedData>
        <Data name="Source_File">
          <value>Nashik_to_Trimbak_Establishments 3.xlsx</value>
        </Data>
        <Data name="Source_Sheet">
          <value>Sheet1</value>
        </Data>
        <Data name="Place_ID">
          <value>ChIJ611tQbrz3TsRJiHY1tEHdPY</value>
        </Data>
        <Data name="Address">
          <value>WHW9+4X3, Pegalwadi, Trimbak, Anjaneri, Maharashtra 422213, India</value>
        </Data>
        <Data name="Latitude">
          <value>19.9453125</value>
        </Data>
        <Data name="Longitude">
          <value>73.5699375</value>
        </Data>
        <Data name="Google_Maps">
          <value><![CDATA[https://maps.google.com/?cid=17758827828462756134&g_mp=Cidnb29nbGUubWFwcy5wbGFjZXMudjEuUGxhY2VzLlNlYXJjaFRleHQQAhgEIAA]]></value>
        </Data>
        <Data name="Business_Status">
          <value>OPERATIONAL</value>
        </Data>
        <Data name="Rating">
          <value>4.4</value>
        </Data>
        <Data name="User_Rating_Count">
          <value>42.0</value>
        </Data>
        <Data name="Primary_Type">
          <value>service</value>
        </Data>
        <Data name="Types">
          <value>service, point_of_interest, establishment</value>
        </Data>
        <Data name="Establishment_Category">
          <value>hotels accommodation</value>
        </Data>
        <Data name="Waypoint">
          <value>Talwade Trimbak</value>
        </Data>
        <Data name="Waypoint_Latitude">
          <value>20.03</value>
        </Data>
        <Data name="Waypoint_Longitude">
          <value>73.66</value>
        </Data>
        <Data name="Establishment_Type">
          <value>hotels accommodation</value>
        </Data>
        <Data name="Search_Term">
          <value/>
        </Data>
        <Data name="Establishment_Name">
          <value/>
        </Data>
        <Data name="Category_EST">
          <value>Hotel </value>
        </Data>
        <Data name="Search_Location">
          <value/>
        </Data>
        <Data name="Search_Latitude">
          <value/>
        </Data>
        <Data name="Search_Longitude">
          <value/>
        </Data>
      </ExtendedData>
      <Point>
        <coordinates>
          73.5699375,19.9453125,0
        </coordinates>
      </Point>
    </Placemark>
    <Placemark>
      <name>Sai Krupa Hotel Kaka Pure Veg.</name>
      <description><![CDATA[Source_File: Nashik_to_Trimbak_Establishments 3.xlsx<br>Source_Sheet: Sheet1<br>Place_ID: ChIJOYn0_KX03TsRrb8l6e4h76k<br>Address: Nashik Road, Pegal Wadi, Trimbakeshwar, Trimbak, Anjaneri, Maharashtra 422213, India<br>Latitude: 19.9468812<br>Longitude: 73.5572094<br>Google_Maps: https://maps.google.com/?cid=12245043221841166253&g_mp=Cidnb29nbGUubWFwcy5wbGFjZXMudjEuUGxhY2VzLlNlYXJjaFRleHQQAhgEIAA<br>Business_Status: OPERATIONAL<br>Rating: 3.7<br>User_Rating_Count: 317<br>Primary_Type: hotel<br>Types: hotel, lodging, restaurant, food, point_of_interest, establishment<br>Establishment_Category: hotels accommodation<br>Waypoint: Talwade Trimbak<br>Waypoint_Latitude: 20.03<br>Waypoint_Longitude: 73.66<br>Establishment_Type: hotels accommodation<br>Search_Term: <br>Establishment_Name: <br>Category_EST: Hotel <br>Search_Location: <br>Search_Latitude: <br>Search_Longitude: ]]></description>
      <styleUrl>#icon-1899-3949AB</styleUrl>
      <ExtendedData>
        <Data name="Source_File">
          <value>Nashik_to_Trimbak_Establishments 3.xlsx</value>
        </Data>
        <Data name="Source_Sheet">
          <value>Sheet1</value>
        </Data>
        <Data name="Place_ID">
          <value>ChIJOYn0_KX03TsRrb8l6e4h76k</value>
        </Data>
        <Data name="Address">
          <value>Nashik Road, Pegal Wadi, Trimbakeshwar, Trimbak, Anjaneri, Maharashtra 422213, India</value>
        </Data>
        <Data name="Latitude">
          <value>19.9468812</value>
        </Data>
        <Data name="Longitude">
          <value>73.5572094</value>
        </Data>
        <Data name="Google_Maps">
          <value><![CDATA[https://maps.google.com/?cid=12245043221841166253&g_mp=Cidnb29nbGUubWFwcy5wbGFjZXMudjEuUGxhY2VzLlNlYXJjaFRleHQQAhgEIAA]]></value>
        </Data>
        <Data name="Business_Status">
          <value>OPERATIONAL</value>
        </Data>
        <Data name="Rating">
          <value>3.7</value>
        </Data>
        <Data name="User_Rating_Count">
          <value>317.0</value>
        </Data>
        <Data name="Primary_Type">
          <value>hotel</value>
        </Data>
        <Data name="Types">
          <value>hotel, lodging, restaurant, food, point_of_interest, establishment</value>
        </Data>
        <Data name="Establishment_Category">
          <value>hotels accommodation</value>
        </Data>
        <Data name="Waypoint">
          <value>Talwade Trimbak</value>
        </Data>
        <Data name="Waypoint_Latitude">
          <value>20.03</value>
        </Data>
        <Data name="Waypoint_Longitude">
          <value>73.66</value>
        </Data>
        <Data name="Establishment_Type">
          <value>hotels accommodation</value>
        </Data>
        <Data name="Search_Term">
          <value/>
        </Data>
        <Data name="Establishment_Name">
          <value/>
        </Data>
        <Data name="Category_EST">
          <value>Hotel </value>
        </Data>
        <Data name="Search_Location">
          <value/>
        </Data>
        <Data name="Search_Latitude">
          <value/>
        </Data>
        <Data name="Search_Longitude">
          <value/>
        </Data>
      </ExtendedData>
      <Point>
        <coordinates>
          73.5572094,19.9468812,0
        </coordinates>
      </Point>
    </Placemark>
    <Placemark>
      <name>Sanskruti MTDC Holiday Resort</name>
      <description><![CDATA[Source_File: Nashik_to_Trimbak_Establishments 3.xlsx<br>Source_Sheet: Sheet1<br>Place_ID: ChIJyWGsA8j03TsRLmiqCBkMAKQ<br>Address: Bramhgiri Starting Point, Trimbak, Maharashtra 422212, India<br>Latitude: 19.9308573<br>Longitude: 73.5237663<br>Google_Maps: https://maps.google.com/?cid=11817458723879282734&g_mp=Cidnb29nbGUubWFwcy5wbGFjZXMudjEuUGxhY2VzLlNlYXJjaFRleHQQAhgEIAA<br>Business_Status: OPERATIONAL<br>Rating: 3.4<br>User_Rating_Count: 357<br>Primary_Type: resort_hotel<br>Types: resort_hotel, hotel, lodging, point_of_interest, establishment<br>Establishment_Category: hotels accommodation<br>Waypoint: Talwade Trimbak<br>Waypoint_Latitude: 20.03<br>Waypoint_Longitude: 73.66<br>Establishment_Type: hotels accommodation<br>Search_Term: <br>Establishment_Name: <br>Category_EST: Hotel <br>Search_Location: <br>Search_Latitude: <br>Search_Longitude: ]]></description>
      <styleUrl>#icon-1899-3949AB</styleUrl>
      <ExtendedData>
        <Data name="Source_File">
          <value>Nashik_to_Trimbak_Establishments 3.xlsx</value>
        </Data>
        <Data name="Source_Sheet">
          <value>Sheet1</value>
        </Data>
        <Data name="Place_ID">
          <value>ChIJyWGsA8j03TsRLmiqCBkMAKQ</value>
        </Data>
        <Data name="Address">
          <value>Bramhgiri Starting Point, Trimbak, Maharashtra 422212, India</value>
        </Data>
        <Data name="Latitude">
          <value>19.9308573</value>
        </Data>
        <Data name="Longitude">
          <value>73.5237663</value>
        </Data>
        <Data name="Google_Maps">
          <value><![CDATA[https://maps.google.com/?cid=11817458723879282734&g_mp=Cidnb29nbGUubWFwcy5wbGFjZXMudjEuUGxhY2VzLlNlYXJjaFRleHQQAhgEIAA]]></value>
        </Data>
        <Data name="Business_Status">
          <value>OPERATIONAL</value>
        </Data>
        <Data name="Rating">
          <value>3.4</value>
        </Data>
        <Data name="User_Rating_Count">
          <value>357.0</value>
        </Data>
        <Data name="Primary_Type">
          <value>resort_hotel</value>
        </Data>
        <Data name="Types">
          <value>resort_hotel, hotel, lodging, point_of_interest, establishment</value>
        </Data>
        <Data name="Establishment_Category">
          <value>hotels accommodation</value>
        </Data>
        <Data name="Waypoint">
          <value>Talwade Trimbak</value>
        </Data>
        <Data name="Waypoint_Latitude">
          <value>20.03</value>
        </Data>
        <Data name="Waypoint_Longitude">
          <value>73.66</value>
        </Data>
        <Data name="Establishment_Type">
          <value>hotels accommodation</value>
        </Data>
        <Data name="Search_Term">
          <value/>
        </Data>
        <Data name="Establishment_Name">
          <value/>
        </Data>
        <Data name="Category_EST">
          <value>Hotel </value>
        </Data>
        <Data name="Search_Location">
          <value/>
        </Data>
        <Data name="Search_Latitude">
          <value/>
        </Data>
        <Data name="Search_Longitude">
          <value/>
        </Data>
      </ExtendedData>
      <Point>
        <coordinates>
          73.5237663,19.9308573,0
        </coordinates>
      </Point>
    </Placemark>
    <Placemark>
      <name>Shree Shivalay guest house</name>
      <description><![CDATA[Source_File: Nashik_to_Trimbak_Establishments 3.xlsx<br>Source_Sheet: Sheet1<br>Place_ID: ChIJKfHfGgD13TsRyrpRoIWg6hs<br>Address: WGRX+Q6M, Trimbak, Maharashtra 422212, India<br>Latitude: 19.9419683<br>Longitude: 73.5480402<br>Google_Maps: https://maps.google.com/?cid=2011596679355153098&g_mp=Cidnb29nbGUubWFwcy5wbGFjZXMudjEuUGxhY2VzLlNlYXJjaFRleHQQAhgEIAA<br>Business_Status: OPERATIONAL<br>Rating: 5<br>User_Rating_Count: 52<br>Primary_Type: private_guest_room<br>Types: private_guest_room, lodging, point_of_interest, establishment<br>Establishment_Category: hotels accommodation<br>Waypoint: Talwade Trimbak<br>Waypoint_Latitude: 20.03<br>Waypoint_Longitude: 73.66<br>Establishment_Type: hotels accommodation<br>Search_Term: <br>Establishment_Name: <br>Category_EST: Hotel <br>Search_Location: <br>Search_Latitude: <br>Search_Longitude: ]]></description>
      <styleUrl>#icon-1899-3949AB</styleUrl>
      <ExtendedData>
        <Data name="Source_File">
          <value>Nashik_to_Trimbak_Establishments 3.xlsx</value>
        </Data>
        <Data name="Source_Sheet">
          <value>Sheet1</value>
        </Data>
        <Data name="Place_ID">
          <value>ChIJKfHfGgD13TsRyrpRoIWg6hs</value>
        </Data>
        <Data name="Address">
          <value>WGRX+Q6M, Trimbak, Maharashtra 422212, India</value>
        </Data>
        <Data name="Latitude">
          <value>19.9419683</value>
        </Data>
        <Data name="Longitude">
          <value>73.5480402</value>
        </Data>
        <Data name="Google_Maps">
          <value><![CDATA[https://maps.google.com/?cid=2011596679355153098&g_mp=Cidnb29nbGUubWFwcy5wbGFjZXMudjEuUGxhY2VzLlNlYXJjaFRleHQQAhgEIAA]]></value>
        </Data>
        <Data name="Business_Status">
          <value>OPERATIONAL</value>
        </Data>
        <Data name="Rating">
          <value>5.0</value>
        </Data>
        <Data name="User_Rating_Count">
          <value>52.0</value>
        </Data>
        <Data name="Primary_Type">
          <value>private_guest_room</value>
        </Data>
        <Data name="Types">
          <value>private_guest_room, lodging, point_of_interest, establishment</value>
        </Data>
        <Data name="Establishment_Category">
          <value>hotels accommodation</value>
        </Data>
        <Data name="Waypoint">
          <value>Talwade Trimbak</value>
        </Data>
        <Data name="Waypoint_Latitude">
          <value>20.03</value>
        </Data>
        <Data name="Waypoint_Longitude">
          <value>73.66</value>
        </Data>
        <Data name="Establishment_Type">
          <value>hotels accommodation</value>
        </Data>
        <Data name="Search_Term">
          <value/>
        </Data>
        <Data name="Establishment_Name">
          <value/>
        </Data>
        <Data name="Category_EST">
          <value>Hotel </value>
        </Data>
        <Data name="Search_Location">
          <value/>
        </Data>
        <Data name="Search_Latitude">
          <value/>
        </Data>
        <Data name="Search_Longitude">
          <value/>
        </Data>
      </ExtendedData>
      <Point>
        <coordinates>
          73.5480402,19.9419683,0
        </coordinates>
      </Point>
    </Placemark>
    <Placemark>
      <name>Sia Farm stay - Beat Staycation, Villa Farmhouse in Nashik | Villa in Trimbakeshwar</name>
      <description><![CDATA[Source_File: Nashik_to_Trimbak_Establishments 3.xlsx<br>Source_Sheet: Sheet1<br>Place_ID: ChIJ03TmzZ3z3TsR6KJNF4IMVz8<br>Address: wellness farms, 83/6, trimbak road, Beze, Maharashtra 422213, India<br>Latitude: 19.9807814<br>Longitude: 73.5756625<br>Google_Maps: https://maps.google.com/?cid=4564130500239532776&g_mp=Cidnb29nbGUubWFwcy5wbGFjZXMudjEuUGxhY2VzLlNlYXJjaFRleHQQAhgEIAA<br>Business_Status: OPERATIONAL<br>Rating: 4.6<br>User_Rating_Count: 36<br>Primary_Type: farmstay<br>Types: farmstay, resort_hotel, hotel, lodging, point_of_interest, establishment<br>Establishment_Category: hotels accommodation<br>Waypoint: Talwade Trimbak<br>Waypoint_Latitude: 20.03<br>Waypoint_Longitude: 73.66<br>Establishment_Type: hotels accommodation<br>Search_Term: <br>Establishment_Name: <br>Category_EST: Hotel <br>Search_Location: <br>Search_Latitude: <br>Search_Longitude: ]]></description>
      <styleUrl>#icon-1899-3949AB</styleUrl>
      <ExtendedData>
        <Data name="Source_File">
          <value>Nashik_to_Trimbak_Establishments 3.xlsx</value>
        </Data>
        <Data name="Source_Sheet">
          <value>Sheet1</value>
        </Data>
        <Data name="Place_ID">
          <value>ChIJ03TmzZ3z3TsR6KJNF4IMVz8</value>
        </Data>
        <Data name="Address">
          <value>wellness farms, 83/6, trimbak road, Beze, Maharashtra 422213, India</value>
        </Data>
        <Data name="Latitude">
          <value>19.9807814</value>
        </Data>
        <Data name="Longitude">
          <value>73.5756625</value>
        </Data>
        <Data name="Google_Maps">
          <value><![CDATA[https://maps.google.com/?cid=4564130500239532776&g_mp=Cidnb29nbGUubWFwcy5wbGFjZXMudjEuUGxhY2VzLlNlYXJjaFRleHQQAhgEIAA]]></value>
        </Data>
        <Data name="Business_Status">
          <value>OPERATIONAL</value>
        </Data>
        <Data name="Rating">
          <value>4.6</value>
        </Data>
        <Data name="User_Rating_Count">
          <value>36.0</value>
        </Data>
        <Data name="Primary_Type">
          <value>farmstay</value>
        </Data>
        <Data name="Types">
          <value>farmstay, resort_hotel, hotel, lodging, point_of_interest, establishment</value>
        </Data>
        <Data name="Establishment_Category">
          <value>hotels accommodation</value>
        </Data>
        <Data name="Waypoint">
          <value>Talwade Trimbak</value>
        </Data>
        <Data name="Waypoint_Latitude">
          <value>20.03</value>
        </Data>
        <Data name="Waypoint_Longitude">
          <value>73.66</value>
        </Data>
        <Data name="Establishment_Type">
          <value>hotels accommodation</value>
        </Data>
        <Data name="Search_Term">
          <value/>
        </Data>
        <Data name="Establishment_Name">
          <value/>
        </Data>
        <Data name="Category_EST">
          <value>Hotel </value>
        </Data>
        <Data name="Search_Location">
          <value/>
        </Data>
        <Data name="Search_Latitude">
          <value/>
        </Data>
        <Data name="Search_Longitude">
          <value/>
        </Data>
      </ExtendedData>
      <Point>
        <coordinates>
          73.5756625,19.9807814,0
        </coordinates>
      </Point>
    </Placemark>
    <Placemark>
      <name>StayVista at The Stone House in Beze in Nashik | 2 BHK Premium Villa</name>
      <description><![CDATA[Source_File: Nashik_to_Trimbak_Establishments 3.xlsx<br>Source_Sheet: Sheet1<br>Place_ID: ChIJTaUnrxrz3TsR0tlMkBPBdJI<br>Address: XHJG+P92 Gautami Godavari Prakalp Dam, Road, near Trimbak, Beze, Maharashtra 422213, India<br>Latitude: 19.981801<br>Longitude: 73.5758724<br>Google_Maps: https://maps.google.com/?cid=10553272116605409746&g_mp=Cidnb29nbGUubWFwcy5wbGFjZXMudjEuUGxhY2VzLlNlYXJjaFRleHQQAhgEIAA<br>Business_Status: OPERATIONAL<br>Rating: 4.4<br>User_Rating_Count: 7<br>Primary_Type: service<br>Types: bed_and_breakfast, resort_hotel, cottage, inn, hotel, lodging, service, point_of_interest, establishment<br>Establishment_Category: hotels accommodation<br>Waypoint: Talwade Trimbak<br>Waypoint_Latitude: 20.03<br>Waypoint_Longitude: 73.66<br>Establishment_Type: hotels accommodation<br>Search_Term: <br>Establishment_Name: <br>Category_EST: Hotel <br>Search_Location: <br>Search_Latitude: <br>Search_Longitude: ]]></description>
      <styleUrl>#icon-1899-3949AB</styleUrl>
      <ExtendedData>
        <Data name="Source_File">
          <value>Nashik_to_Trimbak_Establishments 3.xlsx</value>
        </Data>
        <Data name="Source_Sheet">
          <value>Sheet1</value>
        </Data>
        <Data name="Place_ID">
          <value>ChIJTaUnrxrz3TsR0tlMkBPBdJI</value>
        </Data>
        <Data name="Address">
          <value>XHJG+P92 Gautami Godavari Prakalp Dam, Road, near Trimbak, Beze, Maharashtra 422213, India</value>
        </Data>
        <Data name="Latitude">
          <value>19.981801</value>
        </Data>
        <Data name="Longitude">
          <value>73.5758724</value>
        </Data>
        <Data name="Google_Maps">
          <value><![CDATA[https://maps.google.com/?cid=10553272116605409746&g_mp=Cidnb29nbGUubWFwcy5wbGFjZXMudjEuUGxhY2VzLlNlYXJjaFRleHQQAhgEIAA]]></value>
        </Data>
        <Data name="Business_Status">
          <value>OPERATIONAL</value>
        </Data>
        <Data name="Rating">
          <value>4.4</value>
        </Data>
        <Data name="User_Rating_Count">
          <value>7.0</value>
        </Data>
        <Data name="Primary_Type">
          <value>service</value>
        </Data>
        <Data name="Types">
          <value>bed_and_breakfast, resort_hotel, cottage, inn, hotel, lodging, service, point_of_interest, establishment</value>
        </Data>
        <Data name="Establishment_Category">
          <value>hotels accommodation</value>
        </Data>
        <Data name="Waypoint">
          <value>Talwade Trimbak</value>
        </Data>
        <Data name="Waypoint_Latitude">
          <value>20.03</value>
        </Data>
        <Data name="Waypoint_Longitude">
          <value>73.66</value>
        </Data>
        <Data name="Establishment_Type">
          <value>hotels accommodation</value>
        </Data>
        <Data name="Search_Term">
          <value/>
        </Data>
        <Data name="Establishment_Name">
          <value/>
        </Data>
        <Data name="Category_EST">
          <value>Hotel </value>
        </Data>
        <Data name="Search_Location">
          <value/>
        </Data>
        <Data name="Search_Latitude">
          <value/>
        </Data>
        <Data name="Search_Longitude">
          <value/>
        </Data>
      </ExtendedData>
      <Point>
        <coordinates>
          73.5758724,19.981801,0
        </coordinates>
      </Point>
    </Placemark>
    <Placemark>
      <name>The Brick mansion Luxurious Villa in Nashik</name>
      <description><![CDATA[Source_File: Nashik_to_Trimbak_Establishments 3.xlsx<br>Source_Sheet: Sheet1<br>Place_ID: ChIJM7GslX_z3TsR_-b2PtiXbPo<br>Address: The Brick Mansion, Anjaneri, Maharashtra 422213, India<br>Latitude: 19.9486452<br>Longitude: 73.572368<br>Google_Maps: https://maps.google.com/?cid=18044964761991833343&g_mp=Cidnb29nbGUubWFwcy5wbGFjZXMudjEuUGxhY2VzLlNlYXJjaFRleHQQAhgEIAA<br>Business_Status: OPERATIONAL<br>Rating: 4.7<br>User_Rating_Count: 232<br>Primary_Type: service<br>Types: resort_hotel, hotel, lodging, service, point_of_interest, establishment<br>Establishment_Category: hotels accommodation<br>Waypoint: Talwade Trimbak<br>Waypoint_Latitude: 20.03<br>Waypoint_Longitude: 73.66<br>Establishment_Type: hotels accommodation<br>Search_Term: <br>Establishment_Name: <br>Category_EST: Hotel <br>Search_Location: <br>Search_Latitude: <br>Search_Longitude: ]]></description>
      <styleUrl>#icon-1899-3949AB</styleUrl>
      <ExtendedData>
        <Data name="Source_File">
          <value>Nashik_to_Trimbak_Establishments 3.xlsx</value>
        </Data>
        <Data name="Source_Sheet">
          <value>Sheet1</value>
        </Data>
        <Data name="Place_ID">
          <value>ChIJM7GslX_z3TsR_-b2PtiXbPo</value>
        </Data>
        <Data name="Address">
          <value>The Brick Mansion, Anjaneri, Maharashtra 422213, India</value>
        </Data>
        <Data name="Latitude">
          <value>19.9486452</value>
        </Data>
        <Data name="Longitude">
          <value>73.572368</value>
        </Data>
        <Data name="Google_Maps">
          <value><![CDATA[https://maps.google.com/?cid=18044964761991833343&g_mp=Cidnb29nbGUubWFwcy5wbGFjZXMudjEuUGxhY2VzLlNlYXJjaFRleHQQAhgEIAA]]></value>
        </Data>
        <Data name="Business_Status">
          <value>OPERATIONAL</value>
        </Data>
        <Data name="Rating">
          <value>4.7</value>
        </Data>
        <Data name="User_Rating_Count">
          <value>232.0</value>
        </Data>
        <Data name="Primary_Type">
          <value>service</value>
        </Data>
        <Data name="Types">
          <value>resort_hotel, hotel, lodging, service, point_of_interest, establishment</value>
        </Data>
        <Data name="Establishment_Category">
          <value>hotels accommodation</value>
        </Data>
        <Data name="Waypoint">
          <value>Talwade Trimbak</value>
        </Data>
        <Data name="Waypoint_Latitude">
          <value>20.03</value>
        </Data>
        <Data name="Waypoint_Longitude">
          <value>73.66</value>
        </Data>
        <Data name="Establishment_Type">
          <value>hotels accommodation</value>
        </Data>
        <Data name="Search_Term">
          <value/>
        </Data>
        <Data name="Establishment_Name">
          <value/>
        </Data>
        <Data name="Category_EST">
          <value>Hotel </value>
        </Data>
        <Data name="Search_Location">
          <value/>
        </Data>
        <Data name="Search_Latitude">
          <value/>
        </Data>
        <Data name="Search_Longitude">
          <value/>
        </Data>
      </ExtendedData>
      <Point>
        <coordinates>
          73.572368,19.9486452,0
        </coordinates>
      </Point>
    </Placemark>
    <Placemark>
      <name>The Urban Escape</name>
      <description><![CDATA[Source_File: Nashik_to_Trimbak_Establishments 3.xlsx<br>Source_Sheet: Sheet1<br>Place_ID: ChIJk6B8LwCN3TsRFMXsyHX3Yuw<br>Address: Pahine, Bhilmal, Maharashtra 422212, India<br>Latitude: 19.9168901<br>Longitude: 73.5526776<br>Google_Maps: https://maps.google.com/?cid=17033448825922831636&g_mp=Cidnb29nbGUubWFwcy5wbGFjZXMudjEuUGxhY2VzLlNlYXJjaFRleHQQAhgEIAA<br>Business_Status: OPERATIONAL<br>Rating: 4.8<br>User_Rating_Count: 42<br>Primary_Type: service<br>Types: service, point_of_interest, establishment<br>Establishment_Category: hotels accommodation<br>Waypoint: Talwade Trimbak<br>Waypoint_Latitude: 20.03<br>Waypoint_Longitude: 73.66<br>Establishment_Type: hotels accommodation<br>Search_Term: <br>Establishment_Name: <br>Category_EST: Hotel <br>Search_Location: <br>Search_Latitude: <br>Search_Longitude: ]]></description>
      <styleUrl>#icon-1899-3949AB</styleUrl>
      <ExtendedData>
        <Data name="Source_File">
          <value>Nashik_to_Trimbak_Establishments 3.xlsx</value>
        </Data>
        <Data name="Source_Sheet">
          <value>Sheet1</value>
        </Data>
        <Data name="Place_ID">
          <value>ChIJk6B8LwCN3TsRFMXsyHX3Yuw</value>
        </Data>
        <Data name="Address">
          <value>Pahine, Bhilmal, Maharashtra 422212, India</value>
        </Data>
        <Data name="Latitude">
          <value>19.9168901</value>
        </Data>
        <Data name="Longitude">
          <value>73.5526776</value>
        </Data>
        <Data name="Google_Maps">
          <value><![CDATA[https://maps.google.com/?cid=17033448825922831636&g_mp=Cidnb29nbGUubWFwcy5wbGFjZXMudjEuUGxhY2VzLlNlYXJjaFRleHQQAhgEIAA]]></value>
        </Data>
        <Data name="Business_Status">
          <value>OPERATIONAL</value>
        </Data>
        <Data name="Rating">
          <value>4.8</value>
        </Data>
        <Data name="User_Rating_Count">
          <value>42.0</value>
        </Data>
        <Data name="Primary_Type">
          <value>service</value>
        </Data>
        <Data name="Types">
          <value>service, point_of_interest, establishment</value>
        </Data>
        <Data name="Establishment_Category">
          <value>hotels accommodation</value>
        </Data>
        <Data name="Waypoint">
          <value>Talwade Trimbak</value>
        </Data>
        <Data name="Waypoint_Latitude">
          <value>20.03</value>
        </Data>
        <Data name="Waypoint_Longitude">
          <value>73.66</value>
        </Data>
        <Data name="Establishment_Type">
          <value>hotels accommodation</value>
        </Data>
        <Data name="Search_Term">
          <value/>
        </Data>
        <Data name="Establishment_Name">
          <value/>
        </Data>
        <Data name="Category_EST">
          <value>Hotel </value>
        </Data>
        <Data name="Search_Location">
          <value/>
        </Data>
        <Data name="Search_Latitude">
          <value/>
        </Data>
        <Data name="Search_Longitude">
          <value/>
        </Data>
      </ExtendedData>
      <Point>
        <coordinates>
          73.5526776,19.9168901,0
        </coordinates>
      </Point>
    </Placemark>
    <Placemark>
      <name>Tulsi inn</name>
      <description><![CDATA[Source_File: Nashik_to_Trimbak_Establishments 3.xlsx<br>Source_Sheet: Sheet1<br>Place_ID: ChIJrwyYbEP13TsRoFUdO9cmuBE<br>Address: Temple, Ram Mandir Rd, near Trimbakeshwar, Panch Aali, Trimbak, Maharashtra 422212, India<br>Latitude: 19.9318094<br>Longitude: 73.5291638<br>Google_Maps: https://maps.google.com/?cid=1276813200211137952&g_mp=Cidnb29nbGUubWFwcy5wbGFjZXMudjEuUGxhY2VzLlNlYXJjaFRleHQQAhgEIAA<br>Business_Status: OPERATIONAL<br>Rating: 4<br>User_Rating_Count: 383<br>Primary_Type: private_guest_room<br>Types: private_guest_room, lodging, point_of_interest, establishment<br>Establishment_Category: hotels accommodation<br>Waypoint: Talwade Trimbak<br>Waypoint_Latitude: 20.03<br>Waypoint_Longitude: 73.66<br>Establishment_Type: hotels accommodation<br>Search_Term: <br>Establishment_Name: <br>Category_EST: Hotel <br>Search_Location: <br>Search_Latitude: <br>Search_Longitude: ]]></description>
      <styleUrl>#icon-1899-3949AB</styleUrl>
      <ExtendedData>
        <Data name="Source_File">
          <value>Nashik_to_Trimbak_Establishments 3.xlsx</value>
        </Data>
        <Data name="Source_Sheet">
          <value>Sheet1</value>
        </Data>
        <Data name="Place_ID">
          <value>ChIJrwyYbEP13TsRoFUdO9cmuBE</value>
        </Data>
        <Data name="Address">
          <value>Temple, Ram Mandir Rd, near Trimbakeshwar, Panch Aali, Trimbak, Maharashtra 422212, India</value>
        </Data>
        <Data name="Latitude">
          <value>19.9318094</value>
        </Data>
        <Data name="Longitude">
          <value>73.5291638</value>
        </Data>
        <Data name="Google_Maps">
          <value><![CDATA[https://maps.google.com/?cid=1276813200211137952&g_mp=Cidnb29nbGUubWFwcy5wbGFjZXMudjEuUGxhY2VzLlNlYXJjaFRleHQQAhgEIAA]]></value>
        </Data>
        <Data name="Business_Status">
          <value>OPERATIONAL</value>
        </Data>
        <Data name="Rating">
          <value>4.0</value>
        </Data>
        <Data name="User_Rating_Count">
          <value>383.0</value>
        </Data>
        <Data name="Primary_Type">
          <value>private_guest_room</value>
        </Data>
        <Data name="Types">
          <value>private_guest_room, lodging, point_of_interest, establishment</value>
        </Data>
        <Data name="Establishment_Category">
          <value>hotels accommodation</value>
        </Data>
        <Data name="Waypoint">
          <value>Talwade Trimbak</value>
        </Data>
        <Data name="Waypoint_Latitude">
          <value>20.03</value>
        </Data>
        <Data name="Waypoint_Longitude">
          <value>73.66</value>
        </Data>
        <Data name="Establishment_Type">
          <value>hotels accommodation</value>
        </Data>
        <Data name="Search_Term">
          <value/>
        </Data>
        <Data name="Establishment_Name">
          <value/>
        </Data>
        <Data name="Category_EST">
          <value>Hotel </value>
        </Data>
        <Data name="Search_Location">
          <value/>
        </Data>
        <Data name="Search_Latitude">
          <value/>
        </Data>
        <Data name="Search_Longitude">
          <value/>
        </Data>
      </ExtendedData>
      <Point>
        <coordinates>
          73.5291638,19.9318094,0
        </coordinates>
      </Point>
    </Placemark>
    <Placemark>
      <name>Twin mountain farm Resort</name>
      <description><![CDATA[Source_File: Nashik_to_Trimbak_Establishments 3.xlsx<br>Source_Sheet: Sheet1<br>Place_ID: ChIJMV6ypUWL3TsRFFbcWImvHqs<br>Address: Ghoti Trimbak Rd, Pahine, Bhilmal, Maharashtra 422212, India<br>Latitude: 19.9157926<br>Longitude: 73.5553644<br>Google_Maps: https://maps.google.com/?cid=12330485834223212052&g_mp=Cidnb29nbGUubWFwcy5wbGFjZXMudjEuUGxhY2VzLlNlYXJjaFRleHQQAhgEIAA<br>Business_Status: OPERATIONAL<br>Rating: 4.5<br>User_Rating_Count: 90<br>Primary_Type: hotel<br>Types: hotel, resort_hotel, bar, lodging, restaurant, food, point_of_interest, establishment<br>Establishment_Category: hotels accommodation<br>Waypoint: Talwade Trimbak<br>Waypoint_Latitude: 20.03<br>Waypoint_Longitude: 73.66<br>Establishment_Type: hotels accommodation<br>Search_Term: <br>Establishment_Name: <br>Category_EST: Hotel <br>Search_Location: <br>Search_Latitude: <br>Search_Longitude: ]]></description>
      <styleUrl>#icon-1899-3949AB</styleUrl>
      <ExtendedData>
        <Data name="Source_File">
          <value>Nashik_to_Trimbak_Establishments 3.xlsx</value>
        </Data>
        <Data name="Source_Sheet">
          <value>Sheet1</value>
        </Data>
        <Data name="Place_ID">
          <value>ChIJMV6ypUWL3TsRFFbcWImvHqs</value>
        </Data>
        <Data name="Address">
          <value>Ghoti Trimbak Rd, Pahine, Bhilmal, Maharashtra 422212, India</value>
        </Data>
        <Data name="Latitude">
          <value>19.9157926</value>
        </Data>
        <Data name="Longitude">
          <value>73.5553644</value>
        </Data>
        <Data name="Google_Maps">
          <value><![CDATA[https://maps.google.com/?cid=12330485834223212052&g_mp=Cidnb29nbGUubWFwcy5wbGFjZXMudjEuUGxhY2VzLlNlYXJjaFRleHQQAhgEIAA]]></value>
        </Data>
        <Data name="Business_Status">
          <value>OPERATIONAL</value>
        </Data>
        <Data name="Rating">
          <value>4.5</value>
        </Data>
        <Data name="User_Rating_Count">
          <value>90.0</value>
        </Data>
        <Data name="Primary_Type">
          <value>hotel</value>
        </Data>
        <Data name="Types">
          <value>hotel, resort_hotel, bar, lodging, restaurant, food, point_of_interest, establishment</value>
        </Data>
        <Data name="Establishment_Category">
          <value>hotels accommodation</value>
        </Data>
        <Data name="Waypoint">
          <value>Talwade Trimbak</value>
        </Data>
        <Data name="Waypoint_Latitude">
          <value>20.03</value>
        </Data>
        <Data name="Waypoint_Longitude">
          <value>73.66</value>
        </Data>
        <Data name="Establishment_Type">
          <value>hotels accommodation</value>
        </Data>
        <Data name="Search_Term">
          <value/>
        </Data>
        <Data name="Establishment_Name">
          <value/>
        </Data>
        <Data name="Category_EST">
          <value>Hotel </value>
        </Data>
        <Data name="Search_Location">
          <value/>
        </Data>
        <Data name="Search_Latitude">
          <value/>
        </Data>
        <Data name="Search_Longitude">
          <value/>
        </Data>
      </ExtendedData>
      <Point>
        <coordinates>
          73.5553644,19.9157926,0
        </coordinates>
      </Point>
    </Placemark>
    <Placemark>
      <name>Whispering woods</name>
      <description><![CDATA[Source_File: Nashik_to_Trimbak_Establishments 3.xlsx<br>Source_Sheet: Sheet1<br>Place_ID: ChIJ310TgXf13TsRQOrRYt6_oL8<br>Address: Trimbakeshwar road, Jawhar, Trimbakeshwar, Amboli, Maharashtra 422212, India<br>Latitude: 19.9772018<br>Longitude: 73.4888271<br>Google_Maps: https://maps.google.com/?cid=13808247419379509824&g_mp=Cidnb29nbGUubWFwcy5wbGFjZXMudjEuUGxhY2VzLlNlYXJjaFRleHQQAhgEIAA<br>Business_Status: OPERATIONAL<br>Rating: 4.4<br>User_Rating_Count: 18<br>Primary_Type: hotel<br>Types: hotel, lodging, point_of_interest, establishment<br>Establishment_Category: hotels accommodation<br>Waypoint: Talwade Trimbak<br>Waypoint_Latitude: 20.03<br>Waypoint_Longitude: 73.66<br>Establishment_Type: hotels accommodation<br>Search_Term: <br>Establishment_Name: <br>Category_EST: Hotel <br>Search_Location: <br>Search_Latitude: <br>Search_Longitude: ]]></description>
      <styleUrl>#icon-1899-3949AB</styleUrl>
      <ExtendedData>
        <Data name="Source_File">
          <value>Nashik_to_Trimbak_Establishments 3.xlsx</value>
        </Data>
        <Data name="Source_Sheet">
          <value>Sheet1</value>
        </Data>
        <Data name="Place_ID">
          <value>ChIJ310TgXf13TsRQOrRYt6_oL8</value>
        </Data>
        <Data name="Address">
          <value>Trimbakeshwar road, Jawhar, Trimbakeshwar, Amboli, Maharashtra 422212, India</value>
        </Data>
        <Data name="Latitude">
          <value>19.9772018</value>
        </Data>
        <Data name="Longitude">
          <value>73.4888271</value>
        </Data>
        <Data name="Google_Maps">
          <value><![CDATA[https://maps.google.com/?cid=13808247419379509824&g_mp=Cidnb29nbGUubWFwcy5wbGFjZXMudjEuUGxhY2VzLlNlYXJjaFRleHQQAhgEIAA]]></value>
        </Data>
        <Data name="Business_Status">
          <value>OPERATIONAL</value>
        </Data>
        <Data name="Rating">
          <value>4.4</value>
        </Data>
        <Data name="User_Rating_Count">
          <value>18.0</value>
        </Data>
        <Data name="Primary_Type">
          <value>hotel</value>
        </Data>
        <Data name="Types">
          <value>hotel, lodging, point_of_interest, establishment</value>
        </Data>
        <Data name="Establishment_Category">
          <value>hotels accommodation</value>
        </Data>
        <Data name="Waypoint">
          <value>Talwade Trimbak</value>
        </Data>
        <Data name="Waypoint_Latitude">
          <value>20.03</value>
        </Data>
        <Data name="Waypoint_Longitude">
          <value>73.66</value>
        </Data>
        <Data name="Establishment_Type">
          <value>hotels accommodation</value>
        </Data>
        <Data name="Search_Term">
          <value/>
        </Data>
        <Data name="Establishment_Name">
          <value/>
        </Data>
        <Data name="Category_EST">
          <value>Hotel </value>
        </Data>
        <Data name="Search_Location">
          <value/>
        </Data>
        <Data name="Search_Latitude">
          <value/>
        </Data>
        <Data name="Search_Longitude">
          <value/>
        </Data>
      </ExtendedData>
      <Point>
        <coordinates>
          73.4888271,19.9772018,0
        </coordinates>
      </Point>
    </Placemark>
    <Placemark>
      <name>Hotel rudraksh inn</name>
      <description><![CDATA[Source_File: Nashik_to_Trimbak_Establishments 3.xlsx<br>Source_Sheet: Sheet1<br>Place_ID: ChIJoxtgKQD13TsRB-T56zggOS4<br>Address: Temple, Ram Mandir Rd, near Trimbakeshwar, Panch Aali, Trimbak, Maharashtra 422212, India<br>Latitude: 19.9318696<br>Longitude: 73.5291151<br>Google_Maps: https://maps.google.com/?cid=3330728828266472455&g_mp=Cidnb29nbGUubWFwcy5wbGFjZXMudjEuUGxhY2VzLlNlYXJjaFRleHQQAhgEIAA<br>Business_Status: OPERATIONAL<br>Rating: 3.5<br>User_Rating_Count: 37<br>Primary_Type: hotel<br>Types: hotel, lodging, point_of_interest, establishment<br>Establishment_Category: hotels accommodation<br>Waypoint: Trimbak<br>Waypoint_Latitude: 19.933<br>Waypoint_Longitude: 73.528<br>Establishment_Type: hotels accommodation<br>Search_Term: <br>Establishment_Name: <br>Category_EST: Hotel <br>Search_Location: <br>Search_Latitude: <br>Search_Longitude: ]]></description>
      <styleUrl>#icon-1899-3949AB</styleUrl>
      <ExtendedData>
        <Data name="Source_File">
          <value>Nashik_to_Trimbak_Establishments 3.xlsx</value>
        </Data>
        <Data name="Source_Sheet">
          <value>Sheet1</value>
        </Data>
        <Data name="Place_ID">
          <value>ChIJoxtgKQD13TsRB-T56zggOS4</value>
        </Data>
        <Data name="Address">
          <value>Temple, Ram Mandir Rd, near Trimbakeshwar, Panch Aali, Trimbak, Maharashtra 422212, India</value>
        </Data>
        <Data name="Latitude">
          <value>19.9318696</value>
        </Data>
        <Data name="Longitude">
          <value>73.5291151</value>
        </Data>
        <Data name="Google_Maps">
          <value><![CDATA[https://maps.google.com/?cid=3330728828266472455&g_mp=Cidnb29nbGUubWFwcy5wbGFjZXMudjEuUGxhY2VzLlNlYXJjaFRleHQQAhgEIAA]]></value>
        </Data>
        <Data name="Business_Status">
          <value>OPERATIONAL</value>
        </Data>
        <Data name="Rating">
          <value>3.5</value>
        </Data>
        <Data name="User_Rating_Count">
          <value>37.0</value>
        </Data>
        <Data name="Primary_Type">
          <value>hotel</value>
        </Data>
        <Data name="Types">
          <value>hotel, lodging, point_of_interest, establishment</value>
        </Data>
        <Data name="Establishment_Category">
          <value>hotels accommodation</value>
        </Data>
        <Data name="Waypoint">
          <value>Trimbak</value>
        </Data>
        <Data name="Waypoint_Latitude">
          <value>19.933</value>
        </Data>
        <Data name="Waypoint_Longitude">
          <value>73.528</value>
        </Data>
        <Data name="Establishment_Type">
          <value>hotels accommodation</value>
        </Data>
        <Data name="Search_Term">
          <value/>
        </Data>
        <Data name="Establishment_Name">
          <value/>
        </Data>
        <Data name="Category_EST">
          <value>Hotel </value>
        </Data>
        <Data name="Search_Location">
          <value/>
        </Data>
        <Data name="Search_Latitude">
          <value/>
        </Data>
        <Data name="Search_Longitude">
          <value/>
        </Data>
      </ExtendedData>
      <Point>
        <coordinates>
          73.5291151,19.9318696,0
        </coordinates>
      </Point>
    </Placemark>
    <Placemark>
      <name>Mountain Stays Guest House</name>
      <description><![CDATA[Source_File: Nashik_to_Trimbak_Establishments 3.xlsx<br>Source_Sheet: Sheet1<br>Place_ID: ChIJPX4QTwD13TsR5dB8srhlQZ0<br>Address: no.1, Row house, near Pawan Ganesh Mandir, Trimbak, Maharashtra 422212, India<br>Latitude: 19.9414668<br>Longitude: 73.5482812<br>Google_Maps: https://maps.google.com/?cid=11331449981383790821&g_mp=Cidnb29nbGUubWFwcy5wbGFjZXMudjEuUGxhY2VzLlNlYXJjaFRleHQQAhgEIAA<br>Business_Status: OPERATIONAL<br>Rating: 5<br>User_Rating_Count: 23<br>Primary_Type: guest_house<br>Types: guest_house, hotel, lodging, point_of_interest, establishment<br>Establishment_Category: hotels accommodation<br>Waypoint: Trimbak<br>Waypoint_Latitude: 19.933<br>Waypoint_Longitude: 73.528<br>Establishment_Type: hotels accommodation<br>Search_Term: <br>Establishment_Name: <br>Category_EST: Hotel <br>Search_Location: <br>Search_Latitude: <br>Search_Longitude: ]]></description>
      <styleUrl>#icon-1899-3949AB</styleUrl>
      <ExtendedData>
        <Data name="Source_File">
          <value>Nashik_to_Trimbak_Establishments 3.xlsx</value>
        </Data>
        <Data name="Source_Sheet">
          <value>Sheet1</value>
        </Data>
        <Data name="Place_ID">
          <value>ChIJPX4QTwD13TsR5dB8srhlQZ0</value>
        </Data>
        <Data name="Address">
          <value>no.1, Row house, near Pawan Ganesh Mandir, Trimbak, Maharashtra 422212, India</value>
        </Data>
        <Data name="Latitude">
          <value>19.9414668</value>
        </Data>
        <Data name="Longitude">
          <value>73.5482812</value>
        </Data>
        <Data name="Google_Maps">
          <value><![CDATA[https://maps.google.com/?cid=11331449981383790821&g_mp=Cidnb29nbGUubWFwcy5wbGFjZXMudjEuUGxhY2VzLlNlYXJjaFRleHQQAhgEIAA]]></value>
        </Data>
        <Data name="Business_Status">
          <value>OPERATIONAL</value>
        </Data>
        <Data name="Rating">
          <value>5.0</value>
        </Data>
        <Data name="User_Rating_Count">
          <value>23.0</value>
        </Data>
        <Data name="Primary_Type">
          <value>guest_house</value>
        </Data>
        <Data name="Types">
          <value>guest_house, hotel, lodging, point_of_interest, establishment</value>
        </Data>
        <Data name="Establishment_Category">
          <value>hotels accommodation</value>
        </Data>
        <Data name="Waypoint">
          <value>Trimbak</value>
        </Data>
        <Data name="Waypoint_Latitude">
          <value>19.933</value>
        </Data>
        <Data name="Waypoint_Longitude">
          <value>73.528</value>
        </Data>
        <Data name="Establishment_Type">
          <value>hotels accommodation</value>
        </Data>
        <Data name="Search_Term">
          <value/>
        </Data>
        <Data name="Establishment_Name">
          <value/>
        </Data>
        <Data name="Category_EST">
          <value>Hotel </value>
        </Data>
        <Data name="Search_Location">
          <value/>
        </Data>
        <Data name="Search_Latitude">
          <value/>
        </Data>
        <Data name="Search_Longitude">
          <value/>
        </Data>
      </ExtendedData>
      <Point>
        <coordinates>
          73.5482812,19.9414668,0
        </coordinates>
      </Point>
    </Placemark>
    <Placemark>
      <name><![CDATA[Rajasthani Rajwadi Hotel & Restaurant]]></name>
      <description><![CDATA[Source_File: Nashik_to_Trimbak_Establishments 3.xlsx<br>Source_Sheet: Sheet1<br>Place_ID: ChIJC_UZUqb03TsRgViWtULXrPI<br>Address: Ajaneri, Tupa, Devi Phata, Trimbak, Anjaneri, Maharashtra 422213, India<br>Latitude: 19.9469164<br>Longitude: 73.5571318<br>Google_Maps: https://maps.google.com/?cid=17486588134687135873&g_mp=Cidnb29nbGUubWFwcy5wbGFjZXMudjEuUGxhY2VzLlNlYXJjaFRleHQQAhgEIAA<br>Business_Status: OPERATIONAL<br>Rating: 3.5<br>User_Rating_Count: 108<br>Primary_Type: hotel<br>Types: hotel, lodging, point_of_interest, establishment<br>Establishment_Category: hotels accommodation<br>Waypoint: Trimbak<br>Waypoint_Latitude: 19.933<br>Waypoint_Longitude: 73.528<br>Establishment_Type: hotels accommodation<br>Search_Term: <br>Establishment_Name: <br>Category_EST: Hotel <br>Search_Location: <br>Search_Latitude: <br>Search_Longitude: ]]></description>
      <styleUrl>#icon-1899-3949AB</styleUrl>
      <ExtendedData>
        <Data name="Source_File">
          <value>Nashik_to_Trimbak_Establishments 3.xlsx</value>
        </Data>
        <Data name="Source_Sheet">
          <value>Sheet1</value>
        </Data>
        <Data name="Place_ID">
          <value>ChIJC_UZUqb03TsRgViWtULXrPI</value>
        </Data>
        <Data name="Address">
          <value>Ajaneri, Tupa, Devi Phata, Trimbak, Anjaneri, Maharashtra 422213, India</value>
        </Data>
        <Data name="Latitude">
          <value>19.9469164</value>
        </Data>
        <Data name="Longitude">
          <value>73.5571318</value>
        </Data>
        <Data name="Google_Maps">
          <value><![CDATA[https://maps.google.com/?cid=17486588134687135873&g_mp=Cidnb29nbGUubWFwcy5wbGFjZXMudjEuUGxhY2VzLlNlYXJjaFRleHQQAhgEIAA]]></value>
        </Data>
        <Data name="Business_Status">
          <value>OPERATIONAL</value>
        </Data>
        <Data name="Rating">
          <value>3.5</value>
        </Data>
        <Data name="User_Rating_Count">
          <value>108.0</value>
        </Data>
        <Data name="Primary_Type">
          <value>hotel</value>
        </Data>
        <Data name="Types">
          <value>hotel, lodging, point_of_interest, establishment</value>
        </Data>
        <Data name="Establishment_Category">
          <value>hotels accommodation</value>
        </Data>
        <Data name="Waypoint">
          <value>Trimbak</value>
        </Data>
        <Data name="Waypoint_Latitude">
          <value>19.933</value>
        </Data>
        <Data name="Waypoint_Longitude">
          <value>73.528</value>
        </Data>
        <Data name="Establishment_Type">
          <value>hotels accommodation</value>
        </Data>
        <Data name="Search_Term">
          <value/>
        </Data>
        <Data name="Establishment_Name">
          <value/>
        </Data>
        <Data name="Category_EST">
          <value>Hotel </value>
        </Data>
        <Data name="Search_Location">
          <value/>
        </Data>
        <Data name="Search_Latitude">
          <value/>
        </Data>
        <Data name="Search_Longitude">
          <value/>
        </Data>
      </ExtendedData>
      <Point>
        <coordinates>
          73.5571318,19.9469164,0
        </coordinates>
      </Point>
    </Placemark>
    <Placemark>
      <name>Shiv Prasad Bhakti Nivas</name>
      <description><![CDATA[Source_File: Nashik_to_Trimbak_Establishments 3.xlsx<br>Source_Sheet: Sheet1<br>Place_ID: ChIJZRVfy8v03TsRRvBeQAxHi-E<br>Address: WGPM+644, Trimbak, Maharashtra 422212, India<br>Latitude: 19.9355125<br>Longitude: 73.532835<br>Google_Maps: https://maps.google.com/?cid=16252161798241710150&g_mp=Cidnb29nbGUubWFwcy5wbGFjZXMudjEuUGxhY2VzLlNlYXJjaFRleHQQAhgEIAA<br>Business_Status: OPERATIONAL<br>Rating: 4<br>User_Rating_Count: 265<br>Primary_Type: hotel<br>Types: hotel, lodging, point_of_interest, establishment<br>Establishment_Category: hotels accommodation<br>Waypoint: Trimbak<br>Waypoint_Latitude: 19.933<br>Waypoint_Longitude: 73.528<br>Establishment_Type: hotels accommodation<br>Search_Term: <br>Establishment_Name: <br>Category_EST: Hotel <br>Search_Location: <br>Search_Latitude: <br>Search_Longitude: ]]></description>
      <styleUrl>#icon-1899-3949AB</styleUrl>
      <ExtendedData>
        <Data name="Source_File">
          <value>Nashik_to_Trimbak_Establishments 3.xlsx</value>
        </Data>
        <Data name="Source_Sheet">
          <value>Sheet1</value>
        </Data>
        <Data name="Place_ID">
          <value>ChIJZRVfy8v03TsRRvBeQAxHi-E</value>
        </Data>
        <Data name="Address">
          <value>WGPM+644, Trimbak, Maharashtra 422212, India</value>
        </Data>
        <Data name="Latitude">
          <value>19.9355125</value>
        </Data>
        <Data name="Longitude">
          <value>73.532835</value>
        </Data>
        <Data name="Google_Maps">
          <value><![CDATA[https://maps.google.com/?cid=16252161798241710150&g_mp=Cidnb29nbGUubWFwcy5wbGFjZXMudjEuUGxhY2VzLlNlYXJjaFRleHQQAhgEIAA]]></value>
        </Data>
        <Data name="Business_Status">
          <value>OPERATIONAL</value>
        </Data>
        <Data name="Rating">
          <value>4.0</value>
        </Data>
        <Data name="User_Rating_Count">
          <value>265.0</value>
        </Data>
        <Data name="Primary_Type">
          <value>hotel</value>
        </Data>
        <Data name="Types">
          <value>hotel, lodging, point_of_interest, establishment</value>
        </Data>
        <Data name="Establishment_Category">
          <value>hotels accommodation</value>
        </Data>
        <Data name="Waypoint">
          <value>Trimbak</value>
        </Data>
        <Data name="Waypoint_Latitude">
          <value>19.933</value>
        </Data>
        <Data name="Waypoint_Longitude">
          <value>73.528</value>
        </Data>
        <Data name="Establishment_Type">
          <value>hotels accommodation</value>
        </Data>
        <Data name="Search_Term">
          <value/>
        </Data>
        <Data name="Establishment_Name">
          <value/>
        </Data>
        <Data name="Category_EST">
          <value>Hotel </value>
        </Data>
        <Data name="Search_Location">
          <value/>
        </Data>
        <Data name="Search_Latitude">
          <value/>
        </Data>
        <Data name="Search_Longitude">
          <value/>
        </Data>
      </ExtendedData>
      <Point>
        <coordinates>
          73.532835,19.9355125,0
        </coordinates>
      </Point>
    </Placemark>
    <Placemark>
      <name>The Cascade Retreat By Spandan Holiday Homes</name>
      <description><![CDATA[Source_File: Nashik_to_Trimbak_Establishments 3.xlsx<br>Source_Sheet: Sheet1<br>Place_ID: ChIJyYSyNXeL3TsR65Ua2-8howI<br>Address: Pahine, Bhilmal, Maharashtra 422212, India<br>Latitude: 19.9171137<br>Longitude: 73.5530434<br>Google_Maps: https://maps.google.com/?cid=190032923336545771&g_mp=Cidnb29nbGUubWFwcy5wbGFjZXMudjEuUGxhY2VzLlNlYXJjaFRleHQQAhgEIAA<br>Business_Status: OPERATIONAL<br>Rating: 5<br>User_Rating_Count: 15<br>Primary_Type: resort_hotel<br>Types: resort_hotel, farmstay, private_guest_room, hotel, lodging, service, point_of_interest, establishment<br>Establishment_Category: hotels accommodation<br>Waypoint: Trimbak<br>Waypoint_Latitude: 19.933<br>Waypoint_Longitude: 73.528<br>Establishment_Type: hotels accommodation<br>Search_Term: <br>Establishment_Name: <br>Category_EST: Hotel <br>Search_Location: <br>Search_Latitude: <br>Search_Longitude: ]]></description>
      <styleUrl>#icon-1899-3949AB</styleUrl>
      <ExtendedData>
        <Data name="Source_File">
          <value>Nashik_to_Trimbak_Establishments 3.xlsx</value>
        </Data>
        <Data name="Source_Sheet">
          <value>Sheet1</value>
        </Data>
        <Data name="Place_ID">
          <value>ChIJyYSyNXeL3TsR65Ua2-8howI</value>
        </Data>
        <Data name="Address">
          <value>Pahine, Bhilmal, Maharashtra 422212, India</value>
        </Data>
        <Data name="Latitude">
          <value>19.9171137</value>
        </Data>
        <Data name="Longitude">
          <value>73.5530434</value>
        </Data>
        <Data name="Google_Maps">
          <value><![CDATA[https://maps.google.com/?cid=190032923336545771&g_mp=Cidnb29nbGUubWFwcy5wbGFjZXMudjEuUGxhY2VzLlNlYXJjaFRleHQQAhgEIAA]]></value>
        </Data>
        <Data name="Business_Status">
          <value>OPERATIONAL</value>
        </Data>
        <Data name="Rating">
          <value>5.0</value>
        </Data>
        <Data name="User_Rating_Count">
          <value>15.0</value>
        </Data>
        <Data name="Primary_Type">
          <value>resort_hotel</value>
        </Data>
        <Data name="Types">
          <value>resort_hotel, farmstay, private_guest_room, hotel, lodging, service, point_of_interest, establishment</value>
        </Data>
        <Data name="Establishment_Category">
          <value>hotels accommodation</value>
        </Data>
        <Data name="Waypoint">
          <value>Trimbak</value>
        </Data>
        <Data name="Waypoint_Latitude">
          <value>19.933</value>
        </Data>
        <Data name="Waypoint_Longitude">
          <value>73.528</value>
        </Data>
        <Data name="Establishment_Type">
          <value>hotels accommodation</value>
        </Data>
        <Data name="Search_Term">
          <value/>
        </Data>
        <Data name="Establishment_Name">
          <value/>
        </Data>
        <Data name="Category_EST">
          <value>Hotel </value>
        </Data>
        <Data name="Search_Location">
          <value/>
        </Data>
        <Data name="Search_Latitude">
          <value/>
        </Data>
        <Data name="Search_Longitude">
          <value/>
        </Data>
      </ExtendedData>
      <Point>
        <coordinates>
          73.5530434,19.9171137,0
        </coordinates>
      </Point>
    </Placemark>
    <Placemark>
      <name/>
      <description><![CDATA[Source_File: Trimbakeshwar_establishments.xlsx<br>Source_Sheet: Sheet1<br>Place_ID: ChIJD1QXmD713TsRtAQ9RFVy4IE<br>Address: AT, PO, Tal - Trimbakeshwar, Amboli, Trimbak, Maharashtra 422212, India<br>Latitude: 19.9770567<br>Longitude: 73.4917087<br>Google_Maps: https://maps.google.com/?cid=9358605736218526900&g_mp=Cidnb29nbGUubWFwcy5wbGFjZXMudjEuUGxhY2VzLlNlYXJjaFRleHQQAhgEIAA<br>Business_Status: OPERATIONAL<br>Rating: 4.8<br>User_Rating_Count: 22<br>Primary_Type: service<br>Types: point_of_interest, service, establishment<br>Establishment_Category: <br>Waypoint: <br>Waypoint_Latitude: <br>Waypoint_Longitude: <br>Establishment_Type: hotels accommodation<br>Search_Term: <br>Establishment_Name: Bayleaf Villa<br>Category_EST: Hotel <br>Search_Location: Trimbakeshwar, Maharashtra, India<br>Search_Latitude: 19.932<br>Search_Longitude: 73.53]]></description>
      <styleUrl>#icon-1899-3949AB</styleUrl>
      <ExtendedData>
        <Data name="Source_File">
          <value>Trimbakeshwar_establishments.xlsx</value>
        </Data>
        <Data name="Source_Sheet">
          <value>Sheet1</value>
        </Data>
        <Data name="Place_ID">
          <value>ChIJD1QXmD713TsRtAQ9RFVy4IE</value>
        </Data>
        <Data name="Address">
          <value>AT, PO, Tal - Trimbakeshwar, Amboli, Trimbak, Maharashtra 422212, India</value>
        </Data>
        <Data name="Latitude">
          <value>19.9770567</value>
        </Data>
        <Data name="Longitude">
          <value>73.4917087</value>
        </Data>
        <Data name="Google_Maps">
          <value><![CDATA[https://maps.google.com/?cid=9358605736218526900&g_mp=Cidnb29nbGUubWFwcy5wbGFjZXMudjEuUGxhY2VzLlNlYXJjaFRleHQQAhgEIAA]]></value>
        </Data>
        <Data name="Business_Status">
          <value>OPERATIONAL</value>
        </Data>
        <Data name="Rating">
          <value>4.8</value>
        </Data>
        <Data name="User_Rating_Count">
          <value>22.0</value>
        </Data>
        <Data name="Primary_Type">
          <value>service</value>
        </Data>
        <Data name="Types">
          <value>point_of_interest, service, establishment</value>
        </Data>
        <Data name="Establishment_Category">
          <value/>
        </Data>
        <Data name="Waypoint">
          <value/>
        </Data>
        <Data name="Waypoint_Latitude">
          <value/>
        </Data>
        <Data name="Waypoint_Longitude">
          <value/>
        </Data>
        <Data name="Establishment_Type">
          <value>hotels accommodation</value>
        </Data>
        <Data name="Search_Term">
          <value/>
        </Data>
        <Data name="Establishment_Name">
          <value>Bayleaf Villa</value>
        </Data>
        <Data name="Category_EST">
          <value>Hotel </value>
        </Data>
        <Data name="Search_Location">
          <value>Trimbakeshwar, Maharashtra, India</value>
        </Data>
        <Data name="Search_Latitude">
          <value>19.9322</value>
        </Data>
        <Data name="Search_Longitude">
          <value>73.53</value>
        </Data>
      </ExtendedData>
      <Point>
        <coordinates>
          73.4917087,19.9770567,0
        </coordinates>
      </Point>
    </Placemark>
    <Placemark>
      <name/>
      <description><![CDATA[Source_File: Trimbakeshwar_establishments.xlsx<br>Source_Sheet: Sheet1<br>Place_ID: ChIJdcilsdH13TsRUvj_QZlAp0Q<br>Address: TRIMBAKESHWAR JAWHAR ROAD, Amboli, Trimbak, Amboli, Maharashtra 422212, India<br>Latitude: 19.9780334<br>Longitude: 73.4885175<br>Google_Maps: https://maps.google.com/?cid=4946993742671247442&g_mp=Cidnb29nbGUubWFwcy5wbGFjZXMudjEuUGxhY2VzLlNlYXJjaFRleHQQAhgEIAA<br>Business_Status: OPERATIONAL<br>Rating: 4.7<br>User_Rating_Count: 7<br>Primary_Type: farmstay<br>Types: farmstay, extended_stay_hotel, hotel, lodging, point_of_interest, establishment<br>Establishment_Category: <br>Waypoint: <br>Waypoint_Latitude: <br>Waypoint_Longitude: <br>Establishment_Type: hotels accommodation<br>Search_Term: <br>Establishment_Name: GREENWOOD FARM STAY<br>Category_EST: Hotel <br>Search_Location: Trimbakeshwar, Maharashtra, India<br>Search_Latitude: 19.932<br>Search_Longitude: 73.53]]></description>
      <styleUrl>#icon-1899-3949AB</styleUrl>
      <ExtendedData>
        <Data name="Source_File">
          <value>Trimbakeshwar_establishments.xlsx</value>
        </Data>
        <Data name="Source_Sheet">
          <value>Sheet1</value>
        </Data>
        <Data name="Place_ID">
          <value>ChIJdcilsdH13TsRUvj_QZlAp0Q</value>
        </Data>
        <Data name="Address">
          <value>TRIMBAKESHWAR JAWHAR ROAD, Amboli, Trimbak, Amboli, Maharashtra 422212, India</value>
        </Data>
        <Data name="Latitude">
          <value>19.9780334</value>
        </Data>
        <Data name="Longitude">
          <value>73.4885175</value>
        </Data>
        <Data name="Google_Maps">
          <value><![CDATA[https://maps.google.com/?cid=4946993742671247442&g_mp=Cidnb29nbGUubWFwcy5wbGFjZXMudjEuUGxhY2VzLlNlYXJjaFRleHQQAhgEIAA]]></value>
        </Data>
        <Data name="Business_Status">
          <value>OPERATIONAL</value>
        </Data>
        <Data name="Rating">
          <value>4.7</value>
        </Data>
        <Data name="User_Rating_Count">
          <value>7.0</value>
        </Data>
        <Data name="Primary_Type">
          <value>farmstay</value>
        </Data>
        <Data name="Types">
          <value>farmstay, extended_stay_hotel, hotel, lodging, point_of_interest, establishment</value>
        </Data>
        <Data name="Establishment_Category">
          <value/>
        </Data>
        <Data name="Waypoint">
          <value/>
        </Data>
        <Data name="Waypoint_Latitude">
          <value/>
        </Data>
        <Data name="Waypoint_Longitude">
          <value/>
        </Data>
        <Data name="Establishment_Type">
          <value>hotels accommodation</value>
        </Data>
        <Data name="Search_Term">
          <value/>
        </Data>
        <Data name="Establishment_Name">
          <value>GREENWOOD FARM STAY</value>
        </Data>
        <Data name="Category_EST">
          <value>Hotel </value>
        </Data>
        <Data name="Search_Location">
          <value>Trimbakeshwar, Maharashtra, India</value>
        </Data>
        <Data name="Search_Latitude">
          <value>19.9322</value>
        </Data>
        <Data name="Search_Longitude">
          <value>73.53</value>
        </Data>
      </ExtendedData>
      <Point>
        <coordinates>
          73.4885175,19.9780334,0
        </coordinates>
      </Point>
    </Placemark>
    <Placemark>
      <name/>
      <description><![CDATA[Source_File: Trimbakeshwar_establishments.xlsx<br>Source_Sheet: Sheet1<br>Place_ID: ChIJ9eucCQD13TsRpVomgze75Os<br>Address: WGPR+M49, Trimbak, Maharashtra 422212, India<br>Latitude: 19.9365533<br>Longitude: 73.5403183<br>Google_Maps: https://maps.google.com/?cid=16997916740701018789&g_mp=Cidnb29nbGUubWFwcy5wbGFjZXMudjEuUGxhY2VzLlNlYXJjaFRleHQQAhgEIAA<br>Business_Status: OPERATIONAL<br>Rating: 4.7<br>User_Rating_Count: 12<br>Primary_Type: private_guest_room<br>Types: private_guest_room, lodging, point_of_interest, establishment<br>Establishment_Category: <br>Waypoint: <br>Waypoint_Latitude: <br>Waypoint_Longitude: <br>Establishment_Type: hotels accommodation<br>Search_Term: <br>Establishment_Name: Jyotirlinga Home Stay<br>Category_EST: Hotel <br>Search_Location: Trimbakeshwar, Maharashtra, India<br>Search_Latitude: 19.932<br>Search_Longitude: 73.53]]></description>
      <styleUrl>#icon-1899-3949AB</styleUrl>
      <ExtendedData>
        <Data name="Source_File">
          <value>Trimbakeshwar_establishments.xlsx</value>
        </Data>
        <Data name="Source_Sheet">
          <value>Sheet1</value>
        </Data>
        <Data name="Place_ID">
          <value>ChIJ9eucCQD13TsRpVomgze75Os</value>
        </Data>
        <Data name="Address">
          <value>WGPR+M49, Trimbak, Maharashtra 422212, India</value>
        </Data>
        <Data name="Latitude">
          <value>19.9365533</value>
        </Data>
        <Data name="Longitude">
          <value>73.5403183</value>
        </Data>
        <Data name="Google_Maps">
          <value><![CDATA[https://maps.google.com/?cid=16997916740701018789&g_mp=Cidnb29nbGUubWFwcy5wbGFjZXMudjEuUGxhY2VzLlNlYXJjaFRleHQQAhgEIAA]]></value>
        </Data>
        <Data name="Business_Status">
          <value>OPERATIONAL</value>
        </Data>
        <Data name="Rating">
          <value>4.7</value>
        </Data>
        <Data name="User_Rating_Count">
          <value>12.0</value>
        </Data>
        <Data name="Primary_Type">
          <value>private_guest_room</value>
        </Data>
        <Data name="Types">
          <value>private_guest_room, lodging, point_of_interest, establishment</value>
        </Data>
        <Data name="Establishment_Category">
          <value/>
        </Data>
        <Data name="Waypoint">
          <value/>
        </Data>
        <Data name="Waypoint_Latitude">
          <value/>
        </Data>
        <Data name="Waypoint_Longitude">
          <value/>
        </Data>
        <Data name="Establishment_Type">
          <value>hotels accommodation</value>
        </Data>
        <Data name="Search_Term">
          <value/>
        </Data>
        <Data name="Establishment_Name">
          <value>Jyotirlinga Home Stay</value>
        </Data>
        <Data name="Category_EST">
          <value>Hotel </value>
        </Data>
        <Data name="Search_Location">
          <value>Trimbakeshwar, Maharashtra, India</value>
        </Data>
        <Data name="Search_Latitude">
          <value>19.9322</value>
        </Data>
        <Data name="Search_Longitude">
          <value>73.53</value>
        </Data>
      </ExtendedData>
      <Point>
        <coordinates>
          73.5403183,19.9365533,0
        </coordinates>
      </Point>
    </Placemark>
    <Placemark>
      <name/>
      <description><![CDATA[Source_File: Trimbakeshwar_establishments.xlsx<br>Source_Sheet: Sheet1<br>Place_ID: ChIJPQ5naV_z3TsRDzQJoRfV2YM<br>Address: WHXM+58G, Anjaneri, Maharashtra 422213, India<br>Latitude: 19.9479375<br>Longitude: 73.5833125<br>Google_Maps: https://maps.google.com/?cid=9500859186377470991&g_mp=Cidnb29nbGUubWFwcy5wbGFjZXMudjEuUGxhY2VzLlNlYXJjaFRleHQQAhgEIAA<br>Business_Status: OPERATIONAL<br>Rating: 4.9<br>User_Rating_Count: 34<br>Primary_Type: service<br>Types: service, point_of_interest, establishment<br>Establishment_Category: <br>Waypoint: <br>Waypoint_Latitude: <br>Waypoint_Longitude: <br>Establishment_Type: hotels accommodation<br>Search_Term: <br>Establishment_Name: SaffronStays Aamelia by the Hills - Villa in Nashik<br>Category_EST: Hotel <br>Search_Location: Trimbakeshwar, Maharashtra, India<br>Search_Latitude: 19.932<br>Search_Longitude: 73.53]]></description>
      <styleUrl>#icon-1899-3949AB</styleUrl>
      <ExtendedData>
        <Data name="Source_File">
          <value>Trimbakeshwar_establishments.xlsx</value>
        </Data>
        <Data name="Source_Sheet">
          <value>Sheet1</value>
        </Data>
        <Data name="Place_ID">
          <value>ChIJPQ5naV_z3TsRDzQJoRfV2YM</value>
        </Data>
        <Data name="Address">
          <value>WHXM+58G, Anjaneri, Maharashtra 422213, India</value>
        </Data>
        <Data name="Latitude">
          <value>19.9479375</value>
        </Data>
        <Data name="Longitude">
          <value>73.5833125</value>
        </Data>
        <Data name="Google_Maps">
          <value><![CDATA[https://maps.google.com/?cid=9500859186377470991&g_mp=Cidnb29nbGUubWFwcy5wbGFjZXMudjEuUGxhY2VzLlNlYXJjaFRleHQQAhgEIAA]]></value>
        </Data>
        <Data name="Business_Status">
          <value>OPERATIONAL</value>
        </Data>
        <Data name="Rating">
          <value>4.9</value>
        </Data>
        <Data name="User_Rating_Count">
          <value>34.0</value>
        </Data>
        <Data name="Primary_Type">
          <value>service</value>
        </Data>
        <Data name="Types">
          <value>service, point_of_interest, establishment</value>
        </Data>
        <Data name="Establishment_Category">
          <value/>
        </Data>
        <Data name="Waypoint">
          <value/>
        </Data>
        <Data name="Waypoint_Latitude">
          <value/>
        </Data>
        <Data name="Waypoint_Longitude">
          <value/>
        </Data>
        <Data name="Establishment_Type">
          <value>hotels accommodation</value>
        </Data>
        <Data name="Search_Term">
          <value/>
        </Data>
        <Data name="Establishment_Name">
          <value>SaffronStays Aamelia by the Hills - Villa in Nashik</value>
        </Data>
        <Data name="Category_EST">
          <value>Hotel </value>
        </Data>
        <Data name="Search_Location">
          <value>Trimbakeshwar, Maharashtra, India</value>
        </Data>
        <Data name="Search_Latitude">
          <value>19.9322</value>
        </Data>
        <Data name="Search_Longitude">
          <value>73.53</value>
        </Data>
      </ExtendedData>
      <Point>
        <coordinates>
          73.5833125,19.9479375,0
        </coordinates>
      </Point>
    </Placemark>
    <Placemark>
      <name/>
      <description><![CDATA[Source_File: Trimbakeshwar_establishments.xlsx<br>Source_Sheet: Sheet1<br>Place_ID: ChIJI81KBmmL3TsRuiVLfHFjYkE<br>Address: Unit No. 37, Stone Ridge Valley, Bhilmal Trimbakeshwar, Bhilmal, Maharashtra 422212, India<br>Latitude: 19.9190382<br>Longitude: 73.5538957<br>Google_Maps: https://maps.google.com/?cid=4711437499250714042&g_mp=Cidnb29nbGUubWFwcy5wbGFjZXMudjEuUGxhY2VzLlNlYXJjaFRleHQQAhgEIAA<br>Business_Status: OPERATIONAL<br>Rating: 3.8<br>User_Rating_Count: 48<br>Primary_Type: service<br>Types: farmstay, cottage, hotel, farm, lodging, point_of_interest, service, establishment<br>Establishment_Category: <br>Waypoint: <br>Waypoint_Latitude: <br>Waypoint_Longitude: <br>Establishment_Type: hotels accommodation<br>Search_Term: <br>Establishment_Name: StayVista at Bael Leaf<br>Category_EST: Hotel <br>Search_Location: Trimbakeshwar, Maharashtra, India<br>Search_Latitude: 19.932<br>Search_Longitude: 73.53]]></description>
      <styleUrl>#icon-1899-3949AB</styleUrl>
      <ExtendedData>
        <Data name="Source_File">
          <value>Trimbakeshwar_establishments.xlsx</value>
        </Data>
        <Data name="Source_Sheet">
          <value>Sheet1</value>
        </Data>
        <Data name="Place_ID">
          <value>ChIJI81KBmmL3TsRuiVLfHFjYkE</value>
        </Data>
        <Data name="Address">
          <value>Unit No. 37, Stone Ridge Valley, Bhilmal Trimbakeshwar, Bhilmal, Maharashtra 422212, India</value>
        </Data>
        <Data name="Latitude">
          <value>19.9190382</value>
        </Data>
        <Data name="Longitude">
          <value>73.5538957</value>
        </Data>
        <Data name="Google_Maps">
          <value><![CDATA[https://maps.google.com/?cid=4711437499250714042&g_mp=Cidnb29nbGUubWFwcy5wbGFjZXMudjEuUGxhY2VzLlNlYXJjaFRleHQQAhgEIAA]]></value>
        </Data>
        <Data name="Business_Status">
          <value>OPERATIONAL</value>
        </Data>
        <Data name="Rating">
          <value>3.8</value>
        </Data>
        <Data name="User_Rating_Count">
          <value>48.0</value>
        </Data>
        <Data name="Primary_Type">
          <value>service</value>
        </Data>
        <Data name="Types">
          <value>farmstay, cottage, hotel, farm, lodging, point_of_interest, service, establishment</value>
        </Data>
        <Data name="Establishment_Category">
          <value/>
        </Data>
        <Data name="Waypoint">
          <value/>
        </Data>
        <Data name="Waypoint_Latitude">
          <value/>
        </Data>
        <Data name="Waypoint_Longitude">
          <value/>
        </Data>
        <Data name="Establishment_Type">
          <value>hotels accommodation</value>
        </Data>
        <Data name="Search_Term">
          <value/>
        </Data>
        <Data name="Establishment_Name">
          <value>StayVista at Bael Leaf</value>
        </Data>
        <Data name="Category_EST">
          <value>Hotel </value>
        </Data>
        <Data name="Search_Location">
          <value>Trimbakeshwar, Maharashtra, India</value>
        </Data>
        <Data name="Search_Latitude">
          <value>19.9322</value>
        </Data>
        <Data name="Search_Longitude">
          <value>73.53</value>
        </Data>
      </ExtendedData>
      <Point>
        <coordinates>
          73.5538957,19.9190382,0
        </coordinates>
      </Point>
    </Placemark>
    <Placemark>
      <name/>
      <description><![CDATA[Source_File: Trimbakeshwar_establishments.xlsx<br>Source_Sheet: Sheet1<br>Place_ID: ChIJSQwojjPz3TsR5I-W-4Zm1h8<br>Address: AP Post-Chakore, The Banyan Tree Retreat Green Village Farm Houses, Oppo Gajarwadi, Beje Fata, Trimbakeshwar Road, Chokore, Maharashtra 422213, India<br>Latitude: 19.97758<br>Longitude: 73.585381<br>Google_Maps: https://maps.google.com/?cid=2294133790124445668&g_mp=Cidnb29nbGUubWFwcy5wbGFjZXMudjEuUGxhY2VzLlNlYXJjaFRleHQQAhgEIAA<br>Business_Status: OPERATIONAL<br>Rating: 4.8<br>User_Rating_Count: 24<br>Primary_Type: service<br>Types: bed_and_breakfast, cottage, inn, resort_hotel, hotel, lodging, point_of_interest, service, establishment<br>Establishment_Category: <br>Waypoint: <br>Waypoint_Latitude: <br>Waypoint_Longitude: <br>Establishment_Type: hotels accommodation<br>Search_Term: <br>Establishment_Name: StayVista at Banyan Nirvana Villa | Premium Villa with Pool in Nashik<br>Category_EST: Hotel <br>Search_Location: Trimbakeshwar, Maharashtra, India<br>Search_Latitude: 19.932<br>Search_Longitude: 73.53]]></description>
      <styleUrl>#icon-1899-3949AB</styleUrl>
      <ExtendedData>
        <Data name="Source_File">
          <value>Trimbakeshwar_establishments.xlsx</value>
        </Data>
        <Data name="Source_Sheet">
          <value>Sheet1</value>
        </Data>
        <Data name="Place_ID">
          <value>ChIJSQwojjPz3TsR5I-W-4Zm1h8</value>
        </Data>
        <Data name="Address">
          <value>AP Post-Chakore, The Banyan Tree Retreat Green Village Farm Houses, Oppo Gajarwadi, Beje Fata, Trimbakeshwar Road, Chokore, Maharashtra 422213, India</value>
        </Data>
        <Data name="Latitude">
          <value>19.97758</value>
        </Data>
        <Data name="Longitude">
          <value>73.585381</value>
        </Data>
        <Data name="Google_Maps">
          <value><![CDATA[https://maps.google.com/?cid=2294133790124445668&g_mp=Cidnb29nbGUubWFwcy5wbGFjZXMudjEuUGxhY2VzLlNlYXJjaFRleHQQAhgEIAA]]></value>
        </Data>
        <Data name="Business_Status">
          <value>OPERATIONAL</value>
        </Data>
        <Data name="Rating">
          <value>4.8</value>
        </Data>
        <Data name="User_Rating_Count">
          <value>24.0</value>
        </Data>
        <Data name="Primary_Type">
          <value>service</value>
        </Data>
        <Data name="Types">
          <value>bed_and_breakfast, cottage, inn, resort_hotel, hotel, lodging, point_of_interest, service, establishment</value>
        </Data>
        <Data name="Establishment_Category">
          <value/>
        </Data>
        <Data name="Waypoint">
          <value/>
        </Data>
        <Data name="Waypoint_Latitude">
          <value/>
        </Data>
        <Data name="Waypoint_Longitude">
          <value/>
        </Data>
        <Data name="Establishment_Type">
          <value>hotels accommodation</value>
        </Data>
        <Data name="Search_Term">
          <value/>
        </Data>
        <Data name="Establishment_Name">
          <value>StayVista at Banyan Nirvana Villa | Premium Villa with Pool in Nashik</value>
        </Data>
        <Data name="Category_EST">
          <value>Hotel </value>
        </Data>
        <Data name="Search_Location">
          <value>Trimbakeshwar, Maharashtra, India</value>
        </Data>
        <Data name="Search_Latitude">
          <value>19.9322</value>
        </Data>
        <Data name="Search_Longitude">
          <value>73.53</value>
        </Data>
      </ExtendedData>
      <Point>
        <coordinates>
          73.585381,19.97758,0
        </coordinates>
      </Point>
    </Placemark>
    <Placemark>
      <name/>
      <description><![CDATA[Source_File: Trimbakeshwar_establishments.xlsx<br>Source_Sheet: Sheet1<br>Place_ID: ChIJdTUVtGX13TsRnu_oCSoIiog<br>Address: Trimbakeshwar, Amboli, Trimbak, Maharashtra 422212, India<br>Latitude: 19.9796149<br>Longitude: 73.4843102<br>Google_Maps: https://maps.google.com/?cid=9838685312592179102&g_mp=Cidnb29nbGUubWFwcy5wbGFjZXMudjEuUGxhY2VzLlNlYXJjaFRleHQQAhgEIAA<br>Business_Status: OPERATIONAL<br>Rating: 4.9<br>User_Rating_Count: 26<br>Primary_Type: service<br>Types: cottage, farmstay, hotel, farm, lodging, service, point_of_interest, establishment<br>Establishment_Category: <br>Waypoint: <br>Waypoint_Latitude: <br>Waypoint_Longitude: <br>Establishment_Type: hotels accommodation<br>Search_Term: <br>Establishment_Name: StayVista at Bayleaf Villa<br>Category_EST: Hotel <br>Search_Location: Trimbakeshwar, Maharashtra, India<br>Search_Latitude: 19.932<br>Search_Longitude: 73.53]]></description>
      <styleUrl>#icon-1899-3949AB</styleUrl>
      <ExtendedData>
        <Data name="Source_File">
          <value>Trimbakeshwar_establishments.xlsx</value>
        </Data>
        <Data name="Source_Sheet">
          <value>Sheet1</value>
        </Data>
        <Data name="Place_ID">
          <value>ChIJdTUVtGX13TsRnu_oCSoIiog</value>
        </Data>
        <Data name="Address">
          <value>Trimbakeshwar, Amboli, Trimbak, Maharashtra 422212, India</value>
        </Data>
        <Data name="Latitude">
          <value>19.9796149</value>
        </Data>
        <Data name="Longitude">
          <value>73.4843102</value>
        </Data>
        <Data name="Google_Maps">
          <value><![CDATA[https://maps.google.com/?cid=9838685312592179102&g_mp=Cidnb29nbGUubWFwcy5wbGFjZXMudjEuUGxhY2VzLlNlYXJjaFRleHQQAhgEIAA]]></value>
        </Data>
        <Data name="Business_Status">
          <value>OPERATIONAL</value>
        </Data>
        <Data name="Rating">
          <value>4.9</value>
        </Data>
        <Data name="User_Rating_Count">
          <value>26.0</value>
        </Data>
        <Data name="Primary_Type">
          <value>service</value>
        </Data>
        <Data name="Types">
          <value>cottage, farmstay, hotel, farm, lodging, service, point_of_interest, establishment</value>
        </Data>
        <Data name="Establishment_Category">
          <value/>
        </Data>
        <Data name="Waypoint">
          <value/>
        </Data>
        <Data name="Waypoint_Latitude">
          <value/>
        </Data>
        <Data name="Waypoint_Longitude">
          <value/>
        </Data>
        <Data name="Establishment_Type">
          <value>hotels accommodation</value>
        </Data>
        <Data name="Search_Term">
          <value/>
        </Data>
        <Data name="Establishment_Name">
          <value>StayVista at Bayleaf Villa</value>
        </Data>
        <Data name="Category_EST">
          <value>Hotel </value>
        </Data>
        <Data name="Search_Location">
          <value>Trimbakeshwar, Maharashtra, India</value>
        </Data>
        <Data name="Search_Latitude">
          <value>19.9322</value>
        </Data>
        <Data name="Search_Longitude">
          <value>73.53</value>
        </Data>
      </ExtendedData>
      <Point>
        <coordinates>
          73.4843102,19.9796149,0
        </coordinates>
      </Point>
    </Placemark>
    <Placemark>
      <name/>
      <description><![CDATA[Source_File: Trimbakeshwar_establishments.xlsx<br>Source_Sheet: Sheet1<br>Place_ID: ChIJ2wNdnfnz3TsRroFVy8IOiho<br>Address: Wellness Farms, Beze, Maharashtra 422213, India<br>Latitude: 19.980542<br>Longitude: 73.574436<br>Google_Maps: https://maps.google.com/?cid=1912357221570019758&g_mp=Cidnb29nbGUubWFwcy5wbGFjZXMudjEuUGxhY2VzLlNlYXJjaFRleHQQAhgEIAA<br>Business_Status: OPERATIONAL<br>Rating: 5<br>User_Rating_Count: 3<br>Primary_Type: service<br>Types: private_guest_room, bed_and_breakfast, cottage, inn, hotel, motel, lodging, point_of_interest, service, establishment<br>Establishment_Category: <br>Waypoint: <br>Waypoint_Latitude: <br>Waypoint_Longitude: <br>Establishment_Type: hotels accommodation<br>Search_Term: <br>Establishment_Name: StayVista at SeaEra The Retreat<br>Category_EST: Hotel <br>Search_Location: Trimbakeshwar, Maharashtra, India<br>Search_Latitude: 19.932<br>Search_Longitude: 73.53]]></description>
      <styleUrl>#icon-1899-3949AB</styleUrl>
      <ExtendedData>
        <Data name="Source_File">
          <value>Trimbakeshwar_establishments.xlsx</value>
        </Data>
        <Data name="Source_Sheet">
          <value>Sheet1</value>
        </Data>
        <Data name="Place_ID">
          <value>ChIJ2wNdnfnz3TsRroFVy8IOiho</value>
        </Data>
        <Data name="Address">
          <value>Wellness Farms, Beze, Maharashtra 422213, India</value>
        </Data>
        <Data name="Latitude">
          <value>19.980542</value>
        </Data>
        <Data name="Longitude">
          <value>73.574436</value>
        </Data>
        <Data name="Google_Maps">
          <value><![CDATA[https://maps.google.com/?cid=1912357221570019758&g_mp=Cidnb29nbGUubWFwcy5wbGFjZXMudjEuUGxhY2VzLlNlYXJjaFRleHQQAhgEIAA]]></value>
        </Data>
        <Data name="Business_Status">
          <value>OPERATIONAL</value>
        </Data>
        <Data name="Rating">
          <value>5.0</value>
        </Data>
        <Data name="User_Rating_Count">
          <value>3.0</value>
        </Data>
        <Data name="Primary_Type">
          <value>service</value>
        </Data>
        <Data name="Types">
          <value>private_guest_room, bed_and_breakfast, cottage, inn, hotel, motel, lodging, point_of_interest, service, establishment</value>
        </Data>
        <Data name="Establishment_Category">
          <value/>
        </Data>
        <Data name="Waypoint">
          <value/>
        </Data>
        <Data name="Waypoint_Latitude">
          <value/>
        </Data>
        <Data name="Waypoint_Longitude">
          <value/>
        </Data>
        <Data name="Establishment_Type">
          <value>hotels accommodation</value>
        </Data>
        <Data name="Search_Term">
          <value/>
        </Data>
        <Data name="Establishment_Name">
          <value>StayVista at SeaEra The Retreat</value>
        </Data>
        <Data name="Category_EST">
          <value>Hotel </value>
        </Data>
        <Data name="Search_Location">
          <value>Trimbakeshwar, Maharashtra, India</value>
        </Data>
        <Data name="Search_Latitude">
          <value>19.9322</value>
        </Data>
        <Data name="Search_Longitude">
          <value>73.53</value>
        </Data>
      </ExtendedData>
      <Point>
        <coordinates>
          73.574436,19.980542,0
        </coordinates>
      </Point>
    </Placemark>
    <Placemark>
      <name/>
      <description><![CDATA[Source_File: Trimbakeshwar_establishments.xlsx<br>Source_Sheet: Sheet1<br>Place_ID: ChIJtUU23I3z3TsRe_bZENND2Is<br>Address: Green Village, near Banyan Bliss Villa, Beze, Chokore, Maharashtra 422213, India<br>Latitude: 19.978306<br>Longitude: 73.586444<br>Google_Maps: https://maps.google.com/?cid=10076878740041365115&g_mp=Cidnb29nbGUubWFwcy5wbGFjZXMudjEuUGxhY2VzLlNlYXJjaFRleHQQAhgEIAA<br>Business_Status: OPERATIONAL<br>Rating: 5<br>User_Rating_Count: 2<br>Primary_Type: service<br>Types: cottage, camping_cabin, campground, lodging, point_of_interest, service, establishment<br>Establishment_Category: <br>Waypoint: <br>Waypoint_Latitude: <br>Waypoint_Longitude: <br>Establishment_Type: hotels accommodation<br>Search_Term: <br>Establishment_Name: StayVista at Starlight Springs<br>Category_EST: Hotel <br>Search_Location: Trimbakeshwar, Maharashtra, India<br>Search_Latitude: 19.932<br>Search_Longitude: 73.53]]></description>
      <styleUrl>#icon-1899-3949AB</styleUrl>
      <ExtendedData>
        <Data name="Source_File">
          <value>Trimbakeshwar_establishments.xlsx</value>
        </Data>
        <Data name="Source_Sheet">
          <value>Sheet1</value>
        </Data>
        <Data name="Place_ID">
          <value>ChIJtUU23I3z3TsRe_bZENND2Is</value>
        </Data>
        <Data name="Address">
          <value>Green Village, near Banyan Bliss Villa, Beze, Chokore, Maharashtra 422213, India</value>
        </Data>
        <Data name="Latitude">
          <value>19.978306</value>
        </Data>
        <Data name="Longitude">
          <value>73.586444</value>
        </Data>
        <Data name="Google_Maps">
          <value><![CDATA[https://maps.google.com/?cid=10076878740041365115&g_mp=Cidnb29nbGUubWFwcy5wbGFjZXMudjEuUGxhY2VzLlNlYXJjaFRleHQQAhgEIAA]]></value>
        </Data>
        <Data name="Business_Status">
          <value>OPERATIONAL</value>
        </Data>
        <Data name="Rating">
          <value>5.0</value>
        </Data>
        <Data name="User_Rating_Count">
          <value>2.0</value>
        </Data>
        <Data name="Primary_Type">
          <value>service</value>
        </Data>
        <Data name="Types">
          <value>cottage, camping_cabin, campground, lodging, point_of_interest, service, establishment</value>
        </Data>
        <Data name="Establishment_Category">
          <value/>
        </Data>
        <Data name="Waypoint">
          <value/>
        </Data>
        <Data name="Waypoint_Latitude">
          <value/>
        </Data>
        <Data name="Waypoint_Longitude">
          <value/>
        </Data>
        <Data name="Establishment_Type">
          <value>hotels accommodation</value>
        </Data>
        <Data name="Search_Term">
          <value/>
        </Data>
        <Data name="Establishment_Name">
          <value>StayVista at Starlight Springs</value>
        </Data>
        <Data name="Category_EST">
          <value>Hotel </value>
        </Data>
        <Data name="Search_Location">
          <value>Trimbakeshwar, Maharashtra, India</value>
        </Data>
        <Data name="Search_Latitude">
          <value>19.9322</value>
        </Data>
        <Data name="Search_Longitude">
          <value>73.53</value>
        </Data>
      </ExtendedData>
      <Point>
        <coordinates>
          73.586444,19.978306,0
        </coordinates>
      </Point>
    </Placemark>
    <Placemark>
      <name/>
      <description><![CDATA[Source_File: Trimbakeshwar_establishments.xlsx<br>Source_Sheet: Sheet1<br>Place_ID: ChIJ3QQpuxP13TsRnTaVLKyxPRs<br>Address: Row house, no. 1, Sukhada Nivas, near Paawan Ganesh temple, Trimbak, Maharashtra 422212, India<br>Latitude: 19.9423486<br>Longitude: 73.5474613<br>Google_Maps: https://maps.google.com/?cid=1962920365643871901&g_mp=Cidnb29nbGUubWFwcy5wbGFjZXMudjEuUGxhY2VzLlNlYXJjaFRleHQQAhgEIAA<br>Business_Status: OPERATIONAL<br>Rating: 4.8<br>User_Rating_Count: 8<br>Primary_Type: guest_house<br>Types: guest_house, lodging, point_of_interest, establishment<br>Establishment_Category: <br>Waypoint: <br>Waypoint_Latitude: <br>Waypoint_Longitude: <br>Establishment_Type: hotels accommodation<br>Search_Term: <br>Establishment_Name: Sukhada Niwas<br>Category_EST: Hotel <br>Search_Location: Trimbakeshwar, Maharashtra, India<br>Search_Latitude: 19.932<br>Search_Longitude: 73.53]]></description>
      <styleUrl>#icon-1899-3949AB</styleUrl>
      <ExtendedData>
        <Data name="Source_File">
          <value>Trimbakeshwar_establishments.xlsx</value>
        </Data>
        <Data name="Source_Sheet">
          <value>Sheet1</value>
        </Data>
        <Data name="Place_ID">
          <value>ChIJ3QQpuxP13TsRnTaVLKyxPRs</value>
        </Data>
        <Data name="Address">
          <value>Row house, no. 1, Sukhada Nivas, near Paawan Ganesh temple, Trimbak, Maharashtra 422212, India</value>
        </Data>
        <Data name="Latitude">
          <value>19.9423486</value>
        </Data>
        <Data name="Longitude">
          <value>73.5474613</value>
        </Data>
        <Data name="Google_Maps">
          <value><![CDATA[https://maps.google.com/?cid=1962920365643871901&g_mp=Cidnb29nbGUubWFwcy5wbGFjZXMudjEuUGxhY2VzLlNlYXJjaFRleHQQAhgEIAA]]></value>
        </Data>
        <Data name="Business_Status">
          <value>OPERATIONAL</value>
        </Data>
        <Data name="Rating">
          <value>4.8</value>
        </Data>
        <Data name="User_Rating_Count">
          <value>8.0</value>
        </Data>
        <Data name="Primary_Type">
          <value>guest_house</value>
        </Data>
        <Data name="Types">
          <value>guest_house, lodging, point_of_interest, establishment</value>
        </Data>
        <Data name="Establishment_Category">
          <value/>
        </Data>
        <Data name="Waypoint">
          <value/>
        </Data>
        <Data name="Waypoint_Latitude">
          <value/>
        </Data>
        <Data name="Waypoint_Longitude">
          <value/>
        </Data>
        <Data name="Establishment_Type">
          <value>hotels accommodation</value>
        </Data>
        <Data name="Search_Term">
          <value/>
        </Data>
        <Data name="Establishment_Name">
          <value>Sukhada Niwas</value>
        </Data>
        <Data name="Category_EST">
          <value>Hotel </value>
        </Data>
        <Data name="Search_Location">
          <value>Trimbakeshwar, Maharashtra, India</value>
        </Data>
        <Data name="Search_Latitude">
          <value>19.9322</value>
        </Data>
        <Data name="Search_Longitude">
          <value>73.53</value>
        </Data>
      </ExtendedData>
      <Point>
        <coordinates>
          73.5474613,19.9423486,0
        </coordinates>
      </Point>
    </Placemark>
    <Placemark>
      <name/>
      <description><![CDATA[Source_File: Trimbakeshwar_establishments.xlsx<br>Source_Sheet: Sheet1<br>Place_ID: ChIJfZZDuVjz3TsRM7uDLVS4y0Y<br>Address: Sunrise Villa By Book Villa Stay, Anjaneri, Maharashtra 422213, India<br>Latitude: 19.9476437<br>Longitude: 73.5725148<br>Google_Maps: https://maps.google.com/?cid=5101373674607590195&g_mp=Cidnb29nbGUubWFwcy5wbGFjZXMudjEuUGxhY2VzLlNlYXJjaFRleHQQAhgEIAA<br>Business_Status: OPERATIONAL<br>Rating: 4.9<br>User_Rating_Count: 33<br>Primary_Type: private_guest_room<br>Types: private_guest_room, lodging, point_of_interest, establishment<br>Establishment_Category: <br>Waypoint: <br>Waypoint_Latitude: <br>Waypoint_Longitude: <br>Establishment_Type: hotels accommodation<br>Search_Term: <br>Establishment_Name: Sunrise Villa By Book Villa Stay<br>Category_EST: Hotel <br>Search_Location: Trimbakeshwar, Maharashtra, India<br>Search_Latitude: 19.932<br>Search_Longitude: 73.53]]></description>
      <styleUrl>#icon-1899-3949AB</styleUrl>
      <ExtendedData>
        <Data name="Source_File">
          <value>Trimbakeshwar_establishments.xlsx</value>
        </Data>
        <Data name="Source_Sheet">
          <value>Sheet1</value>
        </Data>
        <Data name="Place_ID">
          <value>ChIJfZZDuVjz3TsRM7uDLVS4y0Y</value>
        </Data>
        <Data name="Address">
          <value>Sunrise Villa By Book Villa Stay, Anjaneri, Maharashtra 422213, India</value>
        </Data>
        <Data name="Latitude">
          <value>19.9476437</value>
        </Data>
        <Data name="Longitude">
          <value>73.5725148</value>
        </Data>
        <Data name="Google_Maps">
          <value><![CDATA[https://maps.google.com/?cid=5101373674607590195&g_mp=Cidnb29nbGUubWFwcy5wbGFjZXMudjEuUGxhY2VzLlNlYXJjaFRleHQQAhgEIAA]]></value>
        </Data>
        <Data name="Business_Status">
          <value>OPERATIONAL</value>
        </Data>
        <Data name="Rating">
          <value>4.9</value>
        </Data>
        <Data name="User_Rating_Count">
          <value>33.0</value>
        </Data>
        <Data name="Primary_Type">
          <value>private_guest_room</value>
        </Data>
        <Data name="Types">
          <value>private_guest_room, lodging, point_of_interest, establishment</value>
        </Data>
        <Data name="Establishment_Category">
          <value/>
        </Data>
        <Data name="Waypoint">
          <value/>
        </Data>
        <Data name="Waypoint_Latitude">
          <value/>
        </Data>
        <Data name="Waypoint_Longitude">
          <value/>
        </Data>
        <Data name="Establishment_Type">
          <value>hotels accommodation</value>
        </Data>
        <Data name="Search_Term">
          <value/>
        </Data>
        <Data name="Establishment_Name">
          <value>Sunrise Villa By Book Villa Stay</value>
        </Data>
        <Data name="Category_EST">
          <value>Hotel </value>
        </Data>
        <Data name="Search_Location">
          <value>Trimbakeshwar, Maharashtra, India</value>
        </Data>
        <Data name="Search_Latitude">
          <value>19.9322</value>
        </Data>
        <Data name="Search_Longitude">
          <value>73.53</value>
        </Data>
      </ExtendedData>
      <Point>
        <coordinates>
          73.5725148,19.9476437,0
        </coordinates>
      </Point>
    </Placemark>
    <Placemark>
      <name/>
      <description><![CDATA[Source_File: Trimbakeshwar_establishments.xlsx<br>Source_Sheet: Sheet1<br>Place_ID: ChIJlfWSrvj13TsRDnFCOTgXV14<br>Address: WFRQ+GG, Ambai, Talegaon Trimbak, Maharashtra 422212, India<br>Latitude: 19.9413125<br>Longitude: 73.4888125<br>Google_Maps: https://maps.google.com/?cid=6797927692785316110&g_mp=Cidnb29nbGUubWFwcy5wbGFjZXMudjEuUGxhY2VzLlNlYXJjaFRleHQQAhgEIAA<br>Business_Status: OPERATIONAL<br>Rating: 4.6<br>User_Rating_Count: 46<br>Primary_Type: service<br>Types: point_of_interest, service, establishment<br>Establishment_Category: <br>Waypoint: <br>Waypoint_Latitude: <br>Waypoint_Longitude: <br>Establishment_Type: hotels accommodation<br>Search_Term: <br>Establishment_Name: Vaisa Agro Tourism ( Vaisa Farm)<br>Category_EST: Hotel <br>Search_Location: Trimbakeshwar, Maharashtra, India<br>Search_Latitude: 19.932<br>Search_Longitude: 73.53]]></description>
      <styleUrl>#icon-1899-3949AB</styleUrl>
      <ExtendedData>
        <Data name="Source_File">
          <value>Trimbakeshwar_establishments.xlsx</value>
        </Data>
        <Data name="Source_Sheet">
          <value>Sheet1</value>
        </Data>
        <Data name="Place_ID">
          <value>ChIJlfWSrvj13TsRDnFCOTgXV14</value>
        </Data>
        <Data name="Address">
          <value>WFRQ+GG, Ambai, Talegaon Trimbak, Maharashtra 422212, India</value>
        </Data>
        <Data name="Latitude">
          <value>19.9413125</value>
        </Data>
        <Data name="Longitude">
          <value>73.4888125</value>
        </Data>
        <Data name="Google_Maps">
          <value><![CDATA[https://maps.google.com/?cid=6797927692785316110&g_mp=Cidnb29nbGUubWFwcy5wbGFjZXMudjEuUGxhY2VzLlNlYXJjaFRleHQQAhgEIAA]]></value>
        </Data>
        <Data name="Business_Status">
          <value>OPERATIONAL</value>
        </Data>
        <Data name="Rating">
          <value>4.6</value>
        </Data>
        <Data name="User_Rating_Count">
          <value>46.0</value>
        </Data>
        <Data name="Primary_Type">
          <value>service</value>
        </Data>
        <Data name="Types">
          <value>point_of_interest, service, establishment</value>
        </Data>
        <Data name="Establishment_Category">
          <value/>
        </Data>
        <Data name="Waypoint">
          <value/>
        </Data>
        <Data name="Waypoint_Latitude">
          <value/>
        </Data>
        <Data name="Waypoint_Longitude">
          <value/>
        </Data>
        <Data name="Establishment_Type">
          <value>hotels accommodation</value>
        </Data>
        <Data name="Search_Term">
          <value/>
        </Data>
        <Data name="Establishment_Name">
          <value>Vaisa Agro Tourism ( Vaisa Farm)</value>
        </Data>
        <Data name="Category_EST">
          <value>Hotel </value>
        </Data>
        <Data name="Search_Location">
          <value>Trimbakeshwar, Maharashtra, India</value>
        </Data>
        <Data name="Search_Latitude">
          <value>19.9322</value>
        </Data>
        <Data name="Search_Longitude">
          <value>73.53</value>
        </Data>
      </ExtendedData>
      <Point>
        <coordinates>
          73.4888125,19.9413125,0
        </coordinates>
      </Point>
    </Placemark>
  </Document>
</kml>
