<?xml version="1.0" encoding="UTF-8"?>
<kml xmlns="http://www.opengis.net/kml/2.2">
  <Document>
    <name>Industries</name>
    <Style id="icon-1899-0288D1-normal">
      <IconStyle>
        <color>ffd18802</color>
        <scale>1</scale>
        <Icon>
          <href>https://www.gstatic.com/mapspro/images/stock/503-wht-blank_maps.png</href>
        </Icon>
        <hotSpot x="32" xunits="pixels" y="64" yunits="insetPixels"/>
      </IconStyle>
      <LabelStyle>
        <scale>0</scale>
      </LabelStyle>
    </Style>
    <Style id="icon-1899-0288D1-highlight">
      <IconStyle>
        <color>ffd18802</color>
        <scale>1</scale>
        <Icon>
          <href>https://www.gstatic.com/mapspro/images/stock/503-wht-blank_maps.png</href>
        </Icon>
        <hotSpot x="32" xunits="pixels" y="64" yunits="insetPixels"/>
      </IconStyle>
      <LabelStyle>
        <scale>1</scale>
      </LabelStyle>
    </Style>
    <StyleMap id="icon-1899-0288D1">
      <Pair>
        <key>normal</key>
        <styleUrl>#icon-1899-0288D1-normal</styleUrl>
      </Pair>
      <Pair>
        <key>highlight</key>
        <styleUrl>#icon-1899-0288D1-highlight</styleUrl>
      </Pair>
    </StyleMap>
    <Placemark>
      <name>Ramjidas Construction Pvt. Ltd.</name>
      <description><![CDATA[Category: general_contractor<br>Address: 15, Dehbanoo Commercial Complex, Nashik ? Pune Road, Nashik Road, Gayakhe Colony, Nashik Road, Nashik, Maharashtra 422101, India<br>Latitude: 19.9552646<br>Longitude: 73.8354839<br>Place_ID: ChIJ____j6Xq3TsRS2FM9614jl4<br>Source_File: Nashik_nDeolali_Gao_industrial.xlsx]]></description>
      <styleUrl>#icon-1899-0288D1</styleUrl>
      <ExtendedData>
        <Data name="Category">
          <value>general_contractor</value>
        </Data>
        <Data name="Address">
          <value>15, Dehbanoo Commercial Complex, Nashik ? Pune Road, Nashik Road, Gayakhe Colony, Nashik Road, Nashik, Maharashtra 422101, India</value>
        </Data>
        <Data name="Latitude">
          <value>19.9552646</value>
        </Data>
        <Data name="Longitude">
          <value>73.8354839</value>
        </Data>
        <Data name="Place_ID">
          <value>ChIJ____j6Xq3TsRS2FM9614jl4</value>
        </Data>
        <Data name="Source_File">
          <value>Nashik_nDeolali_Gao_industrial.xlsx</value>
        </Data>
      </ExtendedData>
      <Point>
        <coordinates>
          73.8354839,19.9552646,0
        </coordinates>
      </Point>
    </Placemark>
    <Placemark>
      <name>Karda Constructions Ltd - Nashik Road</name>
      <description><![CDATA[Category: general_contractor<br>Address: Sai kripa Commercial Complex, XR2Q+H86, Tilak Rd, Opp Muktidham, Rajwada Nagar, Nashik Road, Nashik, Maharashtra 422101, India<br>Latitude: 19.9514011<br>Longitude: 73.8382628<br>Place_ID: ChIJP5aI6VaV3TsRDV7uS8QSIrA<br>Source_File: Nashik_nDeolali_Gao_industrial.xlsx]]></description>
      <styleUrl>#icon-1899-0288D1</styleUrl>
      <ExtendedData>
        <Data name="Category">
          <value>general_contractor</value>
        </Data>
        <Data name="Address">
          <value>Sai kripa Commercial Complex, XR2Q+H86, Tilak Rd, Opp Muktidham, Rajwada Nagar, Nashik Road, Nashik, Maharashtra 422101, India</value>
        </Data>
        <Data name="Latitude">
          <value>19.9514011</value>
        </Data>
        <Data name="Longitude">
          <value>73.8382628</value>
        </Data>
        <Data name="Place_ID">
          <value>ChIJP5aI6VaV3TsRDV7uS8QSIrA</value>
        </Data>
        <Data name="Source_File">
          <value>Nashik_nDeolali_Gao_industrial.xlsx</value>
        </Data>
      </ExtendedData>
      <Point>
        <coordinates>
          73.8382628,19.9514011,0
        </coordinates>
      </Point>
    </Placemark>
    <Placemark>
      <name>Catapharma House / Tai Bungalow</name>
      <description><![CDATA[Category: manufacturer<br>Address: Near Swimming Pool, Ghadge Nagar, Gayakhe Colony, Nashik Road, Nashik, Maharashtra 422101, India<br>Latitude: 19.9551183<br>Longitude: 73.8298637<br>Place_ID: ChIJ9f3-hU2V3TsRaRXigN2a90I<br>Source_File: Nashik_Deolali_Gaon_Artillery_industrial.xlsx]]></description>
      <styleUrl>#icon-1899-0288D1</styleUrl>
      <ExtendedData>
        <Data name="Category">
          <value>manufacturer</value>
        </Data>
        <Data name="Address">
          <value>Near Swimming Pool, Ghadge Nagar, Gayakhe Colony, Nashik Road, Nashik, Maharashtra 422101, India</value>
        </Data>
        <Data name="Latitude">
          <value>19.9551183</value>
        </Data>
        <Data name="Longitude">
          <value>73.8298637</value>
        </Data>
        <Data name="Place_ID">
          <value>ChIJ9f3-hU2V3TsRaRXigN2a90I</value>
        </Data>
        <Data name="Source_File">
          <value>Nashik_Deolali_Gaon_Artillery_industrial.xlsx</value>
        </Data>
      </ExtendedData>
      <Point>
        <coordinates>
          73.8298637,19.9551183,0
        </coordinates>
      </Point>
    </Placemark>
    <Placemark>
      <name>Techflow Engineers (India) Pvt. Ltd</name>
      <description><![CDATA[Category: manufacturer<br>Address: Star Zone, Bldg. No.1, Office No.2, 3rd floor, Nashik - Pune Hwy, near Passport Seva Kendra, Nashik, Dawkhar Wadi, Nashik Road, Nashik, Maharashtra 422101, India<br>Latitude: 19.9608059<br>Longitude: 73.8281483<br>Place_ID: ChIJRVl-8Py-3TsRbxAbEGFEIYA<br>Source_File: Nashik_Deolali_Gaon_Artillery_industrial.xlsx]]></description>
      <styleUrl>#icon-1899-0288D1</styleUrl>
      <ExtendedData>
        <Data name="Category">
          <value>manufacturer</value>
        </Data>
        <Data name="Address">
          <value>Star Zone, Bldg. No.1, Office No.2, 3rd floor, Nashik - Pune Hwy, near Passport Seva Kendra, Nashik, Dawkhar Wadi, Nashik Road, Nashik, Maharashtra 422101, India</value>
        </Data>
        <Data name="Latitude">
          <value>19.9608059</value>
        </Data>
        <Data name="Longitude">
          <value>73.8281483</value>
        </Data>
        <Data name="Place_ID">
          <value>ChIJRVl-8Py-3TsRbxAbEGFEIYA</value>
        </Data>
        <Data name="Source_File">
          <value>Nashik_Deolali_Gaon_Artillery_industrial.xlsx</value>
        </Data>
      </ExtendedData>
      <Point>
        <coordinates>
          73.8281483,19.9608059,0
        </coordinates>
      </Point>
    </Placemark>
    <Placemark>
      <name>SVAAR Process Solutions Pvt Ltd</name>
      <description><![CDATA[Category: manufacturer<br>Address: Office No S-2, Star Zone Building E, A Wing, 4th Floor, Highway, Nashik - Pune Hwy, Dawkhar Wadi, Nashik Road, Nashik, Maharashtra 422101, India<br>Latitude: 19.9605115<br>Longitude: 73.828502<br>Place_ID: ChIJH4SxF6KV3TsRRFh-Kw-FBQs<br>Source_File: Nashik_Deolali_Gaon_Artillery_industrial.xlsx]]></description>
      <styleUrl>#icon-1899-0288D1</styleUrl>
      <ExtendedData>
        <Data name="Category">
          <value>manufacturer</value>
        </Data>
        <Data name="Address">
          <value>Office No S-2, Star Zone Building E, A Wing, 4th Floor, Highway, Nashik - Pune Hwy, Dawkhar Wadi, Nashik Road, Nashik, Maharashtra 422101, India</value>
        </Data>
        <Data name="Latitude">
          <value>19.9605115</value>
        </Data>
        <Data name="Longitude">
          <value>73.828502</value>
        </Data>
        <Data name="Place_ID">
          <value>ChIJH4SxF6KV3TsRRFh-Kw-FBQs</value>
        </Data>
        <Data name="Source_File">
          <value>Nashik_Deolali_Gaon_Artillery_industrial.xlsx</value>
        </Data>
      </ExtendedData>
      <Point>
        <coordinates>
          73.828502,19.9605115,0
        </coordinates>
      </Point>
    </Placemark>
    <Placemark>
      <name>SMC Corporation (India) Pvt. Ltd.</name>
      <description><![CDATA[Category: manufacturer<br>Address: Gajanan Enclave, 105, near LIC Office Road, opp. Bytco college, Rosa Colony, Nashik Road, Nashik, Maharashtra 422101, India<br>Latitude: 19.9600532<br>Longitude: 73.8320429<br>Place_ID: ChIJ78-J4sLq3TsRlMeom23NvJo<br>Source_File: Nashik_Nashik_Road_industrial.xlsx]]></description>
      <styleUrl>#icon-1899-0288D1</styleUrl>
      <ExtendedData>
        <Data name="Category">
          <value>manufacturer</value>
        </Data>
        <Data name="Address">
          <value>Gajanan Enclave, 105, near LIC Office Road, opp. Bytco college, Rosa Colony, Nashik Road, Nashik, Maharashtra 422101, India</value>
        </Data>
        <Data name="Latitude">
          <value>19.9600532</value>
        </Data>
        <Data name="Longitude">
          <value>73.8320429</value>
        </Data>
        <Data name="Place_ID">
          <value>ChIJ78-J4sLq3TsRlMeom23NvJo</value>
        </Data>
        <Data name="Source_File">
          <value>Nashik_Nashik_Road_industrial.xlsx</value>
        </Data>
      </ExtendedData>
      <Point>
        <coordinates>
          73.8320429,19.9600532,0
        </coordinates>
      </Point>
    </Placemark>
    <Placemark>
      <name>V P Industries</name>
      <description><![CDATA[Category: manufacturer<br>Address: Shop No.4, Singal Road, near Upnagar, opp. Yuvraj Cyber Cafe, Sanjay Gandhi Nagar, Matoshri Nagar, Upnagar, Nashik, Maharashtra 422006, India<br>Latitude: 19.97004<br>Longitude: 73.8210944<br>Place_ID: ChIJn8uo_oHr3TsRAF8HYQ4HbXM<br>Source_File: Nashik_Nashik_Road_industrial.xlsx]]></description>
      <styleUrl>#icon-1899-0288D1</styleUrl>
      <ExtendedData>
        <Data name="Category">
          <value>manufacturer</value>
        </Data>
        <Data name="Address">
          <value>Shop No.4, Singal Road, near Upnagar, opp. Yuvraj Cyber Cafe, Sanjay Gandhi Nagar, Matoshri Nagar, Upnagar, Nashik, Maharashtra 422006, India</value>
        </Data>
        <Data name="Latitude">
          <value>19.97004</value>
        </Data>
        <Data name="Longitude">
          <value>73.8210944</value>
        </Data>
        <Data name="Place_ID">
          <value>ChIJn8uo_oHr3TsRAF8HYQ4HbXM</value>
        </Data>
        <Data name="Source_File">
          <value>Nashik_Nashik_Road_industrial.xlsx</value>
        </Data>
      </ExtendedData>
      <Point>
        <coordinates>
          73.8210944,19.97004,0
        </coordinates>
      </Point>
    </Placemark>
    <Placemark>
      <name>Vishwakarma Power Tools Wholesaler</name>
      <description><![CDATA[Category: manufacturer<br>Address: Shop No 4, Kaushalya Comercial Santhoshi Mata mandir, Tilak Path, near Santoshi Mata Mandir, Rajwada Nagar, Nashik Road, Nashik, Maharashtra 422101, India<br>Latitude: 19.9513598<br>Longitude: 73.8381889<br>Place_ID: ChIJmSo6u2CV3TsRAeIrCjGvspk<br>Source_File: Nashik_Nashik_Road_industrial.xlsx]]></description>
      <styleUrl>#icon-1899-0288D1</styleUrl>
      <ExtendedData>
        <Data name="Category">
          <value>manufacturer</value>
        </Data>
        <Data name="Address">
          <value>Shop No 4, Kaushalya Comercial Santhoshi Mata mandir, Tilak Path, near Santoshi Mata Mandir, Rajwada Nagar, Nashik Road, Nashik, Maharashtra 422101, India</value>
        </Data>
        <Data name="Latitude">
          <value>19.9513598</value>
        </Data>
        <Data name="Longitude">
          <value>73.8381889</value>
        </Data>
        <Data name="Place_ID">
          <value>ChIJmSo6u2CV3TsRAeIrCjGvspk</value>
        </Data>
        <Data name="Source_File">
          <value>Nashik_Nashik_Road_industrial.xlsx</value>
        </Data>
      </ExtendedData>
      <Point>
        <coordinates>
          73.8381889,19.9513598,0
        </coordinates>
      </Point>
    </Placemark>
    <Placemark>
      <name>Shree Udyog</name>
      <description><![CDATA[Category: manufacturer<br>Address: Vyaskrupa, Bytco Factory Motwani Rd, Lokmanyanagar, DattaMandir, Nashik Road, Nashik, Maharashtra 422101, India<br>Latitude: 19.9617224<br>Longitude: 73.8349026<br>Place_ID: ChIJgUrJ_Hvr3TsRNc21CiEzxds<br>Source_File: Nashik_Nashik_Road_industrial.xlsx]]></description>
      <styleUrl>#icon-1899-0288D1</styleUrl>
      <ExtendedData>
        <Data name="Category">
          <value>manufacturer</value>
        </Data>
        <Data name="Address">
          <value>Vyaskrupa, Bytco Factory Motwani Rd, Lokmanyanagar, DattaMandir, Nashik Road, Nashik, Maharashtra 422101, India</value>
        </Data>
        <Data name="Latitude">
          <value>19.9617224</value>
        </Data>
        <Data name="Longitude">
          <value>73.8349026</value>
        </Data>
        <Data name="Place_ID">
          <value>ChIJgUrJ_Hvr3TsRNc21CiEzxds</value>
        </Data>
        <Data name="Source_File">
          <value>Nashik_Nashik_Road_industrial.xlsx</value>
        </Data>
      </ExtendedData>
      <Point>
        <coordinates>
          73.8349026,19.9617224,0
        </coordinates>
      </Point>
    </Placemark>
    <Placemark>
      <name>Bytco factory</name>
      <description><![CDATA[Category: manufacturer<br>Address: XR6M+798, Behid Bytco Factory, Rosa Colony, Shahu Nagar, Nashik, Maharashtra 422101, India<br>Latitude: 19.9605611<br>Longitude: 73.8336939<br>Place_ID: ChIJh7kRZLTr3TsRX044i214Fxw<br>Source_File: Nashik_Nashik_Road_industrial.xlsx]]></description>
      <styleUrl>#icon-1899-0288D1</styleUrl>
      <ExtendedData>
        <Data name="Category">
          <value>manufacturer</value>
        </Data>
        <Data name="Address">
          <value>XR6M+798, Behid Bytco Factory, Rosa Colony, Shahu Nagar, Nashik, Maharashtra 422101, India</value>
        </Data>
        <Data name="Latitude">
          <value>19.9605611</value>
        </Data>
        <Data name="Longitude">
          <value>73.8336939</value>
        </Data>
        <Data name="Place_ID">
          <value>ChIJh7kRZLTr3TsRX044i214Fxw</value>
        </Data>
        <Data name="Source_File">
          <value>Nashik_Nashik_Road_industrial.xlsx</value>
        </Data>
      </ExtendedData>
      <Point>
        <coordinates>
          73.8336939,19.9605611,0
        </coordinates>
      </Point>
    </Placemark>
    <Placemark>
      <name>Satyam Papad and Satyam Masale</name>
      <description><![CDATA[Category: manufacturer<br>Address: shivam bungalow bhimashankar soc, Datta Mandir Rd, gaikwad mala, Gayakhe Colony, Nashik Road, Nashik, Maharashtra 422101, India<br>Latitude: 19.9527926<br>Longitude: 73.8345237<br>Place_ID: ChIJD213Z1GV3TsRsaYDqTJidQ0<br>Source_File: Nashik_nDeolali_Gao_industrial.xlsx]]></description>
      <styleUrl>#icon-1899-0288D1</styleUrl>
      <ExtendedData>
        <Data name="Category">
          <value>manufacturer</value>
        </Data>
        <Data name="Address">
          <value>shivam bungalow bhimashankar soc, Datta Mandir Rd, gaikwad mala, Gayakhe Colony, Nashik Road, Nashik, Maharashtra 422101, India</value>
        </Data>
        <Data name="Latitude">
          <value>19.9527926</value>
        </Data>
        <Data name="Longitude">
          <value>73.8345237</value>
        </Data>
        <Data name="Place_ID">
          <value>ChIJD213Z1GV3TsRsaYDqTJidQ0</value>
        </Data>
        <Data name="Source_File">
          <value>Nashik_nDeolali_Gao_industrial.xlsx</value>
        </Data>
      </ExtendedData>
      <Point>
        <coordinates>
          73.8345237,19.9527926,0
        </coordinates>
      </Point>
    </Placemark>
    <Placemark>
      <name>Sahyadri Aerospace Pvt Ltd</name>
      <description><![CDATA[Category: manufacturer<br>Address: 17, Dehbanoo Complex, Road, DattaMandir, Signal, Nashik, Maharashtra 422101, India<br>Latitude: 19.9552249<br>Longitude: 73.8355207<br>Place_ID: ChIJrT6swLKV3TsRxDDAC33eDy8<br>Source_File: Nashik_nDeolali_Gao_industrial.xlsx]]></description>
      <styleUrl>#icon-1899-0288D1</styleUrl>
      <ExtendedData>
        <Data name="Category">
          <value>manufacturer</value>
        </Data>
        <Data name="Address">
          <value>17, Dehbanoo Complex, Road, DattaMandir, Signal, Nashik, Maharashtra 422101, India</value>
        </Data>
        <Data name="Latitude">
          <value>19.9552249</value>
        </Data>
        <Data name="Longitude">
          <value>73.8355207</value>
        </Data>
        <Data name="Place_ID">
          <value>ChIJrT6swLKV3TsRxDDAC33eDy8</value>
        </Data>
        <Data name="Source_File">
          <value>Nashik_nDeolali_Gao_industrial.xlsx</value>
        </Data>
      </ExtendedData>
      <Point>
        <coordinates>
          73.8355207,19.9552249,0
        </coordinates>
      </Point>
    </Placemark>
    <Placemark>
      <name>Hindustan Tungsten Carbide</name>
      <description><![CDATA[Category: manufacturer<br>Address: 02, ShriAlankar Society, near Datta Mandir, Gayakhe Colony, Nashik Road, Nashik, Maharashtra 422101, India<br>Latitude: 19.9571087<br>Longitude: 73.8329398<br>Place_ID: ChIJ27uw4luV3TsR3Woq-3Nbo_A<br>Source_File: Nashik_nDeolali_Gao_industrial.xlsx]]></description>
      <styleUrl>#icon-1899-0288D1</styleUrl>
      <ExtendedData>
        <Data name="Category">
          <value>manufacturer</value>
        </Data>
        <Data name="Address">
          <value>02, ShriAlankar Society, near Datta Mandir, Gayakhe Colony, Nashik Road, Nashik, Maharashtra 422101, India</value>
        </Data>
        <Data name="Latitude">
          <value>19.9571087</value>
        </Data>
        <Data name="Longitude">
          <value>73.8329398</value>
        </Data>
        <Data name="Place_ID">
          <value>ChIJ27uw4luV3TsR3Woq-3Nbo_A</value>
        </Data>
        <Data name="Source_File">
          <value>Nashik_nDeolali_Gao_industrial.xlsx</value>
        </Data>
      </ExtendedData>
      <Point>
        <coordinates>
          73.8329398,19.9571087,0
        </coordinates>
      </Point>
    </Placemark>
    <Placemark>
      <name>Catapharma</name>
      <description><![CDATA[Category: manufacturer<br>Address: XR3Q+M2H, DattaMandir, Sane Guruji Nagar, Nashik, Maharashtra 422101, India<br>Latitude: 19.9541981<br>Longitude: 73.8376234<br>Place_ID: ChIJA673IlSV3TsRb2LGq82p8FU<br>Source_File: Nashik_nDeolali_Gao_industrial.xlsx]]></description>
      <styleUrl>#icon-1899-0288D1</styleUrl>
      <ExtendedData>
        <Data name="Category">
          <value>manufacturer</value>
        </Data>
        <Data name="Address">
          <value>XR3Q+M2H, DattaMandir, Sane Guruji Nagar, Nashik, Maharashtra 422101, India</value>
        </Data>
        <Data name="Latitude">
          <value>19.9541981</value>
        </Data>
        <Data name="Longitude">
          <value>73.8376234</value>
        </Data>
        <Data name="Place_ID">
          <value>ChIJA673IlSV3TsRb2LGq82p8FU</value>
        </Data>
        <Data name="Source_File">
          <value>Nashik_nDeolali_Gao_industrial.xlsx</value>
        </Data>
      </ExtendedData>
      <Point>
        <coordinates>
          73.8376234,19.9541981,0
        </coordinates>
      </Point>
    </Placemark>
    <Placemark>
      <name>Sambe Electronics Pvt Ltd</name>
      <description><![CDATA[Category: manufacturer<br>Address: Unit D69, M.I.D.C, 1, Ambad-Trimurti Chowk Link Rd, M.I.D.C, Mahajan Nagar, Nashik, Maharashtra 422010, India<br>Latitude: 19.9669442<br>Longitude: 73.753654<br>Place_ID: ChIJnZOAYlnr3TsRmzdkeN2UDq0<br>Source_File: Nashik_Ambad_industrial.xlsx]]></description>
      <styleUrl>#icon-1899-0288D1</styleUrl>
      <ExtendedData>
        <Data name="Category">
          <value>manufacturer</value>
        </Data>
        <Data name="Address">
          <value>Unit D69, M.I.D.C, 1, Ambad-Trimurti Chowk Link Rd, M.I.D.C, Mahajan Nagar, Nashik, Maharashtra 422010, India</value>
        </Data>
        <Data name="Latitude">
          <value>19.9669442</value>
        </Data>
        <Data name="Longitude">
          <value>73.753654</value>
        </Data>
        <Data name="Place_ID">
          <value>ChIJnZOAYlnr3TsRmzdkeN2UDq0</value>
        </Data>
        <Data name="Source_File">
          <value>Nashik_Ambad_industrial.xlsx</value>
        </Data>
      </ExtendedData>
      <Point>
        <coordinates>
          73.753654,19.9669442,0
        </coordinates>
      </Point>
    </Placemark>
    <Placemark>
      <name>Saico Cranes Pvt Ltd</name>
      <description><![CDATA[Category: manufacturer<br>Address: J-56, Ambad - Uttam Nagar Rd, MIDC Ambad, NasH19-20hik, Nashik, Maharashtra 422010, India<br>Latitude: 19.9663745<br>Longitude: 73.7534649<br>Place_ID: ChIJtaehflnr3TsRFbK8WYwINtM<br>Source_File: Nashik_CIDCO_industrial.xlsx]]></description>
      <styleUrl>#icon-1899-0288D1</styleUrl>
      <ExtendedData>
        <Data name="Category">
          <value>manufacturer</value>
        </Data>
        <Data name="Address">
          <value>J-56, Ambad - Uttam Nagar Rd, MIDC Ambad, NasH19-20hik, Nashik, Maharashtra 422010, India</value>
        </Data>
        <Data name="Latitude">
          <value>19.9663745</value>
        </Data>
        <Data name="Longitude">
          <value>73.7534649</value>
        </Data>
        <Data name="Place_ID">
          <value>ChIJtaehflnr3TsRFbK8WYwINtM</value>
        </Data>
        <Data name="Source_File">
          <value>Nashik_CIDCO_industrial.xlsx</value>
        </Data>
      </ExtendedData>
      <Point>
        <coordinates>
          73.7534649,19.9663745,0
        </coordinates>
      </Point>
    </Placemark>
    <Placemark>
      <name>The One Textile</name>
      <description><![CDATA[Category: manufacturer<br>Address: Burkule Hall, Zudio Mall, Basement, Uttam Nagar Rd, Incom Tax Colony, Cidco, Nashik, Maharashtra 422010, India<br>Latitude: 19.9680339<br>Longitude: 73.753279<br>Place_ID: ChIJ30IVROPr3TsRo5LUcCkI50I<br>Source_File: Nashik_CIDCO_industrial.xlsx]]></description>
      <styleUrl>#icon-1899-0288D1</styleUrl>
      <ExtendedData>
        <Data name="Category">
          <value>manufacturer</value>
        </Data>
        <Data name="Address">
          <value>Burkule Hall, Zudio Mall, Basement, Uttam Nagar Rd, Incom Tax Colony, Cidco, Nashik, Maharashtra 422010, India</value>
        </Data>
        <Data name="Latitude">
          <value>19.9680339</value>
        </Data>
        <Data name="Longitude">
          <value>73.753279</value>
        </Data>
        <Data name="Place_ID">
          <value>ChIJ30IVROPr3TsRo5LUcCkI50I</value>
        </Data>
        <Data name="Source_File">
          <value>Nashik_CIDCO_industrial.xlsx</value>
        </Data>
      </ExtendedData>
      <Point>
        <coordinates>
          73.753279,19.9680339,0
        </coordinates>
      </Point>
    </Placemark>
    <Placemark>
      <name>Panchkrishna Flour Mill</name>
      <description><![CDATA[Category: manufacturer<br>Address: XQC6+82V, Saibaba Nagar, Cidco, Nashik, Maharashtra 422009, India<br>Latitude: 19.9708729<br>Longitude: 73.7600559<br>Place_ID: ChIJTcO5SUPr3TsRptS2sRriyFQ<br>Source_File: Nashik_CIDCO_industrial.xlsx]]></description>
      <styleUrl>#icon-1899-0288D1</styleUrl>
      <ExtendedData>
        <Data name="Category">
          <value>manufacturer</value>
        </Data>
        <Data name="Address">
          <value>XQC6+82V, Saibaba Nagar, Cidco, Nashik, Maharashtra 422009, India</value>
        </Data>
        <Data name="Latitude">
          <value>19.9708729</value>
        </Data>
        <Data name="Longitude">
          <value>73.7600559</value>
        </Data>
        <Data name="Place_ID">
          <value>ChIJTcO5SUPr3TsRptS2sRriyFQ</value>
        </Data>
        <Data name="Source_File">
          <value>Nashik_CIDCO_industrial.xlsx</value>
        </Data>
      </ExtendedData>
      <Point>
        <coordinates>
          73.7600559,19.9708729,0
        </coordinates>
      </Point>
    </Placemark>
    <Placemark>
      <name>Live bakers</name>
      <description><![CDATA[Category: manufacturer<br>Address: Live bakers, market road, market rod, near samarth sweet mutton, Sri Ram Nagar, Cidco, Nashik, Maharashtra 422008, India<br>Latitude: 19.9738307<br>Longitude: 73.758795<br>Place_ID: ChIJ_XBIes_r3TsRytDK9FKPK0Q<br>Source_File: Nashik_CIDCO_industrial.xlsx]]></description>
      <styleUrl>#icon-1899-0288D1</styleUrl>
      <ExtendedData>
        <Data name="Category">
          <value>manufacturer</value>
        </Data>
        <Data name="Address">
          <value>Live bakers, market road, market rod, near samarth sweet mutton, Sri Ram Nagar, Cidco, Nashik, Maharashtra 422008, India</value>
        </Data>
        <Data name="Latitude">
          <value>19.9738307</value>
        </Data>
        <Data name="Longitude">
          <value>73.758795</value>
        </Data>
        <Data name="Place_ID">
          <value>ChIJ_XBIes_r3TsRytDK9FKPK0Q</value>
        </Data>
        <Data name="Source_File">
          <value>Nashik_CIDCO_industrial.xlsx</value>
        </Data>
      </ExtendedData>
      <Point>
        <coordinates>
          73.758795,19.9738307,0
        </coordinates>
      </Point>
    </Placemark>
    <Placemark>
      <name>Ruchira Ann Company</name>
      <description><![CDATA[Category: manufacturer<br>Address: Plot no 45, Swami Samarth Nagar, Bhadrapad Sector, Cidco, Nashik, Maharashtra 422003, India<br>Latitude: 19.9645652<br>Longitude: 73.7564651<br>Place_ID: ChIJH-JMG4zr3TsRwtW_uZf49OA<br>Source_File: Nashik_CIDCO_industrial.xlsx]]></description>
      <styleUrl>#icon-1899-0288D1</styleUrl>
      <ExtendedData>
        <Data name="Category">
          <value>manufacturer</value>
        </Data>
        <Data name="Address">
          <value>Plot no 45, Swami Samarth Nagar, Bhadrapad Sector, Cidco, Nashik, Maharashtra 422003, India</value>
        </Data>
        <Data name="Latitude">
          <value>19.9645652</value>
        </Data>
        <Data name="Longitude">
          <value>73.7564651</value>
        </Data>
        <Data name="Place_ID">
          <value>ChIJH-JMG4zr3TsRwtW_uZf49OA</value>
        </Data>
        <Data name="Source_File">
          <value>Nashik_CIDCO_industrial.xlsx</value>
        </Data>
      </ExtendedData>
      <Point>
        <coordinates>
          73.7564651,19.9645652,0
        </coordinates>
      </Point>
    </Placemark>
    <Placemark>
      <name>kewal park , trimbak link road</name>
      <description><![CDATA[Category: manufacturer<br>Address: XQC4+VQX, Rajratna Nagar, Cidco, Nashik, Maharashtra 422008, India<br>Latitude: 19.9722316<br>Longitude: 73.7569802<br>Place_ID: ChIJxyMgQwDr3TsRGwoQGjpbcgg<br>Source_File: Nashik_CIDCO_industrial.xlsx]]></description>
      <styleUrl>#icon-1899-0288D1</styleUrl>
      <ExtendedData>
        <Data name="Category">
          <value>manufacturer</value>
        </Data>
        <Data name="Address">
          <value>XQC4+VQX, Rajratna Nagar, Cidco, Nashik, Maharashtra 422008, India</value>
        </Data>
        <Data name="Latitude">
          <value>19.9722316</value>
        </Data>
        <Data name="Longitude">
          <value>73.7569802</value>
        </Data>
        <Data name="Place_ID">
          <value>ChIJxyMgQwDr3TsRGwoQGjpbcgg</value>
        </Data>
        <Data name="Source_File">
          <value>Nashik_CIDCO_industrial.xlsx</value>
        </Data>
      </ExtendedData>
      <Point>
        <coordinates>
          73.7569802,19.9722316,0
        </coordinates>
      </Point>
    </Placemark>
    <Placemark>
      <name>SM ENGINEERING AND WORKS</name>
      <description><![CDATA[Category: manufacturer<br>Address: YEWALA HOUSE, N 10, M 1/19/1, SAWARAKAR CHOWK, Maharana Pratap Chowk Rd, Maharanapratap Chowk, NAVIN, Cidco, Nashik, Maharashtra 422009, India<br>Latitude: 19.9747747<br>Longitude: 73.7671275<br>Place_ID: ChIJOeX1AV3r3TsRCPlef-c8nOo<br>Source_File: Nashik_CIDCO_industrial.xlsx]]></description>
      <styleUrl>#icon-1899-0288D1</styleUrl>
      <ExtendedData>
        <Data name="Category">
          <value>manufacturer</value>
        </Data>
        <Data name="Address">
          <value>YEWALA HOUSE, N 10, M 1/19/1, SAWARAKAR CHOWK, Maharana Pratap Chowk Rd, Maharanapratap Chowk, NAVIN, Cidco, Nashik, Maharashtra 422009, India</value>
        </Data>
        <Data name="Latitude">
          <value>19.9747747</value>
        </Data>
        <Data name="Longitude">
          <value>73.7671275</value>
        </Data>
        <Data name="Place_ID">
          <value>ChIJOeX1AV3r3TsRCPlef-c8nOo</value>
        </Data>
        <Data name="Source_File">
          <value>Nashik_CIDCO_industrial.xlsx</value>
        </Data>
      </ExtendedData>
      <Point>
        <coordinates>
          73.7671275,19.9747747,0
        </coordinates>
      </Point>
    </Placemark>
    <Placemark>
      <name>Bhoomi Steel manufacturing</name>
      <description><![CDATA[Category: manufacturer<br>Address: XQ83+G9Q, Navnath Nagar, Nashik, Maharashtra 422003, India<br>Latitude: 19.9663267<br>Longitude: 73.7534694<br>Place_ID: ChIJy143MwDr3TsRk0GcSwvJn6s<br>Source_File: Nashik_CIDCO_industrial.xlsx]]></description>
      <styleUrl>#icon-1899-0288D1</styleUrl>
      <ExtendedData>
        <Data name="Category">
          <value>manufacturer</value>
        </Data>
        <Data name="Address">
          <value>XQ83+G9Q, Navnath Nagar, Nashik, Maharashtra 422003, India</value>
        </Data>
        <Data name="Latitude">
          <value>19.9663267</value>
        </Data>
        <Data name="Longitude">
          <value>73.7534694</value>
        </Data>
        <Data name="Place_ID">
          <value>ChIJy143MwDr3TsRk0GcSwvJn6s</value>
        </Data>
        <Data name="Source_File">
          <value>Nashik_CIDCO_industrial.xlsx</value>
        </Data>
      </ExtendedData>
      <Point>
        <coordinates>
          73.7534694,19.9663267,0
        </coordinates>
      </Point>
    </Placemark>
    <Placemark>
      <name>Santoshi industrial fabrication</name>
      <description><![CDATA[Category: manufacturer<br>Address: Shop no 26 27 saisamrth apt, Datta Chowk, Cidco, Nashik, Maharashtra 422009, India<br>Latitude: 19.969283<br>Longitude: 73.7633209<br>Place_ID: ChIJg5xgcETr3TsRsF4CVe7NAIY<br>Source_File: Nashik_CIDCO_industrial.xlsx]]></description>
      <styleUrl>#icon-1899-0288D1</styleUrl>
      <ExtendedData>
        <Data name="Category">
          <value>manufacturer</value>
        </Data>
        <Data name="Address">
          <value>Shop no 26 27 saisamrth apt, Datta Chowk, Cidco, Nashik, Maharashtra 422009, India</value>
        </Data>
        <Data name="Latitude">
          <value>19.969283</value>
        </Data>
        <Data name="Longitude">
          <value>73.7633209</value>
        </Data>
        <Data name="Place_ID">
          <value>ChIJg5xgcETr3TsRsF4CVe7NAIY</value>
        </Data>
        <Data name="Source_File">
          <value>Nashik_CIDCO_industrial.xlsx</value>
        </Data>
      </ExtendedData>
      <Point>
        <coordinates>
          73.7633209,19.969283,0
        </coordinates>
      </Point>
    </Placemark>
    <Placemark>
      <name><![CDATA[M/s.Dagumata Fabrications & Steel Furniture Works]]></name>
      <description><![CDATA[Category: manufacturer<br>Address: Swami Vivekanand Chowk,Near Rane Nagar Bus Stop, Gala No.31,31,32, Swami Vivekanand Nagar, Rane Nagar, Nashik, Maharashtra 422009, India<br>Latitude: 19.9664009<br>Longitude: 73.766661<br>Place_ID: ChIJ45LlaEbr3TsRl95c4oZ1Ugk<br>Source_File: Nashik_Indira_Nagar_industrial.xlsx]]></description>
      <styleUrl>#icon-1899-0288D1</styleUrl>
      <ExtendedData>
        <Data name="Category">
          <value>manufacturer</value>
        </Data>
        <Data name="Address">
          <value>Swami Vivekanand Chowk,Near Rane Nagar Bus Stop, Gala No.31,31,32, Swami Vivekanand Nagar, Rane Nagar, Nashik, Maharashtra 422009, India</value>
        </Data>
        <Data name="Latitude">
          <value>19.9664009</value>
        </Data>
        <Data name="Longitude">
          <value>73.766661</value>
        </Data>
        <Data name="Place_ID">
          <value>ChIJ45LlaEbr3TsRl95c4oZ1Ugk</value>
        </Data>
        <Data name="Source_File">
          <value>Nashik_Indira_Nagar_industrial.xlsx</value>
        </Data>
      </ExtendedData>
      <Point>
        <coordinates>
          73.766661,19.9664009,0
        </coordinates>
      </Point>
    </Placemark>
    <Placemark>
      <name>FURNITURE MALL</name>
      <description><![CDATA[Category: furniture_store<br>Address: Shop No 1, opp. Vijay English School, Pawan Nagar, Cidco, Nashik, Maharashtra 422008, India<br>Latitude: 19.9737903<br>Longitude: 73.7542389<br>Place_ID: ChIJv7hMVWjr3TsRkvsG-U_qx18<br>Source_File: Nashik_CIDCO_establishments.xlsx]]></description>
      <styleUrl>#icon-1899-0288D1</styleUrl>
      <ExtendedData>
        <Data name="Category">
          <value>furniture_store</value>
        </Data>
        <Data name="Address">
          <value>Shop No 1, opp. Vijay English School, Pawan Nagar, Cidco, Nashik, Maharashtra 422008, India</value>
        </Data>
        <Data name="Latitude">
          <value>19.9737903</value>
        </Data>
        <Data name="Longitude">
          <value>73.7542389</value>
        </Data>
        <Data name="Place_ID">
          <value>ChIJv7hMVWjr3TsRkvsG-U_qx18</value>
        </Data>
        <Data name="Source_File">
          <value>Nashik_CIDCO_establishments.xlsx</value>
        </Data>
      </ExtendedData>
      <Point>
        <coordinates>
          73.7542389,19.9737903,0
        </coordinates>
      </Point>
    </Placemark>
    <Placemark>
      <name>Macaco Chocolates</name>
      <description><![CDATA[Category: chocolate_factory<br>Address: Shop no. 5, Golden Nest, Wadala - Pathardi Rd, near Laxminarayan Dry fruit, near Gopal food, Pandav Nagari, Kishor Nagar, Nashik, Maharashtra 422009, India<br>Latitude: 19.9653908<br>Longitude: 73.7795327<br>Place_ID: ChIJnSvSjDvr3TsRvUKEEWN2JBY<br>Source_File: Nashik_Indira_Nagar_industrial.xlsx]]></description>
      <styleUrl>#icon-1899-0288D1</styleUrl>
      <ExtendedData>
        <Data name="Category">
          <value>chocolate_factory</value>
        </Data>
        <Data name="Address">
          <value>Shop no. 5, Golden Nest, Wadala - Pathardi Rd, near Laxminarayan Dry fruit, near Gopal food, Pandav Nagari, Kishor Nagar, Nashik, Maharashtra 422009, India</value>
        </Data>
        <Data name="Latitude">
          <value>19.9653908</value>
        </Data>
        <Data name="Longitude">
          <value>73.7795327</value>
        </Data>
        <Data name="Place_ID">
          <value>ChIJnSvSjDvr3TsRvUKEEWN2JBY</value>
        </Data>
        <Data name="Source_File">
          <value>Nashik_Indira_Nagar_industrial.xlsx</value>
        </Data>
      </ExtendedData>
      <Point>
        <coordinates>
          73.7795327,19.9653908,0
        </coordinates>
      </Point>
    </Placemark>
    <Placemark>
      <name>Alpha Chemical Company</name>
      <description><![CDATA[Category: corporate_office<br>Address: 5058, Roongta Business Hub, Kamod Nagar, Indira Nagar, Nashik, Maharashtra 422009, India<br>Latitude: 19.9762748<br>Longitude: 73.7775602<br>Place_ID: ChIJC3ahJgDr3TsRT5g-n3lwO4o<br>Source_File: Nashik_Indira_Nagar_industrial.xlsx]]></description>
      <styleUrl>#icon-1899-0288D1</styleUrl>
      <ExtendedData>
        <Data name="Category">
          <value>corporate_office</value>
        </Data>
        <Data name="Address">
          <value>5058, Roongta Business Hub, Kamod Nagar, Indira Nagar, Nashik, Maharashtra 422009, India</value>
        </Data>
        <Data name="Latitude">
          <value>19.9762748</value>
        </Data>
        <Data name="Longitude">
          <value>73.7775602</value>
        </Data>
        <Data name="Place_ID">
          <value>ChIJC3ahJgDr3TsRT5g-n3lwO4o</value>
        </Data>
        <Data name="Source_File">
          <value>Nashik_Indira_Nagar_industrial.xlsx</value>
        </Data>
      </ExtendedData>
      <Point>
        <coordinates>
          73.7775602,19.9762748,0
        </coordinates>
      </Point>
    </Placemark>
    <Placemark>
      <name>Vraj Construction Pvt Ltd</name>
      <description><![CDATA[Category: general_contractor<br>Address: K-38, Pathardi Backside of Taj hotel MIDC AMBAD, Dnyaneshwar Nagar, Pathardi Phata, Nashik, Maharashtra 422009, India<br>Latitude: 19.9576822<br>Longitude: 73.7766103<br>Place_ID: ChIJu2M2ITPr3TsRxqWnFi4goB8<br>Source_File: Nashik_Pathardi_Phata_industrial.xlsx]]></description>
      <styleUrl>#icon-1899-0288D1</styleUrl>
      <ExtendedData>
        <Data name="Category">
          <value>general_contractor</value>
        </Data>
        <Data name="Address">
          <value>K-38, Pathardi Backside of Taj hotel MIDC AMBAD, Dnyaneshwar Nagar, Pathardi Phata, Nashik, Maharashtra 422009, India</value>
        </Data>
        <Data name="Latitude">
          <value>19.9576822</value>
        </Data>
        <Data name="Longitude">
          <value>73.7766103</value>
        </Data>
        <Data name="Place_ID">
          <value>ChIJu2M2ITPr3TsRxqWnFi4goB8</value>
        </Data>
        <Data name="Source_File">
          <value>Nashik_Pathardi_Phata_industrial.xlsx</value>
        </Data>
      </ExtendedData>
      <Point>
        <coordinates>
          73.7766103,19.9576822,0
        </coordinates>
      </Point>
    </Placemark>
    <Placemark>
      <name>R K AIR DUCT FACTORY</name>
      <description><![CDATA[Category: general_contractor<br>Address: XQ8W+W7J, Wadala Gaon, Nashik, Maharashtra 422006, India<br>Latitude: 19.9673342<br>Longitude: 73.7956314<br>Place_ID: ChIJg1Z_GADr3TsRyNFKMItbs2A<br>Source_File: Nashik_Wadala_Road_industrial.xlsx]]></description>
      <styleUrl>#icon-1899-0288D1</styleUrl>
      <ExtendedData>
        <Data name="Category">
          <value>general_contractor</value>
        </Data>
        <Data name="Address">
          <value>XQ8W+W7J, Wadala Gaon, Nashik, Maharashtra 422006, India</value>
        </Data>
        <Data name="Latitude">
          <value>19.9673342</value>
        </Data>
        <Data name="Longitude">
          <value>73.7956314</value>
        </Data>
        <Data name="Place_ID">
          <value>ChIJg1Z_GADr3TsRyNFKMItbs2A</value>
        </Data>
        <Data name="Source_File">
          <value>Nashik_Wadala_Road_industrial.xlsx</value>
        </Data>
      </ExtendedData>
      <Point>
        <coordinates>
          73.7956314,19.9673342,0
        </coordinates>
      </Point>
    </Placemark>
    <Placemark>
      <name><![CDATA[Techno paints & chemicals Nashik]]></name>
      <description><![CDATA[Category: manufacturer<br>Address: Shop no 10,11, Bhujbal Farm Rd, behind Deccan petrol pump, Shanti Nagar, Lekha Nagar, Nashik, Maharashtra 422009, India<br>Latitude: 19.9764373<br>Longitude: 73.7761251<br>Place_ID: ChIJ84BJ52zr3TsRmI-q9z7xBsI<br>Source_File: Nashik_CIDCO_industrial.xlsx]]></description>
      <styleUrl>#icon-1899-0288D1</styleUrl>
      <ExtendedData>
        <Data name="Category">
          <value>manufacturer</value>
        </Data>
        <Data name="Address">
          <value>Shop no 10,11, Bhujbal Farm Rd, behind Deccan petrol pump, Shanti Nagar, Lekha Nagar, Nashik, Maharashtra 422009, India</value>
        </Data>
        <Data name="Latitude">
          <value>19.9764373</value>
        </Data>
        <Data name="Longitude">
          <value>73.7761251</value>
        </Data>
        <Data name="Place_ID">
          <value>ChIJ84BJ52zr3TsRmI-q9z7xBsI</value>
        </Data>
        <Data name="Source_File">
          <value>Nashik_CIDCO_industrial.xlsx</value>
        </Data>
      </ExtendedData>
      <Point>
        <coordinates>
          73.7761251,19.9764373,0
        </coordinates>
      </Point>
    </Placemark>
    <Placemark>
      <name>Star Fabrication</name>
      <description><![CDATA[Category: manufacturer<br>Address: Wadala Rd, near Ashiyana height, near J M C T College, Sai Nath Nagar, Nashik, Maharashtra 422006, India<br>Latitude: 19.9744703<br>Longitude: 73.793262<br>Place_ID: ChIJGU7Y_MDr3TsRsQSaYFI7fo4<br>Source_File: Nashik_Hanuman_Nagar_industrial.xlsx]]></description>
      <styleUrl>#icon-1899-0288D1</styleUrl>
      <ExtendedData>
        <Data name="Category">
          <value>manufacturer</value>
        </Data>
        <Data name="Address">
          <value>Wadala Rd, near Ashiyana height, near J M C T College, Sai Nath Nagar, Nashik, Maharashtra 422006, India</value>
        </Data>
        <Data name="Latitude">
          <value>19.9744703</value>
        </Data>
        <Data name="Longitude">
          <value>73.793262</value>
        </Data>
        <Data name="Place_ID">
          <value>ChIJGU7Y_MDr3TsRsQSaYFI7fo4</value>
        </Data>
        <Data name="Source_File">
          <value>Nashik_Hanuman_Nagar_industrial.xlsx</value>
        </Data>
      </ExtendedData>
      <Point>
        <coordinates>
          73.793262,19.9744703,0
        </coordinates>
      </Point>
    </Placemark>
    <Placemark>
      <name>Amar Enterprises Fabrication and electrical and electronics</name>
      <description><![CDATA[Category: manufacturer<br>Address: Shop no 1, Dattaprabha App B, Police Station, Pethe Nagar Rd, near Indira Nagar, Jakhadi Nagar, Indira Nagar, Nashik, Maharashtra 422009, India<br>Latitude: 19.9727888<br>Longitude: 73.7798571<br>Place_ID: ChIJhS03oRfr3TsRNT3gbIy6S4I<br>Source_File: Nashik_Indira_Nagar_industrial.xlsx]]></description>
      <styleUrl>#icon-1899-0288D1</styleUrl>
      <ExtendedData>
        <Data name="Category">
          <value>manufacturer</value>
        </Data>
        <Data name="Address">
          <value>Shop no 1, Dattaprabha App B, Police Station, Pethe Nagar Rd, near Indira Nagar, Jakhadi Nagar, Indira Nagar, Nashik, Maharashtra 422009, India</value>
        </Data>
        <Data name="Latitude">
          <value>19.9727888</value>
        </Data>
        <Data name="Longitude">
          <value>73.7798571</value>
        </Data>
        <Data name="Place_ID">
          <value>ChIJhS03oRfr3TsRNT3gbIy6S4I</value>
        </Data>
        <Data name="Source_File">
          <value>Nashik_Indira_Nagar_industrial.xlsx</value>
        </Data>
      </ExtendedData>
      <Point>
        <coordinates>
          73.7798571,19.9727888,0
        </coordinates>
      </Point>
    </Placemark>
    <Placemark>
      <name>Shrushtee Industries</name>
      <description><![CDATA[Category: manufacturer<br>Address: Flat No A-203, United Sharan Apartment, Indira Nagar, Nashik, Maharashtra 422009, India<br>Latitude: 19.9723054<br>Longitude: 73.7816476<br>Place_ID: ChIJdfCH6nnr3TsROM4DYYgtDg0<br>Source_File: Nashik_Indira_Nagar_industrial.xlsx]]></description>
      <styleUrl>#icon-1899-0288D1</styleUrl>
      <ExtendedData>
        <Data name="Category">
          <value>manufacturer</value>
        </Data>
        <Data name="Address">
          <value>Flat No A-203, United Sharan Apartment, Indira Nagar, Nashik, Maharashtra 422009, India</value>
        </Data>
        <Data name="Latitude">
          <value>19.9723054</value>
        </Data>
        <Data name="Longitude">
          <value>73.7816476</value>
        </Data>
        <Data name="Place_ID">
          <value>ChIJdfCH6nnr3TsROM4DYYgtDg0</value>
        </Data>
        <Data name="Source_File">
          <value>Nashik_Indira_Nagar_industrial.xlsx</value>
        </Data>
      </ExtendedData>
      <Point>
        <coordinates>
          73.7816476,19.9723054,0
        </coordinates>
      </Point>
    </Placemark>
    <Placemark>
      <name>Someshwar Metal Private Limited (OPC)</name>
      <description><![CDATA[Category: manufacturer<br>Address: Roongta Majestic, 3, Agra - Mumbai Hwy, Kamod Nagar, Indira Nagar, Nashik, Maharashtra 422009, India<br>Latitude: 19.9761888<br>Longitude: 73.7778127<br>Place_ID: ChIJA11KE3Hr3TsRxJG6W0rK_RA<br>Source_File: Nashik_Indira_Nagar_industrial.xlsx]]></description>
      <styleUrl>#icon-1899-0288D1</styleUrl>
      <ExtendedData>
        <Data name="Category">
          <value>manufacturer</value>
        </Data>
        <Data name="Address">
          <value>Roongta Majestic, 3, Agra - Mumbai Hwy, Kamod Nagar, Indira Nagar, Nashik, Maharashtra 422009, India</value>
        </Data>
        <Data name="Latitude">
          <value>19.9761888</value>
        </Data>
        <Data name="Longitude">
          <value>73.7778127</value>
        </Data>
        <Data name="Place_ID">
          <value>ChIJA11KE3Hr3TsRxJG6W0rK_RA</value>
        </Data>
        <Data name="Source_File">
          <value>Nashik_Indira_Nagar_industrial.xlsx</value>
        </Data>
      </ExtendedData>
      <Point>
        <coordinates>
          73.7778127,19.9761888,0
        </coordinates>
      </Point>
    </Placemark>
    <Placemark>
      <name><![CDATA[ANADI AUTOMATION OBSOLETE CONTROLS PARTS SUPPLY & REPAIRS CENTRE]]></name>
      <description><![CDATA[Category: manufacturer<br>Address: Anadi Automation, Plot No 13, Lekha Nagar Bypass Rd, behind Chadda Water Tank, near Old Scoda Showroom, Rajiv Nagar, Nashik, Maharashtra 422009, India<br>Latitude: 19.9690628<br>Longitude: 73.7741941<br>Place_ID: ChIJmVxtaj_r3TsRwf_EMxt2cW4<br>Source_File: Nashik_Indira_Nagar_industrial.xlsx]]></description>
      <styleUrl>#icon-1899-0288D1</styleUrl>
      <ExtendedData>
        <Data name="Category">
          <value>manufacturer</value>
        </Data>
        <Data name="Address">
          <value>Anadi Automation, Plot No 13, Lekha Nagar Bypass Rd, behind Chadda Water Tank, near Old Scoda Showroom, Rajiv Nagar, Nashik, Maharashtra 422009, India</value>
        </Data>
        <Data name="Latitude">
          <value>19.9690628</value>
        </Data>
        <Data name="Longitude">
          <value>73.7741941</value>
        </Data>
        <Data name="Place_ID">
          <value>ChIJmVxtaj_r3TsRwf_EMxt2cW4</value>
        </Data>
        <Data name="Source_File">
          <value>Nashik_Indira_Nagar_industrial.xlsx</value>
        </Data>
      </ExtendedData>
      <Point>
        <coordinates>
          73.7741941,19.9690628,0
        </coordinates>
      </Point>
    </Placemark>
    <Placemark>
      <name>Shree Swami Samarth Enterprises</name>
      <description><![CDATA[Category: manufacturer<br>Address: shreejay nagar apartment, Near Bapu Bunglow, Indira Nagar, Nashik, Maharashtra 422009, India<br>Latitude: 19.974913<br>Longitude: 73.7879815<br>Place_ID: ChIJ93wgzSPr3TsRpTRymOL_Dpw<br>Source_File: Nashik_Indira_Nagar_industrial.xlsx]]></description>
      <styleUrl>#icon-1899-0288D1</styleUrl>
      <ExtendedData>
        <Data name="Category">
          <value>manufacturer</value>
        </Data>
        <Data name="Address">
          <value>shreejay nagar apartment, Near Bapu Bunglow, Indira Nagar, Nashik, Maharashtra 422009, India</value>
        </Data>
        <Data name="Latitude">
          <value>19.974913</value>
        </Data>
        <Data name="Longitude">
          <value>73.7879815</value>
        </Data>
        <Data name="Place_ID">
          <value>ChIJ93wgzSPr3TsRpTRymOL_Dpw</value>
        </Data>
        <Data name="Source_File">
          <value>Nashik_Indira_Nagar_industrial.xlsx</value>
        </Data>
      </ExtendedData>
      <Point>
        <coordinates>
          73.7879815,19.974913,0
        </coordinates>
      </Point>
    </Placemark>
    <Placemark>
      <name>PURVIKA INTERIO OPC PVT LTD</name>
      <description><![CDATA[Category: manufacturer<br>Address: Shop no 2/3, Vishwas Co Sco, Pethe Nagar Rd, Charwak Chowk, Jakhadi Nagar, Indira Nagar, Nashik, Maharashtra 422009, India<br>Latitude: 19.9728038<br>Longitude: 73.7802243<br>Place_ID: ChIJ9QX8XWTp3TsRGyh6jw-S0EA<br>Source_File: Nashik_Indira_Nagar_industrial.xlsx]]></description>
      <styleUrl>#icon-1899-0288D1</styleUrl>
      <ExtendedData>
        <Data name="Category">
          <value>manufacturer</value>
        </Data>
        <Data name="Address">
          <value>Shop no 2/3, Vishwas Co Sco, Pethe Nagar Rd, Charwak Chowk, Jakhadi Nagar, Indira Nagar, Nashik, Maharashtra 422009, India</value>
        </Data>
        <Data name="Latitude">
          <value>19.9728038</value>
        </Data>
        <Data name="Longitude">
          <value>73.7802243</value>
        </Data>
        <Data name="Place_ID">
          <value>ChIJ9QX8XWTp3TsRGyh6jw-S0EA</value>
        </Data>
        <Data name="Source_File">
          <value>Nashik_Indira_Nagar_industrial.xlsx</value>
        </Data>
      </ExtendedData>
      <Point>
        <coordinates>
          73.7802243,19.9728038,0
        </coordinates>
      </Point>
    </Placemark>
    <Placemark>
      <name>Sai furniture interior</name>
      <description><![CDATA[Category: manufacturer<br>Address: Indira Nagar, Nashik, Maharashtra 422009, India<br>Latitude: 19.9734896<br>Longitude: 73.7813612<br>Place_ID: ChIJP12D9Rnr3TsRprbbhTTWZac<br>Source_File: Nashik_Indira_Nagar_industrial.xlsx]]></description>
      <styleUrl>#icon-1899-0288D1</styleUrl>
      <ExtendedData>
        <Data name="Category">
          <value>manufacturer</value>
        </Data>
        <Data name="Address">
          <value>Indira Nagar, Nashik, Maharashtra 422009, India</value>
        </Data>
        <Data name="Latitude">
          <value>19.9734896</value>
        </Data>
        <Data name="Longitude">
          <value>73.7813612</value>
        </Data>
        <Data name="Place_ID">
          <value>ChIJP12D9Rnr3TsRprbbhTTWZac</value>
        </Data>
        <Data name="Source_File">
          <value>Nashik_Indira_Nagar_industrial.xlsx</value>
        </Data>
      </ExtendedData>
      <Point>
        <coordinates>
          73.7813612,19.9734896,0
        </coordinates>
      </Point>
    </Placemark>
    <Placemark>
      <name>Swasaa Enterprises</name>
      <description><![CDATA[Category: manufacturer<br>Address: Bunglaw no 10, Gajra Nisarg 2, Parab nagar, Indira Nagar, Nashik, Maharashtra 422009, India<br>Latitude: 19.9726881<br>Longitude: 73.7888212<br>Place_ID: ChIJ7Q3REwjr3TsRDGAOnNujDOA<br>Source_File: Nashik_Indira_Nagar_industrial.xlsx]]></description>
      <styleUrl>#icon-1899-0288D1</styleUrl>
      <ExtendedData>
        <Data name="Category">
          <value>manufacturer</value>
        </Data>
        <Data name="Address">
          <value>Bunglaw no 10, Gajra Nisarg 2, Parab nagar, Indira Nagar, Nashik, Maharashtra 422009, India</value>
        </Data>
        <Data name="Latitude">
          <value>19.9726881</value>
        </Data>
        <Data name="Longitude">
          <value>73.7888212</value>
        </Data>
        <Data name="Place_ID">
          <value>ChIJ7Q3REwjr3TsRDGAOnNujDOA</value>
        </Data>
        <Data name="Source_File">
          <value>Nashik_Indira_Nagar_industrial.xlsx</value>
        </Data>
      </ExtendedData>
      <Point>
        <coordinates>
          73.7888212,19.9726881,0
        </coordinates>
      </Point>
    </Placemark>
    <Placemark>
      <name>MASS LIFT SOLUTION- lift maintenance services in nashik l Lift AMC in nashik</name>
      <description><![CDATA[Category: manufacturer<br>Address: Pandav Nagari, Indira Nagar, Naahik, Nashik, Maharashtra 422009, India<br>Latitude: 19.9675046<br>Longitude: 73.7798811<br>Place_ID: ChIJqYEVWTrr3TsRgIQw8ENEh7M<br>Source_File: Nashik_Indira_Nagar_industrial.xlsx]]></description>
      <styleUrl>#icon-1899-0288D1</styleUrl>
      <ExtendedData>
        <Data name="Category">
          <value>manufacturer</value>
        </Data>
        <Data name="Address">
          <value>Pandav Nagari, Indira Nagar, Naahik, Nashik, Maharashtra 422009, India</value>
        </Data>
        <Data name="Latitude">
          <value>19.9675046</value>
        </Data>
        <Data name="Longitude">
          <value>73.7798811</value>
        </Data>
        <Data name="Place_ID">
          <value>ChIJqYEVWTrr3TsRgIQw8ENEh7M</value>
        </Data>
        <Data name="Source_File">
          <value>Nashik_Indira_Nagar_industrial.xlsx</value>
        </Data>
      </ExtendedData>
      <Point>
        <coordinates>
          73.7798811,19.9675046,0
        </coordinates>
      </Point>
    </Placemark>
    <Placemark>
      <name>RAVYO AUTO TECH PVT. LTD.</name>
      <description><![CDATA[Category: manufacturer<br>Address: D-1, Ishwar Park, near Church, Pandav Nagari, Indira Nagar, Nashik, Maharashtra 422009, India<br>Latitude: 19.9662992<br>Longitude: 73.7810198<br>Place_ID: ChIJO8aWLhLr3TsRgczJ3sSaFfA<br>Source_File: Nashik_Indira_Nagar_industrial.xlsx]]></description>
      <styleUrl>#icon-1899-0288D1</styleUrl>
      <ExtendedData>
        <Data name="Category">
          <value>manufacturer</value>
        </Data>
        <Data name="Address">
          <value>D-1, Ishwar Park, near Church, Pandav Nagari, Indira Nagar, Nashik, Maharashtra 422009, India</value>
        </Data>
        <Data name="Latitude">
          <value>19.9662992</value>
        </Data>
        <Data name="Longitude">
          <value>73.7810198</value>
        </Data>
        <Data name="Place_ID">
          <value>ChIJO8aWLhLr3TsRgczJ3sSaFfA</value>
        </Data>
        <Data name="Source_File">
          <value>Nashik_Indira_Nagar_industrial.xlsx</value>
        </Data>
      </ExtendedData>
      <Point>
        <coordinates>
          73.7810198,19.9662992,0
        </coordinates>
      </Point>
    </Placemark>
    <Placemark>
      <name>Shree Hans Fabrication</name>
      <description><![CDATA[Category: manufacturer<br>Address: Shop No.4, Surya Prakash Society, Bus Stop, Wadala - Pathardi Rd, near Sainath Nagar, Indira Nagar, Nashik, Maharashtra 422009, India<br>Latitude: 19.9758834<br>Longitude: 73.7888486<br>Place_ID: ChIJVzDJJyLr3TsRKZvmxx-CMyE<br>Source_File: Nashik_Indira_Nagar_industrial.xlsx]]></description>
      <styleUrl>#icon-1899-0288D1</styleUrl>
      <ExtendedData>
        <Data name="Category">
          <value>manufacturer</value>
        </Data>
        <Data name="Address">
          <value>Shop No.4, Surya Prakash Society, Bus Stop, Wadala - Pathardi Rd, near Sainath Nagar, Indira Nagar, Nashik, Maharashtra 422009, India</value>
        </Data>
        <Data name="Latitude">
          <value>19.9758834</value>
        </Data>
        <Data name="Longitude">
          <value>73.7888486</value>
        </Data>
        <Data name="Place_ID">
          <value>ChIJVzDJJyLr3TsRKZvmxx-CMyE</value>
        </Data>
        <Data name="Source_File">
          <value>Nashik_Indira_Nagar_industrial.xlsx</value>
        </Data>
      </ExtendedData>
      <Point>
        <coordinates>
          73.7888486,19.9758834,0
        </coordinates>
      </Point>
    </Placemark>
    <Placemark>
      <name>Taiba Ss Art</name>
      <description><![CDATA[Category: manufacturer<br>Address: WadalaRoad, College, near JMCT COLLEGE, Sai Nath Nagar, Jmct, Nashik, Maharashtra 422006, India<br>Latitude: 19.9749884<br>Longitude: 73.7932252<br>Place_ID: ChIJW93wt3br3TsRD0F6RE0HZJY<br>Source_File: Nashik_Indira_Nagar_industrial.xlsx]]></description>
      <styleUrl>#icon-1899-0288D1</styleUrl>
      <ExtendedData>
        <Data name="Category">
          <value>manufacturer</value>
        </Data>
        <Data name="Address">
          <value>WadalaRoad, College, near JMCT COLLEGE, Sai Nath Nagar, Jmct, Nashik, Maharashtra 422006, India</value>
        </Data>
        <Data name="Latitude">
          <value>19.9749884</value>
        </Data>
        <Data name="Longitude">
          <value>73.7932252</value>
        </Data>
        <Data name="Place_ID">
          <value>ChIJW93wt3br3TsRD0F6RE0HZJY</value>
        </Data>
        <Data name="Source_File">
          <value>Nashik_Indira_Nagar_industrial.xlsx</value>
        </Data>
      </ExtendedData>
      <Point>
        <coordinates>
          73.7932252,19.9749884,0
        </coordinates>
      </Point>
    </Placemark>
    <Placemark>
      <name>mascot traders</name>
      <description><![CDATA[Category: manufacturer<br>Address: Deacon Homes, plot no.3/331/1-A, Samarth Nagar,wadala, pathardi, opp. Metro Zone, Samarth Nagar, Dnyaneshwar Nagar, Pathardi Phata, Nashik, Maharashtra 422009, India<br>Latitude: 19.9540106<br>Longitude: 73.7752392<br>Place_ID: ChIJn7oO2jTr3TsRqQZt44-pINE<br>Source_File: Nashik_Pathardi_Phata_industrial.xlsx]]></description>
      <styleUrl>#icon-1899-0288D1</styleUrl>
      <ExtendedData>
        <Data name="Category">
          <value>manufacturer</value>
        </Data>
        <Data name="Address">
          <value>Deacon Homes, plot no.3/331/1-A, Samarth Nagar,wadala, pathardi, opp. Metro Zone, Samarth Nagar, Dnyaneshwar Nagar, Pathardi Phata, Nashik, Maharashtra 422009, India</value>
        </Data>
        <Data name="Latitude">
          <value>19.9540106</value>
        </Data>
        <Data name="Longitude">
          <value>73.7752392</value>
        </Data>
        <Data name="Place_ID">
          <value>ChIJn7oO2jTr3TsRqQZt44-pINE</value>
        </Data>
        <Data name="Source_File">
          <value>Nashik_Pathardi_Phata_industrial.xlsx</value>
        </Data>
      </ExtendedData>
      <Point>
        <coordinates>
          73.7752392,19.9540106,0
        </coordinates>
      </Point>
    </Placemark>
    <Placemark>
      <name>VAISHNAVI TRADERS</name>
      <description><![CDATA[Category: manufacturer<br>Address: SONAWANE MALA, KRUSHNAI NAGAR, Chetana nagar, Pathardi Phata, Nashik, Maharashtra 422009, India<br>Latitude: 19.9602588<br>Longitude: 73.7709436<br>Place_ID: ChIJGWGPnq3r3TsRHlynyNpXnls<br>Source_File: Nashik_Pathardi_Phata_industrial.xlsx]]></description>
      <styleUrl>#icon-1899-0288D1</styleUrl>
      <ExtendedData>
        <Data name="Category">
          <value>manufacturer</value>
        </Data>
        <Data name="Address">
          <value>SONAWANE MALA, KRUSHNAI NAGAR, Chetana nagar, Pathardi Phata, Nashik, Maharashtra 422009, India</value>
        </Data>
        <Data name="Latitude">
          <value>19.9602588</value>
        </Data>
        <Data name="Longitude">
          <value>73.7709436</value>
        </Data>
        <Data name="Place_ID">
          <value>ChIJGWGPnq3r3TsRHlynyNpXnls</value>
        </Data>
        <Data name="Source_File">
          <value>Nashik_Pathardi_Phata_industrial.xlsx</value>
        </Data>
      </ExtendedData>
      <Point>
        <coordinates>
          73.7709436,19.9602588,0
        </coordinates>
      </Point>
    </Placemark>
    <Placemark>
      <name>Clean era</name>
      <description><![CDATA[Category: manufacturer<br>Address: XQGV+F6J, Wadala Rd, Khode Nagar, Mamta Nagar, Kalpataru Nagar, Nashik, Maharashtra 422006, India<br>Latitude: 19.9762172<br>Longitude: 73.7930133<br>Place_ID: ChIJoYgOBgDr3TsRkUUUifgCU-A<br>Source_File: Nashik_Wadala_Road_industrial.xlsx]]></description>
      <styleUrl>#icon-1899-0288D1</styleUrl>
      <ExtendedData>
        <Data name="Category">
          <value>manufacturer</value>
        </Data>
        <Data name="Address">
          <value>XQGV+F6J, Wadala Rd, Khode Nagar, Mamta Nagar, Kalpataru Nagar, Nashik, Maharashtra 422006, India</value>
        </Data>
        <Data name="Latitude">
          <value>19.9762172</value>
        </Data>
        <Data name="Longitude">
          <value>73.7930133</value>
        </Data>
        <Data name="Place_ID">
          <value>ChIJoYgOBgDr3TsRkUUUifgCU-A</value>
        </Data>
        <Data name="Source_File">
          <value>Nashik_Wadala_Road_industrial.xlsx</value>
        </Data>
      </ExtendedData>
      <Point>
        <coordinates>
          73.7930133,19.9762172,0
        </coordinates>
      </Point>
    </Placemark>
    <Placemark>
      <name>FMPT ECO PAPER BAGS MANUFACTURERS NASHIK</name>
      <description><![CDATA[Category: manufacturer<br>Address: Sr No. 82/5, Pujya Sri Sri Ravishankar Marg, opp. Mhada Building, Vidhate Nagar, Wadala Gaon, Nashik, Maharashtra 422006, India<br>Latitude: 19.9685351<br>Longitude: 73.799947<br>Place_ID: ChIJtdz7rB_r3TsRdFkEqG1CNL8<br>Source_File: Nashik_Wadala_Road_industrial.xlsx]]></description>
      <styleUrl>#icon-1899-0288D1</styleUrl>
      <ExtendedData>
        <Data name="Category">
          <value>manufacturer</value>
        </Data>
        <Data name="Address">
          <value>Sr No. 82/5, Pujya Sri Sri Ravishankar Marg, opp. Mhada Building, Vidhate Nagar, Wadala Gaon, Nashik, Maharashtra 422006, India</value>
        </Data>
        <Data name="Latitude">
          <value>19.9685351</value>
        </Data>
        <Data name="Longitude">
          <value>73.799947</value>
        </Data>
        <Data name="Place_ID">
          <value>ChIJtdz7rB_r3TsRdFkEqG1CNL8</value>
        </Data>
        <Data name="Source_File">
          <value>Nashik_Wadala_Road_industrial.xlsx</value>
        </Data>
      </ExtendedData>
      <Point>
        <coordinates>
          73.799947,19.9685351,0
        </coordinates>
      </Point>
    </Placemark>
    <Placemark>
      <name>RN REVOLVING OFFICE CHAIRS</name>
      <description><![CDATA[Category: manufacturer<br>Address: 4, Wadala Rd, Jaydeep Nagar, Mamta Nagar, Kalpataru Nagar, Nashik, Maharashtra 422214, India<br>Latitude: 19.9743165<br>Longitude: 73.7933645<br>Place_ID: ChIJryU1DADr3TsRM7GaZzjIG78<br>Source_File: Nashik_Wadala_Road_industrial.xlsx]]></description>
      <styleUrl>#icon-1899-0288D1</styleUrl>
      <ExtendedData>
        <Data name="Category">
          <value>manufacturer</value>
        </Data>
        <Data name="Address">
          <value>4, Wadala Rd, Jaydeep Nagar, Mamta Nagar, Kalpataru Nagar, Nashik, Maharashtra 422214, India</value>
        </Data>
        <Data name="Latitude">
          <value>19.9743165</value>
        </Data>
        <Data name="Longitude">
          <value>73.7933645</value>
        </Data>
        <Data name="Place_ID">
          <value>ChIJryU1DADr3TsRM7GaZzjIG78</value>
        </Data>
        <Data name="Source_File">
          <value>Nashik_Wadala_Road_industrial.xlsx</value>
        </Data>
      </ExtendedData>
      <Point>
        <coordinates>
          73.7933645,19.9743165,0
        </coordinates>
      </Point>
    </Placemark>
    <Placemark>
      <name>BioMed InfoTech (BMIT)</name>
      <description><![CDATA[Category: manufacturer<br>Address: Flat No 20, Aashiyana Heights, Wadala Rd, next to JMCT College, Khode Nagar, Kalpataru Nagar, Nashik, Maharashtra 422006, India<br>Latitude: 19.9750877<br>Longitude: 73.7933588<br>Place_ID: ChIJTUm1pibr3TsRg0nSDmjOYbo<br>Source_File: Nashik_Wadala_Road_industrial.xlsx]]></description>
      <styleUrl>#icon-1899-0288D1</styleUrl>
      <ExtendedData>
        <Data name="Category">
          <value>manufacturer</value>
        </Data>
        <Data name="Address">
          <value>Flat No 20, Aashiyana Heights, Wadala Rd, next to JMCT College, Khode Nagar, Kalpataru Nagar, Nashik, Maharashtra 422006, India</value>
        </Data>
        <Data name="Latitude">
          <value>19.9750877</value>
        </Data>
        <Data name="Longitude">
          <value>73.7933588</value>
        </Data>
        <Data name="Place_ID">
          <value>ChIJTUm1pibr3TsRg0nSDmjOYbo</value>
        </Data>
        <Data name="Source_File">
          <value>Nashik_Wadala_Road_industrial.xlsx</value>
        </Data>
      </ExtendedData>
      <Point>
        <coordinates>
          73.7933588,19.9750877,0
        </coordinates>
      </Point>
    </Placemark>
    <Placemark>
      <name>CAKE FACTORY</name>
      <description><![CDATA[Category: cake_shop<br>Address: Shop no 2 Madhura apartment, Jail road, Deshmukh Bhavan, Old Saikheda Rd, near MH15 hotel, Nashik Road, Nashik, Maharashtra 422101, India<br>Latitude: 19.9769331<br>Longitude: 73.8416168<br>Place_ID: ChIJN9_otZPr3TsR1Iy_fBtXe6o<br>Source_File: Nashik_Nashik_Road_industrial.xlsx]]></description>
      <styleUrl>#icon-1899-0288D1</styleUrl>
      <ExtendedData>
        <Data name="Category">
          <value>cake_shop</value>
        </Data>
        <Data name="Address">
          <value>Shop no 2 Madhura apartment, Jail road, Deshmukh Bhavan, Old Saikheda Rd, near MH15 hotel, Nashik Road, Nashik, Maharashtra 422101, India</value>
        </Data>
        <Data name="Latitude">
          <value>19.9769331</value>
        </Data>
        <Data name="Longitude">
          <value>73.8416168</value>
        </Data>
        <Data name="Place_ID">
          <value>ChIJN9_otZPr3TsR1Iy_fBtXe6o</value>
        </Data>
        <Data name="Source_File">
          <value>Nashik_Nashik_Road_industrial.xlsx</value>
        </Data>
      </ExtendedData>
      <Point>
        <coordinates>
          73.8416168,19.9769331,0
        </coordinates>
      </Point>
    </Placemark>
    <Placemark>
      <name>Sainath Steel Traders</name>
      <description><![CDATA[Category: manufacturer<br>Address: CHANDRAVILAS SOCIETY, PUNJAB COLONY, Jail Rd, nr. KANKRIYA TRADERS, Shivaji Nagar, Nashik Road, Nashik, Maharashtra 422101, India<br>Latitude: 19.9721243<br>Longitude: 73.8409175<br>Place_ID: ChIJuXjVEt3r3TsRARfGkutH5_4<br>Source_File: Nashik_Nashik_Road_industrial.xlsx]]></description>
      <styleUrl>#icon-1899-0288D1</styleUrl>
      <ExtendedData>
        <Data name="Category">
          <value>manufacturer</value>
        </Data>
        <Data name="Address">
          <value>CHANDRAVILAS SOCIETY, PUNJAB COLONY, Jail Rd, nr. KANKRIYA TRADERS, Shivaji Nagar, Nashik Road, Nashik, Maharashtra 422101, India</value>
        </Data>
        <Data name="Latitude">
          <value>19.9721243</value>
        </Data>
        <Data name="Longitude">
          <value>73.8409175</value>
        </Data>
        <Data name="Place_ID">
          <value>ChIJuXjVEt3r3TsRARfGkutH5_4</value>
        </Data>
        <Data name="Source_File">
          <value>Nashik_Nashik_Road_industrial.xlsx</value>
        </Data>
      </ExtendedData>
      <Point>
        <coordinates>
          73.8409175,19.9721243,0
        </coordinates>
      </Point>
    </Placemark>
    <Placemark>
      <name>RJ Kalantri Group</name>
      <description><![CDATA[Category: manufacturer<br>Address: Kalantri House, Rajwada Nagar, Nashik Road, Nashik, Maharashtra 422101, India<br>Latitude: 19.950544<br>Longitude: 73.8414288<br>Place_ID: ChIJCWBy0VeV3TsRDbfgn05LvqY<br>Source_File: Nashik_nDeolali_Gao_industrial.xlsx]]></description>
      <styleUrl>#icon-1899-0288D1</styleUrl>
      <ExtendedData>
        <Data name="Category">
          <value>manufacturer</value>
        </Data>
        <Data name="Address">
          <value>Kalantri House, Rajwada Nagar, Nashik Road, Nashik, Maharashtra 422101, India</value>
        </Data>
        <Data name="Latitude">
          <value>19.950544</value>
        </Data>
        <Data name="Longitude">
          <value>73.8414288</value>
        </Data>
        <Data name="Place_ID">
          <value>ChIJCWBy0VeV3TsRDbfgn05LvqY</value>
        </Data>
        <Data name="Source_File">
          <value>Nashik_nDeolali_Gao_industrial.xlsx</value>
        </Data>
      </ExtendedData>
      <Point>
        <coordinates>
          73.8414288,19.950544,0
        </coordinates>
      </Point>
    </Placemark>
    <Placemark>
      <name>Maharashtra Ice Factory</name>
      <description><![CDATA[Category: manufacturer<br>Address: 233-3-305 near Nashikroad Railway Station , Kadam Compound, Subhash Rd, P&T Colony, Rajwada Nagar, Nashik Road, Nashik, Maharashtra 422101, India<br>Latitude: 19.947028<br>Longitude: 73.8411257<br>Place_ID: ChIJ_Ss-EliV3TsRjqFLxZtSzZI<br>Source_File: Nashik_nDeolali_Gao_industrial.xlsx]]></description>
      <styleUrl>#icon-1899-0288D1</styleUrl>
      <ExtendedData>
        <Data name="Category">
          <value>manufacturer</value>
        </Data>
        <Data name="Address">
          <value><![CDATA[233-3-305 near Nashikroad Railway Station , Kadam Compound, Subhash Rd, P&T Colony, Rajwada Nagar, Nashik Road, Nashik, Maharashtra 422101, India]]></value>
        </Data>
        <Data name="Latitude">
          <value>19.947028</value>
        </Data>
        <Data name="Longitude">
          <value>73.8411257</value>
        </Data>
        <Data name="Place_ID">
          <value>ChIJ_Ss-EliV3TsRjqFLxZtSzZI</value>
        </Data>
        <Data name="Source_File">
          <value>Nashik_nDeolali_Gao_industrial.xlsx</value>
        </Data>
      </ExtendedData>
      <Point>
        <coordinates>
          73.8411257,19.947028,0
        </coordinates>
      </Point>
    </Placemark>
    <Placemark>
      <name>Poorva Chemtech Pvt Ltd</name>
      <description><![CDATA[Category: corporate_office<br>Address: M-113, Panchwati, MIDC Ambad, Nashik, Maharashtra 422010, India<br>Latitude: 19.964181<br>Longitude: 73.744261<br>Place_ID: ChIJE0swSabs3TsRCQ0Fiok5kfM<br>Source_File: Nashik_Ambad_industrial.xlsx]]></description>
      <styleUrl>#icon-1899-0288D1</styleUrl>
      <ExtendedData>
        <Data name="Category">
          <value>corporate_office</value>
        </Data>
        <Data name="Address">
          <value>M-113, Panchwati, MIDC Ambad, Nashik, Maharashtra 422010, India</value>
        </Data>
        <Data name="Latitude">
          <value>19.964181</value>
        </Data>
        <Data name="Longitude">
          <value>73.744261</value>
        </Data>
        <Data name="Place_ID">
          <value>ChIJE0swSabs3TsRCQ0Fiok5kfM</value>
        </Data>
        <Data name="Source_File">
          <value>Nashik_Ambad_industrial.xlsx</value>
        </Data>
      </ExtendedData>
      <Point>
        <coordinates>
          73.744261,19.964181,0
        </coordinates>
      </Point>
    </Placemark>
    <Placemark>
      <name>MALPANI SQUARE</name>
      <description><![CDATA[Category: corporate_office<br>Address: Shravan Sector, Ashwin Nagar, Nashik, Maharashtra 422008, India<br>Latitude: 19.9628573<br>Longitude: 73.7569957<br>Place_ID: ChIJdXJ7EDzr3TsReH0JU9N0aaQ<br>Source_File: Nashik_CIDCO_industrial.xlsx]]></description>
      <styleUrl>#icon-1899-0288D1</styleUrl>
      <ExtendedData>
        <Data name="Category">
          <value>corporate_office</value>
        </Data>
        <Data name="Address">
          <value>Shravan Sector, Ashwin Nagar, Nashik, Maharashtra 422008, India</value>
        </Data>
        <Data name="Latitude">
          <value>19.9628573</value>
        </Data>
        <Data name="Longitude">
          <value>73.7569957</value>
        </Data>
        <Data name="Place_ID">
          <value>ChIJdXJ7EDzr3TsReH0JU9N0aaQ</value>
        </Data>
        <Data name="Source_File">
          <value>Nashik_CIDCO_industrial.xlsx</value>
        </Data>
      </ExtendedData>
      <Point>
        <coordinates>
          73.7569957,19.9628573,0
        </coordinates>
      </Point>
    </Placemark>
    <Placemark>
      <name>Hindustan Hardy Spicer Limited</name>
      <description><![CDATA[Category: general_contractor<br>Address: Plot No. C, 12, MIDC Ambad, Nashik, Maharashtra 422010, India<br>Latitude: 19.9624064<br>Longitude: 73.7365204<br>Place_ID: ChIJ6evgq37f3TsRTNawOBhi6Gs<br>Source_File: Nashik_Ambad_industrial.xlsx]]></description>
      <styleUrl>#icon-1899-0288D1</styleUrl>
      <ExtendedData>
        <Data name="Category">
          <value>general_contractor</value>
        </Data>
        <Data name="Address">
          <value>Plot No. C, 12, MIDC Ambad, Nashik, Maharashtra 422010, India</value>
        </Data>
        <Data name="Latitude">
          <value>19.9624064</value>
        </Data>
        <Data name="Longitude">
          <value>73.7365204</value>
        </Data>
        <Data name="Place_ID">
          <value>ChIJ6evgq37f3TsRTNawOBhi6Gs</value>
        </Data>
        <Data name="Source_File">
          <value>Nashik_Ambad_industrial.xlsx</value>
        </Data>
      </ExtendedData>
      <Point>
        <coordinates>
          73.7365204,19.9624064,0
        </coordinates>
      </Point>
    </Placemark>
    <Placemark>
      <name>Bright steel India (Railing Solutions Nashik)</name>
      <description><![CDATA[Category: general_contractor<br>Address: A3, Krishna Nagar, MIDC Ambad, Nashik, Maharashtra 422010, India<br>Latitude: 19.967118<br>Longitude: 73.7396198<br>Place_ID: ChIJ5S4TQK7t3TsRlwdmUEUrxM0<br>Source_File: Nashik_Ambad_industrial.xlsx]]></description>
      <styleUrl>#icon-1899-0288D1</styleUrl>
      <ExtendedData>
        <Data name="Category">
          <value>general_contractor</value>
        </Data>
        <Data name="Address">
          <value>A3, Krishna Nagar, MIDC Ambad, Nashik, Maharashtra 422010, India</value>
        </Data>
        <Data name="Latitude">
          <value>19.967118</value>
        </Data>
        <Data name="Longitude">
          <value>73.7396198</value>
        </Data>
        <Data name="Place_ID">
          <value>ChIJ5S4TQK7t3TsRlwdmUEUrxM0</value>
        </Data>
        <Data name="Source_File">
          <value>Nashik_Ambad_industrial.xlsx</value>
        </Data>
      </ExtendedData>
      <Point>
        <coordinates>
          73.7396198,19.967118,0
        </coordinates>
      </Point>
    </Placemark>
    <Placemark>
      <name>Choudhary Steel Industries - Steel Works, Glass Railings,</name>
      <description><![CDATA[Category: general_contractor<br>Address: Shop No. 3, Pathardi to Ambad Rd, MIDC Ambad, Nashik, Maharashtra 422010, India<br>Latitude: 19.9620711<br>Longitude: 73.7484309<br>Place_ID: ChIJsW0xFKXs3TsRnEQLbj7VxLk<br>Source_File: Nashik_CIDCO_industrial.xlsx]]></description>
      <styleUrl>#icon-1899-0288D1</styleUrl>
      <ExtendedData>
        <Data name="Category">
          <value>general_contractor</value>
        </Data>
        <Data name="Address">
          <value>Shop No. 3, Pathardi to Ambad Rd, MIDC Ambad, Nashik, Maharashtra 422010, India</value>
        </Data>
        <Data name="Latitude">
          <value>19.9620711</value>
        </Data>
        <Data name="Longitude">
          <value>73.7484309</value>
        </Data>
        <Data name="Place_ID">
          <value>ChIJsW0xFKXs3TsRnEQLbj7VxLk</value>
        </Data>
        <Data name="Source_File">
          <value>Nashik_CIDCO_industrial.xlsx</value>
        </Data>
      </ExtendedData>
      <Point>
        <coordinates>
          73.7484309,19.9620711,0
        </coordinates>
      </Point>
    </Placemark>
    <Placemark>
      <name>Pareemal Industries</name>
      <description><![CDATA[Category: manufacturer<br>Address: M-97, Additional Industrial Area, MIDC Ambad, Nashik, Maharashtra 422010, India<br>Latitude: 19.9635243<br>Longitude: 73.7422073<br>Place_ID: ChIJ1eqbCFbr3TsRk7ccBjm5aZs<br>Source_File: Nashik_Ambad_industrial.xlsx]]></description>
      <styleUrl>#icon-1899-0288D1</styleUrl>
      <ExtendedData>
        <Data name="Category">
          <value>manufacturer</value>
        </Data>
        <Data name="Address">
          <value>M-97, Additional Industrial Area, MIDC Ambad, Nashik, Maharashtra 422010, India</value>
        </Data>
        <Data name="Latitude">
          <value>19.9635243</value>
        </Data>
        <Data name="Longitude">
          <value>73.7422073</value>
        </Data>
        <Data name="Place_ID">
          <value>ChIJ1eqbCFbr3TsRk7ccBjm5aZs</value>
        </Data>
        <Data name="Source_File">
          <value>Nashik_Ambad_industrial.xlsx</value>
        </Data>
      </ExtendedData>
      <Point>
        <coordinates>
          73.7422073,19.9635243,0
        </coordinates>
      </Point>
    </Placemark>
    <Placemark>
      <name>Ambad</name>
      <description><![CDATA[Category: manufacturer<br>Address: Navnath nagar, near parnay stamping, MIDC Ambad, Nashik, Maharashtra 422010, India<br>Latitude: 19.9672243<br>Longitude: 73.7383136<br>Place_ID: ChIJsft2smvr3TsRylTyqq6x-Fc<br>Source_File: Nashik_Ambad_industrial.xlsx]]></description>
      <styleUrl>#icon-1899-0288D1</styleUrl>
      <ExtendedData>
        <Data name="Category">
          <value>manufacturer</value>
        </Data>
        <Data name="Address">
          <value>Navnath nagar, near parnay stamping, MIDC Ambad, Nashik, Maharashtra 422010, India</value>
        </Data>
        <Data name="Latitude">
          <value>19.9672243</value>
        </Data>
        <Data name="Longitude">
          <value>73.7383136</value>
        </Data>
        <Data name="Place_ID">
          <value>ChIJsft2smvr3TsRylTyqq6x-Fc</value>
        </Data>
        <Data name="Source_File">
          <value>Nashik_Ambad_industrial.xlsx</value>
        </Data>
      </ExtendedData>
      <Point>
        <coordinates>
          73.7383136,19.9672243,0
        </coordinates>
      </Point>
    </Placemark>
    <Placemark>
      <name>Rever Industries</name>
      <description><![CDATA[Category: manufacturer<br>Address: Plot No. M-100, 7, Panchwati, MIDC Ambad, Nashik, Maharashtra 422010, India<br>Latitude: 19.964862<br>Longitude: 73.7438418<br>Place_ID: ChIJy4nrW6bs3TsR_K9OnLVXqC8<br>Source_File: Nashik_Ambad_industrial.xlsx]]></description>
      <styleUrl>#icon-1899-0288D1</styleUrl>
      <ExtendedData>
        <Data name="Category">
          <value>manufacturer</value>
        </Data>
        <Data name="Address">
          <value>Plot No. M-100, 7, Panchwati, MIDC Ambad, Nashik, Maharashtra 422010, India</value>
        </Data>
        <Data name="Latitude">
          <value>19.964862</value>
        </Data>
        <Data name="Longitude">
          <value>73.7438418</value>
        </Data>
        <Data name="Place_ID">
          <value>ChIJy4nrW6bs3TsR_K9OnLVXqC8</value>
        </Data>
        <Data name="Source_File">
          <value>Nashik_Ambad_industrial.xlsx</value>
        </Data>
      </ExtendedData>
      <Point>
        <coordinates>
          73.7438418,19.964862,0
        </coordinates>
      </Point>
    </Placemark>
    <Placemark>
      <name>Fortuna Engineering Nashik Private Limited</name>
      <description><![CDATA[Category: manufacturer<br>Address: Fortuna S28, Panchwati, MIDC Ambad, Nashik, Maharashtra 422010, India<br>Latitude: 19.961704<br>Longitude: 73.7431673<br>Place_ID: ChIJ1eqbCFbr3TsRak7PCW3vRQw<br>Source_File: Nashik_Ambad_industrial.xlsx]]></description>
      <styleUrl>#icon-1899-0288D1</styleUrl>
      <ExtendedData>
        <Data name="Category">
          <value>manufacturer</value>
        </Data>
        <Data name="Address">
          <value>Fortuna S28, Panchwati, MIDC Ambad, Nashik, Maharashtra 422010, India</value>
        </Data>
        <Data name="Latitude">
          <value>19.961704</value>
        </Data>
        <Data name="Longitude">
          <value>73.7431673</value>
        </Data>
        <Data name="Place_ID">
          <value>ChIJ1eqbCFbr3TsRak7PCW3vRQw</value>
        </Data>
        <Data name="Source_File">
          <value>Nashik_Ambad_industrial.xlsx</value>
        </Data>
      </ExtendedData>
      <Point>
        <coordinates>
          73.7431673,19.961704,0
        </coordinates>
      </Point>
    </Placemark>
    <Placemark>
      <name>Nimbus Industries</name>
      <description><![CDATA[Category: manufacturer<br>Address: Ambad, M-100 Shed No 8 M I, D C, Ambad - Uttam Nagar Rd, Panchwati, MIDC Ambad, Nashik, Maharashtra 422010, India<br>Latitude: 19.9649194<br>Longitude: 73.7439907<br>Place_ID: ChIJ____v6_s3TsRGowMJOOMlYo<br>Source_File: Nashik_Ambad_industrial.xlsx]]></description>
      <styleUrl>#icon-1899-0288D1</styleUrl>
      <ExtendedData>
        <Data name="Category">
          <value>manufacturer</value>
        </Data>
        <Data name="Address">
          <value>Ambad, M-100 Shed No 8 M I, D C, Ambad - Uttam Nagar Rd, Panchwati, MIDC Ambad, Nashik, Maharashtra 422010, India</value>
        </Data>
        <Data name="Latitude">
          <value>19.9649194</value>
        </Data>
        <Data name="Longitude">
          <value>73.7439907</value>
        </Data>
        <Data name="Place_ID">
          <value>ChIJ____v6_s3TsRGowMJOOMlYo</value>
        </Data>
        <Data name="Source_File">
          <value>Nashik_Ambad_industrial.xlsx</value>
        </Data>
      </ExtendedData>
      <Point>
        <coordinates>
          73.7439907,19.9649194,0
        </coordinates>
      </Point>
    </Placemark>
    <Placemark>
      <name>Emkay Forgings</name>
      <description><![CDATA[Category: manufacturer<br>Address: MIDC Ambad, Panchwati, MIDC Ambad, Nashik, Maharashtra 422010, India<br>Latitude: 19.9626775<br>Longitude: 73.74335<br>Place_ID: ChIJG0wdZzWT3TsRSjumncEG7zo<br>Source_File: Nashik_Ambad_industrial.xlsx]]></description>
      <styleUrl>#icon-1899-0288D1</styleUrl>
      <ExtendedData>
        <Data name="Category">
          <value>manufacturer</value>
        </Data>
        <Data name="Address">
          <value>MIDC Ambad, Panchwati, MIDC Ambad, Nashik, Maharashtra 422010, India</value>
        </Data>
        <Data name="Latitude">
          <value>19.9626775</value>
        </Data>
        <Data name="Longitude">
          <value>73.74335</value>
        </Data>
        <Data name="Place_ID">
          <value>ChIJG0wdZzWT3TsRSjumncEG7zo</value>
        </Data>
        <Data name="Source_File">
          <value>Nashik_Ambad_industrial.xlsx</value>
        </Data>
      </ExtendedData>
      <Point>
        <coordinates>
          73.74335,19.9626775,0
        </coordinates>
      </Point>
    </Placemark>
    <Placemark>
      <name><![CDATA[V & G INDUSTRIES]]></name>
      <description><![CDATA[Category: manufacturer<br>Address: D1/1AMBAD, near EXLO POINT, MIDC Area, MIDC Ambad, Nashik, Maharashtra 422010, India<br>Latitude: 19.9639052<br>Longitude: 73.7376024<br>Place_ID: ChIJ9TM_GKXs3TsRzZiccxFjX6U<br>Source_File: Nashik_Ambad_industrial.xlsx]]></description>
      <styleUrl>#icon-1899-0288D1</styleUrl>
      <ExtendedData>
        <Data name="Category">
          <value>manufacturer</value>
        </Data>
        <Data name="Address">
          <value>D1/1AMBAD, near EXLO POINT, MIDC Area, MIDC Ambad, Nashik, Maharashtra 422010, India</value>
        </Data>
        <Data name="Latitude">
          <value>19.9639052</value>
        </Data>
        <Data name="Longitude">
          <value>73.7376024</value>
        </Data>
        <Data name="Place_ID">
          <value>ChIJ9TM_GKXs3TsRzZiccxFjX6U</value>
        </Data>
        <Data name="Source_File">
          <value>Nashik_Ambad_industrial.xlsx</value>
        </Data>
      </ExtendedData>
      <Point>
        <coordinates>
          73.7376024,19.9639052,0
        </coordinates>
      </Point>
    </Placemark>
    <Placemark>
      <name>M S Industrial Components PVT LTD</name>
      <description><![CDATA[Category: manufacturer<br>Address: MIDC Ambad, Nashik, Maharashtra 422010, India<br>Latitude: 19.9629254<br>Longitude: 73.7379155<br>Place_ID: ChIJhwhtEW3t3TsROfSyiOV5daQ<br>Source_File: Nashik_Ambad_industrial.xlsx]]></description>
      <styleUrl>#icon-1899-0288D1</styleUrl>
      <ExtendedData>
        <Data name="Category">
          <value>manufacturer</value>
        </Data>
        <Data name="Address">
          <value>MIDC Ambad, Nashik, Maharashtra 422010, India</value>
        </Data>
        <Data name="Latitude">
          <value>19.9629254</value>
        </Data>
        <Data name="Longitude">
          <value>73.7379155</value>
        </Data>
        <Data name="Place_ID">
          <value>ChIJhwhtEW3t3TsROfSyiOV5daQ</value>
        </Data>
        <Data name="Source_File">
          <value>Nashik_Ambad_industrial.xlsx</value>
        </Data>
      </ExtendedData>
      <Point>
        <coordinates>
          73.7379155,19.9629254,0
        </coordinates>
      </Point>
    </Placemark>
    <Placemark>
      <name>Shree Swami Engineering</name>
      <description><![CDATA[Category: manufacturer<br>Address: Plot no. M107, MIDC Ambad, near Old Mungi Brothers Company, Ambad Khrud, Panchwati, MIDC Ambad, Nashik, Maharashtra 422010, India<br>Latitude: 19.9637993<br>Longitude: 73.7444192<br>Place_ID: ChIJd-Dbap_r3TsRt_4TmYNm-Oc<br>Source_File: Nashik_Ambad_industrial.xlsx]]></description>
      <styleUrl>#icon-1899-0288D1</styleUrl>
      <ExtendedData>
        <Data name="Category">
          <value>manufacturer</value>
        </Data>
        <Data name="Address">
          <value>Plot no. M107, MIDC Ambad, near Old Mungi Brothers Company, Ambad Khrud, Panchwati, MIDC Ambad, Nashik, Maharashtra 422010, India</value>
        </Data>
        <Data name="Latitude">
          <value>19.9637993</value>
        </Data>
        <Data name="Longitude">
          <value>73.7444192</value>
        </Data>
        <Data name="Place_ID">
          <value>ChIJd-Dbap_r3TsRt_4TmYNm-Oc</value>
        </Data>
        <Data name="Source_File">
          <value>Nashik_Ambad_industrial.xlsx</value>
        </Data>
      </ExtendedData>
      <Point>
        <coordinates>
          73.7444192,19.9637993,0
        </coordinates>
      </Point>
    </Placemark>
    <Placemark>
      <name>R S Engineering works</name>
      <description><![CDATA[Category: manufacturer<br>Address: Plot behind, Ambad Gaon Rd, Ambad Khrud, Panchwati, MIDC Ambad, Nashik, Maharashtra 422010, India<br>Latitude: 19.9639733<br>Longitude: 73.7444533<br>Place_ID: ChIJvTb3V3nt3TsRTQFL4G_LA3k<br>Source_File: Nashik_Ambad_industrial.xlsx]]></description>
      <styleUrl>#icon-1899-0288D1</styleUrl>
      <ExtendedData>
        <Data name="Category">
          <value>manufacturer</value>
        </Data>
        <Data name="Address">
          <value>Plot behind, Ambad Gaon Rd, Ambad Khrud, Panchwati, MIDC Ambad, Nashik, Maharashtra 422010, India</value>
        </Data>
        <Data name="Latitude">
          <value>19.9639733</value>
        </Data>
        <Data name="Longitude">
          <value>73.7444533</value>
        </Data>
        <Data name="Place_ID">
          <value>ChIJvTb3V3nt3TsRTQFL4G_LA3k</value>
        </Data>
        <Data name="Source_File">
          <value>Nashik_Ambad_industrial.xlsx</value>
        </Data>
      </ExtendedData>
      <Point>
        <coordinates>
          73.7444533,19.9639733,0
        </coordinates>
      </Point>
    </Placemark>
    <Placemark>
      <name><![CDATA[Shree Ram Steel India - SS Pipe & SS Sheet Supplier]]></name>
      <description><![CDATA[Category: manufacturer<br>Address: Plot No. PAP32, Gala No. 2, XLO Point, MIDC Ambad, Nashik, Maharashtra 422010, India<br>Latitude: 19.9633422<br>Longitude: 73.7377911<br>Place_ID: ChIJeRG6DZ3t3TsRYLOetybxmw8<br>Source_File: Nashik_Ambad_industrial.xlsx]]></description>
      <styleUrl>#icon-1899-0288D1</styleUrl>
      <ExtendedData>
        <Data name="Category">
          <value>manufacturer</value>
        </Data>
        <Data name="Address">
          <value>Plot No. PAP32, Gala No. 2, XLO Point, MIDC Ambad, Nashik, Maharashtra 422010, India</value>
        </Data>
        <Data name="Latitude">
          <value>19.9633422</value>
        </Data>
        <Data name="Longitude">
          <value>73.7377911</value>
        </Data>
        <Data name="Place_ID">
          <value>ChIJeRG6DZ3t3TsRYLOetybxmw8</value>
        </Data>
        <Data name="Source_File">
          <value>Nashik_Ambad_industrial.xlsx</value>
        </Data>
      </ExtendedData>
      <Point>
        <coordinates>
          73.7377911,19.9633422,0
        </coordinates>
      </Point>
    </Placemark>
    <Placemark>
      <name>Jagdamba metal India</name>
      <description><![CDATA[Category: manufacturer<br>Address: XP8Q+WXF, MIDC Ambad, Nashik, Maharashtra 422010, India<br>Latitude: 19.9673039<br>Longitude: 73.7399192<br>Place_ID: ChIJlfFxLQDt3TsR3cNDj2PxF00<br>Source_File: Nashik_Ambad_industrial.xlsx]]></description>
      <styleUrl>#icon-1899-0288D1</styleUrl>
      <ExtendedData>
        <Data name="Category">
          <value>manufacturer</value>
        </Data>
        <Data name="Address">
          <value>XP8Q+WXF, MIDC Ambad, Nashik, Maharashtra 422010, India</value>
        </Data>
        <Data name="Latitude">
          <value>19.9673039</value>
        </Data>
        <Data name="Longitude">
          <value>73.7399192</value>
        </Data>
        <Data name="Place_ID">
          <value>ChIJlfFxLQDt3TsR3cNDj2PxF00</value>
        </Data>
        <Data name="Source_File">
          <value>Nashik_Ambad_industrial.xlsx</value>
        </Data>
      </ExtendedData>
      <Point>
        <coordinates>
          73.7399192,19.9673039,0
        </coordinates>
      </Point>
    </Placemark>
    <Placemark>
      <name>NILKANTH METAL INDUSTRIES</name>
      <description><![CDATA[Category: manufacturer<br>Address: Reema Plaza, Plot Number 14, opp. Pearl Park Road, XLO Point, Ramkrishna Nagar, MIDC Ambad, Nashik, Maharashtra 422010, India<br>Latitude: 19.9637599<br>Longitude: 73.7329565<br>Place_ID: ChIJvWU8VLrs3TsRKBdKg6Bp9Lc<br>Source_File: Nashik_Ambad_industrial.xlsx]]></description>
      <styleUrl>#icon-1899-0288D1</styleUrl>
      <ExtendedData>
        <Data name="Category">
          <value>manufacturer</value>
        </Data>
        <Data name="Address">
          <value>Reema Plaza, Plot Number 14, opp. Pearl Park Road, XLO Point, Ramkrishna Nagar, MIDC Ambad, Nashik, Maharashtra 422010, India</value>
        </Data>
        <Data name="Latitude">
          <value>19.9637599</value>
        </Data>
        <Data name="Longitude">
          <value>73.7329565</value>
        </Data>
        <Data name="Place_ID">
          <value>ChIJvWU8VLrs3TsRKBdKg6Bp9Lc</value>
        </Data>
        <Data name="Source_File">
          <value>Nashik_Ambad_industrial.xlsx</value>
        </Data>
      </ExtendedData>
      <Point>
        <coordinates>
          73.7329565,19.9637599,0
        </coordinates>
      </Point>
    </Placemark>
    <Placemark>
      <name>Jayshree Steels</name>
      <description><![CDATA[Category: manufacturer<br>Address: Shop no. 10/11, pearl park, Road, near XLO, Ambedkar Nagar, Chunchale, Nashik, Maharashtra 422010, India<br>Latitude: 19.9636259<br>Longitude: 73.7323089<br>Place_ID: ChIJVY9DyGft3TsRirT-cn6OTNI<br>Source_File: Nashik_Ambad_industrial.xlsx]]></description>
      <styleUrl>#icon-1899-0288D1</styleUrl>
      <ExtendedData>
        <Data name="Category">
          <value>manufacturer</value>
        </Data>
        <Data name="Address">
          <value>Shop no. 10/11, pearl park, Road, near XLO, Ambedkar Nagar, Chunchale, Nashik, Maharashtra 422010, India</value>
        </Data>
        <Data name="Latitude">
          <value>19.9636259</value>
        </Data>
        <Data name="Longitude">
          <value>73.7323089</value>
        </Data>
        <Data name="Place_ID">
          <value>ChIJVY9DyGft3TsRirT-cn6OTNI</value>
        </Data>
        <Data name="Source_File">
          <value>Nashik_Ambad_industrial.xlsx</value>
        </Data>
      </ExtendedData>
      <Point>
        <coordinates>
          73.7323089,19.9636259,0
        </coordinates>
      </Point>
    </Placemark>
    <Placemark>
      <name><![CDATA[Chemiclean Engineers & Contractors - Descaling Of Air Compressors]]></name>
      <description><![CDATA[Category: manufacturer<br>Address: 1 / 11, Super Town, Shrikrishna Nagar, Ambad - Uttam Nagar Road, Ambad Link Rd, Kamatwade, Nashik, Maharashtra 422010, India<br>Latitude: 19.9693264<br>Longitude: 73.7422702<br>Place_ID: ChIJmwrjHc_r3TsRVYa1AhAV7QE<br>Source_File: Nashik_Ambad_industrial.xlsx]]></description>
      <styleUrl>#icon-1899-0288D1</styleUrl>
      <ExtendedData>
        <Data name="Category">
          <value>manufacturer</value>
        </Data>
        <Data name="Address">
          <value>1 / 11, Super Town, Shrikrishna Nagar, Ambad - Uttam Nagar Road, Ambad Link Rd, Kamatwade, Nashik, Maharashtra 422010, India</value>
        </Data>
        <Data name="Latitude">
          <value>19.9693264</value>
        </Data>
        <Data name="Longitude">
          <value>73.7422702</value>
        </Data>
        <Data name="Place_ID">
          <value>ChIJmwrjHc_r3TsRVYa1AhAV7QE</value>
        </Data>
        <Data name="Source_File">
          <value>Nashik_Ambad_industrial.xlsx</value>
        </Data>
      </ExtendedData>
      <Point>
        <coordinates>
          73.7422702,19.9693264,0
        </coordinates>
      </Point>
    </Placemark>
    <Placemark>
      <name>YASHDEEP Industries</name>
      <description><![CDATA[Category: manufacturer<br>Address: MIDC Ambad, Nashik, Maharashtra 422010, India<br>Latitude: 19.9670349<br>Longitude: 73.7388846<br>Place_ID: ChIJU5dPZKTs3TsROeGBfhq9lv4<br>Source_File: Nashik_Ambad_industrial.xlsx]]></description>
      <styleUrl>#icon-1899-0288D1</styleUrl>
      <ExtendedData>
        <Data name="Category">
          <value>manufacturer</value>
        </Data>
        <Data name="Address">
          <value>MIDC Ambad, Nashik, Maharashtra 422010, India</value>
        </Data>
        <Data name="Latitude">
          <value>19.9670349</value>
        </Data>
        <Data name="Longitude">
          <value>73.7388846</value>
        </Data>
        <Data name="Place_ID">
          <value>ChIJU5dPZKTs3TsROeGBfhq9lv4</value>
        </Data>
        <Data name="Source_File">
          <value>Nashik_Ambad_industrial.xlsx</value>
        </Data>
      </ExtendedData>
      <Point>
        <coordinates>
          73.7388846,19.9670349,0
        </coordinates>
      </Point>
    </Placemark>
    <Placemark>
      <name>V- CHEM METAL TESTING LABORATORY</name>
      <description><![CDATA[Category: manufacturer<br>Address: Plot No. P-21, AIMA Hosue, Mahalakshmi Nagar, MIDC Ambad, Nashik, Maharashtra 422010, India<br>Latitude: 19.9665637<br>Longitude: 73.7406665<br>Place_ID: ChIJ-aDpE6Ts3TsRCGBZC_Wr0IE<br>Source_File: Nashik_Ambad_industrial.xlsx]]></description>
      <styleUrl>#icon-1899-0288D1</styleUrl>
      <ExtendedData>
        <Data name="Category">
          <value>manufacturer</value>
        </Data>
        <Data name="Address">
          <value>Plot No. P-21, AIMA Hosue, Mahalakshmi Nagar, MIDC Ambad, Nashik, Maharashtra 422010, India</value>
        </Data>
        <Data name="Latitude">
          <value>19.9665637</value>
        </Data>
        <Data name="Longitude">
          <value>73.7406665</value>
        </Data>
        <Data name="Place_ID">
          <value>ChIJ-aDpE6Ts3TsRCGBZC_Wr0IE</value>
        </Data>
        <Data name="Source_File">
          <value>Nashik_Ambad_industrial.xlsx</value>
        </Data>
      </ExtendedData>
      <Point>
        <coordinates>
          73.7406665,19.9665637,0
        </coordinates>
      </Point>
    </Placemark>
    <Placemark>
      <name>Machine House (India) Pvt Ltd - Insulation Pads, Machine Mounts, Precision Leveling Wedges/Mounts, Anti Vibration Tables</name>
      <description><![CDATA[Category: manufacturer<br>Address: W - 82 (A, MIDC Ambad, Nashik, Maharashtra 422010, India<br>Latitude: 19.9622926<br>Longitude: 73.7394345<br>Place_ID: ChIJ____v6_s3TsRhmxWIgBobyY<br>Source_File: Nashik_Ambad_industrial.xlsx]]></description>
      <styleUrl>#icon-1899-0288D1</styleUrl>
      <ExtendedData>
        <Data name="Category">
          <value>manufacturer</value>
        </Data>
        <Data name="Address">
          <value>W - 82 (A, MIDC Ambad, Nashik, Maharashtra 422010, India</value>
        </Data>
        <Data name="Latitude">
          <value>19.9622926</value>
        </Data>
        <Data name="Longitude">
          <value>73.7394345</value>
        </Data>
        <Data name="Place_ID">
          <value>ChIJ____v6_s3TsRhmxWIgBobyY</value>
        </Data>
        <Data name="Source_File">
          <value>Nashik_Ambad_industrial.xlsx</value>
        </Data>
      </ExtendedData>
      <Point>
        <coordinates>
          73.7394345,19.9622926,0
        </coordinates>
      </Point>
    </Placemark>
    <Placemark>
      <name>Ahire Machine Tools Pvt Ltd - Work Holding Solutions, Drilling/Tapping Machines, Toggle/Wedge Clamps, Vices, Drill Chuck/Bits</name>
      <description><![CDATA[Category: manufacturer<br>Address: D1/18, MIDC Ambad, Nashik, Maharashtra 422010, India<br>Latitude: 19.9661704<br>Longitude: 73.7372087<br>Place_ID: ChIJ_SG9q1ft3TsR6oiquoq6d0s<br>Source_File: Nashik_Ambad_industrial.xlsx]]></description>
      <styleUrl>#icon-1899-0288D1</styleUrl>
      <ExtendedData>
        <Data name="Category">
          <value>manufacturer</value>
        </Data>
        <Data name="Address">
          <value>D1/18, MIDC Ambad, Nashik, Maharashtra 422010, India</value>
        </Data>
        <Data name="Latitude">
          <value>19.9661704</value>
        </Data>
        <Data name="Longitude">
          <value>73.7372087</value>
        </Data>
        <Data name="Place_ID">
          <value>ChIJ_SG9q1ft3TsR6oiquoq6d0s</value>
        </Data>
        <Data name="Source_File">
          <value>Nashik_Ambad_industrial.xlsx</value>
        </Data>
      </ExtendedData>
      <Point>
        <coordinates>
          73.7372087,19.9661704,0
        </coordinates>
      </Point>
    </Placemark>
    <Placemark>
      <name>SI Industrial Solutions</name>
      <description><![CDATA[Category: manufacturer<br>Address: HP Petrol pump Ambad, Bandawane Estate, Kewal Park Rd, Bajrang Nagar, B/H, Gorakhe Nagar, Prof. Gorakhe Nagar, Nashik, Maharashtra 422010, India<br>Latitude: 19.9743739<br>Longitude: 73.7359667<br>Place_ID: ChIJfVZRz4_t3TsRQwEj9prZwRI<br>Source_File: Nashik_CIDCO_industrial.xlsx]]></description>
      <styleUrl>#icon-1899-0288D1</styleUrl>
      <ExtendedData>
        <Data name="Category">
          <value>manufacturer</value>
        </Data>
        <Data name="Address">
          <value>HP Petrol pump Ambad, Bandawane Estate, Kewal Park Rd, Bajrang Nagar, B/H, Gorakhe Nagar, Prof. Gorakhe Nagar, Nashik, Maharashtra 422010, India</value>
        </Data>
        <Data name="Latitude">
          <value>19.9743739</value>
        </Data>
        <Data name="Longitude">
          <value>73.7359667</value>
        </Data>
        <Data name="Place_ID">
          <value>ChIJfVZRz4_t3TsRQwEj9prZwRI</value>
        </Data>
        <Data name="Source_File">
          <value>Nashik_CIDCO_industrial.xlsx</value>
        </Data>
      </ExtendedData>
      <Point>
        <coordinates>
          73.7359667,19.9743739,0
        </coordinates>
      </Point>
    </Placemark>
    <Placemark>
      <name>Bhoomi Steel manufacturing</name>
      <description><![CDATA[Category: manufacturer<br>Address: XP9Q+62M, Plot no 202, Datir Rd, behind Amber Auto Engineering, MIDC Ambad, Mala, Nashik, Maharashtra 422010, India<br>Latitude: 19.9681616<br>Longitude: 73.7373759<br>Place_ID: ChIJzfoKSADt3TsRaSxFJy9LEoE<br>Source_File: Nashik_CIDCO_industrial.xlsx]]></description>
      <styleUrl>#icon-1899-0288D1</styleUrl>
      <ExtendedData>
        <Data name="Category">
          <value>manufacturer</value>
        </Data>
        <Data name="Address">
          <value>XP9Q+62M, Plot no 202, Datir Rd, behind Amber Auto Engineering, MIDC Ambad, Mala, Nashik, Maharashtra 422010, India</value>
        </Data>
        <Data name="Latitude">
          <value>19.9681616</value>
        </Data>
        <Data name="Longitude">
          <value>73.7373759</value>
        </Data>
        <Data name="Place_ID">
          <value>ChIJzfoKSADt3TsRaSxFJy9LEoE</value>
        </Data>
        <Data name="Source_File">
          <value>Nashik_CIDCO_industrial.xlsx</value>
        </Data>
      </ExtendedData>
      <Point>
        <coordinates>
          73.7373759,19.9681616,0
        </coordinates>
      </Point>
    </Placemark>
    <Placemark>
      <name>Heera Trading Company</name>
      <description><![CDATA[Category: manufacturer<br>Address: N 42 JE 2-8-2, Cidco Rd, opp. Apollo Pharmacy, Savata Nagar, Nashik, Maharashtra 422008, India<br>Latitude: 19.9787769<br>Longitude: 73.7566135<br>Place_ID: ChIJlV5P_J_r3TsRCyW-5mNH7to<br>Source_File: Nashik_CIDCO_industrial.xlsx]]></description>
      <styleUrl>#icon-1899-0288D1</styleUrl>
      <ExtendedData>
        <Data name="Category">
          <value>manufacturer</value>
        </Data>
        <Data name="Address">
          <value>N 42 JE 2-8-2, Cidco Rd, opp. Apollo Pharmacy, Savata Nagar, Nashik, Maharashtra 422008, India</value>
        </Data>
        <Data name="Latitude">
          <value>19.9787769</value>
        </Data>
        <Data name="Longitude">
          <value>73.7566135</value>
        </Data>
        <Data name="Place_ID">
          <value>ChIJlV5P_J_r3TsRCyW-5mNH7to</value>
        </Data>
        <Data name="Source_File">
          <value>Nashik_CIDCO_industrial.xlsx</value>
        </Data>
      </ExtendedData>
      <Point>
        <coordinates>
          73.7566135,19.9787769,0
        </coordinates>
      </Point>
    </Placemark>
    <Placemark>
      <name>J I STEEL INDUSTRIES - STAINLESS STEEL ALUMINIUM COPPER BRASS</name>
      <description><![CDATA[Category: manufacturer<br>Address: Shop No-5,6, Chinchole road, Pearl Park Rd, opp. A.K.Tools, XLO Point, Ambedkar Nagar, MIDC Ambad, Nashik, Maharashtra 422010, India<br>Latitude: 19.9636671<br>Longitude: 73.7321058<br>Place_ID: ChIJT93JvPPt3TsR8xyMMU69MBE<br>Source_File: Nashik_CIDCO_industrial.xlsx]]></description>
      <styleUrl>#icon-1899-0288D1</styleUrl>
      <ExtendedData>
        <Data name="Category">
          <value>manufacturer</value>
        </Data>
        <Data name="Address">
          <value>Shop No-5,6, Chinchole road, Pearl Park Rd, opp. A.K.Tools, XLO Point, Ambedkar Nagar, MIDC Ambad, Nashik, Maharashtra 422010, India</value>
        </Data>
        <Data name="Latitude">
          <value>19.9636671</value>
        </Data>
        <Data name="Longitude">
          <value>73.7321058</value>
        </Data>
        <Data name="Place_ID">
          <value>ChIJT93JvPPt3TsR8xyMMU69MBE</value>
        </Data>
        <Data name="Source_File">
          <value>Nashik_CIDCO_industrial.xlsx</value>
        </Data>
      </ExtendedData>
      <Point>
        <coordinates>
          73.7321058,19.9636671,0
        </coordinates>
      </Point>
    </Placemark>
    <Placemark>
      <name>Nectar steel art</name>
      <description><![CDATA[Category: manufacturer<br>Address: shop.no.13, Building Number 5, Ambad Link Rd, near Bhole Mangal Karyalay, Rugved Society, GajananNagar, Mahajan Nagar, Nashik, Maharashtra 422010, India<br>Latitude: 19.9705295<br>Longitude: 73.7517959<br>Place_ID: ChIJP7CIFO_r3TsRyQdzAE6fotE<br>Source_File: Nashik_CIDCO_industrial.xlsx]]></description>
      <styleUrl>#icon-1899-0288D1</styleUrl>
      <ExtendedData>
        <Data name="Category">
          <value>manufacturer</value>
        </Data>
        <Data name="Address">
          <value>shop.no.13, Building Number 5, Ambad Link Rd, near Bhole Mangal Karyalay, Rugved Society, GajananNagar, Mahajan Nagar, Nashik, Maharashtra 422010, India</value>
        </Data>
        <Data name="Latitude">
          <value>19.9705295</value>
        </Data>
        <Data name="Longitude">
          <value>73.7517959</value>
        </Data>
        <Data name="Place_ID">
          <value>ChIJP7CIFO_r3TsRyQdzAE6fotE</value>
        </Data>
        <Data name="Source_File">
          <value>Nashik_CIDCO_industrial.xlsx</value>
        </Data>
      </ExtendedData>
      <Point>
        <coordinates>
          73.7517959,19.9705295,0
        </coordinates>
      </Point>
    </Placemark>
    <Placemark>
      <name>Adinath Threads</name>
      <description><![CDATA[Category: manufacturer<br>Address: Datir Mala, Krishna Nagar, MIDC Ambad, Nashik, Maharashtra 422010, India<br>Latitude: 19.9695963<br>Longitude: 73.7388018<br>Place_ID: ChIJYY79XNrt3TsRn9vW7Tol-ik<br>Source_File: Nashik_CIDCO_industrial.xlsx]]></description>
      <styleUrl>#icon-1899-0288D1</styleUrl>
      <ExtendedData>
        <Data name="Category">
          <value>manufacturer</value>
        </Data>
        <Data name="Address">
          <value>Datir Mala, Krishna Nagar, MIDC Ambad, Nashik, Maharashtra 422010, India</value>
        </Data>
        <Data name="Latitude">
          <value>19.9695963</value>
        </Data>
        <Data name="Longitude">
          <value>73.7388018</value>
        </Data>
        <Data name="Place_ID">
          <value>ChIJYY79XNrt3TsRn9vW7Tol-ik</value>
        </Data>
        <Data name="Source_File">
          <value>Nashik_CIDCO_industrial.xlsx</value>
        </Data>
      </ExtendedData>
      <Point>
        <coordinates>
          73.7388018,19.9695963,0
        </coordinates>
      </Point>
    </Placemark>
    <Placemark>
      <name>Sintex - Relaiable Enterprises</name>
      <description><![CDATA[Category: manufacturer<br>Address: Ground Floor, Yogeshwar Vihar, opp. DHL Courier Office, Khutawad Nagar, Nashik, Maharashtra 422010, India<br>Latitude: 19.9789202<br>Longitude: 73.7464985<br>Place_ID: ChIJez8FYGbt3TsRbYcVFcA47VY<br>Source_File: Nashik_CIDCO_industrial.xlsx]]></description>
      <styleUrl>#icon-1899-0288D1</styleUrl>
      <ExtendedData>
        <Data name="Category">
          <value>manufacturer</value>
        </Data>
        <Data name="Address">
          <value>Ground Floor, Yogeshwar Vihar, opp. DHL Courier Office, Khutawad Nagar, Nashik, Maharashtra 422010, India</value>
        </Data>
        <Data name="Latitude">
          <value>19.9789202</value>
        </Data>
        <Data name="Longitude">
          <value>73.7464985</value>
        </Data>
        <Data name="Place_ID">
          <value>ChIJez8FYGbt3TsRbYcVFcA47VY</value>
        </Data>
        <Data name="Source_File">
          <value>Nashik_CIDCO_industrial.xlsx</value>
        </Data>
      </ExtendedData>
      <Point>
        <coordinates>
          73.7464985,19.9789202,0
        </coordinates>
      </Point>
    </Placemark>
    <Placemark>
      <name>Navkar Industries</name>
      <description><![CDATA[Category: manufacturer<br>Address: MIDC Ambad, Nashik, Maharashtra 422010, India<br>Latitude: 19.9629922<br>Longitude: 73.7385356<br>Place_ID: ChIJlfbnk9nt3TsR-Is7RfcNYQQ<br>Source_File: Nashik_MIDC_Ambad_industrial.xlsx]]></description>
      <styleUrl>#icon-1899-0288D1</styleUrl>
      <ExtendedData>
        <Data name="Category">
          <value>manufacturer</value>
        </Data>
        <Data name="Address">
          <value>MIDC Ambad, Nashik, Maharashtra 422010, India</value>
        </Data>
        <Data name="Latitude">
          <value>19.9629922</value>
        </Data>
        <Data name="Longitude">
          <value>73.7385356</value>
        </Data>
        <Data name="Place_ID">
          <value>ChIJlfbnk9nt3TsR-Is7RfcNYQQ</value>
        </Data>
        <Data name="Source_File">
          <value>Nashik_MIDC_Ambad_industrial.xlsx</value>
        </Data>
      </ExtendedData>
      <Point>
        <coordinates>
          73.7385356,19.9629922,0
        </coordinates>
      </Point>
    </Placemark>
    <Placemark>
      <name>Surya Steel</name>
      <description><![CDATA[Category: manufacturer<br>Address: Shop No 5, Jamdhade mala, Ambad-pathardi link road, Near Sai Vijay Hotel, Ambad Land mark Sai vijay hotel, MIDC Ambad, Nashik, Maharashtra 422010, India<br>Latitude: 19.9618277<br>Longitude: 73.7490725<br>Place_ID: ChIJxzfhpbvs3TsRUj9NqMsPtCk<br>Source_File: Nashik_MIDC_Ambad_industrial.xlsx]]></description>
      <styleUrl>#icon-1899-0288D1</styleUrl>
      <ExtendedData>
        <Data name="Category">
          <value>manufacturer</value>
        </Data>
        <Data name="Address">
          <value>Shop No 5, Jamdhade mala, Ambad-pathardi link road, Near Sai Vijay Hotel, Ambad Land mark Sai vijay hotel, MIDC Ambad, Nashik, Maharashtra 422010, India</value>
        </Data>
        <Data name="Latitude">
          <value>19.9618277</value>
        </Data>
        <Data name="Longitude">
          <value>73.7490725</value>
        </Data>
        <Data name="Place_ID">
          <value>ChIJxzfhpbvs3TsRUj9NqMsPtCk</value>
        </Data>
        <Data name="Source_File">
          <value>Nashik_MIDC_Ambad_industrial.xlsx</value>
        </Data>
      </ExtendedData>
      <Point>
        <coordinates>
          73.7490725,19.9618277,0
        </coordinates>
      </Point>
    </Placemark>
    <Placemark>
      <name>Topcoat metal industries Nashik</name>
      <description><![CDATA[Category: manufacturer<br>Address: 19, Fadol Mala, Ajmeri Nagar, Nashik, Maharashtra 422010, India<br>Latitude: 19.9706691<br>Longitude: 73.7367187<br>Place_ID: ChIJ05uYLQDt3TsRlsjdvVrfO_4<br>Source_File: Nashik_Panchak_industrial.xlsx]]></description>
      <styleUrl>#icon-1899-0288D1</styleUrl>
      <ExtendedData>
        <Data name="Category">
          <value>manufacturer</value>
        </Data>
        <Data name="Address">
          <value>19, Fadol Mala, Ajmeri Nagar, Nashik, Maharashtra 422010, India</value>
        </Data>
        <Data name="Latitude">
          <value>19.9706691</value>
        </Data>
        <Data name="Longitude">
          <value>73.7367187</value>
        </Data>
        <Data name="Place_ID">
          <value>ChIJ05uYLQDt3TsRlsjdvVrfO_4</value>
        </Data>
        <Data name="Source_File">
          <value>Nashik_Panchak_industrial.xlsx</value>
        </Data>
      </ExtendedData>
      <Point>
        <coordinates>
          73.7367187,19.9706691,0
        </coordinates>
      </Point>
    </Placemark>
    <Placemark>
      <name>Nashik Steel</name>
      <description><![CDATA[Category: manufacturer<br>Address: PLOT NO.36A, Ambad Satpur Link Rd, next to Maheshwari Plaza, near XLO POINT, Ramkrishna Nagar, Sanjeev Nagar, Nashik, Maharashtra 422010, India<br>Latitude: 19.9651109<br>Longitude: 73.7329699<br>Place_ID: ChIJf9NwM5Ht3TsRPizGC1QMChM<br>Source_File: Nashik_Panchak_industrial.xlsx]]></description>
      <styleUrl>#icon-1899-0288D1</styleUrl>
      <ExtendedData>
        <Data name="Category">
          <value>manufacturer</value>
        </Data>
        <Data name="Address">
          <value>PLOT NO.36A, Ambad Satpur Link Rd, next to Maheshwari Plaza, near XLO POINT, Ramkrishna Nagar, Sanjeev Nagar, Nashik, Maharashtra 422010, India</value>
        </Data>
        <Data name="Latitude">
          <value>19.9651109</value>
        </Data>
        <Data name="Longitude">
          <value>73.7329699</value>
        </Data>
        <Data name="Place_ID">
          <value>ChIJf9NwM5Ht3TsRPizGC1QMChM</value>
        </Data>
        <Data name="Source_File">
          <value>Nashik_Panchak_industrial.xlsx</value>
        </Data>
      </ExtendedData>
      <Point>
        <coordinates>
          73.7329699,19.9651109,0
        </coordinates>
      </Point>
    </Placemark>
    <Placemark>
      <name>Payal steel</name>
      <description><![CDATA[Category: manufacturer<br>Address: 2, Pathardi to Ambad Rd, Saigram Nagar, MIDC Ambad, Nashik, Maharashtra 422010, India<br>Latitude: 19.9617776<br>Longitude: 73.7493398<br>Place_ID: ChIJMSlHRl_r3TsRGJdXiO0h1hI<br>Source_File: Nashik_Pathardi_Phata_industrial.xlsx]]></description>
      <styleUrl>#icon-1899-0288D1</styleUrl>
      <ExtendedData>
        <Data name="Category">
          <value>manufacturer</value>
        </Data>
        <Data name="Address">
          <value>2, Pathardi to Ambad Rd, Saigram Nagar, MIDC Ambad, Nashik, Maharashtra 422010, India</value>
        </Data>
        <Data name="Latitude">
          <value>19.9617776</value>
        </Data>
        <Data name="Longitude">
          <value>73.7493398</value>
        </Data>
        <Data name="Place_ID">
          <value>ChIJMSlHRl_r3TsRGJdXiO0h1hI</value>
        </Data>
        <Data name="Source_File">
          <value>Nashik_Pathardi_Phata_industrial.xlsx</value>
        </Data>
      </ExtendedData>
      <Point>
        <coordinates>
          73.7493398,19.9617776,0
        </coordinates>
      </Point>
    </Placemark>
    <Placemark>
      <name>Shukla Business Tower</name>
      <description><![CDATA[Category: business_center<br>Address: Shukla Business Tower (S B Tower, Ambad Kamatwade Rd, near Super Town, DGP Nagar 2, Murari Nagar, Nashik, Maharashtra 422010, India<br>Latitude: 19.9690785<br>Longitude: 73.7422534<br>Place_ID: ChIJUR-qeNzt3TsRvb28TLuGs0M<br>Source_File: Nashik_MIDC_Ambad_establishments.xlsx]]></description>
      <styleUrl>#icon-1899-0288D1</styleUrl>
      <ExtendedData>
        <Data name="Category">
          <value>business_center</value>
        </Data>
        <Data name="Address">
          <value>Shukla Business Tower (S B Tower, Ambad Kamatwade Rd, near Super Town, DGP Nagar 2, Murari Nagar, Nashik, Maharashtra 422010, India</value>
        </Data>
        <Data name="Latitude">
          <value>19.9690785</value>
        </Data>
        <Data name="Longitude">
          <value>73.7422534</value>
        </Data>
        <Data name="Place_ID">
          <value>ChIJUR-qeNzt3TsRvb28TLuGs0M</value>
        </Data>
        <Data name="Source_File">
          <value>Nashik_MIDC_Ambad_establishments.xlsx</value>
        </Data>
      </ExtendedData>
      <Point>
        <coordinates>
          73.7422534,19.9690785,0
        </coordinates>
      </Point>
    </Placemark>
    <Placemark>
      <name>Prosperon Industries</name>
      <description><![CDATA[Category: manufacturer<br>Address: Navnath Nagar, near Pranay Stamping Company, Krishna Nagar, MIDC Ambad, Nashik, Maharashtra 422010, India<br>Latitude: 19.9660333<br>Longitude: 73.7398387<br>Place_ID: ChIJoaqqqraU3TsRGU0cpgzqBCU<br>Source_File: Nashik_Ambad_establishments.xlsx]]></description>
      <styleUrl>#icon-1899-0288D1</styleUrl>
      <ExtendedData>
        <Data name="Category">
          <value>manufacturer</value>
        </Data>
        <Data name="Address">
          <value>Navnath Nagar, near Pranay Stamping Company, Krishna Nagar, MIDC Ambad, Nashik, Maharashtra 422010, India</value>
        </Data>
        <Data name="Latitude">
          <value>19.9660333</value>
        </Data>
        <Data name="Longitude">
          <value>73.7398387</value>
        </Data>
        <Data name="Place_ID">
          <value>ChIJoaqqqraU3TsRGU0cpgzqBCU</value>
        </Data>
        <Data name="Source_File">
          <value>Nashik_Ambad_establishments.xlsx</value>
        </Data>
      </ExtendedData>
      <Point>
        <coordinates>
          73.7398387,19.9660333,0
        </coordinates>
      </Point>
    </Placemark>
    <Placemark>
      <name>Arihant Enterprises - Knitted Gloves Manufacturer</name>
      <description><![CDATA[Category: manufacturer<br>Address: Krishna Nagar, MIDC Ambad, Nashik, Maharashtra 422010, India<br>Latitude: 19.9695571<br>Longitude: 73.7387991<br>Place_ID: ChIJyfSAeBnt3TsRith_ipW3DDI<br>Source_File: Nashik_Ambad_establishments.xlsx]]></description>
      <styleUrl>#icon-1899-0288D1</styleUrl>
      <ExtendedData>
        <Data name="Category">
          <value>manufacturer</value>
        </Data>
        <Data name="Address">
          <value>Krishna Nagar, MIDC Ambad, Nashik, Maharashtra 422010, India</value>
        </Data>
        <Data name="Latitude">
          <value>19.9695571</value>
        </Data>
        <Data name="Longitude">
          <value>73.7387991</value>
        </Data>
        <Data name="Place_ID">
          <value>ChIJyfSAeBnt3TsRith_ipW3DDI</value>
        </Data>
        <Data name="Source_File">
          <value>Nashik_Ambad_establishments.xlsx</value>
        </Data>
      </ExtendedData>
      <Point>
        <coordinates>
          73.7387991,19.9695571,0
        </coordinates>
      </Point>
    </Placemark>
    <Placemark>
      <name>Reliance Industries</name>
      <description><![CDATA[Category: manufacturer<br>Address: 1/2, MIDC Ambad, Nashik, Maharashtra 422010, India<br>Latitude: 19.9641309<br>Longitude: 73.7376752<br>Place_ID: ChIJpXonGaXs3TsR2ZWua3dEofo<br>Source_File: Nashik_Ambad_establishments.xlsx]]></description>
      <styleUrl>#icon-1899-0288D1</styleUrl>
      <ExtendedData>
        <Data name="Category">
          <value>manufacturer</value>
        </Data>
        <Data name="Address">
          <value>1/2, MIDC Ambad, Nashik, Maharashtra 422010, India</value>
        </Data>
        <Data name="Latitude">
          <value>19.9641309</value>
        </Data>
        <Data name="Longitude">
          <value>73.7376752</value>
        </Data>
        <Data name="Place_ID">
          <value>ChIJpXonGaXs3TsR2ZWua3dEofo</value>
        </Data>
        <Data name="Source_File">
          <value>Nashik_Ambad_establishments.xlsx</value>
        </Data>
      </ExtendedData>
      <Point>
        <coordinates>
          73.7376752,19.9641309,0
        </coordinates>
      </Point>
    </Placemark>
    <Placemark>
      <name>Nakul Enterprises</name>
      <description><![CDATA[Category: manufacturer<br>Address: Plot no.29, 10, behind Tip Top Plaza, behind Xlo point, XLO Point, Ambedkar Nagar, MIDC Ambad, Nashik, Maharashtra 422010, India<br>Latitude: 19.9622563<br>Longitude: 73.734822<br>Place_ID: ChIJAVRyt6_t3TsR1_VtPIZlFWs<br>Source_File: Nashik_MIDC_Ambad_establishments.xlsx]]></description>
      <styleUrl>#icon-1899-0288D1</styleUrl>
      <ExtendedData>
        <Data name="Category">
          <value>manufacturer</value>
        </Data>
        <Data name="Address">
          <value>Plot no.29, 10, behind Tip Top Plaza, behind Xlo point, XLO Point, Ambedkar Nagar, MIDC Ambad, Nashik, Maharashtra 422010, India</value>
        </Data>
        <Data name="Latitude">
          <value>19.9622563</value>
        </Data>
        <Data name="Longitude">
          <value>73.734822</value>
        </Data>
        <Data name="Place_ID">
          <value>ChIJAVRyt6_t3TsR1_VtPIZlFWs</value>
        </Data>
        <Data name="Source_File">
          <value>Nashik_MIDC_Ambad_establishments.xlsx</value>
        </Data>
      </ExtendedData>
      <Point>
        <coordinates>
          73.734822,19.9622563,0
        </coordinates>
      </Point>
    </Placemark>
    <Placemark>
      <name>Samruddhi Business Square</name>
      <description><![CDATA[Category: corporate_office<br>Address: Plot No. 8, S. No 7/1/1-8, Samruddhi Business Square, XQJV+9H4, Ashoka Marg, next to Jalsa Lawns, Jaydeep Nagar, Mamta Nagar, Nashik-6, Nashik, Maharashtra 422006, India<br>Latitude: 19.980887<br>Longitude: 73.793988<br>Place_ID: ChIJFwxuk97r3TsRzA260DRqcLM<br>Source_File: Nashik_Hanuman_Nagar_industrial.xlsx]]></description>
      <styleUrl>#icon-1899-0288D1</styleUrl>
      <ExtendedData>
        <Data name="Category">
          <value>corporate_office</value>
        </Data>
        <Data name="Address">
          <value>Plot No. 8, S. No 7/1/1-8, Samruddhi Business Square, XQJV+9H4, Ashoka Marg, next to Jalsa Lawns, Jaydeep Nagar, Mamta Nagar, Nashik-6, Nashik, Maharashtra 422006, India</value>
        </Data>
        <Data name="Latitude">
          <value>19.980887</value>
        </Data>
        <Data name="Longitude">
          <value>73.793988</value>
        </Data>
        <Data name="Place_ID">
          <value>ChIJFwxuk97r3TsRzA260DRqcLM</value>
        </Data>
        <Data name="Source_File">
          <value>Nashik_Hanuman_Nagar_industrial.xlsx</value>
        </Data>
      </ExtendedData>
      <Point>
        <coordinates>
          73.793988,19.980887,0
        </coordinates>
      </Point>
    </Placemark>
    <Placemark>
      <name>Dirk India Pvt limited</name>
      <description><![CDATA[Category: corporate_office<br>Address: XQHJ+98H, Kamod Nagar, Indira Nagar, Nashik, Maharashtra 422009, India<br>Latitude: 19.9784254<br>Longitude: 73.7808571<br>Place_ID: ChIJwZqquirr3TsRLkAJATMh7oM<br>Source_File: Nashik_Indira_Nagar_industrial.xlsx]]></description>
      <styleUrl>#icon-1899-0288D1</styleUrl>
      <ExtendedData>
        <Data name="Category">
          <value>corporate_office</value>
        </Data>
        <Data name="Address">
          <value>XQHJ+98H, Kamod Nagar, Indira Nagar, Nashik, Maharashtra 422009, India</value>
        </Data>
        <Data name="Latitude">
          <value>19.9784254</value>
        </Data>
        <Data name="Longitude">
          <value>73.7808571</value>
        </Data>
        <Data name="Place_ID">
          <value>ChIJwZqquirr3TsRLkAJATMh7oM</value>
        </Data>
        <Data name="Source_File">
          <value>Nashik_Indira_Nagar_industrial.xlsx</value>
        </Data>
      </ExtendedData>
      <Point>
        <coordinates>
          73.7808571,19.9784254,0
        </coordinates>
      </Point>
    </Placemark>
    <Placemark>
      <name>Grandiose Industries Pvt Ltd</name>
      <description><![CDATA[Category: corporate_office<br>Address: 13, Excellency Coop Hsg Society Ltd, Nashik, near Deepali Nagar, Shri Ram Nagar, Nashik, Maharashtra 422006, India<br>Latitude: 19.9792913<br>Longitude: 73.788552<br>Place_ID: ChIJq6qquhjr3TsRAsekmKhnC4w<br>Source_File: Nashik_Indira_Nagar_industrial.xlsx]]></description>
      <styleUrl>#icon-1899-0288D1</styleUrl>
      <ExtendedData>
        <Data name="Category">
          <value>corporate_office</value>
        </Data>
        <Data name="Address">
          <value>13, Excellency Coop Hsg Society Ltd, Nashik, near Deepali Nagar, Shri Ram Nagar, Nashik, Maharashtra 422006, India</value>
        </Data>
        <Data name="Latitude">
          <value>19.9792913</value>
        </Data>
        <Data name="Longitude">
          <value>73.788552</value>
        </Data>
        <Data name="Place_ID">
          <value>ChIJq6qquhjr3TsRAsekmKhnC4w</value>
        </Data>
        <Data name="Source_File">
          <value>Nashik_Indira_Nagar_industrial.xlsx</value>
        </Data>
      </ExtendedData>
      <Point>
        <coordinates>
          73.788552,19.9792913,0
        </coordinates>
      </Point>
    </Placemark>
    <Placemark>
      <name>InCube Coworking Space, Prakash Tower</name>
      <description><![CDATA[Category: corporate_office<br>Address: Prakash Tower, Mumbai Naka Cir, Mumbai Naka, Bhagwant Nagar, Renuka Nagar, Nashik, Maharashtra 422009, India<br>Latitude: 19.9832401<br>Longitude: 73.7821214<br>Place_ID: ChIJc7S6TwDr3TsRCeQX64NwC88<br>Source_File: Nashik_Mumbai_Naka_industrial.xlsx]]></description>
      <styleUrl>#icon-1899-0288D1</styleUrl>
      <ExtendedData>
        <Data name="Category">
          <value>corporate_office</value>
        </Data>
        <Data name="Address">
          <value>Prakash Tower, Mumbai Naka Cir, Mumbai Naka, Bhagwant Nagar, Renuka Nagar, Nashik, Maharashtra 422009, India</value>
        </Data>
        <Data name="Latitude">
          <value>19.9832401</value>
        </Data>
        <Data name="Longitude">
          <value>73.7821214</value>
        </Data>
        <Data name="Place_ID">
          <value>ChIJc7S6TwDr3TsRCeQX64NwC88</value>
        </Data>
        <Data name="Source_File">
          <value>Nashik_Mumbai_Naka_industrial.xlsx</value>
        </Data>
      </ExtendedData>
      <Point>
        <coordinates>
          73.7821214,19.9832401,0
        </coordinates>
      </Point>
    </Placemark>
    <Placemark>
      <name>UBIQUITY STEEL DETAILING PRIVATE LIMITED</name>
      <description><![CDATA[Category: general_contractor<br>Address: Govind Nagar, Nashik, Maharashtra 422009, India<br>Latitude: 19.9819553<br>Longitude: 73.7765279<br>Place_ID: ChIJ79Ahkqnr3TsRvrx41QyskCY<br>Source_File: Nashik_Hanuman_Nagar_industrial.xlsx]]></description>
      <styleUrl>#icon-1899-0288D1</styleUrl>
      <ExtendedData>
        <Data name="Category">
          <value>general_contractor</value>
        </Data>
        <Data name="Address">
          <value>Govind Nagar, Nashik, Maharashtra 422009, India</value>
        </Data>
        <Data name="Latitude">
          <value>19.9819553</value>
        </Data>
        <Data name="Longitude">
          <value>73.7765279</value>
        </Data>
        <Data name="Place_ID">
          <value>ChIJ79Ahkqnr3TsRvrx41QyskCY</value>
        </Data>
        <Data name="Source_File">
          <value>Nashik_Hanuman_Nagar_industrial.xlsx</value>
        </Data>
      </ExtendedData>
      <Point>
        <coordinates>
          73.7765279,19.9819553,0
        </coordinates>
      </Point>
    </Placemark>
    <Placemark>
      <name>Bluematrix Consultancy Private Limited</name>
      <description><![CDATA[Category: health<br>Address: Kamod Nagar, Indira Nagar, Nashik, Maharashtra 422009, India<br>Latitude: 19.9766587<br>Longitude: 73.7779811<br>Place_ID: ChIJo89R9z3r3TsRF1-cvg50ir4<br>Source_File: Nashik_Indira_Nagar_industrial.xlsx]]></description>
      <styleUrl>#icon-1899-0288D1</styleUrl>
      <ExtendedData>
        <Data name="Category">
          <value>health</value>
        </Data>
        <Data name="Address">
          <value>Kamod Nagar, Indira Nagar, Nashik, Maharashtra 422009, India</value>
        </Data>
        <Data name="Latitude">
          <value>19.9766587</value>
        </Data>
        <Data name="Longitude">
          <value>73.7779811</value>
        </Data>
        <Data name="Place_ID">
          <value>ChIJo89R9z3r3TsRF1-cvg50ir4</value>
        </Data>
        <Data name="Source_File">
          <value>Nashik_Indira_Nagar_industrial.xlsx</value>
        </Data>
      </ExtendedData>
      <Point>
        <coordinates>
          73.7779811,19.9766587,0
        </coordinates>
      </Point>
    </Placemark>
    <Placemark>
      <name>LED Lights manufacturers</name>
      <description><![CDATA[Category: manufacturer<br>Address: Shop no 6, Shree Appartment, Pakhal Rd, Dwarka, Nashik, Maharashtra 422001, India<br>Latitude: 19.9823511<br>Longitude: 73.7958705<br>Place_ID: ChIJpbO4bVvr3TsRYrBlyE3z5N0<br>Source_File: Nashik_Dwarka_industrial.xlsx]]></description>
      <styleUrl>#icon-1899-0288D1</styleUrl>
      <ExtendedData>
        <Data name="Category">
          <value>manufacturer</value>
        </Data>
        <Data name="Address">
          <value>Shop no 6, Shree Appartment, Pakhal Rd, Dwarka, Nashik, Maharashtra 422001, India</value>
        </Data>
        <Data name="Latitude">
          <value>19.9823511</value>
        </Data>
        <Data name="Longitude">
          <value>73.7958705</value>
        </Data>
        <Data name="Place_ID">
          <value>ChIJpbO4bVvr3TsRYrBlyE3z5N0</value>
        </Data>
        <Data name="Source_File">
          <value>Nashik_Dwarka_industrial.xlsx</value>
        </Data>
      </ExtendedData>
      <Point>
        <coordinates>
          73.7958705,19.9823511,0
        </coordinates>
      </Point>
    </Placemark>
    <Placemark>
      <name>Shivsagar Steel Rolling Mills</name>
      <description><![CDATA[Category: manufacturer<br>Address: Shop No 4, Shri Ganesh Annex, Tapovan Rd, near Podar School, Samta Nagar, Nashik, Maharashtra 422011, India<br>Latitude: 19.9864725<br>Longitude: 73.8101673<br>Place_ID: ChIJvedulNLr3TsR4Yt66tQ-VLE<br>Source_File: Nashik_Dwarka_industrial.xlsx]]></description>
      <styleUrl>#icon-1899-0288D1</styleUrl>
      <ExtendedData>
        <Data name="Category">
          <value>manufacturer</value>
        </Data>
        <Data name="Address">
          <value>Shop No 4, Shri Ganesh Annex, Tapovan Rd, near Podar School, Samta Nagar, Nashik, Maharashtra 422011, India</value>
        </Data>
        <Data name="Latitude">
          <value>19.9864725</value>
        </Data>
        <Data name="Longitude">
          <value>73.8101673</value>
        </Data>
        <Data name="Place_ID">
          <value>ChIJvedulNLr3TsR4Yt66tQ-VLE</value>
        </Data>
        <Data name="Source_File">
          <value>Nashik_Dwarka_industrial.xlsx</value>
        </Data>
      </ExtendedData>
      <Point>
        <coordinates>
          73.8101673,19.9864725,0
        </coordinates>
      </Point>
    </Placemark>
    <Placemark>
      <name><![CDATA[Star Steel Trader's]]></name>
      <description><![CDATA[Category: manufacturer<br>Address: 201, Ramdas Swami Marg, Ashirvad Nagar, RTO Colony, Uttara Nagar, Nashik, Maharashtra 422011, India<br>Latitude: 19.9802665<br>Longitude: 73.8084925<br>Place_ID: ChIJ7f8k6vbr3TsRwIkp3U32KxU<br>Source_File: Nashik_Dwarka_industrial.xlsx]]></description>
      <styleUrl>#icon-1899-0288D1</styleUrl>
      <ExtendedData>
        <Data name="Category">
          <value>manufacturer</value>
        </Data>
        <Data name="Address">
          <value>201, Ramdas Swami Marg, Ashirvad Nagar, RTO Colony, Uttara Nagar, Nashik, Maharashtra 422011, India</value>
        </Data>
        <Data name="Latitude">
          <value>19.9802665</value>
        </Data>
        <Data name="Longitude">
          <value>73.8084925</value>
        </Data>
        <Data name="Place_ID">
          <value>ChIJ7f8k6vbr3TsRwIkp3U32KxU</value>
        </Data>
        <Data name="Source_File">
          <value>Nashik_Dwarka_industrial.xlsx</value>
        </Data>
      </ExtendedData>
      <Point>
        <coordinates>
          73.8084925,19.9802665,0
        </coordinates>
      </Point>
    </Placemark>
    <Placemark>
      <name>Atul Chemicals</name>
      <description><![CDATA[Category: manufacturer<br>Address: Office No. 2, Deep Colony, Shramrajya Bunglow, HDFC Bank, Nashik - Pune Hwy, Bodhale Nagar, RTO Colony, Nashik, Maharashtra 422011, India<br>Latitude: 19.9814485<br>Longitude: 73.8057434<br>Place_ID: ChIJPeCRxOfq3TsReBPHox3qCvc<br>Source_File: Nashik_Dwarka_industrial.xlsx]]></description>
      <styleUrl>#icon-1899-0288D1</styleUrl>
      <ExtendedData>
        <Data name="Category">
          <value>manufacturer</value>
        </Data>
        <Data name="Address">
          <value>Office No. 2, Deep Colony, Shramrajya Bunglow, HDFC Bank, Nashik - Pune Hwy, Bodhale Nagar, RTO Colony, Nashik, Maharashtra 422011, India</value>
        </Data>
        <Data name="Latitude">
          <value>19.9814485</value>
        </Data>
        <Data name="Longitude">
          <value>73.8057434</value>
        </Data>
        <Data name="Place_ID">
          <value>ChIJPeCRxOfq3TsReBPHox3qCvc</value>
        </Data>
        <Data name="Source_File">
          <value>Nashik_Dwarka_industrial.xlsx</value>
        </Data>
      </ExtendedData>
      <Point>
        <coordinates>
          73.8057434,19.9814485,0
        </coordinates>
      </Point>
    </Placemark>
    <Placemark>
      <name>Hakimi TRADING COMPANY</name>
      <description><![CDATA[Category: manufacturer<br>Address: Tapovan Rd, Samta Nagar, Nashik, Maharashtra 422011, India<br>Latitude: 19.9823985<br>Longitude: 73.8104017<br>Place_ID: ChIJNQ2jpenq3TsRUMmhV7NEI44<br>Source_File: Nashik_Dwarka_industrial.xlsx]]></description>
      <styleUrl>#icon-1899-0288D1</styleUrl>
      <ExtendedData>
        <Data name="Category">
          <value>manufacturer</value>
        </Data>
        <Data name="Address">
          <value>Tapovan Rd, Samta Nagar, Nashik, Maharashtra 422011, India</value>
        </Data>
        <Data name="Latitude">
          <value>19.9823985</value>
        </Data>
        <Data name="Longitude">
          <value>73.8104017</value>
        </Data>
        <Data name="Place_ID">
          <value>ChIJNQ2jpenq3TsRUMmhV7NEI44</value>
        </Data>
        <Data name="Source_File">
          <value>Nashik_Dwarka_industrial.xlsx</value>
        </Data>
      </ExtendedData>
      <Point>
        <coordinates>
          73.8104017,19.9823985,0
        </coordinates>
      </Point>
    </Placemark>
    <Placemark>
      <name><![CDATA[S & S Engineering & Traders]]></name>
      <description><![CDATA[Category: manufacturer<br>Address: Noor Apt, 01, Wadala Rd, behind Sahyadri Hospital, opposite to Ganesh Mandir (NMC Garden, Jaydeep Nagar, Mamta Nagar, Kalpataru Nagar, Nashik, Maharashtra 422006, India<br>Latitude: 19.9808667<br>Longitude: 73.7924482<br>Place_ID: ChIJRfZeTmTr3TsRh10L8fcQ1u4<br>Source_File: Nashik_Hanuman_Nagar_industrial.xlsx]]></description>
      <styleUrl>#icon-1899-0288D1</styleUrl>
      <ExtendedData>
        <Data name="Category">
          <value>manufacturer</value>
        </Data>
        <Data name="Address">
          <value>Noor Apt, 01, Wadala Rd, behind Sahyadri Hospital, opposite to Ganesh Mandir (NMC Garden, Jaydeep Nagar, Mamta Nagar, Kalpataru Nagar, Nashik, Maharashtra 422006, India</value>
        </Data>
        <Data name="Latitude">
          <value>19.9808667</value>
        </Data>
        <Data name="Longitude">
          <value>73.7924482</value>
        </Data>
        <Data name="Place_ID">
          <value>ChIJRfZeTmTr3TsRh10L8fcQ1u4</value>
        </Data>
        <Data name="Source_File">
          <value>Nashik_Hanuman_Nagar_industrial.xlsx</value>
        </Data>
      </ExtendedData>
      <Point>
        <coordinates>
          73.7924482,19.9808667,0
        </coordinates>
      </Point>
    </Placemark>
    <Placemark>
      <name>SAMI FABRICATION WORKS</name>
      <description><![CDATA[Category: manufacturer<br>Address: Shop No 6, Neeldeep Apt, Police Chowki, Near, Deepali Nagar - Vinay Nagar Rd, Indira Nagar, Nashik, Maharashtra 422006, India<br>Latitude: 19.9795463<br>Longitude: 73.7907844<br>Place_ID: ChIJXxH5z_rr3TsRJDOKX6gS7rA<br>Source_File: Nashik_Hanuman_Nagar_industrial.xlsx]]></description>
      <styleUrl>#icon-1899-0288D1</styleUrl>
      <ExtendedData>
        <Data name="Category">
          <value>manufacturer</value>
        </Data>
        <Data name="Address">
          <value>Shop No 6, Neeldeep Apt, Police Chowki, Near, Deepali Nagar - Vinay Nagar Rd, Indira Nagar, Nashik, Maharashtra 422006, India</value>
        </Data>
        <Data name="Latitude">
          <value>19.9795463</value>
        </Data>
        <Data name="Longitude">
          <value>73.7907844</value>
        </Data>
        <Data name="Place_ID">
          <value>ChIJXxH5z_rr3TsRJDOKX6gS7rA</value>
        </Data>
        <Data name="Source_File">
          <value>Nashik_Hanuman_Nagar_industrial.xlsx</value>
        </Data>
      </ExtendedData>
      <Point>
        <coordinates>
          73.7907844,19.9795463,0
        </coordinates>
      </Point>
    </Placemark>
    <Placemark>
      <name>GOODLUCK GARMENTS</name>
      <description><![CDATA[Category: manufacturer<br>Address: Rajeshvari Park, Swamiraj Apartment, near Shushila Hospital, Khode Nagar, Mamta Nagar, Shivaji Nagar, Nashik, Maharashtra 422006, India<br>Latitude: 19.978413<br>Longitude: 73.79635<br>Place_ID: ChIJtQDu3g3r3TsRS0GYHNZr1t0<br>Source_File: Nashik_Hanuman_Nagar_industrial.xlsx]]></description>
      <styleUrl>#icon-1899-0288D1</styleUrl>
      <ExtendedData>
        <Data name="Category">
          <value>manufacturer</value>
        </Data>
        <Data name="Address">
          <value>Rajeshvari Park, Swamiraj Apartment, near Shushila Hospital, Khode Nagar, Mamta Nagar, Shivaji Nagar, Nashik, Maharashtra 422006, India</value>
        </Data>
        <Data name="Latitude">
          <value>19.978413</value>
        </Data>
        <Data name="Longitude">
          <value>73.79635</value>
        </Data>
        <Data name="Place_ID">
          <value>ChIJtQDu3g3r3TsRS0GYHNZr1t0</value>
        </Data>
        <Data name="Source_File">
          <value>Nashik_Hanuman_Nagar_industrial.xlsx</value>
        </Data>
      </ExtendedData>
      <Point>
        <coordinates>
          73.79635,19.978413,0
        </coordinates>
      </Point>
    </Placemark>
    <Placemark>
      <name>AV PACKAGING INDUSTRY</name>
      <description><![CDATA[Category: manufacturer<br>Address: Office No 4118, 4th Floor, Roongta Shoping Hub, Kamod Nagar, Indira Nagar, Nashik, Maharashtra 422009, India<br>Latitude: 19.9782457<br>Longitude: 73.7794247<br>Place_ID: ChIJKSUbEADr3TsReBkZK98foPo<br>Source_File: Nashik_Indira_Nagar_industrial.xlsx]]></description>
      <styleUrl>#icon-1899-0288D1</styleUrl>
      <ExtendedData>
        <Data name="Category">
          <value>manufacturer</value>
        </Data>
        <Data name="Address">
          <value>Office No 4118, 4th Floor, Roongta Shoping Hub, Kamod Nagar, Indira Nagar, Nashik, Maharashtra 422009, India</value>
        </Data>
        <Data name="Latitude">
          <value>19.9782457</value>
        </Data>
        <Data name="Longitude">
          <value>73.7794247</value>
        </Data>
        <Data name="Place_ID">
          <value>ChIJKSUbEADr3TsReBkZK98foPo</value>
        </Data>
        <Data name="Source_File">
          <value>Nashik_Indira_Nagar_industrial.xlsx</value>
        </Data>
      </ExtendedData>
      <Point>
        <coordinates>
          73.7794247,19.9782457,0
        </coordinates>
      </Point>
    </Placemark>
    <Placemark>
      <name>Jai bhole enterprises</name>
      <description><![CDATA[Category: manufacturer<br>Address: Ambad, Mumbai Naka, Bhagwant Nagar, Dr.Homi Bhabha Nagar, Nashik, Maharashtra 422010, India<br>Latitude: 19.9857309<br>Longitude: 73.7882263<br>Place_ID: ChIJkT2lZG_t3TsRurZuN_3J1CQ<br>Source_File: Nashik_Mumbai_Naka_industrial.xlsx]]></description>
      <styleUrl>#icon-1899-0288D1</styleUrl>
      <ExtendedData>
        <Data name="Category">
          <value>manufacturer</value>
        </Data>
        <Data name="Address">
          <value>Ambad, Mumbai Naka, Bhagwant Nagar, Dr.Homi Bhabha Nagar, Nashik, Maharashtra 422010, India</value>
        </Data>
        <Data name="Latitude">
          <value>19.9857309</value>
        </Data>
        <Data name="Longitude">
          <value>73.7882263</value>
        </Data>
        <Data name="Place_ID">
          <value>ChIJkT2lZG_t3TsRurZuN_3J1CQ</value>
        </Data>
        <Data name="Source_File">
          <value>Nashik_Mumbai_Naka_industrial.xlsx</value>
        </Data>
      </ExtendedData>
      <Point>
        <coordinates>
          73.7882263,19.9857309,0
        </coordinates>
      </Point>
    </Placemark>
    <Placemark>
      <name>Intellect Life Sciences Pvt. Ltd.</name>
      <description><![CDATA[Category: manufacturer<br>Address: XQMH+JV2, Near Karale Bunglow Chowk No. 3, Mumbai Naka, Govind Nagar, Nashik, Maharashtra 422009, India<br>Latitude: 19.9840139<br>Longitude: 73.779629<br>Place_ID: ChIJw0EESRfr3TsRM4Jf3vYqY74<br>Source_File: Nashik_Mumbai_Naka_industrial.xlsx]]></description>
      <styleUrl>#icon-1899-0288D1</styleUrl>
      <ExtendedData>
        <Data name="Category">
          <value>manufacturer</value>
        </Data>
        <Data name="Address">
          <value>XQMH+JV2, Near Karale Bunglow Chowk No. 3, Mumbai Naka, Govind Nagar, Nashik, Maharashtra 422009, India</value>
        </Data>
        <Data name="Latitude">
          <value>19.9840139</value>
        </Data>
        <Data name="Longitude">
          <value>73.779629</value>
        </Data>
        <Data name="Place_ID">
          <value>ChIJw0EESRfr3TsRM4Jf3vYqY74</value>
        </Data>
        <Data name="Source_File">
          <value>Nashik_Mumbai_Naka_industrial.xlsx</value>
        </Data>
      </ExtendedData>
      <Point>
        <coordinates>
          73.779629,19.9840139,0
        </coordinates>
      </Point>
    </Placemark>
    <Placemark>
      <name>S.R Enterprises</name>
      <description><![CDATA[Category: manufacturer<br>Address: Vinay Nagar, Nashik, Maharashtra 422006, India<br>Latitude: 19.9828742<br>Longitude: 73.7920601<br>Place_ID: ChIJsQMUWarr3TsRdPa4LYYEcus<br>Source_File: Nashik_Mumbai_Naka_industrial.xlsx]]></description>
      <styleUrl>#icon-1899-0288D1</styleUrl>
      <ExtendedData>
        <Data name="Category">
          <value>manufacturer</value>
        </Data>
        <Data name="Address">
          <value>Vinay Nagar, Nashik, Maharashtra 422006, India</value>
        </Data>
        <Data name="Latitude">
          <value>19.9828742</value>
        </Data>
        <Data name="Longitude">
          <value>73.7920601</value>
        </Data>
        <Data name="Place_ID">
          <value>ChIJsQMUWarr3TsRdPa4LYYEcus</value>
        </Data>
        <Data name="Source_File">
          <value>Nashik_Mumbai_Naka_industrial.xlsx</value>
        </Data>
      </ExtendedData>
      <Point>
        <coordinates>
          73.7920601,19.9828742,0
        </coordinates>
      </Point>
    </Placemark>
    <Placemark>
      <name>ISOTECH INDUSTRIES</name>
      <description><![CDATA[Category: manufacturer<br>Address: PLOT NO 17 PURAN SMURTI, Nashik - Pune Hwy, near TAGOR NAGAR, Narhar Nagar, Nashik Road, Nashik, Maharashtra 422006, India<br>Latitude: 19.9753576<br>Longitude: 73.8100253<br>Place_ID: ChIJM9X-skTr3TsR00__HtLgAP0<br>Source_File: Nashik_Nashik_Road_industrial.xlsx]]></description>
      <styleUrl>#icon-1899-0288D1</styleUrl>
      <ExtendedData>
        <Data name="Category">
          <value>manufacturer</value>
        </Data>
        <Data name="Address">
          <value>PLOT NO 17 PURAN SMURTI, Nashik - Pune Hwy, near TAGOR NAGAR, Narhar Nagar, Nashik Road, Nashik, Maharashtra 422006, India</value>
        </Data>
        <Data name="Latitude">
          <value>19.9753576</value>
        </Data>
        <Data name="Longitude">
          <value>73.8100253</value>
        </Data>
        <Data name="Place_ID">
          <value>ChIJM9X-skTr3TsR00__HtLgAP0</value>
        </Data>
        <Data name="Source_File">
          <value>Nashik_Nashik_Road_industrial.xlsx</value>
        </Data>
      </ExtendedData>
      <Point>
        <coordinates>
          73.8100253,19.9753576,0
        </coordinates>
      </Point>
    </Placemark>
    <Placemark>
      <name>PS INDUSTRIES</name>
      <description><![CDATA[Category: manufacturer<br>Address: 33/3A/9 sankatmochan colony, Tagore Nagar, Nashik, Maharashtra 422006, India<br>Latitude: 19.9747106<br>Longitude: 73.8061946<br>Place_ID: ChIJrZqCDRXr3TsRSW8pNKR_kX4<br>Source_File: Nashik_Nashik_Road_industrial.xlsx]]></description>
      <styleUrl>#icon-1899-0288D1</styleUrl>
      <ExtendedData>
        <Data name="Category">
          <value>manufacturer</value>
        </Data>
        <Data name="Address">
          <value>33/3A/9 sankatmochan colony, Tagore Nagar, Nashik, Maharashtra 422006, India</value>
        </Data>
        <Data name="Latitude">
          <value>19.9747106</value>
        </Data>
        <Data name="Longitude">
          <value>73.8061946</value>
        </Data>
        <Data name="Place_ID">
          <value>ChIJrZqCDRXr3TsRSW8pNKR_kX4</value>
        </Data>
        <Data name="Source_File">
          <value>Nashik_Nashik_Road_industrial.xlsx</value>
        </Data>
      </ExtendedData>
      <Point>
        <coordinates>
          73.8061946,19.9747106,0
        </coordinates>
      </Point>
    </Placemark>
    <Placemark>
      <name>Shree Samarth febrication work</name>
      <description><![CDATA[Category: manufacturer<br>Address: Wadala Rd, Khode Nagar, Mamta Nagar, Kalpataru Nagar, Nashik, Maharashtra 422006, India<br>Latitude: 19.9779937<br>Longitude: 73.7927367<br>Place_ID: ChIJl_TIHJnr3TsR3FXhFOCsHvw<br>Source_File: Nashik_Wadala_Road_industrial.xlsx]]></description>
      <styleUrl>#icon-1899-0288D1</styleUrl>
      <ExtendedData>
        <Data name="Category">
          <value>manufacturer</value>
        </Data>
        <Data name="Address">
          <value>Wadala Rd, Khode Nagar, Mamta Nagar, Kalpataru Nagar, Nashik, Maharashtra 422006, India</value>
        </Data>
        <Data name="Latitude">
          <value>19.9779937</value>
        </Data>
        <Data name="Longitude">
          <value>73.7927367</value>
        </Data>
        <Data name="Place_ID">
          <value>ChIJl_TIHJnr3TsR3FXhFOCsHvw</value>
        </Data>
        <Data name="Source_File">
          <value>Nashik_Wadala_Road_industrial.xlsx</value>
        </Data>
      </ExtendedData>
      <Point>
        <coordinates>
          73.7927367,19.9779937,0
        </coordinates>
      </Point>
    </Placemark>
    <Placemark>
      <name>Food Factory</name>
      <description><![CDATA[Category: premise<br>Address: XRH4+44H Food Factory, Shri Shri Ravi Shankar marg, Pujya Sri Sri Ravishankar Marg, near Prabhu Empire, Nashik Road, Nashik, Maharashtra 422006, India<br>Latitude: 19.9777119<br>Longitude: 73.8052032<br>Place_ID: ChIJTUzjPd3q3TsRQzlTH9eSAFc<br>Source_File: Nashik_Wadala_Road_industrial.xlsx]]></description>
      <styleUrl>#icon-1899-0288D1</styleUrl>
      <ExtendedData>
        <Data name="Category">
          <value>premise</value>
        </Data>
        <Data name="Address">
          <value>XRH4+44H Food Factory, Shri Shri Ravi Shankar marg, Pujya Sri Sri Ravishankar Marg, near Prabhu Empire, Nashik Road, Nashik, Maharashtra 422006, India</value>
        </Data>
        <Data name="Latitude">
          <value>19.9777119</value>
        </Data>
        <Data name="Longitude">
          <value>73.8052032</value>
        </Data>
        <Data name="Place_ID">
          <value>ChIJTUzjPd3q3TsRQzlTH9eSAFc</value>
        </Data>
        <Data name="Source_File">
          <value>Nashik_Wadala_Road_industrial.xlsx</value>
        </Data>
      </ExtendedData>
      <Point>
        <coordinates>
          73.8052032,19.9777119,0
        </coordinates>
      </Point>
    </Placemark>
    <Placemark>
      <name>Brown Panda</name>
      <description><![CDATA[Category: manufacturer<br>Address: Shop 7099, 7 floor roongta shopping hub National Highway, 3, Madhumangal Rd, Suchita Nagar, Kamod Nagar, Indira Nagar, Nashik, Maharashtra 422009, India<br>Latitude: 19.9783856<br>Longitude: 73.7799522<br>Place_ID: ChIJTbnO8-Pr3TsRRfBowJ6co5A<br>Source_File: Nashik_Indira_Nagar_establishments.xlsx]]></description>
      <styleUrl>#icon-1899-0288D1</styleUrl>
      <ExtendedData>
        <Data name="Category">
          <value>manufacturer</value>
        </Data>
        <Data name="Address">
          <value>Shop 7099, 7 floor roongta shopping hub National Highway, 3, Madhumangal Rd, Suchita Nagar, Kamod Nagar, Indira Nagar, Nashik, Maharashtra 422009, India</value>
        </Data>
        <Data name="Latitude">
          <value>19.9783856</value>
        </Data>
        <Data name="Longitude">
          <value>73.7799522</value>
        </Data>
        <Data name="Place_ID">
          <value>ChIJTbnO8-Pr3TsRRfBowJ6co5A</value>
        </Data>
        <Data name="Source_File">
          <value>Nashik_Indira_Nagar_establishments.xlsx</value>
        </Data>
      </ExtendedData>
      <Point>
        <coordinates>
          73.7799522,19.9783856,0
        </coordinates>
      </Point>
    </Placemark>
    <Placemark>
      <name>Gauri garments</name>
      <description><![CDATA[Category: manufacturer<br>Address: KeshavBhavan Plot No-9, Damodar Nagar, Jail Rd, Panchak, Nashik, Maharashtra 422101, India<br>Latitude: 19.9794074<br>Longitude: 73.8513435<br>Place_ID: ChIJV-U4LUXB3TsRJeiIbbszvpY<br>Source_File: Nashik_Nandur_Naka_industrial.xlsx]]></description>
      <styleUrl>#icon-1899-0288D1</styleUrl>
      <ExtendedData>
        <Data name="Category">
          <value>manufacturer</value>
        </Data>
        <Data name="Address">
          <value>KeshavBhavan Plot No-9, Damodar Nagar, Jail Rd, Panchak, Nashik, Maharashtra 422101, India</value>
        </Data>
        <Data name="Latitude">
          <value>19.9794074</value>
        </Data>
        <Data name="Longitude">
          <value>73.8513435</value>
        </Data>
        <Data name="Place_ID">
          <value>ChIJV-U4LUXB3TsRJeiIbbszvpY</value>
        </Data>
        <Data name="Source_File">
          <value>Nashik_Nandur_Naka_industrial.xlsx</value>
        </Data>
      </ExtendedData>
      <Point>
        <coordinates>
          73.8513435,19.9794074,0
        </coordinates>
      </Point>
    </Placemark>
    <Placemark>
      <name>Sintex - Gajanan Enterprises</name>
      <description><![CDATA[Category: manufacturer<br>Address: Shop No 12, Bus Stop, Jail Rd, near Sailani Baba, Umiya Housing Society, Dhara Society, Ashtvinayak Nagar, Nashik, Maharashtra 422101, India<br>Latitude: 19.9783657<br>Longitude: 73.8425173<br>Place_ID: ChIJ7-u2HX7B3TsRcrHcXauS1jA<br>Source_File: Nashik_Nandur_Naka_industrial.xlsx]]></description>
      <styleUrl>#icon-1899-0288D1</styleUrl>
      <ExtendedData>
        <Data name="Category">
          <value>manufacturer</value>
        </Data>
        <Data name="Address">
          <value>Shop No 12, Bus Stop, Jail Rd, near Sailani Baba, Umiya Housing Society, Dhara Society, Ashtvinayak Nagar, Nashik, Maharashtra 422101, India</value>
        </Data>
        <Data name="Latitude">
          <value>19.9783657</value>
        </Data>
        <Data name="Longitude">
          <value>73.8425173</value>
        </Data>
        <Data name="Place_ID">
          <value>ChIJ7-u2HX7B3TsRcrHcXauS1jA</value>
        </Data>
        <Data name="Source_File">
          <value>Nashik_Nandur_Naka_industrial.xlsx</value>
        </Data>
      </ExtendedData>
      <Point>
        <coordinates>
          73.8425173,19.9783657,0
        </coordinates>
      </Point>
    </Placemark>
    <Placemark>
      <name>Polycab India Limited</name>
      <description><![CDATA[Category: manufacturer<br>Address: Vishwa Bunglow, Kathe Ln, Dwarka, Nashik, Maharashtra 422011, India<br>Latitude: 19.9882087<br>Longitude: 73.8050339<br>Place_ID: ChIJVVVVlfrq3TsRVFWprge8DkE<br>Source_File: Nashik_Dwarka_industrial.xlsx]]></description>
      <styleUrl>#icon-1899-0288D1</styleUrl>
      <ExtendedData>
        <Data name="Category">
          <value>manufacturer</value>
        </Data>
        <Data name="Address">
          <value>Vishwa Bunglow, Kathe Ln, Dwarka, Nashik, Maharashtra 422011, India</value>
        </Data>
        <Data name="Latitude">
          <value>19.9882087</value>
        </Data>
        <Data name="Longitude">
          <value>73.8050339</value>
        </Data>
        <Data name="Place_ID">
          <value>ChIJVVVVlfrq3TsRVFWprge8DkE</value>
        </Data>
        <Data name="Source_File">
          <value>Nashik_Dwarka_industrial.xlsx</value>
        </Data>
      </ExtendedData>
      <Point>
        <coordinates>
          73.8050339,19.9882087,0
        </coordinates>
      </Point>
    </Placemark>
    <Placemark>
      <name>Otis Elevator Company</name>
      <description><![CDATA[Category: manufacturer<br>Address: Ground Floor Ajay Palace, Nashik - Pune Hwy, near City Care Hospital, Dwarka, Nashik, Maharashtra 422011, India<br>Latitude: 19.98767<br>Longitude: 73.8014998<br>Place_ID: ChIJN_fIYuTq3TsR7tJNAMCWogo<br>Source_File: Nashik_Dwarka_industrial.xlsx]]></description>
      <styleUrl>#icon-1899-0288D1</styleUrl>
      <ExtendedData>
        <Data name="Category">
          <value>manufacturer</value>
        </Data>
        <Data name="Address">
          <value>Ground Floor Ajay Palace, Nashik - Pune Hwy, near City Care Hospital, Dwarka, Nashik, Maharashtra 422011, India</value>
        </Data>
        <Data name="Latitude">
          <value>19.98767</value>
        </Data>
        <Data name="Longitude">
          <value>73.8014998</value>
        </Data>
        <Data name="Place_ID">
          <value>ChIJN_fIYuTq3TsR7tJNAMCWogo</value>
        </Data>
        <Data name="Source_File">
          <value>Nashik_Dwarka_industrial.xlsx</value>
        </Data>
      </ExtendedData>
      <Point>
        <coordinates>
          73.8014998,19.98767,0
        </coordinates>
      </Point>
    </Placemark>
    <Placemark>
      <name>ghaywate industries</name>
      <description><![CDATA[Category: manufacturer<br>Address: vaibhav soi, Maharudra Colony, pragati colony, Upnagar, Nashik, Maharashtra 422106, India<br>Latitude: 19.9744533<br>Longitude: 73.8271905<br>Place_ID: ChIJyVGtzt_r3TsRIHoojMBvJ6w<br>Source_File: Nashik_Nandur_Naka_industrial.xlsx]]></description>
      <styleUrl>#icon-1899-0288D1</styleUrl>
      <ExtendedData>
        <Data name="Category">
          <value>manufacturer</value>
        </Data>
        <Data name="Address">
          <value>vaibhav soi, Maharudra Colony, pragati colony, Upnagar, Nashik, Maharashtra 422106, India</value>
        </Data>
        <Data name="Latitude">
          <value>19.9744533</value>
        </Data>
        <Data name="Longitude">
          <value>73.8271905</value>
        </Data>
        <Data name="Place_ID">
          <value>ChIJyVGtzt_r3TsRIHoojMBvJ6w</value>
        </Data>
        <Data name="Source_File">
          <value>Nashik_Nandur_Naka_industrial.xlsx</value>
        </Data>
      </ExtendedData>
      <Point>
        <coordinates>
          73.8271905,19.9744533,0
        </coordinates>
      </Point>
    </Placemark>
    <Placemark>
      <name>Shree Sai Traders | Nashik | Industrial Supplier.</name>
      <description><![CDATA[Category: manufacturer<br>Address: Sumangal Building, 07, Shanti Park Rd, Matoshri Nagar, Upnagar, Nashik, Maharashtra 422006, India<br>Latitude: 19.9728299<br>Longitude: 73.8201052<br>Place_ID: ChIJjSaBcqXr3TsRAzUp-HSGlMg<br>Source_File: Nashik_Nashik_Road_industrial.xlsx]]></description>
      <styleUrl>#icon-1899-0288D1</styleUrl>
      <ExtendedData>
        <Data name="Category">
          <value>manufacturer</value>
        </Data>
        <Data name="Address">
          <value>Sumangal Building, 07, Shanti Park Rd, Matoshri Nagar, Upnagar, Nashik, Maharashtra 422006, India</value>
        </Data>
        <Data name="Latitude">
          <value>19.9728299</value>
        </Data>
        <Data name="Longitude">
          <value>73.8201052</value>
        </Data>
        <Data name="Place_ID">
          <value>ChIJjSaBcqXr3TsRAzUp-HSGlMg</value>
        </Data>
        <Data name="Source_File">
          <value>Nashik_Nashik_Road_industrial.xlsx</value>
        </Data>
      </ExtendedData>
      <Point>
        <coordinates>
          73.8201052,19.9728299,0
        </coordinates>
      </Point>
    </Placemark>
    <Placemark>
      <name>Joshi Papad Private Limited</name>
      <description><![CDATA[Category: manufacturer<br>Address: Plot No. 5, Vastuvaibhav, Ramdas Swami Nagar, Lane Number 3, Takli Rd, Nashik Road, Nashik, Maharashtra 422006, India<br>Latitude: 19.9773759<br>Longitude: 73.8210528<br>Place_ID: ChIJVTnKHL_q3TsR8aewSzMqqaE<br>Source_File: Nashik_Nashik_Road_industrial.xlsx]]></description>
      <styleUrl>#icon-1899-0288D1</styleUrl>
      <ExtendedData>
        <Data name="Category">
          <value>manufacturer</value>
        </Data>
        <Data name="Address">
          <value>Plot No. 5, Vastuvaibhav, Ramdas Swami Nagar, Lane Number 3, Takli Rd, Nashik Road, Nashik, Maharashtra 422006, India</value>
        </Data>
        <Data name="Latitude">
          <value>19.9773759</value>
        </Data>
        <Data name="Longitude">
          <value>73.8210528</value>
        </Data>
        <Data name="Place_ID">
          <value>ChIJVTnKHL_q3TsR8aewSzMqqaE</value>
        </Data>
        <Data name="Source_File">
          <value>Nashik_Nashik_Road_industrial.xlsx</value>
        </Data>
      </ExtendedData>
      <Point>
        <coordinates>
          73.8210528,19.9773759,0
        </coordinates>
      </Point>
    </Placemark>
    <Placemark>
      <name><![CDATA[Dr. Deore's Hirai Business Hub]]></name>
      <description><![CDATA[Category: corporate_office<br>Address: bus stop, new, Meenatai Thakre Market, Savata Nagar, Nashik, Maharashtra 422008, India<br>Latitude: 19.9798402<br>Longitude: 73.7564036<br>Place_ID: ChIJG7jDfzXr3TsRLI7qI0hYblI<br>Source_File: Nashik_CIDCO_industrial.xlsx]]></description>
      <styleUrl>#icon-1899-0288D1</styleUrl>
      <ExtendedData>
        <Data name="Category">
          <value>corporate_office</value>
        </Data>
        <Data name="Address">
          <value>bus stop, new, Meenatai Thakre Market, Savata Nagar, Nashik, Maharashtra 422008, India</value>
        </Data>
        <Data name="Latitude">
          <value>19.9798402</value>
        </Data>
        <Data name="Longitude">
          <value>73.7564036</value>
        </Data>
        <Data name="Place_ID">
          <value>ChIJG7jDfzXr3TsRLI7qI0hYblI</value>
        </Data>
        <Data name="Source_File">
          <value>Nashik_CIDCO_industrial.xlsx</value>
        </Data>
      </ExtendedData>
      <Point>
        <coordinates>
          73.7564036,19.9798402,0
        </coordinates>
      </Point>
    </Placemark>
    <Placemark>
      <name><![CDATA[Nikhil Timber & Plywood]]></name>
      <description><![CDATA[Category: general_contractor<br>Address: N 44, Trimurti Chowk, 2/7/2, opposite Pethe High School, New Nashik, Cidco, Nashik, Maharashtra 422008, India<br>Latitude: 19.9852901<br>Longitude: 73.7571189<br>Place_ID: ChIJS-fyOgHr3TsReLaBbMtRynk<br>Source_File: Nashik_CIDCO_industrial.xlsx]]></description>
      <styleUrl>#icon-1899-0288D1</styleUrl>
      <ExtendedData>
        <Data name="Category">
          <value>general_contractor</value>
        </Data>
        <Data name="Address">
          <value>N 44, Trimurti Chowk, 2/7/2, opposite Pethe High School, New Nashik, Cidco, Nashik, Maharashtra 422008, India</value>
        </Data>
        <Data name="Latitude">
          <value>19.9852901</value>
        </Data>
        <Data name="Longitude">
          <value>73.7571189</value>
        </Data>
        <Data name="Place_ID">
          <value>ChIJS-fyOgHr3TsReLaBbMtRynk</value>
        </Data>
        <Data name="Source_File">
          <value>Nashik_CIDCO_industrial.xlsx</value>
        </Data>
      </ExtendedData>
      <Point>
        <coordinates>
          73.7571189,19.9852901,0
        </coordinates>
      </Point>
    </Placemark>
    <Placemark>
      <name>MK Associates</name>
      <description><![CDATA[Category: manufacturer<br>Address: Shop No. 6, Murli, Timurti, Indra Nagari, Shayam Chaudhary Child Hospital, Kamatwade Rd, Trimurti Chowk, Cidco, Durganagar, Nashik, Maharashtra 422008, India<br>Latitude: 19.981661<br>Longitude: 73.7549275<br>Place_ID: ChIJCRSrNtDr3TsRUQeaoVzea_Y<br>Source_File: Nashik_CIDCO_industrial.xlsx]]></description>
      <styleUrl>#icon-1899-0288D1</styleUrl>
      <ExtendedData>
        <Data name="Category">
          <value>manufacturer</value>
        </Data>
        <Data name="Address">
          <value>Shop No. 6, Murli, Timurti, Indra Nagari, Shayam Chaudhary Child Hospital, Kamatwade Rd, Trimurti Chowk, Cidco, Durganagar, Nashik, Maharashtra 422008, India</value>
        </Data>
        <Data name="Latitude">
          <value>19.981661</value>
        </Data>
        <Data name="Longitude">
          <value>73.7549275</value>
        </Data>
        <Data name="Place_ID">
          <value>ChIJCRSrNtDr3TsRUQeaoVzea_Y</value>
        </Data>
        <Data name="Source_File">
          <value>Nashik_CIDCO_industrial.xlsx</value>
        </Data>
      </ExtendedData>
      <Point>
        <coordinates>
          73.7549275,19.981661,0
        </coordinates>
      </Point>
    </Placemark>
    <Placemark>
      <name>Kamalshri Innovatextiles</name>
      <description><![CDATA[Category: manufacturer<br>Address: First Floor, N-53/VH/1/1, CIDCO - Satpur Rd, above Mauli Collection, nr. Mauli Garage, Patil Nagar, Nashik, Maharashtra 422008, India<br>Latitude: 19.9824886<br>Longitude: 73.7601688<br>Place_ID: ChIJDRvTconr3TsRI1M9ZCvv5xE<br>Source_File: Nashik_CIDCO_industrial.xlsx]]></description>
      <styleUrl>#icon-1899-0288D1</styleUrl>
      <ExtendedData>
        <Data name="Category">
          <value>manufacturer</value>
        </Data>
        <Data name="Address">
          <value>First Floor, N-53/VH/1/1, CIDCO - Satpur Rd, above Mauli Collection, nr. Mauli Garage, Patil Nagar, Nashik, Maharashtra 422008, India</value>
        </Data>
        <Data name="Latitude">
          <value>19.9824886</value>
        </Data>
        <Data name="Longitude">
          <value>73.7601688</value>
        </Data>
        <Data name="Place_ID">
          <value>ChIJDRvTconr3TsRI1M9ZCvv5xE</value>
        </Data>
        <Data name="Source_File">
          <value>Nashik_CIDCO_industrial.xlsx</value>
        </Data>
      </ExtendedData>
      <Point>
        <coordinates>
          73.7601688,19.9824886,0
        </coordinates>
      </Point>
    </Placemark>
    <Placemark>
      <name>M J COTTON PVT LTD - NASHIK</name>
      <description><![CDATA[Category: business_center<br>Address: 306, 3rd Floor, Nashik Business Park, near Saheba Hotel, opposite Shatabdi Hospital, Mumbai Naka, Gaikwad Nagar, Nashik, Maharashtra 422001, India<br>Latitude: 19.9879153<br>Longitude: 73.7833429<br>Place_ID: ChIJpaYmz7br3TsRPqE9fmvxgxM<br>Source_File: Nashik_Mumbai_Naka_industrial.xlsx]]></description>
      <styleUrl>#icon-1899-0288D1</styleUrl>
      <ExtendedData>
        <Data name="Category">
          <value>business_center</value>
        </Data>
        <Data name="Address">
          <value>306, 3rd Floor, Nashik Business Park, near Saheba Hotel, opposite Shatabdi Hospital, Mumbai Naka, Gaikwad Nagar, Nashik, Maharashtra 422001, India</value>
        </Data>
        <Data name="Latitude">
          <value>19.9879153</value>
        </Data>
        <Data name="Longitude">
          <value>73.7833429</value>
        </Data>
        <Data name="Place_ID">
          <value>ChIJpaYmz7br3TsRPqE9fmvxgxM</value>
        </Data>
        <Data name="Source_File">
          <value>Nashik_Mumbai_Naka_industrial.xlsx</value>
        </Data>
      </ExtendedData>
      <Point>
        <coordinates>
          73.7833429,19.9879153,0
        </coordinates>
      </Point>
    </Placemark>
    <Placemark>
      <name>Malu Industries</name>
      <description><![CDATA[Category: corporate_office<br>Address: Saraju Kunj, D-32, Bhujbal Farm Rd, Sadashiv Nagar, Cidco, Nashik, Maharashtra 422009, India<br>Latitude: 19.9785033<br>Longitude: 73.774803<br>Place_ID: ChIJTXXYLP7r3TsRRS77uAZSM3A<br>Source_File: Nashik_CIDCO_industrial.xlsx]]></description>
      <styleUrl>#icon-1899-0288D1</styleUrl>
      <ExtendedData>
        <Data name="Category">
          <value>corporate_office</value>
        </Data>
        <Data name="Address">
          <value>Saraju Kunj, D-32, Bhujbal Farm Rd, Sadashiv Nagar, Cidco, Nashik, Maharashtra 422009, India</value>
        </Data>
        <Data name="Latitude">
          <value>19.9785033</value>
        </Data>
        <Data name="Longitude">
          <value>73.774803</value>
        </Data>
        <Data name="Place_ID">
          <value>ChIJTXXYLP7r3TsRRS77uAZSM3A</value>
        </Data>
        <Data name="Source_File">
          <value>Nashik_CIDCO_industrial.xlsx</value>
        </Data>
      </ExtendedData>
      <Point>
        <coordinates>
          73.774803,19.9785033,0
        </coordinates>
      </Point>
    </Placemark>
    <Placemark>
      <name>Shreenath Enclave</name>
      <description><![CDATA[Category: corporate_office<br>Address: XQRJ+25F, Ahilyadevi Holkar Rd, Mumbai Naka, Matoshree Nagar, Nashik, Maharashtra 422002, India<br>Latitude: 19.9900679<br>Longitude: 73.7804169<br>Place_ID: ChIJ-dBRorbr3TsRv0RkhV7A9U0<br>Source_File: Nashik_Mumbai_Naka_industrial.xlsx]]></description>
      <styleUrl>#icon-1899-0288D1</styleUrl>
      <ExtendedData>
        <Data name="Category">
          <value>corporate_office</value>
        </Data>
        <Data name="Address">
          <value>XQRJ+25F, Ahilyadevi Holkar Rd, Mumbai Naka, Matoshree Nagar, Nashik, Maharashtra 422002, India</value>
        </Data>
        <Data name="Latitude">
          <value>19.9900679</value>
        </Data>
        <Data name="Longitude">
          <value>73.7804169</value>
        </Data>
        <Data name="Place_ID">
          <value>ChIJ-dBRorbr3TsRv0RkhV7A9U0</value>
        </Data>
        <Data name="Source_File">
          <value>Nashik_Mumbai_Naka_industrial.xlsx</value>
        </Data>
      </ExtendedData>
      <Point>
        <coordinates>
          73.7804169,19.9900679,0
        </coordinates>
      </Point>
    </Placemark>
    <Placemark>
      <name>DIVINE MEDEQUIP PVT LTD</name>
      <description><![CDATA[Category: health<br>Address: 2,3, Business Galaxy, Shri Hari Narayan Kute Marg, near Gokul Hotel, Mumbai Naka, Matoshree Nagar, Nashik, Maharashtra 422001, India<br>Latitude: 19.9899532<br>Longitude: 73.7816411<br>Place_ID: ChIJnbc0sJzr3TsRNogy1q3AXD4<br>Source_File: Nashik_Mumbai_Naka_industrial.xlsx]]></description>
      <styleUrl>#icon-1899-0288D1</styleUrl>
      <ExtendedData>
        <Data name="Category">
          <value>health</value>
        </Data>
        <Data name="Address">
          <value>2,3, Business Galaxy, Shri Hari Narayan Kute Marg, near Gokul Hotel, Mumbai Naka, Matoshree Nagar, Nashik, Maharashtra 422001, India</value>
        </Data>
        <Data name="Latitude">
          <value>19.9899532</value>
        </Data>
        <Data name="Longitude">
          <value>73.7816411</value>
        </Data>
        <Data name="Place_ID">
          <value>ChIJnbc0sJzr3TsRNogy1q3AXD4</value>
        </Data>
        <Data name="Source_File">
          <value>Nashik_Mumbai_Naka_industrial.xlsx</value>
        </Data>
      </ExtendedData>
      <Point>
        <coordinates>
          73.7816411,19.9899532,0
        </coordinates>
      </Point>
    </Placemark>
    <Placemark>
      <name>Alligo Horizon Pvt Ltd</name>
      <description><![CDATA[Category: manufacturer<br>Address: 2nd floor, sonali acme, beside life shell hospital, near raja shivaji margadarshan kendra, Tidke Colony, Nashik, Maharashtra 422002, India<br>Latitude: 19.9912848<br>Longitude: 73.7742622<br>Place_ID: ChIJSWRif6rr3TsRQdYkLGTUDXI<br>Source_File: Nashik_CIDCO_industrial.xlsx]]></description>
      <styleUrl>#icon-1899-0288D1</styleUrl>
      <ExtendedData>
        <Data name="Category">
          <value>manufacturer</value>
        </Data>
        <Data name="Address">
          <value>2nd floor, sonali acme, beside life shell hospital, near raja shivaji margadarshan kendra, Tidke Colony, Nashik, Maharashtra 422002, India</value>
        </Data>
        <Data name="Latitude">
          <value>19.9912848</value>
        </Data>
        <Data name="Longitude">
          <value>73.7742622</value>
        </Data>
        <Data name="Place_ID">
          <value>ChIJSWRif6rr3TsRQdYkLGTUDXI</value>
        </Data>
        <Data name="Source_File">
          <value>Nashik_CIDCO_industrial.xlsx</value>
        </Data>
      </ExtendedData>
      <Point>
        <coordinates>
          73.7742622,19.9912848,0
        </coordinates>
      </Point>
    </Placemark>
    <Placemark>
      <name>Northstar Steel Solutions LLP</name>
      <description><![CDATA[Category: manufacturer<br>Address: Near Chandak Circle, XQRH+M38, Shri Hari Narayan Kute Marg, Mumbai Naka, Tidke Colony, Nashik, Maharashtra 422002, India<br>Latitude: 19.99166<br>Longitude: 73.7777152<br>Place_ID: ChIJ9ROScwDr3TsRef2Q4BEH1Lc<br>Source_File: Nashik_College_Road_industrial.xlsx]]></description>
      <styleUrl>#icon-1899-0288D1</styleUrl>
      <ExtendedData>
        <Data name="Category">
          <value>manufacturer</value>
        </Data>
        <Data name="Address">
          <value>Near Chandak Circle, XQRH+M38, Shri Hari Narayan Kute Marg, Mumbai Naka, Tidke Colony, Nashik, Maharashtra 422002, India</value>
        </Data>
        <Data name="Latitude">
          <value>19.99166</value>
        </Data>
        <Data name="Longitude">
          <value>73.7777152</value>
        </Data>
        <Data name="Place_ID">
          <value>ChIJ9ROScwDr3TsRef2Q4BEH1Lc</value>
        </Data>
        <Data name="Source_File">
          <value>Nashik_College_Road_industrial.xlsx</value>
        </Data>
      </ExtendedData>
      <Point>
        <coordinates>
          73.7777152,19.99166,0
        </coordinates>
      </Point>
    </Placemark>
    <Placemark>
      <name>Pragati Gruh Udyog Nashik</name>
      <description><![CDATA[Category: manufacturer<br>Address: Office no-121 1st floor Shree, Kalika Plaza, Old Agra Rd, opp. Kalika Mandir, Shingada Talav, Mumbai Naka, Renuka Nagar, Nashik, Maharashtra 422002, India<br>Latitude: 19.9913541<br>Longitude: 73.7836288<br>Place_ID: ChIJk7DQpQnr3TsRommfbHa2Z-Q<br>Source_File: Nashik_College_Road_industrial.xlsx]]></description>
      <styleUrl>#icon-1899-0288D1</styleUrl>
      <ExtendedData>
        <Data name="Category">
          <value>manufacturer</value>
        </Data>
        <Data name="Address">
          <value>Office no-121 1st floor Shree, Kalika Plaza, Old Agra Rd, opp. Kalika Mandir, Shingada Talav, Mumbai Naka, Renuka Nagar, Nashik, Maharashtra 422002, India</value>
        </Data>
        <Data name="Latitude">
          <value>19.9913541</value>
        </Data>
        <Data name="Longitude">
          <value>73.7836288</value>
        </Data>
        <Data name="Place_ID">
          <value>ChIJk7DQpQnr3TsRommfbHa2Z-Q</value>
        </Data>
        <Data name="Source_File">
          <value>Nashik_College_Road_industrial.xlsx</value>
        </Data>
      </ExtendedData>
      <Point>
        <coordinates>
          73.7836288,19.9913541,0
        </coordinates>
      </Point>
    </Placemark>
    <Placemark>
      <name>Makchem International Private Limited</name>
      <description><![CDATA[Category: manufacturer<br>Address: 302, Malpani Arcade, near Sopan Hospital, Mumbai Naka, Matoshree Nagar, Nashik, Maharashtra 422001, India<br>Latitude: 19.9915224<br>Longitude: 73.7788147<br>Place_ID: ChIJA0SN4yvr3TsRVfIqaegK8Vk<br>Source_File: Nashik_Dwarka_industrial.xlsx]]></description>
      <styleUrl>#icon-1899-0288D1</styleUrl>
      <ExtendedData>
        <Data name="Category">
          <value>manufacturer</value>
        </Data>
        <Data name="Address">
          <value>302, Malpani Arcade, near Sopan Hospital, Mumbai Naka, Matoshree Nagar, Nashik, Maharashtra 422001, India</value>
        </Data>
        <Data name="Latitude">
          <value>19.9915224</value>
        </Data>
        <Data name="Longitude">
          <value>73.7788147</value>
        </Data>
        <Data name="Place_ID">
          <value>ChIJA0SN4yvr3TsRVfIqaegK8Vk</value>
        </Data>
        <Data name="Source_File">
          <value>Nashik_Dwarka_industrial.xlsx</value>
        </Data>
      </ExtendedData>
      <Point>
        <coordinates>
          73.7788147,19.9915224,0
        </coordinates>
      </Point>
    </Placemark>
    <Placemark>
      <name>Platinum Industries</name>
      <description><![CDATA[Category: manufacturer<br>Address: Chandak Circle, Shri Hari Narayan Kute Marg, Mumbai Naka, Matoshree Nagar, Nashik, Maharashtra 422002, India<br>Latitude: 19.9915532<br>Longitude: 73.7782879<br>Place_ID: ChIJS-fyOgHr3TsR9z7scDTKv6U<br>Source_File: Nashik_Hanuman_Nagar_industrial.xlsx]]></description>
      <styleUrl>#icon-1899-0288D1</styleUrl>
      <ExtendedData>
        <Data name="Category">
          <value>manufacturer</value>
        </Data>
        <Data name="Address">
          <value>Chandak Circle, Shri Hari Narayan Kute Marg, Mumbai Naka, Matoshree Nagar, Nashik, Maharashtra 422002, India</value>
        </Data>
        <Data name="Latitude">
          <value>19.9915532</value>
        </Data>
        <Data name="Longitude">
          <value>73.7782879</value>
        </Data>
        <Data name="Place_ID">
          <value>ChIJS-fyOgHr3TsR9z7scDTKv6U</value>
        </Data>
        <Data name="Source_File">
          <value>Nashik_Hanuman_Nagar_industrial.xlsx</value>
        </Data>
      </ExtendedData>
      <Point>
        <coordinates>
          73.7782879,19.9915532,0
        </coordinates>
      </Point>
    </Placemark>
    <Placemark>
      <name>SHREE HARI INDUSTRIES</name>
      <description><![CDATA[Category: manufacturer<br>Address: 410, 4TH FLOOR, BESIDES SHAHEBA HOTEL, NASHIK BUSINESS PARK, opp. SHATABDI HOSPITAL, Mumbai Naka, Gaikwad Nagar, Nashik, Maharashtra 422001, India<br>Latitude: 19.9877351<br>Longitude: 73.7824662<br>Place_ID: ChIJ6czZEuzr3TsR9-Pp1nmh1pY<br>Source_File: Nashik_Hanuman_Nagar_industrial.xlsx]]></description>
      <styleUrl>#icon-1899-0288D1</styleUrl>
      <ExtendedData>
        <Data name="Category">
          <value>manufacturer</value>
        </Data>
        <Data name="Address">
          <value>410, 4TH FLOOR, BESIDES SHAHEBA HOTEL, NASHIK BUSINESS PARK, opp. SHATABDI HOSPITAL, Mumbai Naka, Gaikwad Nagar, Nashik, Maharashtra 422001, India</value>
        </Data>
        <Data name="Latitude">
          <value>19.9877351</value>
        </Data>
        <Data name="Longitude">
          <value>73.7824662</value>
        </Data>
        <Data name="Place_ID">
          <value>ChIJ6czZEuzr3TsR9-Pp1nmh1pY</value>
        </Data>
        <Data name="Source_File">
          <value>Nashik_Hanuman_Nagar_industrial.xlsx</value>
        </Data>
      </ExtendedData>
      <Point>
        <coordinates>
          73.7824662,19.9877351,0
        </coordinates>
      </Point>
    </Placemark>
    <Placemark>
      <name>Yaash Enterprises</name>
      <description><![CDATA[Category: manufacturer<br>Address: Sadashiv Nagar, Govind Nagar, Nashik, Maharashtra 422009, India<br>Latitude: 19.98081<br>Longitude: 73.7747923<br>Place_ID: ChIJ_yprfLfr3TsRqdwwpBSgJgk<br>Source_File: Nashik_Indira_Nagar_industrial.xlsx]]></description>
      <styleUrl>#icon-1899-0288D1</styleUrl>
      <ExtendedData>
        <Data name="Category">
          <value>manufacturer</value>
        </Data>
        <Data name="Address">
          <value>Sadashiv Nagar, Govind Nagar, Nashik, Maharashtra 422009, India</value>
        </Data>
        <Data name="Latitude">
          <value>19.98081</value>
        </Data>
        <Data name="Longitude">
          <value>73.7747923</value>
        </Data>
        <Data name="Place_ID">
          <value>ChIJ_yprfLfr3TsRqdwwpBSgJgk</value>
        </Data>
        <Data name="Source_File">
          <value>Nashik_Indira_Nagar_industrial.xlsx</value>
        </Data>
      </ExtendedData>
      <Point>
        <coordinates>
          73.7747923,19.98081,0
        </coordinates>
      </Point>
    </Placemark>
    <Placemark>
      <name>Multiplex Technologies</name>
      <description><![CDATA[Category: manufacturer<br>Address: Silver Height, B-2, Gurudwara Road, opp. Hotel Sandeep, Shingada Talav, Mumbai Naka, Renuka Nagar, Nashik, Maharashtra 422001, India<br>Latitude: 19.9907428<br>Longitude: 73.7835792<br>Place_ID: ChIJP1XnbQXr3TsRH65AtdBjKeI<br>Source_File: Nashik_Mumbai_Naka_industrial.xlsx]]></description>
      <styleUrl>#icon-1899-0288D1</styleUrl>
      <ExtendedData>
        <Data name="Category">
          <value>manufacturer</value>
        </Data>
        <Data name="Address">
          <value>Silver Height, B-2, Gurudwara Road, opp. Hotel Sandeep, Shingada Talav, Mumbai Naka, Renuka Nagar, Nashik, Maharashtra 422001, India</value>
        </Data>
        <Data name="Latitude">
          <value>19.9907428</value>
        </Data>
        <Data name="Longitude">
          <value>73.7835792</value>
        </Data>
        <Data name="Place_ID">
          <value>ChIJP1XnbQXr3TsRH65AtdBjKeI</value>
        </Data>
        <Data name="Source_File">
          <value>Nashik_Mumbai_Naka_industrial.xlsx</value>
        </Data>
      </ExtendedData>
      <Point>
        <coordinates>
          73.7835792,19.9907428,0
        </coordinates>
      </Point>
    </Placemark>
    <Placemark>
      <name>City Lift India Ltd</name>
      <description><![CDATA[Category: manufacturer<br>Address: Shreenath Enclave, 203, Shri Hari Kute Marg, Mumbai Naka, Matoshree Nagar, Nashik, Maharashtra 422002, India<br>Latitude: 19.9899903<br>Longitude: 73.7805255<br>Place_ID: ChIJyeIXDqt3AAIR1UQXncVpGgk<br>Source_File: Nashik_Mumbai_Naka_industrial.xlsx]]></description>
      <styleUrl>#icon-1899-0288D1</styleUrl>
      <ExtendedData>
        <Data name="Category">
          <value>manufacturer</value>
        </Data>
        <Data name="Address">
          <value>Shreenath Enclave, 203, Shri Hari Kute Marg, Mumbai Naka, Matoshree Nagar, Nashik, Maharashtra 422002, India</value>
        </Data>
        <Data name="Latitude">
          <value>19.9899903</value>
        </Data>
        <Data name="Longitude">
          <value>73.7805255</value>
        </Data>
        <Data name="Place_ID">
          <value>ChIJyeIXDqt3AAIR1UQXncVpGgk</value>
        </Data>
        <Data name="Source_File">
          <value>Nashik_Mumbai_Naka_industrial.xlsx</value>
        </Data>
      </ExtendedData>
      <Point>
        <coordinates>
          73.7805255,19.9899903,0
        </coordinates>
      </Point>
    </Placemark>
    <Placemark>
      <name>Farmsons Agri Solutions Pvt. Ltd.</name>
      <description><![CDATA[Category: manufacturer<br>Address: Seventh Floor, Shree Kalika Plaza, 701, opp. Kalika Darshan Apartment Road, Shingada Talav, Mumbai Naka, Renuka Nagar, Nashik, Maharashtra 422002, India<br>Latitude: 19.9916023<br>Longitude: 73.7832161<br>Place_ID: ChIJma-NsVbq3TsRt20iz0PkATU<br>Source_File: Nashik_Mumbai_Naka_industrial.xlsx]]></description>
      <styleUrl>#icon-1899-0288D1</styleUrl>
      <ExtendedData>
        <Data name="Category">
          <value>manufacturer</value>
        </Data>
        <Data name="Address">
          <value>Seventh Floor, Shree Kalika Plaza, 701, opp. Kalika Darshan Apartment Road, Shingada Talav, Mumbai Naka, Renuka Nagar, Nashik, Maharashtra 422002, India</value>
        </Data>
        <Data name="Latitude">
          <value>19.9916023</value>
        </Data>
        <Data name="Longitude">
          <value>73.7832161</value>
        </Data>
        <Data name="Place_ID">
          <value>ChIJma-NsVbq3TsRt20iz0PkATU</value>
        </Data>
        <Data name="Source_File">
          <value>Nashik_Mumbai_Naka_industrial.xlsx</value>
        </Data>
      </ExtendedData>
      <Point>
        <coordinates>
          73.7832161,19.9916023,0
        </coordinates>
      </Point>
    </Placemark>
    <Placemark>
      <name>Aeros Enterprises Pvt Ltd</name>
      <description><![CDATA[Category: manufacturer<br>Address: 14,2 Floor, Business Bay, Shri Hari Narayan Kute Marg, Mumbai Naka, Tidke Colony, Nashik, Maharashtra 422002, India<br>Latitude: 19.9907336<br>Longitude: 73.7798831<br>Place_ID: ChIJW2AYvezr3TsRzoW_F8G-c3I<br>Source_File: Nashik_Mumbai_Naka_industrial.xlsx]]></description>
      <styleUrl>#icon-1899-0288D1</styleUrl>
      <ExtendedData>
        <Data name="Category">
          <value>manufacturer</value>
        </Data>
        <Data name="Address">
          <value>14,2 Floor, Business Bay, Shri Hari Narayan Kute Marg, Mumbai Naka, Tidke Colony, Nashik, Maharashtra 422002, India</value>
        </Data>
        <Data name="Latitude">
          <value>19.9907336</value>
        </Data>
        <Data name="Longitude">
          <value>73.7798831</value>
        </Data>
        <Data name="Place_ID">
          <value>ChIJW2AYvezr3TsRzoW_F8G-c3I</value>
        </Data>
        <Data name="Source_File">
          <value>Nashik_Mumbai_Naka_industrial.xlsx</value>
        </Data>
      </ExtendedData>
      <Point>
        <coordinates>
          73.7798831,19.9907336,0
        </coordinates>
      </Point>
    </Placemark>
    <Placemark>
      <name>Himali International note counting machine</name>
      <description><![CDATA[Category: manufacturer<br>Address: silver heights, 6, Gurudwara Road, opp. sandip hotel, landmark, near ola officeMumbai naka, Shingada Talav, Mumbai Naka, Renuka Nagar, Nashik, Maharashtra 422001, India<br>Latitude: 19.9908079<br>Longitude: 73.783645<br>Place_ID: ChIJ64h6kWjr3TsRbLwQM90y8Cs<br>Source_File: Nashik_Mumbai_Naka_industrial.xlsx]]></description>
      <styleUrl>#icon-1899-0288D1</styleUrl>
      <ExtendedData>
        <Data name="Category">
          <value>manufacturer</value>
        </Data>
        <Data name="Address">
          <value>silver heights, 6, Gurudwara Road, opp. sandip hotel, landmark, near ola officeMumbai naka, Shingada Talav, Mumbai Naka, Renuka Nagar, Nashik, Maharashtra 422001, India</value>
        </Data>
        <Data name="Latitude">
          <value>19.9908079</value>
        </Data>
        <Data name="Longitude">
          <value>73.783645</value>
        </Data>
        <Data name="Place_ID">
          <value>ChIJ64h6kWjr3TsRbLwQM90y8Cs</value>
        </Data>
        <Data name="Source_File">
          <value>Nashik_Mumbai_Naka_industrial.xlsx</value>
        </Data>
      </ExtendedData>
      <Point>
        <coordinates>
          73.783645,19.9908079,0
        </coordinates>
      </Point>
    </Placemark>
    <Placemark>
      <name>Indilube Petro Specialities Pvt Ltd</name>
      <description><![CDATA[Category: corporate_office<br>Address: Pitru Prem building, near Ganesh Nagar Garden, Maneksha Nagar, Dwarka, Nashik, Maharashtra 422001, India<br>Latitude: 19.9938147<br>Longitude: 73.7988641<br>Place_ID: ChIJuXfz4ifr3TsRlb-fZ5__bDA<br>Source_File: Nashik_Dwarka_industrial.xlsx]]></description>
      <styleUrl>#icon-1899-0288D1</styleUrl>
      <ExtendedData>
        <Data name="Category">
          <value>corporate_office</value>
        </Data>
        <Data name="Address">
          <value>Pitru Prem building, near Ganesh Nagar Garden, Maneksha Nagar, Dwarka, Nashik, Maharashtra 422001, India</value>
        </Data>
        <Data name="Latitude">
          <value>19.9938147</value>
        </Data>
        <Data name="Longitude">
          <value>73.7988641</value>
        </Data>
        <Data name="Place_ID">
          <value>ChIJuXfz4ifr3TsRlb-fZ5__bDA</value>
        </Data>
        <Data name="Source_File">
          <value>Nashik_Dwarka_industrial.xlsx</value>
        </Data>
      </ExtendedData>
      <Point>
        <coordinates>
          73.7988641,19.9938147,0
        </coordinates>
      </Point>
    </Placemark>
    <Placemark>
      <name>Almighty Industries Corporate</name>
      <description><![CDATA[Category: corporate_office<br>Address: Wadala - Pathardi Rd, Renuka Nagar, Nashik, Maharashtra 422001, India<br>Latitude: 19.9924185<br>Longitude: 73.7933621<br>Place_ID: ChIJvWa78jLr3TsRfKHSHSd9xWM<br>Source_File: Nashik_Wadala_Road_industrial.xlsx]]></description>
      <styleUrl>#icon-1899-0288D1</styleUrl>
      <ExtendedData>
        <Data name="Category">
          <value>corporate_office</value>
        </Data>
        <Data name="Address">
          <value>Wadala - Pathardi Rd, Renuka Nagar, Nashik, Maharashtra 422001, India</value>
        </Data>
        <Data name="Latitude">
          <value>19.9924185</value>
        </Data>
        <Data name="Longitude">
          <value>73.7933621</value>
        </Data>
        <Data name="Place_ID">
          <value>ChIJvWa78jLr3TsRfKHSHSd9xWM</value>
        </Data>
        <Data name="Source_File">
          <value>Nashik_Wadala_Road_industrial.xlsx</value>
        </Data>
      </ExtendedData>
      <Point>
        <coordinates>
          73.7933621,19.9924185,0
        </coordinates>
      </Point>
    </Placemark>
    <Placemark>
      <name>INGENIOUS INDUSTRIES</name>
      <description><![CDATA[Category: general_contractor<br>Address: 209, Nuclues, Bhabha Nagar, Mumbai Naka, Mirajkar Nagar, Dr.Homi Bhabha Nagar, Nashik, Maharashtra 422011, India<br>Latitude: 19.9881026<br>Longitude: 73.7907896<br>Place_ID: ChIJvWWlYefr3TsRYYwDwEyK_VM<br>Source_File: Nashik_Mumbai_Naka_industrial.xlsx]]></description>
      <styleUrl>#icon-1899-0288D1</styleUrl>
      <ExtendedData>
        <Data name="Category">
          <value>general_contractor</value>
        </Data>
        <Data name="Address">
          <value>209, Nuclues, Bhabha Nagar, Mumbai Naka, Mirajkar Nagar, Dr.Homi Bhabha Nagar, Nashik, Maharashtra 422011, India</value>
        </Data>
        <Data name="Latitude">
          <value>19.9881026</value>
        </Data>
        <Data name="Longitude">
          <value>73.7907896</value>
        </Data>
        <Data name="Place_ID">
          <value>ChIJvWWlYefr3TsRYYwDwEyK_VM</value>
        </Data>
        <Data name="Source_File">
          <value>Nashik_Mumbai_Naka_industrial.xlsx</value>
        </Data>
      </ExtendedData>
      <Point>
        <coordinates>
          73.7907896,19.9881026,0
        </coordinates>
      </Point>
    </Placemark>
    <Placemark>
      <name>Nashik Trading Company</name>
      <description><![CDATA[Category: manufacturer<br>Address: Shop No.49, Esteem Park, Takli Rd, near Zakir Hussain Hospital, Phata, Dwarka, Nashik, Maharashtra 422001, India<br>Latitude: 19.9968608<br>Longitude: 73.8002745<br>Place_ID: ChIJuc3HGVSV3TsR0cnedYMMi84<br>Source_File: Nashik_Dwarka_industrial.xlsx]]></description>
      <styleUrl>#icon-1899-0288D1</styleUrl>
      <ExtendedData>
        <Data name="Category">
          <value>manufacturer</value>
        </Data>
        <Data name="Address">
          <value>Shop No.49, Esteem Park, Takli Rd, near Zakir Hussain Hospital, Phata, Dwarka, Nashik, Maharashtra 422001, India</value>
        </Data>
        <Data name="Latitude">
          <value>19.9968608</value>
        </Data>
        <Data name="Longitude">
          <value>73.8002745</value>
        </Data>
        <Data name="Place_ID">
          <value>ChIJuc3HGVSV3TsR0cnedYMMi84</value>
        </Data>
        <Data name="Source_File">
          <value>Nashik_Dwarka_industrial.xlsx</value>
        </Data>
      </ExtendedData>
      <Point>
        <coordinates>
          73.8002745,19.9968608,0
        </coordinates>
      </Point>
    </Placemark>
    <Placemark>
      <name>Karad bandhu chivda</name>
      <description><![CDATA[Category: manufacturer<br>Address: Dwarka Hotel, Dwarka, Nashik, Maharashtra 422011, India<br>Latitude: 19.9921685<br>Longitude: 73.7986435<br>Place_ID: ChIJgxBUKt3r3TsRgInRuZmd9Fc<br>Source_File: Nashik_Dwarka_industrial.xlsx]]></description>
      <styleUrl>#icon-1899-0288D1</styleUrl>
      <ExtendedData>
        <Data name="Category">
          <value>manufacturer</value>
        </Data>
        <Data name="Address">
          <value>Dwarka Hotel, Dwarka, Nashik, Maharashtra 422011, India</value>
        </Data>
        <Data name="Latitude">
          <value>19.9921685</value>
        </Data>
        <Data name="Longitude">
          <value>73.7986435</value>
        </Data>
        <Data name="Place_ID">
          <value>ChIJgxBUKt3r3TsRgInRuZmd9Fc</value>
        </Data>
        <Data name="Source_File">
          <value>Nashik_Dwarka_industrial.xlsx</value>
        </Data>
      </ExtendedData>
      <Point>
        <coordinates>
          73.7986435,19.9921685,0
        </coordinates>
      </Point>
    </Placemark>
    <Placemark>
      <name>Shree Surya Coatings</name>
      <description><![CDATA[Category: manufacturer<br>Address: XRV2+63V, Maneksha Nagar, Dwarka, Nashik, Maharashtra 422011, India<br>Latitude: 19.9931026<br>Longitude: 73.8001584<br>Place_ID: ChIJVVVVlfrq3TsRIdIkF0zUQrw<br>Source_File: Nashik_Dwarka_industrial.xlsx]]></description>
      <styleUrl>#icon-1899-0288D1</styleUrl>
      <ExtendedData>
        <Data name="Category">
          <value>manufacturer</value>
        </Data>
        <Data name="Address">
          <value>XRV2+63V, Maneksha Nagar, Dwarka, Nashik, Maharashtra 422011, India</value>
        </Data>
        <Data name="Latitude">
          <value>19.9931026</value>
        </Data>
        <Data name="Longitude">
          <value>73.8001584</value>
        </Data>
        <Data name="Place_ID">
          <value>ChIJVVVVlfrq3TsRIdIkF0zUQrw</value>
        </Data>
        <Data name="Source_File">
          <value>Nashik_Dwarka_industrial.xlsx</value>
        </Data>
      </ExtendedData>
      <Point>
        <coordinates>
          73.8001584,19.9931026,0
        </coordinates>
      </Point>
    </Placemark>
    <Placemark>
      <name>Ice Creamy World [ICW]</name>
      <description><![CDATA[Category: manufacturer<br>Address: NIRMAL APP, Kathe Ln, Maneksha Nagar, signal, Dwarka, Nashik, Maharashtra 422011, India<br>Latitude: 19.990972<br>Longitude: 73.7998822<br>Place_ID: ChIJkS2sZdXr3TsREO3Srj5LzwY<br>Source_File: Nashik_Dwarka_industrial.xlsx]]></description>
      <styleUrl>#icon-1899-0288D1</styleUrl>
      <ExtendedData>
        <Data name="Category">
          <value>manufacturer</value>
        </Data>
        <Data name="Address">
          <value>NIRMAL APP, Kathe Ln, Maneksha Nagar, signal, Dwarka, Nashik, Maharashtra 422011, India</value>
        </Data>
        <Data name="Latitude">
          <value>19.990972</value>
        </Data>
        <Data name="Longitude">
          <value>73.7998822</value>
        </Data>
        <Data name="Place_ID">
          <value>ChIJkS2sZdXr3TsREO3Srj5LzwY</value>
        </Data>
        <Data name="Source_File">
          <value>Nashik_Dwarka_industrial.xlsx</value>
        </Data>
      </ExtendedData>
      <Point>
        <coordinates>
          73.7998822,19.990972,0
        </coordinates>
      </Point>
    </Placemark>
    <Placemark>
      <name>APS Enterprise - (Shree Ganesh Enterprises) - Nasik</name>
      <description><![CDATA[Category: manufacturer<br>Address: near, Hari Aakruti, 07, Pakhal Rd, opp. Annda Laundry, Bhabha Nagar, Dwarka, Nashik, Maharashtra 422011, India<br>Latitude: 19.9897938<br>Longitude: 73.7956867<br>Place_ID: ChIJV5SWOgfr3TsRzKuVE6as9iM<br>Source_File: Nashik_Dwarka_industrial.xlsx]]></description>
      <styleUrl>#icon-1899-0288D1</styleUrl>
      <ExtendedData>
        <Data name="Category">
          <value>manufacturer</value>
        </Data>
        <Data name="Address">
          <value>near, Hari Aakruti, 07, Pakhal Rd, opp. Annda Laundry, Bhabha Nagar, Dwarka, Nashik, Maharashtra 422011, India</value>
        </Data>
        <Data name="Latitude">
          <value>19.9897938</value>
        </Data>
        <Data name="Longitude">
          <value>73.7956867</value>
        </Data>
        <Data name="Place_ID">
          <value>ChIJV5SWOgfr3TsRzKuVE6as9iM</value>
        </Data>
        <Data name="Source_File">
          <value>Nashik_Dwarka_industrial.xlsx</value>
        </Data>
      </ExtendedData>
      <Point>
        <coordinates>
          73.7956867,19.9897938,0
        </coordinates>
      </Point>
    </Placemark>
    <Placemark>
      <name>MAHALAKSHMI UDHYOG.</name>
      <description><![CDATA[Category: manufacturer<br>Address: TIGRANIA CORNER, 395/1, behind KANCHAN MOTORS, Dwarka, Nashik, Maharashtra 422001, India<br>Latitude: 19.9974309<br>Longitude: 73.8028212<br>Place_ID: ChIJ-UagFCvr3TsR5s_FT-Bb9sQ<br>Source_File: Nashik_Dwarka_industrial.xlsx]]></description>
      <styleUrl>#icon-1899-0288D1</styleUrl>
      <ExtendedData>
        <Data name="Category">
          <value>manufacturer</value>
        </Data>
        <Data name="Address">
          <value>TIGRANIA CORNER, 395/1, behind KANCHAN MOTORS, Dwarka, Nashik, Maharashtra 422001, India</value>
        </Data>
        <Data name="Latitude">
          <value>19.9974309</value>
        </Data>
        <Data name="Longitude">
          <value>73.8028212</value>
        </Data>
        <Data name="Place_ID">
          <value>ChIJ-UagFCvr3TsR5s_FT-Bb9sQ</value>
        </Data>
        <Data name="Source_File">
          <value>Nashik_Dwarka_industrial.xlsx</value>
        </Data>
      </ExtendedData>
      <Point>
        <coordinates>
          73.8028212,19.9974309,0
        </coordinates>
      </Point>
    </Placemark>
    <Placemark>
      <name>STERIPAC ASIA</name>
      <description><![CDATA[Category: manufacturer<br>Address: 101 A Wing, Roongta Central park, behind Tractor house, Dwarka, Nashik, Maharashtra 422011, India<br>Latitude: 19.9980371<br>Longitude: 73.7998542<br>Place_ID: ChIJjwehO_Dq3TsReEmHOhtyP6A<br>Source_File: Nashik_Dwarka_industrial.xlsx]]></description>
      <styleUrl>#icon-1899-0288D1</styleUrl>
      <ExtendedData>
        <Data name="Category">
          <value>manufacturer</value>
        </Data>
        <Data name="Address">
          <value>101 A Wing, Roongta Central park, behind Tractor house, Dwarka, Nashik, Maharashtra 422011, India</value>
        </Data>
        <Data name="Latitude">
          <value>19.9980371</value>
        </Data>
        <Data name="Longitude">
          <value>73.7998542</value>
        </Data>
        <Data name="Place_ID">
          <value>ChIJjwehO_Dq3TsReEmHOhtyP6A</value>
        </Data>
        <Data name="Source_File">
          <value>Nashik_Dwarka_industrial.xlsx</value>
        </Data>
      </ExtendedData>
      <Point>
        <coordinates>
          73.7998542,19.9980371,0
        </coordinates>
      </Point>
    </Placemark>
    <Placemark>
      <name>JSW Shoppe - Nashik Jillha Krishi Audyogik Sahakari Sangh Ltd</name>
      <description><![CDATA[Category: manufacturer<br>Address: Ground Floor, Krushi Bhavan, General Arun Kumar Vaidya Nagar, Dwarka Point, Nashik, Maharashtra 422011, India<br>Latitude: 19.9921738<br>Longitude: 73.7952824<br>Place_ID: ChIJxTLpQpzD5zsRb5nzQ_F8dW8<br>Source_File: Nashik_Dwarka_industrial.xlsx]]></description>
      <styleUrl>#icon-1899-0288D1</styleUrl>
      <ExtendedData>
        <Data name="Category">
          <value>manufacturer</value>
        </Data>
        <Data name="Address">
          <value>Ground Floor, Krushi Bhavan, General Arun Kumar Vaidya Nagar, Dwarka Point, Nashik, Maharashtra 422011, India</value>
        </Data>
        <Data name="Latitude">
          <value>19.9921738</value>
        </Data>
        <Data name="Longitude">
          <value>73.7952824</value>
        </Data>
        <Data name="Place_ID">
          <value>ChIJxTLpQpzD5zsRb5nzQ_F8dW8</value>
        </Data>
        <Data name="Source_File">
          <value>Nashik_Dwarka_industrial.xlsx</value>
        </Data>
      </ExtendedData>
      <Point>
        <coordinates>
          73.7952824,19.9921738,0
        </coordinates>
      </Point>
    </Placemark>
    <Placemark>
      <name>Arihant Steel</name>
      <description><![CDATA[Category: manufacturer<br>Address: 4, Kathe Ln, Bankar Park Society, Dwarka, Nashik, Maharashtra 422011, India<br>Latitude: 19.9900299<br>Longitude: 73.8021099<br>Place_ID: ChIJneEiuOTq3TsRdqiGJkEnRxQ<br>Source_File: Nashik_Dwarka_industrial.xlsx]]></description>
      <styleUrl>#icon-1899-0288D1</styleUrl>
      <ExtendedData>
        <Data name="Category">
          <value>manufacturer</value>
        </Data>
        <Data name="Address">
          <value>4, Kathe Ln, Bankar Park Society, Dwarka, Nashik, Maharashtra 422011, India</value>
        </Data>
        <Data name="Latitude">
          <value>19.9900299</value>
        </Data>
        <Data name="Longitude">
          <value>73.8021099</value>
        </Data>
        <Data name="Place_ID">
          <value>ChIJneEiuOTq3TsRdqiGJkEnRxQ</value>
        </Data>
        <Data name="Source_File">
          <value>Nashik_Dwarka_industrial.xlsx</value>
        </Data>
      </ExtendedData>
      <Point>
        <coordinates>
          73.8021099,19.9900299,0
        </coordinates>
      </Point>
    </Placemark>
    <Placemark>
      <name>New Aziz Tin Works</name>
      <description><![CDATA[Category: manufacturer<br>Address: Khot Compound, 532, opp. Jitendra Hero Showroom, near Sarda Circle, Multanpura, Nashik, Maharashtra 422001, India<br>Latitude: 19.9944696<br>Longitude: 73.7903058<br>Place_ID: ChIJV_xO_APr3TsR9d0qb88JoOU<br>Source_File: Nashik_Dwarka_industrial.xlsx]]></description>
      <styleUrl>#icon-1899-0288D1</styleUrl>
      <ExtendedData>
        <Data name="Category">
          <value>manufacturer</value>
        </Data>
        <Data name="Address">
          <value>Khot Compound, 532, opp. Jitendra Hero Showroom, near Sarda Circle, Multanpura, Nashik, Maharashtra 422001, India</value>
        </Data>
        <Data name="Latitude">
          <value>19.9944696</value>
        </Data>
        <Data name="Longitude">
          <value>73.7903058</value>
        </Data>
        <Data name="Place_ID">
          <value>ChIJV_xO_APr3TsR9d0qb88JoOU</value>
        </Data>
        <Data name="Source_File">
          <value>Nashik_Dwarka_industrial.xlsx</value>
        </Data>
      </ExtendedData>
      <Point>
        <coordinates>
          73.7903058,19.9944696,0
        </coordinates>
      </Point>
    </Placemark>
    <Placemark>
      <name><![CDATA[GT Fabrication & Welding Works]]></name>
      <description><![CDATA[Category: manufacturer<br>Address: Falke Road, Sarda Cir, Lokhand Bazar, Koknipura, Nashik, Maharashtra 422001, India<br>Latitude: 19.9964234<br>Longitude: 73.7905296<br>Place_ID: ChIJm-eUeYrr3TsRnd9pUzoVm_4<br>Source_File: Nashik_Dwarka_industrial.xlsx]]></description>
      <styleUrl>#icon-1899-0288D1</styleUrl>
      <ExtendedData>
        <Data name="Category">
          <value>manufacturer</value>
        </Data>
        <Data name="Address">
          <value>Falke Road, Sarda Cir, Lokhand Bazar, Koknipura, Nashik, Maharashtra 422001, India</value>
        </Data>
        <Data name="Latitude">
          <value>19.9964234</value>
        </Data>
        <Data name="Longitude">
          <value>73.7905296</value>
        </Data>
        <Data name="Place_ID">
          <value>ChIJm-eUeYrr3TsRnd9pUzoVm_4</value>
        </Data>
        <Data name="Source_File">
          <value>Nashik_Dwarka_industrial.xlsx</value>
        </Data>
      </ExtendedData>
      <Point>
        <coordinates>
          73.7905296,19.9964234,0
        </coordinates>
      </Point>
    </Placemark>
    <Placemark>
      <name>AHmed Group - Metal Craft Industries</name>
      <description><![CDATA[Category: manufacturer<br>Address: Ahmed Group India, near Accurate Weighbridge Jakat Naka, Shingada Talav, Renuka Nagar, Nashik, Maharashtra 422001, India<br>Latitude: 19.9936812<br>Longitude: 73.7883436<br>Place_ID: ChIJwRhMAgTr3TsR_3LF6500pxk<br>Source_File: Nashik_Dwarka_industrial.xlsx]]></description>
      <styleUrl>#icon-1899-0288D1</styleUrl>
      <ExtendedData>
        <Data name="Category">
          <value>manufacturer</value>
        </Data>
        <Data name="Address">
          <value>Ahmed Group India, near Accurate Weighbridge Jakat Naka, Shingada Talav, Renuka Nagar, Nashik, Maharashtra 422001, India</value>
        </Data>
        <Data name="Latitude">
          <value>19.9936812</value>
        </Data>
        <Data name="Longitude">
          <value>73.7883436</value>
        </Data>
        <Data name="Place_ID">
          <value>ChIJwRhMAgTr3TsR_3LF6500pxk</value>
        </Data>
        <Data name="Source_File">
          <value>Nashik_Dwarka_industrial.xlsx</value>
        </Data>
      </ExtendedData>
      <Point>
        <coordinates>
          73.7883436,19.9936812,0
        </coordinates>
      </Point>
    </Placemark>
    <Placemark>
      <name>Chaitanya Traders Plumber Shop</name>
      <description><![CDATA[Category: manufacturer<br>Address: XRQ2+F4R, Nashik - Shirdi Hwy, Dwarka Hotel, Dwarka, Nashik, Maharashtra 422011, India<br>Latitude: 19.9887381<br>Longitude: 73.800274<br>Place_ID: ChIJE604ZOPq3TsRo8vepQVbNfM<br>Source_File: Nashik_Dwarka_industrial.xlsx]]></description>
      <styleUrl>#icon-1899-0288D1</styleUrl>
      <ExtendedData>
        <Data name="Category">
          <value>manufacturer</value>
        </Data>
        <Data name="Address">
          <value>XRQ2+F4R, Nashik - Shirdi Hwy, Dwarka Hotel, Dwarka, Nashik, Maharashtra 422011, India</value>
        </Data>
        <Data name="Latitude">
          <value>19.9887381</value>
        </Data>
        <Data name="Longitude">
          <value>73.800274</value>
        </Data>
        <Data name="Place_ID">
          <value>ChIJE604ZOPq3TsRo8vepQVbNfM</value>
        </Data>
        <Data name="Source_File">
          <value>Nashik_Dwarka_industrial.xlsx</value>
        </Data>
      </ExtendedData>
      <Point>
        <coordinates>
          73.800274,19.9887381,0
        </coordinates>
      </Point>
    </Placemark>
    <Placemark>
      <name>Ezzy Enterprises</name>
      <description><![CDATA[Category: manufacturer<br>Address: Khot Compound, Sarda Cir, Lokhand Bazar, Koknipura, Nashik, Maharashtra 422001, India<br>Latitude: 19.995826<br>Longitude: 73.78992<br>Place_ID: ChIJOyHXWwHr3TsRC0BuuXhW518<br>Source_File: Nashik_Hanuman_Nagar_industrial.xlsx]]></description>
      <styleUrl>#icon-1899-0288D1</styleUrl>
      <ExtendedData>
        <Data name="Category">
          <value>manufacturer</value>
        </Data>
        <Data name="Address">
          <value>Khot Compound, Sarda Cir, Lokhand Bazar, Koknipura, Nashik, Maharashtra 422001, India</value>
        </Data>
        <Data name="Latitude">
          <value>19.995826</value>
        </Data>
        <Data name="Longitude">
          <value>73.78992</value>
        </Data>
        <Data name="Place_ID">
          <value>ChIJOyHXWwHr3TsRC0BuuXhW518</value>
        </Data>
        <Data name="Source_File">
          <value>Nashik_Hanuman_Nagar_industrial.xlsx</value>
        </Data>
      </ExtendedData>
      <Point>
        <coordinates>
          73.78992,19.995826,0
        </coordinates>
      </Point>
    </Placemark>
    <Placemark>
      <name>A.N.J TRADING AND FOUNDATION BOLT MANUFACTURING</name>
      <description><![CDATA[Category: manufacturer<br>Address: Falke Rd, Lokhand Bazar, Gotane Wada, Nashik, Maharashtra 422001, India<br>Latitude: 19.9959232<br>Longitude: 73.7907139<br>Place_ID: ChIJf0elL-Tr3TsRHhwA-iR1dEI<br>Source_File: Nashik_Hanuman_Nagar_industrial.xlsx]]></description>
      <styleUrl>#icon-1899-0288D1</styleUrl>
      <ExtendedData>
        <Data name="Category">
          <value>manufacturer</value>
        </Data>
        <Data name="Address">
          <value>Falke Rd, Lokhand Bazar, Gotane Wada, Nashik, Maharashtra 422001, India</value>
        </Data>
        <Data name="Latitude">
          <value>19.9959232</value>
        </Data>
        <Data name="Longitude">
          <value>73.7907139</value>
        </Data>
        <Data name="Place_ID">
          <value>ChIJf0elL-Tr3TsRHhwA-iR1dEI</value>
        </Data>
        <Data name="Source_File">
          <value>Nashik_Hanuman_Nagar_industrial.xlsx</value>
        </Data>
      </ExtendedData>
      <Point>
        <coordinates>
          73.7907139,19.9959232,0
        </coordinates>
      </Point>
    </Placemark>
    <Placemark>
      <name>ROLEX MANUFACTURING COMPANY. Since 1961</name>
      <description><![CDATA[Category: manufacturer<br>Address: 60 Feet Road, Sarda Cir, near Hero Honda Showroom, Near Sarda Circle, Koknipura, Nashik, Maharashtra 422001, India<br>Latitude: 19.9943557<br>Longitude: 73.7897733<br>Place_ID: ChIJS-fyOgHr3TsR4mIrNbTYNQQ<br>Source_File: Nashik_Hanuman_Nagar_industrial.xlsx]]></description>
      <styleUrl>#icon-1899-0288D1</styleUrl>
      <ExtendedData>
        <Data name="Category">
          <value>manufacturer</value>
        </Data>
        <Data name="Address">
          <value>60 Feet Road, Sarda Cir, near Hero Honda Showroom, Near Sarda Circle, Koknipura, Nashik, Maharashtra 422001, India</value>
        </Data>
        <Data name="Latitude">
          <value>19.9943557</value>
        </Data>
        <Data name="Longitude">
          <value>73.7897733</value>
        </Data>
        <Data name="Place_ID">
          <value>ChIJS-fyOgHr3TsR4mIrNbTYNQQ</value>
        </Data>
        <Data name="Source_File">
          <value>Nashik_Hanuman_Nagar_industrial.xlsx</value>
        </Data>
      </ExtendedData>
      <Point>
        <coordinates>
          73.7897733,19.9943557,0
        </coordinates>
      </Point>
    </Placemark>
    <Placemark>
      <name>Shri Laxmi Furniture</name>
      <description><![CDATA[Category: manufacturer<br>Address: 60 Feet Rd, near Shalimar, Signal, Ganjmal, Nashik, Maharashtra 422001, India<br>Latitude: 19.9962645<br>Longitude: 73.7876637<br>Place_ID: ChIJV7vqHq7r3TsRhpXp1buQMb8<br>Source_File: Nashik_Hanuman_Nagar_industrial.xlsx]]></description>
      <styleUrl>#icon-1899-0288D1</styleUrl>
      <ExtendedData>
        <Data name="Category">
          <value>manufacturer</value>
        </Data>
        <Data name="Address">
          <value>60 Feet Rd, near Shalimar, Signal, Ganjmal, Nashik, Maharashtra 422001, India</value>
        </Data>
        <Data name="Latitude">
          <value>19.9962645</value>
        </Data>
        <Data name="Longitude">
          <value>73.7876637</value>
        </Data>
        <Data name="Place_ID">
          <value>ChIJV7vqHq7r3TsRhpXp1buQMb8</value>
        </Data>
        <Data name="Source_File">
          <value>Nashik_Hanuman_Nagar_industrial.xlsx</value>
        </Data>
      </ExtendedData>
      <Point>
        <coordinates>
          73.7876637,19.9962645,0
        </coordinates>
      </Point>
    </Placemark>
    <Placemark>
      <name>iTvis Innovations Pvt.Ltd.</name>
      <description><![CDATA[Category: manufacturer<br>Address: 3, Kalika Plaza, Mumbai Naka Cir, Mumbai Naka, Bhagwant Nagar, Dr.Homi Bhabha Nagar, Nashik, Maharashtra 422011, India<br>Latitude: 19.9876768<br>Longitude: 73.7859285<br>Place_ID: ChIJw-4eM23P5zsRQBtd5wOAoFE<br>Source_File: Nashik_Mumbai_Naka_industrial.xlsx]]></description>
      <styleUrl>#icon-1899-0288D1</styleUrl>
      <ExtendedData>
        <Data name="Category">
          <value>manufacturer</value>
        </Data>
        <Data name="Address">
          <value>3, Kalika Plaza, Mumbai Naka Cir, Mumbai Naka, Bhagwant Nagar, Dr.Homi Bhabha Nagar, Nashik, Maharashtra 422011, India</value>
        </Data>
        <Data name="Latitude">
          <value>19.9876768</value>
        </Data>
        <Data name="Longitude">
          <value>73.7859285</value>
        </Data>
        <Data name="Place_ID">
          <value>ChIJw-4eM23P5zsRQBtd5wOAoFE</value>
        </Data>
        <Data name="Source_File">
          <value>Nashik_Mumbai_Naka_industrial.xlsx</value>
        </Data>
      </ExtendedData>
      <Point>
        <coordinates>
          73.7859285,19.9876768,0
        </coordinates>
      </Point>
    </Placemark>
    <Placemark>
      <name>Yande Polymers</name>
      <description><![CDATA[Category: manufacturer<br>Address: Nashik - Pune Rd, Shingada Talav, Ganjmal, Nashik, Maharashtra 422001, India<br>Latitude: 19.9937956<br>Longitude: 73.7871885<br>Place_ID: ChIJuc3HGVSV3TsR08NslJpfnNU<br>Source_File: Nashik_Mumbai_Naka_industrial.xlsx]]></description>
      <styleUrl>#icon-1899-0288D1</styleUrl>
      <ExtendedData>
        <Data name="Category">
          <value>manufacturer</value>
        </Data>
        <Data name="Address">
          <value>Nashik - Pune Rd, Shingada Talav, Ganjmal, Nashik, Maharashtra 422001, India</value>
        </Data>
        <Data name="Latitude">
          <value>19.9937956</value>
        </Data>
        <Data name="Longitude">
          <value>73.7871885</value>
        </Data>
        <Data name="Place_ID">
          <value>ChIJuc3HGVSV3TsR08NslJpfnNU</value>
        </Data>
        <Data name="Source_File">
          <value>Nashik_Mumbai_Naka_industrial.xlsx</value>
        </Data>
      </ExtendedData>
      <Point>
        <coordinates>
          73.7871885,19.9937956,0
        </coordinates>
      </Point>
    </Placemark>
    <Placemark>
      <name>Rays Healthcare Enterprises</name>
      <description><![CDATA[Category: manufacturer<br>Address: G 6, Next Hotel Saheba, Nashik Business Park, near Mahamarg Bus Stand, Mumbai Naka, Renuka Nagar, Nashik, Maharashtra 422001, India<br>Latitude: 19.9884824<br>Longitude: 73.7845302<br>Place_ID: ChIJk3A8uBrr3TsRm05u2dLoCF0<br>Source_File: Nashik_Mumbai_Naka_industrial.xlsx]]></description>
      <styleUrl>#icon-1899-0288D1</styleUrl>
      <ExtendedData>
        <Data name="Category">
          <value>manufacturer</value>
        </Data>
        <Data name="Address">
          <value>G 6, Next Hotel Saheba, Nashik Business Park, near Mahamarg Bus Stand, Mumbai Naka, Renuka Nagar, Nashik, Maharashtra 422001, India</value>
        </Data>
        <Data name="Latitude">
          <value>19.9884824</value>
        </Data>
        <Data name="Longitude">
          <value>73.7845302</value>
        </Data>
        <Data name="Place_ID">
          <value>ChIJk3A8uBrr3TsRm05u2dLoCF0</value>
        </Data>
        <Data name="Source_File">
          <value>Nashik_Mumbai_Naka_industrial.xlsx</value>
        </Data>
      </ExtendedData>
      <Point>
        <coordinates>
          73.7845302,19.9884824,0
        </coordinates>
      </Point>
    </Placemark>
    <Placemark>
      <name>Saara Packaging</name>
      <description><![CDATA[Category: manufacturer<br>Address: Madina Chowk, Mumbai Naka, Renuka Nagar, Nashik, Maharashtra 422001, India<br>Latitude: 19.9913048<br>Longitude: 73.7885494<br>Place_ID: ChIJoY_Jde3r3TsRFrkfhTAJYe4<br>Source_File: Nashik_Mumbai_Naka_industrial.xlsx]]></description>
      <styleUrl>#icon-1899-0288D1</styleUrl>
      <ExtendedData>
        <Data name="Category">
          <value>manufacturer</value>
        </Data>
        <Data name="Address">
          <value>Madina Chowk, Mumbai Naka, Renuka Nagar, Nashik, Maharashtra 422001, India</value>
        </Data>
        <Data name="Latitude">
          <value>19.9913048</value>
        </Data>
        <Data name="Longitude">
          <value>73.7885494</value>
        </Data>
        <Data name="Place_ID">
          <value>ChIJoY_Jde3r3TsRFrkfhTAJYe4</value>
        </Data>
        <Data name="Source_File">
          <value>Nashik_Mumbai_Naka_industrial.xlsx</value>
        </Data>
      </ExtendedData>
      <Point>
        <coordinates>
          73.7885494,19.9913048,0
        </coordinates>
      </Point>
    </Placemark>
    <Placemark>
      <name>Niranjan engineering services and spares</name>
      <description><![CDATA[Category: manufacturer<br>Address: Mathura towers, Mumbai Naka, Mirajkar Nagar, Dr.Homi Bhabha Nagar, Nashik, Maharashtra 422011, India<br>Latitude: 19.9911864<br>Longitude: 73.7929753<br>Place_ID: ChIJK82iKI7r3TsRXeacKfRGIoY<br>Source_File: Nashik_Mumbai_Naka_industrial.xlsx]]></description>
      <styleUrl>#icon-1899-0288D1</styleUrl>
      <ExtendedData>
        <Data name="Category">
          <value>manufacturer</value>
        </Data>
        <Data name="Address">
          <value>Mathura towers, Mumbai Naka, Mirajkar Nagar, Dr.Homi Bhabha Nagar, Nashik, Maharashtra 422011, India</value>
        </Data>
        <Data name="Latitude">
          <value>19.9911864</value>
        </Data>
        <Data name="Longitude">
          <value>73.7929753</value>
        </Data>
        <Data name="Place_ID">
          <value>ChIJK82iKI7r3TsRXeacKfRGIoY</value>
        </Data>
        <Data name="Source_File">
          <value>Nashik_Mumbai_Naka_industrial.xlsx</value>
        </Data>
      </ExtendedData>
      <Point>
        <coordinates>
          73.7929753,19.9911864,0
        </coordinates>
      </Point>
    </Placemark>
    <Placemark>
      <name>Shiv Saikrupa</name>
      <description><![CDATA[Category: manufacturer<br>Address: Gali no. 3, dighori arcade, Bharat Mata chowk, tivsi nagar, Koknipura, Nashik, Maharashtra 441601, India<br>Latitude: 19.9958488<br>Longitude: 73.7892958<br>Place_ID: ChIJZxgREIfr3TsR-wmxkLPZGy4<br>Source_File: Nashik_Mumbai_Naka_industrial.xlsx]]></description>
      <styleUrl>#icon-1899-0288D1</styleUrl>
      <ExtendedData>
        <Data name="Category">
          <value>manufacturer</value>
        </Data>
        <Data name="Address">
          <value>Gali no. 3, dighori arcade, Bharat Mata chowk, tivsi nagar, Koknipura, Nashik, Maharashtra 441601, India</value>
        </Data>
        <Data name="Latitude">
          <value>19.9958488</value>
        </Data>
        <Data name="Longitude">
          <value>73.7892958</value>
        </Data>
        <Data name="Place_ID">
          <value>ChIJZxgREIfr3TsR-wmxkLPZGy4</value>
        </Data>
        <Data name="Source_File">
          <value>Nashik_Mumbai_Naka_industrial.xlsx</value>
        </Data>
      </ExtendedData>
      <Point>
        <coordinates>
          73.7892958,19.9958488,0
        </coordinates>
      </Point>
    </Placemark>
    <Placemark>
      <name><![CDATA[Treat House Cakes & More]]></name>
      <description><![CDATA[Category: cake_shop<br>Address: Shop no 4, Rajhira Complex Ex Kutir society, Bhabha Nagar Rd, near sayhadri hospital signal, Mirajkar Nagar, Dr.Homi Bhabha Nagar, Nashik, Maharashtra 422011, India<br>Latitude: 19.9883258<br>Longitude: 73.7918937<br>Place_ID: ChIJgfzAztjr3TsRetGYWQLzAmE<br>Source_File: Nashik_Wadala_Road_establishments.xlsx]]></description>
      <styleUrl>#icon-1899-0288D1</styleUrl>
      <ExtendedData>
        <Data name="Category">
          <value>cake_shop</value>
        </Data>
        <Data name="Address">
          <value>Shop no 4, Rajhira Complex Ex Kutir society, Bhabha Nagar Rd, near sayhadri hospital signal, Mirajkar Nagar, Dr.Homi Bhabha Nagar, Nashik, Maharashtra 422011, India</value>
        </Data>
        <Data name="Latitude">
          <value>19.9883258</value>
        </Data>
        <Data name="Longitude">
          <value>73.7918937</value>
        </Data>
        <Data name="Place_ID">
          <value>ChIJgfzAztjr3TsRetGYWQLzAmE</value>
        </Data>
        <Data name="Source_File">
          <value>Nashik_Wadala_Road_establishments.xlsx</value>
        </Data>
      </ExtendedData>
      <Point>
        <coordinates>
          73.7918937,19.9883258,0
        </coordinates>
      </Point>
    </Placemark>
    <Placemark>
      <name>MSEDCL OFFICE, DWARKA</name>
      <description><![CDATA[Category: corporate_office<br>Address: XRX4+26R, Godavari MIDC, Dwarka, Nashik, Maharashtra 422011, India<br>Latitude: 19.9976159<br>Longitude: 73.8055207<br>Place_ID: ChIJx6Sv6fvr3TsRpIq7-0a20Tg<br>Source_File: Nashik_Dwarka_industrial.xlsx]]></description>
      <styleUrl>#icon-1899-0288D1</styleUrl>
      <ExtendedData>
        <Data name="Category">
          <value>corporate_office</value>
        </Data>
        <Data name="Address">
          <value>XRX4+26R, Godavari MIDC, Dwarka, Nashik, Maharashtra 422011, India</value>
        </Data>
        <Data name="Latitude">
          <value>19.9976159</value>
        </Data>
        <Data name="Longitude">
          <value>73.8055207</value>
        </Data>
        <Data name="Place_ID">
          <value>ChIJx6Sv6fvr3TsRpIq7-0a20Tg</value>
        </Data>
        <Data name="Source_File">
          <value>Nashik_Dwarka_industrial.xlsx</value>
        </Data>
      </ExtendedData>
      <Point>
        <coordinates>
          73.8055207,19.9976159,0
        </coordinates>
      </Point>
    </Placemark>
    <Placemark>
      <name><![CDATA[Ashwin Stone & Tiles Industry]]></name>
      <description><![CDATA[Category: corporate_office<br>Address: XRW5+W93, Godavari MIDC, Dwarka, Nashik, Maharashtra 422011, India<br>Latitude: 19.9972525<br>Longitude: 73.8084218<br>Place_ID: ChIJwVuiNPfq3TsRZBcuRpft5oc<br>Source_File: Nashik_Dwarka_industrial.xlsx]]></description>
      <styleUrl>#icon-1899-0288D1</styleUrl>
      <ExtendedData>
        <Data name="Category">
          <value>corporate_office</value>
        </Data>
        <Data name="Address">
          <value>XRW5+W93, Godavari MIDC, Dwarka, Nashik, Maharashtra 422011, India</value>
        </Data>
        <Data name="Latitude">
          <value>19.9972525</value>
        </Data>
        <Data name="Longitude">
          <value>73.8084218</value>
        </Data>
        <Data name="Place_ID">
          <value>ChIJwVuiNPfq3TsRZBcuRpft5oc</value>
        </Data>
        <Data name="Source_File">
          <value>Nashik_Dwarka_industrial.xlsx</value>
        </Data>
      </ExtendedData>
      <Point>
        <coordinates>
          73.8084218,19.9972525,0
        </coordinates>
      </Point>
    </Placemark>
    <Placemark>
      <name>Nasik Plastic Industries</name>
      <description><![CDATA[Category: corporate_office<br>Address: Sr.# 399/3A, Tigraniya Road, near MSEB Office, Godavari MIDC, Dwarka, Nashik, Maharashtra 422011, India<br>Latitude: 19.9978047<br>Longitude: 73.8072026<br>Place_ID: ChIJD65KeXLr3TsRKDqRaToljMw<br>Source_File: Nashik_Dwarka_industrial.xlsx]]></description>
      <styleUrl>#icon-1899-0288D1</styleUrl>
      <ExtendedData>
        <Data name="Category">
          <value>corporate_office</value>
        </Data>
        <Data name="Address">
          <value>Sr.# 399/3A, Tigraniya Road, near MSEB Office, Godavari MIDC, Dwarka, Nashik, Maharashtra 422011, India</value>
        </Data>
        <Data name="Latitude">
          <value>19.9978047</value>
        </Data>
        <Data name="Longitude">
          <value>73.8072026</value>
        </Data>
        <Data name="Place_ID">
          <value>ChIJD65KeXLr3TsRKDqRaToljMw</value>
        </Data>
        <Data name="Source_File">
          <value>Nashik_Dwarka_industrial.xlsx</value>
        </Data>
      </ExtendedData>
      <Point>
        <coordinates>
          73.8072026,19.9978047,0
        </coordinates>
      </Point>
    </Placemark>
    <Placemark>
      <name>Mahaveer Trading Company</name>
      <description><![CDATA[Category: manufacturer<br>Address: XRW4+RJM, Unnamed Road, Godavari MIDC, Dwarka, Nashik, Maharashtra 422011, India<br>Latitude: 19.9970997<br>Longitude: 73.8065332<br>Place_ID: ChIJJebA__nq3TsRiTeNPJUoy8k<br>Source_File: Nashik_Dwarka_industrial.xlsx]]></description>
      <styleUrl>#icon-1899-0288D1</styleUrl>
      <ExtendedData>
        <Data name="Category">
          <value>manufacturer</value>
        </Data>
        <Data name="Address">
          <value>XRW4+RJM, Unnamed Road, Godavari MIDC, Dwarka, Nashik, Maharashtra 422011, India</value>
        </Data>
        <Data name="Latitude">
          <value>19.9970997</value>
        </Data>
        <Data name="Longitude">
          <value>73.8065332</value>
        </Data>
        <Data name="Place_ID">
          <value>ChIJJebA__nq3TsRiTeNPJUoy8k</value>
        </Data>
        <Data name="Source_File">
          <value>Nashik_Dwarka_industrial.xlsx</value>
        </Data>
      </ExtendedData>
      <Point>
        <coordinates>
          73.8065332,19.9970997,0
        </coordinates>
      </Point>
    </Placemark>
    <Placemark>
      <name>Motherson Industries</name>
      <description><![CDATA[Category: manufacturer<br>Address: Motherson Industries, Plot no: 05, Tigrania Road, opp. MSEB office, near Tractor House, Godavari MIDC, Dwarka, Nashik, Maharashtra 422011, India<br>Latitude: 19.9979095<br>Longitude: 73.8063621<br>Place_ID: ChIJAYeoLDvr3TsRRNRSBAuwPME<br>Source_File: Nashik_Dwarka_industrial.xlsx]]></description>
      <styleUrl>#icon-1899-0288D1</styleUrl>
      <ExtendedData>
        <Data name="Category">
          <value>manufacturer</value>
        </Data>
        <Data name="Address">
          <value>Motherson Industries, Plot no: 05, Tigrania Road, opp. MSEB office, near Tractor House, Godavari MIDC, Dwarka, Nashik, Maharashtra 422011, India</value>
        </Data>
        <Data name="Latitude">
          <value>19.9979095</value>
        </Data>
        <Data name="Longitude">
          <value>73.8063621</value>
        </Data>
        <Data name="Place_ID">
          <value>ChIJAYeoLDvr3TsRRNRSBAuwPME</value>
        </Data>
        <Data name="Source_File">
          <value>Nashik_Dwarka_industrial.xlsx</value>
        </Data>
      </ExtendedData>
      <Point>
        <coordinates>
          73.8063621,19.9979095,0
        </coordinates>
      </Point>
    </Placemark>
    <Placemark>
      <name>World Plastic Care WPC</name>
      <description><![CDATA[Category: manufacturer<br>Address: Surve No 399,P Lot No 4 Tigraniya Road,Near Bharat Boring,Opp MSEB Office, Dwarka, Godavari MIDC, Dwarka, Nashik, Maharashtra 422011, India<br>Latitude: 19.9986822<br>Longitude: 73.8062214<br>Place_ID: ChIJeaQY3Pnq3TsRjkLbgwejfFY<br>Source_File: Nashik_Dwarka_industrial.xlsx]]></description>
      <styleUrl>#icon-1899-0288D1</styleUrl>
      <ExtendedData>
        <Data name="Category">
          <value>manufacturer</value>
        </Data>
        <Data name="Address">
          <value>Surve No 399,P Lot No 4 Tigraniya Road,Near Bharat Boring,Opp MSEB Office, Dwarka, Godavari MIDC, Dwarka, Nashik, Maharashtra 422011, India</value>
        </Data>
        <Data name="Latitude">
          <value>19.9986822</value>
        </Data>
        <Data name="Longitude">
          <value>73.8062214</value>
        </Data>
        <Data name="Place_ID">
          <value>ChIJeaQY3Pnq3TsRjkLbgwejfFY</value>
        </Data>
        <Data name="Source_File">
          <value>Nashik_Dwarka_industrial.xlsx</value>
        </Data>
      </ExtendedData>
      <Point>
        <coordinates>
          73.8062214,19.9986822,0
        </coordinates>
      </Point>
    </Placemark>
    <Placemark>
      <name>Karadbandhu</name>
      <description><![CDATA[Category: manufacturer<br>Address: XRW4+VWJ, Godavari MIDC, Dwarka, Nashik, Maharashtra 422011, India<br>Latitude: 19.9971318<br>Longitude: 73.807295<br>Place_ID: ChIJ3611bwDr3TsRdXEWvrggtPk<br>Source_File: Nashik_Dwarka_industrial.xlsx]]></description>
      <styleUrl>#icon-1899-0288D1</styleUrl>
      <ExtendedData>
        <Data name="Category">
          <value>manufacturer</value>
        </Data>
        <Data name="Address">
          <value>XRW4+VWJ, Godavari MIDC, Dwarka, Nashik, Maharashtra 422011, India</value>
        </Data>
        <Data name="Latitude">
          <value>19.9971318</value>
        </Data>
        <Data name="Longitude">
          <value>73.807295</value>
        </Data>
        <Data name="Place_ID">
          <value>ChIJ3611bwDr3TsRdXEWvrggtPk</value>
        </Data>
        <Data name="Source_File">
          <value>Nashik_Dwarka_industrial.xlsx</value>
        </Data>
      </ExtendedData>
      <Point>
        <coordinates>
          73.807295,19.9971318,0
        </coordinates>
      </Point>
    </Placemark>
    <Placemark>
      <name>Greymax Industries Pvt Ltd</name>
      <description><![CDATA[Category: manufacturer<br>Address: Nivrutti industrial estate, Tigrania road, behind maruti wafers, Godavari MIDC, Dwarka, Nashik, Maharashtra 422011, India<br>Latitude: 19.9977556<br>Longitude: 73.8081484<br>Place_ID: ChIJ_953VILr3TsRWwW_CBJnrfE<br>Source_File: Nashik_Dwarka_industrial.xlsx]]></description>
      <styleUrl>#icon-1899-0288D1</styleUrl>
      <ExtendedData>
        <Data name="Category">
          <value>manufacturer</value>
        </Data>
        <Data name="Address">
          <value>Nivrutti industrial estate, Tigrania road, behind maruti wafers, Godavari MIDC, Dwarka, Nashik, Maharashtra 422011, India</value>
        </Data>
        <Data name="Latitude">
          <value>19.9977556</value>
        </Data>
        <Data name="Longitude">
          <value>73.8081484</value>
        </Data>
        <Data name="Place_ID">
          <value>ChIJ_953VILr3TsRWwW_CBJnrfE</value>
        </Data>
        <Data name="Source_File">
          <value>Nashik_Dwarka_industrial.xlsx</value>
        </Data>
      </ExtendedData>
      <Point>
        <coordinates>
          73.8081484,19.9977556,0
        </coordinates>
      </Point>
    </Placemark>
    <Placemark>
      <name>Shree Vinayak Springs pvt Ltd</name>
      <description><![CDATA[Category: manufacturer<br>Address: Maharashtra, Godavari MIDC, Dwarka, Nashik, Maharashtra 422011, India<br>Latitude: 19.9986283<br>Longitude: 73.8048595<br>Place_ID: ChIJvbO1vvnq3TsRIDgs6NAgRVI<br>Source_File: Nashik_Dwarka_industrial.xlsx]]></description>
      <styleUrl>#icon-1899-0288D1</styleUrl>
      <ExtendedData>
        <Data name="Category">
          <value>manufacturer</value>
        </Data>
        <Data name="Address">
          <value>Maharashtra, Godavari MIDC, Dwarka, Nashik, Maharashtra 422011, India</value>
        </Data>
        <Data name="Latitude">
          <value>19.9986283</value>
        </Data>
        <Data name="Longitude">
          <value>73.8048595</value>
        </Data>
        <Data name="Place_ID">
          <value>ChIJvbO1vvnq3TsRIDgs6NAgRVI</value>
        </Data>
        <Data name="Source_File">
          <value>Nashik_Dwarka_industrial.xlsx</value>
        </Data>
      </ExtendedData>
      <Point>
        <coordinates>
          73.8048595,19.9986283,0
        </coordinates>
      </Point>
    </Placemark>
    <Placemark>
      <name>ALIDE PAINTS INDUSTRY</name>
      <description><![CDATA[Category: manufacturer<br>Address: Plot no.12, Kathe Industrial Estate, Godavari MIDC, Dwarka, Nashik, Maharashtra 422011, India<br>Latitude: 19.9983133<br>Longitude: 73.8093634<br>Place_ID: ChIJcV_2DT_r3TsRi5FrP8C4owI<br>Source_File: Nashik_Dwarka_industrial.xlsx]]></description>
      <styleUrl>#icon-1899-0288D1</styleUrl>
      <ExtendedData>
        <Data name="Category">
          <value>manufacturer</value>
        </Data>
        <Data name="Address">
          <value>Plot no.12, Kathe Industrial Estate, Godavari MIDC, Dwarka, Nashik, Maharashtra 422011, India</value>
        </Data>
        <Data name="Latitude">
          <value>19.9983133</value>
        </Data>
        <Data name="Longitude">
          <value>73.8093634</value>
        </Data>
        <Data name="Place_ID">
          <value>ChIJcV_2DT_r3TsRi5FrP8C4owI</value>
        </Data>
        <Data name="Source_File">
          <value>Nashik_Dwarka_industrial.xlsx</value>
        </Data>
      </ExtendedData>
      <Point>
        <coordinates>
          73.8093634,19.9983133,0
        </coordinates>
      </Point>
    </Placemark>
    <Placemark>
      <name>POWER LINK ENGINEERS LLP</name>
      <description><![CDATA[Category: manufacturer<br>Address: Plot No 3, Kathe Industrial Estate, Tigrania Takali Rd, Godavari MIDC, Dwarka, Nashik, Maharashtra 422011, India<br>Latitude: 19.9982445<br>Longitude: 73.80911<br>Place_ID: ChIJa0ZvJPfq3TsRDbtkRkDrXBI<br>Source_File: Nashik_Dwarka_industrial.xlsx]]></description>
      <styleUrl>#icon-1899-0288D1</styleUrl>
      <ExtendedData>
        <Data name="Category">
          <value>manufacturer</value>
        </Data>
        <Data name="Address">
          <value>Plot No 3, Kathe Industrial Estate, Tigrania Takali Rd, Godavari MIDC, Dwarka, Nashik, Maharashtra 422011, India</value>
        </Data>
        <Data name="Latitude">
          <value>19.9982445</value>
        </Data>
        <Data name="Longitude">
          <value>73.80911</value>
        </Data>
        <Data name="Place_ID">
          <value>ChIJa0ZvJPfq3TsRDbtkRkDrXBI</value>
        </Data>
        <Data name="Source_File">
          <value>Nashik_Dwarka_industrial.xlsx</value>
        </Data>
      </ExtendedData>
      <Point>
        <coordinates>
          73.80911,19.9982445,0
        </coordinates>
      </Point>
    </Placemark>
    <Placemark>
      <name>Safe Steel Industries | Steel Cupboards | Steel Furniture | Steel Beds</name>
      <description><![CDATA[Category: manufacturer<br>Address: Plot no 8 behing sagar bakry godawari Midc tractor cantre, Godavari MIDC, Dwarka, Nashik, Maharashtra 422011, India<br>Latitude: 19.9968888<br>Longitude: 73.8077777<br>Place_ID: ChIJ1dfHM3Lr3TsR7nM-0QXHUIE<br>Source_File: Nashik_Dwarka_industrial.xlsx]]></description>
      <styleUrl>#icon-1899-0288D1</styleUrl>
      <ExtendedData>
        <Data name="Category">
          <value>manufacturer</value>
        </Data>
        <Data name="Address">
          <value>Plot no 8 behing sagar bakry godawari Midc tractor cantre, Godavari MIDC, Dwarka, Nashik, Maharashtra 422011, India</value>
        </Data>
        <Data name="Latitude">
          <value>19.9968888</value>
        </Data>
        <Data name="Longitude">
          <value>73.8077777</value>
        </Data>
        <Data name="Place_ID">
          <value>ChIJ1dfHM3Lr3TsR7nM-0QXHUIE</value>
        </Data>
        <Data name="Source_File">
          <value>Nashik_Dwarka_industrial.xlsx</value>
        </Data>
      </ExtendedData>
      <Point>
        <coordinates>
          73.8077777,19.9968888,0
        </coordinates>
      </Point>
    </Placemark>
    <Placemark>
      <name>R K Ice Factory</name>
      <description><![CDATA[Category: manufacturer<br>Address: S No 393\1\2a+2a+312a, P No 1a, Takali Road, Takli Rd, Godavari MIDC, Dwarka, Nashik, Maharashtra 422011, India<br>Latitude: 19.9968359<br>Longitude: 73.8087082<br>Place_ID: ChIJYQCzQ_rq3TsRQpNPZlrqldA<br>Source_File: Nashik_Dwarka_industrial.xlsx]]></description>
      <styleUrl>#icon-1899-0288D1</styleUrl>
      <ExtendedData>
        <Data name="Category">
          <value>manufacturer</value>
        </Data>
        <Data name="Address">
          <value>S No 393\1\2a+2a+312a, P No 1a, Takali Road, Takli Rd, Godavari MIDC, Dwarka, Nashik, Maharashtra 422011, India</value>
        </Data>
        <Data name="Latitude">
          <value>19.9968359</value>
        </Data>
        <Data name="Longitude">
          <value>73.8087082</value>
        </Data>
        <Data name="Place_ID">
          <value>ChIJYQCzQ_rq3TsRQpNPZlrqldA</value>
        </Data>
        <Data name="Source_File">
          <value>Nashik_Dwarka_industrial.xlsx</value>
        </Data>
      </ExtendedData>
      <Point>
        <coordinates>
          73.8087082,19.9968359,0
        </coordinates>
      </Point>
    </Placemark>
    <Placemark>
      <name>Kashmire Flour Mill</name>
      <description><![CDATA[Category: manufacturer<br>Address: Takli Rd, Dwarka, Nashik, Maharashtra 422011, India<br>Latitude: 19.9953076<br>Longitude: 73.8034304<br>Place_ID: ChIJ59FoFgDr3TsR1QfnHJqUs4Y<br>Source_File: Nashik_Dwarka_industrial.xlsx]]></description>
      <styleUrl>#icon-1899-0288D1</styleUrl>
      <ExtendedData>
        <Data name="Category">
          <value>manufacturer</value>
        </Data>
        <Data name="Address">
          <value>Takli Rd, Dwarka, Nashik, Maharashtra 422011, India</value>
        </Data>
        <Data name="Latitude">
          <value>19.9953076</value>
        </Data>
        <Data name="Longitude">
          <value>73.8034304</value>
        </Data>
        <Data name="Place_ID">
          <value>ChIJ59FoFgDr3TsR1QfnHJqUs4Y</value>
        </Data>
        <Data name="Source_File">
          <value>Nashik_Dwarka_industrial.xlsx</value>
        </Data>
      </ExtendedData>
      <Point>
        <coordinates>
          73.8034304,19.9953076,0
        </coordinates>
      </Point>
    </Placemark>
    <Placemark>
      <name>MOHANLAL NAMKEEN</name>
      <description><![CDATA[Category: manufacturer<br>Address: 24,TIGRANIA INDUSTRIAL ZONE, behind KASHI MALI MANGAL KARYALAY, Godavari MIDC, Dwarka, Nashik, Maharashtra 422011, India<br>Latitude: 20.0000697<br>Longitude: 73.8051428<br>Place_ID: ChIJl2WEOgHr3TsRK3m51tWb8Kk<br>Source_File: Nashik_Dwarka_industrial.xlsx]]></description>
      <styleUrl>#icon-1899-0288D1</styleUrl>
      <ExtendedData>
        <Data name="Category">
          <value>manufacturer</value>
        </Data>
        <Data name="Address">
          <value>24,TIGRANIA INDUSTRIAL ZONE, behind KASHI MALI MANGAL KARYALAY, Godavari MIDC, Dwarka, Nashik, Maharashtra 422011, India</value>
        </Data>
        <Data name="Latitude">
          <value>20.0000697</value>
        </Data>
        <Data name="Longitude">
          <value>73.8051428</value>
        </Data>
        <Data name="Place_ID">
          <value>ChIJl2WEOgHr3TsRK3m51tWb8Kk</value>
        </Data>
        <Data name="Source_File">
          <value>Nashik_Dwarka_industrial.xlsx</value>
        </Data>
      </ExtendedData>
      <Point>
        <coordinates>
          73.8051428,20.0000697,0
        </coordinates>
      </Point>
    </Placemark>
    <Placemark>
      <name>Aadi Dev Food Mfg</name>
      <description><![CDATA[Category: manufacturer<br>Address: Survey No 402, plot No 14, near Someshwar Masale Company, Godavari MIDC, Tigraniya Industrial Area, Dwarka, Nashik, Maharashtra 422011, India<br>Latitude: 19.9993175<br>Longitude: 73.8064705<br>Place_ID: ChIJwdqjHKfr3TsROZE2k-kc6dg<br>Source_File: Nashik_Dwarka_industrial.xlsx]]></description>
      <styleUrl>#icon-1899-0288D1</styleUrl>
      <ExtendedData>
        <Data name="Category">
          <value>manufacturer</value>
        </Data>
        <Data name="Address">
          <value>Survey No 402, plot No 14, near Someshwar Masale Company, Godavari MIDC, Tigraniya Industrial Area, Dwarka, Nashik, Maharashtra 422011, India</value>
        </Data>
        <Data name="Latitude">
          <value>19.9993175</value>
        </Data>
        <Data name="Longitude">
          <value>73.8064705</value>
        </Data>
        <Data name="Place_ID">
          <value>ChIJwdqjHKfr3TsROZE2k-kc6dg</value>
        </Data>
        <Data name="Source_File">
          <value>Nashik_Dwarka_industrial.xlsx</value>
        </Data>
      </ExtendedData>
      <Point>
        <coordinates>
          73.8064705,19.9993175,0
        </coordinates>
      </Point>
    </Placemark>
    <Placemark>
      <name>Bhagya Laxmi Soap And Chemicals</name>
      <description><![CDATA[Category: manufacturer<br>Address: trigrania road, Plot no.25, Tapovan Rd, opposite to Maruti wafers, near waterways, Dwarka, Nashik, Maharashtra 422001, India<br>Latitude: 19.9965821<br>Longitude: 73.8118922<br>Place_ID: ChIJ5dZmx4zr3TsRuOLXNUqOWB8<br>Source_File: Nashik_Dwarka_industrial.xlsx]]></description>
      <styleUrl>#icon-1899-0288D1</styleUrl>
      <ExtendedData>
        <Data name="Category">
          <value>manufacturer</value>
        </Data>
        <Data name="Address">
          <value>trigrania road, Plot no.25, Tapovan Rd, opposite to Maruti wafers, near waterways, Dwarka, Nashik, Maharashtra 422001, India</value>
        </Data>
        <Data name="Latitude">
          <value>19.9965821</value>
        </Data>
        <Data name="Longitude">
          <value>73.8118922</value>
        </Data>
        <Data name="Place_ID">
          <value>ChIJ5dZmx4zr3TsRuOLXNUqOWB8</value>
        </Data>
        <Data name="Source_File">
          <value>Nashik_Dwarka_industrial.xlsx</value>
        </Data>
      </ExtendedData>
      <Point>
        <coordinates>
          73.8118922,19.9965821,0
        </coordinates>
      </Point>
    </Placemark>
    <Placemark>
      <name>ARIHANT METALS</name>
      <description><![CDATA[Category: manufacturer<br>Address: KOTHARI CAPITAL, S.NO.397/1A/2, TIGRANIYA ROAD, behind TRACTOR CENTRE, Godavari MIDC, Dwarka, Nashik, Maharashtra 422011, India<br>Latitude: 19.997827<br>Longitude: 73.804041<br>Place_ID: ChIJPyrxGnrr3TsRyxosWR7gmFA<br>Source_File: Nashik_Dwarka_industrial.xlsx]]></description>
      <styleUrl>#icon-1899-0288D1</styleUrl>
      <ExtendedData>
        <Data name="Category">
          <value>manufacturer</value>
        </Data>
        <Data name="Address">
          <value>KOTHARI CAPITAL, S.NO.397/1A/2, TIGRANIYA ROAD, behind TRACTOR CENTRE, Godavari MIDC, Dwarka, Nashik, Maharashtra 422011, India</value>
        </Data>
        <Data name="Latitude">
          <value>19.997827</value>
        </Data>
        <Data name="Longitude">
          <value>73.804041</value>
        </Data>
        <Data name="Place_ID">
          <value>ChIJPyrxGnrr3TsRyxosWR7gmFA</value>
        </Data>
        <Data name="Source_File">
          <value>Nashik_Dwarka_industrial.xlsx</value>
        </Data>
      </ExtendedData>
      <Point>
        <coordinates>
          73.804041,19.997827,0
        </coordinates>
      </Point>
    </Placemark>
    <Placemark>
      <name>Kunal Industries Nashik</name>
      <description><![CDATA[Category: manufacturer<br>Address: Office - Plot No 2, Sheetal CHS Takli Road. NASHIK 422011 Works - Gala No 159, SICOF Ind.Est. M.I.D.C M.I.D.C. Satpur Nashik 422007, Dwarka, Nashik, Maharashtra 422011, India<br>Latitude: 19.9960546<br>Longitude: 73.8046399<br>Place_ID: ChIJO53o9tnB3TsRELyXU0Dbm3Q<br>Source_File: Nashik_Wadala_Road_industrial.xlsx]]></description>
      <styleUrl>#icon-1899-0288D1</styleUrl>
      <ExtendedData>
        <Data name="Category">
          <value>manufacturer</value>
        </Data>
        <Data name="Address">
          <value>Office - Plot No 2, Sheetal CHS Takli Road. NASHIK 422011 Works - Gala No 159, SICOF Ind.Est. M.I.D.C M.I.D.C. Satpur Nashik 422007, Dwarka, Nashik, Maharashtra 422011, India</value>
        </Data>
        <Data name="Latitude">
          <value>19.9960546</value>
        </Data>
        <Data name="Longitude">
          <value>73.8046399</value>
        </Data>
        <Data name="Place_ID">
          <value>ChIJO53o9tnB3TsRELyXU0Dbm3Q</value>
        </Data>
        <Data name="Source_File">
          <value>Nashik_Wadala_Road_industrial.xlsx</value>
        </Data>
      </ExtendedData>
      <Point>
        <coordinates>
          73.8046399,19.9960546,0
        </coordinates>
      </Point>
    </Placemark>
    <Placemark>
      <name><![CDATA[Ss Industrial Services & Supplier Pvt.Ltd.]]></name>
      <description><![CDATA[Category: corporate_office<br>Address: Flat No: 05, Smita Appt No:02, Patil Lane No: 01, College road, Nashik, Maharashtra 422005, India<br>Latitude: 20.0061107<br>Longitude: 73.7627771<br>Place_ID: ChIJPXqhoZvr3TsRHh8rwCGzRs4<br>Source_File: Nashik_College_Road_industrial.xlsx]]></description>
      <styleUrl>#icon-1899-0288D1</styleUrl>
      <ExtendedData>
        <Data name="Category">
          <value>corporate_office</value>
        </Data>
        <Data name="Address">
          <value>Flat No: 05, Smita Appt No:02, Patil Lane No: 01, College road, Nashik, Maharashtra 422005, India</value>
        </Data>
        <Data name="Latitude">
          <value>20.0061107</value>
        </Data>
        <Data name="Longitude">
          <value>73.7627771</value>
        </Data>
        <Data name="Place_ID">
          <value>ChIJPXqhoZvr3TsRHh8rwCGzRs4</value>
        </Data>
        <Data name="Source_File">
          <value>Nashik_College_Road_industrial.xlsx</value>
        </Data>
      </ExtendedData>
      <Point>
        <coordinates>
          73.7627771,20.0061107,0
        </coordinates>
      </Point>
    </Placemark>
    <Placemark>
      <name>Viraj Vertex</name>
      <description><![CDATA[Category: corporate_office<br>Address: Viraj Vertex, Off, College Rd, Yeolekar Mala, Nashik, Maharashtra 422005, India<br>Latitude: 20.0026861<br>Longitude: 73.7632897<br>Place_ID: ChIJxRd78-_r3TsRYYaM-YnN60w<br>Source_File: Nashik_College_Road_industrial.xlsx]]></description>
      <styleUrl>#icon-1899-0288D1</styleUrl>
      <ExtendedData>
        <Data name="Category">
          <value>corporate_office</value>
        </Data>
        <Data name="Address">
          <value>Viraj Vertex, Off, College Rd, Yeolekar Mala, Nashik, Maharashtra 422005, India</value>
        </Data>
        <Data name="Latitude">
          <value>20.0026861</value>
        </Data>
        <Data name="Longitude">
          <value>73.7632897</value>
        </Data>
        <Data name="Place_ID">
          <value>ChIJxRd78-_r3TsRYYaM-YnN60w</value>
        </Data>
        <Data name="Source_File">
          <value>Nashik_College_Road_industrial.xlsx</value>
        </Data>
      </ExtendedData>
      <Point>
        <coordinates>
          73.7632897,20.0026861,0
        </coordinates>
      </Point>
    </Placemark>
    <Placemark>
      <name>The Business Park</name>
      <description><![CDATA[Category: corporate_office<br>Address: Gajanan Janardhan Mhatre Marg, D'souza Colony, Nashik, Maharashtra 422005, India<br>Latitude: 20.0102827<br>Longitude: 73.7581205<br>Place_ID: ChIJoaPx-s3r3TsR2g9uvaSPrU0<br>Source_File: Nashik_College_Road_industrial.xlsx]]></description>
      <styleUrl>#icon-1899-0288D1</styleUrl>
      <ExtendedData>
        <Data name="Category">
          <value>corporate_office</value>
        </Data>
        <Data name="Address">
          <value><![CDATA[Gajanan Janardhan Mhatre Marg, D'souza Colony, Nashik, Maharashtra 422005, India]]></value>
        </Data>
        <Data name="Latitude">
          <value>20.0102827</value>
        </Data>
        <Data name="Longitude">
          <value>73.7581205</value>
        </Data>
        <Data name="Place_ID">
          <value>ChIJoaPx-s3r3TsR2g9uvaSPrU0</value>
        </Data>
        <Data name="Source_File">
          <value>Nashik_College_Road_industrial.xlsx</value>
        </Data>
      </ExtendedData>
      <Point>
        <coordinates>
          73.7581205,20.0102827,0
        </coordinates>
      </Point>
    </Placemark>
    <Placemark>
      <name>LUMORA</name>
      <description><![CDATA[Category: corporate_office<br>Address: Nath Sita Complex, College Rd, Yeolekar Mala, Ramdas Colony, Nashik, Maharashtra 422003, India<br>Latitude: 20.005106<br>Longitude: 73.7641435<br>Place_ID: ChIJKSS3bKPr3TsRn4yzro8T8h8<br>Source_File: Nashik_College_Road_industrial.xlsx]]></description>
      <styleUrl>#icon-1899-0288D1</styleUrl>
      <ExtendedData>
        <Data name="Category">
          <value>corporate_office</value>
        </Data>
        <Data name="Address">
          <value>Nath Sita Complex, College Rd, Yeolekar Mala, Ramdas Colony, Nashik, Maharashtra 422003, India</value>
        </Data>
        <Data name="Latitude">
          <value>20.005106</value>
        </Data>
        <Data name="Longitude">
          <value>73.7641435</value>
        </Data>
        <Data name="Place_ID">
          <value>ChIJKSS3bKPr3TsRn4yzro8T8h8</value>
        </Data>
        <Data name="Source_File">
          <value>Nashik_College_Road_industrial.xlsx</value>
        </Data>
      </ExtendedData>
      <Point>
        <coordinates>
          73.7641435,20.005106,0
        </coordinates>
      </Point>
    </Placemark>
    <Placemark>
      <name>VIHAR BUILDCON.</name>
      <description><![CDATA[Category: corporate_office<br>Address: B, 2Q27+X25, College Rd, Yeolekar Mala, Nashik, Maharashtra 422005, India<br>Latitude: 20.002375<br>Longitude: 73.762599<br>Place_ID: ChIJL_VAWJzr3TsRxQkS0dVcLRs<br>Source_File: Nashik_College_Road_industrial.xlsx]]></description>
      <styleUrl>#icon-1899-0288D1</styleUrl>
      <ExtendedData>
        <Data name="Category">
          <value>corporate_office</value>
        </Data>
        <Data name="Address">
          <value>B, 2Q27+X25, College Rd, Yeolekar Mala, Nashik, Maharashtra 422005, India</value>
        </Data>
        <Data name="Latitude">
          <value>20.002375</value>
        </Data>
        <Data name="Longitude">
          <value>73.762599</value>
        </Data>
        <Data name="Place_ID">
          <value>ChIJL_VAWJzr3TsRxQkS0dVcLRs</value>
        </Data>
        <Data name="Source_File">
          <value>Nashik_College_Road_industrial.xlsx</value>
        </Data>
      </ExtendedData>
      <Point>
        <coordinates>
          73.762599,20.002375,0
        </coordinates>
      </Point>
    </Placemark>
    <Placemark>
      <name>Nath Seeta Yeolekar Complex by Deepak Builders and Developers</name>
      <description><![CDATA[Category: corporate_office<br>Address: Nath Seeta Yeolekar Complex by Deepak Builders and Developers, Yeolekar Mala, Sahjeevan Colony, Nashik, Maharashtra 422005, India<br>Latitude: 20.0041123<br>Longitude: 73.7641539<br>Place_ID: ChIJC-4ZPgDr3TsRA3Y2qw6XWx4<br>Source_File: Nashik_College_Road_industrial.xlsx]]></description>
      <styleUrl>#icon-1899-0288D1</styleUrl>
      <ExtendedData>
        <Data name="Category">
          <value>corporate_office</value>
        </Data>
        <Data name="Address">
          <value>Nath Seeta Yeolekar Complex by Deepak Builders and Developers, Yeolekar Mala, Sahjeevan Colony, Nashik, Maharashtra 422005, India</value>
        </Data>
        <Data name="Latitude">
          <value>20.0041123</value>
        </Data>
        <Data name="Longitude">
          <value>73.7641539</value>
        </Data>
        <Data name="Place_ID">
          <value>ChIJC-4ZPgDr3TsRA3Y2qw6XWx4</value>
        </Data>
        <Data name="Source_File">
          <value>Nashik_College_Road_industrial.xlsx</value>
        </Data>
      </ExtendedData>
      <Point>
        <coordinates>
          73.7641539,20.0041123,0
        </coordinates>
      </Point>
    </Placemark>
    <Placemark>
      <name>Quality Training Center</name>
      <description><![CDATA[Category: corporate_office<br>Address: 24, Laxmi, Laxmi Nagar, Maleria Stop, College Rd, behind Magnum Heart Institute, NDCC Bank Colony, Patil Colony, Canada Corner, Nashik, Maharashtra 422005, India<br>Latitude: 20.0070818<br>Longitude: 73.7696508<br>Place_ID: ChIJmTAYzmDr3TsRB0rpALRUOEk<br>Source_File: Nashik_College_Road_industrial.xlsx]]></description>
      <styleUrl>#icon-1899-0288D1</styleUrl>
      <ExtendedData>
        <Data name="Category">
          <value>corporate_office</value>
        </Data>
        <Data name="Address">
          <value>24, Laxmi, Laxmi Nagar, Maleria Stop, College Rd, behind Magnum Heart Institute, NDCC Bank Colony, Patil Colony, Canada Corner, Nashik, Maharashtra 422005, India</value>
        </Data>
        <Data name="Latitude">
          <value>20.0070818</value>
        </Data>
        <Data name="Longitude">
          <value>73.7696508</value>
        </Data>
        <Data name="Place_ID">
          <value>ChIJmTAYzmDr3TsRB0rpALRUOEk</value>
        </Data>
        <Data name="Source_File">
          <value>Nashik_College_Road_industrial.xlsx</value>
        </Data>
      </ExtendedData>
      <Point>
        <coordinates>
          73.7696508,20.0070818,0
        </coordinates>
      </Point>
    </Placemark>
    <Placemark>
      <name>Chinmay Enterprises</name>
      <description><![CDATA[Category: corporate_office<br>Address: Flat No.1, Sulochana Apartment, opposite Patil Plaza, Vise Mala, Canada Corner, Nashik, Maharashtra 422005, India<br>Latitude: 20.0033478<br>Longitude: 73.7687198<br>Place_ID: ChIJnxR1MF7r3TsRBNYKapt6K2s<br>Source_File: Nashik_College_Road_industrial.xlsx]]></description>
      <styleUrl>#icon-1899-0288D1</styleUrl>
      <ExtendedData>
        <Data name="Category">
          <value>corporate_office</value>
        </Data>
        <Data name="Address">
          <value>Flat No.1, Sulochana Apartment, opposite Patil Plaza, Vise Mala, Canada Corner, Nashik, Maharashtra 422005, India</value>
        </Data>
        <Data name="Latitude">
          <value>20.0033478</value>
        </Data>
        <Data name="Longitude">
          <value>73.7687198</value>
        </Data>
        <Data name="Place_ID">
          <value>ChIJnxR1MF7r3TsRBNYKapt6K2s</value>
        </Data>
        <Data name="Source_File">
          <value>Nashik_College_Road_industrial.xlsx</value>
        </Data>
      </ExtendedData>
      <Point>
        <coordinates>
          73.7687198,20.0033478,0
        </coordinates>
      </Point>
    </Placemark>
    <Placemark>
      <name>TRIMURTI UDYOG</name>
      <description><![CDATA[Category: corporate_office<br>Address: Gangapur Rd, Near BOM ATM, Abhyuday Colony, Shramik Colony-1, Nashik, Maharashtra 422013, India<br>Latitude: 20.0121032<br>Longitude: 73.7587701<br>Place_ID: ChIJ_RCo2o_r3TsR7HgrvAMu1cY<br>Source_File: Nashik_Gangapur_Road_industrial.xlsx]]></description>
      <styleUrl>#icon-1899-0288D1</styleUrl>
      <ExtendedData>
        <Data name="Category">
          <value>corporate_office</value>
        </Data>
        <Data name="Address">
          <value>Gangapur Rd, Near BOM ATM, Abhyuday Colony, Shramik Colony-1, Nashik, Maharashtra 422013, India</value>
        </Data>
        <Data name="Latitude">
          <value>20.0121032</value>
        </Data>
        <Data name="Longitude">
          <value>73.7587701</value>
        </Data>
        <Data name="Place_ID">
          <value>ChIJ_RCo2o_r3TsR7HgrvAMu1cY</value>
        </Data>
        <Data name="Source_File">
          <value>Nashik_Gangapur_Road_industrial.xlsx</value>
        </Data>
      </ExtendedData>
      <Point>
        <coordinates>
          73.7587701,20.0121032,0
        </coordinates>
      </Point>
    </Placemark>
    <Placemark>
      <name>Niesen Solutions Private Limited</name>
      <description><![CDATA[Category: general_contractor<br>Address: Shop No. 15, Asawari Chambers, College Rd, Canada Corner, Nashik, Maharashtra 422005, India<br>Latitude: 20.0048477<br>Longitude: 73.7681051<br>Place_ID: ChIJy7jGJqLr3TsRtgI73Dl4EOc<br>Source_File: Nashik_College_Road_industrial.xlsx]]></description>
      <styleUrl>#icon-1899-0288D1</styleUrl>
      <ExtendedData>
        <Data name="Category">
          <value>general_contractor</value>
        </Data>
        <Data name="Address">
          <value>Shop No. 15, Asawari Chambers, College Rd, Canada Corner, Nashik, Maharashtra 422005, India</value>
        </Data>
        <Data name="Latitude">
          <value>20.0048477</value>
        </Data>
        <Data name="Longitude">
          <value>73.7681051</value>
        </Data>
        <Data name="Place_ID">
          <value>ChIJy7jGJqLr3TsRtgI73Dl4EOc</value>
        </Data>
        <Data name="Source_File">
          <value>Nashik_College_Road_industrial.xlsx</value>
        </Data>
      </ExtendedData>
      <Point>
        <coordinates>
          73.7681051,20.0048477,0
        </coordinates>
      </Point>
    </Placemark>
    <Placemark>
      <name>Payas</name>
      <description><![CDATA[Category: general_contractor<br>Address: 2Q47+XHC, Thatte Nagar, College Rd, Nashik, Maharashtra 422005, India<br>Latitude: 20.0074289<br>Longitude: 73.763887<br>Place_ID: ChIJ80m2Sprr3TsRKUWQDaJZs1I<br>Source_File: Nashik_College_Road_industrial.xlsx]]></description>
      <styleUrl>#icon-1899-0288D1</styleUrl>
      <ExtendedData>
        <Data name="Category">
          <value>general_contractor</value>
        </Data>
        <Data name="Address">
          <value>2Q47+XHC, Thatte Nagar, College Rd, Nashik, Maharashtra 422005, India</value>
        </Data>
        <Data name="Latitude">
          <value>20.0074289</value>
        </Data>
        <Data name="Longitude">
          <value>73.763887</value>
        </Data>
        <Data name="Place_ID">
          <value>ChIJ80m2Sprr3TsRKUWQDaJZs1I</value>
        </Data>
        <Data name="Source_File">
          <value>Nashik_College_Road_industrial.xlsx</value>
        </Data>
      </ExtendedData>
      <Point>
        <coordinates>
          73.763887,20.0074289,0
        </coordinates>
      </Point>
    </Placemark>
    <Placemark>
      <name>CORE ERECTORS PVT LTD</name>
      <description><![CDATA[Category: general_contractor<br>Address: Office -01 Ground Floor, Rohan Hights, College Rd, opp. Dommino's Pizza, opp. Nandan Sweet, Nashik, Maharashtra 422005, India<br>Latitude: 20.0060689<br>Longitude: 73.7630163<br>Place_ID: ChIJx69jjaLr3TsRmbiFGmGWSRI<br>Source_File: Nashik_College_Road_industrial.xlsx]]></description>
      <styleUrl>#icon-1899-0288D1</styleUrl>
      <ExtendedData>
        <Data name="Category">
          <value>general_contractor</value>
        </Data>
        <Data name="Address">
          <value><![CDATA[Office -01 Ground Floor, Rohan Hights, College Rd, opp. Dommino's Pizza, opp. Nandan Sweet, Nashik, Maharashtra 422005, India]]></value>
        </Data>
        <Data name="Latitude">
          <value>20.0060689</value>
        </Data>
        <Data name="Longitude">
          <value>73.7630163</value>
        </Data>
        <Data name="Place_ID">
          <value>ChIJx69jjaLr3TsRmbiFGmGWSRI</value>
        </Data>
        <Data name="Source_File">
          <value>Nashik_College_Road_industrial.xlsx</value>
        </Data>
      </ExtendedData>
      <Point>
        <coordinates>
          73.7630163,20.0060689,0
        </coordinates>
      </Point>
    </Placemark>
    <Placemark>
      <name>7CTS Pvt Ltd (Seven Continents Technical Services Pvt Ltd)</name>
      <description><![CDATA[Category: general_contractor<br>Address: Plot No. C-8/1 A- Road, NICE, NICE Area, MIDC, Satpur Colony, Nashik, Maharashtra 422005, India<br>Latitude: 20.0016769<br>Longitude: 73.7492208<br>Place_ID: ChIJBVMPesDr3TsRZQi0CDUd4C8<br>Source_File: Nashik_College_Road_industrial.xlsx]]></description>
      <styleUrl>#icon-1899-0288D1</styleUrl>
      <ExtendedData>
        <Data name="Category">
          <value>general_contractor</value>
        </Data>
        <Data name="Address">
          <value>Plot No. C-8/1 A- Road, NICE, NICE Area, MIDC, Satpur Colony, Nashik, Maharashtra 422005, India</value>
        </Data>
        <Data name="Latitude">
          <value>20.0016769</value>
        </Data>
        <Data name="Longitude">
          <value>73.7492208</value>
        </Data>
        <Data name="Place_ID">
          <value>ChIJBVMPesDr3TsRZQi0CDUd4C8</value>
        </Data>
        <Data name="Source_File">
          <value>Nashik_College_Road_industrial.xlsx</value>
        </Data>
      </ExtendedData>
      <Point>
        <coordinates>
          73.7492208,20.0016769,0
        </coordinates>
      </Point>
    </Placemark>
    <Placemark>
      <name>Condura Construction Chemicals Pvt. Ltd.</name>
      <description><![CDATA[Category: general_contractor<br>Address: G-1, Sharanpur Rd, near Soni Paithani, Racca Colony, Jejurkar Wadi, Sharanpur, Nashik, Maharashtra 422002, India<br>Latitude: 20.000484<br>Longitude: 73.77292<br>Place_ID: ChIJz1wQbaDr3TsRZOFbH8Ajngk<br>Source_File: Nashik_College_Road_industrial.xlsx]]></description>
      <styleUrl>#icon-1899-0288D1</styleUrl>
      <ExtendedData>
        <Data name="Category">
          <value>general_contractor</value>
        </Data>
        <Data name="Address">
          <value>G-1, Sharanpur Rd, near Soni Paithani, Racca Colony, Jejurkar Wadi, Sharanpur, Nashik, Maharashtra 422002, India</value>
        </Data>
        <Data name="Latitude">
          <value>20.000484</value>
        </Data>
        <Data name="Longitude">
          <value>73.77292</value>
        </Data>
        <Data name="Place_ID">
          <value>ChIJz1wQbaDr3TsRZOFbH8Ajngk</value>
        </Data>
        <Data name="Source_File">
          <value>Nashik_College_Road_industrial.xlsx</value>
        </Data>
      </ExtendedData>
      <Point>
        <coordinates>
          73.77292,20.000484,0
        </coordinates>
      </Point>
    </Placemark>
    <Placemark>
      <name>Kamal InfraBuild Pvt. Ltd</name>
      <description><![CDATA[Category: general_contractor<br>Address: 402, Rushiraj Regency, Near Vidya Vikas Circle, Gangapur Rd, Patil Colony, Nashik, Maharashtra 422005, India<br>Latitude: 20.009325<br>Longitude: 73.765748<br>Place_ID: ChIJ8QPY85nr3TsRRB-dUbS3DJI<br>Source_File: Nashik_Makhmalabad_industrial.xlsx]]></description>
      <styleUrl>#icon-1899-0288D1</styleUrl>
      <ExtendedData>
        <Data name="Category">
          <value>general_contractor</value>
        </Data>
        <Data name="Address">
          <value>402, Rushiraj Regency, Near Vidya Vikas Circle, Gangapur Rd, Patil Colony, Nashik, Maharashtra 422005, India</value>
        </Data>
        <Data name="Latitude">
          <value>20.009325</value>
        </Data>
        <Data name="Longitude">
          <value>73.765748</value>
        </Data>
        <Data name="Place_ID">
          <value>ChIJ8QPY85nr3TsRRB-dUbS3DJI</value>
        </Data>
        <Data name="Source_File">
          <value>Nashik_Makhmalabad_industrial.xlsx</value>
        </Data>
      </ExtendedData>
      <Point>
        <coordinates>
          73.765748,20.009325,0
        </coordinates>
      </Point>
    </Placemark>
    <Placemark>
      <name>Suyojit Infrastructure Pvt. Ltd.</name>
      <description><![CDATA[Category: general_contractor<br>Address: Shop No. F-1, Suyojit Trade Centre, First Floor, Sharanpur Rd, opp. Rajiv Gandhi Bhavan, Old Pandit Colony, Pandit Colony, Nashik, Maharashtra 422002, India<br>Latitude: 20.0016172<br>Longitude: 73.7765133<br>Place_ID: ChIJIYmu6aDr3TsRM-DR5G7fAYM<br>Source_File: Nashik_Sharanpur_Road_industrial.xlsx]]></description>
      <styleUrl>#icon-1899-0288D1</styleUrl>
      <ExtendedData>
        <Data name="Category">
          <value>general_contractor</value>
        </Data>
        <Data name="Address">
          <value>Shop No. F-1, Suyojit Trade Centre, First Floor, Sharanpur Rd, opp. Rajiv Gandhi Bhavan, Old Pandit Colony, Pandit Colony, Nashik, Maharashtra 422002, India</value>
        </Data>
        <Data name="Latitude">
          <value>20.0016172</value>
        </Data>
        <Data name="Longitude">
          <value>73.7765133</value>
        </Data>
        <Data name="Place_ID">
          <value>ChIJIYmu6aDr3TsRM-DR5G7fAYM</value>
        </Data>
        <Data name="Source_File">
          <value>Nashik_Sharanpur_Road_industrial.xlsx</value>
        </Data>
      </ExtendedData>
      <Point>
        <coordinates>
          73.7765133,20.0016172,0
        </coordinates>
      </Point>
    </Placemark>
    <Placemark>
      <name>Manomay Biochem Pvt Ltd</name>
      <description><![CDATA[Category: manufacturer<br>Address: Tidke Colony, Nashik, Maharashtra 422002, India<br>Latitude: 19.992405<br>Longitude: 73.7728169<br>Place_ID: ChIJjVt2Vgvr3TsRU6S8_n7axo4<br>Source_File: Nashik_CIDCO_industrial.xlsx]]></description>
      <styleUrl>#icon-1899-0288D1</styleUrl>
      <ExtendedData>
        <Data name="Category">
          <value>manufacturer</value>
        </Data>
        <Data name="Address">
          <value>Tidke Colony, Nashik, Maharashtra 422002, India</value>
        </Data>
        <Data name="Latitude">
          <value>19.992405</value>
        </Data>
        <Data name="Longitude">
          <value>73.7728169</value>
        </Data>
        <Data name="Place_ID">
          <value>ChIJjVt2Vgvr3TsRU6S8_n7axo4</value>
        </Data>
        <Data name="Source_File">
          <value>Nashik_CIDCO_industrial.xlsx</value>
        </Data>
      </ExtendedData>
      <Point>
        <coordinates>
          73.7728169,19.992405,0
        </coordinates>
      </Point>
    </Placemark>
    <Placemark>
      <name>S V PLASTOCHEM PVT. LTD.</name>
      <description><![CDATA[Category: manufacturer<br>Address: 7, 3rd Floor, Neelkamal Commer Zone, College Rd, above FAB India, Yeolekar Mala, Nashik, Maharashtra 422005, India<br>Latitude: 20.0013363<br>Longitude: 73.7625642<br>Place_ID: ChIJVVVVlfrq3TsRi6PXtsw3SjI<br>Source_File: Nashik_College_Road_industrial.xlsx]]></description>
      <styleUrl>#icon-1899-0288D1</styleUrl>
      <ExtendedData>
        <Data name="Category">
          <value>manufacturer</value>
        </Data>
        <Data name="Address">
          <value>7, 3rd Floor, Neelkamal Commer Zone, College Rd, above FAB India, Yeolekar Mala, Nashik, Maharashtra 422005, India</value>
        </Data>
        <Data name="Latitude">
          <value>20.0013363</value>
        </Data>
        <Data name="Longitude">
          <value>73.7625642</value>
        </Data>
        <Data name="Place_ID">
          <value>ChIJVVVVlfrq3TsRi6PXtsw3SjI</value>
        </Data>
        <Data name="Source_File">
          <value>Nashik_College_Road_industrial.xlsx</value>
        </Data>
      </ExtendedData>
      <Point>
        <coordinates>
          73.7625642,20.0013363,0
        </coordinates>
      </Point>
    </Placemark>
    <Placemark>
      <name>Autonetics Automation</name>
      <description><![CDATA[Category: manufacturer<br>Address: 3rd floor, Office no T4, SK Open Mall, Kulkarni circle, College Rd, Ramdas Colony, Nashik, Maharashtra 422005, India<br>Latitude: 20.0056414<br>Longitude: 73.7634748<br>Place_ID: ChIJffQnl5vr3TsRY0-FJg3HnAg<br>Source_File: Nashik_College_Road_industrial.xlsx]]></description>
      <styleUrl>#icon-1899-0288D1</styleUrl>
      <ExtendedData>
        <Data name="Category">
          <value>manufacturer</value>
        </Data>
        <Data name="Address">
          <value>3rd floor, Office no T4, SK Open Mall, Kulkarni circle, College Rd, Ramdas Colony, Nashik, Maharashtra 422005, India</value>
        </Data>
        <Data name="Latitude">
          <value>20.0056414</value>
        </Data>
        <Data name="Longitude">
          <value>73.7634748</value>
        </Data>
        <Data name="Place_ID">
          <value>ChIJffQnl5vr3TsRY0-FJg3HnAg</value>
        </Data>
        <Data name="Source_File">
          <value>Nashik_College_Road_industrial.xlsx</value>
        </Data>
      </ExtendedData>
      <Point>
        <coordinates>
          73.7634748,20.0056414,0
        </coordinates>
      </Point>
    </Placemark>
    <Placemark>
      <name>Rohan Energy Solutions Pvt. Ltd</name>
      <description><![CDATA[Category: manufacturer<br>Address: 2Q47+C6C Yash Saptashri, College Rd, Adwait Colony, Canada Corner, Nashik, Maharashtra 422005, India<br>Latitude: 20.0060689<br>Longitude: 73.7630163<br>Place_ID: ChIJE09uopvr3TsRvtSlc5e3Qpw<br>Source_File: Nashik_College_Road_industrial.xlsx]]></description>
      <styleUrl>#icon-1899-0288D1</styleUrl>
      <ExtendedData>
        <Data name="Category">
          <value>manufacturer</value>
        </Data>
        <Data name="Address">
          <value>2Q47+C6C Yash Saptashri, College Rd, Adwait Colony, Canada Corner, Nashik, Maharashtra 422005, India</value>
        </Data>
        <Data name="Latitude">
          <value>20.0060689</value>
        </Data>
        <Data name="Longitude">
          <value>73.7630163</value>
        </Data>
        <Data name="Place_ID">
          <value>ChIJE09uopvr3TsRvtSlc5e3Qpw</value>
        </Data>
        <Data name="Source_File">
          <value>Nashik_College_Road_industrial.xlsx</value>
        </Data>
      </ExtendedData>
      <Point>
        <coordinates>
          73.7630163,20.0060689,0
        </coordinates>
      </Point>
    </Placemark>
    <Placemark>
      <name>Jahagirdar Foods College Road Shop</name>
      <description><![CDATA[Category: manufacturer<br>Address: College Rd, Patil Colony, Canada Corner, Nashik, Maharashtra 422005, India<br>Latitude: 20.0042127<br>Longitude: 73.7700974<br>Place_ID: ChIJWRjTROrr3TsRw6Inu6ZS1Yo<br>Source_File: Nashik_College_Road_industrial.xlsx]]></description>
      <styleUrl>#icon-1899-0288D1</styleUrl>
      <ExtendedData>
        <Data name="Category">
          <value>manufacturer</value>
        </Data>
        <Data name="Address">
          <value>College Rd, Patil Colony, Canada Corner, Nashik, Maharashtra 422005, India</value>
        </Data>
        <Data name="Latitude">
          <value>20.0042127</value>
        </Data>
        <Data name="Longitude">
          <value>73.7700974</value>
        </Data>
        <Data name="Place_ID">
          <value>ChIJWRjTROrr3TsRw6Inu6ZS1Yo</value>
        </Data>
        <Data name="Source_File">
          <value>Nashik_College_Road_industrial.xlsx</value>
        </Data>
      </ExtendedData>
      <Point>
        <coordinates>
          73.7700974,20.0042127,0
        </coordinates>
      </Point>
    </Placemark>
    <Placemark>
      <name>SNANS TECH INDIA PRIVATE LIMITED</name>
      <description><![CDATA[Category: manufacturer<br>Address: 2nd Floor, Sk open mall, S-31/32, College Rd, near Shraddha Petrol Pump, Ramdas Colony, Nashik, Maharashtra 422005, India<br>Latitude: 20.0051398<br>Longitude: 73.7635357<br>Place_ID: ChIJPcy-kJPr3TsRjJntSzAg8M4<br>Source_File: Nashik_College_Road_industrial.xlsx]]></description>
      <styleUrl>#icon-1899-0288D1</styleUrl>
      <ExtendedData>
        <Data name="Category">
          <value>manufacturer</value>
        </Data>
        <Data name="Address">
          <value>2nd Floor, Sk open mall, S-31/32, College Rd, near Shraddha Petrol Pump, Ramdas Colony, Nashik, Maharashtra 422005, India</value>
        </Data>
        <Data name="Latitude">
          <value>20.0051398</value>
        </Data>
        <Data name="Longitude">
          <value>73.7635357</value>
        </Data>
        <Data name="Place_ID">
          <value>ChIJPcy-kJPr3TsRjJntSzAg8M4</value>
        </Data>
        <Data name="Source_File">
          <value>Nashik_College_Road_industrial.xlsx</value>
        </Data>
      </ExtendedData>
      <Point>
        <coordinates>
          73.7635357,20.0051398,0
        </coordinates>
      </Point>
    </Placemark>
    <Placemark>
      <name>CV Industries Private Limited</name>
      <description><![CDATA[Category: manufacturer<br>Address: Nirman Villa, 14-B, College Rd, Vise Mala, NIRMAN NAGAR, Ramdas Colony, Nashik, Maharashtra 422005, India<br>Latitude: 20.0029992<br>Longitude: 73.7653628<br>Place_ID: ChIJzcuVIJzr3TsRWjAp7uo7kFw<br>Source_File: Nashik_College_Road_industrial.xlsx]]></description>
      <styleUrl>#icon-1899-0288D1</styleUrl>
      <ExtendedData>
        <Data name="Category">
          <value>manufacturer</value>
        </Data>
        <Data name="Address">
          <value>Nirman Villa, 14-B, College Rd, Vise Mala, NIRMAN NAGAR, Ramdas Colony, Nashik, Maharashtra 422005, India</value>
        </Data>
        <Data name="Latitude">
          <value>20.0029992</value>
        </Data>
        <Data name="Longitude">
          <value>73.7653628</value>
        </Data>
        <Data name="Place_ID">
          <value>ChIJzcuVIJzr3TsRWjAp7uo7kFw</value>
        </Data>
        <Data name="Source_File">
          <value>Nashik_College_Road_industrial.xlsx</value>
        </Data>
      </ExtendedData>
      <Point>
        <coordinates>
          73.7653628,20.0029992,0
        </coordinates>
      </Point>
    </Placemark>
    <Placemark>
      <name>Advance Pesticides</name>
      <description><![CDATA[Category: manufacturer<br>Address: 5th Floor, Viraj Vertex, off College Road, Yeolekar Mala, Nashik, Maharashtra 422005, India<br>Latitude: 20.0028242<br>Longitude: 73.7629227<br>Place_ID: ChIJdS9IlLLr3TsRAtpiwDBQThg<br>Source_File: Nashik_College_Road_industrial.xlsx]]></description>
      <styleUrl>#icon-1899-0288D1</styleUrl>
      <ExtendedData>
        <Data name="Category">
          <value>manufacturer</value>
        </Data>
        <Data name="Address">
          <value>5th Floor, Viraj Vertex, off College Road, Yeolekar Mala, Nashik, Maharashtra 422005, India</value>
        </Data>
        <Data name="Latitude">
          <value>20.0028242</value>
        </Data>
        <Data name="Longitude">
          <value>73.7629227</value>
        </Data>
        <Data name="Place_ID">
          <value>ChIJdS9IlLLr3TsRAtpiwDBQThg</value>
        </Data>
        <Data name="Source_File">
          <value>Nashik_College_Road_industrial.xlsx</value>
        </Data>
      </ExtendedData>
      <Point>
        <coordinates>
          73.7629227,20.0028242,0
        </coordinates>
      </Point>
    </Placemark>
    <Placemark>
      <name>Singh Engineering Works</name>
      <description><![CDATA[Category: manufacturer<br>Address: Plot no C2, N.I.C.E Industrial Estate, MIDC Area, MIDC, Satpur Colony, Nashik, Maharashtra 422005, India<br>Latitude: 19.999757<br>Longitude: 73.7511885<br>Place_ID: ChIJAQAAAH3s3TsRTJJZkOADEM4<br>Source_File: Nashik_College_Road_industrial.xlsx]]></description>
      <styleUrl>#icon-1899-0288D1</styleUrl>
      <ExtendedData>
        <Data name="Category">
          <value>manufacturer</value>
        </Data>
        <Data name="Address">
          <value>Plot no C2, N.I.C.E Industrial Estate, MIDC Area, MIDC, Satpur Colony, Nashik, Maharashtra 422005, India</value>
        </Data>
        <Data name="Latitude">
          <value>19.999757</value>
        </Data>
        <Data name="Longitude">
          <value>73.7511885</value>
        </Data>
        <Data name="Place_ID">
          <value>ChIJAQAAAH3s3TsRTJJZkOADEM4</value>
        </Data>
        <Data name="Source_File">
          <value>Nashik_College_Road_industrial.xlsx</value>
        </Data>
      </ExtendedData>
      <Point>
        <coordinates>
          73.7511885,19.999757,0
        </coordinates>
      </Point>
    </Placemark>
    <Placemark>
      <name>Elite steel detailing private limited</name>
      <description><![CDATA[Category: manufacturer<br>Address: NICE, Plot No. C-8/1, A - Rd, NICE Area, MIDC, Satpur Colony, Nashik, Maharashtra 422005, India<br>Latitude: 19.9997524<br>Longitude: 73.7497714<br>Place_ID: ChIJZ0M8hCPr3TsR2X0Nd5gnnZw<br>Source_File: Nashik_College_Road_industrial.xlsx]]></description>
      <styleUrl>#icon-1899-0288D1</styleUrl>
      <ExtendedData>
        <Data name="Category">
          <value>manufacturer</value>
        </Data>
        <Data name="Address">
          <value>NICE, Plot No. C-8/1, A - Rd, NICE Area, MIDC, Satpur Colony, Nashik, Maharashtra 422005, India</value>
        </Data>
        <Data name="Latitude">
          <value>19.9997524</value>
        </Data>
        <Data name="Longitude">
          <value>73.7497714</value>
        </Data>
        <Data name="Place_ID">
          <value>ChIJZ0M8hCPr3TsR2X0Nd5gnnZw</value>
        </Data>
        <Data name="Source_File">
          <value>Nashik_College_Road_industrial.xlsx</value>
        </Data>
      </ExtendedData>
      <Point>
        <coordinates>
          73.7497714,19.9997524,0
        </coordinates>
      </Point>
    </Placemark>
    <Placemark>
      <name>Constrochem</name>
      <description><![CDATA[Category: manufacturer<br>Address: flat no 3, Nishir Apartments, Pumping Station Rd, near Mama Mungi Mangal Karyalay, Saubhagya Nagar, Sobhag Nagar, Nashik, Maharashtra 422013, India<br>Latitude: 20.010316<br>Longitude: 73.7661833<br>Place_ID: ChIJoRhU_Znr3TsRu-115siiKkc<br>Source_File: Nashik_College_Road_industrial.xlsx]]></description>
      <styleUrl>#icon-1899-0288D1</styleUrl>
      <ExtendedData>
        <Data name="Category">
          <value>manufacturer</value>
        </Data>
        <Data name="Address">
          <value>flat no 3, Nishir Apartments, Pumping Station Rd, near Mama Mungi Mangal Karyalay, Saubhagya Nagar, Sobhag Nagar, Nashik, Maharashtra 422013, India</value>
        </Data>
        <Data name="Latitude">
          <value>20.010316</value>
        </Data>
        <Data name="Longitude">
          <value>73.7661833</value>
        </Data>
        <Data name="Place_ID">
          <value>ChIJoRhU_Znr3TsRu-115siiKkc</value>
        </Data>
        <Data name="Source_File">
          <value>Nashik_College_Road_industrial.xlsx</value>
        </Data>
      </ExtendedData>
      <Point>
        <coordinates>
          73.7661833,20.010316,0
        </coordinates>
      </Point>
    </Placemark>
    <Placemark>
      <name>Atharva Udyog</name>
      <description><![CDATA[Category: manufacturer<br>Address: no.2, Atharva Udyog, Lane, Gangapur Rd, near Upadhye Classes, Pandit Colony, Nashik, Maharashtra 422002, India<br>Latitude: 20.0043406<br>Longitude: 73.7761439<br>Place_ID: ChIJx90Ltqbr3TsRBwHqxd9hWR8<br>Source_File: Nashik_Gangapur_Road_industrial.xlsx]]></description>
      <styleUrl>#icon-1899-0288D1</styleUrl>
      <ExtendedData>
        <Data name="Category">
          <value>manufacturer</value>
        </Data>
        <Data name="Address">
          <value>no.2, Atharva Udyog, Lane, Gangapur Rd, near Upadhye Classes, Pandit Colony, Nashik, Maharashtra 422002, India</value>
        </Data>
        <Data name="Latitude">
          <value>20.0043406</value>
        </Data>
        <Data name="Longitude">
          <value>73.7761439</value>
        </Data>
        <Data name="Place_ID">
          <value>ChIJx90Ltqbr3TsRBwHqxd9hWR8</value>
        </Data>
        <Data name="Source_File">
          <value>Nashik_Gangapur_Road_industrial.xlsx</value>
        </Data>
      </ExtendedData>
      <Point>
        <coordinates>
          73.7761439,20.0043406,0
        </coordinates>
      </Point>
    </Placemark>
    <Placemark>
      <name>Jahagirdar Foods Gangapur Road Shop</name>
      <description><![CDATA[Category: manufacturer<br>Address: Gangapur Rd, near Prasad Circle, Shramik Nagar, Uday Nagar, Nashik, Maharashtra 422013, India<br>Latitude: 20.0116409<br>Longitude: 73.7603264<br>Place_ID: ChIJlR7TXNLr3TsRILoRMkIhwG4<br>Source_File: Nashik_Gangapur_Road_industrial.xlsx]]></description>
      <styleUrl>#icon-1899-0288D1</styleUrl>
      <ExtendedData>
        <Data name="Category">
          <value>manufacturer</value>
        </Data>
        <Data name="Address">
          <value>Gangapur Rd, near Prasad Circle, Shramik Nagar, Uday Nagar, Nashik, Maharashtra 422013, India</value>
        </Data>
        <Data name="Latitude">
          <value>20.0116409</value>
        </Data>
        <Data name="Longitude">
          <value>73.7603264</value>
        </Data>
        <Data name="Place_ID">
          <value>ChIJlR7TXNLr3TsRILoRMkIhwG4</value>
        </Data>
        <Data name="Source_File">
          <value>Nashik_Gangapur_Road_industrial.xlsx</value>
        </Data>
      </ExtendedData>
      <Point>
        <coordinates>
          73.7603264,20.0116409,0
        </coordinates>
      </Point>
    </Placemark>
    <Placemark>
      <name>Dynacorp Engineering Pvt. Ltd.</name>
      <description><![CDATA[Category: manufacturer<br>Address: 1-2-3, Vijay Kiran Apartment, Tidke Colony Rd, Wild Orcade Society, Matoshree Nagar, Nashik, Maharashtra 422002, India<br>Latitude: 19.9930996<br>Longitude: 73.7740047<br>Place_ID: ChIJsf5PiAzr3TsRDDP0YpfEPTQ<br>Source_File: Nashik_Hanuman_Nagar_industrial.xlsx]]></description>
      <styleUrl>#icon-1899-0288D1</styleUrl>
      <ExtendedData>
        <Data name="Category">
          <value>manufacturer</value>
        </Data>
        <Data name="Address">
          <value>1-2-3, Vijay Kiran Apartment, Tidke Colony Rd, Wild Orcade Society, Matoshree Nagar, Nashik, Maharashtra 422002, India</value>
        </Data>
        <Data name="Latitude">
          <value>19.9930996</value>
        </Data>
        <Data name="Longitude">
          <value>73.7740047</value>
        </Data>
        <Data name="Place_ID">
          <value>ChIJsf5PiAzr3TsRDDP0YpfEPTQ</value>
        </Data>
        <Data name="Source_File">
          <value>Nashik_Hanuman_Nagar_industrial.xlsx</value>
        </Data>
      </ExtendedData>
      <Point>
        <coordinates>
          73.7740047,19.9930996,0
        </coordinates>
      </Point>
    </Placemark>
    <Placemark>
      <name>Bhoomi Enterprises</name>
      <description><![CDATA[Category: manufacturer<br>Address: Office No.1, Kotkar House, Sharanpur Rd, opp. Navkar Tower, near Jain Mandir, Racca Colony, Jejurkar Wadi, Kulkarni Colony, Nashik, Maharashtra 422002, India<br>Latitude: 19.998201<br>Longitude: 73.7727191<br>Place_ID: ChIJedmNwArr3TsRz5o7Nzjo4EA<br>Source_File: Nashik_Hanuman_Nagar_industrial.xlsx]]></description>
      <styleUrl>#icon-1899-0288D1</styleUrl>
      <ExtendedData>
        <Data name="Category">
          <value>manufacturer</value>
        </Data>
        <Data name="Address">
          <value>Office No.1, Kotkar House, Sharanpur Rd, opp. Navkar Tower, near Jain Mandir, Racca Colony, Jejurkar Wadi, Kulkarni Colony, Nashik, Maharashtra 422002, India</value>
        </Data>
        <Data name="Latitude">
          <value>19.998201</value>
        </Data>
        <Data name="Longitude">
          <value>73.7727191</value>
        </Data>
        <Data name="Place_ID">
          <value>ChIJedmNwArr3TsRz5o7Nzjo4EA</value>
        </Data>
        <Data name="Source_File">
          <value>Nashik_Hanuman_Nagar_industrial.xlsx</value>
        </Data>
      </ExtendedData>
      <Point>
        <coordinates>
          73.7727191,19.998201,0
        </coordinates>
      </Point>
    </Placemark>
    <Placemark>
      <name>Mahalaxmi Profiles Nashik</name>
      <description><![CDATA[Category: manufacturer<br>Address: Office - B3, Arkhama, Chandak Cir, behind Divtya Budhlya Restaurant, Tidke Colony, Nashik, Maharashtra 422002, India<br>Latitude: 19.9929313<br>Longitude: 73.7770739<br>Place_ID: ChIJYataqu3r3TsRy_YDGF_sCpw<br>Source_File: Nashik_Mumbai_Naka_industrial.xlsx]]></description>
      <styleUrl>#icon-1899-0288D1</styleUrl>
      <ExtendedData>
        <Data name="Category">
          <value>manufacturer</value>
        </Data>
        <Data name="Address">
          <value>Office - B3, Arkhama, Chandak Cir, behind Divtya Budhlya Restaurant, Tidke Colony, Nashik, Maharashtra 422002, India</value>
        </Data>
        <Data name="Latitude">
          <value>19.9929313</value>
        </Data>
        <Data name="Longitude">
          <value>73.7770739</value>
        </Data>
        <Data name="Place_ID">
          <value>ChIJYataqu3r3TsRy_YDGF_sCpw</value>
        </Data>
        <Data name="Source_File">
          <value>Nashik_Mumbai_Naka_industrial.xlsx</value>
        </Data>
      </ExtendedData>
      <Point>
        <coordinates>
          73.7770739,19.9929313,0
        </coordinates>
      </Point>
    </Placemark>
    <Placemark>
      <name>DNA Solutions - Electronic Component Shop</name>
      <description><![CDATA[Category: manufacturer<br>Address: Shop No.: FH11-12, New CBS, Thakkar Bazar, Trimbak Naka, Police Staff Colony, Nashik, Maharashtra 422002, India<br>Latitude: 19.9981544<br>Longitude: 73.7803139<br>Place_ID: ChIJkbl9K2Xr3TsRkek4iSAo-Lo<br>Source_File: Nashik_Mumbai_Naka_industrial.xlsx]]></description>
      <styleUrl>#icon-1899-0288D1</styleUrl>
      <ExtendedData>
        <Data name="Category">
          <value>manufacturer</value>
        </Data>
        <Data name="Address">
          <value>Shop No.: FH11-12, New CBS, Thakkar Bazar, Trimbak Naka, Police Staff Colony, Nashik, Maharashtra 422002, India</value>
        </Data>
        <Data name="Latitude">
          <value>19.9981544</value>
        </Data>
        <Data name="Longitude">
          <value>73.7803139</value>
        </Data>
        <Data name="Place_ID">
          <value>ChIJkbl9K2Xr3TsRkek4iSAo-Lo</value>
        </Data>
        <Data name="Source_File">
          <value>Nashik_Mumbai_Naka_industrial.xlsx</value>
        </Data>
      </ExtendedData>
      <Point>
        <coordinates>
          73.7803139,19.9981544,0
        </coordinates>
      </Point>
    </Placemark>
    <Placemark>
      <name>Anand Industries</name>
      <description><![CDATA[Category: manufacturer<br>Address: B-80, ROAD A, NEAR UNION BANK, NICE AREA, SATPUR MIDC, 07, NICE Area, MIDC, Satpur Colony, Nashik, Maharashtra 422005, India<br>Latitude: 19.9981544<br>Longitude: 73.7500556<br>Place_ID: ChIJoQBC8Ezt3TsRVi4_1scF1TA<br>Source_File: Nashik_Satpur_industrial.xlsx]]></description>
      <styleUrl>#icon-1899-0288D1</styleUrl>
      <ExtendedData>
        <Data name="Category">
          <value>manufacturer</value>
        </Data>
        <Data name="Address">
          <value>B-80, ROAD A, NEAR UNION BANK, NICE AREA, SATPUR MIDC, 07, NICE Area, MIDC, Satpur Colony, Nashik, Maharashtra 422005, India</value>
        </Data>
        <Data name="Latitude">
          <value>19.9981544</value>
        </Data>
        <Data name="Longitude">
          <value>73.7500556</value>
        </Data>
        <Data name="Place_ID">
          <value>ChIJoQBC8Ezt3TsRVi4_1scF1TA</value>
        </Data>
        <Data name="Source_File">
          <value>Nashik_Satpur_industrial.xlsx</value>
        </Data>
      </ExtendedData>
      <Point>
        <coordinates>
          73.7500556,19.9981544,0
        </coordinates>
      </Point>
    </Placemark>
    <Placemark>
      <name>APEX AUTOMATION</name>
      <description><![CDATA[Category: manufacturer<br>Address: Uday Housing Society, Eklavya Nivas, Sadhu Vasvani Road, Ambedkar Chowk, Sharanpur Rd, Racca Colony, Holaram Colony, Sharanpur, Nashik, Maharashtra 422002, India<br>Latitude: 19.9977843<br>Longitude: 73.7714878<br>Place_ID: ChIJ19K2aqHr3TsR9qBTjtgjHso<br>Source_File: Nashik_Sharanpur_Road_industrial.xlsx]]></description>
      <styleUrl>#icon-1899-0288D1</styleUrl>
      <ExtendedData>
        <Data name="Category">
          <value>manufacturer</value>
        </Data>
        <Data name="Address">
          <value>Uday Housing Society, Eklavya Nivas, Sadhu Vasvani Road, Ambedkar Chowk, Sharanpur Rd, Racca Colony, Holaram Colony, Sharanpur, Nashik, Maharashtra 422002, India</value>
        </Data>
        <Data name="Latitude">
          <value>19.9977843</value>
        </Data>
        <Data name="Longitude">
          <value>73.7714878</value>
        </Data>
        <Data name="Place_ID">
          <value>ChIJ19K2aqHr3TsR9qBTjtgjHso</value>
        </Data>
        <Data name="Source_File">
          <value>Nashik_Sharanpur_Road_industrial.xlsx</value>
        </Data>
      </ExtendedData>
      <Point>
        <coordinates>
          73.7714878,19.9977843,0
        </coordinates>
      </Point>
    </Placemark>
    <Placemark>
      <name>Grainotch Industries Ltd</name>
      <description><![CDATA[Category: manufacturer<br>Address: Above Baphana Jewellers,Tilakwadi Corner, T-13-14, Suyojit Sankul, Tilak Wadi, Jejurkar Wadi, Sharanpur, Nashik, Maharashtra 422002, India<br>Latitude: 20.000742<br>Longitude: 73.776468<br>Place_ID: ChIJHSoIsKDr3TsRJVKJY-sAAXQ<br>Source_File: Nashik_Sharanpur_Road_industrial.xlsx]]></description>
      <styleUrl>#icon-1899-0288D1</styleUrl>
      <ExtendedData>
        <Data name="Category">
          <value>manufacturer</value>
        </Data>
        <Data name="Address">
          <value>Above Baphana Jewellers,Tilakwadi Corner, T-13-14, Suyojit Sankul, Tilak Wadi, Jejurkar Wadi, Sharanpur, Nashik, Maharashtra 422002, India</value>
        </Data>
        <Data name="Latitude">
          <value>20.000742</value>
        </Data>
        <Data name="Longitude">
          <value>73.776468</value>
        </Data>
        <Data name="Place_ID">
          <value>ChIJHSoIsKDr3TsRJVKJY-sAAXQ</value>
        </Data>
        <Data name="Source_File">
          <value>Nashik_Sharanpur_Road_industrial.xlsx</value>
        </Data>
      </ExtendedData>
      <Point>
        <coordinates>
          73.776468,20.000742,0
        </coordinates>
      </Point>
    </Placemark>
    <Placemark>
      <name>Cretekala Studio</name>
      <description><![CDATA[Category: manufacturer<br>Address: 03, Mythoughts store, Gangapur Rd, Date Nagar, Datey Nagar, Veer Sawarkar Nagar, Nashik, Maharashtra 422013, India<br>Latitude: 20.0202168<br>Longitude: 73.7567916<br>Place_ID: ChIJxXU1CT7s3TsRWrOq-MsQqv0<br>Source_File: Nashik_Gangapur_Road_industrial.xlsx]]></description>
      <styleUrl>#icon-1899-0288D1</styleUrl>
      <ExtendedData>
        <Data name="Category">
          <value>manufacturer</value>
        </Data>
        <Data name="Address">
          <value>03, Mythoughts store, Gangapur Rd, Date Nagar, Datey Nagar, Veer Sawarkar Nagar, Nashik, Maharashtra 422013, India</value>
        </Data>
        <Data name="Latitude">
          <value>20.0202168</value>
        </Data>
        <Data name="Longitude">
          <value>73.7567916</value>
        </Data>
        <Data name="Place_ID">
          <value>ChIJxXU1CT7s3TsRWrOq-MsQqv0</value>
        </Data>
        <Data name="Source_File">
          <value>Nashik_Gangapur_Road_industrial.xlsx</value>
        </Data>
      </ExtendedData>
      <Point>
        <coordinates>
          73.7567916,20.0202168,0
        </coordinates>
      </Point>
    </Placemark>
    <Placemark>
      <name>Metayu Pharmatech Pvt. Ltd.</name>
      <description><![CDATA[Category: manufacturer<br>Address: Sukhshanti Apt, 6, Gangapur Rd, near Akashwani Tower, Anand Nagar, Pramod Nagar, Nashik, Maharashtra 422013, India<br>Latitude: 20.0174222<br>Longitude: 73.7580021<br>Place_ID: ChIJP7pmNlzr3TsRJrHd2ruNczw<br>Source_File: Nashik_Gangapur_Road_industrial.xlsx]]></description>
      <styleUrl>#icon-1899-0288D1</styleUrl>
      <ExtendedData>
        <Data name="Category">
          <value>manufacturer</value>
        </Data>
        <Data name="Address">
          <value>Sukhshanti Apt, 6, Gangapur Rd, near Akashwani Tower, Anand Nagar, Pramod Nagar, Nashik, Maharashtra 422013, India</value>
        </Data>
        <Data name="Latitude">
          <value>20.0174222</value>
        </Data>
        <Data name="Longitude">
          <value>73.7580021</value>
        </Data>
        <Data name="Place_ID">
          <value>ChIJP7pmNlzr3TsRJrHd2ruNczw</value>
        </Data>
        <Data name="Source_File">
          <value>Nashik_Gangapur_Road_industrial.xlsx</value>
        </Data>
      </ExtendedData>
      <Point>
        <coordinates>
          73.7580021,20.0174222,0
        </coordinates>
      </Point>
    </Placemark>
    <Placemark>
      <name>Tech Elevators | Best Elevators in Nashik | Elevators Maintenance in Nashik</name>
      <description><![CDATA[Category: manufacturer<br>Address: 1 Chaan Chaan, Gangapur Rd, beside Rushiraj Park, nr. Arihant Hospital, Pramod Nagar, Nashik, Maharashtra 422013, India<br>Latitude: 20.0210652<br>Longitude: 73.7586812<br>Place_ID: ChIJu5MSjnHr3TsRT2_eGzkn4ec<br>Source_File: Nashik_Gangapur_Road_industrial.xlsx]]></description>
      <styleUrl>#icon-1899-0288D1</styleUrl>
      <ExtendedData>
        <Data name="Category">
          <value>manufacturer</value>
        </Data>
        <Data name="Address">
          <value>1 Chaan Chaan, Gangapur Rd, beside Rushiraj Park, nr. Arihant Hospital, Pramod Nagar, Nashik, Maharashtra 422013, India</value>
        </Data>
        <Data name="Latitude">
          <value>20.0210652</value>
        </Data>
        <Data name="Longitude">
          <value>73.7586812</value>
        </Data>
        <Data name="Place_ID">
          <value>ChIJu5MSjnHr3TsRT2_eGzkn4ec</value>
        </Data>
        <Data name="Source_File">
          <value>Nashik_Gangapur_Road_industrial.xlsx</value>
        </Data>
      </ExtendedData>
      <Point>
        <coordinates>
          73.7586812,20.0210652,0
        </coordinates>
      </Point>
    </Placemark>
    <Placemark>
      <name>Shri Sai Krupa Sales Corporation</name>
      <description><![CDATA[Category: manufacturer<br>Address: 2, Rukhmini Apartment, Gangapur Rd, Uday Nagar, Nashik, Maharashtra 422013, India<br>Latitude: 20.0122049<br>Longitude: 73.7567129<br>Place_ID: ChIJF3sgqo_r3TsRRhgF2lYe6vY<br>Source_File: Nashik_Gangapur_Road_industrial.xlsx]]></description>
      <styleUrl>#icon-1899-0288D1</styleUrl>
      <ExtendedData>
        <Data name="Category">
          <value>manufacturer</value>
        </Data>
        <Data name="Address">
          <value>2, Rukhmini Apartment, Gangapur Rd, Uday Nagar, Nashik, Maharashtra 422013, India</value>
        </Data>
        <Data name="Latitude">
          <value>20.0122049</value>
        </Data>
        <Data name="Longitude">
          <value>73.7567129</value>
        </Data>
        <Data name="Place_ID">
          <value>ChIJF3sgqo_r3TsRRhgF2lYe6vY</value>
        </Data>
        <Data name="Source_File">
          <value>Nashik_Gangapur_Road_industrial.xlsx</value>
        </Data>
      </ExtendedData>
      <Point>
        <coordinates>
          73.7567129,20.0122049,0
        </coordinates>
      </Point>
    </Placemark>
    <Placemark>
      <name>Anand Agro Care Office</name>
      <description><![CDATA[Category: manufacturer<br>Address: No: 1, Darpan Shankul B, Makhmalabad Rd, Jadhav Colony, Panchavati, Nashik, Maharashtra 422003, India<br>Latitude: 20.0173486<br>Longitude: 73.7884224<br>Place_ID: ChIJg-tIW7Hr3TsR2AVVEKl2b88<br>Source_File: Nashik_Makhmalabad_industrial.xlsx]]></description>
      <styleUrl>#icon-1899-0288D1</styleUrl>
      <ExtendedData>
        <Data name="Category">
          <value>manufacturer</value>
        </Data>
        <Data name="Address">
          <value>No: 1, Darpan Shankul B, Makhmalabad Rd, Jadhav Colony, Panchavati, Nashik, Maharashtra 422003, India</value>
        </Data>
        <Data name="Latitude">
          <value>20.0173486</value>
        </Data>
        <Data name="Longitude">
          <value>73.7884224</value>
        </Data>
        <Data name="Place_ID">
          <value>ChIJg-tIW7Hr3TsR2AVVEKl2b88</value>
        </Data>
        <Data name="Source_File">
          <value>Nashik_Makhmalabad_industrial.xlsx</value>
        </Data>
      </ExtendedData>
      <Point>
        <coordinates>
          73.7884224,20.0173486,0
        </coordinates>
      </Point>
    </Placemark>
    <Placemark>
      <name>Soman Foods</name>
      <description><![CDATA[Category: manufacturer<br>Address: 271, Soman Foods, Mahatma Gandhi Rd, opposite to Bank of India, Ambedkar Colony, Raviwar Karanja, Panchavati, Nashik, Maharashtra 422001, India<br>Latitude: 20.0043286<br>Longitude: 73.7877826<br>Place_ID: ChIJb6wsQsrr3TsRygX3dKQIlLg<br>Source_File: Nashik_Panchavati_industrial.xlsx]]></description>
      <styleUrl>#icon-1899-0288D1</styleUrl>
      <ExtendedData>
        <Data name="Category">
          <value>manufacturer</value>
        </Data>
        <Data name="Address">
          <value>271, Soman Foods, Mahatma Gandhi Rd, opposite to Bank of India, Ambedkar Colony, Raviwar Karanja, Panchavati, Nashik, Maharashtra 422001, India</value>
        </Data>
        <Data name="Latitude">
          <value>20.0043286</value>
        </Data>
        <Data name="Longitude">
          <value>73.7877826</value>
        </Data>
        <Data name="Place_ID">
          <value>ChIJb6wsQsrr3TsRygX3dKQIlLg</value>
        </Data>
        <Data name="Source_File">
          <value>Nashik_Panchavati_industrial.xlsx</value>
        </Data>
      </ExtendedData>
      <Point>
        <coordinates>
          73.7877826,20.0043286,0
        </coordinates>
      </Point>
    </Placemark>
    <Placemark>
      <name>MIDC SATPUR</name>
      <description><![CDATA[Category: corporate_office<br>Address: 87, MIDC, Satpur Colony, Nashik, Maharashtra 422007, India<br>Latitude: 19.9959057<br>Longitude: 73.7222947<br>Place_ID: ChIJq6qqqmHs3TsRdNJRTcxrpWo<br>Source_File: Nashik_Chunchale_industrial.xlsx]]></description>
      <styleUrl>#icon-1899-0288D1</styleUrl>
      <ExtendedData>
        <Data name="Category">
          <value>corporate_office</value>
        </Data>
        <Data name="Address">
          <value>87, MIDC, Satpur Colony, Nashik, Maharashtra 422007, India</value>
        </Data>
        <Data name="Latitude">
          <value>19.9959057</value>
        </Data>
        <Data name="Longitude">
          <value>73.7222947</value>
        </Data>
        <Data name="Place_ID">
          <value>ChIJq6qqqmHs3TsRdNJRTcxrpWo</value>
        </Data>
        <Data name="Source_File">
          <value>Nashik_Chunchale_industrial.xlsx</value>
        </Data>
      </ExtendedData>
      <Point>
        <coordinates>
          73.7222947,19.9959057,0
        </coordinates>
      </Point>
    </Placemark>
    <Placemark>
      <name>Spak Orgochem India Ltd</name>
      <description><![CDATA[Category: corporate_office<br>Address: SPAK Road, near Carbon Naka, behind Abhishek Bakery, MIDC, Satpur Colony, Nashik, Maharashtra 42207, India<br>Latitude: 20.0036746<br>Longitude: 73.7131832<br>Place_ID: ChIJA6iimlrs3TsRmv8KEv4LNiE<br>Source_File: Nashik_Panchak_industrial.xlsx]]></description>
      <styleUrl>#icon-1899-0288D1</styleUrl>
      <ExtendedData>
        <Data name="Category">
          <value>corporate_office</value>
        </Data>
        <Data name="Address">
          <value>SPAK Road, near Carbon Naka, behind Abhishek Bakery, MIDC, Satpur Colony, Nashik, Maharashtra 42207, India</value>
        </Data>
        <Data name="Latitude">
          <value>20.0036746</value>
        </Data>
        <Data name="Longitude">
          <value>73.7131832</value>
        </Data>
        <Data name="Place_ID">
          <value>ChIJA6iimlrs3TsRmv8KEv4LNiE</value>
        </Data>
        <Data name="Source_File">
          <value>Nashik_Panchak_industrial.xlsx</value>
        </Data>
      </ExtendedData>
      <Point>
        <coordinates>
          73.7131832,20.0036746,0
        </coordinates>
      </Point>
    </Placemark>
    <Placemark>
      <name>Press Metal Industries</name>
      <description><![CDATA[Category: corporate_office<br>Address: E-47,, MIDC, Satpur Colony, Nashik, Maharashtra 422007, India<br>Latitude: 19.9997222<br>Longitude: 73.7352778<br>Place_ID: ChIJScNEJWPs3TsRrloKn3OCkgs<br>Source_File: Nashik_Satpur_industrial.xlsx]]></description>
      <styleUrl>#icon-1899-0288D1</styleUrl>
      <ExtendedData>
        <Data name="Category">
          <value>corporate_office</value>
        </Data>
        <Data name="Address">
          <value>E-47,, MIDC, Satpur Colony, Nashik, Maharashtra 422007, India</value>
        </Data>
        <Data name="Latitude">
          <value>19.9997222</value>
        </Data>
        <Data name="Longitude">
          <value>73.7352778</value>
        </Data>
        <Data name="Place_ID">
          <value>ChIJScNEJWPs3TsRrloKn3OCkgs</value>
        </Data>
        <Data name="Source_File">
          <value>Nashik_Satpur_industrial.xlsx</value>
        </Data>
      </ExtendedData>
      <Point>
        <coordinates>
          73.7352778,19.9997222,0
        </coordinates>
      </Point>
    </Placemark>
    <Placemark>
      <name>Abhay Steel Industries</name>
      <description><![CDATA[Category: furniture_store<br>Address: A - Rd, NICE Area, MIDC, Satpur Colony, Nashik, Maharashtra 422005, India<br>Latitude: 19.9956726<br>Longitude: 73.748222<br>Place_ID: ChIJ0-s63H_r3TsRD5Mr3f-tpx0<br>Source_File: Nashik_College_Road_industrial.xlsx]]></description>
      <styleUrl>#icon-1899-0288D1</styleUrl>
      <ExtendedData>
        <Data name="Category">
          <value>furniture_store</value>
        </Data>
        <Data name="Address">
          <value>A - Rd, NICE Area, MIDC, Satpur Colony, Nashik, Maharashtra 422005, India</value>
        </Data>
        <Data name="Latitude">
          <value>19.9956726</value>
        </Data>
        <Data name="Longitude">
          <value>73.748222</value>
        </Data>
        <Data name="Place_ID">
          <value>ChIJ0-s63H_r3TsRD5Mr3f-tpx0</value>
        </Data>
        <Data name="Source_File">
          <value>Nashik_College_Road_industrial.xlsx</value>
        </Data>
      </ExtendedData>
      <Point>
        <coordinates>
          73.748222,19.9956726,0
        </coordinates>
      </Point>
    </Placemark>
    <Placemark>
      <name>N.k.tools (Nashik) Pvt. Ltd.</name>
      <description><![CDATA[Category: general_contractor<br>Address: 94/8, Satpur MIDC Main Rd, MIDC, Satpur Colony, Nashik, Maharashtra 422007, India<br>Latitude: 19.9998107<br>Longitude: 73.7219471<br>Place_ID: ChIJX9cUZV7s3TsR4_bBpS4y3ho<br>Source_File: Nashik_Panchak_industrial.xlsx]]></description>
      <styleUrl>#icon-1899-0288D1</styleUrl>
      <ExtendedData>
        <Data name="Category">
          <value>general_contractor</value>
        </Data>
        <Data name="Address">
          <value>94/8, Satpur MIDC Main Rd, MIDC, Satpur Colony, Nashik, Maharashtra 422007, India</value>
        </Data>
        <Data name="Latitude">
          <value>19.9998107</value>
        </Data>
        <Data name="Longitude">
          <value>73.7219471</value>
        </Data>
        <Data name="Place_ID">
          <value>ChIJX9cUZV7s3TsR4_bBpS4y3ho</value>
        </Data>
        <Data name="Source_File">
          <value>Nashik_Panchak_industrial.xlsx</value>
        </Data>
      </ExtendedData>
      <Point>
        <coordinates>
          73.7219471,19.9998107,0
        </coordinates>
      </Point>
    </Placemark>
    <Placemark>
      <name>SW Metaform Private Limited</name>
      <description><![CDATA[Category: general_contractor<br>Address: F13, MIDC, Satpur Colony, Nashik, Maharashtra 422007, India<br>Latitude: 20.0006983<br>Longitude: 73.7260539<br>Place_ID: ChIJd3kEyWDs3TsRh_DNdPCI9OA<br>Source_File: Nashik_Satpur_industrial.xlsx]]></description>
      <styleUrl>#icon-1899-0288D1</styleUrl>
      <ExtendedData>
        <Data name="Category">
          <value>general_contractor</value>
        </Data>
        <Data name="Address">
          <value>F13, MIDC, Satpur Colony, Nashik, Maharashtra 422007, India</value>
        </Data>
        <Data name="Latitude">
          <value>20.0006983</value>
        </Data>
        <Data name="Longitude">
          <value>73.7260539</value>
        </Data>
        <Data name="Place_ID">
          <value>ChIJd3kEyWDs3TsRh_DNdPCI9OA</value>
        </Data>
        <Data name="Source_File">
          <value>Nashik_Satpur_industrial.xlsx</value>
        </Data>
      </ExtendedData>
      <Point>
        <coordinates>
          73.7260539,20.0006983,0
        </coordinates>
      </Point>
    </Placemark>
    <Placemark>
      <name>Delta Finochem Pvt. Ltd.</name>
      <description><![CDATA[Category: manufacturer<br>Address: XPQR+MQ5, 121, Satpur MIDC Rd, Swarbaba Nagar, Satpur Gaon, Satpur Colony, Nashik, Maharashtra 422010, India<br>Latitude: 19.9897201<br>Longitude: 73.7418357<br>Place_ID: ChIJAQAAAH3s3TsRR3PGyIkb-M8<br>Source_File: Nashik_Ambad_industrial.xlsx]]></description>
      <styleUrl>#icon-1899-0288D1</styleUrl>
      <ExtendedData>
        <Data name="Category">
          <value>manufacturer</value>
        </Data>
        <Data name="Address">
          <value>XPQR+MQ5, 121, Satpur MIDC Rd, Swarbaba Nagar, Satpur Gaon, Satpur Colony, Nashik, Maharashtra 422010, India</value>
        </Data>
        <Data name="Latitude">
          <value>19.9897201</value>
        </Data>
        <Data name="Longitude">
          <value>73.7418357</value>
        </Data>
        <Data name="Place_ID">
          <value>ChIJAQAAAH3s3TsRR3PGyIkb-M8</value>
        </Data>
        <Data name="Source_File">
          <value>Nashik_Ambad_industrial.xlsx</value>
        </Data>
      </ExtendedData>
      <Point>
        <coordinates>
          73.7418357,19.9897201,0
        </coordinates>
      </Point>
    </Placemark>
    <Placemark>
      <name>Align Industry : Industrial mixer manufacturer</name>
      <description><![CDATA[Category: manufacturer<br>Address: F : 33, MIDC, Satpur Colony, Nashik, Maharashtra 422007, India<br>Latitude: 20.0045664<br>Longitude: 73.7209945<br>Place_ID: ChIJJ82sk4Xp3TsRa_Gdy61_Xps<br>Source_File: Nashik_Chunchale_industrial.xlsx]]></description>
      <styleUrl>#icon-1899-0288D1</styleUrl>
      <ExtendedData>
        <Data name="Category">
          <value>manufacturer</value>
        </Data>
        <Data name="Address">
          <value>F : 33, MIDC, Satpur Colony, Nashik, Maharashtra 422007, India</value>
        </Data>
        <Data name="Latitude">
          <value>20.0045664</value>
        </Data>
        <Data name="Longitude">
          <value>73.7209945</value>
        </Data>
        <Data name="Place_ID">
          <value>ChIJJ82sk4Xp3TsRa_Gdy61_Xps</value>
        </Data>
        <Data name="Source_File">
          <value>Nashik_Chunchale_industrial.xlsx</value>
        </Data>
      </ExtendedData>
      <Point>
        <coordinates>
          73.7209945,20.0045664,0
        </coordinates>
      </Point>
    </Placemark>
    <Placemark>
      <name>Graphite India Limited</name>
      <description><![CDATA[Category: manufacturer<br>Address: 2P28+9Q3, MIDC, Satpur Colony, Nashik, Maharashtra 422012, India<br>Latitude: 20.0008975<br>Longitude: 73.7169357<br>Place_ID: ChIJoSzyjlns3TsRgN7oB0RaeLs<br>Source_File: Nashik_Chunchale_industrial.xlsx]]></description>
      <styleUrl>#icon-1899-0288D1</styleUrl>
      <ExtendedData>
        <Data name="Category">
          <value>manufacturer</value>
        </Data>
        <Data name="Address">
          <value>2P28+9Q3, MIDC, Satpur Colony, Nashik, Maharashtra 422012, India</value>
        </Data>
        <Data name="Latitude">
          <value>20.0008975</value>
        </Data>
        <Data name="Longitude">
          <value>73.7169357</value>
        </Data>
        <Data name="Place_ID">
          <value>ChIJoSzyjlns3TsRgN7oB0RaeLs</value>
        </Data>
        <Data name="Source_File">
          <value>Nashik_Chunchale_industrial.xlsx</value>
        </Data>
      </ExtendedData>
      <Point>
        <coordinates>
          73.7169357,20.0008975,0
        </coordinates>
      </Point>
    </Placemark>
    <Placemark>
      <name>Shamam Engineering Industries</name>
      <description><![CDATA[Category: manufacturer<br>Address: H-11, M I D C, Satpur, Satpur, MIDC, Satpur Colony, Nashik, Maharashtra 422012, India<br>Latitude: 20.0046487<br>Longitude: 73.713597<br>Place_ID: ChIJAQAAAH3s3TsR11KRFhCVJIo<br>Source_File: Nashik_Chunchale_industrial.xlsx]]></description>
      <styleUrl>#icon-1899-0288D1</styleUrl>
      <ExtendedData>
        <Data name="Category">
          <value>manufacturer</value>
        </Data>
        <Data name="Address">
          <value>H-11, M I D C, Satpur, Satpur, MIDC, Satpur Colony, Nashik, Maharashtra 422012, India</value>
        </Data>
        <Data name="Latitude">
          <value>20.0046487</value>
        </Data>
        <Data name="Longitude">
          <value>73.713597</value>
        </Data>
        <Data name="Place_ID">
          <value>ChIJAQAAAH3s3TsR11KRFhCVJIo</value>
        </Data>
        <Data name="Source_File">
          <value>Nashik_Chunchale_industrial.xlsx</value>
        </Data>
      </ExtendedData>
      <Point>
        <coordinates>
          73.713597,20.0046487,0
        </coordinates>
      </Point>
    </Placemark>
    <Placemark>
      <name><![CDATA[Millennial Materials & Devices India Private Limited]]></name>
      <description><![CDATA[Category: manufacturer<br>Address: H7, MIDC, Shivaji Nagar, Satpur Colony, Nashik, Maharashtra 422012, India<br>Latitude: 20.0035119<br>Longitude: 73.7131843<br>Place_ID: ChIJnxANpXbt3TsRNadgGwX4bUs<br>Source_File: Nashik_Chunchale_industrial.xlsx]]></description>
      <styleUrl>#icon-1899-0288D1</styleUrl>
      <ExtendedData>
        <Data name="Category">
          <value>manufacturer</value>
        </Data>
        <Data name="Address">
          <value>H7, MIDC, Shivaji Nagar, Satpur Colony, Nashik, Maharashtra 422012, India</value>
        </Data>
        <Data name="Latitude">
          <value>20.0035119</value>
        </Data>
        <Data name="Longitude">
          <value>73.7131843</value>
        </Data>
        <Data name="Place_ID">
          <value>ChIJnxANpXbt3TsRNadgGwX4bUs</value>
        </Data>
        <Data name="Source_File">
          <value>Nashik_Chunchale_industrial.xlsx</value>
        </Data>
      </ExtendedData>
      <Point>
        <coordinates>
          73.7131843,20.0035119,0
        </coordinates>
      </Point>
    </Placemark>
    <Placemark>
      <name>Bosch Limited</name>
      <description><![CDATA[Category: manufacturer<br>Address: 75, Trimbakeshwar Rd, MIDC, Satpur Colony, Nashik, Maharashtra 422007, India<br>Latitude: 19.9939758<br>Longitude: 73.730222<br>Place_ID: ChIJK-Azv4rs3TsR1lhPy8-tMtU<br>Source_File: Nashik_Chunchale_industrial.xlsx]]></description>
      <styleUrl>#icon-1899-0288D1</styleUrl>
      <ExtendedData>
        <Data name="Category">
          <value>manufacturer</value>
        </Data>
        <Data name="Address">
          <value>75, Trimbakeshwar Rd, MIDC, Satpur Colony, Nashik, Maharashtra 422007, India</value>
        </Data>
        <Data name="Latitude">
          <value>19.9939758</value>
        </Data>
        <Data name="Longitude">
          <value>73.730222</value>
        </Data>
        <Data name="Place_ID">
          <value>ChIJK-Azv4rs3TsR1lhPy8-tMtU</value>
        </Data>
        <Data name="Source_File">
          <value>Nashik_Chunchale_industrial.xlsx</value>
        </Data>
      </ExtendedData>
      <Point>
        <coordinates>
          73.730222,19.9939758,0
        </coordinates>
      </Point>
    </Placemark>
    <Placemark>
      <name>Mega Fabricators Pvt Ltd</name>
      <description><![CDATA[Category: manufacturer<br>Address: H31/B, Satpur MIDC Main Rd, MIDC, Satpur Colony, Nashik, Maharashtra 422012, India<br>Latitude: 20.004606<br>Longitude: 73.7118254<br>Place_ID: ChIJyybqfwDt3TsRZXE5Z0zYv9A<br>Source_File: Nashik_Chunchale_industrial.xlsx]]></description>
      <styleUrl>#icon-1899-0288D1</styleUrl>
      <ExtendedData>
        <Data name="Category">
          <value>manufacturer</value>
        </Data>
        <Data name="Address">
          <value>H31/B, Satpur MIDC Main Rd, MIDC, Satpur Colony, Nashik, Maharashtra 422012, India</value>
        </Data>
        <Data name="Latitude">
          <value>20.004606</value>
        </Data>
        <Data name="Longitude">
          <value>73.7118254</value>
        </Data>
        <Data name="Place_ID">
          <value>ChIJyybqfwDt3TsRZXE5Z0zYv9A</value>
        </Data>
        <Data name="Source_File">
          <value>Nashik_Chunchale_industrial.xlsx</value>
        </Data>
      </ExtendedData>
      <Point>
        <coordinates>
          73.7118254,20.004606,0
        </coordinates>
      </Point>
    </Placemark>
    <Placemark>
      <name>Shivanya industries (vmc,cnc,wire cut)</name>
      <description><![CDATA[Category: manufacturer<br>Address: plot no H40, MIDC, Satpur Colony, Nashik, Maharashtra 422012, India<br>Latitude: 19.9989731<br>Longitude: 73.715008<br>Place_ID: ChIJJbm53rjt3TsROXSOYh4mUJ4<br>Source_File: Nashik_Chunchale_industrial.xlsx]]></description>
      <styleUrl>#icon-1899-0288D1</styleUrl>
      <ExtendedData>
        <Data name="Category">
          <value>manufacturer</value>
        </Data>
        <Data name="Address">
          <value>plot no H40, MIDC, Satpur Colony, Nashik, Maharashtra 422012, India</value>
        </Data>
        <Data name="Latitude">
          <value>19.9989731</value>
        </Data>
        <Data name="Longitude">
          <value>73.715008</value>
        </Data>
        <Data name="Place_ID">
          <value>ChIJJbm53rjt3TsROXSOYh4mUJ4</value>
        </Data>
        <Data name="Source_File">
          <value>Nashik_Chunchale_industrial.xlsx</value>
        </Data>
      </ExtendedData>
      <Point>
        <coordinates>
          73.715008,19.9989731,0
        </coordinates>
      </Point>
    </Placemark>
    <Placemark>
      <name>CHAMUNDA ENGINEERING WORKS</name>
      <description><![CDATA[Category: manufacturer<br>Address: Plot No - GEN 73/4, MIDC, Satpur Colony, Nashik, Maharashtra 422007, India<br>Latitude: 20.0004635<br>Longitude: 73.7299026<br>Place_ID: ChIJBe7Afart3TsRWqbnSL024q4<br>Source_File: Nashik_Chunchale_industrial.xlsx]]></description>
      <styleUrl>#icon-1899-0288D1</styleUrl>
      <ExtendedData>
        <Data name="Category">
          <value>manufacturer</value>
        </Data>
        <Data name="Address">
          <value>Plot No - GEN 73/4, MIDC, Satpur Colony, Nashik, Maharashtra 422007, India</value>
        </Data>
        <Data name="Latitude">
          <value>20.0004635</value>
        </Data>
        <Data name="Longitude">
          <value>73.7299026</value>
        </Data>
        <Data name="Place_ID">
          <value>ChIJBe7Afart3TsRWqbnSL024q4</value>
        </Data>
        <Data name="Source_File">
          <value>Nashik_Chunchale_industrial.xlsx</value>
        </Data>
      </ExtendedData>
      <Point>
        <coordinates>
          73.7299026,20.0004635,0
        </coordinates>
      </Point>
    </Placemark>
    <Placemark>
      <name>S S Engineering Works</name>
      <description><![CDATA[Category: manufacturer<br>Address: Plot no 69 shop no 202, sicof, Satpur MIDC Rd, MIDC, Satpur Colony, Nashik, Maharashtra 422007, India<br>Latitude: 19.9958038<br>Longitude: 73.7305922<br>Place_ID: ChIJg_cxBbXt3TsRQ5RgDKHca04<br>Source_File: Nashik_Chunchale_industrial.xlsx]]></description>
      <styleUrl>#icon-1899-0288D1</styleUrl>
      <ExtendedData>
        <Data name="Category">
          <value>manufacturer</value>
        </Data>
        <Data name="Address">
          <value>Plot no 69 shop no 202, sicof, Satpur MIDC Rd, MIDC, Satpur Colony, Nashik, Maharashtra 422007, India</value>
        </Data>
        <Data name="Latitude">
          <value>19.9958038</value>
        </Data>
        <Data name="Longitude">
          <value>73.7305922</value>
        </Data>
        <Data name="Place_ID">
          <value>ChIJg_cxBbXt3TsRQ5RgDKHca04</value>
        </Data>
        <Data name="Source_File">
          <value>Nashik_Chunchale_industrial.xlsx</value>
        </Data>
      </ExtendedData>
      <Point>
        <coordinates>
          73.7305922,19.9958038,0
        </coordinates>
      </Point>
    </Placemark>
    <Placemark>
      <name>Amol Industries | aluminium shuttering cleaning |Construction chemical suppliers Nashik| mivan cleaning chemical</name>
      <description><![CDATA[Category: manufacturer<br>Address: Street No. 17, 73/2, ABB Road, opp. Caprihans Company, MIDC, Satpur Colony, Nashik, Maharashtra 422007, India<br>Latitude: 20.0007495<br>Longitude: 73.7300591<br>Place_ID: ChIJX1Oov9ft3TsRK_j8jGj5MZk<br>Source_File: Nashik_Chunchale_industrial.xlsx]]></description>
      <styleUrl>#icon-1899-0288D1</styleUrl>
      <ExtendedData>
        <Data name="Category">
          <value>manufacturer</value>
        </Data>
        <Data name="Address">
          <value>Street No. 17, 73/2, ABB Road, opp. Caprihans Company, MIDC, Satpur Colony, Nashik, Maharashtra 422007, India</value>
        </Data>
        <Data name="Latitude">
          <value>20.0007495</value>
        </Data>
        <Data name="Longitude">
          <value>73.7300591</value>
        </Data>
        <Data name="Place_ID">
          <value>ChIJX1Oov9ft3TsRK_j8jGj5MZk</value>
        </Data>
        <Data name="Source_File">
          <value>Nashik_Chunchale_industrial.xlsx</value>
        </Data>
      </ExtendedData>
      <Point>
        <coordinates>
          73.7300591,20.0007495,0
        </coordinates>
      </Point>
    </Placemark>
    <Placemark>
      <name>Swaroop Agrochemical Industries - Organic Fertilizer Manufacturers, Bio- Organic Fertilizer, Herbal Pesticides, Plant Protectors Herbal, Dead Cell Agro Formulation, Nano Bactericide, Nashik, Mumbai</name>
      <description><![CDATA[Category: manufacturer<br>Address: W / 47 (A, near Graphite India Ltd, MIDC Area, Satpur Colony, Nashik, Maharashtra 422012, India<br>Latitude: 19.9996596<br>Longitude: 73.7170091<br>Place_ID: ChIJAQAAAH3s3TsRPikMNQnlnqY<br>Source_File: Nashik_Chunchale_industrial.xlsx]]></description>
      <styleUrl>#icon-1899-0288D1</styleUrl>
      <ExtendedData>
        <Data name="Category">
          <value>manufacturer</value>
        </Data>
        <Data name="Address">
          <value>W / 47 (A, near Graphite India Ltd, MIDC Area, Satpur Colony, Nashik, Maharashtra 422012, India</value>
        </Data>
        <Data name="Latitude">
          <value>19.9996596</value>
        </Data>
        <Data name="Longitude">
          <value>73.7170091</value>
        </Data>
        <Data name="Place_ID">
          <value>ChIJAQAAAH3s3TsRPikMNQnlnqY</value>
        </Data>
        <Data name="Source_File">
          <value>Nashik_Chunchale_industrial.xlsx</value>
        </Data>
      </ExtendedData>
      <Point>
        <coordinates>
          73.7170091,19.9996596,0
        </coordinates>
      </Point>
    </Placemark>
    <Placemark>
      <name>Delta Manufacturing Limited ( Formerly Arrow Textiles Limited)</name>
      <description><![CDATA[Category: manufacturer<br>Address: Plot No 101 & 102, 19th Street, MIDC, Satpur Colony, Nashik, Maharashtra 422007, India<br>Latitude: 20.0008555<br>Longitude: 73.7234<br>Place_ID: ChIJAQAAAH3s3TsRelG1vY588sk<br>Source_File: Nashik_Chunchale_industrial.xlsx]]></description>
      <styleUrl>#icon-1899-0288D1</styleUrl>
      <ExtendedData>
        <Data name="Category">
          <value>manufacturer</value>
        </Data>
        <Data name="Address">
          <value><![CDATA[Plot No 101 & 102, 19th Street, MIDC, Satpur Colony, Nashik, Maharashtra 422007, India]]></value>
        </Data>
        <Data name="Latitude">
          <value>20.0008555</value>
        </Data>
        <Data name="Longitude">
          <value>73.7234</value>
        </Data>
        <Data name="Place_ID">
          <value>ChIJAQAAAH3s3TsRelG1vY588sk</value>
        </Data>
        <Data name="Source_File">
          <value>Nashik_Chunchale_industrial.xlsx</value>
        </Data>
      </ExtendedData>
      <Point>
        <coordinates>
          73.7234,20.0008555,0
        </coordinates>
      </Point>
    </Placemark>
    <Placemark>
      <name>Harshad Industries</name>
      <description><![CDATA[Category: manufacturer<br>Address: Gala No:- 307-A, Sicof building, Satpur MIDC Rd, MIDC, Satpur Colony, Nashik, Maharashtra 422012, India<br>Latitude: 19.9962112<br>Longitude: 73.7288058<br>Place_ID: ChIJM6bHm-vt3TsR99dsMOVJruc<br>Source_File: Nashik_Chunchale_industrial.xlsx]]></description>
      <styleUrl>#icon-1899-0288D1</styleUrl>
      <ExtendedData>
        <Data name="Category">
          <value>manufacturer</value>
        </Data>
        <Data name="Address">
          <value>Gala No:- 307-A, Sicof building, Satpur MIDC Rd, MIDC, Satpur Colony, Nashik, Maharashtra 422012, India</value>
        </Data>
        <Data name="Latitude">
          <value>19.9962112</value>
        </Data>
        <Data name="Longitude">
          <value>73.7288058</value>
        </Data>
        <Data name="Place_ID">
          <value>ChIJM6bHm-vt3TsR99dsMOVJruc</value>
        </Data>
        <Data name="Source_File">
          <value>Nashik_Chunchale_industrial.xlsx</value>
        </Data>
      </ExtendedData>
      <Point>
        <coordinates>
          73.7288058,19.9962112,0
        </coordinates>
      </Point>
    </Placemark>
    <Placemark>
      <name>MECHMATRIX</name>
      <description><![CDATA[Category: manufacturer<br>Address: F53, MIDC, Satpur Colony, Nashik, Maharashtra 422012, India<br>Latitude: 20.0030692<br>Longitude: 73.7173199<br>Place_ID: ChIJbTHGflzs3TsRZgcx2mYGc1w<br>Source_File: Nashik_Chunchale_industrial.xlsx]]></description>
      <styleUrl>#icon-1899-0288D1</styleUrl>
      <ExtendedData>
        <Data name="Category">
          <value>manufacturer</value>
        </Data>
        <Data name="Address">
          <value>F53, MIDC, Satpur Colony, Nashik, Maharashtra 422012, India</value>
        </Data>
        <Data name="Latitude">
          <value>20.0030692</value>
        </Data>
        <Data name="Longitude">
          <value>73.7173199</value>
        </Data>
        <Data name="Place_ID">
          <value>ChIJbTHGflzs3TsRZgcx2mYGc1w</value>
        </Data>
        <Data name="Source_File">
          <value>Nashik_Chunchale_industrial.xlsx</value>
        </Data>
      </ExtendedData>
      <Point>
        <coordinates>
          73.7173199,20.0030692,0
        </coordinates>
      </Point>
    </Placemark>
    <Placemark>
      <name>Sanjyot Metal Industries Pvt. Ltd. (Plant-1)</name>
      <description><![CDATA[Category: manufacturer<br>Address: XPVX+X7X, NICE Area, MIDC, Parijat Nagar, Nashik, Maharashtra 422005, India<br>Latitude: 19.9949909<br>Longitude: 73.7482193<br>Place_ID: ChIJQXlVRn7r3TsR83JJeUxYgzk<br>Source_File: Nashik_CIDCO_industrial.xlsx]]></description>
      <styleUrl>#icon-1899-0288D1</styleUrl>
      <ExtendedData>
        <Data name="Category">
          <value>manufacturer</value>
        </Data>
        <Data name="Address">
          <value>XPVX+X7X, NICE Area, MIDC, Parijat Nagar, Nashik, Maharashtra 422005, India</value>
        </Data>
        <Data name="Latitude">
          <value>19.9949909</value>
        </Data>
        <Data name="Longitude">
          <value>73.7482193</value>
        </Data>
        <Data name="Place_ID">
          <value>ChIJQXlVRn7r3TsR83JJeUxYgzk</value>
        </Data>
        <Data name="Source_File">
          <value>Nashik_CIDCO_industrial.xlsx</value>
        </Data>
      </ExtendedData>
      <Point>
        <coordinates>
          73.7482193,19.9949909,0
        </coordinates>
      </Point>
    </Placemark>
    <Placemark>
      <name>AdiChem Technology | Excellence in Lab and Pilot Scale Reactors</name>
      <description><![CDATA[Category: manufacturer<br>Address: P-53, MIDC Area, MIDC, Satpur Colony, Nashik, Maharashtra 422005, India<br>Latitude: 19.9899437<br>Longitude: 73.7446405<br>Place_ID: ChIJAQBcU3Hs3TsRZNPN7dhlMzo<br>Source_File: Nashik_CIDCO_industrial.xlsx]]></description>
      <styleUrl>#icon-1899-0288D1</styleUrl>
      <ExtendedData>
        <Data name="Category">
          <value>manufacturer</value>
        </Data>
        <Data name="Address">
          <value>P-53, MIDC Area, MIDC, Satpur Colony, Nashik, Maharashtra 422005, India</value>
        </Data>
        <Data name="Latitude">
          <value>19.9899437</value>
        </Data>
        <Data name="Longitude">
          <value>73.7446405</value>
        </Data>
        <Data name="Place_ID">
          <value>ChIJAQBcU3Hs3TsRZNPN7dhlMzo</value>
        </Data>
        <Data name="Source_File">
          <value>Nashik_CIDCO_industrial.xlsx</value>
        </Data>
      </ExtendedData>
      <Point>
        <coordinates>
          73.7446405,19.9899437,0
        </coordinates>
      </Point>
    </Placemark>
    <Placemark>
      <name>Prakash Engineering Industries.</name>
      <description><![CDATA[Category: manufacturer<br>Address: street 10 D-28, NICE Area, MIDC, Satpur Colony, Nashik, Maharashtra 422007, India<br>Latitude: 20.0001382<br>Longitude: 73.7430124<br>Place_ID: ChIJm2MIaIDr3TsRImgZoMxuo6Y<br>Source_File: Nashik_College_Road_industrial.xlsx]]></description>
      <styleUrl>#icon-1899-0288D1</styleUrl>
      <ExtendedData>
        <Data name="Category">
          <value>manufacturer</value>
        </Data>
        <Data name="Address">
          <value>street 10 D-28, NICE Area, MIDC, Satpur Colony, Nashik, Maharashtra 422007, India</value>
        </Data>
        <Data name="Latitude">
          <value>20.0001382</value>
        </Data>
        <Data name="Longitude">
          <value>73.7430124</value>
        </Data>
        <Data name="Place_ID">
          <value>ChIJm2MIaIDr3TsRImgZoMxuo6Y</value>
        </Data>
        <Data name="Source_File">
          <value>Nashik_College_Road_industrial.xlsx</value>
        </Data>
      </ExtendedData>
      <Point>
        <coordinates>
          73.7430124,20.0001382,0
        </coordinates>
      </Point>
    </Placemark>
    <Placemark>
      <name>Ajit Steel Industries, Cupboard, Cabinets, racks, chairs, shoe rack and Many More Products</name>
      <description><![CDATA[Category: manufacturer<br>Address: Place No D23, Street 11, Road, behind hotel shamsundar misal lane, NICE Area, MIDC, Satpur Colony, Nashik, Maharashtra 422007, India<br>Latitude: 19.9988905<br>Longitude: 73.7429418<br>Place_ID: ChIJAQAAAH3s3TsRzGld3lvkL7E<br>Source_File: Nashik_College_Road_industrial.xlsx]]></description>
      <styleUrl>#icon-1899-0288D1</styleUrl>
      <ExtendedData>
        <Data name="Category">
          <value>manufacturer</value>
        </Data>
        <Data name="Address">
          <value>Place No D23, Street 11, Road, behind hotel shamsundar misal lane, NICE Area, MIDC, Satpur Colony, Nashik, Maharashtra 422007, India</value>
        </Data>
        <Data name="Latitude">
          <value>19.9988905</value>
        </Data>
        <Data name="Longitude">
          <value>73.7429418</value>
        </Data>
        <Data name="Place_ID">
          <value>ChIJAQAAAH3s3TsRzGld3lvkL7E</value>
        </Data>
        <Data name="Source_File">
          <value>Nashik_College_Road_industrial.xlsx</value>
        </Data>
      </ExtendedData>
      <Point>
        <coordinates>
          73.7429418,19.9988905,0
        </coordinates>
      </Point>
    </Placemark>
    <Placemark>
      <name>Modern Metal Industries</name>
      <description><![CDATA[Category: manufacturer<br>Address: B-57, Nice Industrial Estate, NICE Area, MIDC, Satpur Colony, Nashik, Maharashtra 422005, India<br>Latitude: 19.9973629<br>Longitude: 73.7474786<br>Place_ID: ChIJAQAAAH3s3TsRA5ymCUDsxDc<br>Source_File: Nashik_College_Road_industrial.xlsx]]></description>
      <styleUrl>#icon-1899-0288D1</styleUrl>
      <ExtendedData>
        <Data name="Category">
          <value>manufacturer</value>
        </Data>
        <Data name="Address">
          <value>B-57, Nice Industrial Estate, NICE Area, MIDC, Satpur Colony, Nashik, Maharashtra 422005, India</value>
        </Data>
        <Data name="Latitude">
          <value>19.9973629</value>
        </Data>
        <Data name="Longitude">
          <value>73.7474786</value>
        </Data>
        <Data name="Place_ID">
          <value>ChIJAQAAAH3s3TsRA5ymCUDsxDc</value>
        </Data>
        <Data name="Source_File">
          <value>Nashik_College_Road_industrial.xlsx</value>
        </Data>
      </ExtendedData>
      <Point>
        <coordinates>
          73.7474786,19.9973629,0
        </coordinates>
      </Point>
    </Placemark>
    <Placemark>
      <name>Swaraj Narrow Fabrics Private Limited</name>
      <description><![CDATA[Category: manufacturer<br>Address: Plot No D-14 & 15, opposite old furniture stop, MIDC Area, MIDC, Satpur Colony, Nashik, Maharashtra 422007, India<br>Latitude: 19.9987188<br>Longitude: 73.7436328<br>Place_ID: ChIJAQAAAH3s3TsRZHfJrY7beG8<br>Source_File: Nashik_College_Road_industrial.xlsx]]></description>
      <styleUrl>#icon-1899-0288D1</styleUrl>
      <ExtendedData>
        <Data name="Category">
          <value>manufacturer</value>
        </Data>
        <Data name="Address">
          <value><![CDATA[Plot No D-14 & 15, opposite old furniture stop, MIDC Area, MIDC, Satpur Colony, Nashik, Maharashtra 422007, India]]></value>
        </Data>
        <Data name="Latitude">
          <value>19.9987188</value>
        </Data>
        <Data name="Longitude">
          <value>73.7436328</value>
        </Data>
        <Data name="Place_ID">
          <value>ChIJAQAAAH3s3TsRZHfJrY7beG8</value>
        </Data>
        <Data name="Source_File">
          <value>Nashik_College_Road_industrial.xlsx</value>
        </Data>
      </ExtendedData>
      <Point>
        <coordinates>
          73.7436328,19.9987188,0
        </coordinates>
      </Point>
    </Placemark>
    <Placemark>
      <name>Nagesh Engineering Works</name>
      <description><![CDATA[Category: manufacturer<br>Address: Satpur, P No D 46 M I D C Industrial Estate, NICE Area, MIDC, Satpur Colony, Nashik, Maharashtra 422007, India<br>Latitude: 19.9992101<br>Longitude: 73.7424953<br>Place_ID: ChIJAQAAAH3s3TsR8TVEMeFet8I<br>Source_File: Nashik_Gangapur_Road_industrial.xlsx]]></description>
      <styleUrl>#icon-1899-0288D1</styleUrl>
      <ExtendedData>
        <Data name="Category">
          <value>manufacturer</value>
        </Data>
        <Data name="Address">
          <value>Satpur, P No D 46 M I D C Industrial Estate, NICE Area, MIDC, Satpur Colony, Nashik, Maharashtra 422007, India</value>
        </Data>
        <Data name="Latitude">
          <value>19.9992101</value>
        </Data>
        <Data name="Longitude">
          <value>73.7424953</value>
        </Data>
        <Data name="Place_ID">
          <value>ChIJAQAAAH3s3TsR8TVEMeFet8I</value>
        </Data>
        <Data name="Source_File">
          <value>Nashik_Gangapur_Road_industrial.xlsx</value>
        </Data>
      </ExtendedData>
      <Point>
        <coordinates>
          73.7424953,19.9992101,0
        </coordinates>
      </Point>
    </Placemark>
    <Placemark>
      <name>Epiroc Mining India Limited</name>
      <description><![CDATA[Category: manufacturer<br>Address: XPW8+XX9, MIDC, Satpur Colony, Nashik, Maharashtra 422012, India<br>Latitude: 19.9974186<br>Longitude: 73.717479<br>Place_ID: ChIJAQAAAH3s3TsR-Mpeg_oL01w<br>Source_File: Nashik_Panchak_industrial.xlsx]]></description>
      <styleUrl>#icon-1899-0288D1</styleUrl>
      <ExtendedData>
        <Data name="Category">
          <value>manufacturer</value>
        </Data>
        <Data name="Address">
          <value>XPW8+XX9, MIDC, Satpur Colony, Nashik, Maharashtra 422012, India</value>
        </Data>
        <Data name="Latitude">
          <value>19.9974186</value>
        </Data>
        <Data name="Longitude">
          <value>73.717479</value>
        </Data>
        <Data name="Place_ID">
          <value>ChIJAQAAAH3s3TsR-Mpeg_oL01w</value>
        </Data>
        <Data name="Source_File">
          <value>Nashik_Panchak_industrial.xlsx</value>
        </Data>
      </ExtendedData>
      <Point>
        <coordinates>
          73.717479,19.9974186,0
        </coordinates>
      </Point>
    </Placemark>
    <Placemark>
      <name>Exxelia Alcon Electronics Pvt Ltd</name>
      <description><![CDATA[Category: manufacturer<br>Address: 34-B, MIDC Industrial Estate, Satpur Colony, Nashik, Maharashtra 422007, India<br>Latitude: 19.9966306<br>Longitude: 73.7343031<br>Place_ID: ChIJAQAAAH3s3TsRcdfPZsrft3g<br>Source_File: Nashik_Panchak_industrial.xlsx]]></description>
      <styleUrl>#icon-1899-0288D1</styleUrl>
      <ExtendedData>
        <Data name="Category">
          <value>manufacturer</value>
        </Data>
        <Data name="Address">
          <value>34-B, MIDC Industrial Estate, Satpur Colony, Nashik, Maharashtra 422007, India</value>
        </Data>
        <Data name="Latitude">
          <value>19.9966306</value>
        </Data>
        <Data name="Longitude">
          <value>73.7343031</value>
        </Data>
        <Data name="Place_ID">
          <value>ChIJAQAAAH3s3TsRcdfPZsrft3g</value>
        </Data>
        <Data name="Source_File">
          <value>Nashik_Panchak_industrial.xlsx</value>
        </Data>
      </ExtendedData>
      <Point>
        <coordinates>
          73.7343031,19.9966306,0
        </coordinates>
      </Point>
    </Placemark>
    <Placemark>
      <name><![CDATA[J.K. STEEL & ENTERPRISES]]></name>
      <description><![CDATA[Category: manufacturer<br>Address: PLOT NO. 8 / GAT NO. 514A SAWARKAR NAGAR, Balwant Nagar, Ashoknagar, Satpur Colony, Nashik, Maharashtra 422012, India<br>Latitude: 19.989583<br>Longitude: 73.7191418<br>Place_ID: ChIJXxyczonr3TsR7muwZVxI02Y<br>Source_File: Nashik_Panchak_industrial.xlsx]]></description>
      <styleUrl>#icon-1899-0288D1</styleUrl>
      <ExtendedData>
        <Data name="Category">
          <value>manufacturer</value>
        </Data>
        <Data name="Address">
          <value>PLOT NO. 8 / GAT NO. 514A SAWARKAR NAGAR, Balwant Nagar, Ashoknagar, Satpur Colony, Nashik, Maharashtra 422012, India</value>
        </Data>
        <Data name="Latitude">
          <value>19.989583</value>
        </Data>
        <Data name="Longitude">
          <value>73.7191418</value>
        </Data>
        <Data name="Place_ID">
          <value>ChIJXxyczonr3TsR7muwZVxI02Y</value>
        </Data>
        <Data name="Source_File">
          <value>Nashik_Panchak_industrial.xlsx</value>
        </Data>
      </ExtendedData>
      <Point>
        <coordinates>
          73.7191418,19.989583,0
        </coordinates>
      </Point>
    </Placemark>
    <Placemark>
      <name>Akash Industries</name>
      <description><![CDATA[Category: manufacturer<br>Address: W-9, MIDC, Satpur Colony, Nashik, Maharashtra 422012, India<br>Latitude: 20.0019103<br>Longitude: 73.7206295<br>Place_ID: ChIJm6nGU1zs3TsRCvnYxNSuf24<br>Source_File: Nashik_Panchak_industrial.xlsx]]></description>
      <styleUrl>#icon-1899-0288D1</styleUrl>
      <ExtendedData>
        <Data name="Category">
          <value>manufacturer</value>
        </Data>
        <Data name="Address">
          <value>W-9, MIDC, Satpur Colony, Nashik, Maharashtra 422012, India</value>
        </Data>
        <Data name="Latitude">
          <value>20.0019103</value>
        </Data>
        <Data name="Longitude">
          <value>73.7206295</value>
        </Data>
        <Data name="Place_ID">
          <value>ChIJm6nGU1zs3TsRCvnYxNSuf24</value>
        </Data>
        <Data name="Source_File">
          <value>Nashik_Panchak_industrial.xlsx</value>
        </Data>
      </ExtendedData>
      <Point>
        <coordinates>
          73.7206295,20.0019103,0
        </coordinates>
      </Point>
    </Placemark>
    <Placemark>
      <name>Shri Datta Industries</name>
      <description><![CDATA[Category: manufacturer<br>Address: Plot No-g-10, near I T I, MIDC Area, MIDC, Satpur Colony, Nashik, Maharashtra 422005, India<br>Latitude: 19.9914259<br>Longitude: 73.7460383<br>Place_ID: ChIJAQAAAH3s3TsRCQ0dQWYJljY<br>Source_File: Nashik_Satpur_industrial.xlsx]]></description>
      <styleUrl>#icon-1899-0288D1</styleUrl>
      <ExtendedData>
        <Data name="Category">
          <value>manufacturer</value>
        </Data>
        <Data name="Address">
          <value>Plot No-g-10, near I T I, MIDC Area, MIDC, Satpur Colony, Nashik, Maharashtra 422005, India</value>
        </Data>
        <Data name="Latitude">
          <value>19.9914259</value>
        </Data>
        <Data name="Longitude">
          <value>73.7460383</value>
        </Data>
        <Data name="Place_ID">
          <value>ChIJAQAAAH3s3TsRCQ0dQWYJljY</value>
        </Data>
        <Data name="Source_File">
          <value>Nashik_Satpur_industrial.xlsx</value>
        </Data>
      </ExtendedData>
      <Point>
        <coordinates>
          73.7460383,19.9914259,0
        </coordinates>
      </Point>
    </Placemark>
    <Placemark>
      <name>Memco Engineering Pvt Ltd</name>
      <description><![CDATA[Category: manufacturer<br>Address: Memco, Satpur MIDC Rd, MIDC, Satpur Colony, Nashik, Maharashtra 422007, India<br>Latitude: 19.9983973<br>Longitude: 73.725967<br>Place_ID: ChIJX2SV9mDs3TsRaiVu_u332Mo<br>Source_File: Nashik_Satpur_industrial.xlsx]]></description>
      <styleUrl>#icon-1899-0288D1</styleUrl>
      <ExtendedData>
        <Data name="Category">
          <value>manufacturer</value>
        </Data>
        <Data name="Address">
          <value>Memco, Satpur MIDC Rd, MIDC, Satpur Colony, Nashik, Maharashtra 422007, India</value>
        </Data>
        <Data name="Latitude">
          <value>19.9983973</value>
        </Data>
        <Data name="Longitude">
          <value>73.725967</value>
        </Data>
        <Data name="Place_ID">
          <value>ChIJX2SV9mDs3TsRaiVu_u332Mo</value>
        </Data>
        <Data name="Source_File">
          <value>Nashik_Satpur_industrial.xlsx</value>
        </Data>
      </ExtendedData>
      <Point>
        <coordinates>
          73.725967,19.9983973,0
        </coordinates>
      </Point>
    </Placemark>
    <Placemark>
      <name>NASHIK TRANSFORMER INDUSTRIES</name>
      <description><![CDATA[Category: manufacturer<br>Address: F 43, MIDC, Satpur Colony, Nashik, Maharashtra 422012, India<br>Latitude: 20.0023247<br>Longitude: 73.7199142<br>Place_ID: ChIJ10sUQlzs3TsR_gftctc8ins<br>Source_File: Nashik_Satpur_industrial.xlsx]]></description>
      <styleUrl>#icon-1899-0288D1</styleUrl>
      <ExtendedData>
        <Data name="Category">
          <value>manufacturer</value>
        </Data>
        <Data name="Address">
          <value>F 43, MIDC, Satpur Colony, Nashik, Maharashtra 422012, India</value>
        </Data>
        <Data name="Latitude">
          <value>20.0023247</value>
        </Data>
        <Data name="Longitude">
          <value>73.7199142</value>
        </Data>
        <Data name="Place_ID">
          <value>ChIJ10sUQlzs3TsR_gftctc8ins</value>
        </Data>
        <Data name="Source_File">
          <value>Nashik_Satpur_industrial.xlsx</value>
        </Data>
      </ExtendedData>
      <Point>
        <coordinates>
          73.7199142,20.0023247,0
        </coordinates>
      </Point>
    </Placemark>
    <Placemark>
      <name>H.K.INDUSTRIES</name>
      <description><![CDATA[Category: manufacturer<br>Address: D-54, MIDC, SATPUR,, NICE Area, MIDC, Satpur Colony, Nashik, Maharashtra 422007, India<br>Latitude: 19.9979193<br>Longitude: 73.7419656<br>Place_ID: ChIJjZ0-Cn7s3TsReZOXTKhrJuQ<br>Source_File: Nashik_Satpur_industrial.xlsx]]></description>
      <styleUrl>#icon-1899-0288D1</styleUrl>
      <ExtendedData>
        <Data name="Category">
          <value>manufacturer</value>
        </Data>
        <Data name="Address">
          <value>D-54, MIDC, SATPUR,, NICE Area, MIDC, Satpur Colony, Nashik, Maharashtra 422007, India</value>
        </Data>
        <Data name="Latitude">
          <value>19.9979193</value>
        </Data>
        <Data name="Longitude">
          <value>73.7419656</value>
        </Data>
        <Data name="Place_ID">
          <value>ChIJjZ0-Cn7s3TsReZOXTKhrJuQ</value>
        </Data>
        <Data name="Source_File">
          <value>Nashik_Satpur_industrial.xlsx</value>
        </Data>
      </ExtendedData>
      <Point>
        <coordinates>
          73.7419656,19.9979193,0
        </coordinates>
      </Point>
    </Placemark>
    <Placemark>
      <name>Mahindra Tool And Die Plant</name>
      <description><![CDATA[Category: manufacturer<br>Address: Satpur MIDC Main Rd, MIDC, Satpur Colony, Nashik, Maharashtra 422007, India<br>Latitude: 20.0013409<br>Longitude: 73.7267003<br>Place_ID: ChIJwdzPqWbs3TsRUe4thC548r0<br>Source_File: Nashik_Satpur_industrial.xlsx]]></description>
      <styleUrl>#icon-1899-0288D1</styleUrl>
      <ExtendedData>
        <Data name="Category">
          <value>manufacturer</value>
        </Data>
        <Data name="Address">
          <value>Satpur MIDC Main Rd, MIDC, Satpur Colony, Nashik, Maharashtra 422007, India</value>
        </Data>
        <Data name="Latitude">
          <value>20.0013409</value>
        </Data>
        <Data name="Longitude">
          <value>73.7267003</value>
        </Data>
        <Data name="Place_ID">
          <value>ChIJwdzPqWbs3TsRUe4thC548r0</value>
        </Data>
        <Data name="Source_File">
          <value>Nashik_Satpur_industrial.xlsx</value>
        </Data>
      </ExtendedData>
      <Point>
        <coordinates>
          73.7267003,20.0013409,0
        </coordinates>
      </Point>
    </Placemark>
    <Placemark>
      <name>TDK India Private Limited</name>
      <description><![CDATA[Category: manufacturer<br>Address: E 22-25, 25-01, MIDC, Satpur Colony, Nashik, Maharashtra 422007, India<br>Latitude: 20.0041531<br>Longitude: 73.7384626<br>Place_ID: ChIJAQAAAH3s3TsRPFddxE9IDCE<br>Source_File: Nashik_Satpur_industrial.xlsx]]></description>
      <styleUrl>#icon-1899-0288D1</styleUrl>
      <ExtendedData>
        <Data name="Category">
          <value>manufacturer</value>
        </Data>
        <Data name="Address">
          <value>E 22-25, 25-01, MIDC, Satpur Colony, Nashik, Maharashtra 422007, India</value>
        </Data>
        <Data name="Latitude">
          <value>20.0041531</value>
        </Data>
        <Data name="Longitude">
          <value>73.7384626</value>
        </Data>
        <Data name="Place_ID">
          <value>ChIJAQAAAH3s3TsRPFddxE9IDCE</value>
        </Data>
        <Data name="Source_File">
          <value>Nashik_Satpur_industrial.xlsx</value>
        </Data>
      </ExtendedData>
      <Point>
        <coordinates>
          73.7384626,20.0041531,0
        </coordinates>
      </Point>
    </Placemark>
    <Placemark>
      <name>ABB India Limited</name>
      <description><![CDATA[Category: manufacturer<br>Address: Plot 79,Street 17, MIDC, Satpur Colony, MIDC, Satpur Colony, Nashik, Maharashtra 422007, India<br>Latitude: 20.0017559<br>Longitude: 73.728082<br>Place_ID: ChIJj95NHmfs3TsRMFdmWCcyPeE<br>Source_File: Nashik_Satpur_industrial.xlsx]]></description>
      <styleUrl>#icon-1899-0288D1</styleUrl>
      <ExtendedData>
        <Data name="Category">
          <value>manufacturer</value>
        </Data>
        <Data name="Address">
          <value>Plot 79,Street 17, MIDC, Satpur Colony, MIDC, Satpur Colony, Nashik, Maharashtra 422007, India</value>
        </Data>
        <Data name="Latitude">
          <value>20.0017559</value>
        </Data>
        <Data name="Longitude">
          <value>73.728082</value>
        </Data>
        <Data name="Place_ID">
          <value>ChIJj95NHmfs3TsRMFdmWCcyPeE</value>
        </Data>
        <Data name="Source_File">
          <value>Nashik_Satpur_industrial.xlsx</value>
        </Data>
      </ExtendedData>
      <Point>
        <coordinates>
          73.728082,20.0017559,0
        </coordinates>
      </Point>
    </Placemark>
    <Placemark>
      <name>Govindsons Flashlight Industries Pvt Ltd</name>
      <description><![CDATA[Category: manufacturer<br>Address: 48/49, M I D C, D Road, Satpur, Satpur, MIDC, Satpur Colony, Nashik, Maharashtra 422007, India<br>Latitude: 19.9980697<br>Longitude: 73.7334771<br>Place_ID: ChIJAQAAAH3s3TsRGgXgPb4xUfs<br>Source_File: Nashik_Satpur_industrial.xlsx]]></description>
      <styleUrl>#icon-1899-0288D1</styleUrl>
      <ExtendedData>
        <Data name="Category">
          <value>manufacturer</value>
        </Data>
        <Data name="Address">
          <value>48/49, M I D C, D Road, Satpur, Satpur, MIDC, Satpur Colony, Nashik, Maharashtra 422007, India</value>
        </Data>
        <Data name="Latitude">
          <value>19.9980697</value>
        </Data>
        <Data name="Longitude">
          <value>73.7334771</value>
        </Data>
        <Data name="Place_ID">
          <value>ChIJAQAAAH3s3TsRGgXgPb4xUfs</value>
        </Data>
        <Data name="Source_File">
          <value>Nashik_Satpur_industrial.xlsx</value>
        </Data>
      </ExtendedData>
      <Point>
        <coordinates>
          73.7334771,19.9980697,0
        </coordinates>
      </Point>
    </Placemark>
    <Placemark>
      <name>ABB India Ltd. Plant II</name>
      <description><![CDATA[Category: manufacturer<br>Address: 12, MIDC, Satpur Colony, Nashik, Maharashtra 422007, India<br>Latitude: 19.9968926<br>Longitude: 73.7352555<br>Place_ID: ChIJQQaPumLs3TsRoh04hM6sutU<br>Source_File: Nashik_Satpur_industrial.xlsx]]></description>
      <styleUrl>#icon-1899-0288D1</styleUrl>
      <ExtendedData>
        <Data name="Category">
          <value>manufacturer</value>
        </Data>
        <Data name="Address">
          <value>12, MIDC, Satpur Colony, Nashik, Maharashtra 422007, India</value>
        </Data>
        <Data name="Latitude">
          <value>19.9968926</value>
        </Data>
        <Data name="Longitude">
          <value>73.7352555</value>
        </Data>
        <Data name="Place_ID">
          <value>ChIJQQaPumLs3TsRoh04hM6sutU</value>
        </Data>
        <Data name="Source_File">
          <value>Nashik_Satpur_industrial.xlsx</value>
        </Data>
      </ExtendedData>
      <Point>
        <coordinates>
          73.7352555,19.9968926,0
        </coordinates>
      </Point>
    </Placemark>
    <Placemark>
      <name>Premier Electronic Industries</name>
      <description><![CDATA[Category: manufacturer<br>Address: Plot No A-41, Nice Area, C Road, Satpur, Nice Area, NICE Area, MIDC, Satpur Colony, Nashik, Maharashtra 422007, India<br>Latitude: 19.996272<br>Longitude: 73.7421357<br>Place_ID: ChIJAQAAAH3s3TsR7uSFas_aEww<br>Source_File: Nashik_Satpur_industrial.xlsx]]></description>
      <styleUrl>#icon-1899-0288D1</styleUrl>
      <ExtendedData>
        <Data name="Category">
          <value>manufacturer</value>
        </Data>
        <Data name="Address">
          <value>Plot No A-41, Nice Area, C Road, Satpur, Nice Area, NICE Area, MIDC, Satpur Colony, Nashik, Maharashtra 422007, India</value>
        </Data>
        <Data name="Latitude">
          <value>19.996272</value>
        </Data>
        <Data name="Longitude">
          <value>73.7421357</value>
        </Data>
        <Data name="Place_ID">
          <value>ChIJAQAAAH3s3TsR7uSFas_aEww</value>
        </Data>
        <Data name="Source_File">
          <value>Nashik_Satpur_industrial.xlsx</value>
        </Data>
      </ExtendedData>
      <Point>
        <coordinates>
          73.7421357,19.996272,0
        </coordinates>
      </Point>
    </Placemark>
    <Placemark>
      <name>Subodh Industries</name>
      <description><![CDATA[Category: manufacturer<br>Address: P-68, in front of NAB building, NICE Area, MIDC, Satpur Colony, NICE, Nashik, Maharashtra 422005, India<br>Latitude: 19.9949726<br>Longitude: 73.7468257<br>Place_ID: ChIJq6qqqmHs3TsRoBr6RPqc7Is<br>Source_File: Nashik_Satpur_industrial.xlsx]]></description>
      <styleUrl>#icon-1899-0288D1</styleUrl>
      <ExtendedData>
        <Data name="Category">
          <value>manufacturer</value>
        </Data>
        <Data name="Address">
          <value>P-68, in front of NAB building, NICE Area, MIDC, Satpur Colony, NICE, Nashik, Maharashtra 422005, India</value>
        </Data>
        <Data name="Latitude">
          <value>19.9949726</value>
        </Data>
        <Data name="Longitude">
          <value>73.7468257</value>
        </Data>
        <Data name="Place_ID">
          <value>ChIJq6qqqmHs3TsRoBr6RPqc7Is</value>
        </Data>
        <Data name="Source_File">
          <value>Nashik_Satpur_industrial.xlsx</value>
        </Data>
      </ExtendedData>
      <Point>
        <coordinates>
          73.7468257,19.9949726,0
        </coordinates>
      </Point>
    </Placemark>
    <Placemark>
      <name>VIP Industries Ltd</name>
      <description><![CDATA[Category: manufacturer<br>Address: MIDC, Satpur Colony, Nashik, Maharashtra 422007, India<br>Latitude: 20.0008828<br>Longitude: 73.7277958<br>Place_ID: ChIJk-IdBmHs3TsRk9SeR-nKAfc<br>Source_File: Nashik_Satpur_industrial.xlsx]]></description>
      <styleUrl>#icon-1899-0288D1</styleUrl>
      <ExtendedData>
        <Data name="Category">
          <value>manufacturer</value>
        </Data>
        <Data name="Address">
          <value>MIDC, Satpur Colony, Nashik, Maharashtra 422007, India</value>
        </Data>
        <Data name="Latitude">
          <value>20.0008828</value>
        </Data>
        <Data name="Longitude">
          <value>73.7277958</value>
        </Data>
        <Data name="Place_ID">
          <value>ChIJk-IdBmHs3TsRk9SeR-nKAfc</value>
        </Data>
        <Data name="Source_File">
          <value>Nashik_Satpur_industrial.xlsx</value>
        </Data>
      </ExtendedData>
      <Point>
        <coordinates>
          73.7277958,20.0008828,0
        </coordinates>
      </Point>
    </Placemark>
    <Placemark>
      <name>Mahindra Car Manufacturer Nashik Plant 1 Satpur MIDC</name>
      <description><![CDATA[Category: manufacturer<br>Address: MIDC, Satpur Colony, Nashik, Maharashtra 422012, India<br>Latitude: 19.9955552<br>Longitude: 73.7194912<br>Place_ID: ChIJ13KfQ1_s3TsRp2UZO6QOVDc<br>Source_File: Nashik_Satpur_industrial.xlsx]]></description>
      <styleUrl>#icon-1899-0288D1</styleUrl>
      <ExtendedData>
        <Data name="Category">
          <value>manufacturer</value>
        </Data>
        <Data name="Address">
          <value>MIDC, Satpur Colony, Nashik, Maharashtra 422012, India</value>
        </Data>
        <Data name="Latitude">
          <value>19.9955552</value>
        </Data>
        <Data name="Longitude">
          <value>73.7194912</value>
        </Data>
        <Data name="Place_ID">
          <value>ChIJ13KfQ1_s3TsRp2UZO6QOVDc</value>
        </Data>
        <Data name="Source_File">
          <value>Nashik_Satpur_industrial.xlsx</value>
        </Data>
      </ExtendedData>
      <Point>
        <coordinates>
          73.7194912,19.9955552,0
        </coordinates>
      </Point>
    </Placemark>
    <Placemark>
      <name>Entremonde Polycoaters Limited</name>
      <description><![CDATA[Category: manufacturer<br>Address: Plot No 29, Street No 13, C Road, MIDC, Satpur Colony, Nashik, Maharashtra 422007, India<br>Latitude: 19.9966173<br>Longitude: 73.7361572<br>Place_ID: ChIJOYYV_4fs3TsR1MwBAzZO-Oo<br>Source_File: Nashik_Satpur_industrial.xlsx]]></description>
      <styleUrl>#icon-1899-0288D1</styleUrl>
      <ExtendedData>
        <Data name="Category">
          <value>manufacturer</value>
        </Data>
        <Data name="Address">
          <value>Plot No 29, Street No 13, C Road, MIDC, Satpur Colony, Nashik, Maharashtra 422007, India</value>
        </Data>
        <Data name="Latitude">
          <value>19.9966173</value>
        </Data>
        <Data name="Longitude">
          <value>73.7361572</value>
        </Data>
        <Data name="Place_ID">
          <value>ChIJOYYV_4fs3TsR1MwBAzZO-Oo</value>
        </Data>
        <Data name="Source_File">
          <value>Nashik_Satpur_industrial.xlsx</value>
        </Data>
      </ExtendedData>
      <Point>
        <coordinates>
          73.7361572,19.9966173,0
        </coordinates>
      </Point>
    </Placemark>
    <Placemark>
      <name>Renukka R Industries, Nashik</name>
      <description><![CDATA[Category: manufacturer<br>Address: Plot no - 42 & 43, near Sham Sunder Hotel, NICE Area, MIDC, Satpur Colony, Nashik, Maharashtra 422007, India<br>Latitude: 19.9980713<br>Longitude: 73.741525<br>Place_ID: ChIJAQAAAH3s3TsRblyu_iqu844<br>Source_File: Nashik_Satpur_industrial.xlsx]]></description>
      <styleUrl>#icon-1899-0288D1</styleUrl>
      <ExtendedData>
        <Data name="Category">
          <value>manufacturer</value>
        </Data>
        <Data name="Address">
          <value><![CDATA[Plot no - 42 & 43, near Sham Sunder Hotel, NICE Area, MIDC, Satpur Colony, Nashik, Maharashtra 422007, India]]></value>
        </Data>
        <Data name="Latitude">
          <value>19.9980713</value>
        </Data>
        <Data name="Longitude">
          <value>73.741525</value>
        </Data>
        <Data name="Place_ID">
          <value>ChIJAQAAAH3s3TsRblyu_iqu844</value>
        </Data>
        <Data name="Source_File">
          <value>Nashik_Satpur_industrial.xlsx</value>
        </Data>
      </ExtendedData>
      <Point>
        <coordinates>
          73.741525,19.9980713,0
        </coordinates>
      </Point>
    </Placemark>
    <Placemark>
      <name>Birla Precision Technologies Limited (Indian Tool Manufacturers Division)</name>
      <description><![CDATA[Category: manufacturer<br>Address: 62/63, MIDC, Satpur Colony, Nashik, Maharashtra 422007, India<br>Latitude: 19.9957225<br>Longitude: 73.7313509<br>Place_ID: ChIJ94w6ZIHs3TsRWIcNN3j1dtU<br>Source_File: Nashik_Satpur_industrial.xlsx]]></description>
      <styleUrl>#icon-1899-0288D1</styleUrl>
      <ExtendedData>
        <Data name="Category">
          <value>manufacturer</value>
        </Data>
        <Data name="Address">
          <value>62/63, MIDC, Satpur Colony, Nashik, Maharashtra 422007, India</value>
        </Data>
        <Data name="Latitude">
          <value>19.9957225</value>
        </Data>
        <Data name="Longitude">
          <value>73.7313509</value>
        </Data>
        <Data name="Place_ID">
          <value>ChIJ94w6ZIHs3TsRWIcNN3j1dtU</value>
        </Data>
        <Data name="Source_File">
          <value>Nashik_Satpur_industrial.xlsx</value>
        </Data>
      </ExtendedData>
      <Point>
        <coordinates>
          73.7313509,19.9957225,0
        </coordinates>
      </Point>
    </Placemark>
    <Placemark>
      <name>GOGATE ELECTROSYSTEMS (N) PVT. LTD</name>
      <description><![CDATA[Category: manufacturer<br>Address: Plot No. B, 78, NICE, near by Prakash Bakery, NICE Area, MIDC, Satpur Colony, Nashik, Maharashtra 422005, India<br>Latitude: 19.9981977<br>Longitude: 73.7487691<br>Place_ID: ChIJq6qqqmHs3TsRGqx259RL8dQ<br>Source_File: Nashik_Satpur_industrial.xlsx]]></description>
      <styleUrl>#icon-1899-0288D1</styleUrl>
      <ExtendedData>
        <Data name="Category">
          <value>manufacturer</value>
        </Data>
        <Data name="Address">
          <value>Plot No. B, 78, NICE, near by Prakash Bakery, NICE Area, MIDC, Satpur Colony, Nashik, Maharashtra 422005, India</value>
        </Data>
        <Data name="Latitude">
          <value>19.9981977</value>
        </Data>
        <Data name="Longitude">
          <value>73.7487691</value>
        </Data>
        <Data name="Place_ID">
          <value>ChIJq6qqqmHs3TsRGqx259RL8dQ</value>
        </Data>
        <Data name="Source_File">
          <value>Nashik_Satpur_industrial.xlsx</value>
        </Data>
      </ExtendedData>
      <Point>
        <coordinates>
          73.7487691,19.9981977,0
        </coordinates>
      </Point>
    </Placemark>
    <Placemark>
      <name>SUPREME TECNOCRATS PVT LTD</name>
      <description><![CDATA[Category: manufacturer<br>Address: E-50, Satpur MIDC Rd, MIDC, Satpur Colony, Nashik, Maharashtra 422007, India<br>Latitude: 19.9993873<br>Longitude: 73.7357296<br>Place_ID: ChIJKdVxUzrt3TsRhob-n9Rj460<br>Source_File: Nashik_Satpur_industrial.xlsx]]></description>
      <styleUrl>#icon-1899-0288D1</styleUrl>
      <ExtendedData>
        <Data name="Category">
          <value>manufacturer</value>
        </Data>
        <Data name="Address">
          <value>E-50, Satpur MIDC Rd, MIDC, Satpur Colony, Nashik, Maharashtra 422007, India</value>
        </Data>
        <Data name="Latitude">
          <value>19.9993873</value>
        </Data>
        <Data name="Longitude">
          <value>73.7357296</value>
        </Data>
        <Data name="Place_ID">
          <value>ChIJKdVxUzrt3TsRhob-n9Rj460</value>
        </Data>
        <Data name="Source_File">
          <value>Nashik_Satpur_industrial.xlsx</value>
        </Data>
      </ExtendedData>
      <Point>
        <coordinates>
          73.7357296,19.9993873,0
        </coordinates>
      </Point>
    </Placemark>
    <Placemark>
      <name><![CDATA[Nash Robotics & Automation Private Limited]]></name>
      <description><![CDATA[Category: manufacturer<br>Address: 93/9, Satpur MIDC Rd, MIDC, Satpur Colony, Nashik, Maharashtra 422007, India<br>Latitude: 19.9990727<br>Longitude: 73.7217627<br>Place_ID: ChIJAQAAAH3s3TsRlFv7PMP50KM<br>Source_File: Nashik_Satpur_industrial.xlsx]]></description>
      <styleUrl>#icon-1899-0288D1</styleUrl>
      <ExtendedData>
        <Data name="Category">
          <value>manufacturer</value>
        </Data>
        <Data name="Address">
          <value>93/9, Satpur MIDC Rd, MIDC, Satpur Colony, Nashik, Maharashtra 422007, India</value>
        </Data>
        <Data name="Latitude">
          <value>19.9990727</value>
        </Data>
        <Data name="Longitude">
          <value>73.7217627</value>
        </Data>
        <Data name="Place_ID">
          <value>ChIJAQAAAH3s3TsRlFv7PMP50KM</value>
        </Data>
        <Data name="Source_File">
          <value>Nashik_Satpur_industrial.xlsx</value>
        </Data>
      </ExtendedData>
      <Point>
        <coordinates>
          73.7217627,19.9990727,0
        </coordinates>
      </Point>
    </Placemark>
    <Placemark>
      <name>Ganesh Industries</name>
      <description><![CDATA[Category: manufacturer<br>Address: Flatted Building, NICE Area, MIDC, Satpur Colony, Nashik, Maharashtra 422007, India<br>Latitude: 20.0024156<br>Longitude: 73.7477826<br>Place_ID: ChIJe3WybADr3TsRczakxNHubRA<br>Source_File: Nashik_Satpur_industrial.xlsx]]></description>
      <styleUrl>#icon-1899-0288D1</styleUrl>
      <ExtendedData>
        <Data name="Category">
          <value>manufacturer</value>
        </Data>
        <Data name="Address">
          <value>Flatted Building, NICE Area, MIDC, Satpur Colony, Nashik, Maharashtra 422007, India</value>
        </Data>
        <Data name="Latitude">
          <value>20.0024156</value>
        </Data>
        <Data name="Longitude">
          <value>73.7477826</value>
        </Data>
        <Data name="Place_ID">
          <value>ChIJe3WybADr3TsRczakxNHubRA</value>
        </Data>
        <Data name="Source_File">
          <value>Nashik_Satpur_industrial.xlsx</value>
        </Data>
      </ExtendedData>
      <Point>
        <coordinates>
          73.7477826,20.0024156,0
        </coordinates>
      </Point>
    </Placemark>
    <Placemark>
      <name>Kailash Industries</name>
      <description><![CDATA[Category: manufacturer<br>Address: W-40(B, D Road, MIDC, Satpur Colony, Nashik, Maharashtra 422007, India<br>Latitude: 20.0008768<br>Longitude: 73.7343899<br>Place_ID: ChIJR8olYojt3TsRt7WVKO6GI98<br>Source_File: Nashik_Satpur_industrial.xlsx]]></description>
      <styleUrl>#icon-1899-0288D1</styleUrl>
      <ExtendedData>
        <Data name="Category">
          <value>manufacturer</value>
        </Data>
        <Data name="Address">
          <value>W-40(B, D Road, MIDC, Satpur Colony, Nashik, Maharashtra 422007, India</value>
        </Data>
        <Data name="Latitude">
          <value>20.0008768</value>
        </Data>
        <Data name="Longitude">
          <value>73.7343899</value>
        </Data>
        <Data name="Place_ID">
          <value>ChIJR8olYojt3TsRt7WVKO6GI98</value>
        </Data>
        <Data name="Source_File">
          <value>Nashik_Satpur_industrial.xlsx</value>
        </Data>
      </ExtendedData>
      <Point>
        <coordinates>
          73.7343899,20.0008768,0
        </coordinates>
      </Point>
    </Placemark>
    <Placemark>
      <name>Nirmiti Precision Pvt Ltd</name>
      <description><![CDATA[Category: manufacturer<br>Address: NICE Area, MIDC, Satpur Colony, Nashik, Maharashtra 422005, India<br>Latitude: 20.0004305<br>Longitude: 73.7472453<br>Place_ID: ChIJ4513eX_s3TsRTh-TXfkKgNU<br>Source_File: Nashik_Satpur_industrial.xlsx]]></description>
      <styleUrl>#icon-1899-0288D1</styleUrl>
      <ExtendedData>
        <Data name="Category">
          <value>manufacturer</value>
        </Data>
        <Data name="Address">
          <value>NICE Area, MIDC, Satpur Colony, Nashik, Maharashtra 422005, India</value>
        </Data>
        <Data name="Latitude">
          <value>20.0004305</value>
        </Data>
        <Data name="Longitude">
          <value>73.7472453</value>
        </Data>
        <Data name="Place_ID">
          <value>ChIJ4513eX_s3TsRTh-TXfkKgNU</value>
        </Data>
        <Data name="Source_File">
          <value>Nashik_Satpur_industrial.xlsx</value>
        </Data>
      </ExtendedData>
      <Point>
        <coordinates>
          73.7472453,20.0004305,0
        </coordinates>
      </Point>
    </Placemark>
    <Placemark>
      <name>MSL ????????Driveline Systems Limited</name>
      <description><![CDATA[Category: manufacturer<br>Address: Plot No 89/1A, M. I. D. C. Area, Satpur, 2P28+9Q3, MIDC, Satpur Colony, Nashik, Maharashtra 422012, India<br>Latitude: 19.9979108<br>Longitude: 73.7167829<br>Place_ID: ChIJSy75hFjs3TsR8Rquf3D03zs<br>Source_File: Nashik_Satpur_industrial.xlsx]]></description>
      <styleUrl>#icon-1899-0288D1</styleUrl>
      <ExtendedData>
        <Data name="Category">
          <value>manufacturer</value>
        </Data>
        <Data name="Address">
          <value>Plot No 89/1A, M. I. D. C. Area, Satpur, 2P28+9Q3, MIDC, Satpur Colony, Nashik, Maharashtra 422012, India</value>
        </Data>
        <Data name="Latitude">
          <value>19.9979108</value>
        </Data>
        <Data name="Longitude">
          <value>73.7167829</value>
        </Data>
        <Data name="Place_ID">
          <value>ChIJSy75hFjs3TsR8Rquf3D03zs</value>
        </Data>
        <Data name="Source_File">
          <value>Nashik_Satpur_industrial.xlsx</value>
        </Data>
      </ExtendedData>
      <Point>
        <coordinates>
          73.7167829,19.9979108,0
        </coordinates>
      </Point>
    </Placemark>
    <Placemark>
      <name>Park Fabricators</name>
      <description><![CDATA[Category: manufacturer<br>Address: 25/2/2 , M I D C, Satpur, Satpur NICE Area, MIDC, C Road Sakal Circle, NICE Area, MIDC, Satpur Colony, Nashik, Maharashtra 422007, India<br>Latitude: 19.9961794<br>Longitude: 73.7415329<br>Place_ID: ChIJAQAAAH3s3TsRr8BMXXuLNf4<br>Source_File: Nashik_Satpur_industrial.xlsx]]></description>
      <styleUrl>#icon-1899-0288D1</styleUrl>
      <ExtendedData>
        <Data name="Category">
          <value>manufacturer</value>
        </Data>
        <Data name="Address">
          <value>25/2/2 , M I D C, Satpur, Satpur NICE Area, MIDC, C Road Sakal Circle, NICE Area, MIDC, Satpur Colony, Nashik, Maharashtra 422007, India</value>
        </Data>
        <Data name="Latitude">
          <value>19.9961794</value>
        </Data>
        <Data name="Longitude">
          <value>73.7415329</value>
        </Data>
        <Data name="Place_ID">
          <value>ChIJAQAAAH3s3TsRr8BMXXuLNf4</value>
        </Data>
        <Data name="Source_File">
          <value>Nashik_Satpur_industrial.xlsx</value>
        </Data>
      </ExtendedData>
      <Point>
        <coordinates>
          73.7415329,19.9961794,0
        </coordinates>
      </Point>
    </Placemark>
    <Placemark>
      <name>Nasik Oxygen Co Private Limited</name>
      <description><![CDATA[Category: manufacturer<br>Address: MIDC, Satpur Colony, Nashik, Maharashtra 422007, India<br>Latitude: 19.9932518<br>Longitude: 73.7348753<br>Place_ID: ChIJS-fyOgHr3TsR0bAwC1W4nqw<br>Source_File: Nashik_Satpur_industrial.xlsx]]></description>
      <styleUrl>#icon-1899-0288D1</styleUrl>
      <ExtendedData>
        <Data name="Category">
          <value>manufacturer</value>
        </Data>
        <Data name="Address">
          <value>MIDC, Satpur Colony, Nashik, Maharashtra 422007, India</value>
        </Data>
        <Data name="Latitude">
          <value>19.9932518</value>
        </Data>
        <Data name="Longitude">
          <value>73.7348753</value>
        </Data>
        <Data name="Place_ID">
          <value>ChIJS-fyOgHr3TsR0bAwC1W4nqw</value>
        </Data>
        <Data name="Source_File">
          <value>Nashik_Satpur_industrial.xlsx</value>
        </Data>
      </ExtendedData>
      <Point>
        <coordinates>
          73.7348753,19.9932518,0
        </coordinates>
      </Point>
    </Placemark>
    <Placemark>
      <name>NSK Industries, Nashik</name>
      <description><![CDATA[Category: manufacturer<br>Address: E 33, MIDC, Satpur Colony, Nashik, Maharashtra 422007, India<br>Latitude: 20.0044491<br>Longitude: 73.7365765<br>Place_ID: ChIJ9UVme37r3TsRiE1f2WBbOWk<br>Source_File: Nashik_Satpur_industrial.xlsx]]></description>
      <styleUrl>#icon-1899-0288D1</styleUrl>
      <ExtendedData>
        <Data name="Category">
          <value>manufacturer</value>
        </Data>
        <Data name="Address">
          <value>E 33, MIDC, Satpur Colony, Nashik, Maharashtra 422007, India</value>
        </Data>
        <Data name="Latitude">
          <value>20.0044491</value>
        </Data>
        <Data name="Longitude">
          <value>73.7365765</value>
        </Data>
        <Data name="Place_ID">
          <value>ChIJ9UVme37r3TsRiE1f2WBbOWk</value>
        </Data>
        <Data name="Source_File">
          <value>Nashik_Satpur_industrial.xlsx</value>
        </Data>
      </ExtendedData>
      <Point>
        <coordinates>
          73.7365765,20.0044491,0
        </coordinates>
      </Point>
    </Placemark>
    <Placemark>
      <name>Neelay Metal Industry</name>
      <description><![CDATA[Category: manufacturer<br>Address: F116, MIDC, Satpur Colony, Nashik, Maharashtra 422012, India<br>Latitude: 20.0056641<br>Longitude: 73.7175804<br>Place_ID: ChIJfwzkTVvs3TsRXl_gQsM4MSQ<br>Source_File: Nashik_Satpur_industrial.xlsx]]></description>
      <styleUrl>#icon-1899-0288D1</styleUrl>
      <ExtendedData>
        <Data name="Category">
          <value>manufacturer</value>
        </Data>
        <Data name="Address">
          <value>F116, MIDC, Satpur Colony, Nashik, Maharashtra 422012, India</value>
        </Data>
        <Data name="Latitude">
          <value>20.0056641</value>
        </Data>
        <Data name="Longitude">
          <value>73.7175804</value>
        </Data>
        <Data name="Place_ID">
          <value>ChIJfwzkTVvs3TsRXl_gQsM4MSQ</value>
        </Data>
        <Data name="Source_File">
          <value>Nashik_Satpur_industrial.xlsx</value>
        </Data>
      </ExtendedData>
      <Point>
        <coordinates>
          73.7175804,20.0056641,0
        </coordinates>
      </Point>
    </Placemark>
    <Placemark>
      <name>R.K.Engineering Works</name>
      <description><![CDATA[Category: manufacturer<br>Address: S.S. 48, Satpur MIDC Main Rd, MIDC, Satpur Colony, Nashik, Maharashtra 422007, India<br>Latitude: 20.0036947<br>Longitude: 73.7341759<br>Place_ID: ChIJ1cqh6WTs3TsRkx1kgP_MkVg<br>Source_File: Nashik_Satpur_industrial.xlsx]]></description>
      <styleUrl>#icon-1899-0288D1</styleUrl>
      <ExtendedData>
        <Data name="Category">
          <value>manufacturer</value>
        </Data>
        <Data name="Address">
          <value>S.S. 48, Satpur MIDC Main Rd, MIDC, Satpur Colony, Nashik, Maharashtra 422007, India</value>
        </Data>
        <Data name="Latitude">
          <value>20.0036947</value>
        </Data>
        <Data name="Longitude">
          <value>73.7341759</value>
        </Data>
        <Data name="Place_ID">
          <value>ChIJ1cqh6WTs3TsRkx1kgP_MkVg</value>
        </Data>
        <Data name="Source_File">
          <value>Nashik_Satpur_industrial.xlsx</value>
        </Data>
      </ExtendedData>
      <Point>
        <coordinates>
          73.7341759,20.0036947,0
        </coordinates>
      </Point>
    </Placemark>
    <Placemark>
      <name>Deccan Engineering Works</name>
      <description><![CDATA[Category: manufacturer<br>Address: Plot No. F39, MIDC Satpur, MIDC, Satpur Colony, Nashik, Maharashtra 422012, India<br>Latitude: 20.0027036<br>Longitude: 73.7204902<br>Place_ID: ChIJ9ckt2n_s3TsRrFzZEN_EPk4<br>Source_File: Nashik_Satpur_industrial.xlsx]]></description>
      <styleUrl>#icon-1899-0288D1</styleUrl>
      <ExtendedData>
        <Data name="Category">
          <value>manufacturer</value>
        </Data>
        <Data name="Address">
          <value>Plot No. F39, MIDC Satpur, MIDC, Satpur Colony, Nashik, Maharashtra 422012, India</value>
        </Data>
        <Data name="Latitude">
          <value>20.0027036</value>
        </Data>
        <Data name="Longitude">
          <value>73.7204902</value>
        </Data>
        <Data name="Place_ID">
          <value>ChIJ9ckt2n_s3TsRrFzZEN_EPk4</value>
        </Data>
        <Data name="Source_File">
          <value>Nashik_Satpur_industrial.xlsx</value>
        </Data>
      </ExtendedData>
      <Point>
        <coordinates>
          73.7204902,20.0027036,0
        </coordinates>
      </Point>
    </Placemark>
    <Placemark>
      <name>Bright Engineering Works</name>
      <description><![CDATA[Category: manufacturer<br>Address: St. No.13, Plot No 35, MIDC, Satpur Colony, Nashik, Maharashtra 422007, India<br>Latitude: 19.9968977<br>Longitude: 73.7360904<br>Place_ID: ChIJzSoWs2Ls3TsRbkIoQnXF4-w<br>Source_File: Nashik_Satpur_industrial.xlsx]]></description>
      <styleUrl>#icon-1899-0288D1</styleUrl>
      <ExtendedData>
        <Data name="Category">
          <value>manufacturer</value>
        </Data>
        <Data name="Address">
          <value>St. No.13, Plot No 35, MIDC, Satpur Colony, Nashik, Maharashtra 422007, India</value>
        </Data>
        <Data name="Latitude">
          <value>19.9968977</value>
        </Data>
        <Data name="Longitude">
          <value>73.7360904</value>
        </Data>
        <Data name="Place_ID">
          <value>ChIJzSoWs2Ls3TsRbkIoQnXF4-w</value>
        </Data>
        <Data name="Source_File">
          <value>Nashik_Satpur_industrial.xlsx</value>
        </Data>
      </ExtendedData>
      <Point>
        <coordinates>
          73.7360904,19.9968977,0
        </coordinates>
      </Point>
    </Placemark>
    <Placemark>
      <name>Matoshri Engineering And Fabrication works</name>
      <description><![CDATA[Category: manufacturer<br>Address: 218 A SICOF plot no.69, MIDC, Satpur Colony, Nashik, Maharashtra 422007, India<br>Latitude: 19.996548<br>Longitude: 73.728829<br>Place_ID: ChIJvxSD6WHs3TsRsGsozHevUp4<br>Source_File: Nashik_Satpur_industrial.xlsx]]></description>
      <styleUrl>#icon-1899-0288D1</styleUrl>
      <ExtendedData>
        <Data name="Category">
          <value>manufacturer</value>
        </Data>
        <Data name="Address">
          <value>218 A SICOF plot no.69, MIDC, Satpur Colony, Nashik, Maharashtra 422007, India</value>
        </Data>
        <Data name="Latitude">
          <value>19.996548</value>
        </Data>
        <Data name="Longitude">
          <value>73.728829</value>
        </Data>
        <Data name="Place_ID">
          <value>ChIJvxSD6WHs3TsRsGsozHevUp4</value>
        </Data>
        <Data name="Source_File">
          <value>Nashik_Satpur_industrial.xlsx</value>
        </Data>
      </ExtendedData>
      <Point>
        <coordinates>
          73.728829,19.996548,0
        </coordinates>
      </Point>
    </Placemark>
    <Placemark>
      <name>Sai Shraddha Engineering</name>
      <description><![CDATA[Category: manufacturer<br>Address: plot no 18/P/17, Satpur MIDC Rd, behind SBI bank, MIDC, Satpur Colony, Nashik, Maharashtra 422007, India<br>Latitude: 19.9929812<br>Longitude: 73.7400415<br>Place_ID: ChIJR7jYZjjt3TsRfP8L7WIhLE4<br>Source_File: Nashik_Satpur_industrial.xlsx]]></description>
      <styleUrl>#icon-1899-0288D1</styleUrl>
      <ExtendedData>
        <Data name="Category">
          <value>manufacturer</value>
        </Data>
        <Data name="Address">
          <value>plot no 18/P/17, Satpur MIDC Rd, behind SBI bank, MIDC, Satpur Colony, Nashik, Maharashtra 422007, India</value>
        </Data>
        <Data name="Latitude">
          <value>19.9929812</value>
        </Data>
        <Data name="Longitude">
          <value>73.7400415</value>
        </Data>
        <Data name="Place_ID">
          <value>ChIJR7jYZjjt3TsRfP8L7WIhLE4</value>
        </Data>
        <Data name="Source_File">
          <value>Nashik_Satpur_industrial.xlsx</value>
        </Data>
      </ExtendedData>
      <Point>
        <coordinates>
          73.7400415,19.9929812,0
        </coordinates>
      </Point>
    </Placemark>
    <Placemark>
      <name>Avir Engineering Work</name>
      <description><![CDATA[Category: manufacturer<br>Address: Shop no 288, Plot no 69, Satpur MIDC Rd, MIDC, Satpur Colony, Nashik, Maharashtra 422007, India<br>Latitude: 19.996635<br>Longitude: 73.7282503<br>Place_ID: ChIJ0SxNmXft3TsRHhjCAlFwTow<br>Source_File: Nashik_Satpur_industrial.xlsx]]></description>
      <styleUrl>#icon-1899-0288D1</styleUrl>
      <ExtendedData>
        <Data name="Category">
          <value>manufacturer</value>
        </Data>
        <Data name="Address">
          <value>Shop no 288, Plot no 69, Satpur MIDC Rd, MIDC, Satpur Colony, Nashik, Maharashtra 422007, India</value>
        </Data>
        <Data name="Latitude">
          <value>19.996635</value>
        </Data>
        <Data name="Longitude">
          <value>73.7282503</value>
        </Data>
        <Data name="Place_ID">
          <value>ChIJ0SxNmXft3TsRHhjCAlFwTow</value>
        </Data>
        <Data name="Source_File">
          <value>Nashik_Satpur_industrial.xlsx</value>
        </Data>
      </ExtendedData>
      <Point>
        <coordinates>
          73.7282503,19.996635,0
        </coordinates>
      </Point>
    </Placemark>
    <Placemark>
      <name>Nilraj Engineering works Pvt Ltd</name>
      <description><![CDATA[Category: manufacturer<br>Address: 34/A, MIDC, Satpur Colony, Nashik, Maharashtra 422007, India<br>Latitude: 19.9968475<br>Longitude: 73.7348374<br>Place_ID: ChIJnT8RAaTt3TsRhVvOl1OVVb8<br>Source_File: Nashik_Satpur_industrial.xlsx]]></description>
      <styleUrl>#icon-1899-0288D1</styleUrl>
      <ExtendedData>
        <Data name="Category">
          <value>manufacturer</value>
        </Data>
        <Data name="Address">
          <value>34/A, MIDC, Satpur Colony, Nashik, Maharashtra 422007, India</value>
        </Data>
        <Data name="Latitude">
          <value>19.9968475</value>
        </Data>
        <Data name="Longitude">
          <value>73.7348374</value>
        </Data>
        <Data name="Place_ID">
          <value>ChIJnT8RAaTt3TsRhVvOl1OVVb8</value>
        </Data>
        <Data name="Source_File">
          <value>Nashik_Satpur_industrial.xlsx</value>
        </Data>
      </ExtendedData>
      <Point>
        <coordinates>
          73.7348374,19.9968475,0
        </coordinates>
      </Point>
    </Placemark>
    <Placemark>
      <name>Omkar Engineering Works</name>
      <description><![CDATA[Category: manufacturer<br>Address: Plot No D-20, B Road, Street 11, MIDC Rd, NICE Area, MIDC, Satpur Colony, Nashik, Maharashtra 422007, India<br>Latitude: 19.9980983<br>Longitude: 73.7430202<br>Place_ID: ChIJS-fyOgHr3TsRFa78LTP2Ac4<br>Source_File: Nashik_Satpur_industrial.xlsx]]></description>
      <styleUrl>#icon-1899-0288D1</styleUrl>
      <ExtendedData>
        <Data name="Category">
          <value>manufacturer</value>
        </Data>
        <Data name="Address">
          <value>Plot No D-20, B Road, Street 11, MIDC Rd, NICE Area, MIDC, Satpur Colony, Nashik, Maharashtra 422007, India</value>
        </Data>
        <Data name="Latitude">
          <value>19.9980983</value>
        </Data>
        <Data name="Longitude">
          <value>73.7430202</value>
        </Data>
        <Data name="Place_ID">
          <value>ChIJS-fyOgHr3TsRFa78LTP2Ac4</value>
        </Data>
        <Data name="Source_File">
          <value>Nashik_Satpur_industrial.xlsx</value>
        </Data>
      </ExtendedData>
      <Point>
        <coordinates>
          73.7430202,19.9980983,0
        </coordinates>
      </Point>
    </Placemark>
    <Placemark>
      <name>DHUMAL METALS PVT. LTD.</name>
      <description><![CDATA[Category: manufacturer<br>Address: E-36, D Rd, MIDC, Satpur Colony, Nashik, Maharashtra 422007, India<br>Latitude: 19.9956363<br>Longitude: 73.7305738<br>Place_ID: ChIJS8Tz_Yns3TsRIqb2WC7E-Uw<br>Source_File: Nashik_Satpur_industrial.xlsx]]></description>
      <styleUrl>#icon-1899-0288D1</styleUrl>
      <ExtendedData>
        <Data name="Category">
          <value>manufacturer</value>
        </Data>
        <Data name="Address">
          <value>E-36, D Rd, MIDC, Satpur Colony, Nashik, Maharashtra 422007, India</value>
        </Data>
        <Data name="Latitude">
          <value>19.9956363</value>
        </Data>
        <Data name="Longitude">
          <value>73.7305738</value>
        </Data>
        <Data name="Place_ID">
          <value>ChIJS8Tz_Yns3TsRIqb2WC7E-Uw</value>
        </Data>
        <Data name="Source_File">
          <value>Nashik_Satpur_industrial.xlsx</value>
        </Data>
      </ExtendedData>
      <Point>
        <coordinates>
          73.7305738,19.9956363,0
        </coordinates>
      </Point>
    </Placemark>
    <Placemark>
      <name>Dynamic Prestress (India) Pvt Ltd</name>
      <description><![CDATA[Category: manufacturer<br>Address: Plot No E-46 M I D C, Satpur, Satpur, MIDC, Satpur Colony, Nashik, Maharashtra 422007, India<br>Latitude: 20.0000548<br>Longitude: 73.7352398<br>Place_ID: ChIJAQAAAH3s3TsR4aifdD2ClC0<br>Source_File: Nashik_Satpur_industrial.xlsx]]></description>
      <styleUrl>#icon-1899-0288D1</styleUrl>
      <ExtendedData>
        <Data name="Category">
          <value>manufacturer</value>
        </Data>
        <Data name="Address">
          <value>Plot No E-46 M I D C, Satpur, Satpur, MIDC, Satpur Colony, Nashik, Maharashtra 422007, India</value>
        </Data>
        <Data name="Latitude">
          <value>20.0000548</value>
        </Data>
        <Data name="Longitude">
          <value>73.7352398</value>
        </Data>
        <Data name="Place_ID">
          <value>ChIJAQAAAH3s3TsR4aifdD2ClC0</value>
        </Data>
        <Data name="Source_File">
          <value>Nashik_Satpur_industrial.xlsx</value>
        </Data>
      </ExtendedData>
      <Point>
        <coordinates>
          73.7352398,20.0000548,0
        </coordinates>
      </Point>
    </Placemark>
    <Placemark>
      <name>Somesh Forge Private Limited</name>
      <description><![CDATA[Category: manufacturer<br>Address: Plot No. F-100, M I D C, Industrial Area,, , Satpur Colony, near Sunil Transport, MIDC, Satpur Colony, Nashik, Maharashtra 422012, India<br>Latitude: 20.0037861<br>Longitude: 73.7183015<br>Place_ID: ChIJ89pwhFzs3TsR62LlvHllHFE<br>Source_File: Nashik_Satpur_industrial.xlsx]]></description>
      <styleUrl>#icon-1899-0288D1</styleUrl>
      <ExtendedData>
        <Data name="Category">
          <value>manufacturer</value>
        </Data>
        <Data name="Address">
          <value>Plot No. F-100, M I D C, Industrial Area,, , Satpur Colony, near Sunil Transport, MIDC, Satpur Colony, Nashik, Maharashtra 422012, India</value>
        </Data>
        <Data name="Latitude">
          <value>20.0037861</value>
        </Data>
        <Data name="Longitude">
          <value>73.7183015</value>
        </Data>
        <Data name="Place_ID">
          <value>ChIJ89pwhFzs3TsR62LlvHllHFE</value>
        </Data>
        <Data name="Source_File">
          <value>Nashik_Satpur_industrial.xlsx</value>
        </Data>
      </ExtendedData>
      <Point>
        <coordinates>
          73.7183015,20.0037861,0
        </coordinates>
      </Point>
    </Placemark>
    <Placemark>
      <name>Shivi Chemical Technologies Pvt Ltd</name>
      <description><![CDATA[Category: manufacturer<br>Address: 18/1/2, MIDC, Satpur Colony, Nashik, Maharashtra 422007, India<br>Latitude: 19.9934903<br>Longitude: 73.7401035<br>Place_ID: ChIJKyd6UKPt3TsROgqAGx1Fgjg<br>Source_File: Nashik_Satpur_industrial.xlsx]]></description>
      <styleUrl>#icon-1899-0288D1</styleUrl>
      <ExtendedData>
        <Data name="Category">
          <value>manufacturer</value>
        </Data>
        <Data name="Address">
          <value>18/1/2, MIDC, Satpur Colony, Nashik, Maharashtra 422007, India</value>
        </Data>
        <Data name="Latitude">
          <value>19.9934903</value>
        </Data>
        <Data name="Longitude">
          <value>73.7401035</value>
        </Data>
        <Data name="Place_ID">
          <value>ChIJKyd6UKPt3TsROgqAGx1Fgjg</value>
        </Data>
        <Data name="Source_File">
          <value>Nashik_Satpur_industrial.xlsx</value>
        </Data>
      </ExtendedData>
      <Point>
        <coordinates>
          73.7401035,19.9934903,0
        </coordinates>
      </Point>
    </Placemark>
    <Placemark>
      <name>Vimson Coatings Pvt Ltd</name>
      <description><![CDATA[Category: manufacturer<br>Address: W-7, Satpur MIDC Rd, MIDC, Satpur Colony, Nashik, Maharashtra 422007, India<br>Latitude: 19.9958038<br>Longitude: 73.7305922<br>Place_ID: ChIJ1aoiB2Ls3TsRuh-DU22VsOQ<br>Source_File: Nashik_Satpur_industrial.xlsx]]></description>
      <styleUrl>#icon-1899-0288D1</styleUrl>
      <ExtendedData>
        <Data name="Category">
          <value>manufacturer</value>
        </Data>
        <Data name="Address">
          <value>W-7, Satpur MIDC Rd, MIDC, Satpur Colony, Nashik, Maharashtra 422007, India</value>
        </Data>
        <Data name="Latitude">
          <value>19.9958038</value>
        </Data>
        <Data name="Longitude">
          <value>73.7305922</value>
        </Data>
        <Data name="Place_ID">
          <value>ChIJ1aoiB2Ls3TsRuh-DU22VsOQ</value>
        </Data>
        <Data name="Source_File">
          <value>Nashik_Satpur_industrial.xlsx</value>
        </Data>
      </ExtendedData>
      <Point>
        <coordinates>
          73.7305922,19.9958038,0
        </coordinates>
      </Point>
    </Placemark>
    <Placemark>
      <name>Anand Bhagar Mill</name>
      <description><![CDATA[Category: manufacturer<br>Address: 2P2G+95P, Opp CEAT tyres, MIDC, Satpur Colony, Nashik, Maharashtra 422007, India<br>Latitude: 20.0009557<br>Longitude: 73.7254685<br>Place_ID: ChIJz4bMtGDs3TsR1plEr0irKmM<br>Source_File: Nashik_Satpur_industrial.xlsx]]></description>
      <styleUrl>#icon-1899-0288D1</styleUrl>
      <ExtendedData>
        <Data name="Category">
          <value>manufacturer</value>
        </Data>
        <Data name="Address">
          <value>2P2G+95P, Opp CEAT tyres, MIDC, Satpur Colony, Nashik, Maharashtra 422007, India</value>
        </Data>
        <Data name="Latitude">
          <value>20.0009557</value>
        </Data>
        <Data name="Longitude">
          <value>73.7254685</value>
        </Data>
        <Data name="Place_ID">
          <value>ChIJz4bMtGDs3TsR1plEr0irKmM</value>
        </Data>
        <Data name="Source_File">
          <value>Nashik_Satpur_industrial.xlsx</value>
        </Data>
      </ExtendedData>
      <Point>
        <coordinates>
          73.7254685,20.0009557,0
        </coordinates>
      </Point>
    </Placemark>
    <Placemark>
      <name>Bharat Milling Industries - Shrink Film, Electrical Grade Sleeves Manufacturer in Nashik, India</name>
      <description><![CDATA[Category: manufacturer<br>Address: Plot no A/15, NICE, MIDC Road, NICE Area, MIDC, Satpur Colony, Nashik, Maharashtra 422005, India<br>Latitude: 19.9940651<br>Longitude: 73.7458249<br>Place_ID: ChIJ6dqaA7bt3TsR5z6ntUHIOhE<br>Source_File: Nashik_Satpur_industrial.xlsx]]></description>
      <styleUrl>#icon-1899-0288D1</styleUrl>
      <ExtendedData>
        <Data name="Category">
          <value>manufacturer</value>
        </Data>
        <Data name="Address">
          <value>Plot no A/15, NICE, MIDC Road, NICE Area, MIDC, Satpur Colony, Nashik, Maharashtra 422005, India</value>
        </Data>
        <Data name="Latitude">
          <value>19.9940651</value>
        </Data>
        <Data name="Longitude">
          <value>73.7458249</value>
        </Data>
        <Data name="Place_ID">
          <value>ChIJ6dqaA7bt3TsR5z6ntUHIOhE</value>
        </Data>
        <Data name="Source_File">
          <value>Nashik_Satpur_industrial.xlsx</value>
        </Data>
      </ExtendedData>
      <Point>
        <coordinates>
          73.7458249,19.9940651,0
        </coordinates>
      </Point>
    </Placemark>
    <Placemark>
      <name>Carbonext India Pvt Ltd</name>
      <description><![CDATA[Category: manufacturer<br>Address: D85, opp. NIWEC, NICE Area, MIDC, Satpur Colony, Nashik, Maharashtra 422007, India<br>Latitude: 19.9998965<br>Longitude: 73.7405524<br>Place_ID: ChIJN99wio7r3TsRe4acEjzVICc<br>Source_File: Nashik_Satpur_industrial.xlsx]]></description>
      <styleUrl>#icon-1899-0288D1</styleUrl>
      <ExtendedData>
        <Data name="Category">
          <value>manufacturer</value>
        </Data>
        <Data name="Address">
          <value>D85, opp. NIWEC, NICE Area, MIDC, Satpur Colony, Nashik, Maharashtra 422007, India</value>
        </Data>
        <Data name="Latitude">
          <value>19.9998965</value>
        </Data>
        <Data name="Longitude">
          <value>73.7405524</value>
        </Data>
        <Data name="Place_ID">
          <value>ChIJN99wio7r3TsRe4acEjzVICc</value>
        </Data>
        <Data name="Source_File">
          <value>Nashik_Satpur_industrial.xlsx</value>
        </Data>
      </ExtendedData>
      <Point>
        <coordinates>
          73.7405524,19.9998965,0
        </coordinates>
      </Point>
    </Placemark>
    <Placemark>
      <name>Supreme Equipments Pvt. Ltd. ( Global Pioneer in Automated and Innovative Poultry Solution)</name>
      <description><![CDATA[Category: manufacturer<br>Address: Plot No B-63, NICE Area, MIDC, Satpur Colony, Nashik, Maharashtra 422005, India<br>Latitude: 19.9949591<br>Longitude: 73.7454025<br>Place_ID: ChIJRYdWuLfq3TsRuJ-YSv2eUoc<br>Source_File: Nashik_Satpur_industrial.xlsx]]></description>
      <styleUrl>#icon-1899-0288D1</styleUrl>
      <ExtendedData>
        <Data name="Category">
          <value>manufacturer</value>
        </Data>
        <Data name="Address">
          <value>Plot No B-63, NICE Area, MIDC, Satpur Colony, Nashik, Maharashtra 422005, India</value>
        </Data>
        <Data name="Latitude">
          <value>19.9949591</value>
        </Data>
        <Data name="Longitude">
          <value>73.7454025</value>
        </Data>
        <Data name="Place_ID">
          <value>ChIJRYdWuLfq3TsRuJ-YSv2eUoc</value>
        </Data>
        <Data name="Source_File">
          <value>Nashik_Satpur_industrial.xlsx</value>
        </Data>
      </ExtendedData>
      <Point>
        <coordinates>
          73.7454025,19.9949591,0
        </coordinates>
      </Point>
    </Placemark>
    <Placemark>
      <name><![CDATA[Swami Integrated Road & Industrial Solutions (SIRIS)]]></name>
      <description><![CDATA[Category: manufacturer<br>Address: F-42, Satpur MIDC Main Rd, near Annapurna Guest House, MIDC, Satpur Colony, Nashik, Maharashtra 422012, India<br>Latitude: 20.0019192<br>Longitude: 73.7203504<br>Place_ID: ChIJ4xj_2l7t3TsRF9B7itlDlzg<br>Source_File: Nashik_Trimbak_Road_industrial.xlsx]]></description>
      <styleUrl>#icon-1899-0288D1</styleUrl>
      <ExtendedData>
        <Data name="Category">
          <value>manufacturer</value>
        </Data>
        <Data name="Address">
          <value>F-42, Satpur MIDC Main Rd, near Annapurna Guest House, MIDC, Satpur Colony, Nashik, Maharashtra 422012, India</value>
        </Data>
        <Data name="Latitude">
          <value>20.0019192</value>
        </Data>
        <Data name="Longitude">
          <value>73.7203504</value>
        </Data>
        <Data name="Place_ID">
          <value>ChIJ4xj_2l7t3TsRF9B7itlDlzg</value>
        </Data>
        <Data name="Source_File">
          <value>Nashik_Trimbak_Road_industrial.xlsx</value>
        </Data>
      </ExtendedData>
      <Point>
        <coordinates>
          73.7203504,20.0019192,0
        </coordinates>
      </Point>
    </Placemark>
    <Placemark>
      <name>SAPTASAI INDUSTRIES</name>
      <description><![CDATA[Category: manufacturer<br>Address: F73, Satpur MIDC Main Rd, MIDC, Satpur Colony, Nashik, Maharashtra 422012, India<br>Latitude: 20.0037548<br>Longitude: 73.7165626<br>Place_ID: ChIJP9dkRCft3TsRs3gaPTKjK2A<br>Source_File: Nashik_Trimbak_Road_industrial.xlsx]]></description>
      <styleUrl>#icon-1899-0288D1</styleUrl>
      <ExtendedData>
        <Data name="Category">
          <value>manufacturer</value>
        </Data>
        <Data name="Address">
          <value>F73, Satpur MIDC Main Rd, MIDC, Satpur Colony, Nashik, Maharashtra 422012, India</value>
        </Data>
        <Data name="Latitude">
          <value>20.0037548</value>
        </Data>
        <Data name="Longitude">
          <value>73.7165626</value>
        </Data>
        <Data name="Place_ID">
          <value>ChIJP9dkRCft3TsRs3gaPTKjK2A</value>
        </Data>
        <Data name="Source_File">
          <value>Nashik_Trimbak_Road_industrial.xlsx</value>
        </Data>
      </ExtendedData>
      <Point>
        <coordinates>
          73.7165626,20.0037548,0
        </coordinates>
      </Point>
    </Placemark>
    <Placemark>
      <name>Aarya Industries</name>
      <description><![CDATA[Category: manufacturer<br>Address: H-24, MIDC, Satpur Colony, Nashik, Maharashtra 422012, India<br>Latitude: 20.0040636<br>Longitude: 73.7123478<br>Place_ID: ChIJq48zJSvt3TsRFXkMxCPCHw0<br>Source_File: Nashik_Trimbak_Road_industrial.xlsx]]></description>
      <styleUrl>#icon-1899-0288D1</styleUrl>
      <ExtendedData>
        <Data name="Category">
          <value>manufacturer</value>
        </Data>
        <Data name="Address">
          <value>H-24, MIDC, Satpur Colony, Nashik, Maharashtra 422012, India</value>
        </Data>
        <Data name="Latitude">
          <value>20.0040636</value>
        </Data>
        <Data name="Longitude">
          <value>73.7123478</value>
        </Data>
        <Data name="Place_ID">
          <value>ChIJq48zJSvt3TsRFXkMxCPCHw0</value>
        </Data>
        <Data name="Source_File">
          <value>Nashik_Trimbak_Road_industrial.xlsx</value>
        </Data>
      </ExtendedData>
      <Point>
        <coordinates>
          73.7123478,20.0040636,0
        </coordinates>
      </Point>
    </Placemark>
    <Placemark>
      <name>Jyoti Transformers</name>
      <description><![CDATA[Category: manufacturer<br>Address: Plot no 69, Unit no-190, Sicof, Satpur MIDC Rd, MIDC, Satpur Colony, Nashik, Maharashtra 422007, India<br>Latitude: 19.9968574<br>Longitude: 73.7283646<br>Place_ID: ChIJAQAAAH3s3TsRFjvyKfzn4c8<br>Source_File: Nashik_Trimbak_Road_industrial.xlsx]]></description>
      <styleUrl>#icon-1899-0288D1</styleUrl>
      <ExtendedData>
        <Data name="Category">
          <value>manufacturer</value>
        </Data>
        <Data name="Address">
          <value>Plot no 69, Unit no-190, Sicof, Satpur MIDC Rd, MIDC, Satpur Colony, Nashik, Maharashtra 422007, India</value>
        </Data>
        <Data name="Latitude">
          <value>19.9968574</value>
        </Data>
        <Data name="Longitude">
          <value>73.7283646</value>
        </Data>
        <Data name="Place_ID">
          <value>ChIJAQAAAH3s3TsRFjvyKfzn4c8</value>
        </Data>
        <Data name="Source_File">
          <value>Nashik_Trimbak_Road_industrial.xlsx</value>
        </Data>
      </ExtendedData>
      <Point>
        <coordinates>
          73.7283646,19.9968574,0
        </coordinates>
      </Point>
    </Placemark>
    <Placemark>
      <name>SAMAR ENGINEERING AND RIVETING WORKS</name>
      <description><![CDATA[Category: manufacturer<br>Address: Papaya's Nursery, Trambakeshwar Rd, Ashoknagar, Satpur Colony, Nashik, Maharashtra 422007, India<br>Latitude: 19.9872214<br>Longitude: 73.7226546<br>Place_ID: ChIJZ9KtEeTt3TsRzPKlRFgJSLc<br>Source_File: Nashik_Trimbak_Road_industrial.xlsx]]></description>
      <styleUrl>#icon-1899-0288D1</styleUrl>
      <ExtendedData>
        <Data name="Category">
          <value>manufacturer</value>
        </Data>
        <Data name="Address">
          <value><![CDATA[Papaya's Nursery, Trambakeshwar Rd, Ashoknagar, Satpur Colony, Nashik, Maharashtra 422007, India]]></value>
        </Data>
        <Data name="Latitude">
          <value>19.9872214</value>
        </Data>
        <Data name="Longitude">
          <value>73.7226546</value>
        </Data>
        <Data name="Place_ID">
          <value>ChIJZ9KtEeTt3TsRzPKlRFgJSLc</value>
        </Data>
        <Data name="Source_File">
          <value>Nashik_Trimbak_Road_industrial.xlsx</value>
        </Data>
      </ExtendedData>
      <Point>
        <coordinates>
          73.7226546,19.9872214,0
        </coordinates>
      </Point>
    </Placemark>
    <Placemark>
      <name>SUYOG CHEMICALS INDUSTRIES</name>
      <description><![CDATA[Category: premise<br>Address: SUYOG CHEMICALS INDUSTRIES, B73, NICE Area, MIDC, Satpur Colony, Nashik, Maharashtra 422005, India<br>Latitude: 19.9978979<br>Longitude: 73.746864<br>Place_ID: ChIJm5tb5X_s3TsRyNttTJqwRVE<br>Source_File: Nashik_Satpur_industrial.xlsx]]></description>
      <styleUrl>#icon-1899-0288D1</styleUrl>
      <ExtendedData>
        <Data name="Category">
          <value>premise</value>
        </Data>
        <Data name="Address">
          <value>SUYOG CHEMICALS INDUSTRIES, B73, NICE Area, MIDC, Satpur Colony, Nashik, Maharashtra 422005, India</value>
        </Data>
        <Data name="Latitude">
          <value>19.9978979</value>
        </Data>
        <Data name="Longitude">
          <value>73.746864</value>
        </Data>
        <Data name="Place_ID">
          <value>ChIJm5tb5X_s3TsRyNttTJqwRVE</value>
        </Data>
        <Data name="Source_File">
          <value>Nashik_Satpur_industrial.xlsx</value>
        </Data>
      </ExtendedData>
      <Point>
        <coordinates>
          73.746864,19.9978979,0
        </coordinates>
      </Point>
    </Placemark>
    <Placemark>
      <name>Shrimati Muktabai Babanrao Sangale Shopping Complex</name>
      <description><![CDATA[Category: premise<br>Address: Shrimati Muktabai Babanrao Sangale Shopping Complex, Bhandure Rd, Satpur Gaon, Satpur Colony, Nashik, Maharashtra 422007, India<br>Latitude: 19.9903582<br>Longitude: 73.7334201<br>Place_ID: ChIJdSeR04js3TsRX6JxZ2chl_g<br>Source_File: Nashik_Satpur_establishments.xlsx]]></description>
      <styleUrl>#icon-1899-0288D1</styleUrl>
      <ExtendedData>
        <Data name="Category">
          <value>premise</value>
        </Data>
        <Data name="Address">
          <value>Shrimati Muktabai Babanrao Sangale Shopping Complex, Bhandure Rd, Satpur Gaon, Satpur Colony, Nashik, Maharashtra 422007, India</value>
        </Data>
        <Data name="Latitude">
          <value>19.9903582</value>
        </Data>
        <Data name="Longitude">
          <value>73.7334201</value>
        </Data>
        <Data name="Place_ID">
          <value>ChIJdSeR04js3TsRX6JxZ2chl_g</value>
        </Data>
        <Data name="Source_File">
          <value>Nashik_Satpur_establishments.xlsx</value>
        </Data>
      </ExtendedData>
      <Point>
        <coordinates>
          73.7334201,19.9903582,0
        </coordinates>
      </Point>
    </Placemark>
    <Placemark>
      <name>Sem Industrial Syndicate</name>
      <description><![CDATA[Category: corporate_office<br>Address: 2Q5R+MJ2, Panchavati, Nashik, Maharashtra 422003, India<br>Latitude: 20.00914<br>Longitude: 73.7915106<br>Place_ID: ChIJA1i0jazr3TsRfcGmvtzYFjQ<br>Source_File: Nashik_Panchavati_industrial.xlsx]]></description>
      <styleUrl>#icon-1899-0288D1</styleUrl>
      <ExtendedData>
        <Data name="Category">
          <value>corporate_office</value>
        </Data>
        <Data name="Address">
          <value>2Q5R+MJ2, Panchavati, Nashik, Maharashtra 422003, India</value>
        </Data>
        <Data name="Latitude">
          <value>20.00914</value>
        </Data>
        <Data name="Longitude">
          <value>73.7915106</value>
        </Data>
        <Data name="Place_ID">
          <value>ChIJA1i0jazr3TsRfcGmvtzYFjQ</value>
        </Data>
        <Data name="Source_File">
          <value>Nashik_Panchavati_industrial.xlsx</value>
        </Data>
      </ExtendedData>
      <Point>
        <coordinates>
          73.7915106,20.00914,0
        </coordinates>
      </Point>
    </Placemark>
    <Placemark>
      <name>Bipin Textile</name>
      <description><![CDATA[Category: manufacturer<br>Address: 2Q3Q+RWF, Shukla Ln, Bohorpatti, Saraf Bazar, Panchavati, Nashik, Maharashtra 422001, India<br>Latitude: 20.0048544<br>Longitude: 73.7898116<br>Place_ID: ChIJ6UoSIljr3TsRTiEzUTXuDzc<br>Source_File: Nashik_College_Road_industrial.xlsx]]></description>
      <styleUrl>#icon-1899-0288D1</styleUrl>
      <ExtendedData>
        <Data name="Category">
          <value>manufacturer</value>
        </Data>
        <Data name="Address">
          <value>2Q3Q+RWF, Shukla Ln, Bohorpatti, Saraf Bazar, Panchavati, Nashik, Maharashtra 422001, India</value>
        </Data>
        <Data name="Latitude">
          <value>20.0048544</value>
        </Data>
        <Data name="Longitude">
          <value>73.7898116</value>
        </Data>
        <Data name="Place_ID">
          <value>ChIJ6UoSIljr3TsRTiEzUTXuDzc</value>
        </Data>
        <Data name="Source_File">
          <value>Nashik_College_Road_industrial.xlsx</value>
        </Data>
      </ExtendedData>
      <Point>
        <coordinates>
          73.7898116,20.0048544,0
        </coordinates>
      </Point>
    </Placemark>
    <Placemark>
      <name>S.Kumar Tailors Fabrics</name>
      <description><![CDATA[Category: manufacturer<br>Address: 2Q5V+FR4, Panchavati Karanja, Panchavati, Nashik, Maharashtra 422003, India<br>Latitude: 20.0086287<br>Longitude: 73.7945698<br>Place_ID: ChIJjz1qtKzr3TsRbcROlM9R5eI<br>Source_File: Nashik_Dwarka_industrial.xlsx]]></description>
      <styleUrl>#icon-1899-0288D1</styleUrl>
      <ExtendedData>
        <Data name="Category">
          <value>manufacturer</value>
        </Data>
        <Data name="Address">
          <value>2Q5V+FR4, Panchavati Karanja, Panchavati, Nashik, Maharashtra 422003, India</value>
        </Data>
        <Data name="Latitude">
          <value>20.0086287</value>
        </Data>
        <Data name="Longitude">
          <value>73.7945698</value>
        </Data>
        <Data name="Place_ID">
          <value>ChIJjz1qtKzr3TsRbcROlM9R5eI</value>
        </Data>
        <Data name="Source_File">
          <value>Nashik_Dwarka_industrial.xlsx</value>
        </Data>
      </ExtendedData>
      <Point>
        <coordinates>
          73.7945698,20.0086287,0
        </coordinates>
      </Point>
    </Placemark>
    <Placemark>
      <name>Janvi Steel</name>
      <description><![CDATA[Category: manufacturer<br>Address: 2Q9V+5C3, Peth Rd, Bhakti Dham, Navnath Nagar, Nashik, Maharashtra 422003, India<br>Latitude: 20.0178999<br>Longitude: 73.793538<br>Place_ID: ChIJW2w2QrPr3TsRvMpROpRi5l8<br>Source_File: Nashik_Makhmalabad_industrial.xlsx]]></description>
      <styleUrl>#icon-1899-0288D1</styleUrl>
      <ExtendedData>
        <Data name="Category">
          <value>manufacturer</value>
        </Data>
        <Data name="Address">
          <value>2Q9V+5C3, Peth Rd, Bhakti Dham, Navnath Nagar, Nashik, Maharashtra 422003, India</value>
        </Data>
        <Data name="Latitude">
          <value>20.0178999</value>
        </Data>
        <Data name="Longitude">
          <value>73.793538</value>
        </Data>
        <Data name="Place_ID">
          <value>ChIJW2w2QrPr3TsRvMpROpRi5l8</value>
        </Data>
        <Data name="Source_File">
          <value>Nashik_Makhmalabad_industrial.xlsx</value>
        </Data>
      </ExtendedData>
      <Point>
        <coordinates>
          73.793538,20.0178999,0
        </coordinates>
      </Point>
    </Placemark>
    <Placemark>
      <name>Bapu Machinery</name>
      <description><![CDATA[Category: manufacturer<br>Address: Shop No.1, Malegaon Stand, Panchavati, Nashik, Maharashtra 422003, India<br>Latitude: 20.0094488<br>Longitude: 73.7918099<br>Place_ID: ChIJKV1cEm_r3TsRzhSXhbhS-ik<br>Source_File: Nashik_Panchavati_industrial.xlsx]]></description>
      <styleUrl>#icon-1899-0288D1</styleUrl>
      <ExtendedData>
        <Data name="Category">
          <value>manufacturer</value>
        </Data>
        <Data name="Address">
          <value>Shop No.1, Malegaon Stand, Panchavati, Nashik, Maharashtra 422003, India</value>
        </Data>
        <Data name="Latitude">
          <value>20.0094488</value>
        </Data>
        <Data name="Longitude">
          <value>73.7918099</value>
        </Data>
        <Data name="Place_ID">
          <value>ChIJKV1cEm_r3TsRzhSXhbhS-ik</value>
        </Data>
        <Data name="Source_File">
          <value>Nashik_Panchavati_industrial.xlsx</value>
        </Data>
      </ExtendedData>
      <Point>
        <coordinates>
          73.7918099,20.0094488,0
        </coordinates>
      </Point>
    </Placemark>
    <Placemark>
      <name>Kapikul Mechatronics Pvt Ltd</name>
      <description><![CDATA[Category: manufacturer<br>Address: Panchavati, Nashik, Maharashtra 422003, India<br>Latitude: 20.0077994<br>Longitude: 73.7931544<br>Place_ID: ChIJGbIamazr3TsRYjiplCOMVjk<br>Source_File: Nashik_Panchavati_industrial.xlsx]]></description>
      <styleUrl>#icon-1899-0288D1</styleUrl>
      <ExtendedData>
        <Data name="Category">
          <value>manufacturer</value>
        </Data>
        <Data name="Address">
          <value>Panchavati, Nashik, Maharashtra 422003, India</value>
        </Data>
        <Data name="Latitude">
          <value>20.0077994</value>
        </Data>
        <Data name="Longitude">
          <value>73.7931544</value>
        </Data>
        <Data name="Place_ID">
          <value>ChIJGbIamazr3TsRYjiplCOMVjk</value>
        </Data>
        <Data name="Source_File">
          <value>Nashik_Panchavati_industrial.xlsx</value>
        </Data>
      </ExtendedData>
      <Point>
        <coordinates>
          73.7931544,20.0077994,0
        </coordinates>
      </Point>
    </Placemark>
    <Placemark>
      <name>chopda Industries</name>
      <description><![CDATA[Category: manufacturer<br>Address: Dindori Rd, Adityakunj Society, Panchavati, Nashik, Maharashtra 422003, India<br>Latitude: 20.0150956<br>Longitude: 73.7969601<br>Place_ID: ChIJS-fyOgHr3TsROFaXt-s4Nfo<br>Source_File: Nashik_Panchavati_industrial.xlsx]]></description>
      <styleUrl>#icon-1899-0288D1</styleUrl>
      <ExtendedData>
        <Data name="Category">
          <value>manufacturer</value>
        </Data>
        <Data name="Address">
          <value>Dindori Rd, Adityakunj Society, Panchavati, Nashik, Maharashtra 422003, India</value>
        </Data>
        <Data name="Latitude">
          <value>20.0150956</value>
        </Data>
        <Data name="Longitude">
          <value>73.7969601</value>
        </Data>
        <Data name="Place_ID">
          <value>ChIJS-fyOgHr3TsROFaXt-s4Nfo</value>
        </Data>
        <Data name="Source_File">
          <value>Nashik_Panchavati_industrial.xlsx</value>
        </Data>
      </ExtendedData>
      <Point>
        <coordinates>
          73.7969601,20.0150956,0
        </coordinates>
      </Point>
    </Placemark>
    <Placemark>
      <name>Sai krupa machinery and tools - Best machinery and tool shop in Nashik</name>
      <description><![CDATA[Category: manufacturer<br>Address: bus stand, Malegaon Rd, near a signal, Malegaon Stand, Panchavati, Nashik, Maharashtra 422003, India<br>Latitude: 20.0094142<br>Longitude: 73.7924171<br>Place_ID: ChIJt8EAheHr3TsRPiwkGEWf5_g<br>Source_File: Nashik_Panchavati_industrial.xlsx]]></description>
      <styleUrl>#icon-1899-0288D1</styleUrl>
      <ExtendedData>
        <Data name="Category">
          <value>manufacturer</value>
        </Data>
        <Data name="Address">
          <value>bus stand, Malegaon Rd, near a signal, Malegaon Stand, Panchavati, Nashik, Maharashtra 422003, India</value>
        </Data>
        <Data name="Latitude">
          <value>20.0094142</value>
        </Data>
        <Data name="Longitude">
          <value>73.7924171</value>
        </Data>
        <Data name="Place_ID">
          <value>ChIJt8EAheHr3TsRPiwkGEWf5_g</value>
        </Data>
        <Data name="Source_File">
          <value>Nashik_Panchavati_industrial.xlsx</value>
        </Data>
      </ExtendedData>
      <Point>
        <coordinates>
          73.7924171,20.0094142,0
        </coordinates>
      </Point>
    </Placemark>
    <Placemark>
      <name>Shripad industries</name>
      <description><![CDATA[Category: manufacturer<br>Address: 95,mauli nivas ,opp joshi hospital,rajpal colony, Makhmalabad Naka, Panchavati, Nashik, Maharashtra 422003, India<br>Latitude: 20.0150544<br>Longitude: 73.7898745<br>Place_ID: ChIJGdETeDvr3TsRdXEeoat8eRw<br>Source_File: Nashik_Panchavati_industrial.xlsx]]></description>
      <styleUrl>#icon-1899-0288D1</styleUrl>
      <ExtendedData>
        <Data name="Category">
          <value>manufacturer</value>
        </Data>
        <Data name="Address">
          <value>95,mauli nivas ,opp joshi hospital,rajpal colony, Makhmalabad Naka, Panchavati, Nashik, Maharashtra 422003, India</value>
        </Data>
        <Data name="Latitude">
          <value>20.0150544</value>
        </Data>
        <Data name="Longitude">
          <value>73.7898745</value>
        </Data>
        <Data name="Place_ID">
          <value>ChIJGdETeDvr3TsRdXEeoat8eRw</value>
        </Data>
        <Data name="Source_File">
          <value>Nashik_Panchavati_industrial.xlsx</value>
        </Data>
      </ExtendedData>
      <Point>
        <coordinates>
          73.7898745,20.0150544,0
        </coordinates>
      </Point>
    </Placemark>
    <Placemark>
      <name>Decent Uniforms Factory</name>
      <description><![CDATA[Category: manufacturer<br>Address: 2nd Floor, Moti Super Market, Peth Rd, Roni Nagar, Panchavati, Nashik, Maharashtra 422003, India<br>Latitude: 20.0149652<br>Longitude: 73.7936023<br>Place_ID: ChIJS-fyOgHr3TsRE0cscsvuXk8<br>Source_File: Nashik_Panchavati_industrial.xlsx]]></description>
      <styleUrl>#icon-1899-0288D1</styleUrl>
      <ExtendedData>
        <Data name="Category">
          <value>manufacturer</value>
        </Data>
        <Data name="Address">
          <value>2nd Floor, Moti Super Market, Peth Rd, Roni Nagar, Panchavati, Nashik, Maharashtra 422003, India</value>
        </Data>
        <Data name="Latitude">
          <value>20.0149652</value>
        </Data>
        <Data name="Longitude">
          <value>73.7936023</value>
        </Data>
        <Data name="Place_ID">
          <value>ChIJS-fyOgHr3TsRE0cscsvuXk8</value>
        </Data>
        <Data name="Source_File">
          <value>Nashik_Panchavati_industrial.xlsx</value>
        </Data>
      </ExtendedData>
      <Point>
        <coordinates>
          73.7936023,20.0149652,0
        </coordinates>
      </Point>
    </Placemark>
    <Placemark>
      <name>Heena Udyog - Best Papad Machine</name>
      <description><![CDATA[Category: manufacturer<br>Address: Vaishnav Rd, Malegaon Motor Stand, Panchavati, Nashik, Maharashtra 422003, India<br>Latitude: 20.0092251<br>Longitude: 73.7920893<br>Place_ID: ChIJQwoD96zr3TsRzRCN2JWsauo<br>Source_File: Nashik_Panchavati_industrial.xlsx]]></description>
      <styleUrl>#icon-1899-0288D1</styleUrl>
      <ExtendedData>
        <Data name="Category">
          <value>manufacturer</value>
        </Data>
        <Data name="Address">
          <value>Vaishnav Rd, Malegaon Motor Stand, Panchavati, Nashik, Maharashtra 422003, India</value>
        </Data>
        <Data name="Latitude">
          <value>20.0092251</value>
        </Data>
        <Data name="Longitude">
          <value>73.7920893</value>
        </Data>
        <Data name="Place_ID">
          <value>ChIJQwoD96zr3TsRzRCN2JWsauo</value>
        </Data>
        <Data name="Source_File">
          <value>Nashik_Panchavati_industrial.xlsx</value>
        </Data>
      </ExtendedData>
      <Point>
        <coordinates>
          73.7920893,20.0092251,0
        </coordinates>
      </Point>
    </Placemark>
    <Placemark>
      <name>Usha Machinery and Electric Stores</name>
      <description><![CDATA[Category: manufacturer<br>Address: near Ahilyabai Holkar Bridge, Malegaon Motor Stand, Panchavati, Nashik, Maharashtra 422003, India<br>Latitude: 20.0091399<br>Longitude: 73.7915105<br>Place_ID: ChIJzZCVtObr3TsRUj4cQgK6nWA<br>Source_File: Nashik_Panchavati_industrial.xlsx]]></description>
      <styleUrl>#icon-1899-0288D1</styleUrl>
      <ExtendedData>
        <Data name="Category">
          <value>manufacturer</value>
        </Data>
        <Data name="Address">
          <value>near Ahilyabai Holkar Bridge, Malegaon Motor Stand, Panchavati, Nashik, Maharashtra 422003, India</value>
        </Data>
        <Data name="Latitude">
          <value>20.0091399</value>
        </Data>
        <Data name="Longitude">
          <value>73.7915105</value>
        </Data>
        <Data name="Place_ID">
          <value>ChIJzZCVtObr3TsRUj4cQgK6nWA</value>
        </Data>
        <Data name="Source_File">
          <value>Nashik_Panchavati_industrial.xlsx</value>
        </Data>
      </ExtendedData>
      <Point>
        <coordinates>
          73.7915105,20.0091399,0
        </coordinates>
      </Point>
    </Placemark>
    <Placemark>
      <name>Think 3D Art Zone laser cutting service.</name>
      <description><![CDATA[Category: manufacturer<br>Address: Neminath bunglow, Makhmalabad Naka, behind shivani heights building, Panchavati, Nashik, Maharashtra 422003, India<br>Latitude: 20.0134562<br>Longitude: 73.7896392<br>Place_ID: ChIJLadRfqDt3TsRo569tNg3KyE<br>Source_File: Nashik_Panchavati_industrial.xlsx]]></description>
      <styleUrl>#icon-1899-0288D1</styleUrl>
      <ExtendedData>
        <Data name="Category">
          <value>manufacturer</value>
        </Data>
        <Data name="Address">
          <value>Neminath bunglow, Makhmalabad Naka, behind shivani heights building, Panchavati, Nashik, Maharashtra 422003, India</value>
        </Data>
        <Data name="Latitude">
          <value>20.0134562</value>
        </Data>
        <Data name="Longitude">
          <value>73.7896392</value>
        </Data>
        <Data name="Place_ID">
          <value>ChIJLadRfqDt3TsRo569tNg3KyE</value>
        </Data>
        <Data name="Source_File">
          <value>Nashik_Panchavati_industrial.xlsx</value>
        </Data>
      </ExtendedData>
      <Point>
        <coordinates>
          73.7896392,20.0134562,0
        </coordinates>
      </Point>
    </Placemark>
    <Placemark>
      <name>Dhara Industries in Nashik</name>
      <description><![CDATA[Category: manufacturer<br>Address: Dhara Industries Stores, nr. Victoria Bridge, Malegaon Motor Stand, Pan, Nashik, Maharashtra 422003, India<br>Latitude: 20.0101037<br>Longitude: 73.7915477<br>Place_ID: ChIJl3CxrK3r3TsRERVf9548BSA<br>Source_File: Nashik_Panchavati_industrial.xlsx]]></description>
      <styleUrl>#icon-1899-0288D1</styleUrl>
      <ExtendedData>
        <Data name="Category">
          <value>manufacturer</value>
        </Data>
        <Data name="Address">
          <value>Dhara Industries Stores, nr. Victoria Bridge, Malegaon Motor Stand, Pan, Nashik, Maharashtra 422003, India</value>
        </Data>
        <Data name="Latitude">
          <value>20.0101037</value>
        </Data>
        <Data name="Longitude">
          <value>73.7915477</value>
        </Data>
        <Data name="Place_ID">
          <value>ChIJl3CxrK3r3TsRERVf9548BSA</value>
        </Data>
        <Data name="Source_File">
          <value>Nashik_Panchavati_industrial.xlsx</value>
        </Data>
      </ExtendedData>
      <Point>
        <coordinates>
          73.7915477,20.0101037,0
        </coordinates>
      </Point>
    </Placemark>
    <Placemark>
      <name>J K Group</name>
      <description><![CDATA[Category: manufacturer<br>Address: 1, Ground Floor, Saiguru Bunglow, Rajpal Colony, Makhamalabad Naka,, Panchawati,, Rohini Nagar, Panchavati, Nashik, Maharashtra 422003, India<br>Latitude: 20.0156778<br>Longitude: 73.7904965<br>Place_ID: ChIJp15XtbPr3TsRRjPyZWu39yc<br>Source_File: Nashik_Tapovan_industrial.xlsx]]></description>
      <styleUrl>#icon-1899-0288D1</styleUrl>
      <ExtendedData>
        <Data name="Category">
          <value>manufacturer</value>
        </Data>
        <Data name="Address">
          <value>1, Ground Floor, Saiguru Bunglow, Rajpal Colony, Makhamalabad Naka,, Panchawati,, Rohini Nagar, Panchavati, Nashik, Maharashtra 422003, India</value>
        </Data>
        <Data name="Latitude">
          <value>20.0156778</value>
        </Data>
        <Data name="Longitude">
          <value>73.7904965</value>
        </Data>
        <Data name="Place_ID">
          <value>ChIJp15XtbPr3TsRRjPyZWu39yc</value>
        </Data>
        <Data name="Source_File">
          <value>Nashik_Tapovan_industrial.xlsx</value>
        </Data>
      </ExtendedData>
      <Point>
        <coordinates>
          73.7904965,20.0156778,0
        </coordinates>
      </Point>
    </Placemark>
    <Placemark>
      <name>M R TRADERS factory outlet</name>
      <description><![CDATA[Category: general_contractor<br>Address: Sambhaji nagar road, nandur naka, Nashik, Maharashtra 422003, India<br>Latitude: 20.0046642<br>Longitude: 73.8318784<br>Place_ID: ChIJdThqV-nr3TsRRi6eRj1SRY4<br>Source_File: Nashik_Nandur_Naka_industrial.xlsx]]></description>
      <styleUrl>#icon-1899-0288D1</styleUrl>
      <ExtendedData>
        <Data name="Category">
          <value>general_contractor</value>
        </Data>
        <Data name="Address">
          <value>Sambhaji nagar road, nandur naka, Nashik, Maharashtra 422003, India</value>
        </Data>
        <Data name="Latitude">
          <value>20.0046642</value>
        </Data>
        <Data name="Longitude">
          <value>73.8318784</value>
        </Data>
        <Data name="Place_ID">
          <value>ChIJdThqV-nr3TsRRi6eRj1SRY4</value>
        </Data>
        <Data name="Source_File">
          <value>Nashik_Nandur_Naka_industrial.xlsx</value>
        </Data>
      </ExtendedData>
      <Point>
        <coordinates>
          73.8318784,20.0046642,0
        </coordinates>
      </Point>
    </Placemark>
    <Placemark>
      <name>vikas metal industries</name>
      <description><![CDATA[Category: manufacturer<br>Address: NEW ADGAON NAKA B/H N.L, GANDHI PETROL PUMP, 3, Adgaon Naka, Panchavati, Nashik, Maharashtra 422003, India<br>Latitude: 20.0101438<br>Longitude: 73.8080869<br>Place_ID: ChIJkYIFCe3r3TsRqNuGnwRcAHQ<br>Source_File: Nashik_Dwarka_industrial.xlsx]]></description>
      <styleUrl>#icon-1899-0288D1</styleUrl>
      <ExtendedData>
        <Data name="Category">
          <value>manufacturer</value>
        </Data>
        <Data name="Address">
          <value>NEW ADGAON NAKA B/H N.L, GANDHI PETROL PUMP, 3, Adgaon Naka, Panchavati, Nashik, Maharashtra 422003, India</value>
        </Data>
        <Data name="Latitude">
          <value>20.0101438</value>
        </Data>
        <Data name="Longitude">
          <value>73.8080869</value>
        </Data>
        <Data name="Place_ID">
          <value>ChIJkYIFCe3r3TsRqNuGnwRcAHQ</value>
        </Data>
        <Data name="Source_File">
          <value>Nashik_Dwarka_industrial.xlsx</value>
        </Data>
      </ExtendedData>
      <Point>
        <coordinates>
          73.8080869,20.0101438,0
        </coordinates>
      </Point>
    </Placemark>
    <Placemark>
      <name>SHREE DATTA PACKAGING</name>
      <description><![CDATA[Category: manufacturer<br>Address: H NO.393/1 S NO.84/06/02 NANDUR VARVANDI ROAD, JAIL ROAD, near ASHIRWAD LAWNS, opp. SANAP FARMHOUSE, Nandur Naka, Nashik, Maharashtra 422003, India<br>Latitude: 20.0094131<br>Longitude: 73.836486<br>Place_ID: ChIJRRPyiMvr3TsROdZvGJYyr8E<br>Source_File: Nashik_Nandur_Naka_industrial.xlsx]]></description>
      <styleUrl>#icon-1899-0288D1</styleUrl>
      <ExtendedData>
        <Data name="Category">
          <value>manufacturer</value>
        </Data>
        <Data name="Address">
          <value>H NO.393/1 S NO.84/06/02 NANDUR VARVANDI ROAD, JAIL ROAD, near ASHIRWAD LAWNS, opp. SANAP FARMHOUSE, Nandur Naka, Nashik, Maharashtra 422003, India</value>
        </Data>
        <Data name="Latitude">
          <value>20.0094131</value>
        </Data>
        <Data name="Longitude">
          <value>73.836486</value>
        </Data>
        <Data name="Place_ID">
          <value>ChIJRRPyiMvr3TsROdZvGJYyr8E</value>
        </Data>
        <Data name="Source_File">
          <value>Nashik_Nandur_Naka_industrial.xlsx</value>
        </Data>
      </ExtendedData>
      <Point>
        <coordinates>
          73.836486,20.0094131,0
        </coordinates>
      </Point>
    </Placemark>
    <Placemark>
      <name>UMIYA INDUSTRIAL SUPPLIERS</name>
      <description><![CDATA[Category: manufacturer<br>Address: MUMBAI AGRA ROAD NEAR BALI MANDIR BEHIND PARK SIDE RESIDENCE, PLOT NO 2, TIMBER ZONE, Adgaon, Nashik, Maharashtra 422003, India<br>Latitude: 20.0145226<br>Longitude: 73.8362944<br>Place_ID: ChIJp6S0iebq3TsR40VWNAcNWO4<br>Source_File: Nashik_Nandur_Naka_industrial.xlsx]]></description>
      <styleUrl>#icon-1899-0288D1</styleUrl>
      <ExtendedData>
        <Data name="Category">
          <value>manufacturer</value>
        </Data>
        <Data name="Address">
          <value>MUMBAI AGRA ROAD NEAR BALI MANDIR BEHIND PARK SIDE RESIDENCE, PLOT NO 2, TIMBER ZONE, Adgaon, Nashik, Maharashtra 422003, India</value>
        </Data>
        <Data name="Latitude">
          <value>20.0145226</value>
        </Data>
        <Data name="Longitude">
          <value>73.8362944</value>
        </Data>
        <Data name="Place_ID">
          <value>ChIJp6S0iebq3TsR40VWNAcNWO4</value>
        </Data>
        <Data name="Source_File">
          <value>Nashik_Nandur_Naka_industrial.xlsx</value>
        </Data>
      </ExtendedData>
      <Point>
        <coordinates>
          73.8362944,20.0145226,0
        </coordinates>
      </Point>
    </Placemark>
    <Placemark>
      <name>New Maharashtra Traders</name>
      <description><![CDATA[Category: manufacturer<br>Address: Chali No 04, Sai Leela lawns Panchavati, Aurangabad Rd, near Diamond Ceramics, Vaishnavi Park, Nashik, Maharashtra 422003, India<br>Latitude: 20.0008859<br>Longitude: 73.8308478<br>Place_ID: ChIJ92KeU8Dr3TsRRWTOz66fyZE<br>Source_File: Nashik_Nandur_Naka_industrial.xlsx]]></description>
      <styleUrl>#icon-1899-0288D1</styleUrl>
      <ExtendedData>
        <Data name="Category">
          <value>manufacturer</value>
        </Data>
        <Data name="Address">
          <value>Chali No 04, Sai Leela lawns Panchavati, Aurangabad Rd, near Diamond Ceramics, Vaishnavi Park, Nashik, Maharashtra 422003, India</value>
        </Data>
        <Data name="Latitude">
          <value>20.0008859</value>
        </Data>
        <Data name="Longitude">
          <value>73.8308478</value>
        </Data>
        <Data name="Place_ID">
          <value>ChIJ92KeU8Dr3TsRRWTOz66fyZE</value>
        </Data>
        <Data name="Source_File">
          <value>Nashik_Nandur_Naka_industrial.xlsx</value>
        </Data>
      </ExtendedData>
      <Point>
        <coordinates>
          73.8308478,20.0008859,0
        </coordinates>
      </Point>
    </Placemark>
    <Placemark>
      <name>Shree Sarvadnya Traders</name>
      <description><![CDATA[Category: manufacturer<br>Address: Sambhaji Nagar Road, Wadivarhe, Nandur Village, Nashik, Maharashtra 422003, India<br>Latitude: 20.0017604<br>Longitude: 73.8314625<br>Place_ID: ChIJjyyQ8fLt3TsRESI4EgzV8NE<br>Source_File: Nashik_Nandur_Naka_industrial.xlsx]]></description>
      <styleUrl>#icon-1899-0288D1</styleUrl>
      <ExtendedData>
        <Data name="Category">
          <value>manufacturer</value>
        </Data>
        <Data name="Address">
          <value>Sambhaji Nagar Road, Wadivarhe, Nandur Village, Nashik, Maharashtra 422003, India</value>
        </Data>
        <Data name="Latitude">
          <value>20.0017604</value>
        </Data>
        <Data name="Longitude">
          <value>73.8314625</value>
        </Data>
        <Data name="Place_ID">
          <value>ChIJjyyQ8fLt3TsRESI4EgzV8NE</value>
        </Data>
        <Data name="Source_File">
          <value>Nashik_Nandur_Naka_industrial.xlsx</value>
        </Data>
      </ExtendedData>
      <Point>
        <coordinates>
          73.8314625,20.0017604,0
        </coordinates>
      </Point>
    </Placemark>
    <Placemark>
      <name>Yashika Industries</name>
      <description><![CDATA[Category: manufacturer<br>Address: Shop no 302, ANANDGRAM, Tarwala, Link Road, near zudio, Panchavati, Amrutdham, Nashik, Maharashtra 422003, India<br>Latitude: 20.0244009<br>Longitude: 73.8076088<br>Place_ID: ChIJJ386UUXq3TsR0QQ9LVO0TWo<br>Source_File: Nashik_Panchavati_industrial.xlsx]]></description>
      <styleUrl>#icon-1899-0288D1</styleUrl>
      <ExtendedData>
        <Data name="Category">
          <value>manufacturer</value>
        </Data>
        <Data name="Address">
          <value>Shop no 302, ANANDGRAM, Tarwala, Link Road, near zudio, Panchavati, Amrutdham, Nashik, Maharashtra 422003, India</value>
        </Data>
        <Data name="Latitude">
          <value>20.0244009</value>
        </Data>
        <Data name="Longitude">
          <value>73.8076088</value>
        </Data>
        <Data name="Place_ID">
          <value>ChIJJ386UUXq3TsR0QQ9LVO0TWo</value>
        </Data>
        <Data name="Source_File">
          <value>Nashik_Panchavati_industrial.xlsx</value>
        </Data>
      </ExtendedData>
      <Point>
        <coordinates>
          73.8076088,20.0244009,0
        </coordinates>
      </Point>
    </Placemark>
    <Placemark>
      <name>Aura Opto Electronics India Pvt.Ltd.</name>
      <description><![CDATA[Category: manufacturer<br>Address: PRITAM COMPLEX, in front of BUS DEPOT, Old Adgaon Naka, Abhang Nagar, Panchavati, Nashik, Maharashtra 422003, India<br>Latitude: 20.0093123<br>Longitude: 73.8036276<br>Place_ID: ChIJJ6BWBD_r3TsRX_tdFKfclwM<br>Source_File: Nashik_Panchavati_industrial.xlsx]]></description>
      <styleUrl>#icon-1899-0288D1</styleUrl>
      <ExtendedData>
        <Data name="Category">
          <value>manufacturer</value>
        </Data>
        <Data name="Address">
          <value>PRITAM COMPLEX, in front of BUS DEPOT, Old Adgaon Naka, Abhang Nagar, Panchavati, Nashik, Maharashtra 422003, India</value>
        </Data>
        <Data name="Latitude">
          <value>20.0093123</value>
        </Data>
        <Data name="Longitude">
          <value>73.8036276</value>
        </Data>
        <Data name="Place_ID">
          <value>ChIJJ6BWBD_r3TsRX_tdFKfclwM</value>
        </Data>
        <Data name="Source_File">
          <value>Nashik_Panchavati_industrial.xlsx</value>
        </Data>
      </ExtendedData>
      <Point>
        <coordinates>
          73.8036276,20.0093123,0
        </coordinates>
      </Point>
    </Placemark>
    <Placemark>
      <name>Nandini Agarbatti Co. Pvt. Ltd.</name>
      <description><![CDATA[Category: manufacturer<br>Address: Ushakiran, Hirawadi Rd, Shivam Nagar, Adgaon Naka, Panchavati, Nashik, Maharashtra 422003, India<br>Latitude: 20.0126999<br>Longitude: 73.8054366<br>Place_ID: ChIJPW3YalDq3TsRMDnIQ_6-Fyw<br>Source_File: Nashik_Panchavati_industrial.xlsx]]></description>
      <styleUrl>#icon-1899-0288D1</styleUrl>
      <ExtendedData>
        <Data name="Category">
          <value>manufacturer</value>
        </Data>
        <Data name="Address">
          <value>Ushakiran, Hirawadi Rd, Shivam Nagar, Adgaon Naka, Panchavati, Nashik, Maharashtra 422003, India</value>
        </Data>
        <Data name="Latitude">
          <value>20.0126999</value>
        </Data>
        <Data name="Longitude">
          <value>73.8054366</value>
        </Data>
        <Data name="Place_ID">
          <value>ChIJPW3YalDq3TsRMDnIQ_6-Fyw</value>
        </Data>
        <Data name="Source_File">
          <value>Nashik_Panchavati_industrial.xlsx</value>
        </Data>
      </ExtendedData>
      <Point>
        <coordinates>
          73.8054366,20.0126999,0
        </coordinates>
      </Point>
    </Placemark>
    <Placemark>
      <name>Bhikusa Papers Pvt. Ltd.</name>
      <description><![CDATA[Category: manufacturer<br>Address: 178, Hirawadi, Panchvati, Nashik, Maharashtra 422003, India<br>Latitude: 20.0165995<br>Longitude: 73.8080198<br>Place_ID: ChIJT2mfbUXq3TsRq8J6Q0JV5II<br>Source_File: Nashik_Panchavati_industrial.xlsx]]></description>
      <styleUrl>#icon-1899-0288D1</styleUrl>
      <ExtendedData>
        <Data name="Category">
          <value>manufacturer</value>
        </Data>
        <Data name="Address">
          <value>178, Hirawadi, Panchvati, Nashik, Maharashtra 422003, India</value>
        </Data>
        <Data name="Latitude">
          <value>20.0165995</value>
        </Data>
        <Data name="Longitude">
          <value>73.8080198</value>
        </Data>
        <Data name="Place_ID">
          <value>ChIJT2mfbUXq3TsRq8J6Q0JV5II</value>
        </Data>
        <Data name="Source_File">
          <value>Nashik_Panchavati_industrial.xlsx</value>
        </Data>
      </ExtendedData>
      <Point>
        <coordinates>
          73.8080198,20.0165995,0
        </coordinates>
      </Point>
    </Placemark>
    <Placemark>
      <name>Blyners Pharmaceuticals Pvt. Ltd. ????????? ???????????????? ????. ??.</name>
      <description><![CDATA[Category: manufacturer<br>Address: Basement Floor, Hotel Shivganga Classic, H. No. 312/4610/SG/288/1B, I. No. 31204888, near Swami Narayan Mandir, Adgaon Naka, Panchavati, Nashik, Maharashtra 422003, India<br>Latitude: 20.0099404<br>Longitude: 73.8085958<br>Place_ID: ChIJves8NFvr3TsRNZwPnxSo9B8<br>Source_File: Nashik_Panchavati_industrial.xlsx]]></description>
      <styleUrl>#icon-1899-0288D1</styleUrl>
      <ExtendedData>
        <Data name="Category">
          <value>manufacturer</value>
        </Data>
        <Data name="Address">
          <value>Basement Floor, Hotel Shivganga Classic, H. No. 312/4610/SG/288/1B, I. No. 31204888, near Swami Narayan Mandir, Adgaon Naka, Panchavati, Nashik, Maharashtra 422003, India</value>
        </Data>
        <Data name="Latitude">
          <value>20.0099404</value>
        </Data>
        <Data name="Longitude">
          <value>73.8085958</value>
        </Data>
        <Data name="Place_ID">
          <value>ChIJves8NFvr3TsRNZwPnxSo9B8</value>
        </Data>
        <Data name="Source_File">
          <value>Nashik_Panchavati_industrial.xlsx</value>
        </Data>
      </ExtendedData>
      <Point>
        <coordinates>
          73.8085958,20.0099404,0
        </coordinates>
      </Point>
    </Placemark>
    <Placemark>
      <name>Satybhama Flour Mill</name>
      <description><![CDATA[Category: manufacturer<br>Address: 2R34+QJJ Digamber Akhada, Tapovan Rd, Vaishnavi Park, Nashik, Maharashtra 422003, India<br>Latitude: 20.0044568<br>Longitude: 73.8065084<br>Place_ID: ChIJA0XJH1jq3TsRkdKvFr1jOu0<br>Source_File: Nashik_Tapovan_industrial.xlsx]]></description>
      <styleUrl>#icon-1899-0288D1</styleUrl>
      <ExtendedData>
        <Data name="Category">
          <value>manufacturer</value>
        </Data>
        <Data name="Address">
          <value>2R34+QJJ Digamber Akhada, Tapovan Rd, Vaishnavi Park, Nashik, Maharashtra 422003, India</value>
        </Data>
        <Data name="Latitude">
          <value>20.0044568</value>
        </Data>
        <Data name="Longitude">
          <value>73.8065084</value>
        </Data>
        <Data name="Place_ID">
          <value>ChIJA0XJH1jq3TsRkdKvFr1jOu0</value>
        </Data>
        <Data name="Source_File">
          <value>Nashik_Tapovan_industrial.xlsx</value>
        </Data>
      </ExtendedData>
      <Point>
        <coordinates>
          73.8065084,20.0044568,0
        </coordinates>
      </Point>
    </Placemark>
    <Placemark>
      <name>Shri Krishna Ice Factory</name>
      <description><![CDATA[Category: manufacturer<br>Address: Shri Krishna Nagar, Tapovan Road, Panchvati,, Krishna Nagar, Nashik, Maharashtra 422003, India<br>Latitude: 20.007755<br>Longitude: 73.803588<br>Place_ID: ChIJfcYKtPzq3TsRIO48KhL_0Cw<br>Source_File: Nashik_Tapovan_industrial.xlsx]]></description>
      <styleUrl>#icon-1899-0288D1</styleUrl>
      <ExtendedData>
        <Data name="Category">
          <value>manufacturer</value>
        </Data>
        <Data name="Address">
          <value>Shri Krishna Nagar, Tapovan Road, Panchvati,, Krishna Nagar, Nashik, Maharashtra 422003, India</value>
        </Data>
        <Data name="Latitude">
          <value>20.007755</value>
        </Data>
        <Data name="Longitude">
          <value>73.803588</value>
        </Data>
        <Data name="Place_ID">
          <value>ChIJfcYKtPzq3TsRIO48KhL_0Cw</value>
        </Data>
        <Data name="Source_File">
          <value>Nashik_Tapovan_industrial.xlsx</value>
        </Data>
      </ExtendedData>
      <Point>
        <coordinates>
          73.803588,20.007755,0
        </coordinates>
      </Point>
    </Placemark>
    <Placemark>
      <name>Ashoka paints</name>
      <description><![CDATA[Category: manufacturer<br>Address: Padmavati society, Tapovan Rd, Vaishnavi Park, Nashik, Maharashtra 422003, India<br>Latitude: 20.0053897<br>Longitude: 73.8055378<br>Place_ID: ChIJO4Goeenr3TsRbK-sHqjbWfk<br>Source_File: Nashik_Tapovan_industrial.xlsx]]></description>
      <styleUrl>#icon-1899-0288D1</styleUrl>
      <ExtendedData>
        <Data name="Category">
          <value>manufacturer</value>
        </Data>
        <Data name="Address">
          <value>Padmavati society, Tapovan Rd, Vaishnavi Park, Nashik, Maharashtra 422003, India</value>
        </Data>
        <Data name="Latitude">
          <value>20.0053897</value>
        </Data>
        <Data name="Longitude">
          <value>73.8055378</value>
        </Data>
        <Data name="Place_ID">
          <value>ChIJO4Goeenr3TsRbK-sHqjbWfk</value>
        </Data>
        <Data name="Source_File">
          <value>Nashik_Tapovan_industrial.xlsx</value>
        </Data>
      </ExtendedData>
      <Point>
        <coordinates>
          73.8055378,20.0053897,0
        </coordinates>
      </Point>
    </Placemark>
    <Placemark>
      <name>Sope Business Hub</name>
      <description><![CDATA[Category: corporate_office<br>Address: Gupta Plaza, Gangapur Rd, Rameshwar Nagar, Balawant Nagar, Anandvalli, Nashik, Maharashtra 422013, India<br>Latitude: 20.0130113<br>Longitude: 73.7437146<br>Place_ID: ChIJDwQ4qR7t3TsRYfHfPhrdK_g<br>Source_File: Nashik_Gangapur_Road_industrial.xlsx]]></description>
      <styleUrl>#icon-1899-0288D1</styleUrl>
      <ExtendedData>
        <Data name="Category">
          <value>corporate_office</value>
        </Data>
        <Data name="Address">
          <value>Gupta Plaza, Gangapur Rd, Rameshwar Nagar, Balawant Nagar, Anandvalli, Nashik, Maharashtra 422013, India</value>
        </Data>
        <Data name="Latitude">
          <value>20.0130113</value>
        </Data>
        <Data name="Longitude">
          <value>73.7437146</value>
        </Data>
        <Data name="Place_ID">
          <value>ChIJDwQ4qR7t3TsRYfHfPhrdK_g</value>
        </Data>
        <Data name="Source_File">
          <value>Nashik_Gangapur_Road_industrial.xlsx</value>
        </Data>
      </ExtendedData>
      <Point>
        <coordinates>
          73.7437146,20.0130113,0
        </coordinates>
      </Point>
    </Placemark>
    <Placemark>
      <name>Hemant Steel Corporation</name>
      <description><![CDATA[Category: manufacturer<br>Address: S.No.38/1B/2B, Kadlag Mala, Plot No.12, Gangapur Rd, Rameshwar Nagar, Anandvali, Anandvalli, Nashik, Maharashtra 422013, India<br>Latitude: 20.013717<br>Longitude: 73.7397589<br>Place_ID: ChIJ1yvQYnHs3TsRD6fgjZ7fSm4<br>Source_File: Nashik_College_Road_industrial.xlsx]]></description>
      <styleUrl>#icon-1899-0288D1</styleUrl>
      <ExtendedData>
        <Data name="Category">
          <value>manufacturer</value>
        </Data>
        <Data name="Address">
          <value>S.No.38/1B/2B, Kadlag Mala, Plot No.12, Gangapur Rd, Rameshwar Nagar, Anandvali, Anandvalli, Nashik, Maharashtra 422013, India</value>
        </Data>
        <Data name="Latitude">
          <value>20.013717</value>
        </Data>
        <Data name="Longitude">
          <value>73.7397589</value>
        </Data>
        <Data name="Place_ID">
          <value>ChIJ1yvQYnHs3TsRD6fgjZ7fSm4</value>
        </Data>
        <Data name="Source_File">
          <value>Nashik_College_Road_industrial.xlsx</value>
        </Data>
      </ExtendedData>
      <Point>
        <coordinates>
          73.7397589,20.013717,0
        </coordinates>
      </Point>
    </Placemark>
    <Placemark>
      <name>HAWK Global Technologies</name>
      <description><![CDATA[Category: manufacturer<br>Address: Balwant Nagar, Gangapur Rd, Rameshwar Nagar, Balawant Nagar, Anandvalli, Nashik, Maharashtra 422013, India<br>Latitude: 20.0117283<br>Longitude: 73.7400962<br>Place_ID: ChIJLeotmQsd_EcRqnpaKEBDgCw<br>Source_File: Nashik_Gangapur_Road_industrial.xlsx]]></description>
      <styleUrl>#icon-1899-0288D1</styleUrl>
      <ExtendedData>
        <Data name="Category">
          <value>manufacturer</value>
        </Data>
        <Data name="Address">
          <value>Balwant Nagar, Gangapur Rd, Rameshwar Nagar, Balawant Nagar, Anandvalli, Nashik, Maharashtra 422013, India</value>
        </Data>
        <Data name="Latitude">
          <value>20.0117283</value>
        </Data>
        <Data name="Longitude">
          <value>73.7400962</value>
        </Data>
        <Data name="Place_ID">
          <value>ChIJLeotmQsd_EcRqnpaKEBDgCw</value>
        </Data>
        <Data name="Source_File">
          <value>Nashik_Gangapur_Road_industrial.xlsx</value>
        </Data>
      </ExtendedData>
      <Point>
        <coordinates>
          73.7400962,20.0117283,0
        </coordinates>
      </Point>
    </Placemark>
    <Placemark>
      <name>TECHNO SERVICE</name>
      <description><![CDATA[Category: manufacturer<br>Address: FLAT NO 305, Archit Galaxy, Gangapur Rd, APTT, Serene Meadows, Anandvalli, Nashik, Maharashtra 422013, India<br>Latitude: 20.0124244<br>Longitude: 73.7353624<br>Place_ID: ChIJEQp8c4zr3TsRx6N1M9GplnY<br>Source_File: Nashik_Gangapur_Road_industrial.xlsx]]></description>
      <styleUrl>#icon-1899-0288D1</styleUrl>
      <ExtendedData>
        <Data name="Category">
          <value>manufacturer</value>
        </Data>
        <Data name="Address">
          <value>FLAT NO 305, Archit Galaxy, Gangapur Rd, APTT, Serene Meadows, Anandvalli, Nashik, Maharashtra 422013, India</value>
        </Data>
        <Data name="Latitude">
          <value>20.0124244</value>
        </Data>
        <Data name="Longitude">
          <value>73.7353624</value>
        </Data>
        <Data name="Place_ID">
          <value>ChIJEQp8c4zr3TsRx6N1M9GplnY</value>
        </Data>
        <Data name="Source_File">
          <value>Nashik_Gangapur_Road_industrial.xlsx</value>
        </Data>
      </ExtendedData>
      <Point>
        <coordinates>
          73.7353624,20.0124244,0
        </coordinates>
      </Point>
    </Placemark>
    <Placemark>
      <name>Nashik Invisible Grills</name>
      <description><![CDATA[Category: manufacturer<br>Address: Gangapur Rd, Ganpati Nagar, Anandvalli, Nashik, Maharashtra 422013, India<br>Latitude: 20.0160101<br>Longitude: 73.7372012<br>Place_ID: ChIJmxE12rrt3TsRKBMZttxdOfA<br>Source_File: Nashik_Gangapur_Road_industrial.xlsx]]></description>
      <styleUrl>#icon-1899-0288D1</styleUrl>
      <ExtendedData>
        <Data name="Category">
          <value>manufacturer</value>
        </Data>
        <Data name="Address">
          <value>Gangapur Rd, Ganpati Nagar, Anandvalli, Nashik, Maharashtra 422013, India</value>
        </Data>
        <Data name="Latitude">
          <value>20.0160101</value>
        </Data>
        <Data name="Longitude">
          <value>73.7372012</value>
        </Data>
        <Data name="Place_ID">
          <value>ChIJmxE12rrt3TsRKBMZttxdOfA</value>
        </Data>
        <Data name="Source_File">
          <value>Nashik_Gangapur_Road_industrial.xlsx</value>
        </Data>
      </ExtendedData>
      <Point>
        <coordinates>
          73.7372012,20.0160101,0
        </coordinates>
      </Point>
    </Placemark>
    <Placemark>
      <name>Care Disposables</name>
      <description><![CDATA[Category: manufacturer<br>Address: Shop No.8 Shree Ganesh Apartment, Anandi nagar, Gangapur Rd, near The Callisto Multi-Cuisine Restaurant, opposite Vrindavan Lawns, Serene Meadows, Anandvalli, Nashik, Maharashtra 422013, India<br>Latitude: 20.0118485<br>Longitude: 73.7382471<br>Place_ID: ChIJj2dtAPbt3TsRMS21QncZhzw<br>Source_File: Nashik_Gangapur_Road_industrial.xlsx]]></description>
      <styleUrl>#icon-1899-0288D1</styleUrl>
      <ExtendedData>
        <Data name="Category">
          <value>manufacturer</value>
        </Data>
        <Data name="Address">
          <value>Shop No.8 Shree Ganesh Apartment, Anandi nagar, Gangapur Rd, near The Callisto Multi-Cuisine Restaurant, opposite Vrindavan Lawns, Serene Meadows, Anandvalli, Nashik, Maharashtra 422013, India</value>
        </Data>
        <Data name="Latitude">
          <value>20.0118485</value>
        </Data>
        <Data name="Longitude">
          <value>73.7382471</value>
        </Data>
        <Data name="Place_ID">
          <value>ChIJj2dtAPbt3TsRMS21QncZhzw</value>
        </Data>
        <Data name="Source_File">
          <value>Nashik_Gangapur_Road_industrial.xlsx</value>
        </Data>
      </ExtendedData>
      <Point>
        <coordinates>
          73.7382471,20.0118485,0
        </coordinates>
      </Point>
    </Placemark>
    <Placemark>
      <name>Hariom Udyog</name>
      <description><![CDATA[Category: manufacturer<br>Address: Hariom Udyog, Shop No. 3, Pallavi Apartment, Gangapur Rd, Ashtavinayak Colony, Veer Sawarkar Nagar, Nashik, Maharashtra 422013, India<br>Latitude: 20.0139535<br>Longitude: 73.753679<br>Place_ID: ChIJTT1TS4nr3TsRTPTY_z_92k8<br>Source_File: Nashik_Gangapur_Road_industrial.xlsx]]></description>
      <styleUrl>#icon-1899-0288D1</styleUrl>
      <ExtendedData>
        <Data name="Category">
          <value>manufacturer</value>
        </Data>
        <Data name="Address">
          <value>Hariom Udyog, Shop No. 3, Pallavi Apartment, Gangapur Rd, Ashtavinayak Colony, Veer Sawarkar Nagar, Nashik, Maharashtra 422013, India</value>
        </Data>
        <Data name="Latitude">
          <value>20.0139535</value>
        </Data>
        <Data name="Longitude">
          <value>73.753679</value>
        </Data>
        <Data name="Place_ID">
          <value>ChIJTT1TS4nr3TsRTPTY_z_92k8</value>
        </Data>
        <Data name="Source_File">
          <value>Nashik_Gangapur_Road_industrial.xlsx</value>
        </Data>
      </ExtendedData>
      <Point>
        <coordinates>
          73.753679,20.0139535,0
        </coordinates>
      </Point>
    </Placemark>
    <Placemark>
      <name><![CDATA[GALANDE ENTERPRISES FIRE PROTECTION & MULTI SERVICES NASHIK]]></name>
      <description><![CDATA[Category: manufacturer<br>Address: 136,Shree swami samarth Mali wada, Gangapur Rd, Anandvalli, Nashik, Maharashtra 422013, India<br>Latitude: 20.0143668<br>Longitude: 73.7478562<br>Place_ID: ChIJD8DT0mfr3TsR-x5ODModPC0<br>Source_File: Nashik_Gangapur_Road_industrial.xlsx]]></description>
      <styleUrl>#icon-1899-0288D1</styleUrl>
      <ExtendedData>
        <Data name="Category">
          <value>manufacturer</value>
        </Data>
        <Data name="Address">
          <value>136,Shree swami samarth Mali wada, Gangapur Rd, Anandvalli, Nashik, Maharashtra 422013, India</value>
        </Data>
        <Data name="Latitude">
          <value>20.0143668</value>
        </Data>
        <Data name="Longitude">
          <value>73.7478562</value>
        </Data>
        <Data name="Place_ID">
          <value>ChIJD8DT0mfr3TsR-x5ODModPC0</value>
        </Data>
        <Data name="Source_File">
          <value>Nashik_Gangapur_Road_industrial.xlsx</value>
        </Data>
      </ExtendedData>
      <Point>
        <coordinates>
          73.7478562,20.0143668,0
        </coordinates>
      </Point>
    </Placemark>
    <Placemark>
      <name>Flour Mill</name>
      <description><![CDATA[Category: manufacturer<br>Address: 50, Gangapur Rd, Navshya Ganapati Parisar, Ganpati Nagar, Anandvalli, Nashik, Maharashtra 422013, India<br>Latitude: 20.012988<br>Longitude: 73.740026<br>Place_ID: ChIJI6dY21vt3TsRQRlIIGRlJHU<br>Source_File: Nashik_Gangapur_Road_industrial.xlsx]]></description>
      <styleUrl>#icon-1899-0288D1</styleUrl>
      <ExtendedData>
        <Data name="Category">
          <value>manufacturer</value>
        </Data>
        <Data name="Address">
          <value>50, Gangapur Rd, Navshya Ganapati Parisar, Ganpati Nagar, Anandvalli, Nashik, Maharashtra 422013, India</value>
        </Data>
        <Data name="Latitude">
          <value>20.012988</value>
        </Data>
        <Data name="Longitude">
          <value>73.740026</value>
        </Data>
        <Data name="Place_ID">
          <value>ChIJI6dY21vt3TsRQRlIIGRlJHU</value>
        </Data>
        <Data name="Source_File">
          <value>Nashik_Gangapur_Road_industrial.xlsx</value>
        </Data>
      </ExtendedData>
      <Point>
        <coordinates>
          73.740026,20.012988,0
        </coordinates>
      </Point>
    </Placemark>
    <Placemark>
      <name>Taste of farm</name>
      <description><![CDATA[Category: manufacturer<br>Address: Shree ji park, Sadguru Nagar, Satpur Colony, Nashik, Maharashtra 422007, India<br>Latitude: 20.007288<br>Longitude: 73.7317422<br>Place_ID: ChIJ_fT1F87t3TsRuaLrBUDwlJE<br>Source_File: Nashik_Satpur_industrial.xlsx]]></description>
      <styleUrl>#icon-1899-0288D1</styleUrl>
      <ExtendedData>
        <Data name="Category">
          <value>manufacturer</value>
        </Data>
        <Data name="Address">
          <value>Shree ji park, Sadguru Nagar, Satpur Colony, Nashik, Maharashtra 422007, India</value>
        </Data>
        <Data name="Latitude">
          <value>20.007288</value>
        </Data>
        <Data name="Longitude">
          <value>73.7317422</value>
        </Data>
        <Data name="Place_ID">
          <value>ChIJ_fT1F87t3TsRuaLrBUDwlJE</value>
        </Data>
        <Data name="Source_File">
          <value>Nashik_Satpur_industrial.xlsx</value>
        </Data>
      </ExtendedData>
      <Point>
        <coordinates>
          73.7317422,20.007288,0
        </coordinates>
      </Point>
    </Placemark>
    <Placemark>
      <name>RTO office naam ko Ansar Hospital</name>
      <description><![CDATA[Category: manufacturer<br>Address: 2QMR+MR9, Ashwamegh Nagar, Makhmalabad, Nashik, Maharashtra 422003, India<br>Latitude: 20.0341634<br>Longitude: 73.7921001<br>Place_ID: ChIJeYjpnJDr3TsRmRPp4mvv_Kg<br>Source_File: Nashik_Makhmalabad_industrial.xlsx]]></description>
      <styleUrl>#icon-1899-0288D1</styleUrl>
      <ExtendedData>
        <Data name="Category">
          <value>manufacturer</value>
        </Data>
        <Data name="Address">
          <value>2QMR+MR9, Ashwamegh Nagar, Makhmalabad, Nashik, Maharashtra 422003, India</value>
        </Data>
        <Data name="Latitude">
          <value>20.0341634</value>
        </Data>
        <Data name="Longitude">
          <value>73.7921001</value>
        </Data>
        <Data name="Place_ID">
          <value>ChIJeYjpnJDr3TsRmRPp4mvv_Kg</value>
        </Data>
        <Data name="Source_File">
          <value>Nashik_Makhmalabad_industrial.xlsx</value>
        </Data>
      </ExtendedData>
      <Point>
        <coordinates>
          73.7921001,20.0341634,0
        </coordinates>
      </Point>
    </Placemark>
    <Placemark>
      <name>Prachita Enterprises LLP</name>
      <description><![CDATA[Category: manufacturer<br>Address: Shop No B-307, Vajra Life Complex, Peth Rd, Near R.T.O. Office, Panchvati, Makhmalabad, Nashik, Maharashtra 422004, India<br>Latitude: 20.0325611<br>Longitude: 73.7951384<br>Place_ID: ChIJZffw0Lvr3TsRiP73-4VRybw<br>Source_File: Nashik_Makhmalabad_industrial.xlsx]]></description>
      <styleUrl>#icon-1899-0288D1</styleUrl>
      <ExtendedData>
        <Data name="Category">
          <value>manufacturer</value>
        </Data>
        <Data name="Address">
          <value>Shop No B-307, Vajra Life Complex, Peth Rd, Near R.T.O. Office, Panchvati, Makhmalabad, Nashik, Maharashtra 422004, India</value>
        </Data>
        <Data name="Latitude">
          <value>20.0325611</value>
        </Data>
        <Data name="Longitude">
          <value>73.7951384</value>
        </Data>
        <Data name="Place_ID">
          <value>ChIJZffw0Lvr3TsRiP73-4VRybw</value>
        </Data>
        <Data name="Source_File">
          <value>Nashik_Makhmalabad_industrial.xlsx</value>
        </Data>
      </ExtendedData>
      <Point>
        <coordinates>
          73.7951384,20.0325611,0
        </coordinates>
      </Point>
    </Placemark>
    <Placemark>
      <name>Freelance Fusion</name>
      <description><![CDATA[Category: corporate_office<br>Address: MHSH26, Gamane Mala, Makhmalabad, Nashik, Maharashtra 422003, India<br>Latitude: 20.0480156<br>Longitude: 73.7747215<br>Place_ID: ChIJ-9WTWIPp3TsR0ngz30TejGE<br>Source_File: Nashik_Makhmalabad_industrial.xlsx]]></description>
      <styleUrl>#icon-1899-0288D1</styleUrl>
      <ExtendedData>
        <Data name="Category">
          <value>corporate_office</value>
        </Data>
        <Data name="Address">
          <value>MHSH26, Gamane Mala, Makhmalabad, Nashik, Maharashtra 422003, India</value>
        </Data>
        <Data name="Latitude">
          <value>20.0480156</value>
        </Data>
        <Data name="Longitude">
          <value>73.7747215</value>
        </Data>
        <Data name="Place_ID">
          <value>ChIJ-9WTWIPp3TsR0ngz30TejGE</value>
        </Data>
        <Data name="Source_File">
          <value>Nashik_Makhmalabad_industrial.xlsx</value>
        </Data>
      </ExtendedData>
      <Point>
        <coordinates>
          73.7747215,20.0480156,0
        </coordinates>
      </Point>
    </Placemark>
    <Placemark>
      <name>TRANSFORM TOOLTECH INDUSTRIES</name>
      <description><![CDATA[Category: manufacturer<br>Address: Makhmalabad Rd, Gamane Mala, Makhmalabad, Nashik, Maharashtra 422003, India<br>Latitude: 20.0478989<br>Longitude: 73.7748003<br>Place_ID: ChIJsfZSuGPp3TsRVmbmdFoHzHo<br>Source_File: Nashik_Makhmalabad_industrial.xlsx]]></description>
      <styleUrl>#icon-1899-0288D1</styleUrl>
      <ExtendedData>
        <Data name="Category">
          <value>manufacturer</value>
        </Data>
        <Data name="Address">
          <value>Makhmalabad Rd, Gamane Mala, Makhmalabad, Nashik, Maharashtra 422003, India</value>
        </Data>
        <Data name="Latitude">
          <value>20.0478989</value>
        </Data>
        <Data name="Longitude">
          <value>73.7748003</value>
        </Data>
        <Data name="Place_ID">
          <value>ChIJsfZSuGPp3TsRVmbmdFoHzHo</value>
        </Data>
        <Data name="Source_File">
          <value>Nashik_Makhmalabad_industrial.xlsx</value>
        </Data>
      </ExtendedData>
      <Point>
        <coordinates>
          73.7748003,20.0478989,0
        </coordinates>
      </Point>
    </Placemark>
    <Placemark>
      <name>Randive Industries</name>
      <description><![CDATA[Category: manufacturer<br>Address: Shop No 1&2, Gills Avenue Apt, Near NYSA Business Center, RTO, Road, Makhmalabad Rd, Panchavati, Makhmalabad, Nashik, Maharashtra 422003, India<br>Latitude: 20.0350619<br>Longitude: 73.7848284<br>Place_ID: ChIJ7yidNQjr3TsRMhK3o3V1UXc<br>Source_File: Nashik_Makhmalabad_industrial.xlsx]]></description>
      <styleUrl>#icon-1899-0288D1</styleUrl>
      <ExtendedData>
        <Data name="Category">
          <value>manufacturer</value>
        </Data>
        <Data name="Address">
          <value><![CDATA[Shop No 1&2, Gills Avenue Apt, Near NYSA Business Center, RTO, Road, Makhmalabad Rd, Panchavati, Makhmalabad, Nashik, Maharashtra 422003, India]]></value>
        </Data>
        <Data name="Latitude">
          <value>20.0350619</value>
        </Data>
        <Data name="Longitude">
          <value>73.7848284</value>
        </Data>
        <Data name="Place_ID">
          <value>ChIJ7yidNQjr3TsRMhK3o3V1UXc</value>
        </Data>
        <Data name="Source_File">
          <value>Nashik_Makhmalabad_industrial.xlsx</value>
        </Data>
      </ExtendedData>
      <Point>
        <coordinates>
          73.7848284,20.0350619,0
        </coordinates>
      </Point>
    </Placemark>
    <Placemark>
      <name>MALI FARM</name>
      <description><![CDATA[Category: manufacturer<br>Address: 2QMF+7GM, Makhmalabad, Nashik, Maharashtra 422003, India<br>Latitude: 20.033212<br>Longitude: 73.773783<br>Place_ID: ChIJ96aGLADr3TsRnbe4SHFCdWk<br>Source_File: Nashik_Makhmalabad_industrial.xlsx]]></description>
      <styleUrl>#icon-1899-0288D1</styleUrl>
      <ExtendedData>
        <Data name="Category">
          <value>manufacturer</value>
        </Data>
        <Data name="Address">
          <value>2QMF+7GM, Makhmalabad, Nashik, Maharashtra 422003, India</value>
        </Data>
        <Data name="Latitude">
          <value>20.033212</value>
        </Data>
        <Data name="Longitude">
          <value>73.773783</value>
        </Data>
        <Data name="Place_ID">
          <value>ChIJ96aGLADr3TsRnbe4SHFCdWk</value>
        </Data>
        <Data name="Source_File">
          <value>Nashik_Makhmalabad_industrial.xlsx</value>
        </Data>
      </ExtendedData>
      <Point>
        <coordinates>
          73.773783,20.033212,0
        </coordinates>
      </Point>
    </Placemark>
    <Placemark>
      <name>Devi Tyre</name>
      <description><![CDATA[Category: manufacturer<br>Address: 2QXF+443 Makhmalabad Rd, Gaon, Gamane Mala, Makhmalabad, Nashik, Maharashtra 422003, India<br>Latitude: 20.0477743<br>Longitude: 73.7728055<br>Place_ID: ChIJjSh0QmDp3TsRifOsjPzYRHE<br>Source_File: Nashik_Makhmalabad_industrial.xlsx]]></description>
      <styleUrl>#icon-1899-0288D1</styleUrl>
      <ExtendedData>
        <Data name="Category">
          <value>manufacturer</value>
        </Data>
        <Data name="Address">
          <value>2QXF+443 Makhmalabad Rd, Gaon, Gamane Mala, Makhmalabad, Nashik, Maharashtra 422003, India</value>
        </Data>
        <Data name="Latitude">
          <value>20.0477743</value>
        </Data>
        <Data name="Longitude">
          <value>73.7728055</value>
        </Data>
        <Data name="Place_ID">
          <value>ChIJjSh0QmDp3TsRifOsjPzYRHE</value>
        </Data>
        <Data name="Source_File">
          <value>Nashik_Makhmalabad_industrial.xlsx</value>
        </Data>
      </ExtendedData>
      <Point>
        <coordinates>
          73.7728055,20.0477743,0
        </coordinates>
      </Point>
    </Placemark>
    <Placemark>
      <name>Intro Furniture</name>
      <description><![CDATA[Category: manufacturer<br>Address: 2QRC+7H4, Makhmalabad Gaon, Makhmalabad, Nashik, Maharashtra 422003, India<br>Latitude: 20.04064<br>Longitude: 73.7714425<br>Place_ID: ChIJAxHKKQDr3TsR6PEYiO0OCA8<br>Source_File: Nashik_Makhmalabad_industrial.xlsx]]></description>
      <styleUrl>#icon-1899-0288D1</styleUrl>
      <ExtendedData>
        <Data name="Category">
          <value>manufacturer</value>
        </Data>
        <Data name="Address">
          <value>2QRC+7H4, Makhmalabad Gaon, Makhmalabad, Nashik, Maharashtra 422003, India</value>
        </Data>
        <Data name="Latitude">
          <value>20.04064</value>
        </Data>
        <Data name="Longitude">
          <value>73.7714425</value>
        </Data>
        <Data name="Place_ID">
          <value>ChIJAxHKKQDr3TsR6PEYiO0OCA8</value>
        </Data>
        <Data name="Source_File">
          <value>Nashik_Makhmalabad_industrial.xlsx</value>
        </Data>
      </ExtendedData>
      <Point>
        <coordinates>
          73.7714425,20.04064,0
        </coordinates>
      </Point>
    </Placemark>
    <Placemark>
      <name>Gavali Bandhu</name>
      <description><![CDATA[Category: manufacturer<br>Address: Plot No.1, Survey No.2, Gavali Bandhuu, Bhelbhatta, Gamane Mala, Makhmalabad, Nashik, Maharashtra 422003, India<br>Latitude: 20.0463784<br>Longitude: 73.7770927<br>Place_ID: ChIJ_wRidNzp3TsRaTmSNUPP8g0<br>Source_File: Nashik_Makhmalabad_industrial.xlsx]]></description>
      <styleUrl>#icon-1899-0288D1</styleUrl>
      <ExtendedData>
        <Data name="Category">
          <value>manufacturer</value>
        </Data>
        <Data name="Address">
          <value>Plot No.1, Survey No.2, Gavali Bandhuu, Bhelbhatta, Gamane Mala, Makhmalabad, Nashik, Maharashtra 422003, India</value>
        </Data>
        <Data name="Latitude">
          <value>20.0463784</value>
        </Data>
        <Data name="Longitude">
          <value>73.7770927</value>
        </Data>
        <Data name="Place_ID">
          <value>ChIJ_wRidNzp3TsRaTmSNUPP8g0</value>
        </Data>
        <Data name="Source_File">
          <value>Nashik_Makhmalabad_industrial.xlsx</value>
        </Data>
      </ExtendedData>
      <Point>
        <coordinates>
          73.7770927,20.0463784,0
        </coordinates>
      </Point>
    </Placemark>
    <Placemark>
      <name>Shreeram Sales Corporation</name>
      <description><![CDATA[Category: manufacturer<br>Address: Shed No 5 ,Pratik business Hub, Shinde Mankar Marg, Makhmalabad Rd, behind Mankar Petrol Pump, Makhmalabad, Nashik, Maharashtra 422003, India<br>Latitude: 20.0497321<br>Longitude: 73.7786777<br>Place_ID: ChIJZxjmwaHp3TsRYmZhBqMRK8E<br>Source_File: Nashik_Makhmalabad_industrial.xlsx]]></description>
      <styleUrl>#icon-1899-0288D1</styleUrl>
      <ExtendedData>
        <Data name="Category">
          <value>manufacturer</value>
        </Data>
        <Data name="Address">
          <value>Shed No 5 ,Pratik business Hub, Shinde Mankar Marg, Makhmalabad Rd, behind Mankar Petrol Pump, Makhmalabad, Nashik, Maharashtra 422003, India</value>
        </Data>
        <Data name="Latitude">
          <value>20.0497321</value>
        </Data>
        <Data name="Longitude">
          <value>73.7786777</value>
        </Data>
        <Data name="Place_ID">
          <value>ChIJZxjmwaHp3TsRYmZhBqMRK8E</value>
        </Data>
        <Data name="Source_File">
          <value>Nashik_Makhmalabad_industrial.xlsx</value>
        </Data>
      </ExtendedData>
      <Point>
        <coordinates>
          73.7786777,20.0497321,0
        </coordinates>
      </Point>
    </Placemark>
    <Placemark>
      <name>Jain Foods</name>
      <description><![CDATA[Category: manufacturer<br>Address: Survey no 31, 31, Peth Rd, opp. RTO, near New APMC, Ashwamegh Nagar, Makhmalabad, Nashik, Maharashtra 422004, India<br>Latitude: 20.0352038<br>Longitude: 73.7944434<br>Place_ID: ChIJVUSQSc3r3TsRvBhMu7ZllZU<br>Source_File: Nashik_Makhmalabad_industrial.xlsx]]></description>
      <styleUrl>#icon-1899-0288D1</styleUrl>
      <ExtendedData>
        <Data name="Category">
          <value>manufacturer</value>
        </Data>
        <Data name="Address">
          <value>Survey no 31, 31, Peth Rd, opp. RTO, near New APMC, Ashwamegh Nagar, Makhmalabad, Nashik, Maharashtra 422004, India</value>
        </Data>
        <Data name="Latitude">
          <value>20.0352038</value>
        </Data>
        <Data name="Longitude">
          <value>73.7944434</value>
        </Data>
        <Data name="Place_ID">
          <value>ChIJVUSQSc3r3TsRvBhMu7ZllZU</value>
        </Data>
        <Data name="Source_File">
          <value>Nashik_Makhmalabad_industrial.xlsx</value>
        </Data>
      </ExtendedData>
      <Point>
        <coordinates>
          73.7944434,20.0352038,0
        </coordinates>
      </Point>
    </Placemark>
    <Placemark>
      <name>DS FOODS AND SERVICES</name>
      <description><![CDATA[Category: manufacturer<br>Address: Makhmalabad Rd, Shanti Nagar, Ramkrishna Nagar, Makhmalabad, Nashik, Maharashtra 422003, India<br>Latitude: 20.0410601<br>Longitude: 73.7849321<br>Place_ID: ChIJSQT1HU7r3TsRg_BD5-9LlRI<br>Source_File: Nashik_Makhmalabad_industrial.xlsx]]></description>
      <styleUrl>#icon-1899-0288D1</styleUrl>
      <ExtendedData>
        <Data name="Category">
          <value>manufacturer</value>
        </Data>
        <Data name="Address">
          <value>Makhmalabad Rd, Shanti Nagar, Ramkrishna Nagar, Makhmalabad, Nashik, Maharashtra 422003, India</value>
        </Data>
        <Data name="Latitude">
          <value>20.0410601</value>
        </Data>
        <Data name="Longitude">
          <value>73.7849321</value>
        </Data>
        <Data name="Place_ID">
          <value>ChIJSQT1HU7r3TsRg_BD5-9LlRI</value>
        </Data>
        <Data name="Source_File">
          <value>Nashik_Makhmalabad_industrial.xlsx</value>
        </Data>
      </ExtendedData>
      <Point>
        <coordinates>
          73.7849321,20.0410601,0
        </coordinates>
      </Point>
    </Placemark>
    <Placemark>
      <name>$F SAI FURNITURE</name>
      <description><![CDATA[Category: manufacturer<br>Address: SHOP NO 06, Makhmalabad Rd, opposite VIJAY MEGHA MART SHINDE MALA, Makhmalabad, Nashik, Maharashtra 422003, India<br>Latitude: 20.0350683<br>Longitude: 73.78253<br>Place_ID: ChIJqdtPEgDr3TsRxo4D8EmYNJk<br>Source_File: Nashik_Makhmalabad_industrial.xlsx]]></description>
      <styleUrl>#icon-1899-0288D1</styleUrl>
      <ExtendedData>
        <Data name="Category">
          <value>manufacturer</value>
        </Data>
        <Data name="Address">
          <value>SHOP NO 06, Makhmalabad Rd, opposite VIJAY MEGHA MART SHINDE MALA, Makhmalabad, Nashik, Maharashtra 422003, India</value>
        </Data>
        <Data name="Latitude">
          <value>20.0350683</value>
        </Data>
        <Data name="Longitude">
          <value>73.78253</value>
        </Data>
        <Data name="Place_ID">
          <value>ChIJqdtPEgDr3TsRxo4D8EmYNJk</value>
        </Data>
        <Data name="Source_File">
          <value>Nashik_Makhmalabad_industrial.xlsx</value>
        </Data>
      </ExtendedData>
      <Point>
        <coordinates>
          73.78253,20.0350683,0
        </coordinates>
      </Point>
    </Placemark>
    <Placemark>
      <name>AARYA INNOVTECH PVT. LTD.</name>
      <description><![CDATA[Category: manufacturer<br>Address: Sayali Darshan A, Radha Nagar, 4A, Makhmalabad Rd, Panchavati, Nashik, Maharashtra 422003, India<br>Latitude: 20.0495905<br>Longitude: 73.778553<br>Place_ID: ChIJC2tLGZDr3TsRRkpAKqDi79k<br>Source_File: Nashik_Makhmalabad_industrial.xlsx]]></description>
      <styleUrl>#icon-1899-0288D1</styleUrl>
      <ExtendedData>
        <Data name="Category">
          <value>manufacturer</value>
        </Data>
        <Data name="Address">
          <value>Sayali Darshan A, Radha Nagar, 4A, Makhmalabad Rd, Panchavati, Nashik, Maharashtra 422003, India</value>
        </Data>
        <Data name="Latitude">
          <value>20.0495905</value>
        </Data>
        <Data name="Longitude">
          <value>73.778553</value>
        </Data>
        <Data name="Place_ID">
          <value>ChIJC2tLGZDr3TsRRkpAKqDi79k</value>
        </Data>
        <Data name="Source_File">
          <value>Nashik_Makhmalabad_industrial.xlsx</value>
        </Data>
      </ExtendedData>
      <Point>
        <coordinates>
          73.778553,20.0495905,0
        </coordinates>
      </Point>
    </Placemark>
    <Placemark>
      <name>Samruddhi Steel</name>
      <description><![CDATA[Category: manufacturer<br>Address: Sv no.202/1/a/5, Girnare Road, near Mamacha Mala, Makhmalabad, Nashik, Maharashtra 422003, India<br>Latitude: 20.050013<br>Longitude: 73.7664578<br>Place_ID: ChIJpfuFzubr3TsRycwr7P20sLo<br>Source_File: Nashik_Makhmalabad_industrial.xlsx]]></description>
      <styleUrl>#icon-1899-0288D1</styleUrl>
      <ExtendedData>
        <Data name="Category">
          <value>manufacturer</value>
        </Data>
        <Data name="Address">
          <value>Sv no.202/1/a/5, Girnare Road, near Mamacha Mala, Makhmalabad, Nashik, Maharashtra 422003, India</value>
        </Data>
        <Data name="Latitude">
          <value>20.050013</value>
        </Data>
        <Data name="Longitude">
          <value>73.7664578</value>
        </Data>
        <Data name="Place_ID">
          <value>ChIJpfuFzubr3TsRycwr7P20sLo</value>
        </Data>
        <Data name="Source_File">
          <value>Nashik_Makhmalabad_industrial.xlsx</value>
        </Data>
      </ExtendedData>
      <Point>
        <coordinates>
          73.7664578,20.050013,0
        </coordinates>
      </Point>
    </Placemark>
    <Placemark>
      <name>Herart Garment Industry</name>
      <description><![CDATA[Category: manufacturer<br>Address: Chatrapati banglow shahu nagar, Peth Rd, behind saptarang society, Near R.T.O. Office, Ashwamegh Nagar, Panchavati, Nashik, Maharashtra 422003, India<br>Latitude: 20.0362515<br>Longitude: 73.7917146<br>Place_ID: ChIJ5_JaDGvr3TsRc0iggUQ9SxM<br>Source_File: Nashik_Panchavati_industrial.xlsx]]></description>
      <styleUrl>#icon-1899-0288D1</styleUrl>
      <ExtendedData>
        <Data name="Category">
          <value>manufacturer</value>
        </Data>
        <Data name="Address">
          <value>Chatrapati banglow shahu nagar, Peth Rd, behind saptarang society, Near R.T.O. Office, Ashwamegh Nagar, Panchavati, Nashik, Maharashtra 422003, India</value>
        </Data>
        <Data name="Latitude">
          <value>20.0362515</value>
        </Data>
        <Data name="Longitude">
          <value>73.7917146</value>
        </Data>
        <Data name="Place_ID">
          <value>ChIJ5_JaDGvr3TsRc0iggUQ9SxM</value>
        </Data>
        <Data name="Source_File">
          <value>Nashik_Panchavati_industrial.xlsx</value>
        </Data>
      </ExtendedData>
      <Point>
        <coordinates>
          73.7917146,20.0362515,0
        </coordinates>
      </Point>
    </Placemark>
    <Placemark>
      <name>Nysa Business Center</name>
      <description><![CDATA[Category: business_center<br>Address: Makhmalabad Rd, Ghadge Nagar, Makhmalabad, Nashik, Maharashtra 422003, India<br>Latitude: 20.0341291<br>Longitude: 73.7832085<br>Place_ID: ChIJO6tcUS3r3TsR-5uy07Mq2tA<br>Source_File: Nashik_Makhmalabad_establishments.xlsx]]></description>
      <styleUrl>#icon-1899-0288D1</styleUrl>
      <ExtendedData>
        <Data name="Category">
          <value>business_center</value>
        </Data>
        <Data name="Address">
          <value>Makhmalabad Rd, Ghadge Nagar, Makhmalabad, Nashik, Maharashtra 422003, India</value>
        </Data>
        <Data name="Latitude">
          <value>20.0341291</value>
        </Data>
        <Data name="Longitude">
          <value>73.7832085</value>
        </Data>
        <Data name="Place_ID">
          <value>ChIJO6tcUS3r3TsR-5uy07Mq2tA</value>
        </Data>
        <Data name="Source_File">
          <value>Nashik_Makhmalabad_establishments.xlsx</value>
        </Data>
      </ExtendedData>
      <Point>
        <coordinates>
          73.7832085,20.0341291,0
        </coordinates>
      </Point>
    </Placemark>
    <Placemark>
      <name>UNIQUE CORPORATION</name>
      <description><![CDATA[Category: manufacturer<br>Address: Ram Krushna Apartment, Jai Bhavani Rd, Adke Nagar, Deolali Gaon, Nashik, Maharashtra 422102, India<br>Latitude: 19.9492666<br>Longitude: 73.8262049<br>Place_ID: ChIJS0w-aACV3TsRYeLGnLqCCus<br>Source_File: Nashik_Deolali_Gaon_Artillery_industrial.xlsx]]></description>
      <styleUrl>#icon-1899-0288D1</styleUrl>
      <ExtendedData>
        <Data name="Category">
          <value>manufacturer</value>
        </Data>
        <Data name="Address">
          <value>Ram Krushna Apartment, Jai Bhavani Rd, Adke Nagar, Deolali Gaon, Nashik, Maharashtra 422102, India</value>
        </Data>
        <Data name="Latitude">
          <value>19.9492666</value>
        </Data>
        <Data name="Longitude">
          <value>73.8262049</value>
        </Data>
        <Data name="Place_ID">
          <value>ChIJS0w-aACV3TsRYeLGnLqCCus</value>
        </Data>
        <Data name="Source_File">
          <value>Nashik_Deolali_Gaon_Artillery_industrial.xlsx</value>
        </Data>
      </ExtendedData>
      <Point>
        <coordinates>
          73.8262049,19.9492666,0
        </coordinates>
      </Point>
    </Placemark>
    <Placemark>
      <name>Ck Fabrication And engineering work</name>
      <description><![CDATA[Category: manufacturer<br>Address: WRVM+WPQ, Deolali Gaon, Nashik, Maharashtra 422101, India<br>Latitude: 19.9448357<br>Longitude: 73.8343553<br>Place_ID: ChIJPWtvKACV3TsRvYg6qfUPw2k<br>Source_File: Nashik_Deolali_Gaon_Artillery_industrial.xlsx]]></description>
      <styleUrl>#icon-1899-0288D1</styleUrl>
      <ExtendedData>
        <Data name="Category">
          <value>manufacturer</value>
        </Data>
        <Data name="Address">
          <value>WRVM+WPQ, Deolali Gaon, Nashik, Maharashtra 422101, India</value>
        </Data>
        <Data name="Latitude">
          <value>19.9448357</value>
        </Data>
        <Data name="Longitude">
          <value>73.8343553</value>
        </Data>
        <Data name="Place_ID">
          <value>ChIJPWtvKACV3TsRvYg6qfUPw2k</value>
        </Data>
        <Data name="Source_File">
          <value>Nashik_Deolali_Gaon_Artillery_industrial.xlsx</value>
        </Data>
      </ExtendedData>
      <Point>
        <coordinates>
          73.8343553,19.9448357,0
        </coordinates>
      </Point>
    </Placemark>
    <Placemark>
      <name>JSW Shoppe - Ramdev Steel</name>
      <description><![CDATA[Category: manufacturer<br>Address: Shop No 78, Ratnabhushan Apartment, Artillery Centre Rd, Jadhav Mala, Kolemala, Nashik, Maharashtra 422102, India<br>Latitude: 19.946894<br>Longitude: 73.8293364<br>Place_ID: ChIJodEAhkeV3TsRJlr7lWCko0Q<br>Source_File: Nashik_Deolali_Gaon_Artillery_industrial.xlsx]]></description>
      <styleUrl>#icon-1899-0288D1</styleUrl>
      <ExtendedData>
        <Data name="Category">
          <value>manufacturer</value>
        </Data>
        <Data name="Address">
          <value>Shop No 78, Ratnabhushan Apartment, Artillery Centre Rd, Jadhav Mala, Kolemala, Nashik, Maharashtra 422102, India</value>
        </Data>
        <Data name="Latitude">
          <value>19.946894</value>
        </Data>
        <Data name="Longitude">
          <value>73.8293364</value>
        </Data>
        <Data name="Place_ID">
          <value>ChIJodEAhkeV3TsRJlr7lWCko0Q</value>
        </Data>
        <Data name="Source_File">
          <value>Nashik_Deolali_Gaon_Artillery_industrial.xlsx</value>
        </Data>
      </ExtendedData>
      <Point>
        <coordinates>
          73.8293364,19.946894,0
        </coordinates>
      </Point>
    </Placemark>
    <Placemark>
      <name>BHAGTARA JUTE INDUSTRIES PVT.LTD.</name>
      <description><![CDATA[Category: manufacturer<br>Address: 7 DESHMUKH SHOPPING CENTRE SUBHASH ROAD NR. RAILWAY STATION, Rajwada Nagar, Nashik Road, Nashik, Maharashtra 422101, India<br>Latitude: 19.9468056<br>Longitude: 73.838506<br>Place_ID: ChIJK4nQNliV3TsRMptpvlCQwec<br>Source_File: Nashik_nDeolali_Gao_industrial.xlsx]]></description>
      <styleUrl>#icon-1899-0288D1</styleUrl>
      <ExtendedData>
        <Data name="Category">
          <value>manufacturer</value>
        </Data>
        <Data name="Address">
          <value>7 DESHMUKH SHOPPING CENTRE SUBHASH ROAD NR. RAILWAY STATION, Rajwada Nagar, Nashik Road, Nashik, Maharashtra 422101, India</value>
        </Data>
        <Data name="Latitude">
          <value>19.9468056</value>
        </Data>
        <Data name="Longitude">
          <value>73.838506</value>
        </Data>
        <Data name="Place_ID">
          <value>ChIJK4nQNliV3TsRMptpvlCQwec</value>
        </Data>
        <Data name="Source_File">
          <value>Nashik_nDeolali_Gao_industrial.xlsx</value>
        </Data>
      </ExtendedData>
      <Point>
        <coordinates>
          73.838506,19.9468056,0
        </coordinates>
      </Point>
    </Placemark>
    <Placemark>
      <name>SHAHTECH(Century Enterprises) Pvt.Ltd</name>
      <description><![CDATA[Category: manufacturer<br>Address: Ratna Bhushan, 4 & 5, near Maheshwari Bhawan, near Jadhav Mala, Jadhav Mala, Deolali Gaon, Nashik, Maharashtra 422102, India<br>Latitude: 19.9452295<br>Longitude: 73.8308903<br>Place_ID: ChIJjZK6FJGV3TsR8XA1Sbs_N0o<br>Source_File: Nashik_nDeolali_Gao_industrial.xlsx]]></description>
      <styleUrl>#icon-1899-0288D1</styleUrl>
      <ExtendedData>
        <Data name="Category">
          <value>manufacturer</value>
        </Data>
        <Data name="Address">
          <value><![CDATA[Ratna Bhushan, 4 & 5, near Maheshwari Bhawan, near Jadhav Mala, Jadhav Mala, Deolali Gaon, Nashik, Maharashtra 422102, India]]></value>
        </Data>
        <Data name="Latitude">
          <value>19.9452295</value>
        </Data>
        <Data name="Longitude">
          <value>73.8308903</value>
        </Data>
        <Data name="Place_ID">
          <value>ChIJjZK6FJGV3TsR8XA1Sbs_N0o</value>
        </Data>
        <Data name="Source_File">
          <value>Nashik_nDeolali_Gao_industrial.xlsx</value>
        </Data>
      </ExtendedData>
      <Point>
        <coordinates>
          73.8308903,19.9452295,0
        </coordinates>
      </Point>
    </Placemark>
    <Placemark>
      <name>Samrat Agarbatti</name>
      <description><![CDATA[Category: manufacturer<br>Address: Shop No 17, near Anjuman, Deolali Gaon, Nashik, Maharashtra 422101, India<br>Latitude: 19.9444384<br>Longitude: 73.8341207<br>Place_ID: ChIJbVGQjdKV3TsRcYecGQQ5mm4<br>Source_File: Nashik_nDeolali_Gao_industrial.xlsx]]></description>
      <styleUrl>#icon-1899-0288D1</styleUrl>
      <ExtendedData>
        <Data name="Category">
          <value>manufacturer</value>
        </Data>
        <Data name="Address">
          <value>Shop No 17, near Anjuman, Deolali Gaon, Nashik, Maharashtra 422101, India</value>
        </Data>
        <Data name="Latitude">
          <value>19.9444384</value>
        </Data>
        <Data name="Longitude">
          <value>73.8341207</value>
        </Data>
        <Data name="Place_ID">
          <value>ChIJbVGQjdKV3TsRcYecGQQ5mm4</value>
        </Data>
        <Data name="Source_File">
          <value>Nashik_nDeolali_Gao_industrial.xlsx</value>
        </Data>
      </ExtendedData>
      <Point>
        <coordinates>
          73.8341207,19.9444384,0
        </coordinates>
      </Point>
    </Placemark>
    <Placemark>
      <name>S.S. Fabrication</name>
      <description><![CDATA[Category: manufacturer<br>Address: Nashik Rd, Rajwada Nagar, D. Gaon, Nashik, Maharashtra 422101, India<br>Latitude: 19.9442334<br>Longitude: 73.8389561<br>Place_ID: ChIJvVN9HVmV3TsR9pnbYYpVeh0<br>Source_File: Nashik_nDeolali_Gao_industrial.xlsx]]></description>
      <styleUrl>#icon-1899-0288D1</styleUrl>
      <ExtendedData>
        <Data name="Category">
          <value>manufacturer</value>
        </Data>
        <Data name="Address">
          <value>Nashik Rd, Rajwada Nagar, D. Gaon, Nashik, Maharashtra 422101, India</value>
        </Data>
        <Data name="Latitude">
          <value>19.9442334</value>
        </Data>
        <Data name="Longitude">
          <value>73.8389561</value>
        </Data>
        <Data name="Place_ID">
          <value>ChIJvVN9HVmV3TsR9pnbYYpVeh0</value>
        </Data>
        <Data name="Source_File">
          <value>Nashik_nDeolali_Gao_industrial.xlsx</value>
        </Data>
      </ExtendedData>
      <Point>
        <coordinates>
          73.8389561,19.9442334,0
        </coordinates>
      </Point>
    </Placemark>
    <Placemark>
      <name>NamasteNuts Cashew</name>
      <description><![CDATA[Category: manufacturer<br>Address: WADNER DUMALATAL & DIST, Gandhi Nagar Airport Area, R 147, Nashik, WADNER DUMALA, Maharashtra 422102, India<br>Latitude: 19.9426719<br>Longitude: 73.8030387<br>Place_ID: ChIJIUrx1TGT3TsRJlX4HSTWPNg<br>Source_File: Nashik_Deolali_Gaon_Artillery_industrial.xlsx]]></description>
      <styleUrl>#icon-1899-0288D1</styleUrl>
      <ExtendedData>
        <Data name="Category">
          <value>manufacturer</value>
        </Data>
        <Data name="Address">
          <value><![CDATA[WADNER DUMALATAL & DIST, Gandhi Nagar Airport Area, R 147, Nashik, WADNER DUMALA, Maharashtra 422102, India]]></value>
        </Data>
        <Data name="Latitude">
          <value>19.9426719</value>
        </Data>
        <Data name="Longitude">
          <value>73.8030387</value>
        </Data>
        <Data name="Place_ID">
          <value>ChIJIUrx1TGT3TsRJlX4HSTWPNg</value>
        </Data>
        <Data name="Source_File">
          <value>Nashik_Deolali_Gaon_Artillery_industrial.xlsx</value>
        </Data>
      </ExtendedData>
      <Point>
        <coordinates>
          73.8030387,19.9426719,0
        </coordinates>
      </Point>
    </Placemark>
    <Placemark>
      <name>Food Truck Manufacturer-KAT KAT NAKO.COM</name>
      <description><![CDATA[Category: manufacturer<br>Address: in front of water Tank, Vadner dumal, Vadner Dumala, Nashik, Maharashtra 422102, India<br>Latitude: 19.9337569<br>Longitude: 73.8120548<br>Place_ID: ChIJpTiB4YCV3TsR3GFxK4wcUg4<br>Source_File: Nashik_Deolali_Gaon_Artillery_industrial.xlsx]]></description>
      <styleUrl>#icon-1899-0288D1</styleUrl>
      <ExtendedData>
        <Data name="Category">
          <value>manufacturer</value>
        </Data>
        <Data name="Address">
          <value>in front of water Tank, Vadner dumal, Vadner Dumala, Nashik, Maharashtra 422102, India</value>
        </Data>
        <Data name="Latitude">
          <value>19.9337569</value>
        </Data>
        <Data name="Longitude">
          <value>73.8120548</value>
        </Data>
        <Data name="Place_ID">
          <value>ChIJpTiB4YCV3TsR3GFxK4wcUg4</value>
        </Data>
        <Data name="Source_File">
          <value>Nashik_Deolali_Gaon_Artillery_industrial.xlsx</value>
        </Data>
      </ExtendedData>
      <Point>
        <coordinates>
          73.8120548,19.9337569,0
        </coordinates>
      </Point>
    </Placemark>
    <Placemark>
      <name>TEAMS INSTRUMENTS MFG. PVT. LTD</name>
      <description><![CDATA[Category: manufacturer<br>Address: Sr. No. 88/17, Kumbhar Mala, CAMP Road, nr. Mari Mata Mandir, Vadner Dumala, Nashik, Maharashtra 422401, India<br>Latitude: 19.929091<br>Longitude: 73.8124537<br>Place_ID: ChIJsY7eCACV3TsR4qWuzwZL1D4<br>Source_File: Nashik_Deolali_Gaon_Artillery_industrial.xlsx]]></description>
      <styleUrl>#icon-1899-0288D1</styleUrl>
      <ExtendedData>
        <Data name="Category">
          <value>manufacturer</value>
        </Data>
        <Data name="Address">
          <value>Sr. No. 88/17, Kumbhar Mala, CAMP Road, nr. Mari Mata Mandir, Vadner Dumala, Nashik, Maharashtra 422401, India</value>
        </Data>
        <Data name="Latitude">
          <value>19.929091</value>
        </Data>
        <Data name="Longitude">
          <value>73.8124537</value>
        </Data>
        <Data name="Place_ID">
          <value>ChIJsY7eCACV3TsR4qWuzwZL1D4</value>
        </Data>
        <Data name="Source_File">
          <value>Nashik_Deolali_Gaon_Artillery_industrial.xlsx</value>
        </Data>
      </ExtendedData>
      <Point>
        <coordinates>
          73.8124537,19.929091,0
        </coordinates>
      </Point>
    </Placemark>
    <Placemark>
      <name>Nirmal Enterprises</name>
      <description><![CDATA[Category: manufacturer<br>Address: 19 Shanti Park CHS, Lam road Vihitgaon, Kothule Mala, Nashik, Maharashtra 422401, India<br>Latitude: 19.931<br>Longitude: 73.833625<br>Place_ID: ChIJfagJj2aV3TsRpKuhVWDFy7Y<br>Source_File: Nashik_Deolali_Gaon_Artillery_industrial.xlsx]]></description>
      <styleUrl>#icon-1899-0288D1</styleUrl>
      <ExtendedData>
        <Data name="Category">
          <value>manufacturer</value>
        </Data>
        <Data name="Address">
          <value>19 Shanti Park CHS, Lam road Vihitgaon, Kothule Mala, Nashik, Maharashtra 422401, India</value>
        </Data>
        <Data name="Latitude">
          <value>19.931</value>
        </Data>
        <Data name="Longitude">
          <value>73.833625</value>
        </Data>
        <Data name="Place_ID">
          <value>ChIJfagJj2aV3TsRpKuhVWDFy7Y</value>
        </Data>
        <Data name="Source_File">
          <value>Nashik_Deolali_Gaon_Artillery_industrial.xlsx</value>
        </Data>
      </ExtendedData>
      <Point>
        <coordinates>
          73.833625,19.931,0
        </coordinates>
      </Point>
    </Placemark>
    <Placemark>
      <name>Manudevi furniture</name>
      <description><![CDATA[Category: manufacturer<br>Address: WRV2+3GF Manudevi furniture, Pathardi - Vadner Dumala Rd, Nashik, Maharashtra 422010, India<br>Latitude: 19.942685<br>Longitude: 73.8012915<br>Place_ID: ChIJzYYpOQCV3TsRVqQx4VRgak4<br>Source_File: Nashik_Deolali_Gaon_Artillery_industrial.xlsx]]></description>
      <styleUrl>#icon-1899-0288D1</styleUrl>
      <ExtendedData>
        <Data name="Category">
          <value>manufacturer</value>
        </Data>
        <Data name="Address">
          <value>WRV2+3GF Manudevi furniture, Pathardi - Vadner Dumala Rd, Nashik, Maharashtra 422010, India</value>
        </Data>
        <Data name="Latitude">
          <value>19.942685</value>
        </Data>
        <Data name="Longitude">
          <value>73.8012915</value>
        </Data>
        <Data name="Place_ID">
          <value>ChIJzYYpOQCV3TsRVqQx4VRgak4</value>
        </Data>
        <Data name="Source_File">
          <value>Nashik_Deolali_Gaon_Artillery_industrial.xlsx</value>
        </Data>
      </ExtendedData>
      <Point>
        <coordinates>
          73.8012915,19.942685,0
        </coordinates>
      </Point>
    </Placemark>
    <Placemark>
      <name>AlcoBreath Alcohol Tester Breathalyzer Machine</name>
      <description><![CDATA[Category: manufacturer<br>Address: Shop no. 7, New Renuka Garden, Mahalaxmi Building, Lam Rd, opp. Saubhagya Nagar, Kothule Mala, Nashik, Maharashtra 422401, India<br>Latitude: 19.9297953<br>Longitude: 73.8338836<br>Place_ID: ChIJh88ffziV3TsRWRCig6DFEDU<br>Source_File: Nashik_nDeolali_Gao_industrial.xlsx]]></description>
      <styleUrl>#icon-1899-0288D1</styleUrl>
      <ExtendedData>
        <Data name="Category">
          <value>manufacturer</value>
        </Data>
        <Data name="Address">
          <value>Shop no. 7, New Renuka Garden, Mahalaxmi Building, Lam Rd, opp. Saubhagya Nagar, Kothule Mala, Nashik, Maharashtra 422401, India</value>
        </Data>
        <Data name="Latitude">
          <value>19.9297953</value>
        </Data>
        <Data name="Longitude">
          <value>73.8338836</value>
        </Data>
        <Data name="Place_ID">
          <value>ChIJh88ffziV3TsRWRCig6DFEDU</value>
        </Data>
        <Data name="Source_File">
          <value>Nashik_nDeolali_Gao_industrial.xlsx</value>
        </Data>
      </ExtendedData>
      <Point>
        <coordinates>
          73.8338836,19.9297953,0
        </coordinates>
      </Point>
    </Placemark>
    <Placemark>
      <name><![CDATA[Ambad Industries Manufacturer's Association.]]></name>
      <description><![CDATA[Category: corporate_office<br>Address: AIMA RECREATION CENTER, P-25, MIDC Ambad, Nashik, Maharashtra 422010, India<br>Latitude: 19.9499162<br>Longitude: 73.733269<br>Place_ID: ChIJs8Qdui7t3TsRthi6K6v2iUM<br>Source_File: Nashik_Ambad_industrial.xlsx]]></description>
      <styleUrl>#icon-1899-0288D1</styleUrl>
      <ExtendedData>
        <Data name="Category">
          <value>corporate_office</value>
        </Data>
        <Data name="Address">
          <value>AIMA RECREATION CENTER, P-25, MIDC Ambad, Nashik, Maharashtra 422010, India</value>
        </Data>
        <Data name="Latitude">
          <value>19.9499162</value>
        </Data>
        <Data name="Longitude">
          <value>73.733269</value>
        </Data>
        <Data name="Place_ID">
          <value>ChIJs8Qdui7t3TsRthi6K6v2iUM</value>
        </Data>
        <Data name="Source_File">
          <value>Nashik_Ambad_industrial.xlsx</value>
        </Data>
      </ExtendedData>
      <Point>
        <coordinates>
          73.733269,19.9499162,0
        </coordinates>
      </Point>
    </Placemark>
    <Placemark>
      <name>Athira Engineering Works Pvt. Ltd.</name>
      <description><![CDATA[Category: corporate_office<br>Address: MIDC Ambad, Nashik, Maharashtra 422010, India<br>Latitude: 19.9607404<br>Longitude: 73.7401432<br>Place_ID: ChIJWVY3f3Dt3TsRVIPO25Wli6I<br>Source_File: Nashik_Ambad_industrial.xlsx]]></description>
      <styleUrl>#icon-1899-0288D1</styleUrl>
      <ExtendedData>
        <Data name="Category">
          <value>corporate_office</value>
        </Data>
        <Data name="Address">
          <value>MIDC Ambad, Nashik, Maharashtra 422010, India</value>
        </Data>
        <Data name="Latitude">
          <value>19.9607404</value>
        </Data>
        <Data name="Longitude">
          <value>73.7401432</value>
        </Data>
        <Data name="Place_ID">
          <value>ChIJWVY3f3Dt3TsRVIPO25Wli6I</value>
        </Data>
        <Data name="Source_File">
          <value>Nashik_Ambad_industrial.xlsx</value>
        </Data>
      </ExtendedData>
      <Point>
        <coordinates>
          73.7401432,19.9607404,0
        </coordinates>
      </Point>
    </Placemark>
    <Placemark>
      <name>SUPERNOVA HOUSE</name>
      <description><![CDATA[Category: corporate_office<br>Address: Plot No.5, Survey No.320/1, Pathardi Shivar, Pathardi, Pathardi Deolali Road, Behind Hotel New Rayaba, Wasan Nagar, Pathardi Phata, Nashik, Maharashtra 422010, India<br>Latitude: 19.9513343<br>Longitude: 73.7658441<br>Place_ID: ChIJFSQhsVCV3TsRn_AmPgJux4U<br>Source_File: Nashik_Pathardi_Phata_industrial.xlsx]]></description>
      <styleUrl>#icon-1899-0288D1</styleUrl>
      <ExtendedData>
        <Data name="Category">
          <value>corporate_office</value>
        </Data>
        <Data name="Address">
          <value>Plot No.5, Survey No.320/1, Pathardi Shivar, Pathardi, Pathardi Deolali Road, Behind Hotel New Rayaba, Wasan Nagar, Pathardi Phata, Nashik, Maharashtra 422010, India</value>
        </Data>
        <Data name="Latitude">
          <value>19.9513343</value>
        </Data>
        <Data name="Longitude">
          <value>73.7658441</value>
        </Data>
        <Data name="Place_ID">
          <value>ChIJFSQhsVCV3TsRn_AmPgJux4U</value>
        </Data>
        <Data name="Source_File">
          <value>Nashik_Pathardi_Phata_industrial.xlsx</value>
        </Data>
      </ExtendedData>
      <Point>
        <coordinates>
          73.7658441,19.9513343,0
        </coordinates>
      </Point>
    </Placemark>
    <Placemark>
      <name>The Wellness Square</name>
      <description><![CDATA[Category: general_contractor<br>Address: S. no. 318/1, 3, Pathardi Deolali Link Rd, Dnyaneshwar Nagar, Pathardi Phata, Nashik, Maharashtra 422009, India<br>Latitude: 19.9558076<br>Longitude: 73.7616575<br>Place_ID: ChIJh3qpf_vr3TsRRj8UDSp6XzY<br>Source_File: Nashik_Pathardi_Phata_industrial.xlsx]]></description>
      <styleUrl>#icon-1899-0288D1</styleUrl>
      <ExtendedData>
        <Data name="Category">
          <value>general_contractor</value>
        </Data>
        <Data name="Address">
          <value>S. no. 318/1, 3, Pathardi Deolali Link Rd, Dnyaneshwar Nagar, Pathardi Phata, Nashik, Maharashtra 422009, India</value>
        </Data>
        <Data name="Latitude">
          <value>19.9558076</value>
        </Data>
        <Data name="Longitude">
          <value>73.7616575</value>
        </Data>
        <Data name="Place_ID">
          <value>ChIJh3qpf_vr3TsRRj8UDSp6XzY</value>
        </Data>
        <Data name="Source_File">
          <value>Nashik_Pathardi_Phata_industrial.xlsx</value>
        </Data>
      </ExtendedData>
      <Point>
        <coordinates>
          73.7616575,19.9558076,0
        </coordinates>
      </Point>
    </Placemark>
    <Placemark>
      <name>Ambad MIDC</name>
      <description><![CDATA[Category: manufacturer<br>Address: XP3J+CRV, Ambad, MIDC, MIDC Ambad, Nashik, Maharashtra 422010, India<br>Latitude: 19.9536218<br>Longitude: 73.7320472<br>Place_ID: ChIJBXwRarnt3TsRyMc_GNAb1_w<br>Source_File: Nashik_Ambad_industrial.xlsx]]></description>
      <styleUrl>#icon-1899-0288D1</styleUrl>
      <ExtendedData>
        <Data name="Category">
          <value>manufacturer</value>
        </Data>
        <Data name="Address">
          <value>XP3J+CRV, Ambad, MIDC, MIDC Ambad, Nashik, Maharashtra 422010, India</value>
        </Data>
        <Data name="Latitude">
          <value>19.9536218</value>
        </Data>
        <Data name="Longitude">
          <value>73.7320472</value>
        </Data>
        <Data name="Place_ID">
          <value>ChIJBXwRarnt3TsRyMc_GNAb1_w</value>
        </Data>
        <Data name="Source_File">
          <value>Nashik_Ambad_industrial.xlsx</value>
        </Data>
      </ExtendedData>
      <Point>
        <coordinates>
          73.7320472,19.9536218,0
        </coordinates>
      </Point>
    </Placemark>
    <Placemark>
      <name>Ukay Metal Industries Private Limited</name>
      <description><![CDATA[Category: manufacturer<br>Address: F-139, M I D C Ambad, MIDC Ambad, Nashik, Maharashtra 422010, India<br>Latitude: 19.95661<br>Longitude: 73.7325013<br>Place_ID: ChIJS-fyOgHr3TsRF8er8ShVWT8<br>Source_File: Nashik_Ambad_industrial.xlsx]]></description>
      <styleUrl>#icon-1899-0288D1</styleUrl>
      <ExtendedData>
        <Data name="Category">
          <value>manufacturer</value>
        </Data>
        <Data name="Address">
          <value>F-139, M I D C Ambad, MIDC Ambad, Nashik, Maharashtra 422010, India</value>
        </Data>
        <Data name="Latitude">
          <value>19.95661</value>
        </Data>
        <Data name="Longitude">
          <value>73.7325013</value>
        </Data>
        <Data name="Place_ID">
          <value>ChIJS-fyOgHr3TsRF8er8ShVWT8</value>
        </Data>
        <Data name="Source_File">
          <value>Nashik_Ambad_industrial.xlsx</value>
        </Data>
      </ExtendedData>
      <Point>
        <coordinates>
          73.7325013,19.95661,0
        </coordinates>
      </Point>
    </Placemark>
    <Placemark>
      <name>Copper Track Industries</name>
      <description><![CDATA[Category: manufacturer<br>Address: M-76, MIDC Area, MIDC Ambad, Nashik, Maharashtra 422010, India<br>Latitude: 19.9584506<br>Longitude: 73.7397065<br>Place_ID: ChIJ1eqbCFbr3TsRjMCqSN-gCpk<br>Source_File: Nashik_Ambad_industrial.xlsx]]></description>
      <styleUrl>#icon-1899-0288D1</styleUrl>
      <ExtendedData>
        <Data name="Category">
          <value>manufacturer</value>
        </Data>
        <Data name="Address">
          <value>M-76, MIDC Area, MIDC Ambad, Nashik, Maharashtra 422010, India</value>
        </Data>
        <Data name="Latitude">
          <value>19.9584506</value>
        </Data>
        <Data name="Longitude">
          <value>73.7397065</value>
        </Data>
        <Data name="Place_ID">
          <value>ChIJ1eqbCFbr3TsRjMCqSN-gCpk</value>
        </Data>
        <Data name="Source_File">
          <value>Nashik_Ambad_industrial.xlsx</value>
        </Data>
      </ExtendedData>
      <Point>
        <coordinates>
          73.7397065,19.9584506,0
        </coordinates>
      </Point>
    </Placemark>
    <Placemark>
      <name>HALDEX INDIA PVT LTD - P1</name>
      <description><![CDATA[Category: manufacturer<br>Address: B-71, MIDC Ambad, Nashik, Maharashtra 422010, India<br>Latitude: 19.9587052<br>Longitude: 73.7505373<br>Place_ID: ChIJDxMwXFbr3TsRsJdwwV-csCA<br>Source_File: Nashik_Ambad_industrial.xlsx]]></description>
      <styleUrl>#icon-1899-0288D1</styleUrl>
      <ExtendedData>
        <Data name="Category">
          <value>manufacturer</value>
        </Data>
        <Data name="Address">
          <value>B-71, MIDC Ambad, Nashik, Maharashtra 422010, India</value>
        </Data>
        <Data name="Latitude">
          <value>19.9587052</value>
        </Data>
        <Data name="Longitude">
          <value>73.7505373</value>
        </Data>
        <Data name="Place_ID">
          <value>ChIJDxMwXFbr3TsRsJdwwV-csCA</value>
        </Data>
        <Data name="Source_File">
          <value>Nashik_Ambad_industrial.xlsx</value>
        </Data>
      </ExtendedData>
      <Point>
        <coordinates>
          73.7505373,19.9587052,0
        </coordinates>
      </Point>
    </Placemark>
    <Placemark>
      <name>Siemens India Limited</name>
      <description><![CDATA[Category: manufacturer<br>Address: Plot No C1, Additional Industrial Area, M I D C Ambad, Nashik, MIDC Ambad, Nashik, Maharashtra 422010, India<br>Latitude: 19.9568007<br>Longitude: 73.7368597<br>Place_ID: ChIJ____v6_s3TsRcBDoPMvAb1o<br>Source_File: Nashik_Ambad_industrial.xlsx]]></description>
      <styleUrl>#icon-1899-0288D1</styleUrl>
      <ExtendedData>
        <Data name="Category">
          <value>manufacturer</value>
        </Data>
        <Data name="Address">
          <value>Plot No C1, Additional Industrial Area, M I D C Ambad, Nashik, MIDC Ambad, Nashik, Maharashtra 422010, India</value>
        </Data>
        <Data name="Latitude">
          <value>19.9568007</value>
        </Data>
        <Data name="Longitude">
          <value>73.7368597</value>
        </Data>
        <Data name="Place_ID">
          <value>ChIJ____v6_s3TsRcBDoPMvAb1o</value>
        </Data>
        <Data name="Source_File">
          <value>Nashik_Ambad_industrial.xlsx</value>
        </Data>
      </ExtendedData>
      <Point>
        <coordinates>
          73.7368597,19.9568007,0
        </coordinates>
      </Point>
    </Placemark>
    <Placemark>
      <name>Sudal Industries Ltd</name>
      <description><![CDATA[Category: manufacturer<br>Address: Plot No A5, MIDC Ambad, Nashik, Maharashtra 422010, India<br>Latitude: 19.9488343<br>Longitude: 73.7491095<br>Place_ID: ChIJT-9jmKqU3TsRkzcFqVmKsgI<br>Source_File: Nashik_Ambad_industrial.xlsx]]></description>
      <styleUrl>#icon-1899-0288D1</styleUrl>
      <ExtendedData>
        <Data name="Category">
          <value>manufacturer</value>
        </Data>
        <Data name="Address">
          <value>Plot No A5, MIDC Ambad, Nashik, Maharashtra 422010, India</value>
        </Data>
        <Data name="Latitude">
          <value>19.9488343</value>
        </Data>
        <Data name="Longitude">
          <value>73.7491095</value>
        </Data>
        <Data name="Place_ID">
          <value>ChIJT-9jmKqU3TsRkzcFqVmKsgI</value>
        </Data>
        <Data name="Source_File">
          <value>Nashik_Ambad_industrial.xlsx</value>
        </Data>
      </ExtendedData>
      <Point>
        <coordinates>
          73.7491095,19.9488343,0
        </coordinates>
      </Point>
    </Placemark>
    <Placemark>
      <name><![CDATA[KALPATECH ENGINEERS & INDUSTRIES LTD.]]></name>
      <description><![CDATA[Category: manufacturer<br>Address: Plot No-M-33, MIDC Industrial Area, Ambad, MIDC Ambad, Nashik, Maharashtra 422010, India<br>Latitude: 19.9581514<br>Longitude: 73.7361276<br>Place_ID: ChIJAQAAAFCT3TsRws-Vk3mitCE<br>Source_File: Nashik_Ambad_industrial.xlsx]]></description>
      <styleUrl>#icon-1899-0288D1</styleUrl>
      <ExtendedData>
        <Data name="Category">
          <value>manufacturer</value>
        </Data>
        <Data name="Address">
          <value>Plot No-M-33, MIDC Industrial Area, Ambad, MIDC Ambad, Nashik, Maharashtra 422010, India</value>
        </Data>
        <Data name="Latitude">
          <value>19.9581514</value>
        </Data>
        <Data name="Longitude">
          <value>73.7361276</value>
        </Data>
        <Data name="Place_ID">
          <value>ChIJAQAAAFCT3TsRws-Vk3mitCE</value>
        </Data>
        <Data name="Source_File">
          <value>Nashik_Ambad_industrial.xlsx</value>
        </Data>
      </ExtendedData>
      <Point>
        <coordinates>
          73.7361276,19.9581514,0
        </coordinates>
      </Point>
    </Placemark>
    <Placemark>
      <name>Indoline Industries Pvt Ltd</name>
      <description><![CDATA[Category: manufacturer<br>Address: B-68/1, MIDC, Ambad, XQ62+69F, State Highway 27, behind Taj Residency, Flora Town, MIDC Ambad, Nashik, Maharashtra 422010, India<br>Latitude: 19.9601053<br>Longitude: 73.7525782<br>Place_ID: ChIJF0iy2Fbr3TsRbptk3P_WTRU<br>Source_File: Nashik_Ambad_industrial.xlsx]]></description>
      <styleUrl>#icon-1899-0288D1</styleUrl>
      <ExtendedData>
        <Data name="Category">
          <value>manufacturer</value>
        </Data>
        <Data name="Address">
          <value>B-68/1, MIDC, Ambad, XQ62+69F, State Highway 27, behind Taj Residency, Flora Town, MIDC Ambad, Nashik, Maharashtra 422010, India</value>
        </Data>
        <Data name="Latitude">
          <value>19.9601053</value>
        </Data>
        <Data name="Longitude">
          <value>73.7525782</value>
        </Data>
        <Data name="Place_ID">
          <value>ChIJF0iy2Fbr3TsRbptk3P_WTRU</value>
        </Data>
        <Data name="Source_File">
          <value>Nashik_Ambad_industrial.xlsx</value>
        </Data>
      </ExtendedData>
      <Point>
        <coordinates>
          73.7525782,19.9601053,0
        </coordinates>
      </Point>
    </Placemark>
    <Placemark>
      <name>Fabex Engineering Pvt. Ltd.</name>
      <description><![CDATA[Category: manufacturer<br>Address: Pilot Plant, W, 45(B, MIDC Ambad, Nashik, Maharashtra 422010, India<br>Latitude: 19.9600677<br>Longitude: 73.7380943<br>Place_ID: ChIJhcpY5Vbr3TsRuqVON23K4og<br>Source_File: Nashik_Ambad_industrial.xlsx]]></description>
      <styleUrl>#icon-1899-0288D1</styleUrl>
      <ExtendedData>
        <Data name="Category">
          <value>manufacturer</value>
        </Data>
        <Data name="Address">
          <value>Pilot Plant, W, 45(B, MIDC Ambad, Nashik, Maharashtra 422010, India</value>
        </Data>
        <Data name="Latitude">
          <value>19.9600677</value>
        </Data>
        <Data name="Longitude">
          <value>73.7380943</value>
        </Data>
        <Data name="Place_ID">
          <value>ChIJhcpY5Vbr3TsRuqVON23K4og</value>
        </Data>
        <Data name="Source_File">
          <value>Nashik_Ambad_industrial.xlsx</value>
        </Data>
      </ExtendedData>
      <Point>
        <coordinates>
          73.7380943,19.9600677,0
        </coordinates>
      </Point>
    </Placemark>
    <Placemark>
      <name>MAULI INDUSTRIES</name>
      <description><![CDATA[Category: manufacturer<br>Address: Plot No. B1/2/12, near GABRIAL INDIA, MIDC, MIDC Ambad, Nashik, AMBAD, Maharashtra 422010, India<br>Latitude: 19.9529106<br>Longitude: 73.7530898<br>Place_ID: ChIJ4XPx7ruT3TsRr8IF0RR1GmA<br>Source_File: Nashik_Ambad_industrial.xlsx]]></description>
      <styleUrl>#icon-1899-0288D1</styleUrl>
      <ExtendedData>
        <Data name="Category">
          <value>manufacturer</value>
        </Data>
        <Data name="Address">
          <value>Plot No. B1/2/12, near GABRIAL INDIA, MIDC, MIDC Ambad, Nashik, AMBAD, Maharashtra 422010, India</value>
        </Data>
        <Data name="Latitude">
          <value>19.9529106</value>
        </Data>
        <Data name="Longitude">
          <value>73.7530898</value>
        </Data>
        <Data name="Place_ID">
          <value>ChIJ4XPx7ruT3TsRr8IF0RR1GmA</value>
        </Data>
        <Data name="Source_File">
          <value>Nashik_Ambad_industrial.xlsx</value>
        </Data>
      </ExtendedData>
      <Point>
        <coordinates>
          73.7530898,19.9529106,0
        </coordinates>
      </Point>
    </Placemark>
    <Placemark>
      <name>Ashapuri Industries | Precision machined components manufacturer in Nashik, India</name>
      <description><![CDATA[Category: manufacturer<br>Address: L-47, opp. Glaxo material gate, Nandni Nagar, MIDC Ambad, Nashik, Maharashtra 422010, India<br>Latitude: 19.9485748<br>Longitude: 73.7386157<br>Place_ID: ChIJmX5z9XaT3TsRLvcUIyhC6PU<br>Source_File: Nashik_Ambad_industrial.xlsx]]></description>
      <styleUrl>#icon-1899-0288D1</styleUrl>
      <ExtendedData>
        <Data name="Category">
          <value>manufacturer</value>
        </Data>
        <Data name="Address">
          <value>L-47, opp. Glaxo material gate, Nandni Nagar, MIDC Ambad, Nashik, Maharashtra 422010, India</value>
        </Data>
        <Data name="Latitude">
          <value>19.9485748</value>
        </Data>
        <Data name="Longitude">
          <value>73.7386157</value>
        </Data>
        <Data name="Place_ID">
          <value>ChIJmX5z9XaT3TsRLvcUIyhC6PU</value>
        </Data>
        <Data name="Source_File">
          <value>Nashik_Ambad_industrial.xlsx</value>
        </Data>
      </ExtendedData>
      <Point>
        <coordinates>
          73.7386157,19.9485748,0
        </coordinates>
      </Point>
    </Placemark>
    <Placemark>
      <name>Unique Dosing System Pvt. Ltd</name>
      <description><![CDATA[Category: manufacturer<br>Address: Plot No. - M-88, Additional Industrial Area, MIDC Ambad, Nashik, Maharashtra 422010, India<br>Latitude: 19.9567749<br>Longitude: 73.7446296<br>Place_ID: ChIJ3x6EYa3s3TsR6vU-_gwNcQ4<br>Source_File: Nashik_Ambad_industrial.xlsx]]></description>
      <styleUrl>#icon-1899-0288D1</styleUrl>
      <ExtendedData>
        <Data name="Category">
          <value>manufacturer</value>
        </Data>
        <Data name="Address">
          <value>Plot No. - M-88, Additional Industrial Area, MIDC Ambad, Nashik, Maharashtra 422010, India</value>
        </Data>
        <Data name="Latitude">
          <value>19.9567749</value>
        </Data>
        <Data name="Longitude">
          <value>73.7446296</value>
        </Data>
        <Data name="Place_ID">
          <value>ChIJ3x6EYa3s3TsR6vU-_gwNcQ4</value>
        </Data>
        <Data name="Source_File">
          <value>Nashik_Ambad_industrial.xlsx</value>
        </Data>
      </ExtendedData>
      <Point>
        <coordinates>
          73.7446296,19.9567749,0
        </coordinates>
      </Point>
    </Placemark>
    <Placemark>
      <name>TECH SAI INDUSTRIAL PARK</name>
      <description><![CDATA[Category: manufacturer<br>Address: URBANCRAFT Shop No. A-18, Tech Sai Industrial Park IT-29, 10, Power House Rd, Nandni Nagar, MIDC Ambad, Nashik, Maharashtra 422010, India<br>Latitude: 19.9504367<br>Longitude: 73.7341421<br>Place_ID: ChIJhYitNhDt3TsRk-O5g9OtOIo<br>Source_File: Nashik_Ambad_industrial.xlsx]]></description>
      <styleUrl>#icon-1899-0288D1</styleUrl>
      <ExtendedData>
        <Data name="Category">
          <value>manufacturer</value>
        </Data>
        <Data name="Address">
          <value>URBANCRAFT Shop No. A-18, Tech Sai Industrial Park IT-29, 10, Power House Rd, Nandni Nagar, MIDC Ambad, Nashik, Maharashtra 422010, India</value>
        </Data>
        <Data name="Latitude">
          <value>19.9504367</value>
        </Data>
        <Data name="Longitude">
          <value>73.7341421</value>
        </Data>
        <Data name="Place_ID">
          <value>ChIJhYitNhDt3TsRk-O5g9OtOIo</value>
        </Data>
        <Data name="Source_File">
          <value>Nashik_Ambad_industrial.xlsx</value>
        </Data>
      </ExtendedData>
      <Point>
        <coordinates>
          73.7341421,19.9504367,0
        </coordinates>
      </Point>
    </Placemark>
    <Placemark>
      <name>Multiquadrant Industrial Controls India Private Limited</name>
      <description><![CDATA[Category: manufacturer<br>Address: W-15/C, MIDC Industrial Area, MIDC Ambad, Nashik, Maharashtra 422010, India<br>Latitude: 19.9550425<br>Longitude: 73.7549825<br>Place_ID: ChIJ-50BtvLs3TsRMniE9kpBkiY<br>Source_File: Nashik_Ambad_industrial.xlsx]]></description>
      <styleUrl>#icon-1899-0288D1</styleUrl>
      <ExtendedData>
        <Data name="Category">
          <value>manufacturer</value>
        </Data>
        <Data name="Address">
          <value>W-15/C, MIDC Industrial Area, MIDC Ambad, Nashik, Maharashtra 422010, India</value>
        </Data>
        <Data name="Latitude">
          <value>19.9550425</value>
        </Data>
        <Data name="Longitude">
          <value>73.7549825</value>
        </Data>
        <Data name="Place_ID">
          <value>ChIJ-50BtvLs3TsRMniE9kpBkiY</value>
        </Data>
        <Data name="Source_File">
          <value>Nashik_Ambad_industrial.xlsx</value>
        </Data>
      </ExtendedData>
      <Point>
        <coordinates>
          73.7549825,19.9550425,0
        </coordinates>
      </Point>
    </Placemark>
    <Placemark>
      <name>Majesty Corporation</name>
      <description><![CDATA[Category: manufacturer<br>Address: near Indoline Furniture, MIDC Ambad, Nashik, Maharashtra 422010, India<br>Latitude: 19.9588493<br>Longitude: 73.751392<br>Place_ID: ChIJ-eYwusPt3TsRWSiYsul5Xko<br>Source_File: Nashik_Ambad_industrial.xlsx]]></description>
      <styleUrl>#icon-1899-0288D1</styleUrl>
      <ExtendedData>
        <Data name="Category">
          <value>manufacturer</value>
        </Data>
        <Data name="Address">
          <value>near Indoline Furniture, MIDC Ambad, Nashik, Maharashtra 422010, India</value>
        </Data>
        <Data name="Latitude">
          <value>19.9588493</value>
        </Data>
        <Data name="Longitude">
          <value>73.751392</value>
        </Data>
        <Data name="Place_ID">
          <value>ChIJ-eYwusPt3TsRWSiYsul5Xko</value>
        </Data>
        <Data name="Source_File">
          <value>Nashik_Ambad_industrial.xlsx</value>
        </Data>
      </ExtendedData>
      <Point>
        <coordinates>
          73.751392,19.9588493,0
        </coordinates>
      </Point>
    </Placemark>
    <Placemark>
      <name>Swami Samarth Electronics Pvt. Ltd.</name>
      <description><![CDATA[Category: manufacturer<br>Address: M63, MIDC Rd, opp. Dabur India Ltd, MIDC Ambad, Nashik, Maharashtra 422010, India<br>Latitude: 19.9581584<br>Longitude: 73.7402378<br>Place_ID: ChIJQWM-NXTt3TsR_Jf0YydFB7c<br>Source_File: Nashik_Ambad_industrial.xlsx]]></description>
      <styleUrl>#icon-1899-0288D1</styleUrl>
      <ExtendedData>
        <Data name="Category">
          <value>manufacturer</value>
        </Data>
        <Data name="Address">
          <value>M63, MIDC Rd, opp. Dabur India Ltd, MIDC Ambad, Nashik, Maharashtra 422010, India</value>
        </Data>
        <Data name="Latitude">
          <value>19.9581584</value>
        </Data>
        <Data name="Longitude">
          <value>73.7402378</value>
        </Data>
        <Data name="Place_ID">
          <value>ChIJQWM-NXTt3TsR_Jf0YydFB7c</value>
        </Data>
        <Data name="Source_File">
          <value>Nashik_Ambad_industrial.xlsx</value>
        </Data>
      </ExtendedData>
      <Point>
        <coordinates>
          73.7402378,19.9581584,0
        </coordinates>
      </Point>
    </Placemark>
    <Placemark>
      <name>Lear Corporation</name>
      <description><![CDATA[Category: manufacturer<br>Address: Lear Automotive India Private Limited, Ambad - Uttam Nagar Rd, MIDC Ambad, Nashik, Maharashtra 422010, India<br>Latitude: 19.9512778<br>Longitude: 73.7465393<br>Place_ID: ChIJk__dNFWT3TsRS05oE9pUZtc<br>Source_File: Nashik_Ambad_industrial.xlsx]]></description>
      <styleUrl>#icon-1899-0288D1</styleUrl>
      <ExtendedData>
        <Data name="Category">
          <value>manufacturer</value>
        </Data>
        <Data name="Address">
          <value>Lear Automotive India Private Limited, Ambad - Uttam Nagar Rd, MIDC Ambad, Nashik, Maharashtra 422010, India</value>
        </Data>
        <Data name="Latitude">
          <value>19.9512778</value>
        </Data>
        <Data name="Longitude">
          <value>73.7465393</value>
        </Data>
        <Data name="Place_ID">
          <value>ChIJk__dNFWT3TsRS05oE9pUZtc</value>
        </Data>
        <Data name="Source_File">
          <value>Nashik_Ambad_industrial.xlsx</value>
        </Data>
      </ExtendedData>
      <Point>
        <coordinates>
          73.7465393,19.9512778,0
        </coordinates>
      </Point>
    </Placemark>
    <Placemark>
      <name>ABB India Limited Plant III</name>
      <description><![CDATA[Category: manufacturer<br>Address: B-81, MIDC Ambad, Nashik, Maharashtra 422010, India<br>Latitude: 19.9542216<br>Longitude: 73.7492667<br>Place_ID: ChIJNVo5K5Lr3TsRCATOuEFWW3k<br>Source_File: Nashik_Ambad_industrial.xlsx]]></description>
      <styleUrl>#icon-1899-0288D1</styleUrl>
      <ExtendedData>
        <Data name="Category">
          <value>manufacturer</value>
        </Data>
        <Data name="Address">
          <value>B-81, MIDC Ambad, Nashik, Maharashtra 422010, India</value>
        </Data>
        <Data name="Latitude">
          <value>19.9542216</value>
        </Data>
        <Data name="Longitude">
          <value>73.7492667</value>
        </Data>
        <Data name="Place_ID">
          <value>ChIJNVo5K5Lr3TsRCATOuEFWW3k</value>
        </Data>
        <Data name="Source_File">
          <value>Nashik_Ambad_industrial.xlsx</value>
        </Data>
      </ExtendedData>
      <Point>
        <coordinates>
          73.7492667,19.9542216,0
        </coordinates>
      </Point>
    </Placemark>
    <Placemark>
      <name>KISHOR SPRINGS PRIVATE LIMITED</name>
      <description><![CDATA[Category: manufacturer<br>Address: F-143, MIDC Ambad, Nashik, Maharashtra 422010, India<br>Latitude: 19.9557187<br>Longitude: 73.7331382<br>Place_ID: ChIJ9W0fLf3t3TsR2Y5n_WGjAu4<br>Source_File: Nashik_Ambad_industrial.xlsx]]></description>
      <styleUrl>#icon-1899-0288D1</styleUrl>
      <ExtendedData>
        <Data name="Category">
          <value>manufacturer</value>
        </Data>
        <Data name="Address">
          <value>F-143, MIDC Ambad, Nashik, Maharashtra 422010, India</value>
        </Data>
        <Data name="Latitude">
          <value>19.9557187</value>
        </Data>
        <Data name="Longitude">
          <value>73.7331382</value>
        </Data>
        <Data name="Place_ID">
          <value>ChIJ9W0fLf3t3TsR2Y5n_WGjAu4</value>
        </Data>
        <Data name="Source_File">
          <value>Nashik_Ambad_industrial.xlsx</value>
        </Data>
      </ExtendedData>
      <Point>
        <coordinates>
          73.7331382,19.9557187,0
        </coordinates>
      </Point>
    </Placemark>
    <Placemark>
      <name>YOGESH INDUSTRIES.</name>
      <description><![CDATA[Category: manufacturer<br>Address: YOGESH INDUSTRIES, L-6/10, opp. GLAXO BUS STOP, Nandni Nagar, MIDC Ambad, Nashik, Maharashtra 422010, India<br>Latitude: 19.9475618<br>Longitude: 73.7379374<br>Place_ID: ChIJbe1O8VKT3TsRIxrJrva-Uec<br>Source_File: Nashik_Ambad_industrial.xlsx]]></description>
      <styleUrl>#icon-1899-0288D1</styleUrl>
      <ExtendedData>
        <Data name="Category">
          <value>manufacturer</value>
        </Data>
        <Data name="Address">
          <value>YOGESH INDUSTRIES, L-6/10, opp. GLAXO BUS STOP, Nandni Nagar, MIDC Ambad, Nashik, Maharashtra 422010, India</value>
        </Data>
        <Data name="Latitude">
          <value>19.9475618</value>
        </Data>
        <Data name="Longitude">
          <value>73.7379374</value>
        </Data>
        <Data name="Place_ID">
          <value>ChIJbe1O8VKT3TsRIxrJrva-Uec</value>
        </Data>
        <Data name="Source_File">
          <value>Nashik_Ambad_industrial.xlsx</value>
        </Data>
      </ExtendedData>
      <Point>
        <coordinates>
          73.7379374,19.9475618,0
        </coordinates>
      </Point>
    </Placemark>
    <Placemark>
      <name>Panchal Engineers India Pvt Limited</name>
      <description><![CDATA[Category: manufacturer<br>Address: D-66, MIDC Industrial Area, Ambad, Opp Central Warehouse, XP4V+M94, D70, MIDC Ambad, Nashik, Maharashtra 422010, India<br>Latitude: 19.955802<br>Longitude: 73.742047<br>Place_ID: ChIJwxdzAqzs3TsRz35T0m3T0rc<br>Source_File: Nashik_Ambad_industrial.xlsx]]></description>
      <styleUrl>#icon-1899-0288D1</styleUrl>
      <ExtendedData>
        <Data name="Category">
          <value>manufacturer</value>
        </Data>
        <Data name="Address">
          <value>D-66, MIDC Industrial Area, Ambad, Opp Central Warehouse, XP4V+M94, D70, MIDC Ambad, Nashik, Maharashtra 422010, India</value>
        </Data>
        <Data name="Latitude">
          <value>19.955802</value>
        </Data>
        <Data name="Longitude">
          <value>73.742047</value>
        </Data>
        <Data name="Place_ID">
          <value>ChIJwxdzAqzs3TsRz35T0m3T0rc</value>
        </Data>
        <Data name="Source_File">
          <value>Nashik_Ambad_industrial.xlsx</value>
        </Data>
      </ExtendedData>
      <Point>
        <coordinates>
          73.742047,19.955802,0
        </coordinates>
      </Point>
    </Placemark>
    <Placemark>
      <name>Fox Solutions Pvt Ltd</name>
      <description><![CDATA[Category: manufacturer<br>Address: M9, M I D C Area, Ambad, MIDC Ambad, Nashik, Maharashtra 422010, India<br>Latitude: 19.9570136<br>Longitude: 73.7394575<br>Place_ID: ChIJS-fyOgHr3TsRSQMUbvtU_9k<br>Source_File: Nashik_Ambad_industrial.xlsx]]></description>
      <styleUrl>#icon-1899-0288D1</styleUrl>
      <ExtendedData>
        <Data name="Category">
          <value>manufacturer</value>
        </Data>
        <Data name="Address">
          <value>M9, M I D C Area, Ambad, MIDC Ambad, Nashik, Maharashtra 422010, India</value>
        </Data>
        <Data name="Latitude">
          <value>19.9570136</value>
        </Data>
        <Data name="Longitude">
          <value>73.7394575</value>
        </Data>
        <Data name="Place_ID">
          <value>ChIJS-fyOgHr3TsRSQMUbvtU_9k</value>
        </Data>
        <Data name="Source_File">
          <value>Nashik_Ambad_industrial.xlsx</value>
        </Data>
      </ExtendedData>
      <Point>
        <coordinates>
          73.7394575,19.9570136,0
        </coordinates>
      </Point>
    </Placemark>
    <Placemark>
      <name>Om Sai Industrie</name>
      <description><![CDATA[Category: manufacturer<br>Address: Plot no - PAP-61, near Siemens company, MIDC Ambad, Nashik, Maharashtra 422010, India<br>Latitude: 19.9549501<br>Longitude: 73.7341981<br>Place_ID: ChIJaQ3Osr7t3TsRw-1Kg1UMCVg<br>Source_File: Nashik_Ambad_industrial.xlsx]]></description>
      <styleUrl>#icon-1899-0288D1</styleUrl>
      <ExtendedData>
        <Data name="Category">
          <value>manufacturer</value>
        </Data>
        <Data name="Address">
          <value>Plot no - PAP-61, near Siemens company, MIDC Ambad, Nashik, Maharashtra 422010, India</value>
        </Data>
        <Data name="Latitude">
          <value>19.9549501</value>
        </Data>
        <Data name="Longitude">
          <value>73.7341981</value>
        </Data>
        <Data name="Place_ID">
          <value>ChIJaQ3Osr7t3TsRw-1Kg1UMCVg</value>
        </Data>
        <Data name="Source_File">
          <value>Nashik_Ambad_industrial.xlsx</value>
        </Data>
      </ExtendedData>
      <Point>
        <coordinates>
          73.7341981,19.9549501,0
        </coordinates>
      </Point>
    </Placemark>
    <Placemark>
      <name>Agog Industries</name>
      <description><![CDATA[Category: manufacturer<br>Address: M41, MIDC Ambad, Nashik, Maharashtra 422010, India<br>Latitude: 19.9586198<br>Longitude: 73.7361657<br>Place_ID: ChIJEffcKq7s3TsR1DKMgraD3qM<br>Source_File: Nashik_Ambad_industrial.xlsx]]></description>
      <styleUrl>#icon-1899-0288D1</styleUrl>
      <ExtendedData>
        <Data name="Category">
          <value>manufacturer</value>
        </Data>
        <Data name="Address">
          <value>M41, MIDC Ambad, Nashik, Maharashtra 422010, India</value>
        </Data>
        <Data name="Latitude">
          <value>19.9586198</value>
        </Data>
        <Data name="Longitude">
          <value>73.7361657</value>
        </Data>
        <Data name="Place_ID">
          <value>ChIJEffcKq7s3TsR1DKMgraD3qM</value>
        </Data>
        <Data name="Source_File">
          <value>Nashik_Ambad_industrial.xlsx</value>
        </Data>
      </ExtendedData>
      <Point>
        <coordinates>
          73.7361657,19.9586198,0
        </coordinates>
      </Point>
    </Placemark>
    <Placemark>
      <name>Shree Engineering Works</name>
      <description><![CDATA[Category: manufacturer<br>Address: W-173, MIDC Ambad, Nashik, Maharashtra 422010, India<br>Latitude: 19.9531153<br>Longitude: 73.7383304<br>Place_ID: ChIJdVKIB63s3TsRxUXRqSSccjQ<br>Source_File: Nashik_Ambad_industrial.xlsx]]></description>
      <styleUrl>#icon-1899-0288D1</styleUrl>
      <ExtendedData>
        <Data name="Category">
          <value>manufacturer</value>
        </Data>
        <Data name="Address">
          <value>W-173, MIDC Ambad, Nashik, Maharashtra 422010, India</value>
        </Data>
        <Data name="Latitude">
          <value>19.9531153</value>
        </Data>
        <Data name="Longitude">
          <value>73.7383304</value>
        </Data>
        <Data name="Place_ID">
          <value>ChIJdVKIB63s3TsRxUXRqSSccjQ</value>
        </Data>
        <Data name="Source_File">
          <value>Nashik_Ambad_industrial.xlsx</value>
        </Data>
      </ExtendedData>
      <Point>
        <coordinates>
          73.7383304,19.9531153,0
        </coordinates>
      </Point>
    </Placemark>
    <Placemark>
      <name>Ritesh engineering works</name>
      <description><![CDATA[Category: manufacturer<br>Address: back side of siemens company, plot no M-56, MIDC Ambad, Nashik, Maharashtra 422010, India<br>Latitude: 19.9585354<br>Longitude: 73.7390446<br>Place_ID: ChIJVYkXTcPt3TsR0g3rCiwtr7Y<br>Source_File: Nashik_Ambad_industrial.xlsx]]></description>
      <styleUrl>#icon-1899-0288D1</styleUrl>
      <ExtendedData>
        <Data name="Category">
          <value>manufacturer</value>
        </Data>
        <Data name="Address">
          <value>back side of siemens company, plot no M-56, MIDC Ambad, Nashik, Maharashtra 422010, India</value>
        </Data>
        <Data name="Latitude">
          <value>19.9585354</value>
        </Data>
        <Data name="Longitude">
          <value>73.7390446</value>
        </Data>
        <Data name="Place_ID">
          <value>ChIJVYkXTcPt3TsR0g3rCiwtr7Y</value>
        </Data>
        <Data name="Source_File">
          <value>Nashik_Ambad_industrial.xlsx</value>
        </Data>
      </ExtendedData>
      <Point>
        <coordinates>
          73.7390446,19.9585354,0
        </coordinates>
      </Point>
    </Placemark>
    <Placemark>
      <name>Lotus Engineering Works , Ambad</name>
      <description><![CDATA[Category: manufacturer<br>Address: K-27, MIDC Ambad, Nashik, Maharashtra 422010, India<br>Latitude: 19.9578159<br>Longitude: 73.7534066<br>Place_ID: ChIJuybOqm3r3TsRFBLphjjcBS4<br>Source_File: Nashik_Ambad_industrial.xlsx]]></description>
      <styleUrl>#icon-1899-0288D1</styleUrl>
      <ExtendedData>
        <Data name="Category">
          <value>manufacturer</value>
        </Data>
        <Data name="Address">
          <value>K-27, MIDC Ambad, Nashik, Maharashtra 422010, India</value>
        </Data>
        <Data name="Latitude">
          <value>19.9578159</value>
        </Data>
        <Data name="Longitude">
          <value>73.7534066</value>
        </Data>
        <Data name="Place_ID">
          <value>ChIJuybOqm3r3TsRFBLphjjcBS4</value>
        </Data>
        <Data name="Source_File">
          <value>Nashik_Ambad_industrial.xlsx</value>
        </Data>
      </ExtendedData>
      <Point>
        <coordinates>
          73.7534066,19.9578159,0
        </coordinates>
      </Point>
    </Placemark>
    <Placemark>
      <name>Ganesh Engineering Works</name>
      <description><![CDATA[Category: manufacturer<br>Address: D-85, MIDC Ambad, Nashik, Maharashtra 422010, India<br>Latitude: 19.9544623<br>Longitude: 73.7443815<br>Place_ID: ChIJW7VuAUiT3TsRcTjcjB_88Xw<br>Source_File: Nashik_Ambad_industrial.xlsx]]></description>
      <styleUrl>#icon-1899-0288D1</styleUrl>
      <ExtendedData>
        <Data name="Category">
          <value>manufacturer</value>
        </Data>
        <Data name="Address">
          <value>D-85, MIDC Ambad, Nashik, Maharashtra 422010, India</value>
        </Data>
        <Data name="Latitude">
          <value>19.9544623</value>
        </Data>
        <Data name="Longitude">
          <value>73.7443815</value>
        </Data>
        <Data name="Place_ID">
          <value>ChIJW7VuAUiT3TsRcTjcjB_88Xw</value>
        </Data>
        <Data name="Source_File">
          <value>Nashik_Ambad_industrial.xlsx</value>
        </Data>
      </ExtendedData>
      <Point>
        <coordinates>
          73.7443815,19.9544623,0
        </coordinates>
      </Point>
    </Placemark>
    <Placemark>
      <name>Mary Engineering Works</name>
      <description><![CDATA[Category: manufacturer<br>Address: W226, Mary Engineering Works, MIDC Ambad, Nashik, Maharashtra 422010, India<br>Latitude: 19.9563655<br>Longitude: 73.7400946<br>Place_ID: ChIJS-fyOgHr3TsRzucJ4NluOeU<br>Source_File: Nashik_Ambad_industrial.xlsx]]></description>
      <styleUrl>#icon-1899-0288D1</styleUrl>
      <ExtendedData>
        <Data name="Category">
          <value>manufacturer</value>
        </Data>
        <Data name="Address">
          <value>W226, Mary Engineering Works, MIDC Ambad, Nashik, Maharashtra 422010, India</value>
        </Data>
        <Data name="Latitude">
          <value>19.9563655</value>
        </Data>
        <Data name="Longitude">
          <value>73.7400946</value>
        </Data>
        <Data name="Place_ID">
          <value>ChIJS-fyOgHr3TsRzucJ4NluOeU</value>
        </Data>
        <Data name="Source_File">
          <value>Nashik_Ambad_industrial.xlsx</value>
        </Data>
      </ExtendedData>
      <Point>
        <coordinates>
          73.7400946,19.9563655,0
        </coordinates>
      </Point>
    </Placemark>
    <Placemark>
      <name>CHETAN ENGINEERING WORKS</name>
      <description><![CDATA[Category: manufacturer<br>Address: PLOT NO 3, SERVEY NO 86, PLOT NO D79, near CENTRAL WAREHOUSE, MIDC Ambad, Nashik, Maharashtra 422010, India<br>Latitude: 19.9564109<br>Longitude: 73.7454576<br>Place_ID: ChIJhZ2Vx1ft3TsR8HSY4adX6SI<br>Source_File: Nashik_Ambad_industrial.xlsx]]></description>
      <styleUrl>#icon-1899-0288D1</styleUrl>
      <ExtendedData>
        <Data name="Category">
          <value>manufacturer</value>
        </Data>
        <Data name="Address">
          <value>PLOT NO 3, SERVEY NO 86, PLOT NO D79, near CENTRAL WAREHOUSE, MIDC Ambad, Nashik, Maharashtra 422010, India</value>
        </Data>
        <Data name="Latitude">
          <value>19.9564109</value>
        </Data>
        <Data name="Longitude">
          <value>73.7454576</value>
        </Data>
        <Data name="Place_ID">
          <value>ChIJhZ2Vx1ft3TsR8HSY4adX6SI</value>
        </Data>
        <Data name="Source_File">
          <value>Nashik_Ambad_industrial.xlsx</value>
        </Data>
      </ExtendedData>
      <Point>
        <coordinates>
          73.7454576,19.9564109,0
        </coordinates>
      </Point>
    </Placemark>
    <Placemark>
      <name>Preeti Engineering Works</name>
      <description><![CDATA[Category: manufacturer<br>Address: Plot N O L 46, M I D C Ambad, M I D C Ambad, Nandni Nagar, MIDC Ambad, Nashik, Maharashtra 422010, India<br>Latitude: 19.9485823<br>Longitude: 73.7384917<br>Place_ID: ChIJ____v6_s3TsRIeMAAUkquEI<br>Source_File: Nashik_Ambad_industrial.xlsx]]></description>
      <styleUrl>#icon-1899-0288D1</styleUrl>
      <ExtendedData>
        <Data name="Category">
          <value>manufacturer</value>
        </Data>
        <Data name="Address">
          <value>Plot N O L 46, M I D C Ambad, M I D C Ambad, Nandni Nagar, MIDC Ambad, Nashik, Maharashtra 422010, India</value>
        </Data>
        <Data name="Latitude">
          <value>19.9485823</value>
        </Data>
        <Data name="Longitude">
          <value>73.7384917</value>
        </Data>
        <Data name="Place_ID">
          <value>ChIJ____v6_s3TsRIeMAAUkquEI</value>
        </Data>
        <Data name="Source_File">
          <value>Nashik_Ambad_industrial.xlsx</value>
        </Data>
      </ExtendedData>
      <Point>
        <coordinates>
          73.7384917,19.9485823,0
        </coordinates>
      </Point>
    </Placemark>
    <Placemark>
      <name>Ganesh Engineering Services</name>
      <description><![CDATA[Category: manufacturer<br>Address: Gut no 83\1\3 Shop no 1 Additional MIDC Datir Mala Ambadgaon, Ambad - Uttam Nagar Rd, near perfect car services, MIDC Ambad, Nashik, Maharashtra 422010, India<br>Latitude: 19.9582763<br>Longitude: 73.7439704<br>Place_ID: ChIJASa1DaDt3TsRrS3cc2uThLU<br>Source_File: Nashik_Ambad_industrial.xlsx]]></description>
      <styleUrl>#icon-1899-0288D1</styleUrl>
      <ExtendedData>
        <Data name="Category">
          <value>manufacturer</value>
        </Data>
        <Data name="Address">
          <value>Gut no 83\1\3 Shop no 1 Additional MIDC Datir Mala Ambadgaon, Ambad - Uttam Nagar Rd, near perfect car services, MIDC Ambad, Nashik, Maharashtra 422010, India</value>
        </Data>
        <Data name="Latitude">
          <value>19.9582763</value>
        </Data>
        <Data name="Longitude">
          <value>73.7439704</value>
        </Data>
        <Data name="Place_ID">
          <value>ChIJASa1DaDt3TsRrS3cc2uThLU</value>
        </Data>
        <Data name="Source_File">
          <value>Nashik_Ambad_industrial.xlsx</value>
        </Data>
      </ExtendedData>
      <Point>
        <coordinates>
          73.7439704,19.9582763,0
        </coordinates>
      </Point>
    </Placemark>
    <Placemark>
      <name>Gagan Engeneering Works</name>
      <description><![CDATA[Category: manufacturer<br>Address: Plot No.23/A, Ambad Gain Datir Mala, MIDC Ambad, Nashik, Maharashtra 422010, India<br>Latitude: 19.9585947<br>Longitude: 73.7422024<br>Place_ID: ChIJmWTv6hPt3TsRLFGhzdwg8rw<br>Source_File: Nashik_Ambad_industrial.xlsx]]></description>
      <styleUrl>#icon-1899-0288D1</styleUrl>
      <ExtendedData>
        <Data name="Category">
          <value>manufacturer</value>
        </Data>
        <Data name="Address">
          <value>Plot No.23/A, Ambad Gain Datir Mala, MIDC Ambad, Nashik, Maharashtra 422010, India</value>
        </Data>
        <Data name="Latitude">
          <value>19.9585947</value>
        </Data>
        <Data name="Longitude">
          <value>73.7422024</value>
        </Data>
        <Data name="Place_ID">
          <value>ChIJmWTv6hPt3TsRLFGhzdwg8rw</value>
        </Data>
        <Data name="Source_File">
          <value>Nashik_Ambad_industrial.xlsx</value>
        </Data>
      </ExtendedData>
      <Point>
        <coordinates>
          73.7422024,19.9585947,0
        </coordinates>
      </Point>
    </Placemark>
    <Placemark>
      <name>SAPTASHRUNGI ENGINEERING</name>
      <description><![CDATA[Category: manufacturer<br>Address: PLOT NO:- L - 34, opposite to ATUL DAIRY, Nandni Nagar, MIDC Ambad, Nashik, Maharashtra 422010, India<br>Latitude: 19.9488813<br>Longitude: 73.737823<br>Place_ID: ChIJ5QWUaBft3TsRfIZgXE2sGLk<br>Source_File: Nashik_Ambad_industrial.xlsx]]></description>
      <styleUrl>#icon-1899-0288D1</styleUrl>
      <ExtendedData>
        <Data name="Category">
          <value>manufacturer</value>
        </Data>
        <Data name="Address">
          <value>PLOT NO:- L - 34, opposite to ATUL DAIRY, Nandni Nagar, MIDC Ambad, Nashik, Maharashtra 422010, India</value>
        </Data>
        <Data name="Latitude">
          <value>19.9488813</value>
        </Data>
        <Data name="Longitude">
          <value>73.737823</value>
        </Data>
        <Data name="Place_ID">
          <value>ChIJ5QWUaBft3TsRfIZgXE2sGLk</value>
        </Data>
        <Data name="Source_File">
          <value>Nashik_Ambad_industrial.xlsx</value>
        </Data>
      </ExtendedData>
      <Point>
        <coordinates>
          73.737823,19.9488813,0
        </coordinates>
      </Point>
    </Placemark>
    <Placemark>
      <name>Sunshine Steel</name>
      <description><![CDATA[Category: manufacturer<br>Address: 192, Jamdhade Farms, Ambad-Pathardi Link Road, Ambad Nashik, MIDC Ambad, Nashik, Maharashtra 422010, India<br>Latitude: 19.9615362<br>Longitude: 73.7489214<br>Place_ID: ChIJx2u-61fr3TsRwVmtW9srnk0<br>Source_File: Nashik_Ambad_industrial.xlsx]]></description>
      <styleUrl>#icon-1899-0288D1</styleUrl>
      <ExtendedData>
        <Data name="Category">
          <value>manufacturer</value>
        </Data>
        <Data name="Address">
          <value>192, Jamdhade Farms, Ambad-Pathardi Link Road, Ambad Nashik, MIDC Ambad, Nashik, Maharashtra 422010, India</value>
        </Data>
        <Data name="Latitude">
          <value>19.9615362</value>
        </Data>
        <Data name="Longitude">
          <value>73.7489214</value>
        </Data>
        <Data name="Place_ID">
          <value>ChIJx2u-61fr3TsRwVmtW9srnk0</value>
        </Data>
        <Data name="Source_File">
          <value>Nashik_Ambad_industrial.xlsx</value>
        </Data>
      </ExtendedData>
      <Point>
        <coordinates>
          73.7489214,19.9615362,0
        </coordinates>
      </Point>
    </Placemark>
    <Placemark>
      <name>Patil Metal Works</name>
      <description><![CDATA[Category: manufacturer<br>Address: gala no GC7, Ambad SSI Units, MIDC Ambad, near Gangamai Industrial Complex, opp. Siemens, MIDC Ambad, Nashik, Maharashtra 422010, India<br>Latitude: 19.9538275<br>Longitude: 73.7312768<br>Place_ID: ChIJVQmP41br3TsRii5Xz34l3js<br>Source_File: Nashik_Ambad_industrial.xlsx]]></description>
      <styleUrl>#icon-1899-0288D1</styleUrl>
      <ExtendedData>
        <Data name="Category">
          <value>manufacturer</value>
        </Data>
        <Data name="Address">
          <value>gala no GC7, Ambad SSI Units, MIDC Ambad, near Gangamai Industrial Complex, opp. Siemens, MIDC Ambad, Nashik, Maharashtra 422010, India</value>
        </Data>
        <Data name="Latitude">
          <value>19.9538275</value>
        </Data>
        <Data name="Longitude">
          <value>73.7312768</value>
        </Data>
        <Data name="Place_ID">
          <value>ChIJVQmP41br3TsRii5Xz34l3js</value>
        </Data>
        <Data name="Source_File">
          <value>Nashik_Ambad_industrial.xlsx</value>
        </Data>
      </ExtendedData>
      <Point>
        <coordinates>
          73.7312768,19.9538275,0
        </coordinates>
      </Point>
    </Placemark>
    <Placemark>
      <name>Ramdev Metal Trading</name>
      <description><![CDATA[Category: manufacturer<br>Address: A 11/2/8, Ambad - Uttam Nagar Rd, opposite to Nashik Engineering Cluster, XLO Point, MIDC Ambad, Nashik, Maharashtra 422010, India<br>Latitude: 19.9599471<br>Longitude: 73.7349551<br>Place_ID: ChIJA9xPsWLr3TsRjokuHhgeXwY<br>Source_File: Nashik_Ambad_industrial.xlsx]]></description>
      <styleUrl>#icon-1899-0288D1</styleUrl>
      <ExtendedData>
        <Data name="Category">
          <value>manufacturer</value>
        </Data>
        <Data name="Address">
          <value>A 11/2/8, Ambad - Uttam Nagar Rd, opposite to Nashik Engineering Cluster, XLO Point, MIDC Ambad, Nashik, Maharashtra 422010, India</value>
        </Data>
        <Data name="Latitude">
          <value>19.9599471</value>
        </Data>
        <Data name="Longitude">
          <value>73.7349551</value>
        </Data>
        <Data name="Place_ID">
          <value>ChIJA9xPsWLr3TsRjokuHhgeXwY</value>
        </Data>
        <Data name="Source_File">
          <value>Nashik_Ambad_industrial.xlsx</value>
        </Data>
      </ExtendedData>
      <Point>
        <coordinates>
          73.7349551,19.9599471,0
        </coordinates>
      </Point>
    </Placemark>
    <Placemark>
      <name>Shrikrishna Engineering Company</name>
      <description><![CDATA[Category: manufacturer<br>Address: D-90, MIDC Ambad, Nashik, Maharashtra 422010, India<br>Latitude: 19.953075<br>Longitude: 73.7443818<br>Place_ID: ChIJ____v6_s3TsRQzdZ7Z6qA00<br>Source_File: Nashik_Ambad_industrial.xlsx]]></description>
      <styleUrl>#icon-1899-0288D1</styleUrl>
      <ExtendedData>
        <Data name="Category">
          <value>manufacturer</value>
        </Data>
        <Data name="Address">
          <value>D-90, MIDC Ambad, Nashik, Maharashtra 422010, India</value>
        </Data>
        <Data name="Latitude">
          <value>19.953075</value>
        </Data>
        <Data name="Longitude">
          <value>73.7443818</value>
        </Data>
        <Data name="Place_ID">
          <value>ChIJ____v6_s3TsRQzdZ7Z6qA00</value>
        </Data>
        <Data name="Source_File">
          <value>Nashik_Ambad_industrial.xlsx</value>
        </Data>
      </ExtendedData>
      <Point>
        <coordinates>
          73.7443818,19.953075,0
        </coordinates>
      </Point>
    </Placemark>
    <Placemark>
      <name>Jyoti Chemicals - (Plant 2) B43</name>
      <description><![CDATA[Category: manufacturer<br>Address: B-43/1 & B-43/2, M. I. D. C., Ambad, MIDC Ambad, Nashik, Maharashtra 422010, India<br>Latitude: 19.9584263<br>Longitude: 73.7502054<br>Place_ID: ChIJS-fyOgHr3TsR169DYCCDQuc<br>Source_File: Nashik_Ambad_industrial.xlsx]]></description>
      <styleUrl>#icon-1899-0288D1</styleUrl>
      <ExtendedData>
        <Data name="Category">
          <value>manufacturer</value>
        </Data>
        <Data name="Address">
          <value><![CDATA[B-43/1 & B-43/2, M. I. D. C., Ambad, MIDC Ambad, Nashik, Maharashtra 422010, India]]></value>
        </Data>
        <Data name="Latitude">
          <value>19.9584263</value>
        </Data>
        <Data name="Longitude">
          <value>73.7502054</value>
        </Data>
        <Data name="Place_ID">
          <value>ChIJS-fyOgHr3TsR169DYCCDQuc</value>
        </Data>
        <Data name="Source_File">
          <value>Nashik_Ambad_industrial.xlsx</value>
        </Data>
      </ExtendedData>
      <Point>
        <coordinates>
          73.7502054,19.9584263,0
        </coordinates>
      </Point>
    </Placemark>
    <Placemark>
      <name><![CDATA[Vardhaman Colour & Chemical Industries]]></name>
      <description><![CDATA[Category: manufacturer<br>Address: B-66, M I D C, P O Box No 1107, Ambad, Ambad, MIDC Ambad, Nashik, Maharashtra 422010, India<br>Latitude: 19.9565258<br>Longitude: 73.7493354<br>Place_ID: ChIJS-fyOgHr3TsRXNxgL2G_3T4<br>Source_File: Nashik_Ambad_industrial.xlsx]]></description>
      <styleUrl>#icon-1899-0288D1</styleUrl>
      <ExtendedData>
        <Data name="Category">
          <value>manufacturer</value>
        </Data>
        <Data name="Address">
          <value>B-66, M I D C, P O Box No 1107, Ambad, Ambad, MIDC Ambad, Nashik, Maharashtra 422010, India</value>
        </Data>
        <Data name="Latitude">
          <value>19.9565258</value>
        </Data>
        <Data name="Longitude">
          <value>73.7493354</value>
        </Data>
        <Data name="Place_ID">
          <value>ChIJS-fyOgHr3TsRXNxgL2G_3T4</value>
        </Data>
        <Data name="Source_File">
          <value>Nashik_Ambad_industrial.xlsx</value>
        </Data>
      </ExtendedData>
      <Point>
        <coordinates>
          73.7493354,19.9565258,0
        </coordinates>
      </Point>
    </Placemark>
    <Placemark>
      <name><![CDATA[Sunshine Paints & Allied Chemicals Co.]]></name>
      <description><![CDATA[Category: manufacturer<br>Address: Ambad, Plot No. W-90, Spicer Ltd, behind Hindustan Hardy, MIDC Ambad, Nashik, Maharashtra 422010, India<br>Latitude: 19.9610266<br>Longitude: 73.7393437<br>Place_ID: ChIJ1eqbCFbr3TsRqAD5vS3m2kA<br>Source_File: Nashik_Ambad_industrial.xlsx]]></description>
      <styleUrl>#icon-1899-0288D1</styleUrl>
      <ExtendedData>
        <Data name="Category">
          <value>manufacturer</value>
        </Data>
        <Data name="Address">
          <value>Ambad, Plot No. W-90, Spicer Ltd, behind Hindustan Hardy, MIDC Ambad, Nashik, Maharashtra 422010, India</value>
        </Data>
        <Data name="Latitude">
          <value>19.9610266</value>
        </Data>
        <Data name="Longitude">
          <value>73.7393437</value>
        </Data>
        <Data name="Place_ID">
          <value>ChIJ1eqbCFbr3TsRqAD5vS3m2kA</value>
        </Data>
        <Data name="Source_File">
          <value>Nashik_Ambad_industrial.xlsx</value>
        </Data>
      </ExtendedData>
      <Point>
        <coordinates>
          73.7393437,19.9610266,0
        </coordinates>
      </Point>
    </Placemark>
    <Placemark>
      <name>Gargi Packing Industries</name>
      <description><![CDATA[Category: manufacturer<br>Address: D-112, MIDC Ambad, Nashik, Maharashtra 422010, India<br>Latitude: 19.9560531<br>Longitude: 73.7431345<br>Place_ID: ChIJ1eqbCFbr3TsRMS43dR_s4-E<br>Source_File: Nashik_Ambad_industrial.xlsx]]></description>
      <styleUrl>#icon-1899-0288D1</styleUrl>
      <ExtendedData>
        <Data name="Category">
          <value>manufacturer</value>
        </Data>
        <Data name="Address">
          <value>D-112, MIDC Ambad, Nashik, Maharashtra 422010, India</value>
        </Data>
        <Data name="Latitude">
          <value>19.9560531</value>
        </Data>
        <Data name="Longitude">
          <value>73.7431345</value>
        </Data>
        <Data name="Place_ID">
          <value>ChIJ1eqbCFbr3TsRMS43dR_s4-E</value>
        </Data>
        <Data name="Source_File">
          <value>Nashik_Ambad_industrial.xlsx</value>
        </Data>
      </ExtendedData>
      <Point>
        <coordinates>
          73.7431345,19.9560531,0
        </coordinates>
      </Point>
    </Placemark>
    <Placemark>
      <name>Mayuresh Industries</name>
      <description><![CDATA[Category: manufacturer<br>Address: Plot no : M-89,, Ambad MIDC, behind galxosmith co., MIDC Ambad, Nashik, Maharashtra 422010, India<br>Latitude: 19.956568<br>Longitude: 73.744225<br>Place_ID: ChIJ6Q5sfans3TsRHO17VVP7NsI<br>Source_File: Nashik_Ambad_industrial.xlsx]]></description>
      <styleUrl>#icon-1899-0288D1</styleUrl>
      <ExtendedData>
        <Data name="Category">
          <value>manufacturer</value>
        </Data>
        <Data name="Address">
          <value>Plot no : M-89,, Ambad MIDC, behind galxosmith co., MIDC Ambad, Nashik, Maharashtra 422010, India</value>
        </Data>
        <Data name="Latitude">
          <value>19.956568</value>
        </Data>
        <Data name="Longitude">
          <value>73.744225</value>
        </Data>
        <Data name="Place_ID">
          <value>ChIJ6Q5sfans3TsRHO17VVP7NsI</value>
        </Data>
        <Data name="Source_File">
          <value>Nashik_Ambad_industrial.xlsx</value>
        </Data>
      </ExtendedData>
      <Point>
        <coordinates>
          73.744225,19.956568,0
        </coordinates>
      </Point>
    </Placemark>
    <Placemark>
      <name>Yashada Industries</name>
      <description><![CDATA[Category: manufacturer<br>Address: D39/A, Panchwati, MIDC Ambad, Nashik, Maharashtra 422010, India<br>Latitude: 19.960774<br>Longitude: 73.7429959<br>Place_ID: ChIJZwz73TDt3TsRbWHH45P1G50<br>Source_File: Nashik_Ambad_industrial.xlsx]]></description>
      <styleUrl>#icon-1899-0288D1</styleUrl>
      <ExtendedData>
        <Data name="Category">
          <value>manufacturer</value>
        </Data>
        <Data name="Address">
          <value>D39/A, Panchwati, MIDC Ambad, Nashik, Maharashtra 422010, India</value>
        </Data>
        <Data name="Latitude">
          <value>19.960774</value>
        </Data>
        <Data name="Longitude">
          <value>73.7429959</value>
        </Data>
        <Data name="Place_ID">
          <value>ChIJZwz73TDt3TsRbWHH45P1G50</value>
        </Data>
        <Data name="Source_File">
          <value>Nashik_Ambad_industrial.xlsx</value>
        </Data>
      </ExtendedData>
      <Point>
        <coordinates>
          73.7429959,19.960774,0
        </coordinates>
      </Point>
    </Placemark>
    <Placemark>
      <name>CLEAN HYDROGEN TECHNOLOGIES (INDIA) PRIVATE LIMITED</name>
      <description><![CDATA[Category: manufacturer<br>Address: S. no-83/1/3, M Corp, behind N.M.C School, MIDC Ambad, Nashik, Maharashtra 422010, India<br>Latitude: 19.9585987<br>Longitude: 73.7438747<br>Place_ID: ChIJE4YmTw_t3TsRaIGOvJOSn8M<br>Source_File: Nashik_Ambad_industrial.xlsx]]></description>
      <styleUrl>#icon-1899-0288D1</styleUrl>
      <ExtendedData>
        <Data name="Category">
          <value>manufacturer</value>
        </Data>
        <Data name="Address">
          <value>S. no-83/1/3, M Corp, behind N.M.C School, MIDC Ambad, Nashik, Maharashtra 422010, India</value>
        </Data>
        <Data name="Latitude">
          <value>19.9585987</value>
        </Data>
        <Data name="Longitude">
          <value>73.7438747</value>
        </Data>
        <Data name="Place_ID">
          <value>ChIJE4YmTw_t3TsRaIGOvJOSn8M</value>
        </Data>
        <Data name="Source_File">
          <value>Nashik_Ambad_industrial.xlsx</value>
        </Data>
      </ExtendedData>
      <Point>
        <coordinates>
          73.7438747,19.9585987,0
        </coordinates>
      </Point>
    </Placemark>
    <Placemark>
      <name><![CDATA[Aman Trading And Mfg. Co. - Lubricants in Nashik Automotive and Industrial Oils & Grease]]></name>
      <description><![CDATA[Category: manufacturer<br>Address: Shop No-8 Sai Alankar Society, opp. Indoline Furniture, Saigram Nagar, MIDC Ambad, Nashik, Maharashtra 422010, India<br>Latitude: 19.9608983<br>Longitude: 73.752078<br>Place_ID: ChIJicS4NFXr3TsRi_LoFMIS9ME<br>Source_File: Nashik_Ambad_industrial.xlsx]]></description>
      <styleUrl>#icon-1899-0288D1</styleUrl>
      <ExtendedData>
        <Data name="Category">
          <value>manufacturer</value>
        </Data>
        <Data name="Address">
          <value>Shop No-8 Sai Alankar Society, opp. Indoline Furniture, Saigram Nagar, MIDC Ambad, Nashik, Maharashtra 422010, India</value>
        </Data>
        <Data name="Latitude">
          <value>19.9608983</value>
        </Data>
        <Data name="Longitude">
          <value>73.752078</value>
        </Data>
        <Data name="Place_ID">
          <value>ChIJicS4NFXr3TsRi_LoFMIS9ME</value>
        </Data>
        <Data name="Source_File">
          <value>Nashik_Ambad_industrial.xlsx</value>
        </Data>
      </ExtendedData>
      <Point>
        <coordinates>
          73.752078,19.9608983,0
        </coordinates>
      </Point>
    </Placemark>
    <Placemark>
      <name>Gabrielle Garments</name>
      <description><![CDATA[Category: manufacturer<br>Address: A-29, MIDC Ambad, Nashik, Maharashtra 422010, India<br>Latitude: 19.9468651<br>Longitude: 73.7397415<br>Place_ID: ChIJVeDAVrDt3TsRSGMJY6wtr4Q<br>Source_File: Nashik_Ambad_industrial.xlsx]]></description>
      <styleUrl>#icon-1899-0288D1</styleUrl>
      <ExtendedData>
        <Data name="Category">
          <value>manufacturer</value>
        </Data>
        <Data name="Address">
          <value>A-29, MIDC Ambad, Nashik, Maharashtra 422010, India</value>
        </Data>
        <Data name="Latitude">
          <value>19.9468651</value>
        </Data>
        <Data name="Longitude">
          <value>73.7397415</value>
        </Data>
        <Data name="Place_ID">
          <value>ChIJVeDAVrDt3TsRSGMJY6wtr4Q</value>
        </Data>
        <Data name="Source_File">
          <value>Nashik_Ambad_industrial.xlsx</value>
        </Data>
      </ExtendedData>
      <Point>
        <coordinates>
          73.7397415,19.9468651,0
        </coordinates>
      </Point>
    </Placemark>
    <Placemark>
      <name>Harshal Engineers | Best precision CNC machined components manufacturer in Nashik</name>
      <description><![CDATA[Category: manufacturer<br>Address: B-19/23, near Hotel Gateway, MIDC Ambad, Nashik, Maharashtra 422010, India<br>Latitude: 19.9560766<br>Longitude: 73.7537346<br>Place_ID: ChIJM_UN0-7t3TsR9hQ8sn_17Ts<br>Source_File: Nashik_Ambad_industrial.xlsx]]></description>
      <styleUrl>#icon-1899-0288D1</styleUrl>
      <ExtendedData>
        <Data name="Category">
          <value>manufacturer</value>
        </Data>
        <Data name="Address">
          <value>B-19/23, near Hotel Gateway, MIDC Ambad, Nashik, Maharashtra 422010, India</value>
        </Data>
        <Data name="Latitude">
          <value>19.9560766</value>
        </Data>
        <Data name="Longitude">
          <value>73.7537346</value>
        </Data>
        <Data name="Place_ID">
          <value>ChIJM_UN0-7t3TsR9hQ8sn_17Ts</value>
        </Data>
        <Data name="Source_File">
          <value>Nashik_Ambad_industrial.xlsx</value>
        </Data>
      </ExtendedData>
      <Point>
        <coordinates>
          73.7537346,19.9560766,0
        </coordinates>
      </Point>
    </Placemark>
    <Placemark>
      <name>Bunts Tools Pvt. Ltd.</name>
      <description><![CDATA[Category: manufacturer<br>Address: S-33, MIDC Ambad, Nashik, Maharashtra 422010, India<br>Latitude: 19.9535977<br>Longitude: 73.7311684<br>Place_ID: ChIJS-fyOgHr3TsRUqcBrQHeeMY<br>Source_File: Nashik_Ambad_industrial.xlsx]]></description>
      <styleUrl>#icon-1899-0288D1</styleUrl>
      <ExtendedData>
        <Data name="Category">
          <value>manufacturer</value>
        </Data>
        <Data name="Address">
          <value>S-33, MIDC Ambad, Nashik, Maharashtra 422010, India</value>
        </Data>
        <Data name="Latitude">
          <value>19.9535977</value>
        </Data>
        <Data name="Longitude">
          <value>73.7311684</value>
        </Data>
        <Data name="Place_ID">
          <value>ChIJS-fyOgHr3TsRUqcBrQHeeMY</value>
        </Data>
        <Data name="Source_File">
          <value>Nashik_Ambad_industrial.xlsx</value>
        </Data>
      </ExtendedData>
      <Point>
        <coordinates>
          73.7311684,19.9535977,0
        </coordinates>
      </Point>
    </Placemark>
    <Placemark>
      <name>JUPITER_INDUSTRIES</name>
      <description><![CDATA[Category: manufacturer<br>Address: Gat no 126, Datir Mala, Behind Matoshree Building, Near NMC, MIDC Ambad, Nashik, Maharashtra 422010, India<br>Latitude: 19.9606582<br>Longitude: 73.7448663<br>Place_ID: ChIJS-fyOgHr3TsRE1-DZEXg4yc<br>Source_File: Nashik_Ambad_industrial.xlsx]]></description>
      <styleUrl>#icon-1899-0288D1</styleUrl>
      <ExtendedData>
        <Data name="Category">
          <value>manufacturer</value>
        </Data>
        <Data name="Address">
          <value>Gat no 126, Datir Mala, Behind Matoshree Building, Near NMC, MIDC Ambad, Nashik, Maharashtra 422010, India</value>
        </Data>
        <Data name="Latitude">
          <value>19.9606582</value>
        </Data>
        <Data name="Longitude">
          <value>73.7448663</value>
        </Data>
        <Data name="Place_ID">
          <value>ChIJS-fyOgHr3TsRE1-DZEXg4yc</value>
        </Data>
        <Data name="Source_File">
          <value>Nashik_Ambad_industrial.xlsx</value>
        </Data>
      </ExtendedData>
      <Point>
        <coordinates>
          73.7448663,19.9606582,0
        </coordinates>
      </Point>
    </Placemark>
    <Placemark>
      <name>Satpuda Engineering - Ambulance Stretcher Manufacturer</name>
      <description><![CDATA[Category: manufacturer<br>Address: F-13, M I D C, Ambad, Ambad, MIDC Ambad, Nashik, Maharashtra 422010, India<br>Latitude: 19.953542<br>Longitude: 73.7306991<br>Place_ID: ChIJS-fyOgHr3TsRRC-5eSzMxeI<br>Source_File: Nashik_Ambad_industrial.xlsx]]></description>
      <styleUrl>#icon-1899-0288D1</styleUrl>
      <ExtendedData>
        <Data name="Category">
          <value>manufacturer</value>
        </Data>
        <Data name="Address">
          <value>F-13, M I D C, Ambad, Ambad, MIDC Ambad, Nashik, Maharashtra 422010, India</value>
        </Data>
        <Data name="Latitude">
          <value>19.953542</value>
        </Data>
        <Data name="Longitude">
          <value>73.7306991</value>
        </Data>
        <Data name="Place_ID">
          <value>ChIJS-fyOgHr3TsRRC-5eSzMxeI</value>
        </Data>
        <Data name="Source_File">
          <value>Nashik_Ambad_industrial.xlsx</value>
        </Data>
      </ExtendedData>
      <Point>
        <coordinates>
          73.7306991,19.953542,0
        </coordinates>
      </Point>
    </Placemark>
    <Placemark>
      <name>Positive Metering Pumps India Pvt Ltd</name>
      <description><![CDATA[Category: manufacturer<br>Address: M8, MIDC Ambad, Nashik, Maharashtra 422010, India<br>Latitude: 19.9567725<br>Longitude: 73.7394364<br>Place_ID: ChIJS-fyOgHr3TsR3TcM6RDSCJo<br>Source_File: Nashik_Ambad_industrial.xlsx]]></description>
      <styleUrl>#icon-1899-0288D1</styleUrl>
      <ExtendedData>
        <Data name="Category">
          <value>manufacturer</value>
        </Data>
        <Data name="Address">
          <value>M8, MIDC Ambad, Nashik, Maharashtra 422010, India</value>
        </Data>
        <Data name="Latitude">
          <value>19.9567725</value>
        </Data>
        <Data name="Longitude">
          <value>73.7394364</value>
        </Data>
        <Data name="Place_ID">
          <value>ChIJS-fyOgHr3TsR3TcM6RDSCJo</value>
        </Data>
        <Data name="Source_File">
          <value>Nashik_Ambad_industrial.xlsx</value>
        </Data>
      </ExtendedData>
      <Point>
        <coordinates>
          73.7394364,19.9567725,0
        </coordinates>
      </Point>
    </Placemark>
    <Placemark>
      <name><![CDATA[Salunke Industries & Salunke Automation Pvt. Ltd.]]></name>
      <description><![CDATA[Category: manufacturer<br>Address: L 24, Nandni Nagar, MIDC Ambad, Nashik, Maharashtra 422010, India<br>Latitude: 19.9501464<br>Longitude: 73.7373565<br>Place_ID: ChIJz7o50S3t3TsR_Be7NB0BTYI<br>Source_File: Nashik_Ambad_industrial.xlsx]]></description>
      <styleUrl>#icon-1899-0288D1</styleUrl>
      <ExtendedData>
        <Data name="Category">
          <value>manufacturer</value>
        </Data>
        <Data name="Address">
          <value>L 24, Nandni Nagar, MIDC Ambad, Nashik, Maharashtra 422010, India</value>
        </Data>
        <Data name="Latitude">
          <value>19.9501464</value>
        </Data>
        <Data name="Longitude">
          <value>73.7373565</value>
        </Data>
        <Data name="Place_ID">
          <value>ChIJz7o50S3t3TsR_Be7NB0BTYI</value>
        </Data>
        <Data name="Source_File">
          <value>Nashik_Ambad_industrial.xlsx</value>
        </Data>
      </ExtendedData>
      <Point>
        <coordinates>
          73.7373565,19.9501464,0
        </coordinates>
      </Point>
    </Placemark>
    <Placemark>
      <name>Suyash Enterprises</name>
      <description><![CDATA[Category: manufacturer<br>Address: W-222, MIDC Ambad, Ambad, MIDC Ambad, Nashik, Maharashtra 422010, India<br>Latitude: 19.9559594<br>Longitude: 73.7402164<br>Place_ID: ChIJS-fyOgHr3TsRqlzIV1lEJ7Y<br>Source_File: Nashik_CIDCO_industrial.xlsx]]></description>
      <styleUrl>#icon-1899-0288D1</styleUrl>
      <ExtendedData>
        <Data name="Category">
          <value>manufacturer</value>
        </Data>
        <Data name="Address">
          <value>W-222, MIDC Ambad, Ambad, MIDC Ambad, Nashik, Maharashtra 422010, India</value>
        </Data>
        <Data name="Latitude">
          <value>19.9559594</value>
        </Data>
        <Data name="Longitude">
          <value>73.7402164</value>
        </Data>
        <Data name="Place_ID">
          <value>ChIJS-fyOgHr3TsRqlzIV1lEJ7Y</value>
        </Data>
        <Data name="Source_File">
          <value>Nashik_CIDCO_industrial.xlsx</value>
        </Data>
      </ExtendedData>
      <Point>
        <coordinates>
          73.7402164,19.9559594,0
        </coordinates>
      </Point>
    </Placemark>
    <Placemark>
      <name>Om Industries</name>
      <description><![CDATA[Category: manufacturer<br>Address: B-11, Near Lokmat , M.I.D.C, Ambad, MIDC Ambad, Nashik, Maharashtra 422010, India<br>Latitude: 19.9525353<br>Longitude: 73.7488192<br>Place_ID: ChIJZap7EVXr3TsRRhwjoIww3M4<br>Source_File: Nashik_CIDCO_industrial.xlsx]]></description>
      <styleUrl>#icon-1899-0288D1</styleUrl>
      <ExtendedData>
        <Data name="Category">
          <value>manufacturer</value>
        </Data>
        <Data name="Address">
          <value>B-11, Near Lokmat , M.I.D.C, Ambad, MIDC Ambad, Nashik, Maharashtra 422010, India</value>
        </Data>
        <Data name="Latitude">
          <value>19.9525353</value>
        </Data>
        <Data name="Longitude">
          <value>73.7488192</value>
        </Data>
        <Data name="Place_ID">
          <value>ChIJZap7EVXr3TsRRhwjoIww3M4</value>
        </Data>
        <Data name="Source_File">
          <value>Nashik_CIDCO_industrial.xlsx</value>
        </Data>
      </ExtendedData>
      <Point>
        <coordinates>
          73.7488192,19.9525353,0
        </coordinates>
      </Point>
    </Placemark>
    <Placemark>
      <name>Tejas Enterprises And Jama Industrial Safety Equipment Authorised Dealer Nashik</name>
      <description><![CDATA[Category: manufacturer<br>Address: Shop no.5, Nishant Park, Mahindra House Road, Ashwin Nagar, Nashik, Maharashtra 422009, India<br>Latitude: 19.9625868<br>Longitude: 73.7612359<br>Place_ID: ChIJPwDXldjr3TsRug7BqGvfLlM<br>Source_File: Nashik_CIDCO_industrial.xlsx]]></description>
      <styleUrl>#icon-1899-0288D1</styleUrl>
      <ExtendedData>
        <Data name="Category">
          <value>manufacturer</value>
        </Data>
        <Data name="Address">
          <value>Shop no.5, Nishant Park, Mahindra House Road, Ashwin Nagar, Nashik, Maharashtra 422009, India</value>
        </Data>
        <Data name="Latitude">
          <value>19.9625868</value>
        </Data>
        <Data name="Longitude">
          <value>73.7612359</value>
        </Data>
        <Data name="Place_ID">
          <value>ChIJPwDXldjr3TsRug7BqGvfLlM</value>
        </Data>
        <Data name="Source_File">
          <value>Nashik_CIDCO_industrial.xlsx</value>
        </Data>
      </ExtendedData>
      <Point>
        <coordinates>
          73.7612359,19.9625868,0
        </coordinates>
      </Point>
    </Placemark>
    <Placemark>
      <name>Electronic Switches (India) Private Limited</name>
      <description><![CDATA[Category: manufacturer<br>Address: Plot No K-11, M I D C Area, Ambad, Ambad, 11, Ambad MIDC K Ln, MIDC Ambad, Nashik, Maharashtra 422010, India<br>Latitude: 19.9593048<br>Longitude: 73.7535102<br>Place_ID: ChIJS-fyOgHr3TsRiR4ZwMKbXXo<br>Source_File: Nashik_CIDCO_industrial.xlsx]]></description>
      <styleUrl>#icon-1899-0288D1</styleUrl>
      <ExtendedData>
        <Data name="Category">
          <value>manufacturer</value>
        </Data>
        <Data name="Address">
          <value>Plot No K-11, M I D C Area, Ambad, Ambad, 11, Ambad MIDC K Ln, MIDC Ambad, Nashik, Maharashtra 422010, India</value>
        </Data>
        <Data name="Latitude">
          <value>19.9593048</value>
        </Data>
        <Data name="Longitude">
          <value>73.7535102</value>
        </Data>
        <Data name="Place_ID">
          <value>ChIJS-fyOgHr3TsRiR4ZwMKbXXo</value>
        </Data>
        <Data name="Source_File">
          <value>Nashik_CIDCO_industrial.xlsx</value>
        </Data>
      </ExtendedData>
      <Point>
        <coordinates>
          73.7535102,19.9593048,0
        </coordinates>
      </Point>
    </Placemark>
    <Placemark>
      <name>B-36 , Laxmi Engineering Works</name>
      <description><![CDATA[Category: manufacturer<br>Address: B 36, MIDC Ambad, Nashik, Maharashtra 422010, India<br>Latitude: 19.9569606<br>Longitude: 73.7511728<br>Place_ID: ChIJVZ_ck_rr3TsRwas2IGC_Ymg<br>Source_File: Nashik_CIDCO_industrial.xlsx]]></description>
      <styleUrl>#icon-1899-0288D1</styleUrl>
      <ExtendedData>
        <Data name="Category">
          <value>manufacturer</value>
        </Data>
        <Data name="Address">
          <value>B 36, MIDC Ambad, Nashik, Maharashtra 422010, India</value>
        </Data>
        <Data name="Latitude">
          <value>19.9569606</value>
        </Data>
        <Data name="Longitude">
          <value>73.7511728</value>
        </Data>
        <Data name="Place_ID">
          <value>ChIJVZ_ck_rr3TsRwas2IGC_Ymg</value>
        </Data>
        <Data name="Source_File">
          <value>Nashik_CIDCO_industrial.xlsx</value>
        </Data>
      </ExtendedData>
      <Point>
        <coordinates>
          73.7511728,19.9569606,0
        </coordinates>
      </Point>
    </Placemark>
    <Placemark>
      <name>Nehal STEEL TRADERS</name>
      <description><![CDATA[Category: manufacturer<br>Address: Shop No. 5/6, Urjayant Arcade, near ?????????? ?????, Shravan Sector, Cidco, Nashik, Maharashtra 422008, India<br>Latitude: 19.9593319<br>Longitude: 73.7549941<br>Place_ID: ChIJ-QKEPlHr3TsR8pnKJNX9YZ8<br>Source_File: Nashik_CIDCO_industrial.xlsx]]></description>
      <styleUrl>#icon-1899-0288D1</styleUrl>
      <ExtendedData>
        <Data name="Category">
          <value>manufacturer</value>
        </Data>
        <Data name="Address">
          <value>Shop No. 5/6, Urjayant Arcade, near ?????????? ?????, Shravan Sector, Cidco, Nashik, Maharashtra 422008, India</value>
        </Data>
        <Data name="Latitude">
          <value>19.9593319</value>
        </Data>
        <Data name="Longitude">
          <value>73.7549941</value>
        </Data>
        <Data name="Place_ID">
          <value>ChIJ-QKEPlHr3TsR8pnKJNX9YZ8</value>
        </Data>
        <Data name="Source_File">
          <value>Nashik_CIDCO_industrial.xlsx</value>
        </Data>
      </ExtendedData>
      <Point>
        <coordinates>
          73.7549941,19.9593319,0
        </coordinates>
      </Point>
    </Placemark>
    <Placemark>
      <name>Abhay Industries</name>
      <description><![CDATA[Category: manufacturer<br>Address: Plot No 82/2, near Patil Transport, Ambad Khrud, MIDC Ambad, Nashik, Maharashtra 422010, India<br>Latitude: 19.960828<br>Longitude: 73.7461309<br>Place_ID: ChIJ2Sm8Kabt3TsRr4ZcGkdRN1o<br>Source_File: Nashik_CIDCO_industrial.xlsx]]></description>
      <styleUrl>#icon-1899-0288D1</styleUrl>
      <ExtendedData>
        <Data name="Category">
          <value>manufacturer</value>
        </Data>
        <Data name="Address">
          <value>Plot No 82/2, near Patil Transport, Ambad Khrud, MIDC Ambad, Nashik, Maharashtra 422010, India</value>
        </Data>
        <Data name="Latitude">
          <value>19.960828</value>
        </Data>
        <Data name="Longitude">
          <value>73.7461309</value>
        </Data>
        <Data name="Place_ID">
          <value>ChIJ2Sm8Kabt3TsRr4ZcGkdRN1o</value>
        </Data>
        <Data name="Source_File">
          <value>Nashik_CIDCO_industrial.xlsx</value>
        </Data>
      </ExtendedData>
      <Point>
        <coordinates>
          73.7461309,19.960828,0
        </coordinates>
      </Point>
    </Placemark>
    <Placemark>
      <name>YASH INDUSTRIES</name>
      <description><![CDATA[Category: manufacturer<br>Address: Head office: W, 37/B, MIDC Ambad, Nashik, Maharashtra 422010, India<br>Latitude: 19.9552641<br>Longitude: 73.7543397<br>Place_ID: ChIJbyF_LJzr3TsRR6f5X0fQl0M<br>Source_File: Nashik_MIDC_Ambad_industrial.xlsx]]></description>
      <styleUrl>#icon-1899-0288D1</styleUrl>
      <ExtendedData>
        <Data name="Category">
          <value>manufacturer</value>
        </Data>
        <Data name="Address">
          <value>Head office: W, 37/B, MIDC Ambad, Nashik, Maharashtra 422010, India</value>
        </Data>
        <Data name="Latitude">
          <value>19.9552641</value>
        </Data>
        <Data name="Longitude">
          <value>73.7543397</value>
        </Data>
        <Data name="Place_ID">
          <value>ChIJbyF_LJzr3TsRR6f5X0fQl0M</value>
        </Data>
        <Data name="Source_File">
          <value>Nashik_MIDC_Ambad_industrial.xlsx</value>
        </Data>
      </ExtendedData>
      <Point>
        <coordinates>
          73.7543397,19.9552641,0
        </coordinates>
      </Point>
    </Placemark>
    <Placemark>
      <name>Steel Point</name>
      <description><![CDATA[Category: manufacturer<br>Address: power house, D-52/1, near, Ambad Gaon Rd, Ambad Khrud, Panchwati, MIDC Ambad, Nashik, Maharashtra 422010, India<br>Latitude: 19.9604231<br>Longitude: 73.7405811<br>Place_ID: ChIJ____v6_s3TsR15ibkAIet2Y<br>Source_File: Nashik_MIDC_Ambad_industrial.xlsx]]></description>
      <styleUrl>#icon-1899-0288D1</styleUrl>
      <ExtendedData>
        <Data name="Category">
          <value>manufacturer</value>
        </Data>
        <Data name="Address">
          <value>power house, D-52/1, near, Ambad Gaon Rd, Ambad Khrud, Panchwati, MIDC Ambad, Nashik, Maharashtra 422010, India</value>
        </Data>
        <Data name="Latitude">
          <value>19.9604231</value>
        </Data>
        <Data name="Longitude">
          <value>73.7405811</value>
        </Data>
        <Data name="Place_ID">
          <value>ChIJ____v6_s3TsR15ibkAIet2Y</value>
        </Data>
        <Data name="Source_File">
          <value>Nashik_MIDC_Ambad_industrial.xlsx</value>
        </Data>
      </ExtendedData>
      <Point>
        <coordinates>
          73.7405811,19.9604231,0
        </coordinates>
      </Point>
    </Placemark>
    <Placemark>
      <name>Hexon Laboratories Pvt. Ltd.</name>
      <description><![CDATA[Category: manufacturer<br>Address: Plot No. B 19/22, MIDC Ambad, Nashik, Maharashtra 422010, India<br>Latitude: 19.9563361<br>Longitude: 73.7538387<br>Place_ID: ChIJ3x6EYa3s3TsRqNwbulAMgVs<br>Source_File: Nashik_MIDC_Ambad_industrial.xlsx]]></description>
      <styleUrl>#icon-1899-0288D1</styleUrl>
      <ExtendedData>
        <Data name="Category">
          <value>manufacturer</value>
        </Data>
        <Data name="Address">
          <value>Plot No. B 19/22, MIDC Ambad, Nashik, Maharashtra 422010, India</value>
        </Data>
        <Data name="Latitude">
          <value>19.9563361</value>
        </Data>
        <Data name="Longitude">
          <value>73.7538387</value>
        </Data>
        <Data name="Place_ID">
          <value>ChIJ3x6EYa3s3TsRqNwbulAMgVs</value>
        </Data>
        <Data name="Source_File">
          <value>Nashik_MIDC_Ambad_industrial.xlsx</value>
        </Data>
      </ExtendedData>
      <Point>
        <coordinates>
          73.7538387,19.9563361,0
        </coordinates>
      </Point>
    </Placemark>
    <Placemark>
      <name>Bini Laboratories PVT LTD</name>
      <description><![CDATA[Category: manufacturer<br>Address: Bini laboratories, B-52, Binilon Rd, MIDC Ambad, Nashik, Maharashtra 422010, India<br>Latitude: 19.9565006<br>Longitude: 73.7503039<br>Place_ID: ChIJbYhMxKqU3TsRDVtGkZfru_s<br>Source_File: Nashik_MIDC_Ambad_industrial.xlsx]]></description>
      <styleUrl>#icon-1899-0288D1</styleUrl>
      <ExtendedData>
        <Data name="Category">
          <value>manufacturer</value>
        </Data>
        <Data name="Address">
          <value>Bini laboratories, B-52, Binilon Rd, MIDC Ambad, Nashik, Maharashtra 422010, India</value>
        </Data>
        <Data name="Latitude">
          <value>19.9565006</value>
        </Data>
        <Data name="Longitude">
          <value>73.7503039</value>
        </Data>
        <Data name="Place_ID">
          <value>ChIJbYhMxKqU3TsRDVtGkZfru_s</value>
        </Data>
        <Data name="Source_File">
          <value>Nashik_MIDC_Ambad_industrial.xlsx</value>
        </Data>
      </ExtendedData>
      <Point>
        <coordinates>
          73.7503039,19.9565006,0
        </coordinates>
      </Point>
    </Placemark>
    <Placemark>
      <name>Krishna Industries</name>
      <description><![CDATA[Category: manufacturer<br>Address: Shop No.4, Surya Florence, Ayodhya Colony, Prashant Nagar, Pathardi Phata, Nashik, Maharashtra 422010, India<br>Latitude: 19.9540957<br>Longitude: 73.7624387<br>Place_ID: ChIJp7W1ZgDr3TsRBhmFpCjLtsU<br>Source_File: Nashik_Pathardi_Phata_industrial.xlsx]]></description>
      <styleUrl>#icon-1899-0288D1</styleUrl>
      <ExtendedData>
        <Data name="Category">
          <value>manufacturer</value>
        </Data>
        <Data name="Address">
          <value>Shop No.4, Surya Florence, Ayodhya Colony, Prashant Nagar, Pathardi Phata, Nashik, Maharashtra 422010, India</value>
        </Data>
        <Data name="Latitude">
          <value>19.9540957</value>
        </Data>
        <Data name="Longitude">
          <value>73.7624387</value>
        </Data>
        <Data name="Place_ID">
          <value>ChIJp7W1ZgDr3TsRBhmFpCjLtsU</value>
        </Data>
        <Data name="Source_File">
          <value>Nashik_Pathardi_Phata_industrial.xlsx</value>
        </Data>
      </ExtendedData>
      <Point>
        <coordinates>
          73.7624387,19.9540957,0
        </coordinates>
      </Point>
    </Placemark>
    <Placemark>
      <name>S R INDUSTRIES</name>
      <description><![CDATA[Category: manufacturer<br>Address: SURVEY NO.325/1, PLOT NO. 54, ROAD, behind Pizza Hut, near Sheetal Apartment, Pathardi Shivar, Dnyaneshwar Nagar, Pathardi Phata, Nashik, Maharashtra 422009, India<br>Latitude: 19.9532589<br>Longitude: 73.7682683<br>Place_ID: ChIJD8sI6rXr3TsRZ0JOofrGLX4<br>Source_File: Nashik_Pathardi_Phata_industrial.xlsx]]></description>
      <styleUrl>#icon-1899-0288D1</styleUrl>
      <ExtendedData>
        <Data name="Category">
          <value>manufacturer</value>
        </Data>
        <Data name="Address">
          <value>SURVEY NO.325/1, PLOT NO. 54, ROAD, behind Pizza Hut, near Sheetal Apartment, Pathardi Shivar, Dnyaneshwar Nagar, Pathardi Phata, Nashik, Maharashtra 422009, India</value>
        </Data>
        <Data name="Latitude">
          <value>19.9532589</value>
        </Data>
        <Data name="Longitude">
          <value>73.7682683</value>
        </Data>
        <Data name="Place_ID">
          <value>ChIJD8sI6rXr3TsRZ0JOofrGLX4</value>
        </Data>
        <Data name="Source_File">
          <value>Nashik_Pathardi_Phata_industrial.xlsx</value>
        </Data>
      </ExtendedData>
      <Point>
        <coordinates>
          73.7682683,19.9532589,0
        </coordinates>
      </Point>
    </Placemark>
    <Placemark>
      <name>Veer industry</name>
      <description><![CDATA[Category: manufacturer<br>Address: Gaulane road, Pathardi Gaon, Pathardi Phata, Nashik, Maharashtra 422010, India<br>Latitude: 19.9386152<br>Longitude: 73.7695952<br>Place_ID: ChIJvzgZJluT3TsRnszpSSK2RXY<br>Source_File: Nashik_Pathardi_Phata_industrial.xlsx]]></description>
      <styleUrl>#icon-1899-0288D1</styleUrl>
      <ExtendedData>
        <Data name="Category">
          <value>manufacturer</value>
        </Data>
        <Data name="Address">
          <value>Gaulane road, Pathardi Gaon, Pathardi Phata, Nashik, Maharashtra 422010, India</value>
        </Data>
        <Data name="Latitude">
          <value>19.9386152</value>
        </Data>
        <Data name="Longitude">
          <value>73.7695952</value>
        </Data>
        <Data name="Place_ID">
          <value>ChIJvzgZJluT3TsRnszpSSK2RXY</value>
        </Data>
        <Data name="Source_File">
          <value>Nashik_Pathardi_Phata_industrial.xlsx</value>
        </Data>
      </ExtendedData>
      <Point>
        <coordinates>
          73.7695952,19.9386152,0
        </coordinates>
      </Point>
    </Placemark>
    <Placemark>
      <name><![CDATA[Nirja's ( Nirja Creations )]]></name>
      <description><![CDATA[Category: manufacturer<br>Address: Shivganga Heights, C25, near Shell Petrol Pump, Dnyaneshwar Nagar, Pathardi Phata, Nashik, Maharashtra 422010, India<br>Latitude: 19.9485282<br>Longitude: 73.7724092<br>Place_ID: ChIJ0wEr7hCV3TsROThWDcnaN_0<br>Source_File: Nashik_Pathardi_Phata_industrial.xlsx]]></description>
      <styleUrl>#icon-1899-0288D1</styleUrl>
      <ExtendedData>
        <Data name="Category">
          <value>manufacturer</value>
        </Data>
        <Data name="Address">
          <value>Shivganga Heights, C25, near Shell Petrol Pump, Dnyaneshwar Nagar, Pathardi Phata, Nashik, Maharashtra 422010, India</value>
        </Data>
        <Data name="Latitude">
          <value>19.9485282</value>
        </Data>
        <Data name="Longitude">
          <value>73.7724092</value>
        </Data>
        <Data name="Place_ID">
          <value>ChIJ0wEr7hCV3TsROThWDcnaN_0</value>
        </Data>
        <Data name="Source_File">
          <value>Nashik_Pathardi_Phata_industrial.xlsx</value>
        </Data>
      </ExtendedData>
      <Point>
        <coordinates>
          73.7724092,19.9485282,0
        </coordinates>
      </Point>
    </Placemark>
    <Placemark>
      <name>Green Foods India</name>
      <description><![CDATA[Category: manufacturer<br>Address: shop number 3, The wave building, Dnyaneshwar Nagar, Pathardi Phata, Nashik, Maharashtra 422010, India<br>Latitude: 19.957481<br>Longitude: 73.765341<br>Place_ID: ChIJ470hIvfr3TsRRPat1AZQd2c<br>Source_File: Nashik_Pathardi_Phata_industrial.xlsx]]></description>
      <styleUrl>#icon-1899-0288D1</styleUrl>
      <ExtendedData>
        <Data name="Category">
          <value>manufacturer</value>
        </Data>
        <Data name="Address">
          <value>shop number 3, The wave building, Dnyaneshwar Nagar, Pathardi Phata, Nashik, Maharashtra 422010, India</value>
        </Data>
        <Data name="Latitude">
          <value>19.957481</value>
        </Data>
        <Data name="Longitude">
          <value>73.765341</value>
        </Data>
        <Data name="Place_ID">
          <value>ChIJ470hIvfr3TsRRPat1AZQd2c</value>
        </Data>
        <Data name="Source_File">
          <value>Nashik_Pathardi_Phata_industrial.xlsx</value>
        </Data>
      </ExtendedData>
      <Point>
        <coordinates>
          73.765341,19.957481,0
        </coordinates>
      </Point>
    </Placemark>
    <Placemark>
      <name><![CDATA[UNIQUE MOVERS & PACKERS]]></name>
      <description><![CDATA[Category: manufacturer<br>Address: Deolali Rd, Pathardi Gaon, Pathardi Phata, Nashik, Maharashtra 422010, India<br>Latitude: 19.9428569<br>Longitude: 73.7765853<br>Place_ID: ChIJ24xB262V3TsRuBDKPEg47Mo<br>Source_File: Nashik_Pathardi_Phata_industrial.xlsx]]></description>
      <styleUrl>#icon-1899-0288D1</styleUrl>
      <ExtendedData>
        <Data name="Category">
          <value>manufacturer</value>
        </Data>
        <Data name="Address">
          <value>Deolali Rd, Pathardi Gaon, Pathardi Phata, Nashik, Maharashtra 422010, India</value>
        </Data>
        <Data name="Latitude">
          <value>19.9428569</value>
        </Data>
        <Data name="Longitude">
          <value>73.7765853</value>
        </Data>
        <Data name="Place_ID">
          <value>ChIJ24xB262V3TsRuBDKPEg47Mo</value>
        </Data>
        <Data name="Source_File">
          <value>Nashik_Pathardi_Phata_industrial.xlsx</value>
        </Data>
      </ExtendedData>
      <Point>
        <coordinates>
          73.7765853,19.9428569,0
        </coordinates>
      </Point>
    </Placemark>
    <Placemark>
      <name>New Swarajya Enterprises In Nashik</name>
      <description><![CDATA[Category: manufacturer<br>Address: Shop no.5 Atlanta shoppers, Devlali-pathardi road Pathardiphata, Wasan Nagar, Pathardi Phata, Nashik, Maharashtra 422010, India<br>Latitude: 19.953837<br>Longitude: 73.7665906<br>Place_ID: ChIJ1Vsgw3Hr3TsR9-91H8RWuU8<br>Source_File: Nashik_Pathardi_Phata_industrial.xlsx]]></description>
      <styleUrl>#icon-1899-0288D1</styleUrl>
      <ExtendedData>
        <Data name="Category">
          <value>manufacturer</value>
        </Data>
        <Data name="Address">
          <value>Shop no.5 Atlanta shoppers, Devlali-pathardi road Pathardiphata, Wasan Nagar, Pathardi Phata, Nashik, Maharashtra 422010, India</value>
        </Data>
        <Data name="Latitude">
          <value>19.953837</value>
        </Data>
        <Data name="Longitude">
          <value>73.7665906</value>
        </Data>
        <Data name="Place_ID">
          <value>ChIJ1Vsgw3Hr3TsR9-91H8RWuU8</value>
        </Data>
        <Data name="Source_File">
          <value>Nashik_Pathardi_Phata_industrial.xlsx</value>
        </Data>
      </ExtendedData>
      <Point>
        <coordinates>
          73.7665906,19.953837,0
        </coordinates>
      </Point>
    </Placemark>
    <Placemark>
      <name>Nashik Puranpoli Center</name>
      <description><![CDATA[Category: manufacturer<br>Address: Pathardi Gaon, Pathardi Phata, Nashik, Maharashtra 422010, India<br>Latitude: 19.9442036<br>Longitude: 73.7740628<br>Place_ID: ChIJH6TK3NHr3TsRnq7benAMBJ4<br>Source_File: Nashik_Pathardi_Phata_industrial.xlsx]]></description>
      <styleUrl>#icon-1899-0288D1</styleUrl>
      <ExtendedData>
        <Data name="Category">
          <value>manufacturer</value>
        </Data>
        <Data name="Address">
          <value>Pathardi Gaon, Pathardi Phata, Nashik, Maharashtra 422010, India</value>
        </Data>
        <Data name="Latitude">
          <value>19.9442036</value>
        </Data>
        <Data name="Longitude">
          <value>73.7740628</value>
        </Data>
        <Data name="Place_ID">
          <value>ChIJH6TK3NHr3TsRnq7benAMBJ4</value>
        </Data>
        <Data name="Source_File">
          <value>Nashik_Pathardi_Phata_industrial.xlsx</value>
        </Data>
      </ExtendedData>
      <Point>
        <coordinates>
          73.7740628,19.9442036,0
        </coordinates>
      </Point>
    </Placemark>
    <Placemark>
      <name><![CDATA[Prithvi Enterprises & decor]]></name>
      <description><![CDATA[Category: manufacturer<br>Address: WQRC+VM2, Pathardi Gaon, Pathardi Phata, Nashik, Maharashtra 422010, India<br>Latitude: 19.9429863<br>Longitude: 73.7712659<br>Place_ID: ChIJC2m9WwCV3TsRzspMvCvZLqc<br>Source_File: Nashik_Pathardi_Phata_industrial.xlsx]]></description>
      <styleUrl>#icon-1899-0288D1</styleUrl>
      <ExtendedData>
        <Data name="Category">
          <value>manufacturer</value>
        </Data>
        <Data name="Address">
          <value>WQRC+VM2, Pathardi Gaon, Pathardi Phata, Nashik, Maharashtra 422010, India</value>
        </Data>
        <Data name="Latitude">
          <value>19.9429863</value>
        </Data>
        <Data name="Longitude">
          <value>73.7712659</value>
        </Data>
        <Data name="Place_ID">
          <value>ChIJC2m9WwCV3TsRzspMvCvZLqc</value>
        </Data>
        <Data name="Source_File">
          <value>Nashik_Pathardi_Phata_industrial.xlsx</value>
        </Data>
      </ExtendedData>
      <Point>
        <coordinates>
          73.7712659,19.9429863,0
        </coordinates>
      </Point>
    </Placemark>
    <Placemark>
      <name>RISHABH ENTERPRISES</name>
      <description><![CDATA[Category: manufacturer<br>Address: Sai shardhh aap flat no 14 Plot no 20 s no 69 a, Ayodhya Colony, Datt Nagar, MIDC Ambad, Nashik, Maharashtra 422010, India<br>Latitude: 19.9539242<br>Longitude: 73.7635522<br>Place_ID: ChIJCxfHFCbr3TsRTkQXUs0ZT70<br>Source_File: Nashik_Pathardi_Phata_industrial.xlsx]]></description>
      <styleUrl>#icon-1899-0288D1</styleUrl>
      <ExtendedData>
        <Data name="Category">
          <value>manufacturer</value>
        </Data>
        <Data name="Address">
          <value>Sai shardhh aap flat no 14 Plot no 20 s no 69 a, Ayodhya Colony, Datt Nagar, MIDC Ambad, Nashik, Maharashtra 422010, India</value>
        </Data>
        <Data name="Latitude">
          <value>19.9539242</value>
        </Data>
        <Data name="Longitude">
          <value>73.7635522</value>
        </Data>
        <Data name="Place_ID">
          <value>ChIJCxfHFCbr3TsRTkQXUs0ZT70</value>
        </Data>
        <Data name="Source_File">
          <value>Nashik_Pathardi_Phata_industrial.xlsx</value>
        </Data>
      </ExtendedData>
      <Point>
        <coordinates>
          73.7635522,19.9539242,0
        </coordinates>
      </Point>
    </Placemark>
    <Placemark>
      <name>Nexicon Pharmaceuticals</name>
      <description><![CDATA[Category: manufacturer<br>Address: Chetana nagar, Rane Nagar, Nashik, Maharashtra 422009, India<br>Latitude: 19.9637853<br>Longitude: 73.7664651<br>Place_ID: ChIJ_5BDMFPr3TsRkD6EvGRDiuM<br>Source_File: Nashik_Pathardi_Phata_industrial.xlsx]]></description>
      <styleUrl>#icon-1899-0288D1</styleUrl>
      <ExtendedData>
        <Data name="Category">
          <value>manufacturer</value>
        </Data>
        <Data name="Address">
          <value>Chetana nagar, Rane Nagar, Nashik, Maharashtra 422009, India</value>
        </Data>
        <Data name="Latitude">
          <value>19.9637853</value>
        </Data>
        <Data name="Longitude">
          <value>73.7664651</value>
        </Data>
        <Data name="Place_ID">
          <value>ChIJ_5BDMFPr3TsRkD6EvGRDiuM</value>
        </Data>
        <Data name="Source_File">
          <value>Nashik_Pathardi_Phata_industrial.xlsx</value>
        </Data>
      </ExtendedData>
      <Point>
        <coordinates>
          73.7664651,19.9637853,0
        </coordinates>
      </Point>
    </Placemark>
    <Placemark>
      <name><![CDATA[Golden Forest Furnitures (Kitchen Trolly & Furnitures manufacturer in nashik)]]></name>
      <description><![CDATA[Category: manufacturer<br>Address: Suvidha Society front of sbi bank, Plot No. 29, near gajanan auto service, Prashant Nagar, Pathardi Phata, Nashik, Maharashtra 422010, India<br>Latitude: 19.9546314<br>Longitude: 73.7630077<br>Place_ID: ChIJUfRFnuHt3TsRG8RN36kOTfs<br>Source_File: Nashik_Pathardi_Phata_industrial.xlsx]]></description>
      <styleUrl>#icon-1899-0288D1</styleUrl>
      <ExtendedData>
        <Data name="Category">
          <value>manufacturer</value>
        </Data>
        <Data name="Address">
          <value>Suvidha Society front of sbi bank, Plot No. 29, near gajanan auto service, Prashant Nagar, Pathardi Phata, Nashik, Maharashtra 422010, India</value>
        </Data>
        <Data name="Latitude">
          <value>19.9546314</value>
        </Data>
        <Data name="Longitude">
          <value>73.7630077</value>
        </Data>
        <Data name="Place_ID">
          <value>ChIJUfRFnuHt3TsRG8RN36kOTfs</value>
        </Data>
        <Data name="Source_File">
          <value>Nashik_Pathardi_Phata_industrial.xlsx</value>
        </Data>
      </ExtendedData>
      <Point>
        <coordinates>
          73.7630077,19.9546314,0
        </coordinates>
      </Point>
    </Placemark>
    <Placemark>
      <name>Nilam Agarbatti Industries</name>
      <description><![CDATA[Category: manufacturer<br>Address: 12, Swagat Villa, Prashant Nagar, Pathardi Phata, Nashik, Maharashtra 422010, India<br>Latitude: 19.9507135<br>Longitude: 73.7588181<br>Place_ID: ChIJn2IhE3vr3TsRmAmoHY4JboY<br>Source_File: Nashik_Pathardi_Phata_industrial.xlsx]]></description>
      <styleUrl>#icon-1899-0288D1</styleUrl>
      <ExtendedData>
        <Data name="Category">
          <value>manufacturer</value>
        </Data>
        <Data name="Address">
          <value>12, Swagat Villa, Prashant Nagar, Pathardi Phata, Nashik, Maharashtra 422010, India</value>
        </Data>
        <Data name="Latitude">
          <value>19.9507135</value>
        </Data>
        <Data name="Longitude">
          <value>73.7588181</value>
        </Data>
        <Data name="Place_ID">
          <value>ChIJn2IhE3vr3TsRmAmoHY4JboY</value>
        </Data>
        <Data name="Source_File">
          <value>Nashik_Pathardi_Phata_industrial.xlsx</value>
        </Data>
      </ExtendedData>
      <Point>
        <coordinates>
          73.7588181,19.9507135,0
        </coordinates>
      </Point>
    </Placemark>
    <Placemark>
      <name>SHAMBHU ENTERPRISES</name>
      <description><![CDATA[Category: manufacturer<br>Address: FL NO 404, SHREE PRAKASH APT, near RENUKA NURSING HOME, Pathardi Gaon, Pathardi Phata, Nashik, Maharashtra 422010, India<br>Latitude: 19.944143<br>Longitude: 73.7740526<br>Place_ID: ChIJTYbnYvyV3TsRLwlKUd7UoKo<br>Source_File: Nashik_Pathardi_Phata_industrial.xlsx]]></description>
      <styleUrl>#icon-1899-0288D1</styleUrl>
      <ExtendedData>
        <Data name="Category">
          <value>manufacturer</value>
        </Data>
        <Data name="Address">
          <value>FL NO 404, SHREE PRAKASH APT, near RENUKA NURSING HOME, Pathardi Gaon, Pathardi Phata, Nashik, Maharashtra 422010, India</value>
        </Data>
        <Data name="Latitude">
          <value>19.944143</value>
        </Data>
        <Data name="Longitude">
          <value>73.7740526</value>
        </Data>
        <Data name="Place_ID">
          <value>ChIJTYbnYvyV3TsRLwlKUd7UoKo</value>
        </Data>
        <Data name="Source_File">
          <value>Nashik_Pathardi_Phata_industrial.xlsx</value>
        </Data>
      </ExtendedData>
      <Point>
        <coordinates>
          73.7740526,19.944143,0
        </coordinates>
      </Point>
    </Placemark>
    <Placemark>
      <name>AROSASIA TECHNOLOGIES PVT LTD</name>
      <description><![CDATA[Category: manufacturer<br>Address: Shop no A4, Adidev Complex, opposite Samarth Hospital, Dnyaneshwar Nagar, Pathardi Phata, Nashik, Maharashtra 422010, India<br>Latitude: 19.9562372<br>Longitude: 73.7600968<br>Place_ID: ChIJJaaU5Wrr3TsRvYsYO5SutVQ<br>Source_File: Nashik_Pathardi_Phata_industrial.xlsx]]></description>
      <styleUrl>#icon-1899-0288D1</styleUrl>
      <ExtendedData>
        <Data name="Category">
          <value>manufacturer</value>
        </Data>
        <Data name="Address">
          <value>Shop no A4, Adidev Complex, opposite Samarth Hospital, Dnyaneshwar Nagar, Pathardi Phata, Nashik, Maharashtra 422010, India</value>
        </Data>
        <Data name="Latitude">
          <value>19.9562372</value>
        </Data>
        <Data name="Longitude">
          <value>73.7600968</value>
        </Data>
        <Data name="Place_ID">
          <value>ChIJJaaU5Wrr3TsRvYsYO5SutVQ</value>
        </Data>
        <Data name="Source_File">
          <value>Nashik_Pathardi_Phata_industrial.xlsx</value>
        </Data>
      </ExtendedData>
      <Point>
        <coordinates>
          73.7600968,19.9562372,0
        </coordinates>
      </Point>
    </Placemark>
    <Placemark>
      <name>suyash oil mill</name>
      <description><![CDATA[Category: manufacturer<br>Address: plot no 47 madhav coop hsg soc opp ambika hardware near income tax colony next to richmond height, Pathardi Rd, Dnyaneshwar Nagar, Pathardi Phata, Nashik, Maharashtra 422009, India<br>Latitude: 19.9496746<br>Longitude: 73.7727655<br>Place_ID: ChIJUZcte12V3TsRZXa2ucXxHgQ<br>Source_File: Nashik_Pathardi_Phata_industrial.xlsx]]></description>
      <styleUrl>#icon-1899-0288D1</styleUrl>
      <ExtendedData>
        <Data name="Category">
          <value>manufacturer</value>
        </Data>
        <Data name="Address">
          <value>plot no 47 madhav coop hsg soc opp ambika hardware near income tax colony next to richmond height, Pathardi Rd, Dnyaneshwar Nagar, Pathardi Phata, Nashik, Maharashtra 422009, India</value>
        </Data>
        <Data name="Latitude">
          <value>19.9496746</value>
        </Data>
        <Data name="Longitude">
          <value>73.7727655</value>
        </Data>
        <Data name="Place_ID">
          <value>ChIJUZcte12V3TsRZXa2ucXxHgQ</value>
        </Data>
        <Data name="Source_File">
          <value>Nashik_Pathardi_Phata_industrial.xlsx</value>
        </Data>
      </ExtendedData>
      <Point>
        <coordinates>
          73.7727655,19.9496746,0
        </coordinates>
      </Point>
    </Placemark>
    <Placemark>
      <name>VRIDAM HEALTHCARE PVT. LTD.</name>
      <description><![CDATA[Category: manufacturer<br>Address: Plot No-3, Sr. No. 323, 2B, Pathardi Shivar, Dnyaneshwar Nagar, Pathardi Phata, Nashik, Maharashtra 422009, India<br>Latitude: 19.9538152<br>Longitude: 73.7677894<br>Place_ID: ChIJtwQLsIaV3TsRIKymxHaZVOY<br>Source_File: Nashik_Pathardi_Phata_industrial.xlsx]]></description>
      <styleUrl>#icon-1899-0288D1</styleUrl>
      <ExtendedData>
        <Data name="Category">
          <value>manufacturer</value>
        </Data>
        <Data name="Address">
          <value>Plot No-3, Sr. No. 323, 2B, Pathardi Shivar, Dnyaneshwar Nagar, Pathardi Phata, Nashik, Maharashtra 422009, India</value>
        </Data>
        <Data name="Latitude">
          <value>19.9538152</value>
        </Data>
        <Data name="Longitude">
          <value>73.7677894</value>
        </Data>
        <Data name="Place_ID">
          <value>ChIJtwQLsIaV3TsRIKymxHaZVOY</value>
        </Data>
        <Data name="Source_File">
          <value>Nashik_Pathardi_Phata_industrial.xlsx</value>
        </Data>
      </ExtendedData>
      <Point>
        <coordinates>
          73.7677894,19.9538152,0
        </coordinates>
      </Point>
    </Placemark>
    <Placemark>
      <name>National Packers and Movers</name>
      <description><![CDATA[Category: manufacturer<br>Address: Umang Pride, Row-House : 3, near G.D Sawant College, Wasan Nagar, Pathardi Phata, Nashik, Maharashtra 422010, India<br>Latitude: 19.950839<br>Longitude: 73.7663371<br>Place_ID: ChIJBwHYmNeV3TsRIoIlNlyWyZU<br>Source_File: Nashik_Pathardi_Phata_industrial.xlsx]]></description>
      <styleUrl>#icon-1899-0288D1</styleUrl>
      <ExtendedData>
        <Data name="Category">
          <value>manufacturer</value>
        </Data>
        <Data name="Address">
          <value>Umang Pride, Row-House : 3, near G.D Sawant College, Wasan Nagar, Pathardi Phata, Nashik, Maharashtra 422010, India</value>
        </Data>
        <Data name="Latitude">
          <value>19.950839</value>
        </Data>
        <Data name="Longitude">
          <value>73.7663371</value>
        </Data>
        <Data name="Place_ID">
          <value>ChIJBwHYmNeV3TsRIoIlNlyWyZU</value>
        </Data>
        <Data name="Source_File">
          <value>Nashik_Pathardi_Phata_industrial.xlsx</value>
        </Data>
      </ExtendedData>
      <Point>
        <coordinates>
          73.7663371,19.950839,0
        </coordinates>
      </Point>
    </Placemark>
    <Placemark>
      <name>SkyCircuit Innovations Private Limited</name>
      <description><![CDATA[Category: manufacturer<br>Address: Golden park apartments, ambad link road, Mhada Colony, Prashant Nagar, Pathardi Phata, Nashik, Maharashtra 422010, India<br>Latitude: 19.9515355<br>Longitude: 73.7561246<br>Place_ID: ChIJaxnvZwDt3TsR-uAztkCJW7E<br>Source_File: Nashik_Pathardi_Phata_industrial.xlsx]]></description>
      <styleUrl>#icon-1899-0288D1</styleUrl>
      <ExtendedData>
        <Data name="Category">
          <value>manufacturer</value>
        </Data>
        <Data name="Address">
          <value>Golden park apartments, ambad link road, Mhada Colony, Prashant Nagar, Pathardi Phata, Nashik, Maharashtra 422010, India</value>
        </Data>
        <Data name="Latitude">
          <value>19.9515355</value>
        </Data>
        <Data name="Longitude">
          <value>73.7561246</value>
        </Data>
        <Data name="Place_ID">
          <value>ChIJaxnvZwDt3TsR-uAztkCJW7E</value>
        </Data>
        <Data name="Source_File">
          <value>Nashik_Pathardi_Phata_industrial.xlsx</value>
        </Data>
      </ExtendedData>
      <Point>
        <coordinates>
          73.7561246,19.9515355,0
        </coordinates>
      </Point>
    </Placemark>
    <Placemark>
      <name>Sanjay Chaudhary Home</name>
      <description><![CDATA[Category: manufacturer<br>Address: Ganesh Park, Narhari Nagar Rd, behind Green Plus Pharmacy, Pathardi Shivar, Damodar Nagar, Pathardi Phata, Nashik, Maharashtra 422010, India<br>Latitude: 19.9489817<br>Longitude: 73.7686205<br>Place_ID: ChIJJXzFJrOU3TsR16L9dFh8Ldk<br>Source_File: Nashik_Pathardi_Phata_industrial.xlsx]]></description>
      <styleUrl>#icon-1899-0288D1</styleUrl>
      <ExtendedData>
        <Data name="Category">
          <value>manufacturer</value>
        </Data>
        <Data name="Address">
          <value>Ganesh Park, Narhari Nagar Rd, behind Green Plus Pharmacy, Pathardi Shivar, Damodar Nagar, Pathardi Phata, Nashik, Maharashtra 422010, India</value>
        </Data>
        <Data name="Latitude">
          <value>19.9489817</value>
        </Data>
        <Data name="Longitude">
          <value>73.7686205</value>
        </Data>
        <Data name="Place_ID">
          <value>ChIJJXzFJrOU3TsR16L9dFh8Ldk</value>
        </Data>
        <Data name="Source_File">
          <value>Nashik_Pathardi_Phata_industrial.xlsx</value>
        </Data>
      </ExtendedData>
      <Point>
        <coordinates>
          73.7686205,19.9489817,0
        </coordinates>
      </Point>
    </Placemark>
    <Placemark>
      <name>Balaji Domestic Relocation Packers Movers</name>
      <description><![CDATA[Category: manufacturer<br>Address: Unit No. 4, Vighanaharta Row House, Damodar Nagar, Pathardi Phata, Nashik, Maharashtra 422010, India<br>Latitude: 19.9471847<br>Longitude: 73.7634952<br>Place_ID: ChIJ9867psKV3TsRwNwydx9LdGw<br>Source_File: Nashik_Pathardi_Phata_industrial.xlsx]]></description>
      <styleUrl>#icon-1899-0288D1</styleUrl>
      <ExtendedData>
        <Data name="Category">
          <value>manufacturer</value>
        </Data>
        <Data name="Address">
          <value>Unit No. 4, Vighanaharta Row House, Damodar Nagar, Pathardi Phata, Nashik, Maharashtra 422010, India</value>
        </Data>
        <Data name="Latitude">
          <value>19.9471847</value>
        </Data>
        <Data name="Longitude">
          <value>73.7634952</value>
        </Data>
        <Data name="Place_ID">
          <value>ChIJ9867psKV3TsRwNwydx9LdGw</value>
        </Data>
        <Data name="Source_File">
          <value>Nashik_Pathardi_Phata_industrial.xlsx</value>
        </Data>
      </ExtendedData>
      <Point>
        <coordinates>
          73.7634952,19.9471847,0
        </coordinates>
      </Point>
    </Placemark>
    <Placemark>
      <name>N M STEEL</name>
      <description><![CDATA[Category: manufacturer<br>Address: Plot No.368, Ambad Gaon Rd, Ambad, Pathardi Phata, Nashik, Maharashtra 422010, India<br>Latitude: 19.961385<br>Longitude: 73.7513819<br>Place_ID: ChIJ44ZsDVfr3TsRC5H7zaoKoQ4<br>Source_File: Nashik_Pathardi_Phata_industrial.xlsx]]></description>
      <styleUrl>#icon-1899-0288D1</styleUrl>
      <ExtendedData>
        <Data name="Category">
          <value>manufacturer</value>
        </Data>
        <Data name="Address">
          <value>Plot No.368, Ambad Gaon Rd, Ambad, Pathardi Phata, Nashik, Maharashtra 422010, India</value>
        </Data>
        <Data name="Latitude">
          <value>19.961385</value>
        </Data>
        <Data name="Longitude">
          <value>73.7513819</value>
        </Data>
        <Data name="Place_ID">
          <value>ChIJ44ZsDVfr3TsRC5H7zaoKoQ4</value>
        </Data>
        <Data name="Source_File">
          <value>Nashik_Pathardi_Phata_industrial.xlsx</value>
        </Data>
      </ExtendedData>
      <Point>
        <coordinates>
          73.7513819,19.961385,0
        </coordinates>
      </Point>
    </Placemark>
    <Placemark>
      <name>Atharav Fabrication Works</name>
      <description><![CDATA[Category: manufacturer<br>Address: Shop No.182, Pathardi Rd, Mauli Nagari, Wasan Nagar, Pathardi Phata, Nashik, Maharashtra 422009, India<br>Latitude: 19.955073<br>Longitude: 73.7670249<br>Place_ID: ChIJvdduDUvr3TsRJxceGiCZ8nc<br>Source_File: Nashik_Pathardi_Phata_industrial.xlsx]]></description>
      <styleUrl>#icon-1899-0288D1</styleUrl>
      <ExtendedData>
        <Data name="Category">
          <value>manufacturer</value>
        </Data>
        <Data name="Address">
          <value>Shop No.182, Pathardi Rd, Mauli Nagari, Wasan Nagar, Pathardi Phata, Nashik, Maharashtra 422009, India</value>
        </Data>
        <Data name="Latitude">
          <value>19.955073</value>
        </Data>
        <Data name="Longitude">
          <value>73.7670249</value>
        </Data>
        <Data name="Place_ID">
          <value>ChIJvdduDUvr3TsRJxceGiCZ8nc</value>
        </Data>
        <Data name="Source_File">
          <value>Nashik_Pathardi_Phata_industrial.xlsx</value>
        </Data>
      </ExtendedData>
      <Point>
        <coordinates>
          73.7670249,19.955073,0
        </coordinates>
      </Point>
    </Placemark>
    <Placemark>
      <name>TECHNOTWIN INDUSTRIES | Quality furniture and Precise fabrication</name>
      <description><![CDATA[Category: manufacturer<br>Address: MIDC Ambad, Nashik, Maharashtra 422010, India<br>Latitude: 19.9577992<br>Longitude: 73.7512599<br>Place_ID: ChIJYQC38S3r3TsRhzr2Wk9ex7o<br>Source_File: Nashik_Pathardi_Phata_industrial.xlsx]]></description>
      <styleUrl>#icon-1899-0288D1</styleUrl>
      <ExtendedData>
        <Data name="Category">
          <value>manufacturer</value>
        </Data>
        <Data name="Address">
          <value>MIDC Ambad, Nashik, Maharashtra 422010, India</value>
        </Data>
        <Data name="Latitude">
          <value>19.9577992</value>
        </Data>
        <Data name="Longitude">
          <value>73.7512599</value>
        </Data>
        <Data name="Place_ID">
          <value>ChIJYQC38S3r3TsRhzr2Wk9ex7o</value>
        </Data>
        <Data name="Source_File">
          <value>Nashik_Pathardi_Phata_industrial.xlsx</value>
        </Data>
      </ExtendedData>
      <Point>
        <coordinates>
          73.7512599,19.9577992,0
        </coordinates>
      </Point>
    </Placemark>
    <Placemark>
      <name>Zen Solution</name>
      <description><![CDATA[Category: manufacturer<br>Address: 102, Sai Arnav Co.op, Plot no. 20-21, Ayodhya Colony, Prashant Nagar, Pathardi Phata, Nashik, Maharashtra 422099, India<br>Latitude: 19.9539242<br>Longitude: 73.7635522<br>Place_ID: ChIJf-jwHZvr3TsRa6gb3KRtEDs<br>Source_File: Nashik_Pathardi_Phata_industrial.xlsx]]></description>
      <styleUrl>#icon-1899-0288D1</styleUrl>
      <ExtendedData>
        <Data name="Category">
          <value>manufacturer</value>
        </Data>
        <Data name="Address">
          <value>102, Sai Arnav Co.op, Plot no. 20-21, Ayodhya Colony, Prashant Nagar, Pathardi Phata, Nashik, Maharashtra 422099, India</value>
        </Data>
        <Data name="Latitude">
          <value>19.9539242</value>
        </Data>
        <Data name="Longitude">
          <value>73.7635522</value>
        </Data>
        <Data name="Place_ID">
          <value>ChIJf-jwHZvr3TsRa6gb3KRtEDs</value>
        </Data>
        <Data name="Source_File">
          <value>Nashik_Pathardi_Phata_industrial.xlsx</value>
        </Data>
      </ExtendedData>
      <Point>
        <coordinates>
          73.7635522,19.9539242,0
        </coordinates>
      </Point>
    </Placemark>
    <Placemark>
      <name>Mj Electricals</name>
      <description><![CDATA[Category: manufacturer<br>Address: Pathardi Phata-Pathardi Rd, Prashant Nagar, Pathardi Phata, Nashik, Maharashtra 422010, India<br>Latitude: 19.9531589<br>Longitude: 73.7666464<br>Place_ID: ChIJHXiSSUvr3TsR0P37rRrEwhU<br>Source_File: Nashik_Pathardi_Phata_industrial.xlsx]]></description>
      <styleUrl>#icon-1899-0288D1</styleUrl>
      <ExtendedData>
        <Data name="Category">
          <value>manufacturer</value>
        </Data>
        <Data name="Address">
          <value>Pathardi Phata-Pathardi Rd, Prashant Nagar, Pathardi Phata, Nashik, Maharashtra 422010, India</value>
        </Data>
        <Data name="Latitude">
          <value>19.9531589</value>
        </Data>
        <Data name="Longitude">
          <value>73.7666464</value>
        </Data>
        <Data name="Place_ID">
          <value>ChIJHXiSSUvr3TsR0P37rRrEwhU</value>
        </Data>
        <Data name="Source_File">
          <value>Nashik_Pathardi_Phata_industrial.xlsx</value>
        </Data>
      </ExtendedData>
      <Point>
        <coordinates>
          73.7666464,19.9531589,0
        </coordinates>
      </Point>
    </Placemark>
    <Placemark>
      <name>Anand Techno IT/ Business Park</name>
      <description><![CDATA[Category: business_center<br>Address: IT 29/6, Ambad, MIDC Ambad, Nashik, Maharashtra 422010, India<br>Latitude: 19.9525915<br>Longitude: 73.7354654<br>Place_ID: ChIJbZd_Y_bt3TsRXDSRX01l1MM<br>Source_File: Nashik_MIDC_Ambad_establishments.xlsx]]></description>
      <styleUrl>#icon-1899-0288D1</styleUrl>
      <ExtendedData>
        <Data name="Category">
          <value>business_center</value>
        </Data>
        <Data name="Address">
          <value>IT 29/6, Ambad, MIDC Ambad, Nashik, Maharashtra 422010, India</value>
        </Data>
        <Data name="Latitude">
          <value>19.9525915</value>
        </Data>
        <Data name="Longitude">
          <value>73.7354654</value>
        </Data>
        <Data name="Place_ID">
          <value>ChIJbZd_Y_bt3TsRXDSRX01l1MM</value>
        </Data>
        <Data name="Source_File">
          <value>Nashik_MIDC_Ambad_establishments.xlsx</value>
        </Data>
      </ExtendedData>
      <Point>
        <coordinates>
          73.7354654,19.9525915,0
        </coordinates>
      </Point>
    </Placemark>
    <Placemark>
      <name>Marsman India Limited</name>
      <description><![CDATA[Category: corporate_office<br>Address: N-16, opp. namco bank, MIDC Ambad, Nashik, Maharashtra 422010, India<br>Latitude: 19.9545255<br>Longitude: 73.7543677<br>Place_ID: ChIJS-fyOgHr3TsRaRps5rHFUv4<br>Source_File: Nashik_Ambad_establishments.xlsx]]></description>
      <styleUrl>#icon-1899-0288D1</styleUrl>
      <ExtendedData>
        <Data name="Category">
          <value>corporate_office</value>
        </Data>
        <Data name="Address">
          <value>N-16, opp. namco bank, MIDC Ambad, Nashik, Maharashtra 422010, India</value>
        </Data>
        <Data name="Latitude">
          <value>19.9545255</value>
        </Data>
        <Data name="Longitude">
          <value>73.7543677</value>
        </Data>
        <Data name="Place_ID">
          <value>ChIJS-fyOgHr3TsRaRps5rHFUv4</value>
        </Data>
        <Data name="Source_File">
          <value>Nashik_Ambad_establishments.xlsx</value>
        </Data>
      </ExtendedData>
      <Point>
        <coordinates>
          73.7543677,19.9545255,0
        </coordinates>
      </Point>
    </Placemark>
    <Placemark>
      <name>Dairy Don Foods</name>
      <description><![CDATA[Category: manufacturer<br>Address: W-9/C, Ambad, MIDC Ambad, Nashik, Maharashtra 422010, India<br>Latitude: 19.9549169<br>Longitude: 73.7551853<br>Place_ID: ChIJzQ8oppPr3TsRs3e0Wm7deVc<br>Source_File: Nashik_Ambad_establishments.xlsx]]></description>
      <styleUrl>#icon-1899-0288D1</styleUrl>
      <ExtendedData>
        <Data name="Category">
          <value>manufacturer</value>
        </Data>
        <Data name="Address">
          <value>W-9/C, Ambad, MIDC Ambad, Nashik, Maharashtra 422010, India</value>
        </Data>
        <Data name="Latitude">
          <value>19.9549169</value>
        </Data>
        <Data name="Longitude">
          <value>73.7551853</value>
        </Data>
        <Data name="Place_ID">
          <value>ChIJzQ8oppPr3TsRs3e0Wm7deVc</value>
        </Data>
        <Data name="Source_File">
          <value>Nashik_Ambad_establishments.xlsx</value>
        </Data>
      </ExtendedData>
      <Point>
        <coordinates>
          73.7551853,19.9549169,0
        </coordinates>
      </Point>
    </Placemark>
    <Placemark>
      <name>Goldline enterprises</name>
      <description><![CDATA[Category: manufacturer<br>Address: W-239, MIDC Ambad, near Central Warehouse Ambad, MIDC Ambad, Nashik, Maharashtra 422010, India<br>Latitude: 19.9556903<br>Longitude: 73.7397271<br>Place_ID: ChIJSY2NuIvt3TsRPrKbOlxcPd4<br>Source_File: Nashik_Ambad_establishments.xlsx]]></description>
      <styleUrl>#icon-1899-0288D1</styleUrl>
      <ExtendedData>
        <Data name="Category">
          <value>manufacturer</value>
        </Data>
        <Data name="Address">
          <value>W-239, MIDC Ambad, near Central Warehouse Ambad, MIDC Ambad, Nashik, Maharashtra 422010, India</value>
        </Data>
        <Data name="Latitude">
          <value>19.9556903</value>
        </Data>
        <Data name="Longitude">
          <value>73.7397271</value>
        </Data>
        <Data name="Place_ID">
          <value>ChIJSY2NuIvt3TsRPrKbOlxcPd4</value>
        </Data>
        <Data name="Source_File">
          <value>Nashik_Ambad_establishments.xlsx</value>
        </Data>
      </ExtendedData>
      <Point>
        <coordinates>
          73.7397271,19.9556903,0
        </coordinates>
      </Point>
    </Placemark>
    <Placemark>
      <name><![CDATA[Niraj Thermocols & Electricals Pvt. Ltd.]]></name>
      <description><![CDATA[Category: manufacturer<br>Address: D-63, MIDC Ambad, Nashik, Maharashtra 422010, India<br>Latitude: 19.955797<br>Longitude: 73.742455<br>Place_ID: ChIJJ3EA-6vs3TsRnZTR79ruB2g<br>Source_File: Nashik_Ambad_establishments.xlsx]]></description>
      <styleUrl>#icon-1899-0288D1</styleUrl>
      <ExtendedData>
        <Data name="Category">
          <value>manufacturer</value>
        </Data>
        <Data name="Address">
          <value>D-63, MIDC Ambad, Nashik, Maharashtra 422010, India</value>
        </Data>
        <Data name="Latitude">
          <value>19.955797</value>
        </Data>
        <Data name="Longitude">
          <value>73.742455</value>
        </Data>
        <Data name="Place_ID">
          <value>ChIJJ3EA-6vs3TsRnZTR79ruB2g</value>
        </Data>
        <Data name="Source_File">
          <value>Nashik_Ambad_establishments.xlsx</value>
        </Data>
      </ExtendedData>
      <Point>
        <coordinates>
          73.742455,19.955797,0
        </coordinates>
      </Point>
    </Placemark>
    <Placemark>
      <name>Jet Line Enterprises</name>
      <description><![CDATA[Category: manufacturer<br>Address: B - 25, Behind Indoline Furniture , M. I. D. C., Ambad Nashik - 422 010, MIDC Ambad, Nashik, Maharashtra 422010, India<br>Latitude: 19.9589136<br>Longitude: 73.7521115<br>Place_ID: ChIJBRMI96js3TsRkFOFktzSCYc<br>Source_File: Nashik_Ambad_establishments.xlsx]]></description>
      <styleUrl>#icon-1899-0288D1</styleUrl>
      <ExtendedData>
        <Data name="Category">
          <value>manufacturer</value>
        </Data>
        <Data name="Address">
          <value>B - 25, Behind Indoline Furniture , M. I. D. C., Ambad Nashik - 422 010, MIDC Ambad, Nashik, Maharashtra 422010, India</value>
        </Data>
        <Data name="Latitude">
          <value>19.9589136</value>
        </Data>
        <Data name="Longitude">
          <value>73.7521115</value>
        </Data>
        <Data name="Place_ID">
          <value>ChIJBRMI96js3TsRkFOFktzSCYc</value>
        </Data>
        <Data name="Source_File">
          <value>Nashik_Ambad_establishments.xlsx</value>
        </Data>
      </ExtendedData>
      <Point>
        <coordinates>
          73.7521115,19.9589136,0
        </coordinates>
      </Point>
    </Placemark>
    <Placemark>
      <name>UNITED FOODS</name>
      <description><![CDATA[Category: manufacturer<br>Address: M 45, MIDC Ambad, Nashik, Maharashtra 422010, India<br>Latitude: 19.9586534<br>Longitude: 73.7370873<br>Place_ID: ChIJld-kHjTt3TsR9RxI4-Y43EU<br>Source_File: Nashik_MIDC_Ambad_establishments.xlsx]]></description>
      <styleUrl>#icon-1899-0288D1</styleUrl>
      <ExtendedData>
        <Data name="Category">
          <value>manufacturer</value>
        </Data>
        <Data name="Address">
          <value>M 45, MIDC Ambad, Nashik, Maharashtra 422010, India</value>
        </Data>
        <Data name="Latitude">
          <value>19.9586534</value>
        </Data>
        <Data name="Longitude">
          <value>73.7370873</value>
        </Data>
        <Data name="Place_ID">
          <value>ChIJld-kHjTt3TsR9RxI4-Y43EU</value>
        </Data>
        <Data name="Source_File">
          <value>Nashik_MIDC_Ambad_establishments.xlsx</value>
        </Data>
      </ExtendedData>
      <Point>
        <coordinates>
          73.7370873,19.9586534,0
        </coordinates>
      </Point>
    </Placemark>
    <Placemark>
      <name>Capital foods</name>
      <description><![CDATA[Category: manufacturer<br>Address: National St, MIDC Ambad, Nashik, Maharashtra 422010, India<br>Latitude: 19.959621<br>Longitude: 73.7392732<br>Place_ID: ChIJ2WOve3Pt3TsRtR5jz9q7k-U<br>Source_File: Nashik_MIDC_Ambad_establishments.xlsx]]></description>
      <styleUrl>#icon-1899-0288D1</styleUrl>
      <ExtendedData>
        <Data name="Category">
          <value>manufacturer</value>
        </Data>
        <Data name="Address">
          <value>National St, MIDC Ambad, Nashik, Maharashtra 422010, India</value>
        </Data>
        <Data name="Latitude">
          <value>19.959621</value>
        </Data>
        <Data name="Longitude">
          <value>73.7392732</value>
        </Data>
        <Data name="Place_ID">
          <value>ChIJ2WOve3Pt3TsRtR5jz9q7k-U</value>
        </Data>
        <Data name="Source_File">
          <value>Nashik_MIDC_Ambad_establishments.xlsx</value>
        </Data>
      </ExtendedData>
      <Point>
        <coordinates>
          73.7392732,19.959621,0
        </coordinates>
      </Point>
    </Placemark>
    <Placemark>
      <name>A S ENGINEERING</name>
      <description><![CDATA[Category: manufacturer<br>Address: Plot no.W-219, MIDC Ambad, Nashik, Maharashtra 422010, India<br>Latitude: 19.95291<br>Longitude: 73.7360517<br>Place_ID: ChIJsaqrga3s3TsR-fsHC8tOInI<br>Source_File: Nashik_MIDC_Ambad_establishments.xlsx]]></description>
      <styleUrl>#icon-1899-0288D1</styleUrl>
      <ExtendedData>
        <Data name="Category">
          <value>manufacturer</value>
        </Data>
        <Data name="Address">
          <value>Plot no.W-219, MIDC Ambad, Nashik, Maharashtra 422010, India</value>
        </Data>
        <Data name="Latitude">
          <value>19.95291</value>
        </Data>
        <Data name="Longitude">
          <value>73.7360517</value>
        </Data>
        <Data name="Place_ID">
          <value>ChIJsaqrga3s3TsR-fsHC8tOInI</value>
        </Data>
        <Data name="Source_File">
          <value>Nashik_MIDC_Ambad_establishments.xlsx</value>
        </Data>
      </ExtendedData>
      <Point>
        <coordinates>
          73.7360517,19.95291,0
        </coordinates>
      </Point>
    </Placemark>
    <Placemark>
      <name>Tushar Industry</name>
      <description><![CDATA[Category: corporate_office<br>Address: E, 10, MIDC Ambad, Nashik, Maharashtra 422010, India<br>Latitude: 19.9517087<br>Longitude: 73.7304017<br>Place_ID: ChIJVZHsfLPs3TsRMDjS0hCHJVQ<br>Source_File: Nashik_Ambad_industrial.xlsx]]></description>
      <styleUrl>#icon-1899-0288D1</styleUrl>
      <ExtendedData>
        <Data name="Category">
          <value>corporate_office</value>
        </Data>
        <Data name="Address">
          <value>E, 10, MIDC Ambad, Nashik, Maharashtra 422010, India</value>
        </Data>
        <Data name="Latitude">
          <value>19.9517087</value>
        </Data>
        <Data name="Longitude">
          <value>73.7304017</value>
        </Data>
        <Data name="Place_ID">
          <value>ChIJVZHsfLPs3TsRMDjS0hCHJVQ</value>
        </Data>
        <Data name="Source_File">
          <value>Nashik_Ambad_industrial.xlsx</value>
        </Data>
      </ExtendedData>
      <Point>
        <coordinates>
          73.7304017,19.9517087,0
        </coordinates>
      </Point>
    </Placemark>
    <Placemark>
      <name>Tej industries</name>
      <description><![CDATA[Category: manufacturer<br>Address: XP3H+P69, MIDC Ambad, Nashik, Maharashtra 422010, India<br>Latitude: 19.9542827<br>Longitude: 73.7281237<br>Place_ID: ChIJuwzEQmjt3TsRsk94BKZrR3M<br>Source_File: Nashik_Ambad_industrial.xlsx]]></description>
      <styleUrl>#icon-1899-0288D1</styleUrl>
      <ExtendedData>
        <Data name="Category">
          <value>manufacturer</value>
        </Data>
        <Data name="Address">
          <value>XP3H+P69, MIDC Ambad, Nashik, Maharashtra 422010, India</value>
        </Data>
        <Data name="Latitude">
          <value>19.9542827</value>
        </Data>
        <Data name="Longitude">
          <value>73.7281237</value>
        </Data>
        <Data name="Place_ID">
          <value>ChIJuwzEQmjt3TsRsk94BKZrR3M</value>
        </Data>
        <Data name="Source_File">
          <value>Nashik_Ambad_industrial.xlsx</value>
        </Data>
      </ExtendedData>
      <Point>
        <coordinates>
          73.7281237,19.9542827,0
        </coordinates>
      </Point>
    </Placemark>
    <Placemark>
      <name>Noble Engineering Works</name>
      <description><![CDATA[Category: manufacturer<br>Address: F-71, MIDC Ambad, Nashik, Maharashtra 422010, India<br>Latitude: 19.9537822<br>Longitude: 73.7285081<br>Place_ID: ChIJqSD6PrTs3TsRZn6KMWfAc5o<br>Source_File: Nashik_Ambad_industrial.xlsx]]></description>
      <styleUrl>#icon-1899-0288D1</styleUrl>
      <ExtendedData>
        <Data name="Category">
          <value>manufacturer</value>
        </Data>
        <Data name="Address">
          <value>F-71, MIDC Ambad, Nashik, Maharashtra 422010, India</value>
        </Data>
        <Data name="Latitude">
          <value>19.9537822</value>
        </Data>
        <Data name="Longitude">
          <value>73.7285081</value>
        </Data>
        <Data name="Place_ID">
          <value>ChIJqSD6PrTs3TsRZn6KMWfAc5o</value>
        </Data>
        <Data name="Source_File">
          <value>Nashik_Ambad_industrial.xlsx</value>
        </Data>
      </ExtendedData>
      <Point>
        <coordinates>
          73.7285081,19.9537822,0
        </coordinates>
      </Point>
    </Placemark>
    <Placemark>
      <name>NAAZ STEEL TRADERS</name>
      <description><![CDATA[Category: manufacturer<br>Address: Ramkrishna Nagar, Sanjeev Nagar, Nashik, Maharashtra 422010, India<br>Latitude: 19.968405<br>Longitude: 73.7311027<br>Place_ID: ChIJiyG_Mu7t3TsR2IoUE1J97LA<br>Source_File: Nashik_Ambad_industrial.xlsx]]></description>
      <styleUrl>#icon-1899-0288D1</styleUrl>
      <ExtendedData>
        <Data name="Category">
          <value>manufacturer</value>
        </Data>
        <Data name="Address">
          <value>Ramkrishna Nagar, Sanjeev Nagar, Nashik, Maharashtra 422010, India</value>
        </Data>
        <Data name="Latitude">
          <value>19.968405</value>
        </Data>
        <Data name="Longitude">
          <value>73.7311027</value>
        </Data>
        <Data name="Place_ID">
          <value>ChIJiyG_Mu7t3TsR2IoUE1J97LA</value>
        </Data>
        <Data name="Source_File">
          <value>Nashik_Ambad_industrial.xlsx</value>
        </Data>
      </ExtendedData>
      <Point>
        <coordinates>
          73.7311027,19.968405,0
        </coordinates>
      </Point>
    </Placemark>
    <Placemark>
      <name>Shree Ganesh Engineering Works</name>
      <description><![CDATA[Category: manufacturer<br>Address: Gala no 2,3,4,5, Sadashiv Estate, Takali STP Road, Pushpak Nagar, Lokhanemala, Nashik Road, Nashik, Maharashtra 422101, India<br>Latitude: 19.9828978<br>Longitude: 73.8288846<br>Place_ID: ChIJm7gh713r3TsRJhk1OXxEKK0<br>Source_File: Nashik_Dwarka_industrial.xlsx]]></description>
      <styleUrl>#icon-1899-0288D1</styleUrl>
      <ExtendedData>
        <Data name="Category">
          <value>manufacturer</value>
        </Data>
        <Data name="Address">
          <value>Gala no 2,3,4,5, Sadashiv Estate, Takali STP Road, Pushpak Nagar, Lokhanemala, Nashik Road, Nashik, Maharashtra 422101, India</value>
        </Data>
        <Data name="Latitude">
          <value>19.9828978</value>
        </Data>
        <Data name="Longitude">
          <value>73.8288846</value>
        </Data>
        <Data name="Place_ID">
          <value>ChIJm7gh713r3TsRJhk1OXxEKK0</value>
        </Data>
        <Data name="Source_File">
          <value>Nashik_Dwarka_industrial.xlsx</value>
        </Data>
      </ExtendedData>
      <Point>
        <coordinates>
          73.8288846,19.9828978,0
        </coordinates>
      </Point>
    </Placemark>
    <Placemark>
      <name>Snoozel Fashion India</name>
      <description><![CDATA[Category: manufacturer<br>Address: Plot no 20 shree ganesh opposite Pushpak nagar garden Pushpak nagar Lokhande mala dasak, jail road, Shriram Nagar, Laxman Nagar, Nashik Road, Nashik, Maharashtra 422101, India<br>Latitude: 19.9768367<br>Longitude: 73.8315423<br>Place_ID: ChIJFRG2Lnvr3TsR9uBGVJr-ddk<br>Source_File: Nashik_Nashik_Road_industrial.xlsx]]></description>
      <styleUrl>#icon-1899-0288D1</styleUrl>
      <ExtendedData>
        <Data name="Category">
          <value>manufacturer</value>
        </Data>
        <Data name="Address">
          <value>Plot no 20 shree ganesh opposite Pushpak nagar garden Pushpak nagar Lokhande mala dasak, jail road, Shriram Nagar, Laxman Nagar, Nashik Road, Nashik, Maharashtra 422101, India</value>
        </Data>
        <Data name="Latitude">
          <value>19.9768367</value>
        </Data>
        <Data name="Longitude">
          <value>73.8315423</value>
        </Data>
        <Data name="Place_ID">
          <value>ChIJFRG2Lnvr3TsR9uBGVJr-ddk</value>
        </Data>
        <Data name="Source_File">
          <value>Nashik_Nashik_Road_industrial.xlsx</value>
        </Data>
      </ExtendedData>
      <Point>
        <coordinates>
          73.8315423,19.9768367,0
        </coordinates>
      </Point>
    </Placemark>
    <Placemark>
      <name><![CDATA[R.L. Agro & Chemical Vessels Industries]]></name>
      <description><![CDATA[Category: corporate_office<br>Address: R.L. Agro Industry Near Octroy Naka, Ozar Road, AH47, near Ashok Leyland WorkShop, Adgaon, Nashik, Maharashtra 422003, India<br>Latitude: 20.0426775<br>Longitude: 73.8731466<br>Place_ID: ChIJ_xeGeY3B3TsRBMRgK_ptYVE<br>Source_File: Nashik_Adgaon_industrial.xlsx]]></description>
      <styleUrl>#icon-1899-0288D1</styleUrl>
      <ExtendedData>
        <Data name="Category">
          <value>corporate_office</value>
        </Data>
        <Data name="Address">
          <value>R.L. Agro Industry Near Octroy Naka, Ozar Road, AH47, near Ashok Leyland WorkShop, Adgaon, Nashik, Maharashtra 422003, India</value>
        </Data>
        <Data name="Latitude">
          <value>20.0426775</value>
        </Data>
        <Data name="Longitude">
          <value>73.8731466</value>
        </Data>
        <Data name="Place_ID">
          <value>ChIJ_xeGeY3B3TsRBMRgK_ptYVE</value>
        </Data>
        <Data name="Source_File">
          <value>Nashik_Adgaon_industrial.xlsx</value>
        </Data>
      </ExtendedData>
      <Point>
        <coordinates>
          73.8731466,20.0426775,0
        </coordinates>
      </Point>
    </Placemark>
    <Placemark>
      <name>Rajmudra yard management services (INDIA) Pvt.Ltd</name>
      <description><![CDATA[Category: corporate_office<br>Address: 2VH5+P2J, Adgaon, Nashik, Maharashtra 422003, India<br>Latitude: 20.0293436<br>Longitude: 73.8575307<br>Place_ID: ChIJEzYYCADB3TsRdy-tzOqTmOg<br>Source_File: Nashik_Adgaon_industrial.xlsx]]></description>
      <styleUrl>#icon-1899-0288D1</styleUrl>
      <ExtendedData>
        <Data name="Category">
          <value>corporate_office</value>
        </Data>
        <Data name="Address">
          <value>2VH5+P2J, Adgaon, Nashik, Maharashtra 422003, India</value>
        </Data>
        <Data name="Latitude">
          <value>20.0293436</value>
        </Data>
        <Data name="Longitude">
          <value>73.8575307</value>
        </Data>
        <Data name="Place_ID">
          <value>ChIJEzYYCADB3TsRdy-tzOqTmOg</value>
        </Data>
        <Data name="Source_File">
          <value>Nashik_Adgaon_industrial.xlsx</value>
        </Data>
      </ExtendedData>
      <Point>
        <coordinates>
          73.8575307,20.0293436,0
        </coordinates>
      </Point>
    </Placemark>
    <Placemark>
      <name>Ten Gates Infrastructure Pvt.Ltd.</name>
      <description><![CDATA[Category: general_contractor<br>Address: Swami Samarth Nagar, Vrindavan Nagar, Nashik, Maharashtra 422003, India<br>Latitude: 20.0221397<br>Longitude: 73.839246<br>Place_ID: ChIJF2G54fzr3TsRxqNByqEYKWc<br>Source_File: Nashik_Adgaon_industrial.xlsx]]></description>
      <styleUrl>#icon-1899-0288D1</styleUrl>
      <ExtendedData>
        <Data name="Category">
          <value>general_contractor</value>
        </Data>
        <Data name="Address">
          <value>Swami Samarth Nagar, Vrindavan Nagar, Nashik, Maharashtra 422003, India</value>
        </Data>
        <Data name="Latitude">
          <value>20.0221397</value>
        </Data>
        <Data name="Longitude">
          <value>73.839246</value>
        </Data>
        <Data name="Place_ID">
          <value>ChIJF2G54fzr3TsRxqNByqEYKWc</value>
        </Data>
        <Data name="Source_File">
          <value>Nashik_Adgaon_industrial.xlsx</value>
        </Data>
      </ExtendedData>
      <Point>
        <coordinates>
          73.839246,20.0221397,0
        </coordinates>
      </Point>
    </Placemark>
    <Placemark>
      <name>Jay Malhar Earthmovers</name>
      <description><![CDATA[Category: general_contractor<br>Address: Prakruti Park, Shree Samarth Nagar, Vasantdadanagar, Adgaon, Nashik, Maharashtra 422003, India<br>Latitude: 20.0313383<br>Longitude: 73.858479<br>Place_ID: ChIJjeHq3bfB3TsRB9qGvApqyYc<br>Source_File: Nashik_Adgaon_industrial.xlsx]]></description>
      <styleUrl>#icon-1899-0288D1</styleUrl>
      <ExtendedData>
        <Data name="Category">
          <value>general_contractor</value>
        </Data>
        <Data name="Address">
          <value>Prakruti Park, Shree Samarth Nagar, Vasantdadanagar, Adgaon, Nashik, Maharashtra 422003, India</value>
        </Data>
        <Data name="Latitude">
          <value>20.0313383</value>
        </Data>
        <Data name="Longitude">
          <value>73.858479</value>
        </Data>
        <Data name="Place_ID">
          <value>ChIJjeHq3bfB3TsRB9qGvApqyYc</value>
        </Data>
        <Data name="Source_File">
          <value>Nashik_Adgaon_industrial.xlsx</value>
        </Data>
      </ExtendedData>
      <Point>
        <coordinates>
          73.858479,20.0313383,0
        </coordinates>
      </Point>
    </Placemark>
    <Placemark>
      <name>Adgaon nashik</name>
      <description><![CDATA[Category: manufacturer<br>Address: Gut No 1507, NH 3, Agra - Mumbai Hwy, near Om Sai petrol pump, Adgaon, Nashik, Maharashtra 422003, India<br>Latitude: 20.035793<br>Longitude: 73.863734<br>Place_ID: ChIJq06JegDB3TsRTaHx-OW5t7I<br>Source_File: Nashik_Adgaon_industrial.xlsx]]></description>
      <styleUrl>#icon-1899-0288D1</styleUrl>
      <ExtendedData>
        <Data name="Category">
          <value>manufacturer</value>
        </Data>
        <Data name="Address">
          <value>Gut No 1507, NH 3, Agra - Mumbai Hwy, near Om Sai petrol pump, Adgaon, Nashik, Maharashtra 422003, India</value>
        </Data>
        <Data name="Latitude">
          <value>20.035793</value>
        </Data>
        <Data name="Longitude">
          <value>73.863734</value>
        </Data>
        <Data name="Place_ID">
          <value>ChIJq06JegDB3TsRTaHx-OW5t7I</value>
        </Data>
        <Data name="Source_File">
          <value>Nashik_Adgaon_industrial.xlsx</value>
        </Data>
      </ExtendedData>
      <Point>
        <coordinates>
          73.863734,20.035793,0
        </coordinates>
      </Point>
    </Placemark>
    <Placemark>
      <name>Sahyadri Farms Adgaon</name>
      <description><![CDATA[Category: manufacturer<br>Address: Survey No. 1102/8, Behind Police Head Quarter, Adgaon, Bhujbal Knowledge City, Adgaon, Nashik, Maharashtra 422003, India<br>Latitude: 20.047023<br>Longitude: 73.844425<br>Place_ID: ChIJ8Sc6ef7B3TsR8H1b3o0Pwjo<br>Source_File: Nashik_Adgaon_industrial.xlsx]]></description>
      <styleUrl>#icon-1899-0288D1</styleUrl>
      <ExtendedData>
        <Data name="Category">
          <value>manufacturer</value>
        </Data>
        <Data name="Address">
          <value>Survey No. 1102/8, Behind Police Head Quarter, Adgaon, Bhujbal Knowledge City, Adgaon, Nashik, Maharashtra 422003, India</value>
        </Data>
        <Data name="Latitude">
          <value>20.047023</value>
        </Data>
        <Data name="Longitude">
          <value>73.844425</value>
        </Data>
        <Data name="Place_ID">
          <value>ChIJ8Sc6ef7B3TsR8H1b3o0Pwjo</value>
        </Data>
        <Data name="Source_File">
          <value>Nashik_Adgaon_industrial.xlsx</value>
        </Data>
      </ExtendedData>
      <Point>
        <coordinates>
          73.844425,20.047023,0
        </coordinates>
      </Point>
    </Placemark>
    <Placemark>
      <name>Ram Raj Industries - Best School, College, Coaching Bench Manufacturers</name>
      <description><![CDATA[Category: manufacturer<br>Address: Besides D-Mart, behind Unique Furniture Mall, Adgaon, Nashik, Maharashtra 422003, India<br>Latitude: 20.0283282<br>Longitude: 73.8529692<br>Place_ID: ChIJx5mZAF_B3TsRaTS3xD5UDLQ<br>Source_File: Nashik_Adgaon_industrial.xlsx]]></description>
      <styleUrl>#icon-1899-0288D1</styleUrl>
      <ExtendedData>
        <Data name="Category">
          <value>manufacturer</value>
        </Data>
        <Data name="Address">
          <value>Besides D-Mart, behind Unique Furniture Mall, Adgaon, Nashik, Maharashtra 422003, India</value>
        </Data>
        <Data name="Latitude">
          <value>20.0283282</value>
        </Data>
        <Data name="Longitude">
          <value>73.8529692</value>
        </Data>
        <Data name="Place_ID">
          <value>ChIJx5mZAF_B3TsRaTS3xD5UDLQ</value>
        </Data>
        <Data name="Source_File">
          <value>Nashik_Adgaon_industrial.xlsx</value>
        </Data>
      </ExtendedData>
      <Point>
        <coordinates>
          73.8529692,20.0283282,0
        </coordinates>
      </Point>
    </Placemark>
    <Placemark>
      <name>Dwarkadhish chemicals and fertilizers Industries Pvt Ltd. Nashik</name>
      <description><![CDATA[Category: manufacturer<br>Address: 2VM7+8M8, Adgaon, Nashik, Maharashtra 422003, India<br>Latitude: 20.0332773<br>Longitude: 73.8642081<br>Place_ID: ChIJ_ecdJADB3TsR7oJzcliLeVc<br>Source_File: Nashik_Adgaon_industrial.xlsx]]></description>
      <styleUrl>#icon-1899-0288D1</styleUrl>
      <ExtendedData>
        <Data name="Category">
          <value>manufacturer</value>
        </Data>
        <Data name="Address">
          <value>2VM7+8M8, Adgaon, Nashik, Maharashtra 422003, India</value>
        </Data>
        <Data name="Latitude">
          <value>20.0332773</value>
        </Data>
        <Data name="Longitude">
          <value>73.8642081</value>
        </Data>
        <Data name="Place_ID">
          <value>ChIJ_ecdJADB3TsR7oJzcliLeVc</value>
        </Data>
        <Data name="Source_File">
          <value>Nashik_Adgaon_industrial.xlsx</value>
        </Data>
      </ExtendedData>
      <Point>
        <coordinates>
          73.8642081,20.0332773,0
        </coordinates>
      </Point>
    </Placemark>
    <Placemark>
      <name>shree laxmi wholesale textile market adgaon nashik</name>
      <description><![CDATA[Category: manufacturer<br>Address: opp. JATRA HOTEL, beside SBI BANK, Adgaon, Nashik, Maharashtra 422003, India<br>Latitude: 20.0262904<br>Longitude: 73.8427983<br>Place_ID: ChIJ3dHNCSHB3TsRdlMYBb1CZ10<br>Source_File: Nashik_Adgaon_industrial.xlsx]]></description>
      <styleUrl>#icon-1899-0288D1</styleUrl>
      <ExtendedData>
        <Data name="Category">
          <value>manufacturer</value>
        </Data>
        <Data name="Address">
          <value>opp. JATRA HOTEL, beside SBI BANK, Adgaon, Nashik, Maharashtra 422003, India</value>
        </Data>
        <Data name="Latitude">
          <value>20.0262904</value>
        </Data>
        <Data name="Longitude">
          <value>73.8427983</value>
        </Data>
        <Data name="Place_ID">
          <value>ChIJ3dHNCSHB3TsRdlMYBb1CZ10</value>
        </Data>
        <Data name="Source_File">
          <value>Nashik_Adgaon_industrial.xlsx</value>
        </Data>
      </ExtendedData>
      <Point>
        <coordinates>
          73.8427983,20.0262904,0
        </coordinates>
      </Point>
    </Placemark>
    <Placemark>
      <name>Krishna Enterprises</name>
      <description><![CDATA[Category: manufacturer<br>Address: Agra - Mumbai Hwy, opp. Ashok Leyland workshop, near Jakat Naka, Adgaon, Nashik, Maharashtra 422003, India<br>Latitude: 20.0433807<br>Longitude: 73.8728065<br>Place_ID: ChIJjzSgUAPB3TsRDWp4Z9NIMOs<br>Source_File: Nashik_Adgaon_industrial.xlsx]]></description>
      <styleUrl>#icon-1899-0288D1</styleUrl>
      <ExtendedData>
        <Data name="Category">
          <value>manufacturer</value>
        </Data>
        <Data name="Address">
          <value>Agra - Mumbai Hwy, opp. Ashok Leyland workshop, near Jakat Naka, Adgaon, Nashik, Maharashtra 422003, India</value>
        </Data>
        <Data name="Latitude">
          <value>20.0433807</value>
        </Data>
        <Data name="Longitude">
          <value>73.8728065</value>
        </Data>
        <Data name="Place_ID">
          <value>ChIJjzSgUAPB3TsRDWp4Z9NIMOs</value>
        </Data>
        <Data name="Source_File">
          <value>Nashik_Adgaon_industrial.xlsx</value>
        </Data>
      </ExtendedData>
      <Point>
        <coordinates>
          73.8728065,20.0433807,0
        </coordinates>
      </Point>
    </Placemark>
    <Placemark>
      <name>Mankoo Engineering Works</name>
      <description><![CDATA[Category: manufacturer<br>Address: 2/3, Aurangabad Rd, off GAT NO 349, near Mirchi Hotel, Kailash Nagar, Nashik, Maharashtra 422003, India<br>Latitude: 19.9978318<br>Longitude: 73.8248684<br>Place_ID: ChIJn_jhqhzr3TsR8Rnt9VoeCGA<br>Source_File: Nashik_Dwarka_industrial.xlsx]]></description>
      <styleUrl>#icon-1899-0288D1</styleUrl>
      <ExtendedData>
        <Data name="Category">
          <value>manufacturer</value>
        </Data>
        <Data name="Address">
          <value>2/3, Aurangabad Rd, off GAT NO 349, near Mirchi Hotel, Kailash Nagar, Nashik, Maharashtra 422003, India</value>
        </Data>
        <Data name="Latitude">
          <value>19.9978318</value>
        </Data>
        <Data name="Longitude">
          <value>73.8248684</value>
        </Data>
        <Data name="Place_ID">
          <value>ChIJn_jhqhzr3TsR8Rnt9VoeCGA</value>
        </Data>
        <Data name="Source_File">
          <value>Nashik_Dwarka_industrial.xlsx</value>
        </Data>
      </ExtendedData>
      <Point>
        <coordinates>
          73.8248684,19.9978318,0
        </coordinates>
      </Point>
    </Placemark>
    <Placemark>
      <name>Dhanraj briks vit supplayr nashik</name>
      <description><![CDATA[Category: manufacturer<br>Address: Nandur naka jatra link road, canol no. 5, Nandur Village, Nashik, Maharashtra 422006, India<br>Latitude: 20.0109674<br>Longitude: 73.8452458<br>Place_ID: ChIJqWHiGAXB3TsRasYXg_xR5WE<br>Source_File: Nashik_Nandur_Naka_industrial.xlsx]]></description>
      <styleUrl>#icon-1899-0288D1</styleUrl>
      <ExtendedData>
        <Data name="Category">
          <value>manufacturer</value>
        </Data>
        <Data name="Address">
          <value>Nandur naka jatra link road, canol no. 5, Nandur Village, Nashik, Maharashtra 422006, India</value>
        </Data>
        <Data name="Latitude">
          <value>20.0109674</value>
        </Data>
        <Data name="Longitude">
          <value>73.8452458</value>
        </Data>
        <Data name="Place_ID">
          <value>ChIJqWHiGAXB3TsRasYXg_xR5WE</value>
        </Data>
        <Data name="Source_File">
          <value>Nashik_Nandur_Naka_industrial.xlsx</value>
        </Data>
      </ExtendedData>
      <Point>
        <coordinates>
          73.8452458,20.0109674,0
        </coordinates>
      </Point>
    </Placemark>
    <Placemark>
      <name>KK Engineering Works</name>
      <description><![CDATA[Category: manufacturer<br>Address: Jatra, Nandur Naka Rd, nr. Sanjivani Lawns, Nandur Village, Nashik, Maharashtra 422003, India<br>Latitude: 19.9998554<br>Longitude: 73.8443995<br>Place_ID: ChIJXQvfLirA3TsRbuxgEKbvpHU<br>Source_File: Nashik_Nandur_Naka_industrial.xlsx]]></description>
      <styleUrl>#icon-1899-0288D1</styleUrl>
      <ExtendedData>
        <Data name="Category">
          <value>manufacturer</value>
        </Data>
        <Data name="Address">
          <value>Jatra, Nandur Naka Rd, nr. Sanjivani Lawns, Nandur Village, Nashik, Maharashtra 422003, India</value>
        </Data>
        <Data name="Latitude">
          <value>19.9998554</value>
        </Data>
        <Data name="Longitude">
          <value>73.8443995</value>
        </Data>
        <Data name="Place_ID">
          <value>ChIJXQvfLirA3TsRbuxgEKbvpHU</value>
        </Data>
        <Data name="Source_File">
          <value>Nashik_Nandur_Naka_industrial.xlsx</value>
        </Data>
      </ExtendedData>
      <Point>
        <coordinates>
          73.8443995,19.9998554,0
        </coordinates>
      </Point>
    </Placemark>
    <Placemark>
      <name>Shree Datta Engineering Work</name>
      <description><![CDATA[Category: manufacturer<br>Address: 150/1, Old Nandur Naka Aurangabad Road, Nandur 422003, Nandur Village, Nashik, Maharashtra 422003, India<br>Latitude: 19.9964805<br>Longitude: 73.842234<br>Place_ID: ChIJE7Zs_CjA3TsRBLoauR5Dssw<br>Source_File: Nashik_Nandur_Naka_industrial.xlsx]]></description>
      <styleUrl>#icon-1899-0288D1</styleUrl>
      <ExtendedData>
        <Data name="Category">
          <value>manufacturer</value>
        </Data>
        <Data name="Address">
          <value>150/1, Old Nandur Naka Aurangabad Road, Nandur 422003, Nandur Village, Nashik, Maharashtra 422003, India</value>
        </Data>
        <Data name="Latitude">
          <value>19.9964805</value>
        </Data>
        <Data name="Longitude">
          <value>73.842234</value>
        </Data>
        <Data name="Place_ID">
          <value>ChIJE7Zs_CjA3TsRBLoauR5Dssw</value>
        </Data>
        <Data name="Source_File">
          <value>Nashik_Nandur_Naka_industrial.xlsx</value>
        </Data>
      </ExtendedData>
      <Point>
        <coordinates>
          73.842234,19.9964805,0
        </coordinates>
      </Point>
    </Placemark>
    <Placemark>
      <name>Shri. Saptashrungimata Electric Rickshaw Lithium Battery</name>
      <description><![CDATA[Category: manufacturer<br>Address: XRXX+GQF, Chhatrapati Sambhajinagar - Nashik Hwy, Nandur Naka, MANUR, Nashik, Maharashtra 422003, India<br>Latitude: 19.998573<br>Longitude: 73.850164<br>Place_ID: ChIJWbgtGdPB3TsRhPSVOG8zJeQ<br>Source_File: Nashik_Nandur_Naka_industrial.xlsx]]></description>
      <styleUrl>#icon-1899-0288D1</styleUrl>
      <ExtendedData>
        <Data name="Category">
          <value>manufacturer</value>
        </Data>
        <Data name="Address">
          <value>XRXX+GQF, Chhatrapati Sambhajinagar - Nashik Hwy, Nandur Naka, MANUR, Nashik, Maharashtra 422003, India</value>
        </Data>
        <Data name="Latitude">
          <value>19.998573</value>
        </Data>
        <Data name="Longitude">
          <value>73.850164</value>
        </Data>
        <Data name="Place_ID">
          <value>ChIJWbgtGdPB3TsRhPSVOG8zJeQ</value>
        </Data>
        <Data name="Source_File">
          <value>Nashik_Nandur_Naka_industrial.xlsx</value>
        </Data>
      </ExtendedData>
      <Point>
        <coordinates>
          73.850164,19.998573,0
        </coordinates>
      </Point>
    </Placemark>
    <Placemark>
      <name>Shree Krishna Steel</name>
      <description><![CDATA[Category: manufacturer<br>Address: Opp HP ges Godown , Adgaon, Manur Road, Nandur Naka Rd, opp. Nakoda marble line, Nandur Village, Nashik, Maharashtra 422003, India<br>Latitude: 20.0010546<br>Longitude: 73.850901<br>Place_ID: ChIJjZ3gsUvB3TsRsaXLD7a88Sc<br>Source_File: Nashik_Nandur_Naka_industrial.xlsx]]></description>
      <styleUrl>#icon-1899-0288D1</styleUrl>
      <ExtendedData>
        <Data name="Category">
          <value>manufacturer</value>
        </Data>
        <Data name="Address">
          <value>Opp HP ges Godown , Adgaon, Manur Road, Nandur Naka Rd, opp. Nakoda marble line, Nandur Village, Nashik, Maharashtra 422003, India</value>
        </Data>
        <Data name="Latitude">
          <value>20.0010546</value>
        </Data>
        <Data name="Longitude">
          <value>73.850901</value>
        </Data>
        <Data name="Place_ID">
          <value>ChIJjZ3gsUvB3TsRsaXLD7a88Sc</value>
        </Data>
        <Data name="Source_File">
          <value>Nashik_Nandur_Naka_industrial.xlsx</value>
        </Data>
      </ExtendedData>
      <Point>
        <coordinates>
          73.850901,20.0010546,0
        </coordinates>
      </Point>
    </Placemark>
    <Placemark>
      <name><![CDATA[Shre'OS Foods]]></name>
      <description><![CDATA[Category: manufacturer<br>Address: Chatrapati Sambhaji Nagar Rd, behind Rangat Hotel, Nandur Naka, Nashik, Maharashtra 422006, India<br>Latitude: 19.9967575<br>Longitude: 73.8421212<br>Place_ID: ChIJd3LQMv_B3TsR3Wla2hET20A<br>Source_File: Nashik_Nandur_Naka_industrial.xlsx]]></description>
      <styleUrl>#icon-1899-0288D1</styleUrl>
      <ExtendedData>
        <Data name="Category">
          <value>manufacturer</value>
        </Data>
        <Data name="Address">
          <value>Chatrapati Sambhaji Nagar Rd, behind Rangat Hotel, Nandur Naka, Nashik, Maharashtra 422006, India</value>
        </Data>
        <Data name="Latitude">
          <value>19.9967575</value>
        </Data>
        <Data name="Longitude">
          <value>73.8421212</value>
        </Data>
        <Data name="Place_ID">
          <value>ChIJd3LQMv_B3TsR3Wla2hET20A</value>
        </Data>
        <Data name="Source_File">
          <value>Nashik_Nandur_Naka_industrial.xlsx</value>
        </Data>
      </ExtendedData>
      <Point>
        <coordinates>
          73.8421212,19.9967575,0
        </coordinates>
      </Point>
    </Placemark>
    <Placemark>
      <name>STONEMIX INFRA</name>
      <description><![CDATA[Category: manufacturer<br>Address: XRWQ+MM2, Nandur Village, Nashik, Maharashtra 422003, India<br>Latitude: 19.9966346<br>Longitude: 73.8391495<br>Place_ID: ChIJk54WEwDr3TsR8OaPfCkvm2I<br>Source_File: Nashik_Nandur_Naka_industrial.xlsx]]></description>
      <styleUrl>#icon-1899-0288D1</styleUrl>
      <ExtendedData>
        <Data name="Category">
          <value>manufacturer</value>
        </Data>
        <Data name="Address">
          <value>XRWQ+MM2, Nandur Village, Nashik, Maharashtra 422003, India</value>
        </Data>
        <Data name="Latitude">
          <value>19.9966346</value>
        </Data>
        <Data name="Longitude">
          <value>73.8391495</value>
        </Data>
        <Data name="Place_ID">
          <value>ChIJk54WEwDr3TsR8OaPfCkvm2I</value>
        </Data>
        <Data name="Source_File">
          <value>Nashik_Nandur_Naka_industrial.xlsx</value>
        </Data>
      </ExtendedData>
      <Point>
        <coordinates>
          73.8391495,19.9966346,0
        </coordinates>
      </Point>
    </Placemark>
    <Placemark>
      <name>Shree Gurudatta Mirchi Masala Kandap Yantra</name>
      <description><![CDATA[Category: manufacturer<br>Address: XRRW+RG5, Nandur Naka, Nashik, Maharashtra 422003, India<br>Latitude: 19.9920116<br>Longitude: 73.846349<br>Place_ID: ChIJ8ZOt8R7A3TsRBP_xrKcg9W0<br>Source_File: Nashik_Nandur_Naka_industrial.xlsx]]></description>
      <styleUrl>#icon-1899-0288D1</styleUrl>
      <ExtendedData>
        <Data name="Category">
          <value>manufacturer</value>
        </Data>
        <Data name="Address">
          <value>XRRW+RG5, Nandur Naka, Nashik, Maharashtra 422003, India</value>
        </Data>
        <Data name="Latitude">
          <value>19.9920116</value>
        </Data>
        <Data name="Longitude">
          <value>73.846349</value>
        </Data>
        <Data name="Place_ID">
          <value>ChIJ8ZOt8R7A3TsRBP_xrKcg9W0</value>
        </Data>
        <Data name="Source_File">
          <value>Nashik_Nandur_Naka_industrial.xlsx</value>
        </Data>
      </ExtendedData>
      <Point>
        <coordinates>
          73.846349,19.9920116,0
        </coordinates>
      </Point>
    </Placemark>
    <Placemark>
      <name>Joshi Papad Nandur Facroty</name>
      <description><![CDATA[Category: manufacturer<br>Address: XRRV+P4X, Unnamed Road, Nandur Gaon, Nashik Road, Nashik, Maharashtra 422003, India<br>Latitude: 19.991812<br>Longitude: 73.8426286<br>Place_ID: ChIJUwLQQQDB3TsRKh_X-inw-JI<br>Source_File: Nashik_Nandur_Naka_industrial.xlsx]]></description>
      <styleUrl>#icon-1899-0288D1</styleUrl>
      <ExtendedData>
        <Data name="Category">
          <value>manufacturer</value>
        </Data>
        <Data name="Address">
          <value>XRRV+P4X, Unnamed Road, Nandur Gaon, Nashik Road, Nashik, Maharashtra 422003, India</value>
        </Data>
        <Data name="Latitude">
          <value>19.991812</value>
        </Data>
        <Data name="Longitude">
          <value>73.8426286</value>
        </Data>
        <Data name="Place_ID">
          <value>ChIJUwLQQQDB3TsRKh_X-inw-JI</value>
        </Data>
        <Data name="Source_File">
          <value>Nashik_Nandur_Naka_industrial.xlsx</value>
        </Data>
      </ExtendedData>
      <Point>
        <coordinates>
          73.8426286,19.991812,0
        </coordinates>
      </Point>
    </Placemark>
    <Placemark>
      <name>Atharva Arts ? Ganpati Idol Factory</name>
      <description><![CDATA[Category: manufacturer<br>Address: Sai Nagar nandur naka, Jail Rd, Nashik Road, Nashik, Maharashtra 422101, India<br>Latitude: 19.9931576<br>Longitude: 73.8440216<br>Place_ID: ChIJM6QM2hDB3TsRtV0lzJosv9A<br>Source_File: Nashik_Nandur_Naka_industrial.xlsx]]></description>
      <styleUrl>#icon-1899-0288D1</styleUrl>
      <ExtendedData>
        <Data name="Category">
          <value>manufacturer</value>
        </Data>
        <Data name="Address">
          <value>Sai Nagar nandur naka, Jail Rd, Nashik Road, Nashik, Maharashtra 422101, India</value>
        </Data>
        <Data name="Latitude">
          <value>19.9931576</value>
        </Data>
        <Data name="Longitude">
          <value>73.8440216</value>
        </Data>
        <Data name="Place_ID">
          <value>ChIJM6QM2hDB3TsRtV0lzJosv9A</value>
        </Data>
        <Data name="Source_File">
          <value>Nashik_Nandur_Naka_industrial.xlsx</value>
        </Data>
      </ExtendedData>
      <Point>
        <coordinates>
          73.8440216,19.9931576,0
        </coordinates>
      </Point>
    </Placemark>
    <Placemark>
      <name>JSW Shoppe - Mayur Steel</name>
      <description><![CDATA[Category: manufacturer<br>Address: S No 24/2, 2 Jatra, Nandur Link Rd, near Shevanta Lawns, Shivar, Nandur Village, Nashik, Maharashtra 422003, India<br>Latitude: 20.0021258<br>Longitude: 73.8442<br>Place_ID: ChIJWyBJHOPB3TsRldQu7b5KUY4<br>Source_File: Nashik_Nandur_Naka_industrial.xlsx]]></description>
      <styleUrl>#icon-1899-0288D1</styleUrl>
      <ExtendedData>
        <Data name="Category">
          <value>manufacturer</value>
        </Data>
        <Data name="Address">
          <value>S No 24/2, 2 Jatra, Nandur Link Rd, near Shevanta Lawns, Shivar, Nandur Village, Nashik, Maharashtra 422003, India</value>
        </Data>
        <Data name="Latitude">
          <value>20.0021258</value>
        </Data>
        <Data name="Longitude">
          <value>73.8442</value>
        </Data>
        <Data name="Place_ID">
          <value>ChIJWyBJHOPB3TsRldQu7b5KUY4</value>
        </Data>
        <Data name="Source_File">
          <value>Nashik_Nandur_Naka_industrial.xlsx</value>
        </Data>
      </ExtendedData>
      <Point>
        <coordinates>
          73.8442,20.0021258,0
        </coordinates>
      </Point>
    </Placemark>
    <Placemark>
      <name>Ashish furniture</name>
      <description><![CDATA[Category: manufacturer<br>Address: 2R2V+QHH, Nandur Village, Nashik, Maharashtra 422003, India<br>Latitude: 20.002494<br>Longitude: 73.8439625<br>Place_ID: ChIJq1ZqPwDB3TsRePi6l1zx2-o<br>Source_File: Nashik_Nandur_Naka_industrial.xlsx]]></description>
      <styleUrl>#icon-1899-0288D1</styleUrl>
      <ExtendedData>
        <Data name="Category">
          <value>manufacturer</value>
        </Data>
        <Data name="Address">
          <value>2R2V+QHH, Nandur Village, Nashik, Maharashtra 422003, India</value>
        </Data>
        <Data name="Latitude">
          <value>20.002494</value>
        </Data>
        <Data name="Longitude">
          <value>73.8439625</value>
        </Data>
        <Data name="Place_ID">
          <value>ChIJq1ZqPwDB3TsRePi6l1zx2-o</value>
        </Data>
        <Data name="Source_File">
          <value>Nashik_Nandur_Naka_industrial.xlsx</value>
        </Data>
      </ExtendedData>
      <Point>
        <coordinates>
          73.8439625,20.002494,0
        </coordinates>
      </Point>
    </Placemark>
    <Placemark>
      <name>Morya Graphics</name>
      <description><![CDATA[Category: manufacturer<br>Address: Nandur Naka, Nashik, Maharashtra 422003, India<br>Latitude: 19.9965642<br>Longitude: 73.8431459<br>Place_ID: ChIJ05ojpjfB3TsRc1rRj5lw9WY<br>Source_File: Nashik_Nandur_Naka_industrial.xlsx]]></description>
      <styleUrl>#icon-1899-0288D1</styleUrl>
      <ExtendedData>
        <Data name="Category">
          <value>manufacturer</value>
        </Data>
        <Data name="Address">
          <value>Nandur Naka, Nashik, Maharashtra 422003, India</value>
        </Data>
        <Data name="Latitude">
          <value>19.9965642</value>
        </Data>
        <Data name="Longitude">
          <value>73.8431459</value>
        </Data>
        <Data name="Place_ID">
          <value>ChIJ05ojpjfB3TsRc1rRj5lw9WY</value>
        </Data>
        <Data name="Source_File">
          <value>Nashik_Nandur_Naka_industrial.xlsx</value>
        </Data>
      </ExtendedData>
      <Point>
        <coordinates>
          73.8431459,19.9965642,0
        </coordinates>
      </Point>
    </Placemark>
    <Placemark>
      <name>Ganesh Steel And Railing</name>
      <description><![CDATA[Category: manufacturer<br>Address: Shop No.3, Jatra Link Road, opp. Sanjivani Lawns, Nandur Naka, Nashik, Maharashtra 422003, India<br>Latitude: 19.9994081<br>Longitude: 73.8438806<br>Place_ID: ChIJY4kFTJ7B3TsRveCeSGIFIRU<br>Source_File: Nashik_Nandur_Naka_industrial.xlsx]]></description>
      <styleUrl>#icon-1899-0288D1</styleUrl>
      <ExtendedData>
        <Data name="Category">
          <value>manufacturer</value>
        </Data>
        <Data name="Address">
          <value>Shop No.3, Jatra Link Road, opp. Sanjivani Lawns, Nandur Naka, Nashik, Maharashtra 422003, India</value>
        </Data>
        <Data name="Latitude">
          <value>19.9994081</value>
        </Data>
        <Data name="Longitude">
          <value>73.8438806</value>
        </Data>
        <Data name="Place_ID">
          <value>ChIJY4kFTJ7B3TsRveCeSGIFIRU</value>
        </Data>
        <Data name="Source_File">
          <value>Nashik_Nandur_Naka_industrial.xlsx</value>
        </Data>
      </ExtendedData>
      <Point>
        <coordinates>
          73.8438806,19.9994081,0
        </coordinates>
      </Point>
    </Placemark>
    <Placemark>
      <name>RAMDEV TRADERS</name>
      <description><![CDATA[Category: manufacturer<br>Address: Pawar mala, New, Aurangabad Rd, Vaishnavi Park, Nashik, Maharashtra 422003, India<br>Latitude: 19.9926074<br>Longitude: 73.8233868<br>Place_ID: ChIJIcjWZRLr3TsR7MUtmnTiuZI<br>Source_File: Nashik_Nandur_Naka_industrial.xlsx]]></description>
      <styleUrl>#icon-1899-0288D1</styleUrl>
      <ExtendedData>
        <Data name="Category">
          <value>manufacturer</value>
        </Data>
        <Data name="Address">
          <value>Pawar mala, New, Aurangabad Rd, Vaishnavi Park, Nashik, Maharashtra 422003, India</value>
        </Data>
        <Data name="Latitude">
          <value>19.9926074</value>
        </Data>
        <Data name="Longitude">
          <value>73.8233868</value>
        </Data>
        <Data name="Place_ID">
          <value>ChIJIcjWZRLr3TsR7MUtmnTiuZI</value>
        </Data>
        <Data name="Source_File">
          <value>Nashik_Nandur_Naka_industrial.xlsx</value>
        </Data>
      </ExtendedData>
      <Point>
        <coordinates>
          73.8233868,19.9926074,0
        </coordinates>
      </Point>
    </Placemark>
    <Placemark>
      <name>WINSPIRE CLOTHING COMPANY</name>
      <description><![CDATA[Category: manufacturer<br>Address: Survey No. 367/2, Amrutdham Takli Link Road, opp. Golden Days Universal School, Vaishnavi Park, Nashik, Maharashtra 422003, India<br>Latitude: 19.992695<br>Longitude: 73.823049<br>Place_ID: ChIJodkjFVbr3TsRhHww4GPi-XE<br>Source_File: Nashik_Wadala_Road_industrial.xlsx]]></description>
      <styleUrl>#icon-1899-0288D1</styleUrl>
      <ExtendedData>
        <Data name="Category">
          <value>manufacturer</value>
        </Data>
        <Data name="Address">
          <value>Survey No. 367/2, Amrutdham Takli Link Road, opp. Golden Days Universal School, Vaishnavi Park, Nashik, Maharashtra 422003, India</value>
        </Data>
        <Data name="Latitude">
          <value>19.992695</value>
        </Data>
        <Data name="Longitude">
          <value>73.823049</value>
        </Data>
        <Data name="Place_ID">
          <value>ChIJodkjFVbr3TsRhHww4GPi-XE</value>
        </Data>
        <Data name="Source_File">
          <value>Nashik_Wadala_Road_industrial.xlsx</value>
        </Data>
      </ExtendedData>
      <Point>
        <coordinates>
          73.823049,19.992695,0
        </coordinates>
      </Point>
    </Placemark>
    <Placemark>
      <name>A K Steel Traders</name>
      <description><![CDATA[Category: manufacturer<br>Address: Link Road, 20/21, Ambad Satpur Link Rd, Sanjeev Nagar, Nashik, Maharashtra 422010, India<br>Latitude: 19.9708096<br>Longitude: 73.7304296<br>Place_ID: ChIJLV-FH1zr3TsRKxJlIf_YOl0<br>Source_File: Nashik_Ambad_industrial.xlsx]]></description>
      <styleUrl>#icon-1899-0288D1</styleUrl>
      <ExtendedData>
        <Data name="Category">
          <value>manufacturer</value>
        </Data>
        <Data name="Address">
          <value>Link Road, 20/21, Ambad Satpur Link Rd, Sanjeev Nagar, Nashik, Maharashtra 422010, India</value>
        </Data>
        <Data name="Latitude">
          <value>19.9708096</value>
        </Data>
        <Data name="Longitude">
          <value>73.7304296</value>
        </Data>
        <Data name="Place_ID">
          <value>ChIJLV-FH1zr3TsRKxJlIf_YOl0</value>
        </Data>
        <Data name="Source_File">
          <value>Nashik_Ambad_industrial.xlsx</value>
        </Data>
      </ExtendedData>
      <Point>
        <coordinates>
          73.7304296,19.9708096,0
        </coordinates>
      </Point>
    </Placemark>
    <Placemark>
      <name>asian steel traders</name>
      <description><![CDATA[Category: manufacturer<br>Address: 63, Ambad Satpur Link Rd, Sanjeev Nagar, Nashik, Maharashtra 422010, India<br>Latitude: 19.969893<br>Longitude: 73.730217<br>Place_ID: ChIJmcKvE7zs3TsR_tJjSSnKc4U<br>Source_File: Nashik_Ambad_industrial.xlsx]]></description>
      <styleUrl>#icon-1899-0288D1</styleUrl>
      <ExtendedData>
        <Data name="Category">
          <value>manufacturer</value>
        </Data>
        <Data name="Address">
          <value>63, Ambad Satpur Link Rd, Sanjeev Nagar, Nashik, Maharashtra 422010, India</value>
        </Data>
        <Data name="Latitude">
          <value>19.969893</value>
        </Data>
        <Data name="Longitude">
          <value>73.730217</value>
        </Data>
        <Data name="Place_ID">
          <value>ChIJmcKvE7zs3TsR_tJjSSnKc4U</value>
        </Data>
        <Data name="Source_File">
          <value>Nashik_Ambad_industrial.xlsx</value>
        </Data>
      </ExtendedData>
      <Point>
        <coordinates>
          73.730217,19.969893,0
        </coordinates>
      </Point>
    </Placemark>
    <Placemark>
      <name>Rahul Industries In Nashik</name>
      <description><![CDATA[Category: manufacturer<br>Address: Trambakeshwar Rd, next to Papaya Nursery, near Nanacha Mala Hotel, Pimpalgaon Bahula, Nashik, Maharashtra 422012, India<br>Latitude: 19.9822217<br>Longitude: 73.7189258<br>Place_ID: ChIJ_WMUE7jt3TsRczG4funqO4k<br>Source_File: Nashik_Panchak_industrial.xlsx]]></description>
      <styleUrl>#icon-1899-0288D1</styleUrl>
      <ExtendedData>
        <Data name="Category">
          <value>manufacturer</value>
        </Data>
        <Data name="Address">
          <value>Trambakeshwar Rd, next to Papaya Nursery, near Nanacha Mala Hotel, Pimpalgaon Bahula, Nashik, Maharashtra 422012, India</value>
        </Data>
        <Data name="Latitude">
          <value>19.9822217</value>
        </Data>
        <Data name="Longitude">
          <value>73.7189258</value>
        </Data>
        <Data name="Place_ID">
          <value>ChIJ_WMUE7jt3TsRczG4funqO4k</value>
        </Data>
        <Data name="Source_File">
          <value>Nashik_Panchak_industrial.xlsx</value>
        </Data>
      </ExtendedData>
      <Point>
        <coordinates>
          73.7189258,19.9822217,0
        </coordinates>
      </Point>
    </Placemark>
    <Placemark>
      <name>Bharat Metals Work</name>
      <description><![CDATA[Category: manufacturer<br>Address: No.2/306, Gat, link Road, Kewal Park, Satpur, Nashik, Maharashtra 422012, India<br>Latitude: 19.9751498<br>Longitude: 73.7303687<br>Place_ID: ChIJI8AUQKDt3TsRLzaAxTvkVHQ<br>Source_File: Nashik_Panchak_industrial.xlsx]]></description>
      <styleUrl>#icon-1899-0288D1</styleUrl>
      <ExtendedData>
        <Data name="Category">
          <value>manufacturer</value>
        </Data>
        <Data name="Address">
          <value>No.2/306, Gat, link Road, Kewal Park, Satpur, Nashik, Maharashtra 422012, India</value>
        </Data>
        <Data name="Latitude">
          <value>19.9751498</value>
        </Data>
        <Data name="Longitude">
          <value>73.7303687</value>
        </Data>
        <Data name="Place_ID">
          <value>ChIJI8AUQKDt3TsRLzaAxTvkVHQ</value>
        </Data>
        <Data name="Source_File">
          <value>Nashik_Panchak_industrial.xlsx</value>
        </Data>
      </ExtendedData>
      <Point>
        <coordinates>
          73.7303687,19.9751498,0
        </coordinates>
      </Point>
    </Placemark>
    <Placemark>
      <name>M.a.steel</name>
      <description><![CDATA[Category: manufacturer<br>Address: Ambad Satpur Link Rd, Sanjeev Nagar, Nashik, Maharashtra 422010, India<br>Latitude: 19.9756804<br>Longitude: 73.7274466<br>Place_ID: ChIJpfPjo5Xs3TsRhXHyHWVxdw0<br>Source_File: Nashik_Panchak_industrial.xlsx]]></description>
      <styleUrl>#icon-1899-0288D1</styleUrl>
      <ExtendedData>
        <Data name="Category">
          <value>manufacturer</value>
        </Data>
        <Data name="Address">
          <value>Ambad Satpur Link Rd, Sanjeev Nagar, Nashik, Maharashtra 422010, India</value>
        </Data>
        <Data name="Latitude">
          <value>19.9756804</value>
        </Data>
        <Data name="Longitude">
          <value>73.7274466</value>
        </Data>
        <Data name="Place_ID">
          <value>ChIJpfPjo5Xs3TsRhXHyHWVxdw0</value>
        </Data>
        <Data name="Source_File">
          <value>Nashik_Panchak_industrial.xlsx</value>
        </Data>
      </ExtendedData>
      <Point>
        <coordinates>
          73.7274466,19.9756804,0
        </coordinates>
      </Point>
    </Placemark>
    <Placemark>
      <name>R. K. Enterprises Satpur</name>
      <description><![CDATA[Category: manufacturer<br>Address: Surya Darshan Colony, 17, Trambakeshwar Rd, Khode Park, Satpur Colony, Nashik, Maharashtra 422007, India<br>Latitude: 19.9858782<br>Longitude: 73.726413<br>Place_ID: ChIJDRjfF6zt3TsRaov9mF1qrYc<br>Source_File: Nashik_Satpur_industrial.xlsx]]></description>
      <styleUrl>#icon-1899-0288D1</styleUrl>
      <ExtendedData>
        <Data name="Category">
          <value>manufacturer</value>
        </Data>
        <Data name="Address">
          <value>Surya Darshan Colony, 17, Trambakeshwar Rd, Khode Park, Satpur Colony, Nashik, Maharashtra 422007, India</value>
        </Data>
        <Data name="Latitude">
          <value>19.9858782</value>
        </Data>
        <Data name="Longitude">
          <value>73.726413</value>
        </Data>
        <Data name="Place_ID">
          <value>ChIJDRjfF6zt3TsRaov9mF1qrYc</value>
        </Data>
        <Data name="Source_File">
          <value>Nashik_Satpur_industrial.xlsx</value>
        </Data>
      </ExtendedData>
      <Point>
        <coordinates>
          73.726413,19.9858782,0
        </coordinates>
      </Point>
    </Placemark>
    <Placemark>
      <name>PARADISE ENGINEERING WORKS (PLANT-2)</name>
      <description><![CDATA[Category: manufacturer<br>Address: Ambad Satpur Link Rd, Bajrang Nagar, Satpur Township, Nashik, Maharashtra 422010, India<br>Latitude: 19.9807417<br>Longitude: 73.7277769<br>Place_ID: ChIJmf4pmbHt3TsRvHBGKX6TfZw<br>Source_File: Nashik_Satpur_industrial.xlsx]]></description>
      <styleUrl>#icon-1899-0288D1</styleUrl>
      <ExtendedData>
        <Data name="Category">
          <value>manufacturer</value>
        </Data>
        <Data name="Address">
          <value>Ambad Satpur Link Rd, Bajrang Nagar, Satpur Township, Nashik, Maharashtra 422010, India</value>
        </Data>
        <Data name="Latitude">
          <value>19.9807417</value>
        </Data>
        <Data name="Longitude">
          <value>73.7277769</value>
        </Data>
        <Data name="Place_ID">
          <value>ChIJmf4pmbHt3TsRvHBGKX6TfZw</value>
        </Data>
        <Data name="Source_File">
          <value>Nashik_Satpur_industrial.xlsx</value>
        </Data>
      </ExtendedData>
      <Point>
        <coordinates>
          73.7277769,19.9807417,0
        </coordinates>
      </Point>
    </Placemark>
    <Placemark>
      <name>Green Life Packaging</name>
      <description><![CDATA[Category: manufacturer<br>Address: Ashok Nagar Pimpalgaon Road, Midc, near Satpur, Pimpalgaon Bahula, Nashik, Maharashtra 422007, India<br>Latitude: 19.9846801<br>Longitude: 73.7074486<br>Place_ID: ChIJScSsp7_t3TsREEBfrk6oh6A<br>Source_File: Nashik_Panchak_industrial.xlsx]]></description>
      <styleUrl>#icon-1899-0288D1</styleUrl>
      <ExtendedData>
        <Data name="Category">
          <value>manufacturer</value>
        </Data>
        <Data name="Address">
          <value>Ashok Nagar Pimpalgaon Road, Midc, near Satpur, Pimpalgaon Bahula, Nashik, Maharashtra 422007, India</value>
        </Data>
        <Data name="Latitude">
          <value>19.9846801</value>
        </Data>
        <Data name="Longitude">
          <value>73.7074486</value>
        </Data>
        <Data name="Place_ID">
          <value>ChIJScSsp7_t3TsREEBfrk6oh6A</value>
        </Data>
        <Data name="Source_File">
          <value>Nashik_Panchak_industrial.xlsx</value>
        </Data>
      </ExtendedData>
      <Point>
        <coordinates>
          73.7074486,19.9846801,0
        </coordinates>
      </Point>
    </Placemark>
    <Placemark>
      <name>Mahalaxmi Rice Mill</name>
      <description><![CDATA[Category: Rice / grain processing<br>Address: Jawar Road, Trimbak, Maharashtra 422212<br>Latitude: 19.932<br>Longitude: 73.521<br>Place_ID: <br>Source_File: ]]></description>
      <styleUrl>#icon-1899-0288D1</styleUrl>
      <ExtendedData>
        <Data name="Category">
          <value>Rice / grain processing</value>
        </Data>
        <Data name="Address">
          <value>Jawar Road, Trimbak, Maharashtra 422212</value>
        </Data>
        <Data name="Latitude">
          <value>19.932</value>
        </Data>
        <Data name="Longitude">
          <value>73.521</value>
        </Data>
        <Data name="Place_ID">
          <value/>
        </Data>
        <Data name="Source_File">
          <value/>
        </Data>
      </ExtendedData>
      <Point>
        <coordinates>
          73.521,19.932,0
        </coordinates>
      </Point>
    </Placemark>
    <Placemark>
      <name>Atma Malik Rice Mill</name>
      <description><![CDATA[Category: Rice / grain processing<br>Address: Buvachi Vadi, Amboli, Trimbakeshwar, Maharashtra 422212<br>Latitude: 19.958<br>Longitude: 73.56<br>Place_ID: <br>Source_File: ]]></description>
      <styleUrl>#icon-1899-0288D1</styleUrl>
      <ExtendedData>
        <Data name="Category">
          <value>Rice / grain processing</value>
        </Data>
        <Data name="Address">
          <value>Buvachi Vadi, Amboli, Trimbakeshwar, Maharashtra 422212</value>
        </Data>
        <Data name="Latitude">
          <value>19.958</value>
        </Data>
        <Data name="Longitude">
          <value>73.56</value>
        </Data>
        <Data name="Place_ID">
          <value/>
        </Data>
        <Data name="Source_File">
          <value/>
        </Data>
      </ExtendedData>
      <Point>
        <coordinates>
          73.56,19.958,0
        </coordinates>
      </Point>
    </Placemark>
    <Placemark>
      <name>Vyankatesh Rice Mill</name>
      <description><![CDATA[Category: Rice processing<br>Address: NH 848, Anjaneri, Trimbakeshwar, Maharashtra 422213<br>Latitude: 19.946<br>Longitude: 73.565<br>Place_ID: <br>Source_File: ]]></description>
      <styleUrl>#icon-1899-0288D1</styleUrl>
      <ExtendedData>
        <Data name="Category">
          <value>Rice processing</value>
        </Data>
        <Data name="Address">
          <value>NH 848, Anjaneri, Trimbakeshwar, Maharashtra 422213</value>
        </Data>
        <Data name="Latitude">
          <value>19.946</value>
        </Data>
        <Data name="Longitude">
          <value>73.565</value>
        </Data>
        <Data name="Place_ID">
          <value/>
        </Data>
        <Data name="Source_File">
          <value/>
        </Data>
      </ExtendedData>
      <Point>
        <coordinates>
          73.565,19.946,0
        </coordinates>
      </Point>
    </Placemark>
    <Placemark>
      <name>Bhagirathi Rice Mill</name>
      <description><![CDATA[Category: Rice processing<br>Address: NH 848, Trimbak, Maharashtra 422212<br>Latitude: 19.938<br>Longitude: 73.543<br>Place_ID: <br>Source_File: ]]></description>
      <styleUrl>#icon-1899-0288D1</styleUrl>
      <ExtendedData>
        <Data name="Category">
          <value>Rice processing</value>
        </Data>
        <Data name="Address">
          <value>NH 848, Trimbak, Maharashtra 422212</value>
        </Data>
        <Data name="Latitude">
          <value>19.938</value>
        </Data>
        <Data name="Longitude">
          <value>73.543</value>
        </Data>
        <Data name="Place_ID">
          <value/>
        </Data>
        <Data name="Source_File">
          <value/>
        </Data>
      </ExtendedData>
      <Point>
        <coordinates>
          73.543,19.938,0
        </coordinates>
      </Point>
    </Placemark>
    <Placemark>
      <name>Mahabhagwati Rice Mill</name>
      <description><![CDATA[Category: Rice processing<br>Address: Tupa Devi, Trimbakeshwar, Maharashtra 422212<br>Latitude: 19.925<br>Longitude: 73.54<br>Place_ID: <br>Source_File: ]]></description>
      <styleUrl>#icon-1899-0288D1</styleUrl>
      <ExtendedData>
        <Data name="Category">
          <value>Rice processing</value>
        </Data>
        <Data name="Address">
          <value>Tupa Devi, Trimbakeshwar, Maharashtra 422212</value>
        </Data>
        <Data name="Latitude">
          <value>19.925</value>
        </Data>
        <Data name="Longitude">
          <value>73.54</value>
        </Data>
        <Data name="Place_ID">
          <value/>
        </Data>
        <Data name="Source_File">
          <value/>
        </Data>
      </ExtendedData>
      <Point>
        <coordinates>
          73.54,19.925,0
        </coordinates>
      </Point>
    </Placemark>
    <Placemark>
      <name>Trimbak Raj Mill</name>
      <description><![CDATA[Category: Grain / food processing<br>Address: Pimpri, Trimbakeshwar, Nashik<br>Latitude: 19.99<br>Longitude: 73.555<br>Place_ID: <br>Source_File: ]]></description>
      <styleUrl>#icon-1899-0288D1</styleUrl>
      <ExtendedData>
        <Data name="Category">
          <value>Grain / food processing</value>
        </Data>
        <Data name="Address">
          <value>Pimpri, Trimbakeshwar, Nashik</value>
        </Data>
        <Data name="Latitude">
          <value>19.99</value>
        </Data>
        <Data name="Longitude">
          <value>73.555</value>
        </Data>
        <Data name="Place_ID">
          <value/>
        </Data>
        <Data name="Source_File">
          <value/>
        </Data>
      </ExtendedData>
      <Point>
        <coordinates>
          73.555,19.99,0
        </coordinates>
      </Point>
    </Placemark>
  </Document>
</kml>
