<?xml version="1.0" encoding="UTF-8"?>
<kml xmlns="http://www.opengis.net/kml/2.2">
  <Document>
    <name>multi specialist.csv</name>
    <Style id="icon-1899-C2185B-normal">
      <IconStyle>
        <color>ff5b18c2</color>
        <scale>1</scale>
        <Icon>
          <href>https://www.gstatic.com/mapspro/images/stock/503-wht-blank_maps.png</href>
        </Icon>
        <hotSpot x="32" xunits="pixels" y="64" yunits="insetPixels"/>
      </IconStyle>
      <LabelStyle>
        <scale>0</scale>
      </LabelStyle>
    </Style>
    <Style id="icon-1899-C2185B-highlight">
      <IconStyle>
        <color>ff5b18c2</color>
        <scale>1</scale>
        <Icon>
          <href>https://www.gstatic.com/mapspro/images/stock/503-wht-blank_maps.png</href>
        </Icon>
        <hotSpot x="32" xunits="pixels" y="64" yunits="insetPixels"/>
      </IconStyle>
      <LabelStyle>
        <scale>1</scale>
      </LabelStyle>
    </Style>
    <StyleMap id="icon-1899-C2185B">
      <Pair>
        <key>normal</key>
        <styleUrl>#icon-1899-C2185B-normal</styleUrl>
      </Pair>
      <Pair>
        <key>highlight</key>
        <styleUrl>#icon-1899-C2185B-highlight</styleUrl>
      </Pair>
    </StyleMap>
    <Placemark>
      <name>MEDICARE MULTISPECIALITY HOSPITAL - Dr. Ravindranath Gaikwad - Best Orthopedic Surgeon Nashik Road, Nashik</name>
      <description><![CDATA[Description: <br>address: <br>phoneNumber: <br>Coordinates: 73.8357602,19.95271<br>Category: hospital<br>Address: Medicare multispeciality Hospital 1st floor ,Gaikwad sankul, Bytco Point, above Jalgaon peoples bank, behind Regimental Plaza, Gayakhe Colony, Nashik Road, Nashik, Maharashtra 422101, India<br>Latitude: 19.95271<br>Longitude: 73.8357602<br>Rating: 5<br>Place_ID: ChIJuwToGVaV3TsRaO9mPKRZx8A<br>Distance_m: 2505]]></description>
      <styleUrl>#icon-1899-C2185B</styleUrl>
      <ExtendedData>
        <Data name="Description">
          <value/>
        </Data>
        <Data name="address">
          <value/>
        </Data>
        <Data name="phoneNumber">
          <value/>
        </Data>
        <Data name="Coordinates">
          <value>73.8357602,19.95271</value>
        </Data>
        <Data name="Category">
          <value>hospital</value>
        </Data>
        <Data name="Address">
          <value>Medicare multispeciality Hospital 1st floor ,Gaikwad sankul, Bytco Point, above Jalgaon peoples bank, behind Regimental Plaza, Gayakhe Colony, Nashik Road, Nashik, Maharashtra 422101, India</value>
        </Data>
        <Data name="Latitude">
          <value>19.95271</value>
        </Data>
        <Data name="Longitude">
          <value>73.8357602</value>
        </Data>
        <Data name="Rating">
          <value>5.0</value>
        </Data>
        <Data name="Place_ID">
          <value>ChIJuwToGVaV3TsRaO9mPKRZx8A</value>
        </Data>
        <Data name="Distance_m">
          <value>2505.0</value>
        </Data>
      </ExtendedData>
      <Point>
        <coordinates>
          73.8357602,19.95271,0
        </coordinates>
      </Point>
    </Placemark>
    <Placemark>
      <name>Magnum Multispeciality Hospital</name>
      <description><![CDATA[Description: <br>address: <br>phoneNumber: <br>Coordinates: 73.8310634,19.95952<br>Category: hospital<br>Address: Magnum Multispeciality Hospital, Nashik - Pune Hwy, opposite Bytco College, Rosa Colony, Nashik Road, Nashik, Maharashtra 422101, India<br>Latitude: 19.95952<br>Longitude: 73.8310634<br>Rating: 4.7<br>Place_ID: ChIJW_dxa23r3TsRKDCBBr4NsL0<br>Distance_m: 1710]]></description>
      <styleUrl>#icon-1899-C2185B</styleUrl>
      <ExtendedData>
        <Data name="Description">
          <value/>
        </Data>
        <Data name="address">
          <value/>
        </Data>
        <Data name="phoneNumber">
          <value/>
        </Data>
        <Data name="Coordinates">
          <value>73.8310634,19.95952</value>
        </Data>
        <Data name="Category">
          <value>hospital</value>
        </Data>
        <Data name="Address">
          <value>Magnum Multispeciality Hospital, Nashik - Pune Hwy, opposite Bytco College, Rosa Colony, Nashik Road, Nashik, Maharashtra 422101, India</value>
        </Data>
        <Data name="Latitude">
          <value>19.95952</value>
        </Data>
        <Data name="Longitude">
          <value>73.8310634</value>
        </Data>
        <Data name="Rating">
          <value>4.7</value>
        </Data>
        <Data name="Place_ID">
          <value>ChIJW_dxa23r3TsRKDCBBr4NsL0</value>
        </Data>
        <Data name="Distance_m">
          <value>1710.0</value>
        </Data>
      </ExtendedData>
      <Point>
        <coordinates>
          73.8310634,19.95952,0
        </coordinates>
      </Point>
    </Placemark>
    <Placemark>
      <name>Shree Sai Seva Multispeciality Hospital - |Orthopedic | Pregnancy Care | General Surgeon | Gastrointestinal surgeon</name>
      <description><![CDATA[Description: <br>address: <br>phoneNumber: <br>Coordinates: 73.753275,19.964929<br>Category: hospital<br>Address: 1st floor, B-Square, Road, uttam nagar, Pathardi Phata, Nashik, Maharashtra 422010, India<br>Latitude: 19.964929<br>Longitude: 73.753275<br>Rating: 4.6<br>Place_ID: ChIJD6bbhH7r3TsRN48wS5XcCas<br>Distance_m: 2231]]></description>
      <styleUrl>#icon-1899-C2185B</styleUrl>
      <ExtendedData>
        <Data name="Description">
          <value/>
        </Data>
        <Data name="address">
          <value/>
        </Data>
        <Data name="phoneNumber">
          <value/>
        </Data>
        <Data name="Coordinates">
          <value>73.753275,19.964929</value>
        </Data>
        <Data name="Category">
          <value>hospital</value>
        </Data>
        <Data name="Address">
          <value>1st floor, B-Square, Road, uttam nagar, Pathardi Phata, Nashik, Maharashtra 422010, India</value>
        </Data>
        <Data name="Latitude">
          <value>19.964929</value>
        </Data>
        <Data name="Longitude">
          <value>73.753275</value>
        </Data>
        <Data name="Rating">
          <value>4.6</value>
        </Data>
        <Data name="Place_ID">
          <value>ChIJD6bbhH7r3TsRN48wS5XcCas</value>
        </Data>
        <Data name="Distance_m">
          <value>2231.0</value>
        </Data>
      </ExtendedData>
      <Point>
        <coordinates>
          73.753275,19.964929,0
        </coordinates>
      </Point>
    </Placemark>
    <Placemark>
      <name>Ashtang Multispeciality Hospital</name>
      <description><![CDATA[Description: <br>address: <br>phoneNumber: <br>Coordinates: 73.7532691,19.9649251<br>Category: hospital<br>Address: Third Floor, B Square, Ambad CIDCO Link Rd, opposite Atul Sweets, Upendra Nagar Colony, Nashik, Maharashtra 422010, India<br>Latitude: 19.9649251<br>Longitude: 73.7532691<br>Rating: 4.9<br>Place_ID: ChIJW79HIALr3TsRPm1G85TdN5s<br>Distance_m: 2231]]></description>
      <styleUrl>#icon-1899-C2185B</styleUrl>
      <ExtendedData>
        <Data name="Description">
          <value/>
        </Data>
        <Data name="address">
          <value/>
        </Data>
        <Data name="phoneNumber">
          <value/>
        </Data>
        <Data name="Coordinates">
          <value>73.7532691,19.9649251</value>
        </Data>
        <Data name="Category">
          <value>hospital</value>
        </Data>
        <Data name="Address">
          <value>Third Floor, B Square, Ambad CIDCO Link Rd, opposite Atul Sweets, Upendra Nagar Colony, Nashik, Maharashtra 422010, India</value>
        </Data>
        <Data name="Latitude">
          <value>19.9649251</value>
        </Data>
        <Data name="Longitude">
          <value>73.7532691</value>
        </Data>
        <Data name="Rating">
          <value>4.9</value>
        </Data>
        <Data name="Place_ID">
          <value>ChIJW79HIALr3TsRPm1G85TdN5s</value>
        </Data>
        <Data name="Distance_m">
          <value>2231.0</value>
        </Data>
      </ExtendedData>
      <Point>
        <coordinates>
          73.7532691,19.9649251,0
        </coordinates>
      </Point>
    </Placemark>
    <Placemark>
      <name>Shreenivas Multispeciality Hospital</name>
      <description><![CDATA[Description: <br>address: <br>phoneNumber: <br>Coordinates: 73.7684551,19.967637<br>Category: hospital<br>Address: State Bank Chowk, N-35, S-4, 8/1, Swami Vivekanand Nagar, New Cidco, Nashik, Maharashtra 422009, India<br>Latitude: 19.967637<br>Longitude: 73.7684551<br>Rating: 4.5<br>Place_ID: ChIJ-XLKAUfr3TsRBVBMv6D0c-Y<br>Distance_m: 1300]]></description>
      <styleUrl>#icon-1899-C2185B</styleUrl>
      <ExtendedData>
        <Data name="Description">
          <value/>
        </Data>
        <Data name="address">
          <value/>
        </Data>
        <Data name="phoneNumber">
          <value/>
        </Data>
        <Data name="Coordinates">
          <value>73.7684551,19.967637</value>
        </Data>
        <Data name="Category">
          <value>hospital</value>
        </Data>
        <Data name="Address">
          <value>State Bank Chowk, N-35, S-4, 8/1, Swami Vivekanand Nagar, New Cidco, Nashik, Maharashtra 422009, India</value>
        </Data>
        <Data name="Latitude">
          <value>19.967637</value>
        </Data>
        <Data name="Longitude">
          <value>73.7684551</value>
        </Data>
        <Data name="Rating">
          <value>4.5</value>
        </Data>
        <Data name="Place_ID">
          <value>ChIJ-XLKAUfr3TsRBVBMv6D0c-Y</value>
        </Data>
        <Data name="Distance_m">
          <value>1300.0</value>
        </Data>
      </ExtendedData>
      <Point>
        <coordinates>
          73.7684551,19.967637,0
        </coordinates>
      </Point>
    </Placemark>
    <Placemark>
      <name>Vedic Ayurved Multispeciality Clinic And Panchakarma Center | Best Panchakarma in Nashik | Best Ayurvedic Doctor in Nashik</name>
      <description><![CDATA[Description: <br>address: <br>phoneNumber: <br>Coordinates: 73.7814734,19.9722966<br>Category: health<br>Address: Charwak Chowk, Indira Nagar, Nashik, Maharashtra 422009, India<br>Latitude: 19.9722966<br>Longitude: 73.7814734<br>Rating: 5<br>Place_ID: ChIJ_2z81TLr3TsRubBeeCO5lqQ<br>Distance_m: 24]]></description>
      <styleUrl>#icon-1899-C2185B</styleUrl>
      <ExtendedData>
        <Data name="Description">
          <value/>
        </Data>
        <Data name="address">
          <value/>
        </Data>
        <Data name="phoneNumber">
          <value/>
        </Data>
        <Data name="Coordinates">
          <value>73.7814734,19.9722966</value>
        </Data>
        <Data name="Category">
          <value>health</value>
        </Data>
        <Data name="Address">
          <value>Charwak Chowk, Indira Nagar, Nashik, Maharashtra 422009, India</value>
        </Data>
        <Data name="Latitude">
          <value>19.9722966</value>
        </Data>
        <Data name="Longitude">
          <value>73.7814734</value>
        </Data>
        <Data name="Rating">
          <value>5.0</value>
        </Data>
        <Data name="Place_ID">
          <value>ChIJ_2z81TLr3TsRubBeeCO5lqQ</value>
        </Data>
        <Data name="Distance_m">
          <value>24.0</value>
        </Data>
      </ExtendedData>
      <Point>
        <coordinates>
          73.7814734,19.9722966,0
        </coordinates>
      </Point>
    </Placemark>
    <Placemark>
      <name>PRATHAM MULTISPECIALITY HOSPITAL</name>
      <description><![CDATA[Description: <br>address: <br>phoneNumber: <br>Coordinates: 73.7725913,19.9719958<br>Category: hospital<br>Address: Plot no. 1 & 2-951, Sector A Sai Plaza Complex, 2nd & 3rd floor Mumbai-Nashik Expy, Lekha nagar, Cidco, Nashik, Maharashtra 422009, India<br>Latitude: 19.9719958<br>Longitude: 73.7725913<br>Rating: 3<br>Place_ID: ChIJM43lQT_r3TsR8mMHxIX0fN0<br>Distance_m: 953]]></description>
      <styleUrl>#icon-1899-C2185B</styleUrl>
      <ExtendedData>
        <Data name="Description">
          <value/>
        </Data>
        <Data name="address">
          <value/>
        </Data>
        <Data name="phoneNumber">
          <value/>
        </Data>
        <Data name="Coordinates">
          <value>73.7725913,19.9719958</value>
        </Data>
        <Data name="Category">
          <value>hospital</value>
        </Data>
        <Data name="Address">
          <value><![CDATA[Plot no. 1 & 2-951, Sector A Sai Plaza Complex, 2nd & 3rd floor Mumbai-Nashik Expy, Lekha nagar, Cidco, Nashik, Maharashtra 422009, India]]></value>
        </Data>
        <Data name="Latitude">
          <value>19.9719958</value>
        </Data>
        <Data name="Longitude">
          <value>73.7725913</value>
        </Data>
        <Data name="Rating">
          <value>3.0</value>
        </Data>
        <Data name="Place_ID">
          <value>ChIJM43lQT_r3TsR8mMHxIX0fN0</value>
        </Data>
        <Data name="Distance_m">
          <value>953.0</value>
        </Data>
      </ExtendedData>
      <Point>
        <coordinates>
          73.7725913,19.9719958,0
        </coordinates>
      </Point>
    </Placemark>
    <Placemark>
      <name>Sharayu MultiSpeciality Clinic</name>
      <description><![CDATA[Description: <br>address: <br>phoneNumber: <br>Coordinates: 73.7794702,19.9649955<br>Category: medical_clinic<br>Address: Shop no.6, Shreedarshan apt, Phatardi wadala road, Gajanan Maharaj Mandir Rd, near Gopal Food, Pandav Nagari, Indira Nagar, Nashik, Maharashtra 422009, India<br>Latitude: 19.9649955<br>Longitude: 73.7794702<br>Rating: 4.4<br>Place_ID: ChIJXbISLU_r3TsRbQfk92NX2Bc<br>Distance_m: 845]]></description>
      <styleUrl>#icon-1899-C2185B</styleUrl>
      <ExtendedData>
        <Data name="Description">
          <value/>
        </Data>
        <Data name="address">
          <value/>
        </Data>
        <Data name="phoneNumber">
          <value/>
        </Data>
        <Data name="Coordinates">
          <value>73.7794702,19.9649955</value>
        </Data>
        <Data name="Category">
          <value>medical_clinic</value>
        </Data>
        <Data name="Address">
          <value>Shop no.6, Shreedarshan apt, Phatardi wadala road, Gajanan Maharaj Mandir Rd, near Gopal Food, Pandav Nagari, Indira Nagar, Nashik, Maharashtra 422009, India</value>
        </Data>
        <Data name="Latitude">
          <value>19.9649955</value>
        </Data>
        <Data name="Longitude">
          <value>73.7794702</value>
        </Data>
        <Data name="Rating">
          <value>4.4</value>
        </Data>
        <Data name="Place_ID">
          <value>ChIJXbISLU_r3TsRbQfk92NX2Bc</value>
        </Data>
        <Data name="Distance_m">
          <value>845.0</value>
        </Data>
      </ExtendedData>
      <Point>
        <coordinates>
          73.7794702,19.9649955,0
        </coordinates>
      </Point>
    </Placemark>
    <Placemark>
      <name>Kalpataru Multispeciality Hospital</name>
      <description><![CDATA[Description: <br>address: <br>phoneNumber: <br>Coordinates: 73.7532022,19.9683788<br>Category: hospital<br>Address: uttam nagar, bus stop, Incom Tax Colony, Mahajan Nagar, Nashik, Maharashtra 422010, India<br>Latitude: 19.9683788<br>Longitude: 73.7532022<br>Rating: 3.6<br>Place_ID: ChIJHyXZUFnr3TsR3Njev2bIvR4<br>Distance_m: 1347]]></description>
      <styleUrl>#icon-1899-C2185B</styleUrl>
      <ExtendedData>
        <Data name="Description">
          <value/>
        </Data>
        <Data name="address">
          <value/>
        </Data>
        <Data name="phoneNumber">
          <value/>
        </Data>
        <Data name="Coordinates">
          <value>73.7532022,19.9683788</value>
        </Data>
        <Data name="Category">
          <value>hospital</value>
        </Data>
        <Data name="Address">
          <value>uttam nagar, bus stop, Incom Tax Colony, Mahajan Nagar, Nashik, Maharashtra 422010, India</value>
        </Data>
        <Data name="Latitude">
          <value>19.9683788</value>
        </Data>
        <Data name="Longitude">
          <value>73.7532022</value>
        </Data>
        <Data name="Rating">
          <value>3.6</value>
        </Data>
        <Data name="Place_ID">
          <value>ChIJHyXZUFnr3TsR3Njev2bIvR4</value>
        </Data>
        <Data name="Distance_m">
          <value>1347.0</value>
        </Data>
      </ExtendedData>
      <Point>
        <coordinates>
          73.7532022,19.9683788,0
        </coordinates>
      </Point>
    </Placemark>
    <Placemark>
      <name>AMBAD MULTISPECIALITY HOSPITAL</name>
      <description><![CDATA[Description: <br>address: <br>phoneNumber: <br>Coordinates: 73.734749,19.9621618<br>Category: hospital<br>Address: 2 ND FLOOR , TIP TOP PLAZA, XLO PAINT, AMBAD,MIDC, PROFESSOR GORKHE MARG, XLO Point, Ambedkar Nagar, AMBAD 10, Nashik, Maharashtra 422010, India<br>Latitude: 19.9621618<br>Longitude: 73.734749<br>Rating: 4.7<br>Place_ID: ChIJkXCIKgDt3TsRZwBNI8FQ4s0<br>Distance_m: 1713]]></description>
      <styleUrl>#icon-1899-C2185B</styleUrl>
      <ExtendedData>
        <Data name="Description">
          <value/>
        </Data>
        <Data name="address">
          <value/>
        </Data>
        <Data name="phoneNumber">
          <value/>
        </Data>
        <Data name="Coordinates">
          <value>73.734749,19.9621618</value>
        </Data>
        <Data name="Category">
          <value>hospital</value>
        </Data>
        <Data name="Address">
          <value>2 ND FLOOR , TIP TOP PLAZA, XLO PAINT, AMBAD,MIDC, PROFESSOR GORKHE MARG, XLO Point, Ambedkar Nagar, AMBAD 10, Nashik, Maharashtra 422010, India</value>
        </Data>
        <Data name="Latitude">
          <value>19.9621618</value>
        </Data>
        <Data name="Longitude">
          <value>73.734749</value>
        </Data>
        <Data name="Rating">
          <value>4.7</value>
        </Data>
        <Data name="Place_ID">
          <value>ChIJkXCIKgDt3TsRZwBNI8FQ4s0</value>
        </Data>
        <Data name="Distance_m">
          <value>1713.0</value>
        </Data>
      </ExtendedData>
      <Point>
        <coordinates>
          73.734749,19.9621618,0
        </coordinates>
      </Point>
    </Placemark>
    <Placemark>
      <name>Seven Starz Multispecialty Hospital</name>
      <description><![CDATA[Description: <br>address: <br>phoneNumber: <br>Coordinates: 73.7349157,19.9618478<br>Category: hospital<br>Address: Ambad - Uttam Nagar Rd, XLO Point, Ambedkar Nagar, Chunchale, Nashik, Maharashtra 422010, India<br>Latitude: 19.9618478<br>Longitude: 73.7349157<br>Rating: 4.6<br>Place_ID: ChIJe8jaZ97t3TsR5VxYU-qk2O8<br>Distance_m: 1724]]></description>
      <styleUrl>#icon-1899-C2185B</styleUrl>
      <ExtendedData>
        <Data name="Description">
          <value/>
        </Data>
        <Data name="address">
          <value/>
        </Data>
        <Data name="phoneNumber">
          <value/>
        </Data>
        <Data name="Coordinates">
          <value>73.7349157,19.9618478</value>
        </Data>
        <Data name="Category">
          <value>hospital</value>
        </Data>
        <Data name="Address">
          <value>Ambad - Uttam Nagar Rd, XLO Point, Ambedkar Nagar, Chunchale, Nashik, Maharashtra 422010, India</value>
        </Data>
        <Data name="Latitude">
          <value>19.9618478</value>
        </Data>
        <Data name="Longitude">
          <value>73.7349157</value>
        </Data>
        <Data name="Rating">
          <value>4.6</value>
        </Data>
        <Data name="Place_ID">
          <value>ChIJe8jaZ97t3TsR5VxYU-qk2O8</value>
        </Data>
        <Data name="Distance_m">
          <value>1724.0</value>
        </Data>
      </ExtendedData>
      <Point>
        <coordinates>
          73.7349157,19.9618478,0
        </coordinates>
      </Point>
    </Placemark>
    <Placemark>
      <name>Jupiter Multi-speciality Hospital</name>
      <description><![CDATA[Description: <br>address: <br>phoneNumber: <br>Coordinates: 73.7347459,19.9621541<br>Category: hospital<br>Address: XP6M+VV9, Professor Gorakhe Satpur Ambad Link Rd, XLO Point, Ambedkar Nagar, Chunchale, Nashik, Maharashtra 422010, India<br>Latitude: 19.9621541<br>Longitude: 73.7347459<br>Rating: 4.5<br>Place_ID: ChIJw3KKWwDt3TsRwmFs7pr6SeA<br>Distance_m: 1714]]></description>
      <styleUrl>#icon-1899-C2185B</styleUrl>
      <ExtendedData>
        <Data name="Description">
          <value/>
        </Data>
        <Data name="address">
          <value/>
        </Data>
        <Data name="phoneNumber">
          <value/>
        </Data>
        <Data name="Coordinates">
          <value>73.7347459,19.9621541</value>
        </Data>
        <Data name="Category">
          <value>hospital</value>
        </Data>
        <Data name="Address">
          <value>XP6M+VV9, Professor Gorakhe Satpur Ambad Link Rd, XLO Point, Ambedkar Nagar, Chunchale, Nashik, Maharashtra 422010, India</value>
        </Data>
        <Data name="Latitude">
          <value>19.9621541</value>
        </Data>
        <Data name="Longitude">
          <value>73.7347459</value>
        </Data>
        <Data name="Rating">
          <value>4.5</value>
        </Data>
        <Data name="Place_ID">
          <value>ChIJw3KKWwDt3TsRwmFs7pr6SeA</value>
        </Data>
        <Data name="Distance_m">
          <value>1714.0</value>
        </Data>
      </ExtendedData>
      <Point>
        <coordinates>
          73.7347459,19.9621541,0
        </coordinates>
      </Point>
    </Placemark>
    <Placemark>
      <name>SUPREM MULTI SPECIALITY HOSPITAL</name>
      <description><![CDATA[Description: <br>address: <br>phoneNumber: <br>Coordinates: 73.8040806,19.979821<br>Category: doctor<br>Address: ADITYA NAGAR Ashoka Marg, r, behind IDBI ATM, Kalpataru Nagar, Nashik, Maharashtra 422011, India<br>Latitude: 19.979821<br>Longitude: 73.8040806<br>Rating: 4.9<br>Place_ID: ChIJR2vKe0Pr3TsR86iiGxwKdqM<br>Distance_m: 2345]]></description>
      <styleUrl>#icon-1899-C2185B</styleUrl>
      <ExtendedData>
        <Data name="Description">
          <value/>
        </Data>
        <Data name="address">
          <value/>
        </Data>
        <Data name="phoneNumber">
          <value/>
        </Data>
        <Data name="Coordinates">
          <value>73.8040806,19.979821</value>
        </Data>
        <Data name="Category">
          <value>doctor</value>
        </Data>
        <Data name="Address">
          <value>ADITYA NAGAR Ashoka Marg, r, behind IDBI ATM, Kalpataru Nagar, Nashik, Maharashtra 422011, India</value>
        </Data>
        <Data name="Latitude">
          <value>19.979821</value>
        </Data>
        <Data name="Longitude">
          <value>73.8040806</value>
        </Data>
        <Data name="Rating">
          <value>4.9</value>
        </Data>
        <Data name="Place_ID">
          <value>ChIJR2vKe0Pr3TsR86iiGxwKdqM</value>
        </Data>
        <Data name="Distance_m">
          <value>2345.0</value>
        </Data>
      </ExtendedData>
      <Point>
        <coordinates>
          73.8040806,19.979821,0
        </coordinates>
      </Point>
    </Placemark>
    <Placemark>
      <name>Medigram Multispeciality Hospital and Trauma Care Center</name>
      <description><![CDATA[Description: <br>address: <br>phoneNumber: <br>Coordinates: 73.7856468,19.981586<br>Category: health<br>Address: Archit Sai Avenue, 1st Floor, Mumbai Naka, Deepali Nagar, Nashik, Maharashtra 422009, India<br>Latitude: 19.981586<br>Longitude: 73.7856468<br>Rating: 4<br>Place_ID: ChIJ34R8TBHr3TsRB5xfnaMM3WI<br>Distance_m: 689]]></description>
      <styleUrl>#icon-1899-C2185B</styleUrl>
      <ExtendedData>
        <Data name="Description">
          <value/>
        </Data>
        <Data name="address">
          <value/>
        </Data>
        <Data name="phoneNumber">
          <value/>
        </Data>
        <Data name="Coordinates">
          <value>73.7856468,19.981586</value>
        </Data>
        <Data name="Category">
          <value>health</value>
        </Data>
        <Data name="Address">
          <value>Archit Sai Avenue, 1st Floor, Mumbai Naka, Deepali Nagar, Nashik, Maharashtra 422009, India</value>
        </Data>
        <Data name="Latitude">
          <value>19.981586</value>
        </Data>
        <Data name="Longitude">
          <value>73.7856468</value>
        </Data>
        <Data name="Rating">
          <value>4.0</value>
        </Data>
        <Data name="Place_ID">
          <value>ChIJ34R8TBHr3TsRB5xfnaMM3WI</value>
        </Data>
        <Data name="Distance_m">
          <value>689.0</value>
        </Data>
      </ExtendedData>
      <Point>
        <coordinates>
          73.7856468,19.981586,0
        </coordinates>
      </Point>
    </Placemark>
    <Placemark>
      <name>VED SUMAN AYURVEDIC MULTISPECIALITY AND PANCHKARMA CENTRE Nashik</name>
      <description><![CDATA[Description: <br>address: <br>phoneNumber: <br>Coordinates: 73.7795904,19.978507<br>Category: health<br>Address: Shop No. 1089 1st Floor, Roongtha Shopping Hub Apartment, Kamod Nagar, Indira Nagar, Nashik, Maharashtra 422009, India<br>Latitude: 19.978507<br>Longitude: 73.7795904<br>Rating: 5<br>Place_ID: ChIJ10uhEkfr3TsRrysyBCNLDTo<br>Distance_m: 725]]></description>
      <styleUrl>#icon-1899-C2185B</styleUrl>
      <ExtendedData>
        <Data name="Description">
          <value/>
        </Data>
        <Data name="address">
          <value/>
        </Data>
        <Data name="phoneNumber">
          <value/>
        </Data>
        <Data name="Coordinates">
          <value>73.7795904,19.978507</value>
        </Data>
        <Data name="Category">
          <value>health</value>
        </Data>
        <Data name="Address">
          <value>Shop No. 1089 1st Floor, Roongtha Shopping Hub Apartment, Kamod Nagar, Indira Nagar, Nashik, Maharashtra 422009, India</value>
        </Data>
        <Data name="Latitude">
          <value>19.978507</value>
        </Data>
        <Data name="Longitude">
          <value>73.7795904</value>
        </Data>
        <Data name="Rating">
          <value>5.0</value>
        </Data>
        <Data name="Place_ID">
          <value>ChIJ10uhEkfr3TsRrysyBCNLDTo</value>
        </Data>
        <Data name="Distance_m">
          <value>725.0</value>
        </Data>
      </ExtendedData>
      <Point>
        <coordinates>
          73.7795904,19.978507,0
        </coordinates>
      </Point>
    </Placemark>
    <Placemark>
      <name>Opal Blue Multispeciality Hospital</name>
      <description><![CDATA[Description: <br>address: <br>phoneNumber: <br>Coordinates: 73.7800655,19.9787109<br>Category: hospital<br>Address: National Highway, behind Hotel Tapsvi, near Indira Nagar Tunnel, Kamod Nagar, Indira Nagar, Mumbai, Nashik, Maharashtra 422009, India<br>Latitude: 19.9787109<br>Longitude: 73.7800655<br>Rating: 4.8<br>Place_ID: ChIJzfNa4KHr3TsR9kup9kF2_1M<br>Distance_m: 1862]]></description>
      <styleUrl>#icon-1899-C2185B</styleUrl>
      <ExtendedData>
        <Data name="Description">
          <value/>
        </Data>
        <Data name="address">
          <value/>
        </Data>
        <Data name="phoneNumber">
          <value/>
        </Data>
        <Data name="Coordinates">
          <value>73.7800655,19.9787109</value>
        </Data>
        <Data name="Category">
          <value>hospital</value>
        </Data>
        <Data name="Address">
          <value>National Highway, behind Hotel Tapsvi, near Indira Nagar Tunnel, Kamod Nagar, Indira Nagar, Mumbai, Nashik, Maharashtra 422009, India</value>
        </Data>
        <Data name="Latitude">
          <value>19.9787109</value>
        </Data>
        <Data name="Longitude">
          <value>73.7800655</value>
        </Data>
        <Data name="Rating">
          <value>4.8</value>
        </Data>
        <Data name="Place_ID">
          <value>ChIJzfNa4KHr3TsR9kup9kF2_1M</value>
        </Data>
        <Data name="Distance_m">
          <value>1862.0</value>
        </Data>
      </ExtendedData>
      <Point>
        <coordinates>
          73.7800655,19.9787109,0
        </coordinates>
      </Point>
    </Placemark>
    <Placemark>
      <name>Mariyam Multi-speciality Hospital</name>
      <description><![CDATA[Description: <br>address: <br>phoneNumber: <br>Coordinates: 73.7951616,19.9839571<br>Category: hospital<br>Address: Mariyam Multi-speciality Hospital Green Homes, Pakhal Rd, near Ashoka School Signal, Bajrang Wadi, Rehnuma Nagar, Nashik, Maharashtra 422006, India<br>Latitude: 19.9839571<br>Longitude: 73.7951616<br>Rating: 5<br>Place_ID: ChIJPXPMDkDr3TsRMkpy6ZO2fGU<br>Distance_m: 2081]]></description>
      <styleUrl>#icon-1899-C2185B</styleUrl>
      <ExtendedData>
        <Data name="Description">
          <value/>
        </Data>
        <Data name="address">
          <value/>
        </Data>
        <Data name="phoneNumber">
          <value/>
        </Data>
        <Data name="Coordinates">
          <value>73.7951616,19.9839571</value>
        </Data>
        <Data name="Category">
          <value>hospital</value>
        </Data>
        <Data name="Address">
          <value>Mariyam Multi-speciality Hospital Green Homes, Pakhal Rd, near Ashoka School Signal, Bajrang Wadi, Rehnuma Nagar, Nashik, Maharashtra 422006, India</value>
        </Data>
        <Data name="Latitude">
          <value>19.9839571</value>
        </Data>
        <Data name="Longitude">
          <value>73.7951616</value>
        </Data>
        <Data name="Rating">
          <value>5.0</value>
        </Data>
        <Data name="Place_ID">
          <value>ChIJPXPMDkDr3TsRMkpy6ZO2fGU</value>
        </Data>
        <Data name="Distance_m">
          <value>2081.0</value>
        </Data>
      </ExtendedData>
      <Point>
        <coordinates>
          73.7951616,19.9839571,0
        </coordinates>
      </Point>
    </Placemark>
    <Placemark>
      <name>Trimurti Multispeciality Hospital</name>
      <description><![CDATA[Description: <br>address: <br>phoneNumber: <br>Coordinates: 73.7560379,19.9813407<br>Category: doctor<br>Address: 2nd Floor, Purab-Pachim Plaza Trimurti, Chowk, New, near Divya Adlabs, New Cidco, Trimurti Chowk, Savata Nagar, Nashik, Maharashtra 422008, India<br>Latitude: 19.9813407<br>Longitude: 73.7560379<br>Rating: 3.7<br>Place_ID: ChIJEZ75OmTr3TsRDLpyz_Bn4fI<br>Distance_m: 1021]]></description>
      <styleUrl>#icon-1899-C2185B</styleUrl>
      <ExtendedData>
        <Data name="Description">
          <value/>
        </Data>
        <Data name="address">
          <value/>
        </Data>
        <Data name="phoneNumber">
          <value/>
        </Data>
        <Data name="Coordinates">
          <value>73.7560379,19.9813407</value>
        </Data>
        <Data name="Category">
          <value>doctor</value>
        </Data>
        <Data name="Address">
          <value>2nd Floor, Purab-Pachim Plaza Trimurti, Chowk, New, near Divya Adlabs, New Cidco, Trimurti Chowk, Savata Nagar, Nashik, Maharashtra 422008, India</value>
        </Data>
        <Data name="Latitude">
          <value>19.9813407</value>
        </Data>
        <Data name="Longitude">
          <value>73.7560379</value>
        </Data>
        <Data name="Rating">
          <value>3.7</value>
        </Data>
        <Data name="Place_ID">
          <value>ChIJEZ75OmTr3TsRDLpyz_Bn4fI</value>
        </Data>
        <Data name="Distance_m">
          <value>1021.0</value>
        </Data>
      </ExtendedData>
      <Point>
        <coordinates>
          73.7560379,19.9813407,0
        </coordinates>
      </Point>
    </Placemark>
    <Placemark>
      <name><![CDATA[Dr. Girish Borkar?s Trimurti Clinic & Multispeciality Hospital]]></name>
      <description><![CDATA[Description: <br>address: <br>phoneNumber: <br>Coordinates: 73.7557801,19.9816241<br>Category: doctor<br>Address: 2nd Floor, Purab-Pachim Plaza, Chowk, Ambad-Trimurti Chowk Link Rd, near Divya Adlabs, New Nashik, Savata Nagar, Nashik, Maharashtra 422008, India<br>Latitude: 19.9816241<br>Longitude: 73.7557801<br>Rating: 4.9<br>Place_ID: ChIJR2nd7TXr3TsR83ho6B6sq8A<br>Distance_m: 1056]]></description>
      <styleUrl>#icon-1899-C2185B</styleUrl>
      <ExtendedData>
        <Data name="Description">
          <value/>
        </Data>
        <Data name="address">
          <value/>
        </Data>
        <Data name="phoneNumber">
          <value/>
        </Data>
        <Data name="Coordinates">
          <value>73.7557801,19.9816241</value>
        </Data>
        <Data name="Category">
          <value>doctor</value>
        </Data>
        <Data name="Address">
          <value>2nd Floor, Purab-Pachim Plaza, Chowk, Ambad-Trimurti Chowk Link Rd, near Divya Adlabs, New Nashik, Savata Nagar, Nashik, Maharashtra 422008, India</value>
        </Data>
        <Data name="Latitude">
          <value>19.9816241</value>
        </Data>
        <Data name="Longitude">
          <value>73.7557801</value>
        </Data>
        <Data name="Rating">
          <value>4.9</value>
        </Data>
        <Data name="Place_ID">
          <value>ChIJR2nd7TXr3TsR83ho6B6sq8A</value>
        </Data>
        <Data name="Distance_m">
          <value>1056.0</value>
        </Data>
      </ExtendedData>
      <Point>
        <coordinates>
          73.7557801,19.9816241,0
        </coordinates>
      </Point>
    </Placemark>
    <Placemark>
      <name><![CDATA[Gurukrupa Multispeciality Hospital | Medicine, Orthopaedic, Urology, Nephrology, Surgery, ICU & Emergency Care Nashik]]></name>
      <description><![CDATA[Description: <br>address: <br>phoneNumber: <br>Coordinates: 73.7584502,19.9877701<br>Category: hospital<br>Address: Manohar Arcade, M1 to M4, Untwadi Rd, near Kankariya Jwellers, Shivshakti Nagar, Nashik, Maharashtra 422008, India<br>Latitude: 19.9877701<br>Longitude: 73.7584502<br>Rating: 4.5<br>Place_ID: ChIJ59ks2LLr3TsRW5JDCPvrkS4<br>Distance_m: 2511]]></description>
      <styleUrl>#icon-1899-C2185B</styleUrl>
      <ExtendedData>
        <Data name="Description">
          <value/>
        </Data>
        <Data name="address">
          <value/>
        </Data>
        <Data name="phoneNumber">
          <value/>
        </Data>
        <Data name="Coordinates">
          <value>73.7584502,19.9877701</value>
        </Data>
        <Data name="Category">
          <value>hospital</value>
        </Data>
        <Data name="Address">
          <value>Manohar Arcade, M1 to M4, Untwadi Rd, near Kankariya Jwellers, Shivshakti Nagar, Nashik, Maharashtra 422008, India</value>
        </Data>
        <Data name="Latitude">
          <value>19.9877701</value>
        </Data>
        <Data name="Longitude">
          <value>73.7584502</value>
        </Data>
        <Data name="Rating">
          <value>4.5</value>
        </Data>
        <Data name="Place_ID">
          <value>ChIJ59ks2LLr3TsRW5JDCPvrkS4</value>
        </Data>
        <Data name="Distance_m">
          <value>2511.0</value>
        </Data>
      </ExtendedData>
      <Point>
        <coordinates>
          73.7584502,19.9877701,0
        </coordinates>
      </Point>
    </Placemark>
    <Placemark>
      <name>Ashwini Multispeciality Hospital , Nashik</name>
      <description><![CDATA[Description: <br>address: <br>phoneNumber: <br>Coordinates: 73.7775322,19.9872922<br>Category: doctor<br>Address: Ashwini Hospital, Prakash Petrol Pump, Chowk, No 5, B-h, Govind Nagar, Nashik, Maharashtra 422009, India<br>Latitude: 19.9872922<br>Longitude: 73.7775322<br>Rating: 4.7<br>Place_ID: ChIJAQAAQBHr3TsRzebkwfuEMAQ<br>Distance_m: 1431]]></description>
      <styleUrl>#icon-1899-C2185B</styleUrl>
      <ExtendedData>
        <Data name="Description">
          <value/>
        </Data>
        <Data name="address">
          <value/>
        </Data>
        <Data name="phoneNumber">
          <value/>
        </Data>
        <Data name="Coordinates">
          <value>73.7775322,19.9872922</value>
        </Data>
        <Data name="Category">
          <value>doctor</value>
        </Data>
        <Data name="Address">
          <value>Ashwini Hospital, Prakash Petrol Pump, Chowk, No 5, B-h, Govind Nagar, Nashik, Maharashtra 422009, India</value>
        </Data>
        <Data name="Latitude">
          <value>19.9872922</value>
        </Data>
        <Data name="Longitude">
          <value>73.7775322</value>
        </Data>
        <Data name="Rating">
          <value>4.7</value>
        </Data>
        <Data name="Place_ID">
          <value>ChIJAQAAQBHr3TsRzebkwfuEMAQ</value>
        </Data>
        <Data name="Distance_m">
          <value>1431.0</value>
        </Data>
      </ExtendedData>
      <Point>
        <coordinates>
          73.7775322,19.9872922,0
        </coordinates>
      </Point>
    </Placemark>
    <Placemark>
      <name>Riddhi Multispeciality Hospital</name>
      <description><![CDATA[Description: <br>address: <br>phoneNumber: <br>Coordinates: 73.780102,19.988822<br>Category: hospital<br>Address: 4th Floor, Sai Square, near Tupsakhare Lawns, Mumbai Naka, Tidke Colony, Nashik, Maharashtra 422002, India<br>Latitude: 19.988822<br>Longitude: 73.780102<br>Rating: 3.6<br>Place_ID: ChIJQ3C3Kg7r3TsRLzbs4G2QQLc<br>Distance_m: 486]]></description>
      <styleUrl>#icon-1899-C2185B</styleUrl>
      <ExtendedData>
        <Data name="Description">
          <value/>
        </Data>
        <Data name="address">
          <value/>
        </Data>
        <Data name="phoneNumber">
          <value/>
        </Data>
        <Data name="Coordinates">
          <value>73.780102,19.988822</value>
        </Data>
        <Data name="Category">
          <value>hospital</value>
        </Data>
        <Data name="Address">
          <value>4th Floor, Sai Square, near Tupsakhare Lawns, Mumbai Naka, Tidke Colony, Nashik, Maharashtra 422002, India</value>
        </Data>
        <Data name="Latitude">
          <value>19.988822</value>
        </Data>
        <Data name="Longitude">
          <value>73.780102</value>
        </Data>
        <Data name="Rating">
          <value>3.6</value>
        </Data>
        <Data name="Place_ID">
          <value>ChIJQ3C3Kg7r3TsRLzbs4G2QQLc</value>
        </Data>
        <Data name="Distance_m">
          <value>486.0</value>
        </Data>
      </ExtendedData>
      <Point>
        <coordinates>
          73.780102,19.988822,0
        </coordinates>
      </Point>
    </Placemark>
    <Placemark>
      <name>SANTOSH MULTISPECIALITY HOSPITAL</name>
      <description><![CDATA[Description: <br>address: <br>phoneNumber: <br>Coordinates: 73.799794,19.9895903<br>Category: doctor<br>Address: 3rd Floor, Bizz World Building, Above Kotak bank, Opp. Camel House,, Old Agra Rd,Nashik Pune Highway, Dwarka, Dwarka, Nashik, Maharashtra 422011, India<br>Latitude: 19.9895903<br>Longitude: 73.799794<br>Rating: 4.8<br>Place_ID: ChIJYeJqewXr3TsRBG0EPg2S4ZI<br>Distance_m: 565]]></description>
      <styleUrl>#icon-1899-C2185B</styleUrl>
      <ExtendedData>
        <Data name="Description">
          <value/>
        </Data>
        <Data name="address">
          <value/>
        </Data>
        <Data name="phoneNumber">
          <value/>
        </Data>
        <Data name="Coordinates">
          <value>73.799794,19.9895903</value>
        </Data>
        <Data name="Category">
          <value>doctor</value>
        </Data>
        <Data name="Address">
          <value>3rd Floor, Bizz World Building, Above Kotak bank, Opp. Camel House,, Old Agra Rd,Nashik Pune Highway, Dwarka, Dwarka, Nashik, Maharashtra 422011, India</value>
        </Data>
        <Data name="Latitude">
          <value>19.9895903</value>
        </Data>
        <Data name="Longitude">
          <value>73.799794</value>
        </Data>
        <Data name="Rating">
          <value>4.8</value>
        </Data>
        <Data name="Place_ID">
          <value>ChIJYeJqewXr3TsRBG0EPg2S4ZI</value>
        </Data>
        <Data name="Distance_m">
          <value>565.0</value>
        </Data>
      </ExtendedData>
      <Point>
        <coordinates>
          73.799794,19.9895903,0
        </coordinates>
      </Point>
    </Placemark>
    <Placemark>
      <name>Hridayam Multispeciality Hospital</name>
      <description><![CDATA[Description: <br>address: <br>phoneNumber: <br>Coordinates: 73.7939807,19.993109<br>Category: general_hospital<br>Address: 2nd floor office whills, Mayur Plaza, above den cable network, Wadala Naka, Dwarka, Nashik, Maharashtra 422001, India<br>Latitude: 19.993109<br>Longitude: 73.7939807<br>Rating: 5<br>Place_ID: ChIJB-Tg0pbr3TsR0Kshs7ea53k<br>Distance_m: 2476]]></description>
      <styleUrl>#icon-1899-C2185B</styleUrl>
      <ExtendedData>
        <Data name="Description">
          <value/>
        </Data>
        <Data name="address">
          <value/>
        </Data>
        <Data name="phoneNumber">
          <value/>
        </Data>
        <Data name="Coordinates">
          <value>73.7939807,19.993109</value>
        </Data>
        <Data name="Category">
          <value>general_hospital</value>
        </Data>
        <Data name="Address">
          <value>2nd floor office whills, Mayur Plaza, above den cable network, Wadala Naka, Dwarka, Nashik, Maharashtra 422001, India</value>
        </Data>
        <Data name="Latitude">
          <value>19.993109</value>
        </Data>
        <Data name="Longitude">
          <value>73.7939807</value>
        </Data>
        <Data name="Rating">
          <value>5.0</value>
        </Data>
        <Data name="Place_ID">
          <value>ChIJB-Tg0pbr3TsR0Kshs7ea53k</value>
        </Data>
        <Data name="Distance_m">
          <value>2476.0</value>
        </Data>
      </ExtendedData>
      <Point>
        <coordinates>
          73.7939807,19.993109,0
        </coordinates>
      </Point>
    </Placemark>
    <Placemark>
      <name>SUSHRUTA MULTISPECIALITY HOSPITAL</name>
      <description><![CDATA[Description: <br>address: <br>phoneNumber: <br>Coordinates: 73.7941514,19.9930643<br>Category: health<br>Address: 2nd Floor, Mayur Plaza, near Niranjan garage, Wadala Naka, Dwarka, Nashik, Maharashtra 422001, India<br>Latitude: 19.9930643<br>Longitude: 73.7941514<br>Rating: 5<br>Place_ID: ChIJF7LuyZnr3TsRl_vbP7-qFgo<br>Distance_m: 2331]]></description>
      <styleUrl>#icon-1899-C2185B</styleUrl>
      <ExtendedData>
        <Data name="Description">
          <value/>
        </Data>
        <Data name="address">
          <value/>
        </Data>
        <Data name="phoneNumber">
          <value/>
        </Data>
        <Data name="Coordinates">
          <value>73.7941514,19.9930643</value>
        </Data>
        <Data name="Category">
          <value>health</value>
        </Data>
        <Data name="Address">
          <value>2nd Floor, Mayur Plaza, near Niranjan garage, Wadala Naka, Dwarka, Nashik, Maharashtra 422001, India</value>
        </Data>
        <Data name="Latitude">
          <value>19.9930643</value>
        </Data>
        <Data name="Longitude">
          <value>73.7941514</value>
        </Data>
        <Data name="Rating">
          <value>5.0</value>
        </Data>
        <Data name="Place_ID">
          <value>ChIJF7LuyZnr3TsRl_vbP7-qFgo</value>
        </Data>
        <Data name="Distance_m">
          <value>2331.0</value>
        </Data>
      </ExtendedData>
      <Point>
        <coordinates>
          73.7941514,19.9930643,0
        </coordinates>
      </Point>
    </Placemark>
    <Placemark>
      <name>Nashik Multispeciality Hospital</name>
      <description><![CDATA[Description: <br>address: <br>phoneNumber: <br>Coordinates: 73.7899374,19.9884856<br>Category: hospital<br>Address: doctor house, near navshakti chowk, Bhabha Nagar, Mumbai Naka, Bhagwant Nagar, Dr.Homi Bhabha Nagar, Nashik, Maharashtra 422011, India<br>Latitude: 19.9884856<br>Longitude: 73.7899374<br>Rating: 4<br>Place_ID: ChIJhTRvvBzr3TsRRL4DOdWBqw0<br>Distance_m: 2728]]></description>
      <styleUrl>#icon-1899-C2185B</styleUrl>
      <ExtendedData>
        <Data name="Description">
          <value/>
        </Data>
        <Data name="address">
          <value/>
        </Data>
        <Data name="phoneNumber">
          <value/>
        </Data>
        <Data name="Coordinates">
          <value>73.7899374,19.9884856</value>
        </Data>
        <Data name="Category">
          <value>hospital</value>
        </Data>
        <Data name="Address">
          <value>doctor house, near navshakti chowk, Bhabha Nagar, Mumbai Naka, Bhagwant Nagar, Dr.Homi Bhabha Nagar, Nashik, Maharashtra 422011, India</value>
        </Data>
        <Data name="Latitude">
          <value>19.9884856</value>
        </Data>
        <Data name="Longitude">
          <value>73.7899374</value>
        </Data>
        <Data name="Rating">
          <value>4.0</value>
        </Data>
        <Data name="Place_ID">
          <value>ChIJhTRvvBzr3TsRRL4DOdWBqw0</value>
        </Data>
        <Data name="Distance_m">
          <value>2728.0</value>
        </Data>
      </ExtendedData>
      <Point>
        <coordinates>
          73.7899374,19.9884856,0
        </coordinates>
      </Point>
    </Placemark>
    <Placemark>
      <name>Hrudaysparsh Multispeciality Hospital - Angioplasty | Cardiology | Maternity Care | Gynecology | Best Hospital in Nashik</name>
      <description><![CDATA[Description: <br>address: <br>phoneNumber: <br>Coordinates: 73.7999115,19.9898789<br>Category: hospital<br>Address: Shreeji Biz World, opp. Domino's pizza, Dwarka, Nashik, Maharashtra 422011, India<br>Latitude: 19.9898789<br>Longitude: 73.7999115<br>Rating: 4.9<br>Place_ID: ChIJaz_1T-Pq3TsRwHc-dTqdqSY<br>Distance_m: 1765]]></description>
      <styleUrl>#icon-1899-C2185B</styleUrl>
      <ExtendedData>
        <Data name="Description">
          <value/>
        </Data>
        <Data name="address">
          <value/>
        </Data>
        <Data name="phoneNumber">
          <value/>
        </Data>
        <Data name="Coordinates">
          <value>73.7999115,19.9898789</value>
        </Data>
        <Data name="Category">
          <value>hospital</value>
        </Data>
        <Data name="Address">
          <value><![CDATA[Shreeji Biz World, opp. Domino's pizza, Dwarka, Nashik, Maharashtra 422011, India]]></value>
        </Data>
        <Data name="Latitude">
          <value>19.9898789</value>
        </Data>
        <Data name="Longitude">
          <value>73.7999115</value>
        </Data>
        <Data name="Rating">
          <value>4.9</value>
        </Data>
        <Data name="Place_ID">
          <value>ChIJaz_1T-Pq3TsRwHc-dTqdqSY</value>
        </Data>
        <Data name="Distance_m">
          <value>1765.0</value>
        </Data>
      </ExtendedData>
      <Point>
        <coordinates>
          73.7999115,19.9898789,0
        </coordinates>
      </Point>
    </Placemark>
    <Placemark>
      <name>Fortune Multispeciality Hospital And Research Centre.</name>
      <description><![CDATA[Description: <br>address: <br>phoneNumber: <br>Coordinates: 73.7927468,19.9871986<br>Category: hospital<br>Address: 1st Floor, Samarai Society, Wadala Rd, near Sahyadri Hospital Hirve nagar, General Arun Kumar Vaidya Nagar, General Vaidya Nagar, Nashik, Maharashtra 422011, India<br>Latitude: 19.9871986<br>Longitude: 73.7927468<br>Rating: 4.5<br>Place_ID: ChIJYdf84Rrr3TsRYqKJPupGaxs<br>Distance_m: 2414]]></description>
      <styleUrl>#icon-1899-C2185B</styleUrl>
      <ExtendedData>
        <Data name="Description">
          <value/>
        </Data>
        <Data name="address">
          <value/>
        </Data>
        <Data name="phoneNumber">
          <value/>
        </Data>
        <Data name="Coordinates">
          <value>73.7927468,19.9871986</value>
        </Data>
        <Data name="Category">
          <value>hospital</value>
        </Data>
        <Data name="Address">
          <value>1st Floor, Samarai Society, Wadala Rd, near Sahyadri Hospital Hirve nagar, General Arun Kumar Vaidya Nagar, General Vaidya Nagar, Nashik, Maharashtra 422011, India</value>
        </Data>
        <Data name="Latitude">
          <value>19.9871986</value>
        </Data>
        <Data name="Longitude">
          <value>73.7927468</value>
        </Data>
        <Data name="Rating">
          <value>4.5</value>
        </Data>
        <Data name="Place_ID">
          <value>ChIJYdf84Rrr3TsRYqKJPupGaxs</value>
        </Data>
        <Data name="Distance_m">
          <value>2414.0</value>
        </Data>
      </ExtendedData>
      <Point>
        <coordinates>
          73.7927468,19.9871986,0
        </coordinates>
      </Point>
    </Placemark>
    <Placemark>
      <name><![CDATA[Mediliv Hospital - Best Multispeciality Hospital in Dwarka, Nashik | Gastroenterology & Maternity Hospital Nashik]]></name>
      <description><![CDATA[Description: <br>address: <br>phoneNumber: <br>Coordinates: 73.7998767,19.9898766<br>Category: hospital<br>Address: Mediliv Multispecialty Hospital, Mezzanine Floor and 5th Floor Shreeji Bizz World Complex near katthe Signal, Mumbai Naka Link Road, Kathe Ln, Dwarka, Nashik, Maharashtra 422011, India<br>Latitude: 19.9898766<br>Longitude: 73.7998767<br>Rating: 4.7<br>Place_ID: ChIJpch17iHr3TsRiPCzJKEbaO4<br>Distance_m: 1768]]></description>
      <styleUrl>#icon-1899-C2185B</styleUrl>
      <ExtendedData>
        <Data name="Description">
          <value/>
        </Data>
        <Data name="address">
          <value/>
        </Data>
        <Data name="phoneNumber">
          <value/>
        </Data>
        <Data name="Coordinates">
          <value>73.7998767,19.9898766</value>
        </Data>
        <Data name="Category">
          <value>hospital</value>
        </Data>
        <Data name="Address">
          <value>Mediliv Multispecialty Hospital, Mezzanine Floor and 5th Floor Shreeji Bizz World Complex near katthe Signal, Mumbai Naka Link Road, Kathe Ln, Dwarka, Nashik, Maharashtra 422011, India</value>
        </Data>
        <Data name="Latitude">
          <value>19.9898766</value>
        </Data>
        <Data name="Longitude">
          <value>73.7998767</value>
        </Data>
        <Data name="Rating">
          <value>4.7</value>
        </Data>
        <Data name="Place_ID">
          <value>ChIJpch17iHr3TsRiPCzJKEbaO4</value>
        </Data>
        <Data name="Distance_m">
          <value>1768.0</value>
        </Data>
      </ExtendedData>
      <Point>
        <coordinates>
          73.7998767,19.9898766,0
        </coordinates>
      </Point>
    </Placemark>
    <Placemark>
      <name>Suryodaya Hospital - 24/7 Multispeciality</name>
      <description><![CDATA[Description: <br>address: <br>phoneNumber: <br>Coordinates: 73.7939006,19.9938168<br>Category: hospital<br>Address: 2nd Floor , Kapote Meher Market Renuka Nagar, Wadala Naka, Old, Dwarka, Nashik, Maharashtra 422001, India<br>Latitude: 19.9938168<br>Longitude: 73.7939006<br>Rating: 4.7<br>Place_ID: ChIJl9RabwLr3TsRr0sPeuMMh2U<br>Distance_m: 2387]]></description>
      <styleUrl>#icon-1899-C2185B</styleUrl>
      <ExtendedData>
        <Data name="Description">
          <value/>
        </Data>
        <Data name="address">
          <value/>
        </Data>
        <Data name="phoneNumber">
          <value/>
        </Data>
        <Data name="Coordinates">
          <value>73.7939006,19.9938168</value>
        </Data>
        <Data name="Category">
          <value>hospital</value>
        </Data>
        <Data name="Address">
          <value>2nd Floor , Kapote Meher Market Renuka Nagar, Wadala Naka, Old, Dwarka, Nashik, Maharashtra 422001, India</value>
        </Data>
        <Data name="Latitude">
          <value>19.9938168</value>
        </Data>
        <Data name="Longitude">
          <value>73.7939006</value>
        </Data>
        <Data name="Rating">
          <value>4.7</value>
        </Data>
        <Data name="Place_ID">
          <value>ChIJl9RabwLr3TsRr0sPeuMMh2U</value>
        </Data>
        <Data name="Distance_m">
          <value>2387.0</value>
        </Data>
      </ExtendedData>
      <Point>
        <coordinates>
          73.7939006,19.9938168,0
        </coordinates>
      </Point>
    </Placemark>
    <Placemark>
      <name>Samarth Sayhadri Multispeciality Hospital</name>
      <description><![CDATA[Description: <br>address: <br>phoneNumber: <br>Coordinates: 73.793479,19.9892359<br>Category: hospital<br>Address: XQQV+M9X, General Arun Kumar Vaidya Nagar, General Vaidya Nagar, Korapgaon, Nashik, Maharashtra 422011, India<br>Latitude: 19.9892359<br>Longitude: 73.793479<br>Rating: 5<br>Place_ID: ChIJZw3dRx3r3TsRDK32iiMRK14<br>Distance_m: 2285]]></description>
      <styleUrl>#icon-1899-C2185B</styleUrl>
      <ExtendedData>
        <Data name="Description">
          <value/>
        </Data>
        <Data name="address">
          <value/>
        </Data>
        <Data name="phoneNumber">
          <value/>
        </Data>
        <Data name="Coordinates">
          <value>73.793479,19.9892359</value>
        </Data>
        <Data name="Category">
          <value>hospital</value>
        </Data>
        <Data name="Address">
          <value>XQQV+M9X, General Arun Kumar Vaidya Nagar, General Vaidya Nagar, Korapgaon, Nashik, Maharashtra 422011, India</value>
        </Data>
        <Data name="Latitude">
          <value>19.9892359</value>
        </Data>
        <Data name="Longitude">
          <value>73.793479</value>
        </Data>
        <Data name="Rating">
          <value>5.0</value>
        </Data>
        <Data name="Place_ID">
          <value>ChIJZw3dRx3r3TsRDK32iiMRK14</value>
        </Data>
        <Data name="Distance_m">
          <value>2285.0</value>
        </Data>
      </ExtendedData>
      <Point>
        <coordinates>
          73.793479,19.9892359,0
        </coordinates>
      </Point>
    </Placemark>
    <Placemark>
      <name>Sapphire multi-speciality Hospital</name>
      <description><![CDATA[Description: <br>address: <br>phoneNumber: <br>Coordinates: 73.7841225,19.9991632<br>Category: hospital<br>Address: kalidas kala mandir, Kanherewadi Rd, near by shree Saibaba Hospital, Shalimar, Nashik, Maharashtra 422001, India<br>Latitude: 19.9991632<br>Longitude: 73.7841225<br>Rating: 4.1<br>Place_ID: ChIJqRXlkLfr3TsRowyRlxXCtV8<br>Distance_m: 1276]]></description>
      <styleUrl>#icon-1899-C2185B</styleUrl>
      <ExtendedData>
        <Data name="Description">
          <value/>
        </Data>
        <Data name="address">
          <value/>
        </Data>
        <Data name="phoneNumber">
          <value/>
        </Data>
        <Data name="Coordinates">
          <value>73.7841225,19.9991632</value>
        </Data>
        <Data name="Category">
          <value>hospital</value>
        </Data>
        <Data name="Address">
          <value>kalidas kala mandir, Kanherewadi Rd, near by shree Saibaba Hospital, Shalimar, Nashik, Maharashtra 422001, India</value>
        </Data>
        <Data name="Latitude">
          <value>19.9991632</value>
        </Data>
        <Data name="Longitude">
          <value>73.7841225</value>
        </Data>
        <Data name="Rating">
          <value>4.1</value>
        </Data>
        <Data name="Place_ID">
          <value>ChIJqRXlkLfr3TsRowyRlxXCtV8</value>
        </Data>
        <Data name="Distance_m">
          <value>1276.0</value>
        </Data>
      </ExtendedData>
      <Point>
        <coordinates>
          73.7841225,19.9991632,0
        </coordinates>
      </Point>
    </Placemark>
    <Placemark>
      <name><![CDATA[suyog child chest & multispeciality hsopital]]></name>
      <description><![CDATA[Description: <br>address: <br>phoneNumber: <br>Coordinates: 73.7866422,20.0018531<br>Category: hospital<br>Address: sr.no 897, rohini appt, Canada Corner, behind saraswat bank, Shalimar, Nashik, Maharashtra 422001, India<br>Latitude: 20.0018531<br>Longitude: 73.7866422<br>Rating: 5<br>Place_ID: ChIJwWexi_7r3TsR_0jpOJslqjA<br>Distance_m: 1012]]></description>
      <styleUrl>#icon-1899-C2185B</styleUrl>
      <ExtendedData>
        <Data name="Description">
          <value/>
        </Data>
        <Data name="address">
          <value/>
        </Data>
        <Data name="phoneNumber">
          <value/>
        </Data>
        <Data name="Coordinates">
          <value>73.7866422,20.0018531</value>
        </Data>
        <Data name="Category">
          <value>hospital</value>
        </Data>
        <Data name="Address">
          <value>sr.no 897, rohini appt, Canada Corner, behind saraswat bank, Shalimar, Nashik, Maharashtra 422001, India</value>
        </Data>
        <Data name="Latitude">
          <value>20.0018531</value>
        </Data>
        <Data name="Longitude">
          <value>73.7866422</value>
        </Data>
        <Data name="Rating">
          <value>5.0</value>
        </Data>
        <Data name="Place_ID">
          <value>ChIJwWexi_7r3TsR_0jpOJslqjA</value>
        </Data>
        <Data name="Distance_m">
          <value>1012.0</value>
        </Data>
      </ExtendedData>
      <Point>
        <coordinates>
          73.7866422,20.0018531,0
        </coordinates>
      </Point>
    </Placemark>
    <Placemark>
      <name>Shinge Multispeciality Hospital</name>
      <description><![CDATA[Description: <br>address: <br>phoneNumber: <br>Coordinates: 73.771176,19.998438<br>Category: hospital<br>Address: XQXC+9FF Sharanpur Road, Near, Police Commissioner Office Rd, opp. Rachana Vidyalaya, Kulkarni Colony, Sharanpur, Nashik, Maharashtra 422002, India<br>Latitude: 19.998438<br>Longitude: 73.771176<br>Rating: 5<br>Place_ID: ChIJN7-PTHXr3TsR3JCa88zteZg<br>Distance_m: 517]]></description>
      <styleUrl>#icon-1899-C2185B</styleUrl>
      <ExtendedData>
        <Data name="Description">
          <value/>
        </Data>
        <Data name="address">
          <value/>
        </Data>
        <Data name="phoneNumber">
          <value/>
        </Data>
        <Data name="Coordinates">
          <value>73.771176,19.998438</value>
        </Data>
        <Data name="Category">
          <value>hospital</value>
        </Data>
        <Data name="Address">
          <value>XQXC+9FF Sharanpur Road, Near, Police Commissioner Office Rd, opp. Rachana Vidyalaya, Kulkarni Colony, Sharanpur, Nashik, Maharashtra 422002, India</value>
        </Data>
        <Data name="Latitude">
          <value>19.998438</value>
        </Data>
        <Data name="Longitude">
          <value>73.771176</value>
        </Data>
        <Data name="Rating">
          <value>5.0</value>
        </Data>
        <Data name="Place_ID">
          <value>ChIJN7-PTHXr3TsR3JCa88zteZg</value>
        </Data>
        <Data name="Distance_m">
          <value>517.0</value>
        </Data>
      </ExtendedData>
      <Point>
        <coordinates>
          73.771176,19.998438,0
        </coordinates>
      </Point>
    </Placemark>
    <Placemark>
      <name>NIMS Multispeciality Hospital</name>
      <description><![CDATA[Description: <br>address: <br>phoneNumber: <br>Coordinates: 73.76385,20.009769<br>Category: hospital<br>Address: Gangapur Rd, Thatte Nagar, Nashik, Maharashtra 422005, India<br>Latitude: 20.009769<br>Longitude: 73.76385<br>Rating: 4.6<br>Place_ID: ChIJpwTEcprr3TsRHpeA0_FIm2I<br>Distance_m: 1452]]></description>
      <styleUrl>#icon-1899-C2185B</styleUrl>
      <ExtendedData>
        <Data name="Description">
          <value/>
        </Data>
        <Data name="address">
          <value/>
        </Data>
        <Data name="phoneNumber">
          <value/>
        </Data>
        <Data name="Coordinates">
          <value>73.76385,20.009769</value>
        </Data>
        <Data name="Category">
          <value>hospital</value>
        </Data>
        <Data name="Address">
          <value>Gangapur Rd, Thatte Nagar, Nashik, Maharashtra 422005, India</value>
        </Data>
        <Data name="Latitude">
          <value>20.009769</value>
        </Data>
        <Data name="Longitude">
          <value>73.76385</value>
        </Data>
        <Data name="Rating">
          <value>4.6</value>
        </Data>
        <Data name="Place_ID">
          <value>ChIJpwTEcprr3TsRHpeA0_FIm2I</value>
        </Data>
        <Data name="Distance_m">
          <value>1452.0</value>
        </Data>
      </ExtendedData>
      <Point>
        <coordinates>
          73.76385,20.009769,0
        </coordinates>
      </Point>
    </Placemark>
    <Placemark>
      <name>VEDANG MULTISPECIALITY HOSPITAL</name>
      <description><![CDATA[Description: <br>address: <br>phoneNumber: <br>Coordinates: 73.7713544,20.002383<br>Category: hospital<br>Address: 2Q2C+XG5, Opp. Telephone Exchange, Canada Corner, Nashik, Maharashtra 422002, India<br>Latitude: 20.002383<br>Longitude: 73.7713544<br>Rating: 4.4<br>Place_ID: ChIJS7yUqKDr3TsRPegSipoNGR0<br>Distance_m: 961]]></description>
      <styleUrl>#icon-1899-C2185B</styleUrl>
      <ExtendedData>
        <Data name="Description">
          <value/>
        </Data>
        <Data name="address">
          <value/>
        </Data>
        <Data name="phoneNumber">
          <value/>
        </Data>
        <Data name="Coordinates">
          <value>73.7713544,20.002383</value>
        </Data>
        <Data name="Category">
          <value>hospital</value>
        </Data>
        <Data name="Address">
          <value>2Q2C+XG5, Opp. Telephone Exchange, Canada Corner, Nashik, Maharashtra 422002, India</value>
        </Data>
        <Data name="Latitude">
          <value>20.002383</value>
        </Data>
        <Data name="Longitude">
          <value>73.7713544</value>
        </Data>
        <Data name="Rating">
          <value>4.4</value>
        </Data>
        <Data name="Place_ID">
          <value>ChIJS7yUqKDr3TsRPegSipoNGR0</value>
        </Data>
        <Data name="Distance_m">
          <value>961.0</value>
        </Data>
      </ExtendedData>
      <Point>
        <coordinates>
          73.7713544,20.002383,0
        </coordinates>
      </Point>
    </Placemark>
    <Placemark>
      <name>Seeta Multispeciality Hospital</name>
      <description><![CDATA[Description: <br>address: <br>phoneNumber: <br>Coordinates: 73.7713061,20.0126986<br>Category: hospital<br>Address: SEETA MULTISPECIALITY HOSPITAL Guru Datta Nagar Swami Vivekanand Road, Gangapur Rd, Dehmandir Cooperative Housing Society, Nashik, Maharashtra 422013, India<br>Latitude: 20.0126986<br>Longitude: 73.7713061<br>Rating: 4.4<br>Place_ID: ChIJS-fyOgHr3TsRV-pqLhS_yU0<br>Distance_m: 2665]]></description>
      <styleUrl>#icon-1899-C2185B</styleUrl>
      <ExtendedData>
        <Data name="Description">
          <value/>
        </Data>
        <Data name="address">
          <value/>
        </Data>
        <Data name="phoneNumber">
          <value/>
        </Data>
        <Data name="Coordinates">
          <value>73.7713061,20.0126986</value>
        </Data>
        <Data name="Category">
          <value>hospital</value>
        </Data>
        <Data name="Address">
          <value>SEETA MULTISPECIALITY HOSPITAL Guru Datta Nagar Swami Vivekanand Road, Gangapur Rd, Dehmandir Cooperative Housing Society, Nashik, Maharashtra 422013, India</value>
        </Data>
        <Data name="Latitude">
          <value>20.0126986</value>
        </Data>
        <Data name="Longitude">
          <value>73.7713061</value>
        </Data>
        <Data name="Rating">
          <value>4.4</value>
        </Data>
        <Data name="Place_ID">
          <value>ChIJS-fyOgHr3TsRV-pqLhS_yU0</value>
        </Data>
        <Data name="Distance_m">
          <value>2665.0</value>
        </Data>
      </ExtendedData>
      <Point>
        <coordinates>
          73.7713061,20.0126986,0
        </coordinates>
      </Point>
    </Placemark>
    <Placemark>
      <name>Nerlikar Multispecialty Hospital Gangapur Road Nashik</name>
      <description><![CDATA[Description: <br>address: <br>phoneNumber: <br>Coordinates: 73.7566544,20.0134721<br>Category: hospital<br>Address: Plot No. 19 & 20, Nerlikar Lane, Gangapur Rd, near Jehan Circle, Uday Nagar, Nashik, Maharashtra 422013, India<br>Latitude: 20.0134721<br>Longitude: 73.7566544<br>Rating: 4.8<br>Place_ID: ChIJcdQQQErr3TsRltTqPjWAGjk<br>Distance_m: 689]]></description>
      <styleUrl>#icon-1899-C2185B</styleUrl>
      <ExtendedData>
        <Data name="Description">
          <value/>
        </Data>
        <Data name="address">
          <value/>
        </Data>
        <Data name="phoneNumber">
          <value/>
        </Data>
        <Data name="Coordinates">
          <value>73.7566544,20.0134721</value>
        </Data>
        <Data name="Category">
          <value>hospital</value>
        </Data>
        <Data name="Address">
          <value><![CDATA[Plot No. 19 & 20, Nerlikar Lane, Gangapur Rd, near Jehan Circle, Uday Nagar, Nashik, Maharashtra 422013, India]]></value>
        </Data>
        <Data name="Latitude">
          <value>20.0134721</value>
        </Data>
        <Data name="Longitude">
          <value>73.7566544</value>
        </Data>
        <Data name="Rating">
          <value>4.8</value>
        </Data>
        <Data name="Place_ID">
          <value>ChIJcdQQQErr3TsRltTqPjWAGjk</value>
        </Data>
        <Data name="Distance_m">
          <value>689.0</value>
        </Data>
      </ExtendedData>
      <Point>
        <coordinates>
          73.7566544,20.0134721,0
        </coordinates>
      </Point>
    </Placemark>
    <Placemark>
      <name>Sai Samarth Multispeciality Hospital</name>
      <description><![CDATA[Description: <br>address: <br>phoneNumber: <br>Coordinates: 73.7854749,20.021156<br>Category: hospital<br>Address: Santosh Pride, Makhmalabad Rd, above Canara Bank, near Dream Castle Signal, Panchavati, Professor Colony, Nashik, Maharashtra 422003, India<br>Latitude: 20.021156<br>Longitude: 73.7854749<br>Rating: 4.3<br>Place_ID: ChIJvXo7JbTr3TsRLAtfLR3CeAU<br>Distance_m: 1903]]></description>
      <styleUrl>#icon-1899-C2185B</styleUrl>
      <ExtendedData>
        <Data name="Description">
          <value/>
        </Data>
        <Data name="address">
          <value/>
        </Data>
        <Data name="phoneNumber">
          <value/>
        </Data>
        <Data name="Coordinates">
          <value>73.7854749,20.021156</value>
        </Data>
        <Data name="Category">
          <value>hospital</value>
        </Data>
        <Data name="Address">
          <value>Santosh Pride, Makhmalabad Rd, above Canara Bank, near Dream Castle Signal, Panchavati, Professor Colony, Nashik, Maharashtra 422003, India</value>
        </Data>
        <Data name="Latitude">
          <value>20.021156</value>
        </Data>
        <Data name="Longitude">
          <value>73.7854749</value>
        </Data>
        <Data name="Rating">
          <value>4.3</value>
        </Data>
        <Data name="Place_ID">
          <value>ChIJvXo7JbTr3TsRLAtfLR3CeAU</value>
        </Data>
        <Data name="Distance_m">
          <value>1903.0</value>
        </Data>
      </ExtendedData>
      <Point>
        <coordinates>
          73.7854749,20.021156,0
        </coordinates>
      </Point>
    </Placemark>
    <Placemark>
      <name>Avhad Maternity Home And Multispeciality Hospital</name>
      <description><![CDATA[Description: <br>address: <br>phoneNumber: <br>Coordinates: 73.7854102,20.008313<br>Category: hospital<br>Address: 2Q5P+85F, opp. Rungta School, Ashok Stambh, Shivaji Nagar, Nashik, Maharashtra 422002, India<br>Latitude: 20.008313<br>Longitude: 73.7854102<br>Rating: 4.6<br>Place_ID: ChIJ9-RGGa_r3TsRA9MnbpuZ8P0<br>Distance_m: 691]]></description>
      <styleUrl>#icon-1899-C2185B</styleUrl>
      <ExtendedData>
        <Data name="Description">
          <value/>
        </Data>
        <Data name="address">
          <value/>
        </Data>
        <Data name="phoneNumber">
          <value/>
        </Data>
        <Data name="Coordinates">
          <value>73.7854102,20.008313</value>
        </Data>
        <Data name="Category">
          <value>hospital</value>
        </Data>
        <Data name="Address">
          <value>2Q5P+85F, opp. Rungta School, Ashok Stambh, Shivaji Nagar, Nashik, Maharashtra 422002, India</value>
        </Data>
        <Data name="Latitude">
          <value>20.008313</value>
        </Data>
        <Data name="Longitude">
          <value>73.7854102</value>
        </Data>
        <Data name="Rating">
          <value>4.6</value>
        </Data>
        <Data name="Place_ID">
          <value>ChIJ9-RGGa_r3TsRA9MnbpuZ8P0</value>
        </Data>
        <Data name="Distance_m">
          <value>691.0</value>
        </Data>
      </ExtendedData>
      <Point>
        <coordinates>
          73.7854102,20.008313,0
        </coordinates>
      </Point>
    </Placemark>
    <Placemark>
      <name><![CDATA[Godavari Multispeciality Hospital & Research Center Pvt. Ltd.]]></name>
      <description><![CDATA[Description: <br>address: <br>phoneNumber: <br>Coordinates: 73.7123254,20.005157<br>Category: doctor<br>Address: Plot No H 29, Satpur MIDC Main Rd, opp. Shivaji Nagar Bus Stop, near Abhishek Bakery, MIDC, Satpur Colony, Nashik, Maharashtra 422012, India<br>Latitude: 20.005157<br>Longitude: 73.7123254<br>Rating: 4.8<br>Place_ID: ChIJzZhJx8Pt3TsRQ22uAxVI6jE<br>Distance_m: 790]]></description>
      <styleUrl>#icon-1899-C2185B</styleUrl>
      <ExtendedData>
        <Data name="Description">
          <value/>
        </Data>
        <Data name="address">
          <value/>
        </Data>
        <Data name="phoneNumber">
          <value/>
        </Data>
        <Data name="Coordinates">
          <value>73.7123254,20.005157</value>
        </Data>
        <Data name="Category">
          <value>doctor</value>
        </Data>
        <Data name="Address">
          <value>Plot No H 29, Satpur MIDC Main Rd, opp. Shivaji Nagar Bus Stop, near Abhishek Bakery, MIDC, Satpur Colony, Nashik, Maharashtra 422012, India</value>
        </Data>
        <Data name="Latitude">
          <value>20.005157</value>
        </Data>
        <Data name="Longitude">
          <value>73.7123254</value>
        </Data>
        <Data name="Rating">
          <value>4.8</value>
        </Data>
        <Data name="Place_ID">
          <value>ChIJzZhJx8Pt3TsRQ22uAxVI6jE</value>
        </Data>
        <Data name="Distance_m">
          <value>790.0</value>
        </Data>
      </ExtendedData>
      <Point>
        <coordinates>
          73.7123254,20.005157,0
        </coordinates>
      </Point>
    </Placemark>
    <Placemark>
      <name>Sarthak Hospitals Private Limited, Nashik | Multispeciality Hospital | Orthopedic | Maternity | General Surgeon |</name>
      <description><![CDATA[Description: <br>address: <br>phoneNumber: <br>Coordinates: 73.722212,19.988739<br>Category: hospital<br>Address: Mandir, behind Papaya Nursery, near Moulie Hall, Shrikrishna Nagar, Samta Nagar, Satpur Colony, Nashik, Maharashtra 422007, India<br>Latitude: 19.988739<br>Longitude: 73.722212<br>Rating: 4.3<br>Place_ID: ChIJQdjGj_Ts3TsRvuxFBMo4BAI<br>Distance_m: 2816]]></description>
      <styleUrl>#icon-1899-C2185B</styleUrl>
      <ExtendedData>
        <Data name="Description">
          <value/>
        </Data>
        <Data name="address">
          <value/>
        </Data>
        <Data name="phoneNumber">
          <value/>
        </Data>
        <Data name="Coordinates">
          <value>73.722212,19.988739</value>
        </Data>
        <Data name="Category">
          <value>hospital</value>
        </Data>
        <Data name="Address">
          <value>Mandir, behind Papaya Nursery, near Moulie Hall, Shrikrishna Nagar, Samta Nagar, Satpur Colony, Nashik, Maharashtra 422007, India</value>
        </Data>
        <Data name="Latitude">
          <value>19.988739</value>
        </Data>
        <Data name="Longitude">
          <value>73.722212</value>
        </Data>
        <Data name="Rating">
          <value>4.3</value>
        </Data>
        <Data name="Place_ID">
          <value>ChIJQdjGj_Ts3TsRvuxFBMo4BAI</value>
        </Data>
        <Data name="Distance_m">
          <value>2816.0</value>
        </Data>
      </ExtendedData>
      <Point>
        <coordinates>
          73.722212,19.988739,0
        </coordinates>
      </Point>
    </Placemark>
    <Placemark>
      <name>Shree Samarth Multi-speciality Hospital</name>
      <description><![CDATA[Description: <br>address: <br>phoneNumber: <br>Coordinates: 73.7133868,19.989422<br>Category: hospital<br>Address: Shree Samarth Multi-speciality Hospital, Police Chowki, Gangapur - Satpur Link Rd, near Ashok Nagar, Vivekanand Nagar, Ashoknagar, Satpur Colony, Nashik, Maharashtra 422012, India<br>Latitude: 19.989422<br>Longitude: 73.7133868<br>Rating: 5<br>Place_ID: ChIJe6vwWwDt3TsRpvyB6xAKW_U<br>Distance_m: 2303]]></description>
      <styleUrl>#icon-1899-C2185B</styleUrl>
      <ExtendedData>
        <Data name="Description">
          <value/>
        </Data>
        <Data name="address">
          <value/>
        </Data>
        <Data name="phoneNumber">
          <value/>
        </Data>
        <Data name="Coordinates">
          <value>73.7133868,19.989422</value>
        </Data>
        <Data name="Category">
          <value>hospital</value>
        </Data>
        <Data name="Address">
          <value>Shree Samarth Multi-speciality Hospital, Police Chowki, Gangapur - Satpur Link Rd, near Ashok Nagar, Vivekanand Nagar, Ashoknagar, Satpur Colony, Nashik, Maharashtra 422012, India</value>
        </Data>
        <Data name="Latitude">
          <value>19.989422</value>
        </Data>
        <Data name="Longitude">
          <value>73.7133868</value>
        </Data>
        <Data name="Rating">
          <value>5.0</value>
        </Data>
        <Data name="Place_ID">
          <value>ChIJe6vwWwDt3TsRpvyB6xAKW_U</value>
        </Data>
        <Data name="Distance_m">
          <value>2303.0</value>
        </Data>
      </ExtendedData>
      <Point>
        <coordinates>
          73.7133868,19.989422,0
        </coordinates>
      </Point>
    </Placemark>
    <Placemark>
      <name>Dr Karad Multi speciality Hospital</name>
      <description><![CDATA[Description: <br>address: <br>phoneNumber: <br>Coordinates: 73.7356216,19.9902045<br>Category: hospital<br>Address: Ghatol Galli, Satpur, Satpur Gaon, Satpur Colony, Nashik, Maharashtra 422007, India<br>Latitude: 19.9902045<br>Longitude: 73.7356216<br>Rating: 4.1<br>Place_ID: ChIJAQAAAH3s3TsRQ_VPZ9b0Sd8<br>Distance_m: 1259]]></description>
      <styleUrl>#icon-1899-C2185B</styleUrl>
      <ExtendedData>
        <Data name="Description">
          <value/>
        </Data>
        <Data name="address">
          <value/>
        </Data>
        <Data name="phoneNumber">
          <value/>
        </Data>
        <Data name="Coordinates">
          <value>73.7356216,19.9902045</value>
        </Data>
        <Data name="Category">
          <value>hospital</value>
        </Data>
        <Data name="Address">
          <value>Ghatol Galli, Satpur, Satpur Gaon, Satpur Colony, Nashik, Maharashtra 422007, India</value>
        </Data>
        <Data name="Latitude">
          <value>19.9902045</value>
        </Data>
        <Data name="Longitude">
          <value>73.7356216</value>
        </Data>
        <Data name="Rating">
          <value>4.1</value>
        </Data>
        <Data name="Place_ID">
          <value>ChIJAQAAAH3s3TsRQ_VPZ9b0Sd8</value>
        </Data>
        <Data name="Distance_m">
          <value>1259.0</value>
        </Data>
      </ExtendedData>
      <Point>
        <coordinates>
          73.7356216,19.9902045,0
        </coordinates>
      </Point>
    </Placemark>
    <Placemark>
      <name>Shree Vidhata Multispeciality Hospital</name>
      <description><![CDATA[Description: <br>address: <br>phoneNumber: <br>Coordinates: 73.7353203,19.9908651<br>Category: hospital<br>Address: Trambakeshwar Rd, Satpur Gaon, Satpur Colony, Nashik, Maharashtra 422007, India<br>Latitude: 19.9908651<br>Longitude: 73.7353203<br>Rating: 5<br>Place_ID: ChIJXfuoHU_t3TsRk4nwT0pknv0<br>Distance_m: 1179]]></description>
      <styleUrl>#icon-1899-C2185B</styleUrl>
      <ExtendedData>
        <Data name="Description">
          <value/>
        </Data>
        <Data name="address">
          <value/>
        </Data>
        <Data name="phoneNumber">
          <value/>
        </Data>
        <Data name="Coordinates">
          <value>73.7353203,19.9908651</value>
        </Data>
        <Data name="Category">
          <value>hospital</value>
        </Data>
        <Data name="Address">
          <value>Trambakeshwar Rd, Satpur Gaon, Satpur Colony, Nashik, Maharashtra 422007, India</value>
        </Data>
        <Data name="Latitude">
          <value>19.9908651</value>
        </Data>
        <Data name="Longitude">
          <value>73.7353203</value>
        </Data>
        <Data name="Rating">
          <value>5.0</value>
        </Data>
        <Data name="Place_ID">
          <value>ChIJXfuoHU_t3TsRk4nwT0pknv0</value>
        </Data>
        <Data name="Distance_m">
          <value>1179.0</value>
        </Data>
      </ExtendedData>
      <Point>
        <coordinates>
          73.7353203,19.9908651,0
        </coordinates>
      </Point>
    </Placemark>
    <Placemark>
      <name>Sunshine multi-speciality hospital</name>
      <description><![CDATA[Description: <br>address: <br>phoneNumber: <br>Coordinates: 73.792961,20.0157749<br>Category: health<br>Address: Survey No .96 Floor No.1& 2, Co-Op HSg society, 3/1, Peth Rd, near Bhakti Dham Mandir, Mahavir Society, Rohini Nagar, Nashik, Maharashtra 422003, India<br>Latitude: 20.0157749<br>Longitude: 73.792961<br>Rating: 4.9<br>Place_ID: ChIJmaS7rC3l3TsRpbonEm8_0i0<br>Distance_m: 2888]]></description>
      <styleUrl>#icon-1899-C2185B</styleUrl>
      <ExtendedData>
        <Data name="Description">
          <value/>
        </Data>
        <Data name="address">
          <value/>
        </Data>
        <Data name="phoneNumber">
          <value/>
        </Data>
        <Data name="Coordinates">
          <value>73.792961,20.0157749</value>
        </Data>
        <Data name="Category">
          <value>health</value>
        </Data>
        <Data name="Address">
          <value><![CDATA[Survey No .96 Floor No.1& 2, Co-Op HSg society, 3/1, Peth Rd, near Bhakti Dham Mandir, Mahavir Society, Rohini Nagar, Nashik, Maharashtra 422003, India]]></value>
        </Data>
        <Data name="Latitude">
          <value>20.0157749</value>
        </Data>
        <Data name="Longitude">
          <value>73.792961</value>
        </Data>
        <Data name="Rating">
          <value>4.9</value>
        </Data>
        <Data name="Place_ID">
          <value>ChIJmaS7rC3l3TsRpbonEm8_0i0</value>
        </Data>
        <Data name="Distance_m">
          <value>2888.0</value>
        </Data>
      </ExtendedData>
      <Point>
        <coordinates>
          73.792961,20.0157749,0
        </coordinates>
      </Point>
    </Placemark>
    <Placemark>
      <name>Sahawas Multispeciality Hospital | Trauma Care | Orthopedic Surgery | Oncology Surgery | Maternity Care</name>
      <description><![CDATA[Description: <br>address: <br>phoneNumber: <br>Coordinates: 73.7938806,20.0171191<br>Category: hospital<br>Address: Peth Rd, opp. Old Bharat Petrol Pump Town Square, Fulenagar, Nashik, Maharashtra 422003, India<br>Latitude: 20.0171191<br>Longitude: 73.7938806<br>Rating: 4.7<br>Place_ID: ChIJ_YPxvijq3TsRd8D08XId56I<br>Distance_m: 2523]]></description>
      <styleUrl>#icon-1899-C2185B</styleUrl>
      <ExtendedData>
        <Data name="Description">
          <value/>
        </Data>
        <Data name="address">
          <value/>
        </Data>
        <Data name="phoneNumber">
          <value/>
        </Data>
        <Data name="Coordinates">
          <value>73.7938806,20.0171191</value>
        </Data>
        <Data name="Category">
          <value>hospital</value>
        </Data>
        <Data name="Address">
          <value>Peth Rd, opp. Old Bharat Petrol Pump Town Square, Fulenagar, Nashik, Maharashtra 422003, India</value>
        </Data>
        <Data name="Latitude">
          <value>20.0171191</value>
        </Data>
        <Data name="Longitude">
          <value>73.7938806</value>
        </Data>
        <Data name="Rating">
          <value>4.7</value>
        </Data>
        <Data name="Place_ID">
          <value>ChIJ_YPxvijq3TsRd8D08XId56I</value>
        </Data>
        <Data name="Distance_m">
          <value>2523.0</value>
        </Data>
      </ExtendedData>
      <Point>
        <coordinates>
          73.7938806,20.0171191,0
        </coordinates>
      </Point>
    </Placemark>
    <Placemark>
      <name><![CDATA[Niramay Multispecialty & Pushkar Hospital Nashik]]></name>
      <description><![CDATA[Description: <br>address: <br>phoneNumber: <br>Coordinates: 73.7964082,20.0139744<br>Category: hospital<br>Address: Dindori Rd, opp. Market Yard Road, near Mahalaxmi Theatre, Adityakunj Society, Panchavati, Nashik, Maharashtra 422003, India<br>Latitude: 20.0139744<br>Longitude: 73.7964082<br>Rating: 4.7<br>Place_ID: ChIJ_SjPO3Hr3TsR5LjAFJWYMac<br>Distance_m: 2266]]></description>
      <styleUrl>#icon-1899-C2185B</styleUrl>
      <ExtendedData>
        <Data name="Description">
          <value/>
        </Data>
        <Data name="address">
          <value/>
        </Data>
        <Data name="phoneNumber">
          <value/>
        </Data>
        <Data name="Coordinates">
          <value>73.7964082,20.0139744</value>
        </Data>
        <Data name="Category">
          <value>hospital</value>
        </Data>
        <Data name="Address">
          <value>Dindori Rd, opp. Market Yard Road, near Mahalaxmi Theatre, Adityakunj Society, Panchavati, Nashik, Maharashtra 422003, India</value>
        </Data>
        <Data name="Latitude">
          <value>20.0139744</value>
        </Data>
        <Data name="Longitude">
          <value>73.7964082</value>
        </Data>
        <Data name="Rating">
          <value>4.7</value>
        </Data>
        <Data name="Place_ID">
          <value>ChIJ_SjPO3Hr3TsR5LjAFJWYMac</value>
        </Data>
        <Data name="Distance_m">
          <value>2266.0</value>
        </Data>
      </ExtendedData>
      <Point>
        <coordinates>
          73.7964082,20.0139744,0
        </coordinates>
      </Point>
    </Placemark>
    <Placemark>
      <name>Samrudhi Multispeciality Hospital</name>
      <description><![CDATA[Description: <br>address: <br>phoneNumber: <br>Coordinates: 73.7929548,20.0157492<br>Category: hospital<br>Address: 1st Floor, Peth Rd, Rohini Nagar, Panchavati, Nashik, Maharashtra 422003, India<br>Latitude: 20.0157492<br>Longitude: 73.7929548<br>Rating: 5<br>Place_ID: ChIJb_hPlmHr3TsRdS1y9UfOpzI<br>Distance_m: 2889]]></description>
      <styleUrl>#icon-1899-C2185B</styleUrl>
      <ExtendedData>
        <Data name="Description">
          <value/>
        </Data>
        <Data name="address">
          <value/>
        </Data>
        <Data name="phoneNumber">
          <value/>
        </Data>
        <Data name="Coordinates">
          <value>73.7929548,20.0157492</value>
        </Data>
        <Data name="Category">
          <value>hospital</value>
        </Data>
        <Data name="Address">
          <value>1st Floor, Peth Rd, Rohini Nagar, Panchavati, Nashik, Maharashtra 422003, India</value>
        </Data>
        <Data name="Latitude">
          <value>20.0157492</value>
        </Data>
        <Data name="Longitude">
          <value>73.7929548</value>
        </Data>
        <Data name="Rating">
          <value>5.0</value>
        </Data>
        <Data name="Place_ID">
          <value>ChIJb_hPlmHr3TsRdS1y9UfOpzI</value>
        </Data>
        <Data name="Distance_m">
          <value>2889.0</value>
        </Data>
      </ExtendedData>
      <Point>
        <coordinates>
          73.7929548,20.0157492,0
        </coordinates>
      </Point>
    </Placemark>
    <Placemark>
      <name>Shivakrupa Multispeciality Hospital</name>
      <description><![CDATA[Description: <br>address: <br>phoneNumber: <br>Coordinates: 73.7964821,20.013515<br>Category: hospital<br>Address: 2nd Floor, Patel Arcade, Dindori Naka, Panchavati, Nashik, Maharashtra 422003, India<br>Latitude: 20.013515<br>Longitude: 73.7964821<br>Rating: 3.7<br>Place_ID: ChIJty2QnE7r3TsRy_P9C83G1g4<br>Distance_m: 988]]></description>
      <styleUrl>#icon-1899-C2185B</styleUrl>
      <ExtendedData>
        <Data name="Description">
          <value/>
        </Data>
        <Data name="address">
          <value/>
        </Data>
        <Data name="phoneNumber">
          <value/>
        </Data>
        <Data name="Coordinates">
          <value>73.7964821,20.013515</value>
        </Data>
        <Data name="Category">
          <value>hospital</value>
        </Data>
        <Data name="Address">
          <value>2nd Floor, Patel Arcade, Dindori Naka, Panchavati, Nashik, Maharashtra 422003, India</value>
        </Data>
        <Data name="Latitude">
          <value>20.013515</value>
        </Data>
        <Data name="Longitude">
          <value>73.7964821</value>
        </Data>
        <Data name="Rating">
          <value>3.7</value>
        </Data>
        <Data name="Place_ID">
          <value>ChIJty2QnE7r3TsRy_P9C83G1g4</value>
        </Data>
        <Data name="Distance_m">
          <value>988.0</value>
        </Data>
      </ExtendedData>
      <Point>
        <coordinates>
          73.7964821,20.013515,0
        </coordinates>
      </Point>
    </Placemark>
    <Placemark>
      <name>Ramalayam Hospital -Multispecialty Hospital in Nashik|Best Cardiac, Orthopedic, Neurology Hospital in Panchavati, Nashik</name>
      <description><![CDATA[Description: <br>address: <br>phoneNumber: <br>Coordinates: 73.7948822,20.0108356<br>Category: hospital<br>Address: Panchavati Karanja, Panchavati, Nashik, Maharashtra 422003, India<br>Latitude: 20.0108356<br>Longitude: 73.7948822<br>Rating: 4<br>Place_ID: ChIJbyvf0lLq3TsRxXi9vEgHaNI<br>Distance_m: 345]]></description>
      <styleUrl>#icon-1899-C2185B</styleUrl>
      <ExtendedData>
        <Data name="Description">
          <value/>
        </Data>
        <Data name="address">
          <value/>
        </Data>
        <Data name="phoneNumber">
          <value/>
        </Data>
        <Data name="Coordinates">
          <value>73.7948822,20.0108356</value>
        </Data>
        <Data name="Category">
          <value>hospital</value>
        </Data>
        <Data name="Address">
          <value>Panchavati Karanja, Panchavati, Nashik, Maharashtra 422003, India</value>
        </Data>
        <Data name="Latitude">
          <value>20.0108356</value>
        </Data>
        <Data name="Longitude">
          <value>73.7948822</value>
        </Data>
        <Data name="Rating">
          <value>4.0</value>
        </Data>
        <Data name="Place_ID">
          <value>ChIJbyvf0lLq3TsRxXi9vEgHaNI</value>
        </Data>
        <Data name="Distance_m">
          <value>345.0</value>
        </Data>
      </ExtendedData>
      <Point>
        <coordinates>
          73.7948822,20.0108356,0
        </coordinates>
      </Point>
    </Placemark>
    <Placemark>
      <name><![CDATA[Aayush Children's and Multi-speciality Hospital]]></name>
      <description><![CDATA[Description: <br>address: <br>phoneNumber: <br>Coordinates: 73.796487,20.0109369<br>Category: hospital<br>Address: 2Q6W+9HH, Near Nimani Bus Stand, Panchavati, Nashik, Maharashtra 422003, India<br>Latitude: 20.0109369<br>Longitude: 73.796487<br>Rating: 3.5<br>Place_ID: ChIJa08h51Lq3TsRsGH9n-tF-Aw<br>Distance_m: 505]]></description>
      <styleUrl>#icon-1899-C2185B</styleUrl>
      <ExtendedData>
        <Data name="Description">
          <value/>
        </Data>
        <Data name="address">
          <value/>
        </Data>
        <Data name="phoneNumber">
          <value/>
        </Data>
        <Data name="Coordinates">
          <value>73.796487,20.0109369</value>
        </Data>
        <Data name="Category">
          <value>hospital</value>
        </Data>
        <Data name="Address">
          <value>2Q6W+9HH, Near Nimani Bus Stand, Panchavati, Nashik, Maharashtra 422003, India</value>
        </Data>
        <Data name="Latitude">
          <value>20.0109369</value>
        </Data>
        <Data name="Longitude">
          <value>73.796487</value>
        </Data>
        <Data name="Rating">
          <value>3.5</value>
        </Data>
        <Data name="Place_ID">
          <value>ChIJa08h51Lq3TsRsGH9n-tF-Aw</value>
        </Data>
        <Data name="Distance_m">
          <value>505.0</value>
        </Data>
      </ExtendedData>
      <Point>
        <coordinates>
          73.796487,20.0109369,0
        </coordinates>
      </Point>
    </Placemark>
    <Placemark>
      <name><![CDATA[Dhanwantari Ayurveda Multispeciality Clinic & Surgical Care Centre]]></name>
      <description><![CDATA[Description: <br>address: <br>phoneNumber: <br>Coordinates: 73.8021986,20.0085535<br>Category: health<br>Address: Jetha Market, Old, in front of Petrol Pump, Adgaon Naka, Panchavati, Nashik, Maharashtra 422003, India<br>Latitude: 20.0085535<br>Longitude: 73.8021986<br>Rating: 5<br>Place_ID: ChIJZ9jnF37r3TsRPAhwN1UKZBI<br>Distance_m: 1081]]></description>
      <styleUrl>#icon-1899-C2185B</styleUrl>
      <ExtendedData>
        <Data name="Description">
          <value/>
        </Data>
        <Data name="address">
          <value/>
        </Data>
        <Data name="phoneNumber">
          <value/>
        </Data>
        <Data name="Coordinates">
          <value>73.8021986,20.0085535</value>
        </Data>
        <Data name="Category">
          <value>health</value>
        </Data>
        <Data name="Address">
          <value>Jetha Market, Old, in front of Petrol Pump, Adgaon Naka, Panchavati, Nashik, Maharashtra 422003, India</value>
        </Data>
        <Data name="Latitude">
          <value>20.0085535</value>
        </Data>
        <Data name="Longitude">
          <value>73.8021986</value>
        </Data>
        <Data name="Rating">
          <value>5.0</value>
        </Data>
        <Data name="Place_ID">
          <value>ChIJZ9jnF37r3TsRPAhwN1UKZBI</value>
        </Data>
        <Data name="Distance_m">
          <value>1081.0</value>
        </Data>
      </ExtendedData>
      <Point>
        <coordinates>
          73.8021986,20.0085535,0
        </coordinates>
      </Point>
    </Placemark>
    <Placemark>
      <name>Graavity Multi-Speciality Hospital Pvt. Ltd Critical Care and Trauma Centre</name>
      <description><![CDATA[Description: <br>address: <br>phoneNumber: <br>Coordinates: 73.8027782,20.0090657<br>Category: hospital<br>Address: 4th floor, Shri Harikrishana plaza, Bus depot, opp. old, Adgaon Naka, Panchavati, Nashik, Maharashtra 422003, India<br>Latitude: 20.0090657<br>Longitude: 73.8027782<br>Rating: 4.2<br>Place_ID: ChIJC195PM3r3TsRV0mHO_nFEXs<br>Distance_m: 2161]]></description>
      <styleUrl>#icon-1899-C2185B</styleUrl>
      <ExtendedData>
        <Data name="Description">
          <value/>
        </Data>
        <Data name="address">
          <value/>
        </Data>
        <Data name="phoneNumber">
          <value/>
        </Data>
        <Data name="Coordinates">
          <value>73.8027782,20.0090657</value>
        </Data>
        <Data name="Category">
          <value>hospital</value>
        </Data>
        <Data name="Address">
          <value>4th floor, Shri Harikrishana plaza, Bus depot, opp. old, Adgaon Naka, Panchavati, Nashik, Maharashtra 422003, India</value>
        </Data>
        <Data name="Latitude">
          <value>20.0090657</value>
        </Data>
        <Data name="Longitude">
          <value>73.8027782</value>
        </Data>
        <Data name="Rating">
          <value>4.2</value>
        </Data>
        <Data name="Place_ID">
          <value>ChIJC195PM3r3TsRV0mHO_nFEXs</value>
        </Data>
        <Data name="Distance_m">
          <value>2161.0</value>
        </Data>
      </ExtendedData>
      <Point>
        <coordinates>
          73.8027782,20.0090657,0
        </coordinates>
      </Point>
    </Placemark>
    <Placemark>
      <name><![CDATA[Sunam Multi Speciality & Accident Hospital]]></name>
      <description><![CDATA[Description: <br>address: <br>phoneNumber: <br>Coordinates: 73.8114082,20.0109584<br>Category: hospital<br>Address: Khalkar Building, Aurangabad Naka, Adgaon Naka, Panchvati, Nashik, Maharashtra 422003, India<br>Latitude: 20.0109584<br>Longitude: 73.8114082<br>Rating: 4.5<br>Place_ID: ChIJ3-3Tllvq3TsRsHCxck01xQk<br>Distance_m: 2462]]></description>
      <styleUrl>#icon-1899-C2185B</styleUrl>
      <ExtendedData>
        <Data name="Description">
          <value/>
        </Data>
        <Data name="address">
          <value/>
        </Data>
        <Data name="phoneNumber">
          <value/>
        </Data>
        <Data name="Coordinates">
          <value>73.8114082,20.0109584</value>
        </Data>
        <Data name="Category">
          <value>hospital</value>
        </Data>
        <Data name="Address">
          <value>Khalkar Building, Aurangabad Naka, Adgaon Naka, Panchvati, Nashik, Maharashtra 422003, India</value>
        </Data>
        <Data name="Latitude">
          <value>20.0109584</value>
        </Data>
        <Data name="Longitude">
          <value>73.8114082</value>
        </Data>
        <Data name="Rating">
          <value>4.5</value>
        </Data>
        <Data name="Place_ID">
          <value>ChIJ3-3Tllvq3TsRsHCxck01xQk</value>
        </Data>
        <Data name="Distance_m">
          <value>2462.0</value>
        </Data>
      </ExtendedData>
      <Point>
        <coordinates>
          73.8114082,20.0109584,0
        </coordinates>
      </Point>
    </Placemark>
    <Placemark>
      <name>Dr khare Hospital - Best Multispecialty Hospital in Nashik | Orthopedic | Maternity | General Medicine |</name>
      <description><![CDATA[Description: <br>address: <br>phoneNumber: <br>Coordinates: 73.8146536,20.0197891<br>Category: hospital<br>Address: Hirawadi Rd, in front of Samraat Gokuldham Society, Late Nagar, Hirawadi, Nashik, Maharashtra 422003, India<br>Latitude: 20.0197891<br>Longitude: 73.8146536<br>Rating: 4.9<br>Place_ID: ChIJfxbhObfr3TsR29xyvZUz84U<br>Distance_m: 2597]]></description>
      <styleUrl>#icon-1899-C2185B</styleUrl>
      <ExtendedData>
        <Data name="Description">
          <value/>
        </Data>
        <Data name="address">
          <value/>
        </Data>
        <Data name="phoneNumber">
          <value/>
        </Data>
        <Data name="Coordinates">
          <value>73.8146536,20.0197891</value>
        </Data>
        <Data name="Category">
          <value>hospital</value>
        </Data>
        <Data name="Address">
          <value>Hirawadi Rd, in front of Samraat Gokuldham Society, Late Nagar, Hirawadi, Nashik, Maharashtra 422003, India</value>
        </Data>
        <Data name="Latitude">
          <value>20.0197891</value>
        </Data>
        <Data name="Longitude">
          <value>73.8146536</value>
        </Data>
        <Data name="Rating">
          <value>4.9</value>
        </Data>
        <Data name="Place_ID">
          <value>ChIJfxbhObfr3TsR29xyvZUz84U</value>
        </Data>
        <Data name="Distance_m">
          <value>2597.0</value>
        </Data>
      </ExtendedData>
      <Point>
        <coordinates>
          73.8146536,20.0197891,0
        </coordinates>
      </Point>
    </Placemark>
    <Placemark>
      <name>DR. MANOJ DAMODAR MORE Tulip Multi-speciality Hospital Gangapur Road Nashik</name>
      <description><![CDATA[Description: <br>address: <br>phoneNumber: <br>Coordinates: 73.7548951,20.0180596<br>Category: doctor<br>Address: Tulip Multi-speciality hospital, Radha Krishna apartment, Gangapur Rd, Abhiyanta Naksh Colony, Datey Nagar, Veer Sawarkar Nagar, Nashik, Maharashtra 422013, India<br>Latitude: 20.0180596<br>Longitude: 73.7548951<br>Rating: 5<br>Place_ID: ChIJDYI_mbXr3TsRpu05H9g4kiw<br>Distance_m: 816]]></description>
      <styleUrl>#icon-1899-C2185B</styleUrl>
      <ExtendedData>
        <Data name="Description">
          <value/>
        </Data>
        <Data name="address">
          <value/>
        </Data>
        <Data name="phoneNumber">
          <value/>
        </Data>
        <Data name="Coordinates">
          <value>73.7548951,20.0180596</value>
        </Data>
        <Data name="Category">
          <value>doctor</value>
        </Data>
        <Data name="Address">
          <value>Tulip Multi-speciality hospital, Radha Krishna apartment, Gangapur Rd, Abhiyanta Naksh Colony, Datey Nagar, Veer Sawarkar Nagar, Nashik, Maharashtra 422013, India</value>
        </Data>
        <Data name="Latitude">
          <value>20.0180596</value>
        </Data>
        <Data name="Longitude">
          <value>73.7548951</value>
        </Data>
        <Data name="Rating">
          <value>5.0</value>
        </Data>
        <Data name="Place_ID">
          <value>ChIJDYI_mbXr3TsRpu05H9g4kiw</value>
        </Data>
        <Data name="Distance_m">
          <value>816.0</value>
        </Data>
      </ExtendedData>
      <Point>
        <coordinates>
          73.7548951,20.0180596,0
        </coordinates>
      </Point>
    </Placemark>
    <Placemark>
      <name>Saraswati Multi-speciality Hospital Nashik</name>
      <description><![CDATA[Description: <br>address: <br>phoneNumber: <br>Coordinates: 73.794968,20.0326345<br>Category: hospital<br>Address: Peth Rd, Samarth Nagar, Makhmalabad, Nashik, Maharashtra 422004, India<br>Latitude: 20.0326345<br>Longitude: 73.794968<br>Rating: 4.9<br>Place_ID: ChIJO1DyMFvr3TsR4wK5fybIY-0<br>Distance_m: 2529]]></description>
      <styleUrl>#icon-1899-C2185B</styleUrl>
      <ExtendedData>
        <Data name="Description">
          <value/>
        </Data>
        <Data name="address">
          <value/>
        </Data>
        <Data name="phoneNumber">
          <value/>
        </Data>
        <Data name="Coordinates">
          <value>73.794968,20.0326345</value>
        </Data>
        <Data name="Category">
          <value>hospital</value>
        </Data>
        <Data name="Address">
          <value>Peth Rd, Samarth Nagar, Makhmalabad, Nashik, Maharashtra 422004, India</value>
        </Data>
        <Data name="Latitude">
          <value>20.0326345</value>
        </Data>
        <Data name="Longitude">
          <value>73.794968</value>
        </Data>
        <Data name="Rating">
          <value>4.9</value>
        </Data>
        <Data name="Place_ID">
          <value>ChIJO1DyMFvr3TsR4wK5fybIY-0</value>
        </Data>
        <Data name="Distance_m">
          <value>2529.0</value>
        </Data>
      </ExtendedData>
      <Point>
        <coordinates>
          73.794968,20.0326345,0
        </coordinates>
      </Point>
    </Placemark>
    <Placemark>
      <name>Namco Charitable - Cardiologist in Nashik | Multispeciality Hospital - Radiation | Orthopedic | Best NICU in Nashik</name>
      <description><![CDATA[Description: <br>address: <br>phoneNumber: <br>Coordinates: 73.7939408,20.0340769<br>Category: hospital<br>Address: Sardar Vallabhbhai Patel Marg, Peth Rd, opp. R.T.O. Office, Panchavati, Makhmalabad, Nashik, Maharashtra 422003, India<br>Latitude: 20.0340769<br>Longitude: 73.7939408<br>Rating: 4.8<br>Place_ID: ChIJf669nLLr3TsR1PoUDqC7cVI<br>Distance_m: 2437]]></description>
      <styleUrl>#icon-1899-C2185B</styleUrl>
      <ExtendedData>
        <Data name="Description">
          <value/>
        </Data>
        <Data name="address">
          <value/>
        </Data>
        <Data name="phoneNumber">
          <value/>
        </Data>
        <Data name="Coordinates">
          <value>73.7939408,20.0340769</value>
        </Data>
        <Data name="Category">
          <value>hospital</value>
        </Data>
        <Data name="Address">
          <value>Sardar Vallabhbhai Patel Marg, Peth Rd, opp. R.T.O. Office, Panchavati, Makhmalabad, Nashik, Maharashtra 422003, India</value>
        </Data>
        <Data name="Latitude">
          <value>20.0340769</value>
        </Data>
        <Data name="Longitude">
          <value>73.7939408</value>
        </Data>
        <Data name="Rating">
          <value>4.8</value>
        </Data>
        <Data name="Place_ID">
          <value>ChIJf669nLLr3TsR1PoUDqC7cVI</value>
        </Data>
        <Data name="Distance_m">
          <value>2437.0</value>
        </Data>
      </ExtendedData>
      <Point>
        <coordinates>
          73.7939408,20.0340769,0
        </coordinates>
      </Point>
    </Placemark>
    <Placemark>
      <name>Nashik Road Multispeciality Hospital</name>
      <description><![CDATA[Description: <br>address: <br>phoneNumber: <br>Coordinates: 73.8367853,19.9496553<br>Category: hospital<br>Address: WRXP+VP7, Rajwada Nagar, Deolali Gaon, Nashik, Maharashtra 422101, India<br>Latitude: 19.9496553<br>Longitude: 73.8367853<br>Rating: 2.5<br>Place_ID: ChIJ_V3cIVeV3TsRm0Z4qL1lhaA<br>Distance_m: 2228]]></description>
      <styleUrl>#icon-1899-C2185B</styleUrl>
      <ExtendedData>
        <Data name="Description">
          <value/>
        </Data>
        <Data name="address">
          <value/>
        </Data>
        <Data name="phoneNumber">
          <value/>
        </Data>
        <Data name="Coordinates">
          <value>73.8367853,19.9496553</value>
        </Data>
        <Data name="Category">
          <value>hospital</value>
        </Data>
        <Data name="Address">
          <value>WRXP+VP7, Rajwada Nagar, Deolali Gaon, Nashik, Maharashtra 422101, India</value>
        </Data>
        <Data name="Latitude">
          <value>19.9496553</value>
        </Data>
        <Data name="Longitude">
          <value>73.8367853</value>
        </Data>
        <Data name="Rating">
          <value>2.5</value>
        </Data>
        <Data name="Place_ID">
          <value>ChIJ_V3cIVeV3TsRm0Z4qL1lhaA</value>
        </Data>
        <Data name="Distance_m">
          <value>2228.0</value>
        </Data>
      </ExtendedData>
      <Point>
        <coordinates>
          73.8367853,19.9496553,0
        </coordinates>
      </Point>
    </Placemark>
    <Placemark>
      <name>DR.TEJASHRI ? SUREKHA MULTISPECIALITY CLINIC</name>
      <description><![CDATA[Description: <br>address: <br>phoneNumber: <br>Coordinates: 73.7645757,19.9496815<br>Category: health<br>Address: Narhari Nagar, Prashant Nagar, Pathardi Phata, Nashik, Maharashtra 422010, India<br>Latitude: 19.9496815<br>Longitude: 73.7645757<br>Rating: 5<br>Place_ID: ChIJjwNTWmCV3TsR2UrDOKKEJAY<br>Distance_m: 1790]]></description>
      <styleUrl>#icon-1899-C2185B</styleUrl>
      <ExtendedData>
        <Data name="Description">
          <value/>
        </Data>
        <Data name="address">
          <value/>
        </Data>
        <Data name="phoneNumber">
          <value/>
        </Data>
        <Data name="Coordinates">
          <value>73.7645757,19.9496815</value>
        </Data>
        <Data name="Category">
          <value>health</value>
        </Data>
        <Data name="Address">
          <value>Narhari Nagar, Prashant Nagar, Pathardi Phata, Nashik, Maharashtra 422010, India</value>
        </Data>
        <Data name="Latitude">
          <value>19.9496815</value>
        </Data>
        <Data name="Longitude">
          <value>73.7645757</value>
        </Data>
        <Data name="Rating">
          <value>5.0</value>
        </Data>
        <Data name="Place_ID">
          <value>ChIJjwNTWmCV3TsR2UrDOKKEJAY</value>
        </Data>
        <Data name="Distance_m">
          <value>1790.0</value>
        </Data>
      </ExtendedData>
      <Point>
        <coordinates>
          73.7645757,19.9496815,0
        </coordinates>
      </Point>
    </Placemark>
    <Placemark>
      <name>Shri Saisiddhi Hospital - Multispeciality Hospital in Pathardi Phata Nashik | Critical, Trauma Care | Best Family Physician</name>
      <description><![CDATA[Description: <br>address: <br>phoneNumber: <br>Coordinates: 73.7594652,19.9498412<br>Category: hospital<br>Address: Unit 1+2, Saisiddhi Building, near GST office, Anand Nagar, Girdhar Nagar, Prashant Nagar, Pathardi Phata, Nashik, Maharashtra 422010, India<br>Latitude: 19.9498412<br>Longitude: 73.7594652<br>Rating: 3.9<br>Place_ID: ChIJs_yZ2ZeV3TsR5Xo_ISCF2rY<br>Distance_m: 2132]]></description>
      <styleUrl>#icon-1899-C2185B</styleUrl>
      <ExtendedData>
        <Data name="Description">
          <value/>
        </Data>
        <Data name="address">
          <value/>
        </Data>
        <Data name="phoneNumber">
          <value/>
        </Data>
        <Data name="Coordinates">
          <value>73.7594652,19.9498412</value>
        </Data>
        <Data name="Category">
          <value>hospital</value>
        </Data>
        <Data name="Address">
          <value>Unit 1+2, Saisiddhi Building, near GST office, Anand Nagar, Girdhar Nagar, Prashant Nagar, Pathardi Phata, Nashik, Maharashtra 422010, India</value>
        </Data>
        <Data name="Latitude">
          <value>19.9498412</value>
        </Data>
        <Data name="Longitude">
          <value>73.7594652</value>
        </Data>
        <Data name="Rating">
          <value>3.9</value>
        </Data>
        <Data name="Place_ID">
          <value>ChIJs_yZ2ZeV3TsR5Xo_ISCF2rY</value>
        </Data>
        <Data name="Distance_m">
          <value>2132.0</value>
        </Data>
      </ExtendedData>
      <Point>
        <coordinates>
          73.7594652,19.9498412,0
        </coordinates>
      </Point>
    </Placemark>
    <Placemark>
      <name>Shanti Multispeciality Hospital</name>
      <description><![CDATA[Description: <br>address: <br>phoneNumber: <br>Coordinates: 73.754969,19.959297<br>Category: hospital<br>Address: First Floor, Urjayant Arcade, Ambad Rd, Near Namrata Petrol Pump,Near Symbiosis College, New Nashik, Nashik, Maharashtra 422008, India<br>Latitude: 19.959297<br>Longitude: 73.754969<br>Rating: 3<br>Place_ID: ChIJOwF_PlHr3TsRrXwg0JtpRo8<br>Distance_m: 1383]]></description>
      <styleUrl>#icon-1899-C2185B</styleUrl>
      <ExtendedData>
        <Data name="Description">
          <value/>
        </Data>
        <Data name="address">
          <value/>
        </Data>
        <Data name="phoneNumber">
          <value/>
        </Data>
        <Data name="Coordinates">
          <value>73.754969,19.959297</value>
        </Data>
        <Data name="Category">
          <value>hospital</value>
        </Data>
        <Data name="Address">
          <value>First Floor, Urjayant Arcade, Ambad Rd, Near Namrata Petrol Pump,Near Symbiosis College, New Nashik, Nashik, Maharashtra 422008, India</value>
        </Data>
        <Data name="Latitude">
          <value>19.959297</value>
        </Data>
        <Data name="Longitude">
          <value>73.754969</value>
        </Data>
        <Data name="Rating">
          <value>3.0</value>
        </Data>
        <Data name="Place_ID">
          <value>ChIJOwF_PlHr3TsRrXwg0JtpRo8</value>
        </Data>
        <Data name="Distance_m">
          <value>1383.0</value>
        </Data>
      </ExtendedData>
      <Point>
        <coordinates>
          73.754969,19.959297,0
        </coordinates>
      </Point>
    </Placemark>
    <Placemark>
      <name>Renuka Multispeciality Hospital |Orthopedic hospital in Nashik | General surgeon in Nashik. | Maternity hospital in Nashik</name>
      <description><![CDATA[Description: <br>address: <br>phoneNumber: <br>Coordinates: 73.8361273,19.9768031<br>Category: hospital<br>Address: Old Saikheda Rd, Near Indira Gandhi Statue, Adhav Nagar, Dasak, Nashik, Maharashtra 422101, India<br>Latitude: 19.9768031<br>Longitude: 73.8361273<br>Rating: 4.5<br>Place_ID: ChIJZfuiVaHq3TsR01ygQ_22PDs<br>Distance_m: 1439]]></description>
      <styleUrl>#icon-1899-C2185B</styleUrl>
      <ExtendedData>
        <Data name="Description">
          <value/>
        </Data>
        <Data name="address">
          <value/>
        </Data>
        <Data name="phoneNumber">
          <value/>
        </Data>
        <Data name="Coordinates">
          <value>73.8361273,19.9768031</value>
        </Data>
        <Data name="Category">
          <value>hospital</value>
        </Data>
        <Data name="Address">
          <value>Old Saikheda Rd, Near Indira Gandhi Statue, Adhav Nagar, Dasak, Nashik, Maharashtra 422101, India</value>
        </Data>
        <Data name="Latitude">
          <value>19.9768031</value>
        </Data>
        <Data name="Longitude">
          <value>73.8361273</value>
        </Data>
        <Data name="Rating">
          <value>4.5</value>
        </Data>
        <Data name="Place_ID">
          <value>ChIJZfuiVaHq3TsR01ygQ_22PDs</value>
        </Data>
        <Data name="Distance_m">
          <value>1439.0</value>
        </Data>
      </ExtendedData>
      <Point>
        <coordinates>
          73.8361273,19.9768031,0
        </coordinates>
      </Point>
    </Placemark>
    <Placemark>
      <name>ALL CARE MULTI SPECIALITY HOSPITAL</name>
      <description><![CDATA[Description: <br>address: <br>phoneNumber: <br>Coordinates: 73.8369341,19.9767235<br>Category: hospital<br>Address: 5th floor, Business icon, Jail Rd, Near Indira Gandhi Statue, Pintoo Colony, Nashik Road, Nashik, Maharashtra 422101, India<br>Latitude: 19.9767235<br>Longitude: 73.8369341<br>Rating: 4.2<br>Place_ID: ChIJybLGqPbr3TsRpDSgzVuvYwA<br>Distance_m: 1517]]></description>
      <styleUrl>#icon-1899-C2185B</styleUrl>
      <ExtendedData>
        <Data name="Description">
          <value/>
        </Data>
        <Data name="address">
          <value/>
        </Data>
        <Data name="phoneNumber">
          <value/>
        </Data>
        <Data name="Coordinates">
          <value>73.8369341,19.9767235</value>
        </Data>
        <Data name="Category">
          <value>hospital</value>
        </Data>
        <Data name="Address">
          <value>5th floor, Business icon, Jail Rd, Near Indira Gandhi Statue, Pintoo Colony, Nashik Road, Nashik, Maharashtra 422101, India</value>
        </Data>
        <Data name="Latitude">
          <value>19.9767235</value>
        </Data>
        <Data name="Longitude">
          <value>73.8369341</value>
        </Data>
        <Data name="Rating">
          <value>4.2</value>
        </Data>
        <Data name="Place_ID">
          <value>ChIJybLGqPbr3TsRpDSgzVuvYwA</value>
        </Data>
        <Data name="Distance_m">
          <value>1517.0</value>
        </Data>
      </ExtendedData>
      <Point>
        <coordinates>
          73.8369341,19.9767235,0
        </coordinates>
      </Point>
    </Placemark>
    <Placemark>
      <name>Shri Ram Multi-speciality Clinic, Nashik</name>
      <description><![CDATA[Description: <br>address: <br>phoneNumber: <br>Coordinates: 73.8426444,20.0262759<br>Category: medical_clinic<br>Address: Shop No.01, Jatra hotel chaufuli, near SBI Bank and Swagat sweets, panchavati, Adgaon, shivar, Nashik, Maharashtra 422003, India<br>Latitude: 20.0262759<br>Longitude: 73.8426444<br>Rating: 5<br>Place_ID: ChIJCWKHFC7B3TsR_djtiTq9bek<br>Distance_m: 2332]]></description>
      <styleUrl>#icon-1899-C2185B</styleUrl>
      <ExtendedData>
        <Data name="Description">
          <value/>
        </Data>
        <Data name="address">
          <value/>
        </Data>
        <Data name="phoneNumber">
          <value/>
        </Data>
        <Data name="Coordinates">
          <value>73.8426444,20.0262759</value>
        </Data>
        <Data name="Category">
          <value>medical_clinic</value>
        </Data>
        <Data name="Address">
          <value>Shop No.01, Jatra hotel chaufuli, near SBI Bank and Swagat sweets, panchavati, Adgaon, shivar, Nashik, Maharashtra 422003, India</value>
        </Data>
        <Data name="Latitude">
          <value>20.0262759</value>
        </Data>
        <Data name="Longitude">
          <value>73.8426444</value>
        </Data>
        <Data name="Rating">
          <value>5.0</value>
        </Data>
        <Data name="Place_ID">
          <value>ChIJCWKHFC7B3TsR_djtiTq9bek</value>
        </Data>
        <Data name="Distance_m">
          <value>2332.0</value>
        </Data>
      </ExtendedData>
      <Point>
        <coordinates>
          73.8426444,20.0262759,0
        </coordinates>
      </Point>
    </Placemark>
    <Placemark>
      <name>Shree Gurudatta Multi-speciality Clinic</name>
      <description><![CDATA[Description: <br>address: <br>phoneNumber: <br>Coordinates: 73.84646,20.0254789<br>Category: medical_clinic<br>Address: Swaroop tulsi apartment, Behind hotel sayaji palace, Konark nagar, road, Kumbhar vasti, Panchvati, Nashik, Maharashtra 422003, India<br>Latitude: 20.0254789<br>Longitude: 73.84646<br>Rating: 5<br>Place_ID: ChIJ3ybsnwHB3TsRCioQhVBgoiU<br>Distance_m: 2000]]></description>
      <styleUrl>#icon-1899-C2185B</styleUrl>
      <ExtendedData>
        <Data name="Description">
          <value/>
        </Data>
        <Data name="address">
          <value/>
        </Data>
        <Data name="phoneNumber">
          <value/>
        </Data>
        <Data name="Coordinates">
          <value>73.84646,20.0254789</value>
        </Data>
        <Data name="Category">
          <value>medical_clinic</value>
        </Data>
        <Data name="Address">
          <value>Swaroop tulsi apartment, Behind hotel sayaji palace, Konark nagar, road, Kumbhar vasti, Panchvati, Nashik, Maharashtra 422003, India</value>
        </Data>
        <Data name="Latitude">
          <value>20.0254789</value>
        </Data>
        <Data name="Longitude">
          <value>73.84646</value>
        </Data>
        <Data name="Rating">
          <value>5.0</value>
        </Data>
        <Data name="Place_ID">
          <value>ChIJ3ybsnwHB3TsRCioQhVBgoiU</value>
        </Data>
        <Data name="Distance_m">
          <value>2000.0</value>
        </Data>
      </ExtendedData>
      <Point>
        <coordinates>
          73.84646,20.0254789,0
        </coordinates>
      </Point>
    </Placemark>
    <Placemark>
      <name>Sushila Multispeciality Hospital</name>
      <description><![CDATA[Description: <br>address: <br>phoneNumber: <br>Coordinates: 73.711098,20.001621<br>Category: hospital<br>Address: 198, Carbon Naka, plot no. 197, pimpalgao bahula, behind carbon company, near shivaji nagar, Satpur Colony, Nashik, Maharashtra 422007, India<br>Latitude: 20.001621<br>Longitude: 73.711098<br>Rating: 4.3<br>Place_ID: ChIJR6F1Ebjt3TsRIriVIPqcuP0<br>Distance_m: 2092]]></description>
      <styleUrl>#icon-1899-C2185B</styleUrl>
      <ExtendedData>
        <Data name="Description">
          <value/>
        </Data>
        <Data name="address">
          <value/>
        </Data>
        <Data name="phoneNumber">
          <value/>
        </Data>
        <Data name="Coordinates">
          <value>73.711098,20.001621</value>
        </Data>
        <Data name="Category">
          <value>hospital</value>
        </Data>
        <Data name="Address">
          <value>198, Carbon Naka, plot no. 197, pimpalgao bahula, behind carbon company, near shivaji nagar, Satpur Colony, Nashik, Maharashtra 422007, India</value>
        </Data>
        <Data name="Latitude">
          <value>20.001621</value>
        </Data>
        <Data name="Longitude">
          <value>73.711098</value>
        </Data>
        <Data name="Rating">
          <value>4.3</value>
        </Data>
        <Data name="Place_ID">
          <value>ChIJR6F1Ebjt3TsRIriVIPqcuP0</value>
        </Data>
        <Data name="Distance_m">
          <value>2092.0</value>
        </Data>
      </ExtendedData>
      <Point>
        <coordinates>
          73.711098,20.001621,0
        </coordinates>
      </Point>
    </Placemark>
    <Placemark>
      <name>Shree Sai Multispeciality Hospital</name>
      <description><![CDATA[Description: <br>address: <br>phoneNumber: <br>Coordinates: 73.706398,19.9960286<br>Category: hospital<br>Address: Near Mahadev Mandir, Shramik Nagar, Nashik, Maharashtra 422012, India<br>Latitude: 19.9960286<br>Longitude: 73.706398<br>Rating: 4.8<br>Place_ID: ChIJVfSL1lXs3TsRaXt_Lneq7dI<br>Distance_m: 2633]]></description>
      <styleUrl>#icon-1899-C2185B</styleUrl>
      <ExtendedData>
        <Data name="Description">
          <value/>
        </Data>
        <Data name="address">
          <value/>
        </Data>
        <Data name="phoneNumber">
          <value/>
        </Data>
        <Data name="Coordinates">
          <value>73.706398,19.9960286</value>
        </Data>
        <Data name="Category">
          <value>hospital</value>
        </Data>
        <Data name="Address">
          <value>Near Mahadev Mandir, Shramik Nagar, Nashik, Maharashtra 422012, India</value>
        </Data>
        <Data name="Latitude">
          <value>19.9960286</value>
        </Data>
        <Data name="Longitude">
          <value>73.706398</value>
        </Data>
        <Data name="Rating">
          <value>4.8</value>
        </Data>
        <Data name="Place_ID">
          <value>ChIJVfSL1lXs3TsRaXt_Lneq7dI</value>
        </Data>
        <Data name="Distance_m">
          <value>2633.0</value>
        </Data>
      </ExtendedData>
      <Point>
        <coordinates>
          73.706398,19.9960286,0
        </coordinates>
      </Point>
    </Placemark>
    <Placemark>
      <name><![CDATA[AVIM Heart & Multi-speciality Hospital]]></name>
      <description><![CDATA[Description: <br>address: <br>phoneNumber: <br>Coordinates: 73.7216658,19.9852396<br>Category: hospital<br>Address: 2nd Floor, Navjyot Complex, Trambakeshwar Rd, opp. Indian Oil Petrol Pump, near Papaya Nursery, Ashoknagar, Satpur Colony, Nashik, Maharashtra 422007, India<br>Latitude: 19.9852396<br>Longitude: 73.7216658<br>Rating: 5<br>Place_ID: ChIJ63klYgDt3TsRbQGghMlKrdk<br>Distance_m: 1982]]></description>
      <styleUrl>#icon-1899-C2185B</styleUrl>
      <ExtendedData>
        <Data name="Description">
          <value/>
        </Data>
        <Data name="address">
          <value/>
        </Data>
        <Data name="phoneNumber">
          <value/>
        </Data>
        <Data name="Coordinates">
          <value>73.7216658,19.9852396</value>
        </Data>
        <Data name="Category">
          <value>hospital</value>
        </Data>
        <Data name="Address">
          <value>2nd Floor, Navjyot Complex, Trambakeshwar Rd, opp. Indian Oil Petrol Pump, near Papaya Nursery, Ashoknagar, Satpur Colony, Nashik, Maharashtra 422007, India</value>
        </Data>
        <Data name="Latitude">
          <value>19.9852396</value>
        </Data>
        <Data name="Longitude">
          <value>73.7216658</value>
        </Data>
        <Data name="Rating">
          <value>5.0</value>
        </Data>
        <Data name="Place_ID">
          <value>ChIJ63klYgDt3TsRbQGghMlKrdk</value>
        </Data>
        <Data name="Distance_m">
          <value>1982.0</value>
        </Data>
      </ExtendedData>
      <Point>
        <coordinates>
          73.7216658,19.9852396,0
        </coordinates>
      </Point>
    </Placemark>
    <Placemark>
      <name>Tirupati Multispeciality Hospital pvt ltd</name>
      <description><![CDATA[Description: <br>address: <br>phoneNumber: <br>Coordinates: 73.7238681,19.9718021<br>Category: hospital<br>Address: 1 st floor, Deeplaxmi plaza, behind Indian oil petrol pump, Ambad, Chunchale, Nashik, Maharashtra 422010, India<br>Latitude: 19.9718021<br>Longitude: 73.7238681<br>Rating: 4.4<br>Place_ID: ChIJuXOB9Lbt3TsRqEoEkMIFi0Q<br>Distance_m: 2408]]></description>
      <styleUrl>#icon-1899-C2185B</styleUrl>
      <ExtendedData>
        <Data name="Description">
          <value/>
        </Data>
        <Data name="address">
          <value/>
        </Data>
        <Data name="phoneNumber">
          <value/>
        </Data>
        <Data name="Coordinates">
          <value>73.7238681,19.9718021</value>
        </Data>
        <Data name="Category">
          <value>hospital</value>
        </Data>
        <Data name="Address">
          <value>1 st floor, Deeplaxmi plaza, behind Indian oil petrol pump, Ambad, Chunchale, Nashik, Maharashtra 422010, India</value>
        </Data>
        <Data name="Latitude">
          <value>19.9718021</value>
        </Data>
        <Data name="Longitude">
          <value>73.7238681</value>
        </Data>
        <Data name="Rating">
          <value>4.4</value>
        </Data>
        <Data name="Place_ID">
          <value>ChIJuXOB9Lbt3TsRqEoEkMIFi0Q</value>
        </Data>
        <Data name="Distance_m">
          <value>2408.0</value>
        </Data>
      </ExtendedData>
      <Point>
        <coordinates>
          73.7238681,19.9718021,0
        </coordinates>
      </Point>
    </Placemark>
    <Placemark>
      <name>Sai Swaraj Multispeciality Hospital</name>
      <description><![CDATA[Description: <br>address: <br>phoneNumber: <br>Coordinates: 73.7214247,19.97372<br>Category: hospital<br>Address: Surya Complex, room no 2, Jadhav Sankul, Survey No. 108, Ambad Satpur Link Rd, near Ganapati Mandir, Chunchale Shivar, Medage Nagar, Nashik, Maharashtra 422010, India<br>Latitude: 19.97372<br>Longitude: 73.7214247<br>Rating: 5<br>Place_ID: ChIJ9WJ8Qlvt3TsRqIe5bSa6RvU<br>Distance_m: 2666]]></description>
      <styleUrl>#icon-1899-C2185B</styleUrl>
      <ExtendedData>
        <Data name="Description">
          <value/>
        </Data>
        <Data name="address">
          <value/>
        </Data>
        <Data name="phoneNumber">
          <value/>
        </Data>
        <Data name="Coordinates">
          <value>73.7214247,19.97372</value>
        </Data>
        <Data name="Category">
          <value>hospital</value>
        </Data>
        <Data name="Address">
          <value>Surya Complex, room no 2, Jadhav Sankul, Survey No. 108, Ambad Satpur Link Rd, near Ganapati Mandir, Chunchale Shivar, Medage Nagar, Nashik, Maharashtra 422010, India</value>
        </Data>
        <Data name="Latitude">
          <value>19.97372</value>
        </Data>
        <Data name="Longitude">
          <value>73.7214247</value>
        </Data>
        <Data name="Rating">
          <value>5.0</value>
        </Data>
        <Data name="Place_ID">
          <value>ChIJ9WJ8Qlvt3TsRqIe5bSa6RvU</value>
        </Data>
        <Data name="Distance_m">
          <value>2666.0</value>
        </Data>
      </ExtendedData>
      <Point>
        <coordinates>
          73.7214247,19.97372,0
        </coordinates>
      </Point>
    </Placemark>
    <Placemark>
      <name>Tulsai Superspeciality Hospital</name>
      <description><![CDATA[Description: <br>address: <br>phoneNumber: <br>Coordinates: 73.7727224,19.9722387<br>Category: hospital<br>Address: Suyojit Shiva Complex, Agra - Mumbai Hwy, Lekha Nagar, Nashik, Maharashtra 422009, India<br>Latitude: 19.9722387<br>Longitude: 73.7727224<br>Rating: 4.3<br>Place_ID: ChIJu2Ej8RXr3TsRhKBcfDoSp0c<br>Distance_m: 938]]></description>
      <styleUrl>#icon-1899-C2185B</styleUrl>
      <ExtendedData>
        <Data name="Description">
          <value/>
        </Data>
        <Data name="address">
          <value/>
        </Data>
        <Data name="phoneNumber">
          <value/>
        </Data>
        <Data name="Coordinates">
          <value>73.7727224,19.9722387</value>
        </Data>
        <Data name="Category">
          <value>hospital</value>
        </Data>
        <Data name="Address">
          <value>Suyojit Shiva Complex, Agra - Mumbai Hwy, Lekha Nagar, Nashik, Maharashtra 422009, India</value>
        </Data>
        <Data name="Latitude">
          <value>19.9722387</value>
        </Data>
        <Data name="Longitude">
          <value>73.7727224</value>
        </Data>
        <Data name="Rating">
          <value>4.3</value>
        </Data>
        <Data name="Place_ID">
          <value>ChIJu2Ej8RXr3TsRhKBcfDoSp0c</value>
        </Data>
        <Data name="Distance_m">
          <value>938.0</value>
        </Data>
      </ExtendedData>
      <Point>
        <coordinates>
          73.7727224,19.9722387,0
        </coordinates>
      </Point>
    </Placemark>
    <Placemark>
      <name> Mayur Hospital</name>
      <description><![CDATA[Description: <br>address: <br>phoneNumber: <br>Coordinates: 73.7471731,19.9753338<br>Category: medical_clinic<br>Address: XPGW+4VM, ITI Ambad Link Rd, Saptashrungi Nagar, Kamatwade Gaon, Nashik, Maharashtra 422010, India<br>Latitude: 19.9753338<br>Longitude: 73.7471731<br>Rating: <br>Place_ID: ChIJgxFP5p_s3TsR2fzTT7Ot5Zo<br>Distance_m: 316]]></description>
      <styleUrl>#icon-1899-C2185B</styleUrl>
      <ExtendedData>
        <Data name="Description">
          <value/>
        </Data>
        <Data name="address">
          <value/>
        </Data>
        <Data name="phoneNumber">
          <value/>
        </Data>
        <Data name="Coordinates">
          <value>73.7471731,19.9753338</value>
        </Data>
        <Data name="Category">
          <value>medical_clinic</value>
        </Data>
        <Data name="Address">
          <value>XPGW+4VM, ITI Ambad Link Rd, Saptashrungi Nagar, Kamatwade Gaon, Nashik, Maharashtra 422010, India</value>
        </Data>
        <Data name="Latitude">
          <value>19.9753338</value>
        </Data>
        <Data name="Longitude">
          <value>73.7471731</value>
        </Data>
        <Data name="Rating">
          <value/>
        </Data>
        <Data name="Place_ID">
          <value>ChIJgxFP5p_s3TsR2fzTT7Ot5Zo</value>
        </Data>
        <Data name="Distance_m">
          <value>316.0</value>
        </Data>
      </ExtendedData>
      <Point>
        <coordinates>
          73.7471731,19.9753338,0
        </coordinates>
      </Point>
    </Placemark>
    <Placemark>
      <name><![CDATA[Nagji Memorial Hosptial &research Centre Private Limited]]></name>
      <description><![CDATA[Description: <br>address: <br>phoneNumber: <br>Coordinates: 73.7898023,19.9974533<br>Category: hospital<br>Address: Vadala Road, Lokhand Bazar, Koknipura, Nashik, Maharashtra 422001, India<br>Latitude: 19.9974533<br>Longitude: 73.7898023<br>Rating: 3.7<br>Place_ID: ChIJS-fyOgHr3TsRPk52MDqCYJA<br>Distance_m: 2944]]></description>
      <styleUrl>#icon-1899-C2185B</styleUrl>
      <ExtendedData>
        <Data name="Description">
          <value/>
        </Data>
        <Data name="address">
          <value/>
        </Data>
        <Data name="phoneNumber">
          <value/>
        </Data>
        <Data name="Coordinates">
          <value>73.7898023,19.9974533</value>
        </Data>
        <Data name="Category">
          <value>hospital</value>
        </Data>
        <Data name="Address">
          <value>Vadala Road, Lokhand Bazar, Koknipura, Nashik, Maharashtra 422001, India</value>
        </Data>
        <Data name="Latitude">
          <value>19.9974533</value>
        </Data>
        <Data name="Longitude">
          <value>73.7898023</value>
        </Data>
        <Data name="Rating">
          <value>3.7</value>
        </Data>
        <Data name="Place_ID">
          <value>ChIJS-fyOgHr3TsRPk52MDqCYJA</value>
        </Data>
        <Data name="Distance_m">
          <value>2944.0</value>
        </Data>
      </ExtendedData>
      <Point>
        <coordinates>
          73.7898023,19.9974533,0
        </coordinates>
      </Point>
    </Placemark>
    <Placemark>
      <name>Nashik Rugnalaya</name>
      <description><![CDATA[Description: <br>address: <br>phoneNumber: <br>Coordinates: 73.789705,19.9874602<br>Category: hospital<br>Address: Doctor House, Navshakti Chowk, Mumbai Naka, Bhagwant Nagar, Dr.Homi Bhabha Nagar, Nashik, Maharashtra 422011, India<br>Latitude: 19.9874602<br>Longitude: 73.789705<br>Rating: <br>Place_ID: ChIJh-IZEwDr3TsR17Kn_tUHrc0<br>Distance_m: 534]]></description>
      <styleUrl>#icon-1899-C2185B</styleUrl>
      <ExtendedData>
        <Data name="Description">
          <value/>
        </Data>
        <Data name="address">
          <value/>
        </Data>
        <Data name="phoneNumber">
          <value/>
        </Data>
        <Data name="Coordinates">
          <value>73.789705,19.9874602</value>
        </Data>
        <Data name="Category">
          <value>hospital</value>
        </Data>
        <Data name="Address">
          <value>Doctor House, Navshakti Chowk, Mumbai Naka, Bhagwant Nagar, Dr.Homi Bhabha Nagar, Nashik, Maharashtra 422011, India</value>
        </Data>
        <Data name="Latitude">
          <value>19.9874602</value>
        </Data>
        <Data name="Longitude">
          <value>73.789705</value>
        </Data>
        <Data name="Rating">
          <value/>
        </Data>
        <Data name="Place_ID">
          <value>ChIJh-IZEwDr3TsR17Kn_tUHrc0</value>
        </Data>
        <Data name="Distance_m">
          <value>534.0</value>
        </Data>
      </ExtendedData>
      <Point>
        <coordinates>
          73.789705,19.9874602,0
        </coordinates>
      </Point>
    </Placemark>
    <Placemark>
      <name>Suman Hospitals Private limited</name>
      <description><![CDATA[Description: <br>address: <br>phoneNumber: <br>Coordinates: 73.7622042,20.0064205<br>Category: corporate_office<br>Address: 3, Ground floor, Mathura building, infant of BYK college, College Rd, Kulkarni Baug, Nashik, Maharashtra 422005, India<br>Latitude: 20.0064205<br>Longitude: 73.7622042<br>Rating: 2.5<br>Place_ID: ChIJWf6qnuDr3TsROwOdWJKpHjI<br>Distance_m: 95]]></description>
      <styleUrl>#icon-1899-C2185B</styleUrl>
      <ExtendedData>
        <Data name="Description">
          <value/>
        </Data>
        <Data name="address">
          <value/>
        </Data>
        <Data name="phoneNumber">
          <value/>
        </Data>
        <Data name="Coordinates">
          <value>73.7622042,20.0064205</value>
        </Data>
        <Data name="Category">
          <value>corporate_office</value>
        </Data>
        <Data name="Address">
          <value>3, Ground floor, Mathura building, infant of BYK college, College Rd, Kulkarni Baug, Nashik, Maharashtra 422005, India</value>
        </Data>
        <Data name="Latitude">
          <value>20.0064205</value>
        </Data>
        <Data name="Longitude">
          <value>73.7622042</value>
        </Data>
        <Data name="Rating">
          <value>2.5</value>
        </Data>
        <Data name="Place_ID">
          <value>ChIJWf6qnuDr3TsROwOdWJKpHjI</value>
        </Data>
        <Data name="Distance_m">
          <value>95.0</value>
        </Data>
      </ExtendedData>
      <Point>
        <coordinates>
          73.7622042,20.0064205,0
        </coordinates>
      </Point>
    </Placemark>
    <Placemark>
      <name>Medicover Hospital</name>
      <description><![CDATA[Description: <br>address: <br>phoneNumber: <br>Coordinates: 73.7914263,19.9735114<br>Category: hospital<br>Address: Shree Sant Savata Mali Marg, Parab Nagar, Nashik, Maharashtra 422006, India<br>Latitude: 19.9735114<br>Longitude: 73.7914263<br>Rating: 4.8<br>Place_ID: ChIJqci4RXvr3TsRKjy5rjfBZ9k<br>Distance_m: 2133]]></description>
      <styleUrl>#icon-1899-C2185B</styleUrl>
      <ExtendedData>
        <Data name="Description">
          <value/>
        </Data>
        <Data name="address">
          <value/>
        </Data>
        <Data name="phoneNumber">
          <value/>
        </Data>
        <Data name="Coordinates">
          <value>73.7914263,19.9735114</value>
        </Data>
        <Data name="Category">
          <value>hospital</value>
        </Data>
        <Data name="Address">
          <value>Shree Sant Savata Mali Marg, Parab Nagar, Nashik, Maharashtra 422006, India</value>
        </Data>
        <Data name="Latitude">
          <value>19.9735114</value>
        </Data>
        <Data name="Longitude">
          <value>73.7914263</value>
        </Data>
        <Data name="Rating">
          <value>4.8</value>
        </Data>
        <Data name="Place_ID">
          <value>ChIJqci4RXvr3TsRKjy5rjfBZ9k</value>
        </Data>
        <Data name="Distance_m">
          <value>2133.0</value>
        </Data>
      </ExtendedData>
      <Point>
        <coordinates>
          73.7914263,19.9735114,0
        </coordinates>
      </Point>
    </Placemark>
    <Placemark>
      <name>Shrinath Criticare Hospital</name>
      <description><![CDATA[Description: <br>address: <br>phoneNumber: <br>Coordinates: 73.7779329,19.9602337<br>Category: hospital<br>Address: Wadala - Pathardi Rd, opposite Samrat Sweets, near Guru Govind Singh school, Pandav Nagari, Pathardi Phata, Nashik, Maharashtra 422009, India<br>Latitude: 19.9602337<br>Longitude: 73.7779329<br>Rating: 4.9<br>Place_ID: ChIJXWyTfyTr3TsRiUOMnAEKvG0<br>Distance_m: 458]]></description>
      <styleUrl>#icon-1899-C2185B</styleUrl>
      <ExtendedData>
        <Data name="Description">
          <value/>
        </Data>
        <Data name="address">
          <value/>
        </Data>
        <Data name="phoneNumber">
          <value/>
        </Data>
        <Data name="Coordinates">
          <value>73.7779329,19.9602337</value>
        </Data>
        <Data name="Category">
          <value>hospital</value>
        </Data>
        <Data name="Address">
          <value>Wadala - Pathardi Rd, opposite Samrat Sweets, near Guru Govind Singh school, Pandav Nagari, Pathardi Phata, Nashik, Maharashtra 422009, India</value>
        </Data>
        <Data name="Latitude">
          <value>19.9602337</value>
        </Data>
        <Data name="Longitude">
          <value>73.7779329</value>
        </Data>
        <Data name="Rating">
          <value>4.9</value>
        </Data>
        <Data name="Place_ID">
          <value>ChIJXWyTfyTr3TsRiUOMnAEKvG0</value>
        </Data>
        <Data name="Distance_m">
          <value>458.0</value>
        </Data>
      </ExtendedData>
      <Point>
        <coordinates>
          73.7779329,19.9602337,0
        </coordinates>
      </Point>
    </Placemark>
    <Placemark>
      <name>Galaxy Hospital</name>
      <description><![CDATA[Description: <br>address: <br>phoneNumber: <br>Coordinates: 73.7950852,19.9726925<br>Category: hospital<br>Address: Plot No.1, Galaxy Apartment, Khode Nagar, Tirumla Nagar, Wadala, Nashik, Maharashtra 422006, India<br>Latitude: 19.9726925<br>Longitude: 73.7950852<br>Rating: 4.5<br>Place_ID: ChIJpbAMQFLr3TsRDogCFXiaNJ8<br>Distance_m: 2528]]></description>
      <styleUrl>#icon-1899-C2185B</styleUrl>
      <ExtendedData>
        <Data name="Description">
          <value/>
        </Data>
        <Data name="address">
          <value/>
        </Data>
        <Data name="phoneNumber">
          <value/>
        </Data>
        <Data name="Coordinates">
          <value>73.7950852,19.9726925</value>
        </Data>
        <Data name="Category">
          <value>hospital</value>
        </Data>
        <Data name="Address">
          <value>Plot No.1, Galaxy Apartment, Khode Nagar, Tirumla Nagar, Wadala, Nashik, Maharashtra 422006, India</value>
        </Data>
        <Data name="Latitude">
          <value>19.9726925</value>
        </Data>
        <Data name="Longitude">
          <value>73.7950852</value>
        </Data>
        <Data name="Rating">
          <value>4.5</value>
        </Data>
        <Data name="Place_ID">
          <value>ChIJpbAMQFLr3TsRDogCFXiaNJ8</value>
        </Data>
        <Data name="Distance_m">
          <value>2528.0</value>
        </Data>
      </ExtendedData>
      <Point>
        <coordinates>
          73.7950852,19.9726925,0
        </coordinates>
      </Point>
    </Placemark>
    <Placemark>
      <name><![CDATA[Sujata Birla Hospital & Medical Research Center multi spaciality hospital ]]></name>
      <description><![CDATA[Description: <br>address: <br>phoneNumber: <br>Coordinates: 73.8309009,19.9595891<br>Category: hospital<br>Address: Opposite Bytco College, Nashik - Pune Hwy, Rosa Colony, Nashik Road, Nashik, Maharashtra 422101, India<br>Latitude: 19.9595891<br>Longitude: 73.8309009<br>Rating: 4.6<br>Place_ID: ChIJuc3HGVSV3TsRACBMlHqRG24<br>Distance_m: 1695]]></description>
      <styleUrl>#icon-1899-C2185B</styleUrl>
      <ExtendedData>
        <Data name="Description">
          <value/>
        </Data>
        <Data name="address">
          <value/>
        </Data>
        <Data name="phoneNumber">
          <value/>
        </Data>
        <Data name="Coordinates">
          <value>73.8309009,19.9595891</value>
        </Data>
        <Data name="Category">
          <value>hospital</value>
        </Data>
        <Data name="Address">
          <value>Opposite Bytco College, Nashik - Pune Hwy, Rosa Colony, Nashik Road, Nashik, Maharashtra 422101, India</value>
        </Data>
        <Data name="Latitude">
          <value>19.9595891</value>
        </Data>
        <Data name="Longitude">
          <value>73.8309009</value>
        </Data>
        <Data name="Rating">
          <value>4.6</value>
        </Data>
        <Data name="Place_ID">
          <value>ChIJuc3HGVSV3TsRACBMlHqRG24</value>
        </Data>
        <Data name="Distance_m">
          <value>1695.0</value>
        </Data>
      </ExtendedData>
      <Point>
        <coordinates>
          73.8309009,19.9595891,0
        </coordinates>
      </Point>
    </Placemark>
    <Placemark>
      <name>SAI KRUPA HOSPITAL</name>
      <description><![CDATA[Description: <br>address: <br>phoneNumber: <br>Coordinates: 73.7692264,19.9553323<br>Category: doctor<br>Address: Plot No 36, near Panini Society, in front of Maruti Sweets, Mauli Nagari, Dnyaneshwar Nagar, Pathardi Phata, Nashik, Maharashtra 422009, India<br>Latitude: 19.9553323<br>Longitude: 73.7692264<br>Rating: 4<br>Place_ID: ChIJm-L8hbzr3TsRqlKW3yNie-Q<br>Distance_m: 997]]></description>
      <styleUrl>#icon-1899-C2185B</styleUrl>
      <ExtendedData>
        <Data name="Description">
          <value/>
        </Data>
        <Data name="address">
          <value/>
        </Data>
        <Data name="phoneNumber">
          <value/>
        </Data>
        <Data name="Coordinates">
          <value>73.7692264,19.9553323</value>
        </Data>
        <Data name="Category">
          <value>doctor</value>
        </Data>
        <Data name="Address">
          <value>Plot No 36, near Panini Society, in front of Maruti Sweets, Mauli Nagari, Dnyaneshwar Nagar, Pathardi Phata, Nashik, Maharashtra 422009, India</value>
        </Data>
        <Data name="Latitude">
          <value>19.9553323</value>
        </Data>
        <Data name="Longitude">
          <value>73.7692264</value>
        </Data>
        <Data name="Rating">
          <value>4.0</value>
        </Data>
        <Data name="Place_ID">
          <value>ChIJm-L8hbzr3TsRqlKW3yNie-Q</value>
        </Data>
        <Data name="Distance_m">
          <value>997.0</value>
        </Data>
      </ExtendedData>
      <Point>
        <coordinates>
          73.7692264,19.9553323,0
        </coordinates>
      </Point>
    </Placemark>
    <Placemark>
      <name>Bhagawati Hospital</name>
      <description><![CDATA[Description: <br>address: <br>phoneNumber: <br>Coordinates: 73.7699122,19.9697644<br>Category: hospital<br>Address: 9, Mig Enclave, Near SBI Lekha Nagar, Cidco, Nashik, Maharashtra 422009, India<br>Latitude: 19.9697644<br>Longitude: 73.7699122<br>Rating: 4.9<br>Place_ID: ChIJTZx8Wavr3TsR5RlTrLPI9vM<br>Distance_m: 569]]></description>
      <styleUrl>#icon-1899-C2185B</styleUrl>
      <ExtendedData>
        <Data name="Description">
          <value/>
        </Data>
        <Data name="address">
          <value/>
        </Data>
        <Data name="phoneNumber">
          <value/>
        </Data>
        <Data name="Coordinates">
          <value>73.7699122,19.9697644</value>
        </Data>
        <Data name="Category">
          <value>hospital</value>
        </Data>
        <Data name="Address">
          <value>9, Mig Enclave, Near SBI Lekha Nagar, Cidco, Nashik, Maharashtra 422009, India</value>
        </Data>
        <Data name="Latitude">
          <value>19.9697644</value>
        </Data>
        <Data name="Longitude">
          <value>73.7699122</value>
        </Data>
        <Data name="Rating">
          <value>4.9</value>
        </Data>
        <Data name="Place_ID">
          <value>ChIJTZx8Wavr3TsR5RlTrLPI9vM</value>
        </Data>
        <Data name="Distance_m">
          <value>569.0</value>
        </Data>
      </ExtendedData>
      <Point>
        <coordinates>
          73.7699122,19.9697644,0
        </coordinates>
      </Point>
    </Placemark>
    <Placemark>
      <name>Shriniwas Hospital</name>
      <description><![CDATA[Description: <br>address: <br>phoneNumber: <br>Coordinates: 73.7905405,19.9746524<br>Category: hospital<br>Address: Sawata Mali Road Near Vascon IT Park, Jogging Track, Indira Nagar, Nashik, Maharashtra 422006, India<br>Latitude: 19.9746524<br>Longitude: 73.7905405<br>Rating: 4.9<br>Place_ID: ChIJmepmDSHr3TsR60-OBAWbZTs<br>Distance_m: 2273]]></description>
      <styleUrl>#icon-1899-C2185B</styleUrl>
      <ExtendedData>
        <Data name="Description">
          <value/>
        </Data>
        <Data name="address">
          <value/>
        </Data>
        <Data name="phoneNumber">
          <value/>
        </Data>
        <Data name="Coordinates">
          <value>73.7905405,19.9746524</value>
        </Data>
        <Data name="Category">
          <value>hospital</value>
        </Data>
        <Data name="Address">
          <value>Sawata Mali Road Near Vascon IT Park, Jogging Track, Indira Nagar, Nashik, Maharashtra 422006, India</value>
        </Data>
        <Data name="Latitude">
          <value>19.9746524</value>
        </Data>
        <Data name="Longitude">
          <value>73.7905405</value>
        </Data>
        <Data name="Rating">
          <value>4.9</value>
        </Data>
        <Data name="Place_ID">
          <value>ChIJmepmDSHr3TsR60-OBAWbZTs</value>
        </Data>
        <Data name="Distance_m">
          <value>2273.0</value>
        </Data>
      </ExtendedData>
      <Point>
        <coordinates>
          73.7905405,19.9746524,0
        </coordinates>
      </Point>
    </Placemark>
    <Placemark>
      <name>Global Hospital</name>
      <description><![CDATA[Description: <br>address: <br>phoneNumber: <br>Coordinates: 73.7545925,19.9768919<br>Category: hospital<br>Address: 4th Floor, Suyash Chambers, Near Hotel Padma Trimurti Chwok Ambad Link Road, Abhiyanta Nagar, Kamatwade, New Nashik, 9, Nashik, Maharashtra 422008, India<br>Latitude: 19.9768919<br>Longitude: 73.7545925<br>Rating: 2.9<br>Place_ID: ChIJ0TkuCJHr3TsR8hTYlueEChM<br>Distance_m: 1668]]></description>
      <styleUrl>#icon-1899-C2185B</styleUrl>
      <ExtendedData>
        <Data name="Description">
          <value/>
        </Data>
        <Data name="address">
          <value/>
        </Data>
        <Data name="phoneNumber">
          <value/>
        </Data>
        <Data name="Coordinates">
          <value>73.7545925,19.9768919</value>
        </Data>
        <Data name="Category">
          <value>hospital</value>
        </Data>
        <Data name="Address">
          <value>4th Floor, Suyash Chambers, Near Hotel Padma Trimurti Chwok Ambad Link Road, Abhiyanta Nagar, Kamatwade, New Nashik, 9, Nashik, Maharashtra 422008, India</value>
        </Data>
        <Data name="Latitude">
          <value>19.9768919</value>
        </Data>
        <Data name="Longitude">
          <value>73.7545925</value>
        </Data>
        <Data name="Rating">
          <value>2.9</value>
        </Data>
        <Data name="Place_ID">
          <value>ChIJ0TkuCJHr3TsR8hTYlueEChM</value>
        </Data>
        <Data name="Distance_m">
          <value>1668.0</value>
        </Data>
      </ExtendedData>
      <Point>
        <coordinates>
          73.7545925,19.9768919,0
        </coordinates>
      </Point>
    </Placemark>
    <Placemark>
      <name>SHIVRAYA HOSPITAL</name>
      <description><![CDATA[Description: <br>address: <br>phoneNumber: <br>Coordinates: 73.7447963,19.9693182<br>Category: hospital<br>Address: Vanashri colony, Ambad Link Rd, Ambad, Mahalakshmi Nagar, Kamatwade, Nashik, Maharashtra 422010, India<br>Latitude: 19.9693182<br>Longitude: 73.7447963<br>Rating: 3.5<br>Place_ID: ChIJ85KmKCfr3TsR54KluilZ_Ps<br>Distance_m: 2231]]></description>
      <styleUrl>#icon-1899-C2185B</styleUrl>
      <ExtendedData>
        <Data name="Description">
          <value/>
        </Data>
        <Data name="address">
          <value/>
        </Data>
        <Data name="phoneNumber">
          <value/>
        </Data>
        <Data name="Coordinates">
          <value>73.7447963,19.9693182</value>
        </Data>
        <Data name="Category">
          <value>hospital</value>
        </Data>
        <Data name="Address">
          <value>Vanashri colony, Ambad Link Rd, Ambad, Mahalakshmi Nagar, Kamatwade, Nashik, Maharashtra 422010, India</value>
        </Data>
        <Data name="Latitude">
          <value>19.9693182</value>
        </Data>
        <Data name="Longitude">
          <value>73.7447963</value>
        </Data>
        <Data name="Rating">
          <value>3.5</value>
        </Data>
        <Data name="Place_ID">
          <value>ChIJ85KmKCfr3TsR54KluilZ_Ps</value>
        </Data>
        <Data name="Distance_m">
          <value>2231.0</value>
        </Data>
      </ExtendedData>
      <Point>
        <coordinates>
          73.7447963,19.9693182,0
        </coordinates>
      </Point>
    </Placemark>
    <Placemark>
      <name>Narayani Hospital</name>
      <description><![CDATA[Description: <br>address: <br>phoneNumber: <br>Coordinates: 73.7858433,19.9833406<br>Category: hospital<br>Address: next to Shree Vallabh Apartment, behind Chhan Hotel, Mumbai Naka, Deepali Nagar, Nashik, Maharashtra 422009, India<br>Latitude: 19.9833406<br>Longitude: 73.7858433<br>Rating: 4.7<br>Place_ID: ChIJuzmxGBHr3TsRc-Lw8hBje38<br>Distance_m: 502]]></description>
      <styleUrl>#icon-1899-C2185B</styleUrl>
      <ExtendedData>
        <Data name="Description">
          <value/>
        </Data>
        <Data name="address">
          <value/>
        </Data>
        <Data name="phoneNumber">
          <value/>
        </Data>
        <Data name="Coordinates">
          <value>73.7858433,19.9833406</value>
        </Data>
        <Data name="Category">
          <value>hospital</value>
        </Data>
        <Data name="Address">
          <value>next to Shree Vallabh Apartment, behind Chhan Hotel, Mumbai Naka, Deepali Nagar, Nashik, Maharashtra 422009, India</value>
        </Data>
        <Data name="Latitude">
          <value>19.9833406</value>
        </Data>
        <Data name="Longitude">
          <value>73.7858433</value>
        </Data>
        <Data name="Rating">
          <value>4.7</value>
        </Data>
        <Data name="Place_ID">
          <value>ChIJuzmxGBHr3TsRc-Lw8hBje38</value>
        </Data>
        <Data name="Distance_m">
          <value>502.0</value>
        </Data>
      </ExtendedData>
      <Point>
        <coordinates>
          73.7858433,19.9833406,0
        </coordinates>
      </Point>
    </Placemark>
    <Placemark>
      <name>KRH - Soham Hospital , Nashik</name>
      <description><![CDATA[Description: <br>address: <br>phoneNumber: <br>Coordinates: 73.7857212,19.9821475<br>Category: hospital<br>Address: KARE RENASCENCE HOSPITAL, Archit sai Avenue Shree Vallabha Nagar, behind old Chhan Hotel, Mumbai Naka, Deepali Nagar, Nashik, Maharashtra 422009, India<br>Latitude: 19.9821475<br>Longitude: 73.7857212<br>Rating: 4.8<br>Place_ID: ChIJZcCqLw7r3TsROK6c0esPlto<br>Distance_m: 628]]></description>
      <styleUrl>#icon-1899-C2185B</styleUrl>
      <ExtendedData>
        <Data name="Description">
          <value/>
        </Data>
        <Data name="address">
          <value/>
        </Data>
        <Data name="phoneNumber">
          <value/>
        </Data>
        <Data name="Coordinates">
          <value>73.7857212,19.9821475</value>
        </Data>
        <Data name="Category">
          <value>hospital</value>
        </Data>
        <Data name="Address">
          <value>KARE RENASCENCE HOSPITAL, Archit sai Avenue Shree Vallabha Nagar, behind old Chhan Hotel, Mumbai Naka, Deepali Nagar, Nashik, Maharashtra 422009, India</value>
        </Data>
        <Data name="Latitude">
          <value>19.9821475</value>
        </Data>
        <Data name="Longitude">
          <value>73.7857212</value>
        </Data>
        <Data name="Rating">
          <value>4.8</value>
        </Data>
        <Data name="Place_ID">
          <value>ChIJZcCqLw7r3TsROK6c0esPlto</value>
        </Data>
        <Data name="Distance_m">
          <value>628.0</value>
        </Data>
      </ExtendedData>
      <Point>
        <coordinates>
          73.7857212,19.9821475,0
        </coordinates>
      </Point>
    </Placemark>
    <Placemark>
      <name>Raddiant Plus Hospital, Bhujbal farm</name>
      <description><![CDATA[Description: <br>address: <br>phoneNumber: <br>Coordinates: 73.7780066,19.9783306<br>Category: hospital<br>Address: 4th & 5th Floor, Roongta Bellvista, Mumbai Agra Service road, near Bhujbal farm, Sadguru Nagar, Nashik, Maharashtra 422009, India<br>Latitude: 19.9783306<br>Longitude: 73.7780066<br>Rating: 4.7<br>Place_ID: ChIJ6RrMfrnr3TsRI0f2l2QU3D4<br>Distance_m: 774]]></description>
      <styleUrl>#icon-1899-C2185B</styleUrl>
      <ExtendedData>
        <Data name="Description">
          <value/>
        </Data>
        <Data name="address">
          <value/>
        </Data>
        <Data name="phoneNumber">
          <value/>
        </Data>
        <Data name="Coordinates">
          <value>73.7780066,19.9783306</value>
        </Data>
        <Data name="Category">
          <value>hospital</value>
        </Data>
        <Data name="Address">
          <value><![CDATA[4th & 5th Floor, Roongta Bellvista, Mumbai Agra Service road, near Bhujbal farm, Sadguru Nagar, Nashik, Maharashtra 422009, India]]></value>
        </Data>
        <Data name="Latitude">
          <value>19.9783306</value>
        </Data>
        <Data name="Longitude">
          <value>73.7780066</value>
        </Data>
        <Data name="Rating">
          <value>4.7</value>
        </Data>
        <Data name="Place_ID">
          <value>ChIJ6RrMfrnr3TsRI0f2l2QU3D4</value>
        </Data>
        <Data name="Distance_m">
          <value>774.0</value>
        </Data>
      </ExtendedData>
      <Point>
        <coordinates>
          73.7780066,19.9783306,0
        </coordinates>
      </Point>
    </Placemark>
    <Placemark>
      <name><![CDATA[City Care Hospital & Research Center Private Limited]]></name>
      <description><![CDATA[Description: <br>address: <br>phoneNumber: <br>Coordinates: 73.8015729,19.987448<br>Category: hospital<br>Address: Nasardi Bridge, Near, Nashik - Pune Hwy, Dwarka, Nashik, Maharashtra 422011, India<br>Latitude: 19.987448<br>Longitude: 73.8015729<br>Rating: 3.4<br>Place_ID: ChIJuc3HGVSV3TsRT02lKH0CnQU<br>Distance_m: 1515]]></description>
      <styleUrl>#icon-1899-C2185B</styleUrl>
      <ExtendedData>
        <Data name="Description">
          <value/>
        </Data>
        <Data name="address">
          <value/>
        </Data>
        <Data name="phoneNumber">
          <value/>
        </Data>
        <Data name="Coordinates">
          <value>73.8015729,19.987448</value>
        </Data>
        <Data name="Category">
          <value>hospital</value>
        </Data>
        <Data name="Address">
          <value>Nasardi Bridge, Near, Nashik - Pune Hwy, Dwarka, Nashik, Maharashtra 422011, India</value>
        </Data>
        <Data name="Latitude">
          <value>19.987448</value>
        </Data>
        <Data name="Longitude">
          <value>73.8015729</value>
        </Data>
        <Data name="Rating">
          <value>3.4</value>
        </Data>
        <Data name="Place_ID">
          <value>ChIJuc3HGVSV3TsRT02lKH0CnQU</value>
        </Data>
        <Data name="Distance_m">
          <value>1515.0</value>
        </Data>
      </ExtendedData>
      <Point>
        <coordinates>
          73.8015729,19.987448,0
        </coordinates>
      </Point>
    </Placemark>
    <Placemark>
      <name>Sukhakarta Hospital</name>
      <description><![CDATA[Description: <br>address: <br>phoneNumber: <br>Coordinates: 73.7490161,19.9849464<br>Category: hospital<br>Address: ITI Ambad Rd, Near Vishwas Bank,Opp CITU bhavan Khutwad Nagar, near ITI Pool, Kartikay Nagar, Mogal Nagar, Nashik, Maharashtra 422008, India<br>Latitude: 19.9849464<br>Longitude: 73.7490161<br>Rating: 3.9<br>Place_ID: ChIJ2aweuWLr3TsRwT4x5M_Z8qM<br>Distance_m: 2723]]></description>
      <styleUrl>#icon-1899-C2185B</styleUrl>
      <ExtendedData>
        <Data name="Description">
          <value/>
        </Data>
        <Data name="address">
          <value/>
        </Data>
        <Data name="phoneNumber">
          <value/>
        </Data>
        <Data name="Coordinates">
          <value>73.7490161,19.9849464</value>
        </Data>
        <Data name="Category">
          <value>hospital</value>
        </Data>
        <Data name="Address">
          <value>ITI Ambad Rd, Near Vishwas Bank,Opp CITU bhavan Khutwad Nagar, near ITI Pool, Kartikay Nagar, Mogal Nagar, Nashik, Maharashtra 422008, India</value>
        </Data>
        <Data name="Latitude">
          <value>19.9849464</value>
        </Data>
        <Data name="Longitude">
          <value>73.7490161</value>
        </Data>
        <Data name="Rating">
          <value>3.9</value>
        </Data>
        <Data name="Place_ID">
          <value>ChIJ2aweuWLr3TsRwT4x5M_Z8qM</value>
        </Data>
        <Data name="Distance_m">
          <value>2723.0</value>
        </Data>
      </ExtendedData>
      <Point>
        <coordinates>
          73.7490161,19.9849464,0
        </coordinates>
      </Point>
    </Placemark>
    <Placemark>
      <name>Starcare Saykhedkar Hospital</name>
      <description><![CDATA[Description: <br>address: <br>phoneNumber: <br>Coordinates: 73.7542499,19.9809421<br>Category: hospital<br>Address: Old Saykhedkar Hospital, Chowk, Ambad-Trimurti Chowk Link Rd, opp. Matale Mangal Karyalaya, Indranagri, Cidco, Nashik, Maharashtra 422009, India<br>Latitude: 19.9809421<br>Longitude: 73.7542499<br>Rating: 4.7<br>Place_ID: ChIJS-fyOgHr3TsRv22qI7fTu3M<br>Distance_m: 2033]]></description>
      <styleUrl>#icon-1899-C2185B</styleUrl>
      <ExtendedData>
        <Data name="Description">
          <value/>
        </Data>
        <Data name="address">
          <value/>
        </Data>
        <Data name="phoneNumber">
          <value/>
        </Data>
        <Data name="Coordinates">
          <value>73.7542499,19.9809421</value>
        </Data>
        <Data name="Category">
          <value>hospital</value>
        </Data>
        <Data name="Address">
          <value>Old Saykhedkar Hospital, Chowk, Ambad-Trimurti Chowk Link Rd, opp. Matale Mangal Karyalaya, Indranagri, Cidco, Nashik, Maharashtra 422009, India</value>
        </Data>
        <Data name="Latitude">
          <value>19.9809421</value>
        </Data>
        <Data name="Longitude">
          <value>73.7542499</value>
        </Data>
        <Data name="Rating">
          <value>4.7</value>
        </Data>
        <Data name="Place_ID">
          <value>ChIJS-fyOgHr3TsRv22qI7fTu3M</value>
        </Data>
        <Data name="Distance_m">
          <value>2033.0</value>
        </Data>
      </ExtendedData>
      <Point>
        <coordinates>
          73.7542499,19.9809421,0
        </coordinates>
      </Point>
    </Placemark>
    <Placemark>
      <name>Siddhi Hospital / Mutha hospital</name>
      <description><![CDATA[Description: <br>address: <br>phoneNumber: <br>Coordinates: 73.7498103,19.9891645<br>Category: hospital<br>Address: P-67, MIDC, Trambakeshwar Rd, behind ITI, Gautam Nagar, Satya Colony, Satpur Colony, Nashik, Maharashtra 422005, India<br>Latitude: 19.9891645<br>Longitude: 73.7498103<br>Rating: 3.9<br>Place_ID: ChIJsUP1pX3r3TsRzJ1Nz02lbUI<br>Distance_m: 2338]]></description>
      <styleUrl>#icon-1899-C2185B</styleUrl>
      <ExtendedData>
        <Data name="Description">
          <value/>
        </Data>
        <Data name="address">
          <value/>
        </Data>
        <Data name="phoneNumber">
          <value/>
        </Data>
        <Data name="Coordinates">
          <value>73.7498103,19.9891645</value>
        </Data>
        <Data name="Category">
          <value>hospital</value>
        </Data>
        <Data name="Address">
          <value>P-67, MIDC, Trambakeshwar Rd, behind ITI, Gautam Nagar, Satya Colony, Satpur Colony, Nashik, Maharashtra 422005, India</value>
        </Data>
        <Data name="Latitude">
          <value>19.9891645</value>
        </Data>
        <Data name="Longitude">
          <value>73.7498103</value>
        </Data>
        <Data name="Rating">
          <value>3.9</value>
        </Data>
        <Data name="Place_ID">
          <value>ChIJsUP1pX3r3TsRzJ1Nz02lbUI</value>
        </Data>
        <Data name="Distance_m">
          <value>2338.0</value>
        </Data>
      </ExtendedData>
      <Point>
        <coordinates>
          73.7498103,19.9891645,0
        </coordinates>
      </Point>
    </Placemark>
    <Placemark>
      <name>Soham Hospital</name>
      <description><![CDATA[Description: <br>address: <br>phoneNumber: <br>Coordinates: 73.7857249,19.9817329<br>Category: general_hospital<br>Address: Archit sai Avenue Shree Vallabha Nagar Third Floor, Suyojit Sankul behind old Chhan Hotel Mumbai Naka, Nashik, Maharashtra 422001, Deepali Nagar, Nashik, Maharashtra 422009, India<br>Latitude: 19.9817329<br>Longitude: 73.7857249<br>Rating: 3.1<br>Place_ID: ChIJ3_PZr6Dr3TsRdg9W2Rm6Q8k<br>Distance_m: 2516]]></description>
      <styleUrl>#icon-1899-C2185B</styleUrl>
      <ExtendedData>
        <Data name="Description">
          <value/>
        </Data>
        <Data name="address">
          <value/>
        </Data>
        <Data name="phoneNumber">
          <value/>
        </Data>
        <Data name="Coordinates">
          <value>73.7857249,19.9817329</value>
        </Data>
        <Data name="Category">
          <value>general_hospital</value>
        </Data>
        <Data name="Address">
          <value>Archit sai Avenue Shree Vallabha Nagar Third Floor, Suyojit Sankul behind old Chhan Hotel Mumbai Naka, Nashik, Maharashtra 422001, Deepali Nagar, Nashik, Maharashtra 422009, India</value>
        </Data>
        <Data name="Latitude">
          <value>19.9817329</value>
        </Data>
        <Data name="Longitude">
          <value>73.7857249</value>
        </Data>
        <Data name="Rating">
          <value>3.1</value>
        </Data>
        <Data name="Place_ID">
          <value>ChIJ3_PZr6Dr3TsRdg9W2Rm6Q8k</value>
        </Data>
        <Data name="Distance_m">
          <value>2516.0</value>
        </Data>
      </ExtendedData>
      <Point>
        <coordinates>
          73.7857249,19.9817329,0
        </coordinates>
      </Point>
    </Placemark>
    <Placemark>
      <name>Suvichar Hospital</name>
      <description><![CDATA[Description: <br>address: <br>phoneNumber: <br>Coordinates: 73.8026592,19.9827352<br>Category: general_hospital<br>Address: Ganesh Baba Nagar, Nashik, Maharashtra 422011, India<br>Latitude: 19.9827352<br>Longitude: 73.8026592<br>Rating: 4.1<br>Place_ID: ChIJWUkq5Obq3TsR8xI0F0OevhE<br>Distance_m: 1158]]></description>
      <styleUrl>#icon-1899-C2185B</styleUrl>
      <ExtendedData>
        <Data name="Description">
          <value/>
        </Data>
        <Data name="address">
          <value/>
        </Data>
        <Data name="phoneNumber">
          <value/>
        </Data>
        <Data name="Coordinates">
          <value>73.8026592,19.9827352</value>
        </Data>
        <Data name="Category">
          <value>general_hospital</value>
        </Data>
        <Data name="Address">
          <value>Ganesh Baba Nagar, Nashik, Maharashtra 422011, India</value>
        </Data>
        <Data name="Latitude">
          <value>19.9827352</value>
        </Data>
        <Data name="Longitude">
          <value>73.8026592</value>
        </Data>
        <Data name="Rating">
          <value>4.1</value>
        </Data>
        <Data name="Place_ID">
          <value>ChIJWUkq5Obq3TsR8xI0F0OevhE</value>
        </Data>
        <Data name="Distance_m">
          <value>1158.0</value>
        </Data>
      </ExtendedData>
      <Point>
        <coordinates>
          73.8026592,19.9827352,0
        </coordinates>
      </Point>
    </Placemark>
    <Placemark>
      <name>Janahit Hospital Private Limited (Dr. Mahesh Malu)| Top laparoscopic Surgeon in Nashik</name>
      <description><![CDATA[Description: <br>address: <br>phoneNumber: <br>Coordinates: 73.7769568,19.9817705<br>Category: hospital<br>Address: Rajmata Jijau Marg, near Sagar Sweets, Govind Nagar, Nashik, Maharashtra 422009, India<br>Latitude: 19.9817705<br>Longitude: 73.7769568<br>Rating: 4.8<br>Place_ID: ChIJS-fyOgHr3TsR7u1Mg4jATsg<br>Distance_m: 2125]]></description>
      <styleUrl>#icon-1899-C2185B</styleUrl>
      <ExtendedData>
        <Data name="Description">
          <value/>
        </Data>
        <Data name="address">
          <value/>
        </Data>
        <Data name="phoneNumber">
          <value/>
        </Data>
        <Data name="Coordinates">
          <value>73.7769568,19.9817705</value>
        </Data>
        <Data name="Category">
          <value>hospital</value>
        </Data>
        <Data name="Address">
          <value>Rajmata Jijau Marg, near Sagar Sweets, Govind Nagar, Nashik, Maharashtra 422009, India</value>
        </Data>
        <Data name="Latitude">
          <value>19.9817705</value>
        </Data>
        <Data name="Longitude">
          <value>73.7769568</value>
        </Data>
        <Data name="Rating">
          <value>4.8</value>
        </Data>
        <Data name="Place_ID">
          <value>ChIJS-fyOgHr3TsR7u1Mg4jATsg</value>
        </Data>
        <Data name="Distance_m">
          <value>2125.0</value>
        </Data>
      </ExtendedData>
      <Point>
        <coordinates>
          73.7769568,19.9817705,0
        </coordinates>
      </Point>
    </Placemark>
    <Placemark>
      <name><![CDATA[Dr. Ashwin Parkhe's SAYKHEDKAR HOSPITAL]]></name>
      <description><![CDATA[Description: <br>address: <br>phoneNumber: <br>Coordinates: 73.7542035,19.9815626<br>Category: hospital<br>Address: Trimurti-Kamatwade Rd, near sai care hospital, Indranagri, Cidco, Nashik, Maharashtra 422008, India<br>Latitude: 19.9815626<br>Longitude: 73.7542035<br>Rating: 4.3<br>Place_ID: ChIJP-KEdHvr3TsRwEuHUVKQyb8<br>Distance_m: 1081]]></description>
      <styleUrl>#icon-1899-C2185B</styleUrl>
      <ExtendedData>
        <Data name="Description">
          <value/>
        </Data>
        <Data name="address">
          <value/>
        </Data>
        <Data name="phoneNumber">
          <value/>
        </Data>
        <Data name="Coordinates">
          <value>73.7542035,19.9815626</value>
        </Data>
        <Data name="Category">
          <value>hospital</value>
        </Data>
        <Data name="Address">
          <value>Trimurti-Kamatwade Rd, near sai care hospital, Indranagri, Cidco, Nashik, Maharashtra 422008, India</value>
        </Data>
        <Data name="Latitude">
          <value>19.9815626</value>
        </Data>
        <Data name="Longitude">
          <value>73.7542035</value>
        </Data>
        <Data name="Rating">
          <value>4.3</value>
        </Data>
        <Data name="Place_ID">
          <value>ChIJP-KEdHvr3TsRwEuHUVKQyb8</value>
        </Data>
        <Data name="Distance_m">
          <value>1081.0</value>
        </Data>
      </ExtendedData>
      <Point>
        <coordinates>
          73.7542035,19.9815626,0
        </coordinates>
      </Point>
    </Placemark>
    <Placemark>
      <name>MANAS HOSPITAL, Mahesh Nagar, Tidke Colony, Opposite Tupsakhre Lawns,Behind Manas Hospital, Mumbai Naka, Nashik</name>
      <description><![CDATA[Description: <br>address: <br>phoneNumber: <br>Coordinates: 73.7776678,19.9893995<br>Category: hospital<br>Address: XQQH+R3F, Colony Rd, opposite Tupsakhre Lawns, Mahesh Nagar, Mumbai Naka, Matoshree Nagar, Nashik, Maharashtra 422002, India<br>Latitude: 19.9893995<br>Longitude: 73.7776678<br>Rating: 3.8<br>Place_ID: ChIJQVwnDw7r3TsRsNSqCVD3CT4<br>Distance_m: 749]]></description>
      <styleUrl>#icon-1899-C2185B</styleUrl>
      <ExtendedData>
        <Data name="Description">
          <value/>
        </Data>
        <Data name="address">
          <value/>
        </Data>
        <Data name="phoneNumber">
          <value/>
        </Data>
        <Data name="Coordinates">
          <value>73.7776678,19.9893995</value>
        </Data>
        <Data name="Category">
          <value>hospital</value>
        </Data>
        <Data name="Address">
          <value>XQQH+R3F, Colony Rd, opposite Tupsakhre Lawns, Mahesh Nagar, Mumbai Naka, Matoshree Nagar, Nashik, Maharashtra 422002, India</value>
        </Data>
        <Data name="Latitude">
          <value>19.9893995</value>
        </Data>
        <Data name="Longitude">
          <value>73.7776678</value>
        </Data>
        <Data name="Rating">
          <value>3.8</value>
        </Data>
        <Data name="Place_ID">
          <value>ChIJQVwnDw7r3TsRsNSqCVD3CT4</value>
        </Data>
        <Data name="Distance_m">
          <value>749.0</value>
        </Data>
      </ExtendedData>
      <Point>
        <coordinates>
          73.7776678,19.9893995,0
        </coordinates>
      </Point>
    </Placemark>
    <Placemark>
      <name>Suyash Hospital</name>
      <description><![CDATA[Description: <br>address: <br>phoneNumber: <br>Coordinates: 73.7796677,19.9889793<br>Category: hospital<br>Address: Ahilyabai, Ahilyadevi Holkar Rd, near Tupsakhre Lawns, Mumbai Naka, Matoshree Nagar, Nashik, Maharashtra 422002, India<br>Latitude: 19.9889793<br>Longitude: 73.7796677<br>Rating: 3.5<br>Place_ID: ChIJXcYdKQ7r3TsRxhdajnoRqRQ<br>Distance_m: 535]]></description>
      <styleUrl>#icon-1899-C2185B</styleUrl>
      <ExtendedData>
        <Data name="Description">
          <value/>
        </Data>
        <Data name="address">
          <value/>
        </Data>
        <Data name="phoneNumber">
          <value/>
        </Data>
        <Data name="Coordinates">
          <value>73.7796677,19.9889793</value>
        </Data>
        <Data name="Category">
          <value>hospital</value>
        </Data>
        <Data name="Address">
          <value>Ahilyabai, Ahilyadevi Holkar Rd, near Tupsakhre Lawns, Mumbai Naka, Matoshree Nagar, Nashik, Maharashtra 422002, India</value>
        </Data>
        <Data name="Latitude">
          <value>19.9889793</value>
        </Data>
        <Data name="Longitude">
          <value>73.7796677</value>
        </Data>
        <Data name="Rating">
          <value>3.5</value>
        </Data>
        <Data name="Place_ID">
          <value>ChIJXcYdKQ7r3TsRxhdajnoRqRQ</value>
        </Data>
        <Data name="Distance_m">
          <value>535.0</value>
        </Data>
      </ExtendedData>
      <Point>
        <coordinates>
          73.7796677,19.9889793,0
        </coordinates>
      </Point>
    </Placemark>
    <Placemark>
      <name>Navsanjeevani Hospital Nashik</name>
      <description><![CDATA[Description: <br>address: <br>phoneNumber: <br>Coordinates: 73.7778626,19.9878752<br>Category: hospital<br>Address: Navsanjeevani Hospital, opposite Nelson Memorial Children's Hospital Pvt. Ltd, Mumbai Naka, Matoshree Nagar, Nashik, Maharashtra 422002, India<br>Latitude: 19.9878752<br>Longitude: 73.7778626<br>Rating: 4.4<br>Place_ID: ChIJWXwOarnr3TsRlvLLsclibUQ<br>Distance_m: 704]]></description>
      <styleUrl>#icon-1899-C2185B</styleUrl>
      <ExtendedData>
        <Data name="Description">
          <value/>
        </Data>
        <Data name="address">
          <value/>
        </Data>
        <Data name="phoneNumber">
          <value/>
        </Data>
        <Data name="Coordinates">
          <value>73.7778626,19.9878752</value>
        </Data>
        <Data name="Category">
          <value>hospital</value>
        </Data>
        <Data name="Address">
          <value><![CDATA[Navsanjeevani Hospital, opposite Nelson Memorial Children's Hospital Pvt. Ltd, Mumbai Naka, Matoshree Nagar, Nashik, Maharashtra 422002, India]]></value>
        </Data>
        <Data name="Latitude">
          <value>19.9878752</value>
        </Data>
        <Data name="Longitude">
          <value>73.7778626</value>
        </Data>
        <Data name="Rating">
          <value>4.4</value>
        </Data>
        <Data name="Place_ID">
          <value>ChIJWXwOarnr3TsRlvLLsclibUQ</value>
        </Data>
        <Data name="Distance_m">
          <value>704.0</value>
        </Data>
      </ExtendedData>
      <Point>
        <coordinates>
          73.7778626,19.9878752,0
        </coordinates>
      </Point>
    </Placemark>
    <Placemark>
      <name>Metro Hospital</name>
      <description><![CDATA[Description: <br>address: <br>phoneNumber: <br>Coordinates: 73.7938329,19.991194<br>Category: hospital<br>Address: Wadala Rd, Basement, Raza Classic, near Nashik, Kazi Nagar, General Vaidya Nagar, Nashik, Maharashtra 422011, India<br>Latitude: 19.991194<br>Longitude: 73.7938329<br>Rating: 4.2<br>Place_ID: ChIJCRZ6vALr3TsRmXBB-pgrTuQ<br>Distance_m: 2298]]></description>
      <styleUrl>#icon-1899-C2185B</styleUrl>
      <ExtendedData>
        <Data name="Description">
          <value/>
        </Data>
        <Data name="address">
          <value/>
        </Data>
        <Data name="phoneNumber">
          <value/>
        </Data>
        <Data name="Coordinates">
          <value>73.7938329,19.991194</value>
        </Data>
        <Data name="Category">
          <value>hospital</value>
        </Data>
        <Data name="Address">
          <value>Wadala Rd, Basement, Raza Classic, near Nashik, Kazi Nagar, General Vaidya Nagar, Nashik, Maharashtra 422011, India</value>
        </Data>
        <Data name="Latitude">
          <value>19.991194</value>
        </Data>
        <Data name="Longitude">
          <value>73.7938329</value>
        </Data>
        <Data name="Rating">
          <value>4.2</value>
        </Data>
        <Data name="Place_ID">
          <value>ChIJCRZ6vALr3TsRmXBB-pgrTuQ</value>
        </Data>
        <Data name="Distance_m">
          <value>2298.0</value>
        </Data>
      </ExtendedData>
      <Point>
        <coordinates>
          73.7938329,19.991194,0
        </coordinates>
      </Point>
    </Placemark>
    <Placemark>
      <name>New National Hospital</name>
      <description><![CDATA[Description: <br>address: <br>phoneNumber: <br>Coordinates: 73.79422,19.9907079<br>Category: hospital<br>Address: New National Hospital, Wadala Rd, opp. Aaiesha Masjid, Kazi Nagar, General Vaidya Nagar, Nashik, Maharashtra 422011, India<br>Latitude: 19.9907079<br>Longitude: 73.79422<br>Rating: 5<br>Place_ID: ChIJa1WUrwLr3TsRtr6VE0ORiuU<br>Distance_m: 2244]]></description>
      <styleUrl>#icon-1899-C2185B</styleUrl>
      <ExtendedData>
        <Data name="Description">
          <value/>
        </Data>
        <Data name="address">
          <value/>
        </Data>
        <Data name="phoneNumber">
          <value/>
        </Data>
        <Data name="Coordinates">
          <value>73.79422,19.9907079</value>
        </Data>
        <Data name="Category">
          <value>hospital</value>
        </Data>
        <Data name="Address">
          <value>New National Hospital, Wadala Rd, opp. Aaiesha Masjid, Kazi Nagar, General Vaidya Nagar, Nashik, Maharashtra 422011, India</value>
        </Data>
        <Data name="Latitude">
          <value>19.9907079</value>
        </Data>
        <Data name="Longitude">
          <value>73.79422</value>
        </Data>
        <Data name="Rating">
          <value>5.0</value>
        </Data>
        <Data name="Place_ID">
          <value>ChIJa1WUrwLr3TsRtr6VE0ORiuU</value>
        </Data>
        <Data name="Distance_m">
          <value>2244.0</value>
        </Data>
      </ExtendedData>
      <Point>
        <coordinates>
          73.79422,19.9907079,0
        </coordinates>
      </Point>
    </Placemark>
    <Placemark>
      <name>Aadhar Hospital</name>
      <description><![CDATA[Description: <br>address: <br>phoneNumber: <br>Coordinates: 73.7930367,19.9938476<br>Category: hospital<br>Address: 1st Floor, Express Tower, Wadala Naka, Dwarka, Nashik, Maharashtra 422001, India<br>Latitude: 19.9938476<br>Longitude: 73.7930367<br>Rating: 4.3<br>Place_ID: ChIJr1EUfQLr3TsRQf9qjd4Ltos<br>Distance_m: 2472]]></description>
      <styleUrl>#icon-1899-C2185B</styleUrl>
      <ExtendedData>
        <Data name="Description">
          <value/>
        </Data>
        <Data name="address">
          <value/>
        </Data>
        <Data name="phoneNumber">
          <value/>
        </Data>
        <Data name="Coordinates">
          <value>73.7930367,19.9938476</value>
        </Data>
        <Data name="Category">
          <value>hospital</value>
        </Data>
        <Data name="Address">
          <value>1st Floor, Express Tower, Wadala Naka, Dwarka, Nashik, Maharashtra 422001, India</value>
        </Data>
        <Data name="Latitude">
          <value>19.9938476</value>
        </Data>
        <Data name="Longitude">
          <value>73.7930367</value>
        </Data>
        <Data name="Rating">
          <value>4.3</value>
        </Data>
        <Data name="Place_ID">
          <value>ChIJr1EUfQLr3TsRQf9qjd4Ltos</value>
        </Data>
        <Data name="Distance_m">
          <value>2472.0</value>
        </Data>
      </ExtendedData>
      <Point>
        <coordinates>
          73.7930367,19.9938476,0
        </coordinates>
      </Point>
    </Placemark>
    <Placemark>
      <name>Shree Sparsh Hospital</name>
      <description><![CDATA[Description: <br>address: <br>phoneNumber: <br>Coordinates: 73.7851875,19.988157<br>Category: hospital<br>Address: near Rushabh Honda, Mumbai Naka, Renuka Nagar, Nashik, Maharashtra 422001, India<br>Latitude: 19.988157<br>Longitude: 73.7851875<br>Rating: 4.6<br>Place_ID: ChIJR8k5tfLr3TsRNpl3n-TPDj4<br>Distance_m: 80]]></description>
      <styleUrl>#icon-1899-C2185B</styleUrl>
      <ExtendedData>
        <Data name="Description">
          <value/>
        </Data>
        <Data name="address">
          <value/>
        </Data>
        <Data name="phoneNumber">
          <value/>
        </Data>
        <Data name="Coordinates">
          <value>73.7851875,19.988157</value>
        </Data>
        <Data name="Category">
          <value>hospital</value>
        </Data>
        <Data name="Address">
          <value>near Rushabh Honda, Mumbai Naka, Renuka Nagar, Nashik, Maharashtra 422001, India</value>
        </Data>
        <Data name="Latitude">
          <value>19.988157</value>
        </Data>
        <Data name="Longitude">
          <value>73.7851875</value>
        </Data>
        <Data name="Rating">
          <value>4.6</value>
        </Data>
        <Data name="Place_ID">
          <value>ChIJR8k5tfLr3TsRNpl3n-TPDj4</value>
        </Data>
        <Data name="Distance_m">
          <value>80.0</value>
        </Data>
      </ExtendedData>
      <Point>
        <coordinates>
          73.7851875,19.988157,0
        </coordinates>
      </Point>
    </Placemark>
    <Placemark>
      <name>Sudarshan Hospital</name>
      <description><![CDATA[Description: <br>address: <br>phoneNumber: <br>Coordinates: 73.783065,19.9921552<br>Category: hospital<br>Address: City Plaza, Opp. Kalika Mandir, Old Agra Rd, Mumbai Naka, Renuka Nagar, Nashik, Maharashtra 422001, India<br>Latitude: 19.9921552<br>Longitude: 73.783065<br>Rating: 3.8<br>Place_ID: ChIJPRzBgwXr3TsRwCAew7BY5tI<br>Distance_m: 521]]></description>
      <styleUrl>#icon-1899-C2185B</styleUrl>
      <ExtendedData>
        <Data name="Description">
          <value/>
        </Data>
        <Data name="address">
          <value/>
        </Data>
        <Data name="phoneNumber">
          <value/>
        </Data>
        <Data name="Coordinates">
          <value>73.783065,19.9921552</value>
        </Data>
        <Data name="Category">
          <value>hospital</value>
        </Data>
        <Data name="Address">
          <value>City Plaza, Opp. Kalika Mandir, Old Agra Rd, Mumbai Naka, Renuka Nagar, Nashik, Maharashtra 422001, India</value>
        </Data>
        <Data name="Latitude">
          <value>19.9921552</value>
        </Data>
        <Data name="Longitude">
          <value>73.783065</value>
        </Data>
        <Data name="Rating">
          <value>3.8</value>
        </Data>
        <Data name="Place_ID">
          <value>ChIJPRzBgwXr3TsRwCAew7BY5tI</value>
        </Data>
        <Data name="Distance_m">
          <value>521.0</value>
        </Data>
      </ExtendedData>
      <Point>
        <coordinates>
          73.783065,19.9921552,0
        </coordinates>
      </Point>
    </Placemark>
    <Placemark>
      <name>Sunrise Hospital</name>
      <description><![CDATA[Description: <br>address: <br>phoneNumber: <br>Coordinates: 73.7776543,20.0006215<br>Category: general_hospital<br>Address: 3rd Floor, Suyojit Modern Point, Sharanpur Road, Opp. Police Parade Ground, Police Staff Colony, Old Pandit Colony, Police Staff Colony, Nashik, Maharashtra 422002, India<br>Latitude: 20.0006215<br>Longitude: 73.7776543<br>Rating: 4.2<br>Place_ID: ChIJXc--Uafr3TsRr9h2m_8nbO4<br>Distance_m: 345]]></description>
      <styleUrl>#icon-1899-C2185B</styleUrl>
      <ExtendedData>
        <Data name="Description">
          <value/>
        </Data>
        <Data name="address">
          <value/>
        </Data>
        <Data name="phoneNumber">
          <value/>
        </Data>
        <Data name="Coordinates">
          <value>73.7776543,20.0006215</value>
        </Data>
        <Data name="Category">
          <value>general_hospital</value>
        </Data>
        <Data name="Address">
          <value>3rd Floor, Suyojit Modern Point, Sharanpur Road, Opp. Police Parade Ground, Police Staff Colony, Old Pandit Colony, Police Staff Colony, Nashik, Maharashtra 422002, India</value>
        </Data>
        <Data name="Latitude">
          <value>20.0006215</value>
        </Data>
        <Data name="Longitude">
          <value>73.7776543</value>
        </Data>
        <Data name="Rating">
          <value>4.2</value>
        </Data>
        <Data name="Place_ID">
          <value>ChIJXc--Uafr3TsRr9h2m_8nbO4</value>
        </Data>
        <Data name="Distance_m">
          <value>345.0</value>
        </Data>
      </ExtendedData>
      <Point>
        <coordinates>
          73.7776543,20.0006215,0
        </coordinates>
      </Point>
    </Placemark>
    <Placemark>
      <name>Sushrut Hospital</name>
      <description><![CDATA[Description: <br>address: <br>phoneNumber: <br>Coordinates: 73.7752974,20.0027833<br>Category: hospital<br>Address: Gautam New Pandit Colony, Sharanpur Road, Sharanpur, opposite Lion Garden, New Pandit Colony, Nashik, Maharashtra 422002, India<br>Latitude: 20.0027833<br>Longitude: 73.7752974<br>Rating: 4<br>Place_ID: ChIJS7yUqKDr3TsRsauJxml4kMA<br>Distance_m: 131]]></description>
      <styleUrl>#icon-1899-C2185B</styleUrl>
      <ExtendedData>
        <Data name="Description">
          <value/>
        </Data>
        <Data name="address">
          <value/>
        </Data>
        <Data name="phoneNumber">
          <value/>
        </Data>
        <Data name="Coordinates">
          <value>73.7752974,20.0027833</value>
        </Data>
        <Data name="Category">
          <value>hospital</value>
        </Data>
        <Data name="Address">
          <value>Gautam New Pandit Colony, Sharanpur Road, Sharanpur, opposite Lion Garden, New Pandit Colony, Nashik, Maharashtra 422002, India</value>
        </Data>
        <Data name="Latitude">
          <value>20.0027833</value>
        </Data>
        <Data name="Longitude">
          <value>73.7752974</value>
        </Data>
        <Data name="Rating">
          <value>4.0</value>
        </Data>
        <Data name="Place_ID">
          <value>ChIJS7yUqKDr3TsRsauJxml4kMA</value>
        </Data>
        <Data name="Distance_m">
          <value>131.0</value>
        </Data>
      </ExtendedData>
      <Point>
        <coordinates>
          73.7752974,20.0027833,0
        </coordinates>
      </Point>
    </Placemark>
    <Placemark>
      <name>Civil Hospital</name>
      <description><![CDATA[Description: <br>address: <br>phoneNumber: <br>Coordinates: 73.7783027,19.9967871<br>Category: hospital<br>Address: Trambakeshwar Rd, Police Staff Colony, Nashik, Maharashtra 422002, India<br>Latitude: 19.9967871<br>Longitude: 73.7783027<br>Rating: 3.2<br>Place_ID: ChIJ5QvLdgnr3TsRRR67VAbATQQ<br>Distance_m: 679]]></description>
      <styleUrl>#icon-1899-C2185B</styleUrl>
      <ExtendedData>
        <Data name="Description">
          <value/>
        </Data>
        <Data name="address">
          <value/>
        </Data>
        <Data name="phoneNumber">
          <value/>
        </Data>
        <Data name="Coordinates">
          <value>73.7783027,19.9967871</value>
        </Data>
        <Data name="Category">
          <value>hospital</value>
        </Data>
        <Data name="Address">
          <value>Trambakeshwar Rd, Police Staff Colony, Nashik, Maharashtra 422002, India</value>
        </Data>
        <Data name="Latitude">
          <value>19.9967871</value>
        </Data>
        <Data name="Longitude">
          <value>73.7783027</value>
        </Data>
        <Data name="Rating">
          <value>3.2</value>
        </Data>
        <Data name="Place_ID">
          <value>ChIJ5QvLdgnr3TsRRR67VAbATQQ</value>
        </Data>
        <Data name="Distance_m">
          <value>679.0</value>
        </Data>
      </ExtendedData>
      <Point>
        <coordinates>
          73.7783027,19.9967871,0
        </coordinates>
      </Point>
    </Placemark>
    <Placemark>
      <name>DR. Kulkarni Nursing Home</name>
      <description><![CDATA[Description: <br>address: <br>phoneNumber: <br>Coordinates: 73.7862554,20.0064227<br>Category: doctor<br>Address: 453, Vakil Wadi, Ashok Stambh, Raviwar Karanja, Panchavati, Nashik, Maharashtra 422001, India<br>Latitude: 20.0064227<br>Longitude: 73.7862554<br>Rating: 4.5<br>Place_ID: ChIJFcf_Janr3TsR2scRhfr1TLE<br>Distance_m: 2349]]></description>
      <styleUrl>#icon-1899-C2185B</styleUrl>
      <ExtendedData>
        <Data name="Description">
          <value/>
        </Data>
        <Data name="address">
          <value/>
        </Data>
        <Data name="phoneNumber">
          <value/>
        </Data>
        <Data name="Coordinates">
          <value>73.7862554,20.0064227</value>
        </Data>
        <Data name="Category">
          <value>doctor</value>
        </Data>
        <Data name="Address">
          <value>453, Vakil Wadi, Ashok Stambh, Raviwar Karanja, Panchavati, Nashik, Maharashtra 422001, India</value>
        </Data>
        <Data name="Latitude">
          <value>20.0064227</value>
        </Data>
        <Data name="Longitude">
          <value>73.7862554</value>
        </Data>
        <Data name="Rating">
          <value>4.5</value>
        </Data>
        <Data name="Place_ID">
          <value>ChIJFcf_Janr3TsR2scRhfr1TLE</value>
        </Data>
        <Data name="Distance_m">
          <value>2349.0</value>
        </Data>
      </ExtendedData>
      <Point>
        <coordinates>
          73.7862554,20.0064227,0
        </coordinates>
      </Point>
    </Placemark>
    <Placemark>
      <name>Chaitanya Nursing Home</name>
      <description><![CDATA[Description: <br>address: <br>phoneNumber: <br>Coordinates: 73.7851147,20.0070576<br>Category: health<br>Address: Rungtha High School Rd, Gharpure Ghat Rd, opp. Asharashram, Ashok Stambh, Raviwar Karanja, Shivaji Nagar, Nashik, Maharashtra 422001, India<br>Latitude: 20.0070576<br>Longitude: 73.7851147<br>Rating: 4.2<br>Place_ID: ChIJS-fyOgHr3TsRvYJGAE-JLf0<br>Distance_m: 1245]]></description>
      <styleUrl>#icon-1899-C2185B</styleUrl>
      <ExtendedData>
        <Data name="Description">
          <value/>
        </Data>
        <Data name="address">
          <value/>
        </Data>
        <Data name="phoneNumber">
          <value/>
        </Data>
        <Data name="Coordinates">
          <value>73.7851147,20.0070576</value>
        </Data>
        <Data name="Category">
          <value>health</value>
        </Data>
        <Data name="Address">
          <value>Rungtha High School Rd, Gharpure Ghat Rd, opp. Asharashram, Ashok Stambh, Raviwar Karanja, Shivaji Nagar, Nashik, Maharashtra 422001, India</value>
        </Data>
        <Data name="Latitude">
          <value>20.0070576</value>
        </Data>
        <Data name="Longitude">
          <value>73.7851147</value>
        </Data>
        <Data name="Rating">
          <value>4.2</value>
        </Data>
        <Data name="Place_ID">
          <value>ChIJS-fyOgHr3TsRvYJGAE-JLf0</value>
        </Data>
        <Data name="Distance_m">
          <value>1245.0</value>
        </Data>
      </ExtendedData>
      <Point>
        <coordinates>
          73.7851147,20.0070576,0
        </coordinates>
      </Point>
    </Placemark>
    <Placemark>
      <name>Prime Hospital</name>
      <description><![CDATA[Description: <br>address: <br>phoneNumber: <br>Coordinates: 73.7563732,20.011974<br>Category: hospital<br>Address: One Gangapur, Jehan Circle, Gangapur Rd, D'souza Colony, Nashik, Maharashtra 422013, India<br>Latitude: 20.011974<br>Longitude: 73.7563732<br>Rating: 4.9<br>Place_ID: ChIJwzw9TSPr3TsR5qv-K8ekwzY<br>Distance_m: 645]]></description>
      <styleUrl>#icon-1899-C2185B</styleUrl>
      <ExtendedData>
        <Data name="Description">
          <value/>
        </Data>
        <Data name="address">
          <value/>
        </Data>
        <Data name="phoneNumber">
          <value/>
        </Data>
        <Data name="Coordinates">
          <value>73.7563732,20.011974</value>
        </Data>
        <Data name="Category">
          <value>hospital</value>
        </Data>
        <Data name="Address">
          <value><![CDATA[One Gangapur, Jehan Circle, Gangapur Rd, D'souza Colony, Nashik, Maharashtra 422013, India]]></value>
        </Data>
        <Data name="Latitude">
          <value>20.011974</value>
        </Data>
        <Data name="Longitude">
          <value>73.7563732</value>
        </Data>
        <Data name="Rating">
          <value>4.9</value>
        </Data>
        <Data name="Place_ID">
          <value>ChIJwzw9TSPr3TsR5qv-K8ekwzY</value>
        </Data>
        <Data name="Distance_m">
          <value>645.0</value>
        </Data>
      </ExtendedData>
      <Point>
        <coordinates>
          73.7563732,20.011974,0
        </coordinates>
      </Point>
    </Placemark>
    <Placemark>
      <name>Sanjivan Hospital</name>
      <description><![CDATA[Description: <br>address: <br>phoneNumber: <br>Coordinates: 73.7698092,20.0099177<br>Category: hospital<br>Address: 59, 60, behind Khatib Dairy, Old Gangapur Naka, Sapthshrungi Colony, Shreerang Nagar, Nashik, Maharashtra 422013, India<br>Latitude: 20.0099177<br>Longitude: 73.7698092<br>Rating: 4.8<br>Place_ID: ChIJszYgFpjr3TsRaxFIEfatIvQ<br>Distance_m: 2064]]></description>
      <styleUrl>#icon-1899-C2185B</styleUrl>
      <ExtendedData>
        <Data name="Description">
          <value/>
        </Data>
        <Data name="address">
          <value/>
        </Data>
        <Data name="phoneNumber">
          <value/>
        </Data>
        <Data name="Coordinates">
          <value>73.7698092,20.0099177</value>
        </Data>
        <Data name="Category">
          <value>hospital</value>
        </Data>
        <Data name="Address">
          <value>59, 60, behind Khatib Dairy, Old Gangapur Naka, Sapthshrungi Colony, Shreerang Nagar, Nashik, Maharashtra 422013, India</value>
        </Data>
        <Data name="Latitude">
          <value>20.0099177</value>
        </Data>
        <Data name="Longitude">
          <value>73.7698092</value>
        </Data>
        <Data name="Rating">
          <value>4.8</value>
        </Data>
        <Data name="Place_ID">
          <value>ChIJszYgFpjr3TsRaxFIEfatIvQ</value>
        </Data>
        <Data name="Distance_m">
          <value>2064.0</value>
        </Data>
      </ExtendedData>
      <Point>
        <coordinates>
          73.7698092,20.0099177,0
        </coordinates>
      </Point>
    </Placemark>
    <Placemark>
      <name>NSS MKCURE HOSPITAL</name>
      <description><![CDATA[Description: <br>address: <br>phoneNumber: <br>Coordinates: 73.7564225,20.0108806<br>Category: hospital<br>Address: Narayan sonawane marg,Old D'souza Colony, 2Q64+9H3 Jehan Cercal, Gangapur Rd, D'souza Colony, Nashik, Maharashtra 422005, India<br>Latitude: 20.0108806<br>Longitude: 73.7564225<br>Rating: 5<br>Place_ID: ChIJIcfZNwDr3TsRFTbwZlIOCFw<br>Distance_m: 666]]></description>
      <styleUrl>#icon-1899-C2185B</styleUrl>
      <ExtendedData>
        <Data name="Description">
          <value/>
        </Data>
        <Data name="address">
          <value/>
        </Data>
        <Data name="phoneNumber">
          <value/>
        </Data>
        <Data name="Coordinates">
          <value>73.7564225,20.0108806</value>
        </Data>
        <Data name="Category">
          <value>hospital</value>
        </Data>
        <Data name="Address">
          <value><![CDATA[Narayan sonawane marg,Old D'souza Colony, 2Q64+9H3 Jehan Cercal, Gangapur Rd, D'souza Colony, Nashik, Maharashtra 422005, India]]></value>
        </Data>
        <Data name="Latitude">
          <value>20.0108806</value>
        </Data>
        <Data name="Longitude">
          <value>73.7564225</value>
        </Data>
        <Data name="Rating">
          <value>5.0</value>
        </Data>
        <Data name="Place_ID">
          <value>ChIJIcfZNwDr3TsRFTbwZlIOCFw</value>
        </Data>
        <Data name="Distance_m">
          <value>666.0</value>
        </Data>
      </ExtendedData>
      <Point>
        <coordinates>
          73.7564225,20.0108806,0
        </coordinates>
      </Point>
    </Placemark>
    <Placemark>
      <name>SRV Hospitals - Nashik | Best Multi Specialty Hospital | Formerly Rajebahadur Hospital</name>
      <description><![CDATA[Description: <br>address: <br>phoneNumber: <br>Coordinates: 73.7870843,20.0027641<br>Category: hospital<br>Address: Rajebahadur Colony, Plot No.13, 14/199, Tilak Rd, Shalimar, Nashik, Maharashtra 422001, India<br>Latitude: 20.0027641<br>Longitude: 73.7870843<br>Rating: 4.6<br>Place_ID: ChIJp8d8T8Hr3TsRmVSOzZuzUmE<br>Distance_m: 1309]]></description>
      <styleUrl>#icon-1899-C2185B</styleUrl>
      <ExtendedData>
        <Data name="Description">
          <value/>
        </Data>
        <Data name="address">
          <value/>
        </Data>
        <Data name="phoneNumber">
          <value/>
        </Data>
        <Data name="Coordinates">
          <value>73.7870843,20.0027641</value>
        </Data>
        <Data name="Category">
          <value>hospital</value>
        </Data>
        <Data name="Address">
          <value>Rajebahadur Colony, Plot No.13, 14/199, Tilak Rd, Shalimar, Nashik, Maharashtra 422001, India</value>
        </Data>
        <Data name="Latitude">
          <value>20.0027641</value>
        </Data>
        <Data name="Longitude">
          <value>73.7870843</value>
        </Data>
        <Data name="Rating">
          <value>4.6</value>
        </Data>
        <Data name="Place_ID">
          <value>ChIJp8d8T8Hr3TsRmVSOzZuzUmE</value>
        </Data>
        <Data name="Distance_m">
          <value>1309.0</value>
        </Data>
      </ExtendedData>
      <Point>
        <coordinates>
          73.7870843,20.0027641,0
        </coordinates>
      </Point>
    </Placemark>
    <Placemark>
      <name>NERLIKAR HOSPITAL</name>
      <description><![CDATA[Description: <br>address: <br>phoneNumber: <br>Coordinates: 73.7562571,20.0134893<br>Category: hospital<br>Address: Gangapur Rd, near Jehan Circle, Uday Nagar, Nashik, Maharashtra 422013, India<br>Latitude: 20.0134893<br>Longitude: 73.7562571<br>Rating: 4.1<br>Place_ID: ChIJJ3vi_Y7r3TsR3h7cx5yXORM<br>Distance_m: 649]]></description>
      <styleUrl>#icon-1899-C2185B</styleUrl>
      <ExtendedData>
        <Data name="Description">
          <value/>
        </Data>
        <Data name="address">
          <value/>
        </Data>
        <Data name="phoneNumber">
          <value/>
        </Data>
        <Data name="Coordinates">
          <value>73.7562571,20.0134893</value>
        </Data>
        <Data name="Category">
          <value>hospital</value>
        </Data>
        <Data name="Address">
          <value>Gangapur Rd, near Jehan Circle, Uday Nagar, Nashik, Maharashtra 422013, India</value>
        </Data>
        <Data name="Latitude">
          <value>20.0134893</value>
        </Data>
        <Data name="Longitude">
          <value>73.7562571</value>
        </Data>
        <Data name="Rating">
          <value>4.1</value>
        </Data>
        <Data name="Place_ID">
          <value>ChIJJ3vi_Y7r3TsR3h7cx5yXORM</value>
        </Data>
        <Data name="Distance_m">
          <value>649.0</value>
        </Data>
      </ExtendedData>
      <Point>
        <coordinates>
          73.7562571,20.0134893,0
        </coordinates>
      </Point>
    </Placemark>
    <Placemark>
      <name>Jairam Hospital</name>
      <description><![CDATA[Description: <br>address: <br>phoneNumber: <br>Coordinates: 73.8386745,19.9507289<br>Category: hospital<br>Address: Rajwada Nagar, Nashik Road, Nashik, Maharashtra 422101, India<br>Latitude: 19.9507289<br>Longitude: 73.8386745<br>Rating: 4.5<br>Place_ID: ChIJaaJ5_laV3TsRlYEww7bsf0I<br>Distance_m: 2422]]></description>
      <styleUrl>#icon-1899-C2185B</styleUrl>
      <ExtendedData>
        <Data name="Description">
          <value/>
        </Data>
        <Data name="address">
          <value/>
        </Data>
        <Data name="phoneNumber">
          <value/>
        </Data>
        <Data name="Coordinates">
          <value>73.8386745,19.9507289</value>
        </Data>
        <Data name="Category">
          <value>hospital</value>
        </Data>
        <Data name="Address">
          <value>Rajwada Nagar, Nashik Road, Nashik, Maharashtra 422101, India</value>
        </Data>
        <Data name="Latitude">
          <value>19.9507289</value>
        </Data>
        <Data name="Longitude">
          <value>73.8386745</value>
        </Data>
        <Data name="Rating">
          <value>4.5</value>
        </Data>
        <Data name="Place_ID">
          <value>ChIJaaJ5_laV3TsRlYEww7bsf0I</value>
        </Data>
        <Data name="Distance_m">
          <value>2422.0</value>
        </Data>
      </ExtendedData>
      <Point>
        <coordinates>
          73.8386745,19.9507289,0
        </coordinates>
      </Point>
    </Placemark>
    <Placemark>
      <name>BYTCO Hospital</name>
      <description><![CDATA[Description: <br>address: <br>phoneNumber: <br>Coordinates: 73.8387435,19.9491333<br>Category: hospital<br>Address: near mukhti dham,BYCTO hospital, WRXQ+MF5, Rajwada Nagar, Deolali Gaon, Nashik, Maharashtra 422101, India<br>Latitude: 19.9491333<br>Longitude: 73.8387435<br>Rating: 3.8<br>Place_ID: ChIJQQk3dFeV3TsRSeswWeGPHt0<br>Distance_m: 2269]]></description>
      <styleUrl>#icon-1899-C2185B</styleUrl>
      <ExtendedData>
        <Data name="Description">
          <value/>
        </Data>
        <Data name="address">
          <value/>
        </Data>
        <Data name="phoneNumber">
          <value/>
        </Data>
        <Data name="Coordinates">
          <value>73.8387435,19.9491333</value>
        </Data>
        <Data name="Category">
          <value>hospital</value>
        </Data>
        <Data name="Address">
          <value>near mukhti dham,BYCTO hospital, WRXQ+MF5, Rajwada Nagar, Deolali Gaon, Nashik, Maharashtra 422101, India</value>
        </Data>
        <Data name="Latitude">
          <value>19.9491333</value>
        </Data>
        <Data name="Longitude">
          <value>73.8387435</value>
        </Data>
        <Data name="Rating">
          <value>3.8</value>
        </Data>
        <Data name="Place_ID">
          <value>ChIJQQk3dFeV3TsRSeswWeGPHt0</value>
        </Data>
        <Data name="Distance_m">
          <value>2269.0</value>
        </Data>
      </ExtendedData>
      <Point>
        <coordinates>
          73.8387435,19.9491333,0
        </coordinates>
      </Point>
    </Placemark>
    <Placemark>
      <name>Raddiant plus Hospital Nashik road</name>
      <description><![CDATA[Description: <br>address: <br>phoneNumber: <br>Coordinates: 73.8362996,19.9496692<br>Category: hospital<br>Address: Star Plus Mall, Lam Rd, near Muktidham, opp. NMC divisional Office, Anand Nagar, Nashik Road, Nashik, Maharashtra 422101, India<br>Latitude: 19.9496692<br>Longitude: 73.8362996<br>Rating: 4.6<br>Place_ID: ChIJKR-VhVqV3TsRBGw99orbTKM<br>Distance_m: 2209]]></description>
      <styleUrl>#icon-1899-C2185B</styleUrl>
      <ExtendedData>
        <Data name="Description">
          <value/>
        </Data>
        <Data name="address">
          <value/>
        </Data>
        <Data name="phoneNumber">
          <value/>
        </Data>
        <Data name="Coordinates">
          <value>73.8362996,19.9496692</value>
        </Data>
        <Data name="Category">
          <value>hospital</value>
        </Data>
        <Data name="Address">
          <value>Star Plus Mall, Lam Rd, near Muktidham, opp. NMC divisional Office, Anand Nagar, Nashik Road, Nashik, Maharashtra 422101, India</value>
        </Data>
        <Data name="Latitude">
          <value>19.9496692</value>
        </Data>
        <Data name="Longitude">
          <value>73.8362996</value>
        </Data>
        <Data name="Rating">
          <value>4.6</value>
        </Data>
        <Data name="Place_ID">
          <value>ChIJKR-VhVqV3TsRBGw99orbTKM</value>
        </Data>
        <Data name="Distance_m">
          <value>2209.0</value>
        </Data>
      </ExtendedData>
      <Point>
        <coordinates>
          73.8362996,19.9496692,0
        </coordinates>
      </Point>
    </Placemark>
    <Placemark>
      <name>Assured Care Plus Hospital</name>
      <description><![CDATA[Description: <br>address: <br>phoneNumber: <br>Coordinates: 73.8369089,19.949796<br>Category: hospital<br>Address: 5 th Floor Star Plus Complex, Mahatma Gandhi Rd, near Muktidham Temple, Anand Nagar, Nashik Road, Nashik, Maharashtra 422101, India<br>Latitude: 19.949796<br>Longitude: 73.8369089<br>Rating: 4.8<br>Place_ID: ChIJl8mRFFeV3TsR5Vihgf8fgVU<br>Distance_m: 2248]]></description>
      <styleUrl>#icon-1899-C2185B</styleUrl>
      <ExtendedData>
        <Data name="Description">
          <value/>
        </Data>
        <Data name="address">
          <value/>
        </Data>
        <Data name="phoneNumber">
          <value/>
        </Data>
        <Data name="Coordinates">
          <value>73.8369089,19.949796</value>
        </Data>
        <Data name="Category">
          <value>hospital</value>
        </Data>
        <Data name="Address">
          <value>5 th Floor Star Plus Complex, Mahatma Gandhi Rd, near Muktidham Temple, Anand Nagar, Nashik Road, Nashik, Maharashtra 422101, India</value>
        </Data>
        <Data name="Latitude">
          <value>19.949796</value>
        </Data>
        <Data name="Longitude">
          <value>73.8369089</value>
        </Data>
        <Data name="Rating">
          <value>4.8</value>
        </Data>
        <Data name="Place_ID">
          <value>ChIJl8mRFFeV3TsR5Vihgf8fgVU</value>
        </Data>
        <Data name="Distance_m">
          <value>2248.0</value>
        </Data>
      </ExtendedData>
      <Point>
        <coordinates>
          73.8369089,19.949796,0
        </coordinates>
      </Point>
    </Placemark>
    <Placemark>
      <name>Gurukrupa Hospital</name>
      <description><![CDATA[Description: <br>address: <br>phoneNumber: <br>Coordinates: 73.7939097,20.0124774<br>Category: hospital<br>Address: 1st Floor, Sarvagya Sankul, Peth Naka, Panchavati, Nashik, Maharashtra 422003, India<br>Latitude: 20.0124774<br>Longitude: 73.7939097<br>Rating: 5<br>Place_ID: ChIJS-fyOgHr3TsR6cr1h0EoALA<br>Distance_m: 392]]></description>
      <styleUrl>#icon-1899-C2185B</styleUrl>
      <ExtendedData>
        <Data name="Description">
          <value/>
        </Data>
        <Data name="address">
          <value/>
        </Data>
        <Data name="phoneNumber">
          <value/>
        </Data>
        <Data name="Coordinates">
          <value>73.7939097,20.0124774</value>
        </Data>
        <Data name="Category">
          <value>hospital</value>
        </Data>
        <Data name="Address">
          <value>1st Floor, Sarvagya Sankul, Peth Naka, Panchavati, Nashik, Maharashtra 422003, India</value>
        </Data>
        <Data name="Latitude">
          <value>20.0124774</value>
        </Data>
        <Data name="Longitude">
          <value>73.7939097</value>
        </Data>
        <Data name="Rating">
          <value>5.0</value>
        </Data>
        <Data name="Place_ID">
          <value>ChIJS-fyOgHr3TsR6cr1h0EoALA</value>
        </Data>
        <Data name="Distance_m">
          <value>392.0</value>
        </Data>
      </ExtendedData>
      <Point>
        <coordinates>
          73.7939097,20.0124774,0
        </coordinates>
      </Point>
    </Placemark>
    <Placemark>
      <name><![CDATA[Leelavati Surya Hospital & Research Center]]></name>
      <description><![CDATA[Description: <br>address: <br>phoneNumber: <br>Coordinates: 73.7965352,20.010935<br>Category: hospital<br>Address: 2 nd floor, opposite Nimani bus stand, Near Nimani Bus Stand, Panchavati, Nashik, Maharashtra 422003, India<br>Latitude: 20.010935<br>Longitude: 73.7965352<br>Rating: 4.3<br>Place_ID: ChIJ1yYGuqjr3TsRkzOwAWIeoqs<br>Distance_m: 510]]></description>
      <styleUrl>#icon-1899-C2185B</styleUrl>
      <ExtendedData>
        <Data name="Description">
          <value/>
        </Data>
        <Data name="address">
          <value/>
        </Data>
        <Data name="phoneNumber">
          <value/>
        </Data>
        <Data name="Coordinates">
          <value>73.7965352,20.010935</value>
        </Data>
        <Data name="Category">
          <value>hospital</value>
        </Data>
        <Data name="Address">
          <value>2 nd floor, opposite Nimani bus stand, Near Nimani Bus Stand, Panchavati, Nashik, Maharashtra 422003, India</value>
        </Data>
        <Data name="Latitude">
          <value>20.010935</value>
        </Data>
        <Data name="Longitude">
          <value>73.7965352</value>
        </Data>
        <Data name="Rating">
          <value>4.3</value>
        </Data>
        <Data name="Place_ID">
          <value>ChIJ1yYGuqjr3TsRkzOwAWIeoqs</value>
        </Data>
        <Data name="Distance_m">
          <value>510.0</value>
        </Data>
      </ExtendedData>
      <Point>
        <coordinates>
          73.7965352,20.010935,0
        </coordinates>
      </Point>
    </Placemark>
    <Placemark>
      <name>Suyog Hospital</name>
      <description><![CDATA[Description: <br>address: <br>phoneNumber: <br>Coordinates: 73.7958278,20.0138653<br>Category: hospital<br>Address: 2nd Floor, B wing, Krushi Utpanna Bazar Samiti Sankul, Dindori Rd, Panchavati, Nashik, Maharashtra 422003, India<br>Latitude: 20.0138653<br>Longitude: 73.7958278<br>Rating: 4.8<br>Place_ID: ChIJBwAAAEDv3TsRLpCWlVx0Br0<br>Distance_m: 636]]></description>
      <styleUrl>#icon-1899-C2185B</styleUrl>
      <ExtendedData>
        <Data name="Description">
          <value/>
        </Data>
        <Data name="address">
          <value/>
        </Data>
        <Data name="phoneNumber">
          <value/>
        </Data>
        <Data name="Coordinates">
          <value>73.7958278,20.0138653</value>
        </Data>
        <Data name="Category">
          <value>hospital</value>
        </Data>
        <Data name="Address">
          <value>2nd Floor, B wing, Krushi Utpanna Bazar Samiti Sankul, Dindori Rd, Panchavati, Nashik, Maharashtra 422003, India</value>
        </Data>
        <Data name="Latitude">
          <value>20.0138653</value>
        </Data>
        <Data name="Longitude">
          <value>73.7958278</value>
        </Data>
        <Data name="Rating">
          <value>4.8</value>
        </Data>
        <Data name="Place_ID">
          <value>ChIJBwAAAEDv3TsRLpCWlVx0Br0</value>
        </Data>
        <Data name="Distance_m">
          <value>636.0</value>
        </Data>
      </ExtendedData>
      <Point>
        <coordinates>
          73.7958278,20.0138653,0
        </coordinates>
      </Point>
    </Placemark>
    <Placemark>
      <name>Dhanvantari Hospital , Peth Road , Panchavati</name>
      <description><![CDATA[Description: <br>address: <br>phoneNumber: <br>Coordinates: 73.793863,20.0202467<br>Category: hospital<br>Address: Dhanvantari Hospital, 78/1, Peth Rd, Dattanagar, Panchavati, Nashik, Maharashtra 422003, India<br>Latitude: 20.0202467<br>Longitude: 73.793863<br>Rating: 4.5<br>Place_ID: ChIJ1wzyWI7r3TsR5GhTfCCAHIM<br>Distance_m: 1212]]></description>
      <styleUrl>#icon-1899-C2185B</styleUrl>
      <ExtendedData>
        <Data name="Description">
          <value/>
        </Data>
        <Data name="address">
          <value/>
        </Data>
        <Data name="phoneNumber">
          <value/>
        </Data>
        <Data name="Coordinates">
          <value>73.793863,20.0202467</value>
        </Data>
        <Data name="Category">
          <value>hospital</value>
        </Data>
        <Data name="Address">
          <value>Dhanvantari Hospital, 78/1, Peth Rd, Dattanagar, Panchavati, Nashik, Maharashtra 422003, India</value>
        </Data>
        <Data name="Latitude">
          <value>20.0202467</value>
        </Data>
        <Data name="Longitude">
          <value>73.793863</value>
        </Data>
        <Data name="Rating">
          <value>4.5</value>
        </Data>
        <Data name="Place_ID">
          <value>ChIJ1wzyWI7r3TsR5GhTfCCAHIM</value>
        </Data>
        <Data name="Distance_m">
          <value>1212.0</value>
        </Data>
      </ExtendedData>
      <Point>
        <coordinates>
          73.793863,20.0202467,0
        </coordinates>
      </Point>
    </Placemark>
    <Placemark>
      <name>Leelavati Aspire Hospital</name>
      <description><![CDATA[Description: <br>address: <br>phoneNumber: <br>Coordinates: 73.7118368,20.0057879<br>Category: hospital<br>Address: Carbon Naka, Near Shivaji Nagar Bus Stop, MIDC, Satpur Colony, Nashik, Maharashtra 422012, India<br>Latitude: 20.0057879<br>Longitude: 73.7118368<br>Rating: 4.3<br>Place_ID: ChIJFcIvbgDt3TsRPDPAFkByrf8<br>Distance_m: 710]]></description>
      <styleUrl>#icon-1899-C2185B</styleUrl>
      <ExtendedData>
        <Data name="Description">
          <value/>
        </Data>
        <Data name="address">
          <value/>
        </Data>
        <Data name="phoneNumber">
          <value/>
        </Data>
        <Data name="Coordinates">
          <value>73.7118368,20.0057879</value>
        </Data>
        <Data name="Category">
          <value>hospital</value>
        </Data>
        <Data name="Address">
          <value>Carbon Naka, Near Shivaji Nagar Bus Stop, MIDC, Satpur Colony, Nashik, Maharashtra 422012, India</value>
        </Data>
        <Data name="Latitude">
          <value>20.0057879</value>
        </Data>
        <Data name="Longitude">
          <value>73.7118368</value>
        </Data>
        <Data name="Rating">
          <value>4.3</value>
        </Data>
        <Data name="Place_ID">
          <value>ChIJFcIvbgDt3TsRPDPAFkByrf8</value>
        </Data>
        <Data name="Distance_m">
          <value>710.0</value>
        </Data>
      </ExtendedData>
      <Point>
        <coordinates>
          73.7118368,20.0057879,0
        </coordinates>
      </Point>
    </Placemark>
    <Placemark>
      <name>Shree Sainath Hospital Nashik</name>
      <description><![CDATA[Description: <br>address: <br>phoneNumber: <br>Coordinates: 73.7147949,19.987571<br>Category: hospital<br>Address: Ashoknagar, Satpur Colony, Nashik, Maharashtra 422012, India<br>Latitude: 19.987571<br>Longitude: 73.7147949<br>Rating: 4.5<br>Place_ID: ChIJwxfTDDTt3TsRAE4w_9R667Y<br>Distance_m: 2547]]></description>
      <styleUrl>#icon-1899-C2185B</styleUrl>
      <ExtendedData>
        <Data name="Description">
          <value/>
        </Data>
        <Data name="address">
          <value/>
        </Data>
        <Data name="phoneNumber">
          <value/>
        </Data>
        <Data name="Coordinates">
          <value>73.7147949,19.987571</value>
        </Data>
        <Data name="Category">
          <value>hospital</value>
        </Data>
        <Data name="Address">
          <value>Ashoknagar, Satpur Colony, Nashik, Maharashtra 422012, India</value>
        </Data>
        <Data name="Latitude">
          <value>19.987571</value>
        </Data>
        <Data name="Longitude">
          <value>73.7147949</value>
        </Data>
        <Data name="Rating">
          <value>4.5</value>
        </Data>
        <Data name="Place_ID">
          <value>ChIJwxfTDDTt3TsRAE4w_9R667Y</value>
        </Data>
        <Data name="Distance_m">
          <value>2547.0</value>
        </Data>
      </ExtendedData>
      <Point>
        <coordinates>
          73.7147949,19.987571,0
        </coordinates>
      </Point>
    </Placemark>
    <Placemark>
      <name>Shree Sainath Hospital.Ashok Nagar,Satpur Trambak Link road,Satpur,Nashik</name>
      <description><![CDATA[Description: <br>address: <br>phoneNumber: <br>Coordinates: 73.714755,19.987509<br>Category: hospital<br>Address: Satpur-Trambak, link, road, opposite Pragati School, Ashoknagar, Satpur Colony, Nashik, Maharashtra 422012, India<br>Latitude: 19.987509<br>Longitude: 73.714755<br>Rating: 2<br>Place_ID: ChIJI34hAmDt3TsRHkqvD5fcmlM<br>Distance_m: 2251]]></description>
      <styleUrl>#icon-1899-C2185B</styleUrl>
      <ExtendedData>
        <Data name="Description">
          <value/>
        </Data>
        <Data name="address">
          <value/>
        </Data>
        <Data name="phoneNumber">
          <value/>
        </Data>
        <Data name="Coordinates">
          <value>73.714755,19.987509</value>
        </Data>
        <Data name="Category">
          <value>hospital</value>
        </Data>
        <Data name="Address">
          <value>Satpur-Trambak, link, road, opposite Pragati School, Ashoknagar, Satpur Colony, Nashik, Maharashtra 422012, India</value>
        </Data>
        <Data name="Latitude">
          <value>19.987509</value>
        </Data>
        <Data name="Longitude">
          <value>73.714755</value>
        </Data>
        <Data name="Rating">
          <value>2.0</value>
        </Data>
        <Data name="Place_ID">
          <value>ChIJI34hAmDt3TsRHkqvD5fcmlM</value>
        </Data>
        <Data name="Distance_m">
          <value>2251.0</value>
        </Data>
      </ExtendedData>
      <Point>
        <coordinates>
          73.714755,19.987509,0
        </coordinates>
      </Point>
    </Placemark>
    <Placemark>
      <name>Sai Aashirwad Hospital</name>
      <description><![CDATA[Description: <br>address: <br>phoneNumber: <br>Coordinates: 73.7430395,20.0128377<br>Category: hospital<br>Address: First Floor, Shri Ganesh Classics, Gangapur Rd, above Canara Bank, Navshya Ganapati Parisar, Balawant Nagar, Anandvalli, Nashik, Maharashtra 422013, India<br>Latitude: 20.0128377<br>Longitude: 73.7430395<br>Rating: 4.1<br>Place_ID: ChIJsxwwv3bs3TsR2H5PgalTVe0<br>Distance_m: 751]]></description>
      <styleUrl>#icon-1899-C2185B</styleUrl>
      <ExtendedData>
        <Data name="Description">
          <value/>
        </Data>
        <Data name="address">
          <value/>
        </Data>
        <Data name="phoneNumber">
          <value/>
        </Data>
        <Data name="Coordinates">
          <value>73.7430395,20.0128377</value>
        </Data>
        <Data name="Category">
          <value>hospital</value>
        </Data>
        <Data name="Address">
          <value>First Floor, Shri Ganesh Classics, Gangapur Rd, above Canara Bank, Navshya Ganapati Parisar, Balawant Nagar, Anandvalli, Nashik, Maharashtra 422013, India</value>
        </Data>
        <Data name="Latitude">
          <value>20.0128377</value>
        </Data>
        <Data name="Longitude">
          <value>73.7430395</value>
        </Data>
        <Data name="Rating">
          <value>4.1</value>
        </Data>
        <Data name="Place_ID">
          <value>ChIJsxwwv3bs3TsR2H5PgalTVe0</value>
        </Data>
        <Data name="Distance_m">
          <value>751.0</value>
        </Data>
      </ExtendedData>
      <Point>
        <coordinates>
          73.7430395,20.0128377,0
        </coordinates>
      </Point>
    </Placemark>
    <Placemark>
      <name>Neva Hospital</name>
      <description><![CDATA[Description: <br>address: <br>phoneNumber: <br>Coordinates: 73.7832033,20.0337896<br>Category: doctor<br>Address: Makhmalabad Rd, Ghadge Mala, Makhmalabad, Nashik, Maharashtra 422003, India<br>Latitude: 20.0337896<br>Longitude: 73.7832033<br>Rating: 4.6<br>Place_ID: ChIJ7Y6V06Dr3TsR3-b9aKZ5wrU<br>Distance_m: 1325]]></description>
      <styleUrl>#icon-1899-C2185B</styleUrl>
      <ExtendedData>
        <Data name="Description">
          <value/>
        </Data>
        <Data name="address">
          <value/>
        </Data>
        <Data name="phoneNumber">
          <value/>
        </Data>
        <Data name="Coordinates">
          <value>73.7832033,20.0337896</value>
        </Data>
        <Data name="Category">
          <value>doctor</value>
        </Data>
        <Data name="Address">
          <value>Makhmalabad Rd, Ghadge Mala, Makhmalabad, Nashik, Maharashtra 422003, India</value>
        </Data>
        <Data name="Latitude">
          <value>20.0337896</value>
        </Data>
        <Data name="Longitude">
          <value>73.7832033</value>
        </Data>
        <Data name="Rating">
          <value>4.6</value>
        </Data>
        <Data name="Place_ID">
          <value>ChIJ7Y6V06Dr3TsR3-b9aKZ5wrU</value>
        </Data>
        <Data name="Distance_m">
          <value>1325.0</value>
        </Data>
      </ExtendedData>
      <Point>
        <coordinates>
          73.7832033,20.0337896,0
        </coordinates>
      </Point>
    </Placemark>
    <Placemark>
      <name>TRUECARE Multispesiality Hospital</name>
      <description><![CDATA[Description: <br>address: <br>phoneNumber: <br>Coordinates: 73.8362154,19.9447799<br>Category: hospital<br>Address: WRVP+WF8, NH 160, Rajwada Nagar, Deolali Gaon, Nashik, Maharashtra 422101, India<br>Latitude: 19.9447799<br>Longitude: 73.8362154<br>Rating: 4.7<br>Place_ID: ChIJM4QrVhuV3TsRgUVXqksX6pY<br>Distance_m: 1718]]></description>
      <styleUrl>#icon-1899-C2185B</styleUrl>
      <ExtendedData>
        <Data name="Description">
          <value/>
        </Data>
        <Data name="address">
          <value/>
        </Data>
        <Data name="phoneNumber">
          <value/>
        </Data>
        <Data name="Coordinates">
          <value>73.8362154,19.9447799</value>
        </Data>
        <Data name="Category">
          <value>hospital</value>
        </Data>
        <Data name="Address">
          <value>WRVP+WF8, NH 160, Rajwada Nagar, Deolali Gaon, Nashik, Maharashtra 422101, India</value>
        </Data>
        <Data name="Latitude">
          <value>19.9447799</value>
        </Data>
        <Data name="Longitude">
          <value>73.8362154</value>
        </Data>
        <Data name="Rating">
          <value>4.7</value>
        </Data>
        <Data name="Place_ID">
          <value>ChIJM4QrVhuV3TsRgUVXqksX6pY</value>
        </Data>
        <Data name="Distance_m">
          <value>1718.0</value>
        </Data>
      </ExtendedData>
      <Point>
        <coordinates>
          73.8362154,19.9447799,0
        </coordinates>
      </Point>
    </Placemark>
    <Placemark>
      <name>Shree Sankalp Hospital</name>
      <description><![CDATA[Description: <br>address: <br>phoneNumber: <br>Coordinates: 73.8343796,19.9476813<br>Category: hospital<br>Address: 3rd floor, Hari Bhakti Apartment, Artillery Centre Rd, near Jain Mandir, Aute Nagar, Gandhi Nagar Airport Area, Deolali Gaon, Nashik, Maharashtra 422101, India<br>Latitude: 19.9476813<br>Longitude: 73.8343796<br>Rating: 4.3<br>Place_ID: ChIJadJ5s2WV3TsRzv2da7xIrSA<br>Distance_m: 1929]]></description>
      <styleUrl>#icon-1899-C2185B</styleUrl>
      <ExtendedData>
        <Data name="Description">
          <value/>
        </Data>
        <Data name="address">
          <value/>
        </Data>
        <Data name="phoneNumber">
          <value/>
        </Data>
        <Data name="Coordinates">
          <value>73.8343796,19.9476813</value>
        </Data>
        <Data name="Category">
          <value>hospital</value>
        </Data>
        <Data name="Address">
          <value>3rd floor, Hari Bhakti Apartment, Artillery Centre Rd, near Jain Mandir, Aute Nagar, Gandhi Nagar Airport Area, Deolali Gaon, Nashik, Maharashtra 422101, India</value>
        </Data>
        <Data name="Latitude">
          <value>19.9476813</value>
        </Data>
        <Data name="Longitude">
          <value>73.8343796</value>
        </Data>
        <Data name="Rating">
          <value>4.3</value>
        </Data>
        <Data name="Place_ID">
          <value>ChIJadJ5s2WV3TsRzv2da7xIrSA</value>
        </Data>
        <Data name="Distance_m">
          <value>1929.0</value>
        </Data>
      </ExtendedData>
      <Point>
        <coordinates>
          73.8343796,19.9476813,0
        </coordinates>
      </Point>
    </Placemark>
    <Placemark>
      <name>Divya Jyot Hospital</name>
      <description><![CDATA[Description: <br>address: <br>phoneNumber: <br>Coordinates: 73.8343273,19.947646<br>Category: hospital<br>Address: SH27, Anand Nagar, Nashik Road, Nashik, Maharashtra 422214, India<br>Latitude: 19.947646<br>Longitude: 73.8343273<br>Rating: 4.3<br>Place_ID: ChIJPY4dJVeV3TsRR6NYEVrL_pU<br>Distance_m: 1924]]></description>
      <styleUrl>#icon-1899-C2185B</styleUrl>
      <ExtendedData>
        <Data name="Description">
          <value/>
        </Data>
        <Data name="address">
          <value/>
        </Data>
        <Data name="phoneNumber">
          <value/>
        </Data>
        <Data name="Coordinates">
          <value>73.8343273,19.947646</value>
        </Data>
        <Data name="Category">
          <value>hospital</value>
        </Data>
        <Data name="Address">
          <value>SH27, Anand Nagar, Nashik Road, Nashik, Maharashtra 422214, India</value>
        </Data>
        <Data name="Latitude">
          <value>19.947646</value>
        </Data>
        <Data name="Longitude">
          <value>73.8343273</value>
        </Data>
        <Data name="Rating">
          <value>4.3</value>
        </Data>
        <Data name="Place_ID">
          <value>ChIJPY4dJVeV3TsRR6NYEVrL_pU</value>
        </Data>
        <Data name="Distance_m">
          <value>1924.0</value>
        </Data>
      </ExtendedData>
      <Point>
        <coordinates>
          73.8343273,19.947646,0
        </coordinates>
      </Point>
    </Placemark>
    <Placemark>
      <name>Signus Hospital</name>
      <description><![CDATA[Description: <br>address: <br>phoneNumber: <br>Coordinates: 73.7666682,19.9539327<br>Category: hospital<br>Address: road, Gaon, near Atul dairy, Wasan Nagar, Pathardi Phata, Nashik, Maharashtra 422009, India<br>Latitude: 19.9539327<br>Longitude: 73.7666682<br>Rating: 3.6<br>Place_ID: ChIJF22QL8Tr3TsR0gXfbomhH1M<br>Distance_m: 1281]]></description>
      <styleUrl>#icon-1899-C2185B</styleUrl>
      <ExtendedData>
        <Data name="Description">
          <value/>
        </Data>
        <Data name="address">
          <value/>
        </Data>
        <Data name="phoneNumber">
          <value/>
        </Data>
        <Data name="Coordinates">
          <value>73.7666682,19.9539327</value>
        </Data>
        <Data name="Category">
          <value>hospital</value>
        </Data>
        <Data name="Address">
          <value>road, Gaon, near Atul dairy, Wasan Nagar, Pathardi Phata, Nashik, Maharashtra 422009, India</value>
        </Data>
        <Data name="Latitude">
          <value>19.9539327</value>
        </Data>
        <Data name="Longitude">
          <value>73.7666682</value>
        </Data>
        <Data name="Rating">
          <value>3.6</value>
        </Data>
        <Data name="Place_ID">
          <value>ChIJF22QL8Tr3TsR0gXfbomhH1M</value>
        </Data>
        <Data name="Distance_m">
          <value>1281.0</value>
        </Data>
      </ExtendedData>
      <Point>
        <coordinates>
          73.7666682,19.9539327,0
        </coordinates>
      </Point>
    </Placemark>
    <Placemark>
      <name>PLATINUM HOSPITAL</name>
      <description><![CDATA[Description: <br>address: <br>phoneNumber: <br>Coordinates: 73.7689491,19.9516527<br>Category: hospital<br>Address: Dnyaneshwar Nagar Rd, Chowk, Pathardi Phata, Nashik, Maharashtra 422010, India<br>Latitude: 19.9516527<br>Longitude: 73.7689491<br>Rating: 4.9<br>Place_ID: ChIJKwhILJiV3TsRxHdVmDc328s<br>Distance_m: 1369]]></description>
      <styleUrl>#icon-1899-C2185B</styleUrl>
      <ExtendedData>
        <Data name="Description">
          <value/>
        </Data>
        <Data name="address">
          <value/>
        </Data>
        <Data name="phoneNumber">
          <value/>
        </Data>
        <Data name="Coordinates">
          <value>73.7689491,19.9516527</value>
        </Data>
        <Data name="Category">
          <value>hospital</value>
        </Data>
        <Data name="Address">
          <value>Dnyaneshwar Nagar Rd, Chowk, Pathardi Phata, Nashik, Maharashtra 422010, India</value>
        </Data>
        <Data name="Latitude">
          <value>19.9516527</value>
        </Data>
        <Data name="Longitude">
          <value>73.7689491</value>
        </Data>
        <Data name="Rating">
          <value>4.9</value>
        </Data>
        <Data name="Place_ID">
          <value>ChIJKwhILJiV3TsRxHdVmDc328s</value>
        </Data>
        <Data name="Distance_m">
          <value>1369.0</value>
        </Data>
      </ExtendedData>
      <Point>
        <coordinates>
          73.7689491,19.9516527,0
        </coordinates>
      </Point>
    </Placemark>
    <Placemark>
      <name><![CDATA[Dr. Vasantrao Pawar Medical College,Hospital & Research Center]]></name>
      <description><![CDATA[Description: <br>address: <br>phoneNumber: <br>Coordinates: 73.8521623,20.0358632<br>Category: hospital<br>Address: Agra - Mumbai Hwy, Hindustan Nagar, Vasantdadanagar, Adgaon, Nashik, Maharashtra 422003, India<br>Latitude: 20.0358632<br>Longitude: 73.8521623<br>Rating: 4.1<br>Place_ID: ChIJAQJ0EObB3TsRzfQloSx5D3A<br>Distance_m: 1223]]></description>
      <styleUrl>#icon-1899-C2185B</styleUrl>
      <ExtendedData>
        <Data name="Description">
          <value/>
        </Data>
        <Data name="address">
          <value/>
        </Data>
        <Data name="phoneNumber">
          <value/>
        </Data>
        <Data name="Coordinates">
          <value>73.8521623,20.0358632</value>
        </Data>
        <Data name="Category">
          <value>hospital</value>
        </Data>
        <Data name="Address">
          <value>Agra - Mumbai Hwy, Hindustan Nagar, Vasantdadanagar, Adgaon, Nashik, Maharashtra 422003, India</value>
        </Data>
        <Data name="Latitude">
          <value>20.0358632</value>
        </Data>
        <Data name="Longitude">
          <value>73.8521623</value>
        </Data>
        <Data name="Rating">
          <value>4.1</value>
        </Data>
        <Data name="Place_ID">
          <value>ChIJAQJ0EObB3TsRzfQloSx5D3A</value>
        </Data>
        <Data name="Distance_m">
          <value>1223.0</value>
        </Data>
      </ExtendedData>
      <Point>
        <coordinates>
          73.8521623,20.0358632,0
        </coordinates>
      </Point>
    </Placemark>
    <Placemark>
      <name><![CDATA[Maratha Vidya Prasarak Samaj's Hospital (MVP Hospital)]]></name>
      <description><![CDATA[Description: <br>address: <br>phoneNumber: <br>Coordinates: 73.8547097,20.0345807<br>Category: hospital<br>Address: 2VM3+RVP, Hindustan Nagar, Vasantdadanagar, Adgaon, Nashik, Maharashtra 422003, India<br>Latitude: 20.0345807<br>Longitude: 73.8547097<br>Rating: 3.9<br>Place_ID: ChIJv5pshWXB3TsRN1_ueEAxeB0<br>Distance_m: 936]]></description>
      <styleUrl>#icon-1899-C2185B</styleUrl>
      <ExtendedData>
        <Data name="Description">
          <value/>
        </Data>
        <Data name="address">
          <value/>
        </Data>
        <Data name="phoneNumber">
          <value/>
        </Data>
        <Data name="Coordinates">
          <value>73.8547097,20.0345807</value>
        </Data>
        <Data name="Category">
          <value>hospital</value>
        </Data>
        <Data name="Address">
          <value>2VM3+RVP, Hindustan Nagar, Vasantdadanagar, Adgaon, Nashik, Maharashtra 422003, India</value>
        </Data>
        <Data name="Latitude">
          <value>20.0345807</value>
        </Data>
        <Data name="Longitude">
          <value>73.8547097</value>
        </Data>
        <Data name="Rating">
          <value>3.9</value>
        </Data>
        <Data name="Place_ID">
          <value>ChIJv5pshWXB3TsRN1_ueEAxeB0</value>
        </Data>
        <Data name="Distance_m">
          <value>936.0</value>
        </Data>
      </ExtendedData>
      <Point>
        <coordinates>
          73.8547097,20.0345807,0
        </coordinates>
      </Point>
    </Placemark>
    <Placemark>
      <name>Bharati Multi Specialty And Critical Care Hospital</name>
      <description><![CDATA[Description: <br>address: <br>phoneNumber: <br>Coordinates: 73.7680611,19.9520036<br>Category: hospital<br>Address: Devlali, Pathardi Rd, Wasan Nagar, Pathardi Phata, Nashik, Maharashtra 422010, India<br>Latitude: 19.9520036<br>Longitude: 73.7680611<br>Rating: 3.9<br>Place_ID: ChIJYZDyvl2V3TsRpa2OoJR1-HU<br>Distance_m: 1376]]></description>
      <styleUrl>#icon-1899-C2185B</styleUrl>
      <ExtendedData>
        <Data name="Description">
          <value/>
        </Data>
        <Data name="address">
          <value/>
        </Data>
        <Data name="phoneNumber">
          <value/>
        </Data>
        <Data name="Coordinates">
          <value>73.7680611,19.9520036</value>
        </Data>
        <Data name="Category">
          <value>hospital</value>
        </Data>
        <Data name="Address">
          <value>Devlali, Pathardi Rd, Wasan Nagar, Pathardi Phata, Nashik, Maharashtra 422010, India</value>
        </Data>
        <Data name="Latitude">
          <value>19.9520036</value>
        </Data>
        <Data name="Longitude">
          <value>73.7680611</value>
        </Data>
        <Data name="Rating">
          <value>3.9</value>
        </Data>
        <Data name="Place_ID">
          <value>ChIJYZDyvl2V3TsRpa2OoJR1-HU</value>
        </Data>
        <Data name="Distance_m">
          <value>1376.0</value>
        </Data>
      </ExtendedData>
      <Point>
        <coordinates>
          73.7680611,19.9520036,0
        </coordinates>
      </Point>
    </Placemark>
    <Placemark>
      <name>UMC Hospital, Nashik</name>
      <description><![CDATA[Description: <br>address: <br>phoneNumber: <br>Coordinates: 73.7620733,19.9592413<br>Category: hospital<br>Address: Plot No. 2, S. No. 905/1/2/3A Pathardi Phata, Nashik Shiwar, Dnyaneshwar Nagar, Pathardi Phata, Nashik, Maharashtra 422009, India<br>Latitude: 19.9592413<br>Longitude: 73.7620733<br>Rating: 4.7<br>Place_ID: ChIJBx-7eDnr3TsRE7iyFODwsTQ<br>Distance_m: 1358]]></description>
      <styleUrl>#icon-1899-C2185B</styleUrl>
      <ExtendedData>
        <Data name="Description">
          <value/>
        </Data>
        <Data name="address">
          <value/>
        </Data>
        <Data name="phoneNumber">
          <value/>
        </Data>
        <Data name="Coordinates">
          <value>73.7620733,19.9592413</value>
        </Data>
        <Data name="Category">
          <value>hospital</value>
        </Data>
        <Data name="Address">
          <value>Plot No. 2, S. No. 905/1/2/3A Pathardi Phata, Nashik Shiwar, Dnyaneshwar Nagar, Pathardi Phata, Nashik, Maharashtra 422009, India</value>
        </Data>
        <Data name="Latitude">
          <value>19.9592413</value>
        </Data>
        <Data name="Longitude">
          <value>73.7620733</value>
        </Data>
        <Data name="Rating">
          <value>4.7</value>
        </Data>
        <Data name="Place_ID">
          <value>ChIJBx-7eDnr3TsRE7iyFODwsTQ</value>
        </Data>
        <Data name="Distance_m">
          <value>1358.0</value>
        </Data>
      </ExtendedData>
      <Point>
        <coordinates>
          73.7620733,19.9592413,0
        </coordinates>
      </Point>
    </Placemark>
    <Placemark>
      <name>Sankalp Hospital</name>
      <description><![CDATA[Description: <br>address: <br>phoneNumber: <br>Coordinates: 73.7110597,20.0023674<br>Category: hospital<br>Address: Carbon Naka, Shivaji Nagar, Shramik Nagar, Nashik, Maharashtra 422012, India<br>Latitude: 20.0023674<br>Longitude: 73.7110597<br>Rating: 4.1<br>Place_ID: ChIJQzXFilDs3TsRIcLPeM-MSC8<br>Distance_m: 2102]]></description>
      <styleUrl>#icon-1899-C2185B</styleUrl>
      <ExtendedData>
        <Data name="Description">
          <value/>
        </Data>
        <Data name="address">
          <value/>
        </Data>
        <Data name="phoneNumber">
          <value/>
        </Data>
        <Data name="Coordinates">
          <value>73.7110597,20.0023674</value>
        </Data>
        <Data name="Category">
          <value>hospital</value>
        </Data>
        <Data name="Address">
          <value>Carbon Naka, Shivaji Nagar, Shramik Nagar, Nashik, Maharashtra 422012, India</value>
        </Data>
        <Data name="Latitude">
          <value>20.0023674</value>
        </Data>
        <Data name="Longitude">
          <value>73.7110597</value>
        </Data>
        <Data name="Rating">
          <value>4.1</value>
        </Data>
        <Data name="Place_ID">
          <value>ChIJQzXFilDs3TsRIcLPeM-MSC8</value>
        </Data>
        <Data name="Distance_m">
          <value>2102.0</value>
        </Data>
      </ExtendedData>
      <Point>
        <coordinates>
          73.7110597,20.0023674,0
        </coordinates>
      </Point>
    </Placemark>
    <Placemark>
      <name>Suvidha Criticare Hospital</name>
      <description><![CDATA[Description: <br>address: <br>phoneNumber: <br>Coordinates: 73.7781095,19.978283<br>Category: hospital<br>Address: Roongta Bellavista, Bhujbal farm, corner, Agra - Mumbai Hwy, Sadguru Nagar, Nashik, Maharashtra 422009, India<br>Latitude: 19.978283<br>Longitude: 73.7781095<br>Rating: 4.7<br>Place_ID: ChIJl_czFD_r3TsRoDYmszYfmiM<br>Distance_m: 1762]]></description>
      <styleUrl>#icon-1899-C2185B</styleUrl>
      <ExtendedData>
        <Data name="Description">
          <value/>
        </Data>
        <Data name="address">
          <value/>
        </Data>
        <Data name="phoneNumber">
          <value/>
        </Data>
        <Data name="Coordinates">
          <value>73.7781095,19.978283</value>
        </Data>
        <Data name="Category">
          <value>hospital</value>
        </Data>
        <Data name="Address">
          <value>Roongta Bellavista, Bhujbal farm, corner, Agra - Mumbai Hwy, Sadguru Nagar, Nashik, Maharashtra 422009, India</value>
        </Data>
        <Data name="Latitude">
          <value>19.978283</value>
        </Data>
        <Data name="Longitude">
          <value>73.7781095</value>
        </Data>
        <Data name="Rating">
          <value>4.7</value>
        </Data>
        <Data name="Place_ID">
          <value>ChIJl_czFD_r3TsRoDYmszYfmiM</value>
        </Data>
        <Data name="Distance_m">
          <value>1762.0</value>
        </Data>
      </ExtendedData>
      <Point>
        <coordinates>
          73.7781095,19.978283,0
        </coordinates>
      </Point>
    </Placemark>
    <Placemark>
      <name>Pioneer Hospital Nashik</name>
      <description><![CDATA[Description: <br>address: <br>phoneNumber: <br>Coordinates: 73.8057354,19.9794097<br>Category: hospital<br>Address: 3rd floor, Aryan Plaza, Ashoka Marg, near Sagar Sweets, Kalpataru Nagar, Nashik, Maharashtra 422011, India<br>Latitude: 19.9794097<br>Longitude: 73.8057354<br>Rating: 4.7<br>Place_ID: ChIJU9Wz8EXr3TsRgFI6Ye70VTc<br>Distance_m: 1150]]></description>
      <styleUrl>#icon-1899-C2185B</styleUrl>
      <ExtendedData>
        <Data name="Description">
          <value/>
        </Data>
        <Data name="address">
          <value/>
        </Data>
        <Data name="phoneNumber">
          <value/>
        </Data>
        <Data name="Coordinates">
          <value>73.8057354,19.9794097</value>
        </Data>
        <Data name="Category">
          <value>hospital</value>
        </Data>
        <Data name="Address">
          <value>3rd floor, Aryan Plaza, Ashoka Marg, near Sagar Sweets, Kalpataru Nagar, Nashik, Maharashtra 422011, India</value>
        </Data>
        <Data name="Latitude">
          <value>19.9794097</value>
        </Data>
        <Data name="Longitude">
          <value>73.8057354</value>
        </Data>
        <Data name="Rating">
          <value>4.7</value>
        </Data>
        <Data name="Place_ID">
          <value>ChIJU9Wz8EXr3TsRgFI6Ye70VTc</value>
        </Data>
        <Data name="Distance_m">
          <value>1150.0</value>
        </Data>
      </ExtendedData>
      <Point>
        <coordinates>
          73.8057354,19.9794097,0
        </coordinates>
      </Point>
    </Placemark>
    <Placemark>
      <name>Nine Pearls Hospital</name>
      <description><![CDATA[Description: <br>address: <br>phoneNumber: <br>Coordinates: 73.7855119,19.9839456<br>Category: hospital<br>Address: Plot No.01, S.No.862, 1/1/3/1, behind Chhan Hotel, Mumbai Naka, Vallabh Nagar, Nashik, Maharashtra 422009, India<br>Latitude: 19.9839456<br>Longitude: 73.7855119<br>Rating: 4.5<br>Place_ID: ChIJ2zFKUbLr3TsRCm7iRBe9pUE<br>Distance_m: 2837]]></description>
      <styleUrl>#icon-1899-C2185B</styleUrl>
      <ExtendedData>
        <Data name="Description">
          <value/>
        </Data>
        <Data name="address">
          <value/>
        </Data>
        <Data name="phoneNumber">
          <value/>
        </Data>
        <Data name="Coordinates">
          <value>73.7855119,19.9839456</value>
        </Data>
        <Data name="Category">
          <value>hospital</value>
        </Data>
        <Data name="Address">
          <value>Plot No.01, S.No.862, 1/1/3/1, behind Chhan Hotel, Mumbai Naka, Vallabh Nagar, Nashik, Maharashtra 422009, India</value>
        </Data>
        <Data name="Latitude">
          <value>19.9839456</value>
        </Data>
        <Data name="Longitude">
          <value>73.7855119</value>
        </Data>
        <Data name="Rating">
          <value>4.5</value>
        </Data>
        <Data name="Place_ID">
          <value>ChIJ2zFKUbLr3TsRCm7iRBe9pUE</value>
        </Data>
        <Data name="Distance_m">
          <value>2837.0</value>
        </Data>
      </ExtendedData>
      <Point>
        <coordinates>
          73.7855119,19.9839456,0
        </coordinates>
      </Point>
    </Placemark>
    <Placemark>
      <name>Sankalp Speciality Hospital</name>
      <description><![CDATA[Description: <br>address: <br>phoneNumber: <br>Coordinates: 73.7859701,19.9831835<br>Category: general_hospital<br>Address: Agra - Mumbai Hwy, behind Chhan Hotel, Mumbai Naka, Vallabh Nagar, Nashik, Maharashtra 422009, India<br>Latitude: 19.9831835<br>Longitude: 73.7859701<br>Rating: 4.8<br>Place_ID: ChIJ81sastHr3TsR_Ks-L6lFPG4<br>Distance_m: 2564]]></description>
      <styleUrl>#icon-1899-C2185B</styleUrl>
      <ExtendedData>
        <Data name="Description">
          <value/>
        </Data>
        <Data name="address">
          <value/>
        </Data>
        <Data name="phoneNumber">
          <value/>
        </Data>
        <Data name="Coordinates">
          <value>73.7859701,19.9831835</value>
        </Data>
        <Data name="Category">
          <value>general_hospital</value>
        </Data>
        <Data name="Address">
          <value>Agra - Mumbai Hwy, behind Chhan Hotel, Mumbai Naka, Vallabh Nagar, Nashik, Maharashtra 422009, India</value>
        </Data>
        <Data name="Latitude">
          <value>19.9831835</value>
        </Data>
        <Data name="Longitude">
          <value>73.7859701</value>
        </Data>
        <Data name="Rating">
          <value>4.8</value>
        </Data>
        <Data name="Place_ID">
          <value>ChIJ81sastHr3TsR_Ks-L6lFPG4</value>
        </Data>
        <Data name="Distance_m">
          <value>2564.0</value>
        </Data>
      </ExtendedData>
      <Point>
        <coordinates>
          73.7859701,19.9831835,0
        </coordinates>
      </Point>
    </Placemark>
    <Placemark>
      <name>Goda Medicare Superspeciality Hospital</name>
      <description><![CDATA[Description: <br>address: <br>phoneNumber: <br>Coordinates: 73.7878025,19.9886217<br>Category: hospital<br>Address: Old SBI Colony, Mumbai Naka, Bhagwant Nagar, Dr.Homi Bhabha Nagar, Nashik, Maharashtra 422011, India<br>Latitude: 19.9886217<br>Longitude: 73.7878025<br>Rating: 4.7<br>Place_ID: ChIJGw6GOADr3TsRWNX5LVf_dC8<br>Distance_m: 2862]]></description>
      <styleUrl>#icon-1899-C2185B</styleUrl>
      <ExtendedData>
        <Data name="Description">
          <value/>
        </Data>
        <Data name="address">
          <value/>
        </Data>
        <Data name="phoneNumber">
          <value/>
        </Data>
        <Data name="Coordinates">
          <value>73.7878025,19.9886217</value>
        </Data>
        <Data name="Category">
          <value>hospital</value>
        </Data>
        <Data name="Address">
          <value>Old SBI Colony, Mumbai Naka, Bhagwant Nagar, Dr.Homi Bhabha Nagar, Nashik, Maharashtra 422011, India</value>
        </Data>
        <Data name="Latitude">
          <value>19.9886217</value>
        </Data>
        <Data name="Longitude">
          <value>73.7878025</value>
        </Data>
        <Data name="Rating">
          <value>4.7</value>
        </Data>
        <Data name="Place_ID">
          <value>ChIJGw6GOADr3TsRWNX5LVf_dC8</value>
        </Data>
        <Data name="Distance_m">
          <value>2862.0</value>
        </Data>
      </ExtendedData>
      <Point>
        <coordinates>
          73.7878025,19.9886217,0
        </coordinates>
      </Point>
    </Placemark>
    <Placemark>
      <name><![CDATA[Medinova Super Speciality Hospital Pvt Ltd's Shatabdi Hospital]]></name>
      <description><![CDATA[Description: <br>address: <br>phoneNumber: <br>Coordinates: 73.7841802,19.9880037<br>Category: hospital<br>Address: Suyojit City Center, Bus Stand, opp. Mahamarg CBS Office, Mumbai Naka, Renuka Nagar, Nashik, Maharashtra 422005, India<br>Latitude: 19.9880037<br>Longitude: 73.7841802<br>Rating: 4.5<br>Place_ID: ChIJx52qpBrr3TsR5fUl5Nyz9II<br>Distance_m: 55]]></description>
      <styleUrl>#icon-1899-C2185B</styleUrl>
      <ExtendedData>
        <Data name="Description">
          <value/>
        </Data>
        <Data name="address">
          <value/>
        </Data>
        <Data name="phoneNumber">
          <value/>
        </Data>
        <Data name="Coordinates">
          <value>73.7841802,19.9880037</value>
        </Data>
        <Data name="Category">
          <value>hospital</value>
        </Data>
        <Data name="Address">
          <value>Suyojit City Center, Bus Stand, opp. Mahamarg CBS Office, Mumbai Naka, Renuka Nagar, Nashik, Maharashtra 422005, India</value>
        </Data>
        <Data name="Latitude">
          <value>19.9880037</value>
        </Data>
        <Data name="Longitude">
          <value>73.7841802</value>
        </Data>
        <Data name="Rating">
          <value>4.5</value>
        </Data>
        <Data name="Place_ID">
          <value>ChIJx52qpBrr3TsR5fUl5Nyz9II</value>
        </Data>
        <Data name="Distance_m">
          <value>55.0</value>
        </Data>
      </ExtendedData>
      <Point>
        <coordinates>
          73.7841802,19.9880037,0
        </coordinates>
      </Point>
    </Placemark>
    <Placemark>
      <name>Shreeji Medicity Super Speciality Hospital</name>
      <description><![CDATA[Description: <br>address: <br>phoneNumber: <br>Coordinates: 73.7851781,19.9880711<br>Category: hospital<br>Address: Agra - Mumbai Hwy, next to Wasan Bajaj Showroom, Mumbai Naka, Renuka Nagar, Nashik, Maharashtra 422001, India<br>Latitude: 19.9880711<br>Longitude: 73.7851781<br>Rating: 4.4<br>Place_ID: ChIJh8f9XADr3TsR2cLeVKk4hdg<br>Distance_m: 73]]></description>
      <styleUrl>#icon-1899-C2185B</styleUrl>
      <ExtendedData>
        <Data name="Description">
          <value/>
        </Data>
        <Data name="address">
          <value/>
        </Data>
        <Data name="phoneNumber">
          <value/>
        </Data>
        <Data name="Coordinates">
          <value>73.7851781,19.9880711</value>
        </Data>
        <Data name="Category">
          <value>hospital</value>
        </Data>
        <Data name="Address">
          <value>Agra - Mumbai Hwy, next to Wasan Bajaj Showroom, Mumbai Naka, Renuka Nagar, Nashik, Maharashtra 422001, India</value>
        </Data>
        <Data name="Latitude">
          <value>19.9880711</value>
        </Data>
        <Data name="Longitude">
          <value>73.7851781</value>
        </Data>
        <Data name="Rating">
          <value>4.4</value>
        </Data>
        <Data name="Place_ID">
          <value>ChIJh8f9XADr3TsR2cLeVKk4hdg</value>
        </Data>
        <Data name="Distance_m">
          <value>73.0</value>
        </Data>
      </ExtendedData>
      <Point>
        <coordinates>
          73.7851781,19.9880711,0
        </coordinates>
      </Point>
    </Placemark>
    <Placemark>
      <name>KIMS Manavata Hospital</name>
      <description><![CDATA[Description: <br>address: <br>phoneNumber: <br>Coordinates: 73.7881258,19.9896035<br>Category: hospital<br>Address: Mumbai Naka, Renuka Nagar, Nashik, Maharashtra 422001, India<br>Latitude: 19.9896035<br>Longitude: 73.7881258<br>Rating: 4.5<br>Place_ID: ChIJ9R7FEgDr3TsRMBlqRXgGhc4<br>Distance_m: 425]]></description>
      <styleUrl>#icon-1899-C2185B</styleUrl>
      <ExtendedData>
        <Data name="Description">
          <value/>
        </Data>
        <Data name="address">
          <value/>
        </Data>
        <Data name="phoneNumber">
          <value/>
        </Data>
        <Data name="Coordinates">
          <value>73.7881258,19.9896035</value>
        </Data>
        <Data name="Category">
          <value>hospital</value>
        </Data>
        <Data name="Address">
          <value>Mumbai Naka, Renuka Nagar, Nashik, Maharashtra 422001, India</value>
        </Data>
        <Data name="Latitude">
          <value>19.9896035</value>
        </Data>
        <Data name="Longitude">
          <value>73.7881258</value>
        </Data>
        <Data name="Rating">
          <value>4.5</value>
        </Data>
        <Data name="Place_ID">
          <value>ChIJ9R7FEgDr3TsRMBlqRXgGhc4</value>
        </Data>
        <Data name="Distance_m">
          <value>425.0</value>
        </Data>
      </ExtendedData>
      <Point>
        <coordinates>
          73.7881258,19.9896035,0
        </coordinates>
      </Point>
    </Placemark>
    <Placemark>
      <name>Sahyadri Superspeciality Hospital, Nashik</name>
      <description><![CDATA[Description: <br>address: <br>phoneNumber: <br>Coordinates: 73.793471,19.98924<br>Category: hospital<br>Address: Mumbai-Agra Road, Wadala Rd, near Nashik, Dwarka Circle, General Vaidya Nagar, Nashik, Maharashtra 422011, India<br>Latitude: 19.98924<br>Longitude: 73.793471<br>Rating: 4.8<br>Place_ID: ChIJxaHcOB3r3TsRcWCe8rz2wnM<br>Distance_m: 2385]]></description>
      <styleUrl>#icon-1899-C2185B</styleUrl>
      <ExtendedData>
        <Data name="Description">
          <value/>
        </Data>
        <Data name="address">
          <value/>
        </Data>
        <Data name="phoneNumber">
          <value/>
        </Data>
        <Data name="Coordinates">
          <value>73.793471,19.98924</value>
        </Data>
        <Data name="Category">
          <value>hospital</value>
        </Data>
        <Data name="Address">
          <value>Mumbai-Agra Road, Wadala Rd, near Nashik, Dwarka Circle, General Vaidya Nagar, Nashik, Maharashtra 422011, India</value>
        </Data>
        <Data name="Latitude">
          <value>19.98924</value>
        </Data>
        <Data name="Longitude">
          <value>73.793471</value>
        </Data>
        <Data name="Rating">
          <value>4.8</value>
        </Data>
        <Data name="Place_ID">
          <value>ChIJxaHcOB3r3TsRcWCe8rz2wnM</value>
        </Data>
        <Data name="Distance_m">
          <value>2385.0</value>
        </Data>
      </ExtendedData>
      <Point>
        <coordinates>
          73.793471,19.98924,0
        </coordinates>
      </Point>
    </Placemark>
    <Placemark>
      <name>Regional Referal Service Hospital,Nashik</name>
      <description><![CDATA[Description: <br>address: <br>phoneNumber: <br>Coordinates: 73.7873965,20.0005362<br>Category: hospital<br>Address: 2Q2P+6X6, Shalimar, Nashik, Maharashtra 422001, India<br>Latitude: 20.0005362<br>Longitude: 73.7873965<br>Rating: 3.9<br>Place_ID: ChIJBeUxZwfr3TsRecPOVtAk3ps<br>Distance_m: 1457]]></description>
      <styleUrl>#icon-1899-C2185B</styleUrl>
      <ExtendedData>
        <Data name="Description">
          <value/>
        </Data>
        <Data name="address">
          <value/>
        </Data>
        <Data name="phoneNumber">
          <value/>
        </Data>
        <Data name="Coordinates">
          <value>73.7873965,20.0005362</value>
        </Data>
        <Data name="Category">
          <value>hospital</value>
        </Data>
        <Data name="Address">
          <value>2Q2P+6X6, Shalimar, Nashik, Maharashtra 422001, India</value>
        </Data>
        <Data name="Latitude">
          <value>20.0005362</value>
        </Data>
        <Data name="Longitude">
          <value>73.7873965</value>
        </Data>
        <Data name="Rating">
          <value>3.9</value>
        </Data>
        <Data name="Place_ID">
          <value>ChIJBeUxZwfr3TsRecPOVtAk3ps</value>
        </Data>
        <Data name="Distance_m">
          <value>1457.0</value>
        </Data>
      </ExtendedData>
      <Point>
        <coordinates>
          73.7873965,20.0005362,0
        </coordinates>
      </Point>
    </Placemark>
    <Placemark>
      <name>Reliable Super Speciality Hospital</name>
      <description><![CDATA[Description: <br>address: <br>phoneNumber: <br>Coordinates: 73.7257478,19.9782958<br>Category: hospital<br>Address: Reliable Commercial Complex, Ambad Satpur Link Rd, opp. Bajrang Nagar, Medage Nagar, Nashik, Maharashtra 422010, India<br>Latitude: 19.9782958<br>Longitude: 73.7257478<br>Rating: 4.8<br>Place_ID: ChIJcfPlWo3t3TsRskmyEoTwPwE<br>Distance_m: 2553]]></description>
      <styleUrl>#icon-1899-C2185B</styleUrl>
      <ExtendedData>
        <Data name="Description">
          <value/>
        </Data>
        <Data name="address">
          <value/>
        </Data>
        <Data name="phoneNumber">
          <value/>
        </Data>
        <Data name="Coordinates">
          <value>73.7257478,19.9782958</value>
        </Data>
        <Data name="Category">
          <value>hospital</value>
        </Data>
        <Data name="Address">
          <value>Reliable Commercial Complex, Ambad Satpur Link Rd, opp. Bajrang Nagar, Medage Nagar, Nashik, Maharashtra 422010, India</value>
        </Data>
        <Data name="Latitude">
          <value>19.9782958</value>
        </Data>
        <Data name="Longitude">
          <value>73.7257478</value>
        </Data>
        <Data name="Rating">
          <value>4.8</value>
        </Data>
        <Data name="Place_ID">
          <value>ChIJcfPlWo3t3TsRskmyEoTwPwE</value>
        </Data>
        <Data name="Distance_m">
          <value>2553.0</value>
        </Data>
      </ExtendedData>
      <Point>
        <coordinates>
          73.7257478,19.9782958,0
        </coordinates>
      </Point>
    </Placemark>
    <Placemark>
      <name><![CDATA[Vakratunda Hospital & Research Institute]]></name>
      <description><![CDATA[Description: <br>address: <br>phoneNumber: <br>Coordinates: 73.7618815,19.9558085<br>Category: hospital<br>Address: Survey No. 318, The Wellness Square, 1/3, Pathardi Rd, Dnyaneshwar Nagar, Pathardi Phata, Nashik, Maharashtra 422010, India<br>Latitude: 19.9558085<br>Longitude: 73.7618815<br>Rating: 4.9<br>Place_ID: ChIJEyiAGJnr3TsRNqbM1_3R2Lg<br>Distance_m: 1531]]></description>
      <styleUrl>#icon-1899-C2185B</styleUrl>
      <ExtendedData>
        <Data name="Description">
          <value/>
        </Data>
        <Data name="address">
          <value/>
        </Data>
        <Data name="phoneNumber">
          <value/>
        </Data>
        <Data name="Coordinates">
          <value>73.7618815,19.9558085</value>
        </Data>
        <Data name="Category">
          <value>hospital</value>
        </Data>
        <Data name="Address">
          <value>Survey No. 318, The Wellness Square, 1/3, Pathardi Rd, Dnyaneshwar Nagar, Pathardi Phata, Nashik, Maharashtra 422010, India</value>
        </Data>
        <Data name="Latitude">
          <value>19.9558085</value>
        </Data>
        <Data name="Longitude">
          <value>73.7618815</value>
        </Data>
        <Data name="Rating">
          <value>4.9</value>
        </Data>
        <Data name="Place_ID">
          <value>ChIJEyiAGJnr3TsRNqbM1_3R2Lg</value>
        </Data>
        <Data name="Distance_m">
          <value>1531.0</value>
        </Data>
      </ExtendedData>
      <Point>
        <coordinates>
          73.7618815,19.9558085,0
        </coordinates>
      </Point>
    </Placemark>
    <Placemark>
      <name>Shri Guruji Hospital in Nashik</name>
      <description><![CDATA[Description: <br>address: <br>phoneNumber: <br>Coordinates: 73.7486131,20.0117144<br>Category: hospital<br>Address: 2P6X+PCX, Gangapur Rd, Kale Nagar, Rambhoomi, Savarkar Nagar, Nashik, Maharashtra 422013, India<br>Latitude: 20.0117144<br>Longitude: 73.7486131<br>Rating: 4.1<br>Place_ID: ChIJb4cY0onr3TsRIK-v2YGjkbc<br>Distance_m: 174]]></description>
      <styleUrl>#icon-1899-C2185B</styleUrl>
      <ExtendedData>
        <Data name="Description">
          <value/>
        </Data>
        <Data name="address">
          <value/>
        </Data>
        <Data name="phoneNumber">
          <value/>
        </Data>
        <Data name="Coordinates">
          <value>73.7486131,20.0117144</value>
        </Data>
        <Data name="Category">
          <value>hospital</value>
        </Data>
        <Data name="Address">
          <value>2P6X+PCX, Gangapur Rd, Kale Nagar, Rambhoomi, Savarkar Nagar, Nashik, Maharashtra 422013, India</value>
        </Data>
        <Data name="Latitude">
          <value>20.0117144</value>
        </Data>
        <Data name="Longitude">
          <value>73.7486131</value>
        </Data>
        <Data name="Rating">
          <value>4.1</value>
        </Data>
        <Data name="Place_ID">
          <value>ChIJb4cY0onr3TsRIK-v2YGjkbc</value>
        </Data>
        <Data name="Distance_m">
          <value>174.0</value>
        </Data>
      </ExtendedData>
      <Point>
        <coordinates>
          73.7486131,20.0117144,0
        </coordinates>
      </Point>
    </Placemark>
    <Placemark>
      <name>Growlife Wellness Super Speciality Hospital</name>
      <description><![CDATA[Description: <br>address: <br>phoneNumber: <br>Coordinates: 73.7832053,20.0339859<br>Category: hospital<br>Address: 3rd Floor, NYSA Business Center, Makhmalabad Rd, Ghadge Nagar, Makhmalabad, Nashik, Maharashtra 422003, India<br>Latitude: 20.0339859<br>Longitude: 73.7832053<br>Rating: 4.8<br>Place_ID: ChIJ4zuVnBDr3TsRo5UqEJBhUwo<br>Distance_m: 1330]]></description>
      <styleUrl>#icon-1899-C2185B</styleUrl>
      <ExtendedData>
        <Data name="Description">
          <value/>
        </Data>
        <Data name="address">
          <value/>
        </Data>
        <Data name="phoneNumber">
          <value/>
        </Data>
        <Data name="Coordinates">
          <value>73.7832053,20.0339859</value>
        </Data>
        <Data name="Category">
          <value>hospital</value>
        </Data>
        <Data name="Address">
          <value>3rd Floor, NYSA Business Center, Makhmalabad Rd, Ghadge Nagar, Makhmalabad, Nashik, Maharashtra 422003, India</value>
        </Data>
        <Data name="Latitude">
          <value>20.0339859</value>
        </Data>
        <Data name="Longitude">
          <value>73.7832053</value>
        </Data>
        <Data name="Rating">
          <value>4.8</value>
        </Data>
        <Data name="Place_ID">
          <value>ChIJ4zuVnBDr3TsRo5UqEJBhUwo</value>
        </Data>
        <Data name="Distance_m">
          <value>1330.0</value>
        </Data>
      </ExtendedData>
      <Point>
        <coordinates>
          73.7832053,20.0339859,0
        </coordinates>
      </Point>
    </Placemark>
    <Placemark>
      <name>Vakratunda Hospital Private Limited</name>
      <description><![CDATA[Description: <br>address: <br>phoneNumber: <br>Coordinates: 73.7576062,19.9551478<br>Category: hospital<br>Address: RAGHUKUL SANKUL( SALES TAX OFFICE ROAD), BEHIND HOTEL BANDHURAJ( MUMBAI AGRA HIGHWAY), PATHARDI PHATA,, Nawale Nagar, Prashant Nagar, Pathardi Phata, Nashik, Maharashtra 422010, India<br>Latitude: 19.9551478<br>Longitude: 73.7576062<br>Rating: 4.3<br>Place_ID: ChIJURvXW1Lr3TsRPnWgKBfxnRY<br>Distance_m: 1960]]></description>
      <styleUrl>#icon-1899-C2185B</styleUrl>
      <ExtendedData>
        <Data name="Description">
          <value/>
        </Data>
        <Data name="address">
          <value/>
        </Data>
        <Data name="phoneNumber">
          <value/>
        </Data>
        <Data name="Coordinates">
          <value>73.7576062,19.9551478</value>
        </Data>
        <Data name="Category">
          <value>hospital</value>
        </Data>
        <Data name="Address">
          <value>RAGHUKUL SANKUL( SALES TAX OFFICE ROAD), BEHIND HOTEL BANDHURAJ( MUMBAI AGRA HIGHWAY), PATHARDI PHATA,, Nawale Nagar, Prashant Nagar, Pathardi Phata, Nashik, Maharashtra 422010, India</value>
        </Data>
        <Data name="Latitude">
          <value>19.9551478</value>
        </Data>
        <Data name="Longitude">
          <value>73.7576062</value>
        </Data>
        <Data name="Rating">
          <value>4.3</value>
        </Data>
        <Data name="Place_ID">
          <value>ChIJURvXW1Lr3TsRPnWgKBfxnRY</value>
        </Data>
        <Data name="Distance_m">
          <value>1960.0</value>
        </Data>
      </ExtendedData>
      <Point>
        <coordinates>
          73.7576062,19.9551478,0
        </coordinates>
      </Point>
    </Placemark>
    <Placemark>
      <name>Apollo Hospital Emergency Centre - Mumbai Naka</name>
      <description><![CDATA[Description: <br>address: <br>phoneNumber: <br>Coordinates: 73.7805,20.0005<br>Category: medical_clinic<br>Address: Mumbai Naka, Police Staff Colony, Nashik, Maharashtra 422002, India<br>Latitude: 20.0005<br>Longitude: 73.7805<br>Rating: 1<br>Place_ID: ChIJgSPePXHr3TsRkLzhp5cR420<br>Distance_m: 1486]]></description>
      <styleUrl>#icon-1899-C2185B</styleUrl>
      <ExtendedData>
        <Data name="Description">
          <value/>
        </Data>
        <Data name="address">
          <value/>
        </Data>
        <Data name="phoneNumber">
          <value/>
        </Data>
        <Data name="Coordinates">
          <value>73.7805,20.0005</value>
        </Data>
        <Data name="Category">
          <value>medical_clinic</value>
        </Data>
        <Data name="Address">
          <value>Mumbai Naka, Police Staff Colony, Nashik, Maharashtra 422002, India</value>
        </Data>
        <Data name="Latitude">
          <value>20.0005</value>
        </Data>
        <Data name="Longitude">
          <value>73.7805</value>
        </Data>
        <Data name="Rating">
          <value>1.0</value>
        </Data>
        <Data name="Place_ID">
          <value>ChIJgSPePXHr3TsRkLzhp5cR420</value>
        </Data>
        <Data name="Distance_m">
          <value>1486.0</value>
        </Data>
      </ExtendedData>
      <Point>
        <coordinates>
          73.7805,20.0005,0
        </coordinates>
      </Point>
    </Placemark>
    <Placemark>
      <name>Apollo Hospital Emergency Centre - College Road</name>
      <description><![CDATA[Description: <br>address: <br>phoneNumber: <br>Coordinates: 73.768,20.0065<br>Category: medical_clinic<br>Address: College Rd, Patil Colony, Canada Corner, Nashik, Maharashtra 422005, India<br>Latitude: 20.0065<br>Longitude: 73.768<br>Rating: <br>Place_ID: ChIJ44CGnajr3TsRGdhWJWuRlRA<br>Distance_m: 525]]></description>
      <styleUrl>#icon-1899-C2185B</styleUrl>
      <ExtendedData>
        <Data name="Description">
          <value/>
        </Data>
        <Data name="address">
          <value/>
        </Data>
        <Data name="phoneNumber">
          <value/>
        </Data>
        <Data name="Coordinates">
          <value>73.768,20.0065</value>
        </Data>
        <Data name="Category">
          <value>medical_clinic</value>
        </Data>
        <Data name="Address">
          <value>College Rd, Patil Colony, Canada Corner, Nashik, Maharashtra 422005, India</value>
        </Data>
        <Data name="Latitude">
          <value>20.0065</value>
        </Data>
        <Data name="Longitude">
          <value>73.768</value>
        </Data>
        <Data name="Rating">
          <value/>
        </Data>
        <Data name="Place_ID">
          <value>ChIJ44CGnajr3TsRGdhWJWuRlRA</value>
        </Data>
        <Data name="Distance_m">
          <value>525.0</value>
        </Data>
      </ExtendedData>
      <Point>
        <coordinates>
          73.768,20.0065,0
        </coordinates>
      </Point>
    </Placemark>
    <Placemark>
      <name>Kasliwal Superspeciality Hospital</name>
      <description><![CDATA[Description: <br>address: <br>phoneNumber: <br>Coordinates: 73.7615637,20.0107768<br>Category: doctor<br>Address: 2nd Floor, Bosco Centre, Gangapur Rd, Nashik, Maharashtra 422005, India<br>Latitude: 20.0107768<br>Longitude: 73.7615637<br>Rating: 4.8<br>Place_ID: ChIJ0zRUCprr3TsRAfCagKjvufs<br>Distance_m: 1198]]></description>
      <styleUrl>#icon-1899-C2185B</styleUrl>
      <ExtendedData>
        <Data name="Description">
          <value/>
        </Data>
        <Data name="address">
          <value/>
        </Data>
        <Data name="phoneNumber">
          <value/>
        </Data>
        <Data name="Coordinates">
          <value>73.7615637,20.0107768</value>
        </Data>
        <Data name="Category">
          <value>doctor</value>
        </Data>
        <Data name="Address">
          <value>2nd Floor, Bosco Centre, Gangapur Rd, Nashik, Maharashtra 422005, India</value>
        </Data>
        <Data name="Latitude">
          <value>20.0107768</value>
        </Data>
        <Data name="Longitude">
          <value>73.7615637</value>
        </Data>
        <Data name="Rating">
          <value>4.8</value>
        </Data>
        <Data name="Place_ID">
          <value>ChIJ0zRUCprr3TsRAfCagKjvufs</value>
        </Data>
        <Data name="Distance_m">
          <value>1198.0</value>
        </Data>
      </ExtendedData>
      <Point>
        <coordinates>
          73.7615637,20.0107768,0
        </coordinates>
      </Point>
    </Placemark>
    <Placemark>
      <name><![CDATA[Vijan Hospital & Research Centre]]></name>
      <description><![CDATA[Description: <br>address: <br>phoneNumber: <br>Coordinates: 73.766641,20.005301<br>Category: doctor<br>Address: Dr Vijan Hospital Marg, College Rd, Canada Corner, Nashik, Maharashtra 422005, India<br>Latitude: 20.005301<br>Longitude: 73.766641<br>Rating: 4.7<br>Place_ID: ChIJ9-DeSJnr3TsRB8DCpuMUWHg<br>Distance_m: 388]]></description>
      <styleUrl>#icon-1899-C2185B</styleUrl>
      <ExtendedData>
        <Data name="Description">
          <value/>
        </Data>
        <Data name="address">
          <value/>
        </Data>
        <Data name="phoneNumber">
          <value/>
        </Data>
        <Data name="Coordinates">
          <value>73.766641,20.005301</value>
        </Data>
        <Data name="Category">
          <value>doctor</value>
        </Data>
        <Data name="Address">
          <value>Dr Vijan Hospital Marg, College Rd, Canada Corner, Nashik, Maharashtra 422005, India</value>
        </Data>
        <Data name="Latitude">
          <value>20.005301</value>
        </Data>
        <Data name="Longitude">
          <value>73.766641</value>
        </Data>
        <Data name="Rating">
          <value>4.7</value>
        </Data>
        <Data name="Place_ID">
          <value>ChIJ9-DeSJnr3TsRB8DCpuMUWHg</value>
        </Data>
        <Data name="Distance_m">
          <value>388.0</value>
        </Data>
      </ExtendedData>
      <Point>
        <coordinates>
          73.766641,20.005301,0
        </coordinates>
      </Point>
    </Placemark>
    <Placemark>
      <name><![CDATA[Dr. Pushkar Lele, ENT Surgeon | Lele Hospital & Research Center Nashik]]></name>
      <description><![CDATA[Description: <br>address: <br>phoneNumber: <br>Coordinates: 73.7724903,20.0009891<br>Category: hospital<br>Address: Kulkarni Colony, Near Kulkarni Garden, Sharanpur Rd, opposite Soni Paithani sarees, Racca Colony, Sharanpur, Nashik, Maharashtra 422002, India<br>Latitude: 20.0009891<br>Longitude: 73.7724903<br>Rating: 4.3<br>Place_ID: ChIJxfoVPqDr3TsRsxrxlgVckGM<br>Distance_m: 238]]></description>
      <styleUrl>#icon-1899-C2185B</styleUrl>
      <ExtendedData>
        <Data name="Description">
          <value/>
        </Data>
        <Data name="address">
          <value/>
        </Data>
        <Data name="phoneNumber">
          <value/>
        </Data>
        <Data name="Coordinates">
          <value>73.7724903,20.0009891</value>
        </Data>
        <Data name="Category">
          <value>hospital</value>
        </Data>
        <Data name="Address">
          <value>Kulkarni Colony, Near Kulkarni Garden, Sharanpur Rd, opposite Soni Paithani sarees, Racca Colony, Sharanpur, Nashik, Maharashtra 422002, India</value>
        </Data>
        <Data name="Latitude">
          <value>20.0009891</value>
        </Data>
        <Data name="Longitude">
          <value>73.7724903</value>
        </Data>
        <Data name="Rating">
          <value>4.3</value>
        </Data>
        <Data name="Place_ID">
          <value>ChIJxfoVPqDr3TsRsxrxlgVckGM</value>
        </Data>
        <Data name="Distance_m">
          <value>238.0</value>
        </Data>
      </ExtendedData>
      <Point>
        <coordinates>
          73.7724903,20.0009891,0
        </coordinates>
      </Point>
    </Placemark>
    <Placemark>
      <name>Lotus hospital</name>
      <description><![CDATA[Description: <br>address: <br>phoneNumber: <br>Coordinates: 73.7675081,20.0116935<br>Category: hospital<br>Address: Vidya Vikas Circle, 2Q69+M2C, Gangapur Rd, Bhavik Nagar, Shreerang Nagar, Nashik, Maharashtra 422013, India<br>Latitude: 20.0116935<br>Longitude: 73.7675081<br>Rating: 3.7<br>Place_ID: ChIJLf22Ojjr3TsRGGEj8SqIni4<br>Distance_m: 1809]]></description>
      <styleUrl>#icon-1899-C2185B</styleUrl>
      <ExtendedData>
        <Data name="Description">
          <value/>
        </Data>
        <Data name="address">
          <value/>
        </Data>
        <Data name="phoneNumber">
          <value/>
        </Data>
        <Data name="Coordinates">
          <value>73.7675081,20.0116935</value>
        </Data>
        <Data name="Category">
          <value>hospital</value>
        </Data>
        <Data name="Address">
          <value>Vidya Vikas Circle, 2Q69+M2C, Gangapur Rd, Bhavik Nagar, Shreerang Nagar, Nashik, Maharashtra 422013, India</value>
        </Data>
        <Data name="Latitude">
          <value>20.0116935</value>
        </Data>
        <Data name="Longitude">
          <value>73.7675081</value>
        </Data>
        <Data name="Rating">
          <value>3.7</value>
        </Data>
        <Data name="Place_ID">
          <value>ChIJLf22Ojjr3TsRGGEj8SqIni4</value>
        </Data>
        <Data name="Distance_m">
          <value>1809.0</value>
        </Data>
      </ExtendedData>
      <Point>
        <coordinates>
          73.7675081,20.0116935,0
        </coordinates>
      </Point>
    </Placemark>
    <Placemark>
      <name>Deore Superspeciality Hospital</name>
      <description><![CDATA[Description: <br>address: <br>phoneNumber: <br>Coordinates: 73.7778188,19.9919436<br>Category: hospital<br>Address: Floor No. 3 Roonghtha Supremus, Shree hari kute marg, Chandak Cir, Mumbai Naka, Tidke Colony, Nashik, Maharashtra 422002, India<br>Latitude: 19.9919436<br>Longitude: 73.7778188<br>Rating: 4.6<br>Place_ID: ChIJG5ZgP6_r3TsR6JkI1Ra7Shg<br>Distance_m: 851]]></description>
      <styleUrl>#icon-1899-C2185B</styleUrl>
      <ExtendedData>
        <Data name="Description">
          <value/>
        </Data>
        <Data name="address">
          <value/>
        </Data>
        <Data name="phoneNumber">
          <value/>
        </Data>
        <Data name="Coordinates">
          <value>73.7778188,19.9919436</value>
        </Data>
        <Data name="Category">
          <value>hospital</value>
        </Data>
        <Data name="Address">
          <value>Floor No. 3 Roonghtha Supremus, Shree hari kute marg, Chandak Cir, Mumbai Naka, Tidke Colony, Nashik, Maharashtra 422002, India</value>
        </Data>
        <Data name="Latitude">
          <value>19.9919436</value>
        </Data>
        <Data name="Longitude">
          <value>73.7778188</value>
        </Data>
        <Data name="Rating">
          <value>4.6</value>
        </Data>
        <Data name="Place_ID">
          <value>ChIJG5ZgP6_r3TsR6JkI1Ra7Shg</value>
        </Data>
        <Data name="Distance_m">
          <value>851.0</value>
        </Data>
      </ExtendedData>
      <Point>
        <coordinates>
          73.7778188,19.9919436,0
        </coordinates>
      </Point>
    </Placemark>
    <Placemark>
      <name>Shree Siddhivinayak Hospital</name>
      <description><![CDATA[Description: <br>address: <br>phoneNumber: <br>Coordinates: 73.7780043,20.00556<br>Category: hospital<br>Address: Unity Campus, Gangapur Rd, opposite K.T.H.M. College, Police Staff Colony, Nashik, Maharashtra 422002, India<br>Latitude: 20.00556<br>Longitude: 73.7780043<br>Rating: 3.6<br>Place_ID: ChIJmZWKQe3t3TsRltAoHKNilOk<br>Distance_m: 2997]]></description>
      <styleUrl>#icon-1899-C2185B</styleUrl>
      <ExtendedData>
        <Data name="Description">
          <value/>
        </Data>
        <Data name="address">
          <value/>
        </Data>
        <Data name="phoneNumber">
          <value/>
        </Data>
        <Data name="Coordinates">
          <value>73.7780043,20.00556</value>
        </Data>
        <Data name="Category">
          <value>hospital</value>
        </Data>
        <Data name="Address">
          <value>Unity Campus, Gangapur Rd, opposite K.T.H.M. College, Police Staff Colony, Nashik, Maharashtra 422002, India</value>
        </Data>
        <Data name="Latitude">
          <value>20.00556</value>
        </Data>
        <Data name="Longitude">
          <value>73.7780043</value>
        </Data>
        <Data name="Rating">
          <value>3.6</value>
        </Data>
        <Data name="Place_ID">
          <value>ChIJmZWKQe3t3TsRltAoHKNilOk</value>
        </Data>
        <Data name="Distance_m">
          <value>2997.0</value>
        </Data>
      </ExtendedData>
      <Point>
        <coordinates>
          73.7780043,20.00556,0
        </coordinates>
      </Point>
    </Placemark>
    <Placemark>
      <name>Rishikesh Plus Super Speciality Hospital LLP</name>
      <description><![CDATA[Description: <br>address: <br>phoneNumber: <br>Coordinates: 73.774781,20.0060178<br>Category: hospital<br>Address: 09, Gangapur Rd, Murkute Colony, Thakkar Nagar, New Pandit Colony, Nashik, Maharashtra 422002, India<br>Latitude: 20.0060178<br>Longitude: 73.774781<br>Rating: 3.1<br>Place_ID: ChIJkUh2tqTr3TsR9Us0wmXpN-o<br>Distance_m: 2659]]></description>
      <styleUrl>#icon-1899-C2185B</styleUrl>
      <ExtendedData>
        <Data name="Description">
          <value/>
        </Data>
        <Data name="address">
          <value/>
        </Data>
        <Data name="phoneNumber">
          <value/>
        </Data>
        <Data name="Coordinates">
          <value>73.774781,20.0060178</value>
        </Data>
        <Data name="Category">
          <value>hospital</value>
        </Data>
        <Data name="Address">
          <value>09, Gangapur Rd, Murkute Colony, Thakkar Nagar, New Pandit Colony, Nashik, Maharashtra 422002, India</value>
        </Data>
        <Data name="Latitude">
          <value>20.0060178</value>
        </Data>
        <Data name="Longitude">
          <value>73.774781</value>
        </Data>
        <Data name="Rating">
          <value>3.1</value>
        </Data>
        <Data name="Place_ID">
          <value>ChIJkUh2tqTr3TsR9Us0wmXpN-o</value>
        </Data>
        <Data name="Distance_m">
          <value>2659.0</value>
        </Data>
      </ExtendedData>
      <Point>
        <coordinates>
          73.774781,20.0060178,0
        </coordinates>
      </Point>
    </Placemark>
    <Placemark>
      <name>Shiv Superspeciality Hospital</name>
      <description><![CDATA[Description: <br>address: <br>phoneNumber: <br>Coordinates: 73.7262385,19.9873398<br>Category: hospital<br>Address: Trambakeshwar Rd, opp. Papaya Nursery, Satpur Colony, Nashik, Maharashtra 422007, India<br>Latitude: 19.9873398<br>Longitude: 73.7262385<br>Rating: 4.8<br>Place_ID: ChIJsXKm78jt3TsRCa9eBsk9gQY<br>Distance_m: 1570]]></description>
      <styleUrl>#icon-1899-C2185B</styleUrl>
      <ExtendedData>
        <Data name="Description">
          <value/>
        </Data>
        <Data name="address">
          <value/>
        </Data>
        <Data name="phoneNumber">
          <value/>
        </Data>
        <Data name="Coordinates">
          <value>73.7262385,19.9873398</value>
        </Data>
        <Data name="Category">
          <value>hospital</value>
        </Data>
        <Data name="Address">
          <value>Trambakeshwar Rd, opp. Papaya Nursery, Satpur Colony, Nashik, Maharashtra 422007, India</value>
        </Data>
        <Data name="Latitude">
          <value>19.9873398</value>
        </Data>
        <Data name="Longitude">
          <value>73.7262385</value>
        </Data>
        <Data name="Rating">
          <value>4.8</value>
        </Data>
        <Data name="Place_ID">
          <value>ChIJsXKm78jt3TsRCa9eBsk9gQY</value>
        </Data>
        <Data name="Distance_m">
          <value>1570.0</value>
        </Data>
      </ExtendedData>
      <Point>
        <coordinates>
          73.7262385,19.9873398,0
        </coordinates>
      </Point>
    </Placemark>
    <Placemark>
      <name>Six Sigma Medicare</name>
      <description><![CDATA[Description: <br>address: <br>phoneNumber: <br>Coordinates: 73.7546412,20.0003062<br>Category: hospital<br>Address: Satguru's, Mahatma Nagar Water Tank Rd, opp. Water Tank, Mahatma Nagar, Parijat Nagar, Nashik, Maharashtra 422005, India<br>Latitude: 20.0003062<br>Longitude: 73.7546412<br>Rating: 4.6<br>Place_ID: ChIJOcfBMILr3TsRRy5UEFx-uTk<br>Distance_m: 2460]]></description>
      <styleUrl>#icon-1899-C2185B</styleUrl>
      <ExtendedData>
        <Data name="Description">
          <value/>
        </Data>
        <Data name="address">
          <value/>
        </Data>
        <Data name="phoneNumber">
          <value/>
        </Data>
        <Data name="Coordinates">
          <value>73.7546412,20.0003062</value>
        </Data>
        <Data name="Category">
          <value>hospital</value>
        </Data>
        <Data name="Address">
          <value><![CDATA[Satguru's, Mahatma Nagar Water Tank Rd, opp. Water Tank, Mahatma Nagar, Parijat Nagar, Nashik, Maharashtra 422005, India]]></value>
        </Data>
        <Data name="Latitude">
          <value>20.0003062</value>
        </Data>
        <Data name="Longitude">
          <value>73.7546412</value>
        </Data>
        <Data name="Rating">
          <value>4.6</value>
        </Data>
        <Data name="Place_ID">
          <value>ChIJOcfBMILr3TsRRy5UEFx-uTk</value>
        </Data>
        <Data name="Distance_m">
          <value>2460.0</value>
        </Data>
      </ExtendedData>
      <Point>
        <coordinates>
          73.7546412,20.0003062,0
        </coordinates>
      </Point>
    </Placemark>
    <Placemark>
      <name> Mediliv Hospital</name>
      <description><![CDATA[Description: <br>address: <br>phoneNumber: <br>Coordinates: 73.7998763,19.9898494<br>Category: doctor<br>Address: 5th Floor, Shreeji Bizz Word Complex, above Kotak Mahindra Bank, near Kathe Lane, Signal, Dwarka, Nashik, Maharashtra 422011, India<br>Latitude: 19.9898494<br>Longitude: 73.7998763<br>Rating: 4.9<br>Place_ID: ChIJHdbho6br3TsRmK24WVwiWcw<br>Distance_m: 539]]></description>
      <styleUrl>#icon-1899-C2185B</styleUrl>
      <ExtendedData>
        <Data name="Description">
          <value/>
        </Data>
        <Data name="address">
          <value/>
        </Data>
        <Data name="phoneNumber">
          <value/>
        </Data>
        <Data name="Coordinates">
          <value>73.7998763,19.9898494</value>
        </Data>
        <Data name="Category">
          <value>doctor</value>
        </Data>
        <Data name="Address">
          <value>5th Floor, Shreeji Bizz Word Complex, above Kotak Mahindra Bank, near Kathe Lane, Signal, Dwarka, Nashik, Maharashtra 422011, India</value>
        </Data>
        <Data name="Latitude">
          <value>19.9898494</value>
        </Data>
        <Data name="Longitude">
          <value>73.7998763</value>
        </Data>
        <Data name="Rating">
          <value>4.9</value>
        </Data>
        <Data name="Place_ID">
          <value>ChIJHdbho6br3TsRmK24WVwiWcw</value>
        </Data>
        <Data name="Distance_m">
          <value>539.0</value>
        </Data>
      </ExtendedData>
      <Point>
        <coordinates>
          73.7998763,19.9898494,0
        </coordinates>
      </Point>
    </Placemark>
    <Placemark>
      <name><![CDATA[Sanjeevani Criticare & Research Centre Pvt.Ltd.]]></name>
      <description><![CDATA[Description: <br>address: <br>phoneNumber: <br>Coordinates: 73.7965876,20.0147614<br>Category: hospital<br>Address: Narayan Sankul,Dindori road, near Mahalaxmi Talkies, Adityakunj Society, Panchavati, Nashik, Maharashtra 422003, India<br>Latitude: 20.0147614<br>Longitude: 73.7965876<br>Rating: 3.9<br>Place_ID: ChIJx9M_a03q3TsRh8zqZGtLOm4<br>Distance_m: 763]]></description>
      <styleUrl>#icon-1899-C2185B</styleUrl>
      <ExtendedData>
        <Data name="Description">
          <value/>
        </Data>
        <Data name="address">
          <value/>
        </Data>
        <Data name="phoneNumber">
          <value/>
        </Data>
        <Data name="Coordinates">
          <value>73.7965876,20.0147614</value>
        </Data>
        <Data name="Category">
          <value>hospital</value>
        </Data>
        <Data name="Address">
          <value>Narayan Sankul,Dindori road, near Mahalaxmi Talkies, Adityakunj Society, Panchavati, Nashik, Maharashtra 422003, India</value>
        </Data>
        <Data name="Latitude">
          <value>20.0147614</value>
        </Data>
        <Data name="Longitude">
          <value>73.7965876</value>
        </Data>
        <Data name="Rating">
          <value>3.9</value>
        </Data>
        <Data name="Place_ID">
          <value>ChIJx9M_a03q3TsRh8zqZGtLOm4</value>
        </Data>
        <Data name="Distance_m">
          <value>763.0</value>
        </Data>
      </ExtendedData>
      <Point>
        <coordinates>
          73.7965876,20.0147614,0
        </coordinates>
      </Point>
    </Placemark>
    <Placemark>
      <name>Apollo Hospitals</name>
      <description><![CDATA[Description: <br>address: <br>phoneNumber: <br>Coordinates: 73.8160368,20.0121955<br>Category: hospital<br>Address: Plot No. 1, Swaminarayan Nagar, New Adgaon Naka, Panchavati, near Lunge Mangal Karyalay, Swaminarayan nagar, Nashik, Maharashtra 422003, India<br>Latitude: 20.0121955<br>Longitude: 73.8160368<br>Rating: 4.8<br>Place_ID: ChIJJ1eIqF3q3TsR0tUCSs4lubY<br>Distance_m: 2869]]></description>
      <styleUrl>#icon-1899-C2185B</styleUrl>
      <ExtendedData>
        <Data name="Description">
          <value/>
        </Data>
        <Data name="address">
          <value/>
        </Data>
        <Data name="phoneNumber">
          <value/>
        </Data>
        <Data name="Coordinates">
          <value>73.8160368,20.0121955</value>
        </Data>
        <Data name="Category">
          <value>hospital</value>
        </Data>
        <Data name="Address">
          <value>Plot No. 1, Swaminarayan Nagar, New Adgaon Naka, Panchavati, near Lunge Mangal Karyalay, Swaminarayan nagar, Nashik, Maharashtra 422003, India</value>
        </Data>
        <Data name="Latitude">
          <value>20.0121955</value>
        </Data>
        <Data name="Longitude">
          <value>73.8160368</value>
        </Data>
        <Data name="Rating">
          <value>4.8</value>
        </Data>
        <Data name="Place_ID">
          <value>ChIJJ1eIqF3q3TsR0tUCSs4lubY</value>
        </Data>
        <Data name="Distance_m">
          <value>2869.0</value>
        </Data>
      </ExtendedData>
      <Point>
        <coordinates>
          73.8160368,20.0121955,0
        </coordinates>
      </Point>
    </Placemark>
    <Placemark>
      <name>Swami Vivekanand Multispecialty Hospital and Research Institute</name>
      <description><![CDATA[Description: <br>address: <br>phoneNumber: <br>Coordinates: <br>Category: <br>Address: S. No. 659, Tupadevi Phata Talwade Road, Anjaneri Tal, Trimbakeshwar, Dist, Trimbakeshwar, Anjaneri, Maharashtra 422213, India<br>Latitude: 19.955744<br>Longitude: 73.561485<br>Rating: 4.2<br>Place_ID: ChIJ5x3qZjz13TsR92fWohGmzfw<br>Distance_m: ]]></description>
      <styleUrl>#icon-1899-C2185B</styleUrl>
      <ExtendedData>
        <Data name="Description">
          <value/>
        </Data>
        <Data name="address">
          <value/>
        </Data>
        <Data name="phoneNumber">
          <value/>
        </Data>
        <Data name="Coordinates">
          <value/>
        </Data>
        <Data name="Category">
          <value/>
        </Data>
        <Data name="Address">
          <value>S. No. 659, Tupadevi Phata Talwade Road, Anjaneri Tal, Trimbakeshwar, Dist, Trimbakeshwar, Anjaneri, Maharashtra 422213, India</value>
        </Data>
        <Data name="Latitude">
          <value>19.955744</value>
        </Data>
        <Data name="Longitude">
          <value>73.561485</value>
        </Data>
        <Data name="Rating">
          <value>4.2</value>
        </Data>
        <Data name="Place_ID">
          <value>ChIJ5x3qZjz13TsR92fWohGmzfw</value>
        </Data>
        <Data name="Distance_m">
          <value/>
        </Data>
      </ExtendedData>
      <Point>
        <coordinates>
          73.561485,19.955744,0
        </coordinates>
      </Point>
    </Placemark>
  </Document>
</kml>
