<?xml version="1.0" encoding="utf-8" ?>
<kml xmlns="http://www.opengis.net/kml/2.2">
<Document id="root_doc">
<Schema name="shopping_and_retail" id="shopping_and_retail">
	<SimpleField name="Category" type="string"></SimpleField>
	<SimpleField name="Address" type="string"></SimpleField>
	<SimpleField name="Latitude" type="float"></SimpleField>
	<SimpleField name="Longitude" type="float"></SimpleField>
	<SimpleField name="Rating" type="float"></SimpleField>
	<SimpleField name="Place_ID" type="string"></SimpleField>
	<SimpleField name="Distance_m" type="int"></SimpleField>
	<SimpleField name="Source_File" type="string"></SimpleField>
</Schema>
<Folder><name>shopping_and_retail</name>
  <Placemark id="shopping_and_retail.1">
	<name>TRENDS</name>
	<ExtendedData><SchemaData schemaUrl="#shopping_and_retail">
		<SimpleData name="Category">clothing_store</SimpleData>
		<SimpleData name="Address">Star Zone Mall, Dawkhar Wadi, Nashik Road, Nashik, Maharashtra 422101, India</SimpleData>
		<SimpleData name="Latitude">19.9607348</SimpleData>
		<SimpleData name="Longitude">73.828183</SimpleData>
		<SimpleData name="Rating">3.8</SimpleData>
		<SimpleData name="Place_ID">ChIJG9WoREvr3TsROgEOWsGJ6Fw</SimpleData>
		<SimpleData name="Distance_m">1457</SimpleData>
		<SimpleData name="Source_File">Nashik_Nashik_Road_establishments.xlsx</SimpleData>
	</SchemaData></ExtendedData>
      <Point><coordinates>73.828183,19.9607348</coordinates></Point>
  </Placemark>
  <Placemark id="shopping_and_retail.2">
	<name>Reliance Digital</name>
	<ExtendedData><SchemaData schemaUrl="#shopping_and_retail">
		<SimpleData name="Category">electronics_store</SimpleData>
		<SimpleData name="Address">Shop No U6, Bitko Point, M6 &amp; M7, next to Passport Office, R Starzone, Nashik Road, Nashik, Maharashtra 422101, India</SimpleData>
		<SimpleData name="Latitude">19.9608411</SimpleData>
		<SimpleData name="Longitude">73.828631</SimpleData>
		<SimpleData name="Rating">4.9</SimpleData>
		<SimpleData name="Place_ID">ChIJI8LbJPrr3TsRZomn96CEPcs</SimpleData>
		<SimpleData name="Distance_m">3100</SimpleData>
		<SimpleData name="Source_File">Nashik_Wadala_Road_establishments.xlsx</SimpleData>
	</SchemaData></ExtendedData>
      <Point><coordinates>73.828631,19.9608411</coordinates></Point>
  </Placemark>
  <Placemark id="shopping_and_retail.3">
	<name>NASHIK ROAD Kirana Centre</name>
	<ExtendedData><SchemaData schemaUrl="#shopping_and_retail">
		<SimpleData name="Category">general_store</SimpleData>
		<SimpleData name="Address">8/9, Opp Bytco College, Rosa Colony, Nashik Rd, Nashik, Maharashtra 422101, India</SimpleData>
		<SimpleData name="Latitude">19.95987</SimpleData>
		<SimpleData name="Longitude">73.830322</SimpleData>
		<SimpleData name="Rating">4.6</SimpleData>
		<SimpleData name="Place_ID">ChIJZTgoX63q3TsRXR1RnHPnesI</SimpleData>
		<SimpleData name="Distance_m">1639</SimpleData>
		<SimpleData name="Source_File">Nashik_Nashik_Road_establishments.xlsx</SimpleData>
	</SchemaData></ExtendedData>
      <Point><coordinates>73.830322,19.95987</coordinates></Point>
  </Placemark>
  <Placemark id="shopping_and_retail.4">
	<name>Sinduri SUPER MARKET</name>
	<ExtendedData><SchemaData schemaUrl="#shopping_and_retail">
		<SimpleData name="Category">gift_shop</SimpleData>
		<SimpleData name="Address">4, Nashik Rd, opposite to Hotel Vasco, Rajwada Nagar, Nashik Road, Nashik, Maharashtra 422101, India</SimpleData>
		<SimpleData name="Latitude">19.9512948</SimpleData>
		<SimpleData name="Longitude">73.8398212</SimpleData>
		<SimpleData name="Rating">3.8</SimpleData>
		<SimpleData name="Place_ID">ChIJ4yJxTlaV3TsRWD3tDbJZjPs</SimpleData>
		<SimpleData name="Distance_m">2977</SimpleData>
		<SimpleData name="Source_File">Nashik_Nashik_Road_establishments.xlsx</SimpleData>
	</SchemaData></ExtendedData>
      <Point><coordinates>73.8398212,19.9512948</coordinates></Point>
  </Placemark>
  <Placemark id="shopping_and_retail.5">
	<name>Food Basket</name>
	<ExtendedData><SchemaData schemaUrl="#shopping_and_retail">
		<SimpleData name="Category">grocery_store</SimpleData>
		<SimpleData name="Address">Padmanabh Heights, shop no, 2, Datta Mandir Rd, Gayakhe Colony, Nashik Road, Nashik, Maharashtra 422101, India</SimpleData>
		<SimpleData name="Latitude">19.9534294</SimpleData>
		<SimpleData name="Longitude">73.8344181</SimpleData>
		<SimpleData name="Rating">4.2</SimpleData>
		<SimpleData name="Place_ID">ChIJ6bIw3laV3TsR6gVXxVWDNWw</SimpleData>
		<SimpleData name="Distance_m">2472</SimpleData>
		<SimpleData name="Source_File">Nashik_Nashik_Road_establishments.xlsx</SimpleData>
	</SchemaData></ExtendedData>
      <Point><coordinates>73.8344181,19.9534294</coordinates></Point>
  </Placemark>
  <Placemark id="shopping_and_retail.6">
	<name>Laxmi Kirana And General Stores</name>
	<ExtendedData><SchemaData schemaUrl="#shopping_and_retail">
		<SimpleData name="Category">grocery_store</SimpleData>
		<SimpleData name="Address">XR5F+R8M, Jai Bhavani Rd, Jayabai Colony, Matoshri Nagar, Nashik Road, Nashik, Maharashtra 422101, India</SimpleData>
		<SimpleData name="Latitude">19.959587</SimpleData>
		<SimpleData name="Longitude">73.823308</SimpleData>
		<SimpleData name="Rating">4.5</SimpleData>
		<SimpleData name="Place_ID">ChIJ9yowlrTq3TsRbI1HjAEh5qc</SimpleData>
		<SimpleData name="Distance_m">1481</SimpleData>
		<SimpleData name="Source_File">Nashik_Nashik_Road_establishments.xlsx</SimpleData>
	</SchemaData></ExtendedData>
      <Point><coordinates>73.823308,19.959587</coordinates></Point>
  </Placemark>
  <Placemark id="shopping_and_retail.7">
	<name>Krishna Super Bazaar</name>
	<ExtendedData><SchemaData schemaUrl="#shopping_and_retail">
		<SimpleData name="Category">grocery_store</SimpleData>
		<SimpleData name="Address">Shop No. 6/7, Dodani Complex, Near Bitco Company, Lokmanyanagar, DattaMandir, Nashik Rd, Nashik, Maharashtra 422101, India</SimpleData>
		<SimpleData name="Latitude">19.962035</SimpleData>
		<SimpleData name="Longitude">73.834458</SimpleData>
		<SimpleData name="Rating">4.2</SimpleData>
		<SimpleData name="Place_ID">ChIJe9-KX6zq3TsR5JyzQBRfWi8</SimpleData>
		<SimpleData name="Distance_m">1701</SimpleData>
		<SimpleData name="Source_File">Nashik_Nashik_Road_establishments.xlsx</SimpleData>
	</SchemaData></ExtendedData>
      <Point><coordinates>73.834458,19.962035</coordinates></Point>
  </Placemark>
  <Placemark id="shopping_and_retail.8">
	<name>Pratik Kumar &amp; Co.</name>
	<ExtendedData><SchemaData schemaUrl="#shopping_and_retail">
		<SimpleData name="Category">grocery_store</SimpleData>
		<SimpleData name="Address">XR3P+38J, Gaikwad Mala Rd, Gayakhe Colony, Deolali Gaon, Nashik, Maharashtra 422101, India</SimpleData>
		<SimpleData name="Latitude">19.9527201</SimpleData>
		<SimpleData name="Longitude">73.8357527</SimpleData>
		<SimpleData name="Rating">4.6</SimpleData>
		<SimpleData name="Place_ID">ChIJXVTSsVaV3TsRdGlSI8iQ1xY</SimpleData>
		<SimpleData name="Distance_m">2505</SimpleData>
		<SimpleData name="Source_File">Nashik_nDeolali_Gao_establishments.xlsx</SimpleData>
	</SchemaData></ExtendedData>
      <Point><coordinates>73.8357527,19.9527201</coordinates></Point>
  </Placemark>
  <Placemark id="shopping_and_retail.9">
	<name>Jay Super Market</name>
	<ExtendedData><SchemaData schemaUrl="#shopping_and_retail">
		<SimpleData name="Category">grocery_store</SimpleData>
		<SimpleData name="Address">Shastri Path, Rajwada Nagar, Deolali Gaon, Nashik, Maharashtra 422101, India</SimpleData>
		<SimpleData name="Latitude">19.9519158</SimpleData>
		<SimpleData name="Longitude">73.8392739</SimpleData>
		<SimpleData name="Rating">4.5</SimpleData>
		<SimpleData name="Place_ID">ChIJ9dgpWVaV3TsReMcWmra2pTU</SimpleData>
		<SimpleData name="Distance_m">2568</SimpleData>
		<SimpleData name="Source_File">Nashik_nDeolali_Gao_establishments.xlsx</SimpleData>
	</SchemaData></ExtendedData>
      <Point><coordinates>73.8392739,19.9519158</coordinates></Point>
  </Placemark>
  <Placemark id="shopping_and_retail.10">
	<name>Vijay Dry Fruits</name>
	<ExtendedData><SchemaData schemaUrl="#shopping_and_retail">
		<SimpleData name="Category">grocery_store</SimpleData>
		<SimpleData name="Address">Shop No 2, Near, Taran Talav Rd, Gayakhe Colony, Deolali Gaon, Nashik, Maharashtra 422101, India</SimpleData>
		<SimpleData name="Latitude">19.9559489</SimpleData>
		<SimpleData name="Longitude">73.832213</SimpleData>
		<SimpleData name="Rating">4.7</SimpleData>
		<SimpleData name="Place_ID">ChIJY9i0vrCV3TsRDxr5lHIl7lM</SimpleData>
		<SimpleData name="Distance_m">2765</SimpleData>
		<SimpleData name="Source_File">Nashik_nDeolali_Gao_establishments.xlsx</SimpleData>
	</SchemaData></ExtendedData>
      <Point><coordinates>73.832213,19.9559489</coordinates></Point>
  </Placemark>
  <Placemark id="shopping_and_retail.11">
	<name>Passport Seva Kendra, Nashik</name>
	<ExtendedData><SchemaData schemaUrl="#shopping_and_retail">
		<SimpleData name="Category">local_government_office</SimpleData>
		<SimpleData name="Address">Shop No 3 &amp; 4, Ground Floor, 3rd floor, Star zone Mall, Nashik Pune National Highway, 9-B, above Passport Office, Dawkhar Wadi, Nashik Road, Nashik, Maharashtra 422101, India</SimpleData>
		<SimpleData name="Latitude">19.96049</SimpleData>
		<SimpleData name="Longitude">73.828608</SimpleData>
		<SimpleData name="Rating">4</SimpleData>
		<SimpleData name="Place_ID">ChIJEybtlLLq3TsRWe7D4A8HWn4</SimpleData>
		<SimpleData name="Distance_m">1499</SimpleData>
		<SimpleData name="Source_File">Nashik_Nashik_Road_establishments.xlsx</SimpleData>
	</SchemaData></ExtendedData>
      <Point><coordinates>73.828608,19.96049</coordinates></Point>
  </Placemark>
  <Placemark id="shopping_and_retail.12">
	<name>PVR Cinemax Regimental Plaza Mall, Nasik</name>
	<ExtendedData><SchemaData schemaUrl="#shopping_and_retail">
		<SimpleData name="Category">movie_theater</SimpleData>
		<SimpleData name="Address">Regimental Plaza Mall, Survey No. 305, A/2(P) Off. Deolali Shewai, near Bytco Point, Gayakhe Colony, Nashik Road, Nashik, Maharashtra 422101, India</SimpleData>
		<SimpleData name="Latitude">19.95294</SimpleData>
		<SimpleData name="Longitude">73.8370889</SimpleData>
		<SimpleData name="Rating">3.9</SimpleData>
		<SimpleData name="Place_ID">ChIJj02EpFaV3TsRqKw2-Igg7p8</SimpleData>
		<SimpleData name="Distance_m">2663</SimpleData>
		<SimpleData name="Source_File">Nashik_Nashik_Road_establishments.xlsx</SimpleData>
	</SchemaData></ExtendedData>
      <Point><coordinates>73.8370889,19.95294</coordinates></Point>
  </Placemark>
  <Placemark id="shopping_and_retail.13">
	<name>Star Zone Mall</name>
	<ExtendedData><SchemaData schemaUrl="#shopping_and_retail">
		<SimpleData name="Category">shopping_mall</SimpleData>
		<SimpleData name="Address">Viraj Corner, Rd, near Yes Bank, In, Dawkhar Wadi, Nashik Road, Nashik, Maharashtra 422101, India</SimpleData>
		<SimpleData name="Latitude">19.9609192</SimpleData>
		<SimpleData name="Longitude">73.828029</SimpleData>
		<SimpleData name="Rating">4.1</SimpleData>
		<SimpleData name="Place_ID">ChIJy5Yw7rLq3TsRDpwLCLQOoFU</SimpleData>
		<SimpleData name="Distance_m">1432</SimpleData>
		<SimpleData name="Source_File">Nashik_Nashik_Road_establishments.xlsx</SimpleData>
	</SchemaData></ExtendedData>
      <Point><coordinates>73.828029,19.9609192</coordinates></Point>
  </Placemark>
  <Placemark id="shopping_and_retail.14">
	<name>Anand Mall</name>
	<ExtendedData><SchemaData schemaUrl="#shopping_and_retail">
		<SimpleData name="Category">shopping_mall</SimpleData>
		<SimpleData name="Address">XR5Q+FJQ, Jail Rd, Government Colony, Nashik, Maharashtra 422101, India</SimpleData>
		<SimpleData name="Latitude">19.9587109</SimpleData>
		<SimpleData name="Longitude">73.839094</SimpleData>
		<SimpleData name="Rating">3.7</SimpleData>
		<SimpleData name="Place_ID">ChIJ09wzJ1WV3TsRQa6wC2aETLw</SimpleData>
		<SimpleData name="Distance_m">2306</SimpleData>
		<SimpleData name="Source_File">Nashik_Nashik_Road_establishments.xlsx</SimpleData>
	</SchemaData></ExtendedData>
      <Point><coordinates>73.839094,19.9587109</coordinates></Point>
  </Placemark>
  <Placemark id="shopping_and_retail.15">
	<name>Jay Bhim Mall</name>
	<ExtendedData><SchemaData schemaUrl="#shopping_and_retail">
		<SimpleData name="Category">shopping_mall</SimpleData>
		<SimpleData name="Address">XR5Q+CGH, Government Colony, Nashik, Maharashtra 422101, India</SimpleData>
		<SimpleData name="Latitude">19.9585617</SimpleData>
		<SimpleData name="Longitude">73.8388492</SimpleData>
		<SimpleData name="Rating">4.6</SimpleData>
		<SimpleData name="Place_ID">ChIJfcVJMzGV3TsRKoJOwVKJvow</SimpleData>
		<SimpleData name="Distance_m">2299</SimpleData>
		<SimpleData name="Source_File">Nashik_Nashik_Road_establishments.xlsx</SimpleData>
	</SchemaData></ExtendedData>
      <Point><coordinates>73.8388492,19.9585617</coordinates></Point>
  </Placemark>
  <Placemark id="shopping_and_retail.16">
	<name>Regimental</name>
	<ExtendedData><SchemaData schemaUrl="#shopping_and_retail">
		<SimpleData name="Category">shopping_mall</SimpleData>
		<SimpleData name="Address">XR3P+6VF, Gayakhe Colony, Deolali Gaon, Nashik, Maharashtra 422101, India</SimpleData>
		<SimpleData name="Latitude">19.9530522</SimpleData>
		<SimpleData name="Longitude">73.8371721</SimpleData>
		<SimpleData name="Rating">4</SimpleData>
		<SimpleData name="Place_ID">ChIJ6eXXb4uV3TsRa2dt96IumE8</SimpleData>
		<SimpleData name="Distance_m">2658</SimpleData>
		<SimpleData name="Source_File">Nashik_Nashik_Road_establishments.xlsx</SimpleData>
	</SchemaData></ExtendedData>
      <Point><coordinates>73.8371721,19.9530522</coordinates></Point>
  </Placemark>
  <Placemark id="shopping_and_retail.17">
	<name>Mukti Plaza</name>
	<ExtendedData><SchemaData schemaUrl="#shopping_and_retail">
		<SimpleData name="Category">shopping_mall</SimpleData>
		<SimpleData name="Address">XR2Q+X36, Mahatma Gandhi Rd, Rajwada Nagar, Deolali Gaon, Nashik, Maharashtra 422101, India</SimpleData>
		<SimpleData name="Latitude">19.9524009</SimpleData>
		<SimpleData name="Longitude">73.8376357</SimpleData>
		<SimpleData name="Rating">3.8</SimpleData>
		<SimpleData name="Place_ID">ChIJzxGZlVaV3TsRYtGfJLcXppQ</SimpleData>
		<SimpleData name="Distance_m">2543</SimpleData>
		<SimpleData name="Source_File">Nashik_nDeolali_Gao_establishments.xlsx</SimpleData>
	</SchemaData></ExtendedData>
      <Point><coordinates>73.8376357,19.9524009</coordinates></Point>
  </Placemark>
  <Placemark id="shopping_and_retail.18">
	<name>Smart Bazaar Urban Space</name>
	<ExtendedData><SchemaData schemaUrl="#shopping_and_retail">
		<SimpleData name="Category">supermarket</SimpleData>
		<SimpleData name="Address">b/02, Urban Space, No 18, Nashik - Pune Hwy, near Mhasoba Temple, Dawkhar Wadi, Nashik Road, Nashik, Maharashtra 422104, India</SimpleData>
		<SimpleData name="Latitude">19.9629186</SimpleData>
		<SimpleData name="Longitude">73.8254438</SimpleData>
		<SimpleData name="Rating">3.9</SimpleData>
		<SimpleData name="Place_ID">ChIJ2RWo67Pq3TsRZ5f5Dl-xZpc</SimpleData>
		<SimpleData name="Distance_m">1139</SimpleData>
		<SimpleData name="Source_File">Nashik_Nashik_Road_establishments.xlsx</SimpleData>
	</SchemaData></ExtendedData>
      <Point><coordinates>73.8254438,19.9629186</coordinates></Point>
  </Placemark>
  <Placemark id="shopping_and_retail.19">
	<name>Bms Super Market</name>
	<ExtendedData><SchemaData schemaUrl="#shopping_and_retail">
		<SimpleData name="Category">supermarket</SimpleData>
		<SimpleData name="Address">Jail Rd, near Super Market, Kala Nagar, Nashik Road, Nashik, Maharashtra 422101, India</SimpleData>
		<SimpleData name="Latitude">19.9597759</SimpleData>
		<SimpleData name="Longitude">73.839102</SimpleData>
		<SimpleData name="Rating">3.9</SimpleData>
		<SimpleData name="Place_ID">ChIJszA86Kfq3TsRy5R-DW7dhNE</SimpleData>
		<SimpleData name="Distance_m">2227</SimpleData>
		<SimpleData name="Source_File">Nashik_Nashik_Road_establishments.xlsx</SimpleData>
	</SchemaData></ExtendedData>
      <Point><coordinates>73.839102,19.9597759</coordinates></Point>
  </Placemark>
  <Placemark id="shopping_and_retail.20">
	<name>Jaihind Kirana Stores (Monit Shete)</name>
	<ExtendedData><SchemaData schemaUrl="#shopping_and_retail">
		<SimpleData name="Category">supermarket</SimpleData>
		<SimpleData name="Address">Nashik Rd, Mahatma Gandhi Rd, Bytco Point, Gayakhe Colony, Nashik Road, Nashik, Maharashtra 422101, India</SimpleData>
		<SimpleData name="Latitude">19.953414</SimpleData>
		<SimpleData name="Longitude">73.837317</SimpleData>
		<SimpleData name="Rating">4.5</SimpleData>
		<SimpleData name="Place_ID">ChIJW3x6pFaV3TsRQYYNtZCYNh0</SimpleData>
		<SimpleData name="Distance_m">2633</SimpleData>
		<SimpleData name="Source_File">Nashik_Nashik_Road_establishments.xlsx</SimpleData>
	</SchemaData></ExtendedData>
      <Point><coordinates>73.837317,19.953414</coordinates></Point>
  </Placemark>
  <Placemark id="shopping_and_retail.21">
	<name>Jay Plaza</name>
	<ExtendedData><SchemaData schemaUrl="#shopping_and_retail">
		<SimpleData name="Category">apartment_complex</SimpleData>
		<SimpleData name="Address">XQ78+W6R, Pelican Park Rd, Swami Vivekanand Nagar, Cidco, Nashik, Maharashtra 422009, India</SimpleData>
		<SimpleData name="Latitude">19.9648526</SimpleData>
		<SimpleData name="Longitude">73.7655165</SimpleData>
		<SimpleData name="Rating">4</SimpleData>
		<SimpleData name="Place_ID">ChIJdXzpA0br3TsRFcd_kT2amL4</SimpleData>
		<SimpleData name="Distance_m">1208</SimpleData>
		<SimpleData name="Source_File">Nashik_CIDCO_establishments.xlsx</SimpleData>
	</SchemaData></ExtendedData>
      <Point><coordinates>73.7655165,19.9648526</coordinates></Point>
  </Placemark>
  <Placemark id="shopping_and_retail.22">
	<name>Om Gayatri Provision and Grocery Shopee</name>
	<ExtendedData><SchemaData schemaUrl="#shopping_and_retail">
		<SimpleData name="Category">asian_grocery_store</SimpleData>
		<SimpleData name="Address">Maharanapratap Chowk, Ranapratap Chouk New Cidco , New Nashik Opp to Laxmi Narayan Temple, Maharanapratap Chowk, Prabhat Colony, Nashik, Maharashtra 422009, India</SimpleData>
		<SimpleData name="Latitude">19.9740664</SimpleData>
		<SimpleData name="Longitude">73.7655456</SimpleData>
		<SimpleData name="Rating">4.8</SimpleData>
		<SimpleData name="Place_ID">ChIJ1xkfikHr3TsRcTkyv1iGjEI</SimpleData>
		<SimpleData name="Distance_m">917</SimpleData>
		<SimpleData name="Source_File">Nashik_CIDCO_establishments.xlsx</SimpleData>
	</SchemaData></ExtendedData>
      <Point><coordinates>73.7655456,19.9740664</coordinates></Point>
  </Placemark>
  <Placemark id="shopping_and_retail.23">
	<name>RENUKA MART</name>
	<ExtendedData><SchemaData schemaUrl="#shopping_and_retail">
		<SimpleData name="Category">asian_grocery_store</SimpleData>
		<SimpleData name="Address">N-53-SF-5-12-2 ekta chawk, Uttam Nagar Rd, Cidco, Nashik, Maharashtra 422010, India</SimpleData>
		<SimpleData name="Latitude">19.967589</SimpleData>
		<SimpleData name="Longitude">73.7537856</SimpleData>
		<SimpleData name="Rating">4.8</SimpleData>
		<SimpleData name="Place_ID">ChIJFSM17dbr3TsRn7B1OUxLiyY</SimpleData>
		<SimpleData name="Distance_m">613</SimpleData>
		<SimpleData name="Source_File">Nashik_CIDCO_establishments.xlsx</SimpleData>
	</SchemaData></ExtendedData>
      <Point><coordinates>73.7537856,19.967589</coordinates></Point>
  </Placemark>
  <Placemark id="shopping_and_retail.24">
	<name>Cidco colony</name>
	<ExtendedData><SchemaData schemaUrl="#shopping_and_retail">
		<SimpleData name="Category">association_or_organization</SimpleData>
		<SimpleData name="Address">Sweta Row House, Morwadi Rd, Saibaba Nagar, Cidco, Nashik, Maharashtra 422009, India</SimpleData>
		<SimpleData name="Latitude">19.9681433</SimpleData>
		<SimpleData name="Longitude">73.7598415</SimpleData>
		<SimpleData name="Rating">4.6</SimpleData>
		<SimpleData name="Place_ID">ChIJ9aIjKGHr3TsR5DTEHnAZ4gY</SimpleData>
		<SimpleData name="Distance_m">540</SimpleData>
		<SimpleData name="Source_File">Nashik_CIDCO_establishments.xlsx</SimpleData>
	</SchemaData></ExtendedData>
      <Point><coordinates>73.7598415,19.9681433</coordinates></Point>
  </Placemark>
  <Placemark id="shopping_and_retail.25">
	<name>Patil wholesale</name>
	<ExtendedData><SchemaData schemaUrl="#shopping_and_retail">
		<SimpleData name="Category">clothing_store</SimpleData>
		<SimpleData name="Address">Shop No 6 Near Kashi Sweet, saptashrungi chowk, pawan nagar, Saptashrungi Chowk, Cidco, Nashik, Maharashtra 422008, India</SimpleData>
		<SimpleData name="Latitude">19.974221</SimpleData>
		<SimpleData name="Longitude">73.7584965</SimpleData>
		<SimpleData name="Rating">4.8</SimpleData>
		<SimpleData name="Place_ID">ChIJG_NzC8zr3TsRhO5lRXwN1oM</SimpleData>
		<SimpleData name="Distance_m">274</SimpleData>
		<SimpleData name="Source_File">Nashik_CIDCO_establishments.xlsx</SimpleData>
	</SchemaData></ExtendedData>
      <Point><coordinates>73.7584965,19.974221</coordinates></Point>
  </Placemark>
  <Placemark id="shopping_and_retail.26">
	<name>Vijay Super Market</name>
	<ExtendedData><SchemaData schemaUrl="#shopping_and_retail">
		<SimpleData name="Category">general_store</SimpleData>
		<SimpleData name="Address">Parivartan Chowk, N-41/AF1/11-12, Saibaba Nagar, Cidco, Nashik, Maharashtra 422009, India</SimpleData>
		<SimpleData name="Latitude">19.9708772</SimpleData>
		<SimpleData name="Longitude">73.7598051</SimpleData>
		<SimpleData name="Rating">4.2</SimpleData>
		<SimpleData name="Place_ID">ChIJ6fZxSkPr3TsR3Z9sEWmPZas</SimpleData>
		<SimpleData name="Distance_m">328</SimpleData>
		<SimpleData name="Source_File">Nashik_CIDCO_establishments.xlsx</SimpleData>
	</SchemaData></ExtendedData>
      <Point><coordinates>73.7598051,19.9708772</coordinates></Point>
  </Placemark>
  <Placemark id="shopping_and_retail.27">
	<name>Nikhil Super Market</name>
	<ExtendedData><SchemaData schemaUrl="#shopping_and_retail">
		<SimpleData name="Category">general_store</SimpleData>
		<SimpleData name="Address">N-42-JA-1-41/6 Toran Nagar, New, Saibaba Nagar, Cidco, Nashik, Maharashtra 422008, India</SimpleData>
		<SimpleData name="Latitude">19.973335</SimpleData>
		<SimpleData name="Longitude">73.758821</SimpleData>
		<SimpleData name="Rating">5</SimpleData>
		<SimpleData name="Place_ID">ChIJ5XyAxULr3TsRV5COXX8oXJk</SimpleData>
		<SimpleData name="Distance_m">228</SimpleData>
		<SimpleData name="Source_File">Nashik_CIDCO_establishments.xlsx</SimpleData>
	</SchemaData></ExtendedData>
      <Point><coordinates>73.758821,19.973335</coordinates></Point>
  </Placemark>
  <Placemark id="shopping_and_retail.28">
	<name>Yogesh Provision And General Stores</name>
	<ExtendedData><SchemaData schemaUrl="#shopping_and_retail">
		<SimpleData name="Category">general_store</SimpleData>
		<SimpleData name="Address">N-41-ACD 1, 23, 1, Anand Nagar, Cidco, Nashik, Maharashtra 422008, India</SimpleData>
		<SimpleData name="Latitude">19.9730153</SimpleData>
		<SimpleData name="Longitude">73.7599758</SimpleData>
		<SimpleData name="Rating">3.9</SimpleData>
		<SimpleData name="Place_ID">ChIJ0V-O0ULr3TsR-6_Xh8YJPcE</SimpleData>
		<SimpleData name="Distance_m">324</SimpleData>
		<SimpleData name="Source_File">Nashik_CIDCO_establishments.xlsx</SimpleData>
	</SchemaData></ExtendedData>
      <Point><coordinates>73.7599758,19.9730153</coordinates></Point>
  </Placemark>
  <Placemark id="shopping_and_retail.29">
	<name>Rahul Provision &amp; General Stores</name>
	<ExtendedData><SchemaData schemaUrl="#shopping_and_retail">
		<SimpleData name="Category">general_store</SimpleData>
		<SimpleData name="Address">Bajrang Chowk, N-31-A-1-3-8, Vijay Nagar Rd, Saibaba Nagar, Cidco, Nashik, Maharashtra 422009, India</SimpleData>
		<SimpleData name="Latitude">19.9701719</SimpleData>
		<SimpleData name="Longitude">73.760769</SimpleData>
		<SimpleData name="Rating">4.4</SimpleData>
		<SimpleData name="Place_ID">ChIJ89zzXEPr3TsRNaUFG3oZCkk</SimpleData>
		<SimpleData name="Distance_m">454</SimpleData>
		<SimpleData name="Source_File">Nashik_CIDCO_establishments.xlsx</SimpleData>
	</SchemaData></ExtendedData>
      <Point><coordinates>73.760769,19.9701719</coordinates></Point>
  </Placemark>
  <Placemark id="shopping_and_retail.30">
	<name>Roshan Kumar Supermart</name>
	<ExtendedData><SchemaData schemaUrl="#shopping_and_retail">
		<SimpleData name="Category">grocery_store</SimpleData>
		<SimpleData name="Address">Opp pelican park, plot no 14, Morwadi Rd, near ambad police station, Kartik sector, Cidco, Nashik, Maharashtra 422009, India</SimpleData>
		<SimpleData name="Latitude">19.966652</SimpleData>
		<SimpleData name="Longitude">73.7617449</SimpleData>
		<SimpleData name="Rating">4.5</SimpleData>
		<SimpleData name="Place_ID">ChIJcwGVGWPr3TsRvbkMD-Ok2ck</SimpleData>
		<SimpleData name="Distance_m">1682</SimpleData>
		<SimpleData name="Source_File">Nashik_Ambad_establishments.xlsx</SimpleData>
	</SchemaData></ExtendedData>
      <Point><coordinates>73.7617449,19.966652</coordinates></Point>
  </Placemark>
  <Placemark id="shopping_and_retail.31">
	<name>Vinayak Traders</name>
	<ExtendedData><SchemaData schemaUrl="#shopping_and_retail">
		<SimpleData name="Category">grocery_store</SimpleData>
		<SimpleData name="Address">Pelican Park Rd, Near Ambad Police Station, Morwadi, Nashik, Maharashtra 422009, India</SimpleData>
		<SimpleData name="Latitude">19.9673826</SimpleData>
		<SimpleData name="Longitude">73.760673</SimpleData>
		<SimpleData name="Rating">3.9</SimpleData>
		<SimpleData name="Place_ID">ChIJ64ETib3r3TsReQDAnatcm2Y</SimpleData>
		<SimpleData name="Distance_m">1548</SimpleData>
		<SimpleData name="Source_File">Nashik_Ambad_establishments.xlsx</SimpleData>
	</SchemaData></ExtendedData>
      <Point><coordinates>73.760673,19.9673826</coordinates></Point>
  </Placemark>
  <Placemark id="shopping_and_retail.32">
	<name>Deepak Kirana &amp; general store</name>
	<ExtendedData><SchemaData schemaUrl="#shopping_and_retail">
		<SimpleData name="Category">grocery_store</SimpleData>
		<SimpleData name="Address">N - 52, SF-4, 23/5, bhagvati chauk 5th schem, Ambad - Uttam Nagar Rd, Cidco College, Uttam Nagar, Nashik, Maharashtra 422008, India</SimpleData>
		<SimpleData name="Latitude">19.96898</SimpleData>
		<SimpleData name="Longitude">73.7553738</SimpleData>
		<SimpleData name="Rating">4.4</SimpleData>
		<SimpleData name="Place_ID">ChIJgeFeilvr3TsR9M_gvnAIsO0</SimpleData>
		<SimpleData name="Distance_m">968</SimpleData>
		<SimpleData name="Source_File">Nashik_Ambad_establishments.xlsx</SimpleData>
	</SchemaData></ExtendedData>
      <Point><coordinates>73.7553738,19.96898</coordinates></Point>
  </Placemark>
  <Placemark id="shopping_and_retail.33">
	<name>Aniket Fruit Shop</name>
	<ExtendedData><SchemaData schemaUrl="#shopping_and_retail">
		<SimpleData name="Category">grocery_store</SimpleData>
		<SimpleData name="Address">Shop no 73, Raigad Chowk, Cidco, Nashik, Maharashtra 422008, India</SimpleData>
		<SimpleData name="Latitude">19.9748576</SimpleData>
		<SimpleData name="Longitude">73.7561517</SimpleData>
		<SimpleData name="Rating">4.4</SimpleData>
		<SimpleData name="Place_ID">ChIJ5XWkPtnr3TsR8EeEu_zFpMs</SimpleData>
		<SimpleData name="Distance_m">1002</SimpleData>
		<SimpleData name="Source_File">Nashik_Ambad_establishments.xlsx</SimpleData>
	</SchemaData></ExtendedData>
      <Point><coordinates>73.7561517,19.9748576</coordinates></Point>
  </Placemark>
  <Placemark id="shopping_and_retail.34">
	<name>Janlaxmi Super Shopee</name>
	<ExtendedData><SchemaData schemaUrl="#shopping_and_retail">
		<SimpleData name="Category">grocery_store</SimpleData>
		<SimpleData name="Address">5/37/1, N-32/N, Swami Vivekanand Nagar Rd, New, Cidco, Nashik, Maharashtra 422009, India</SimpleData>
		<SimpleData name="Latitude">19.9673503</SimpleData>
		<SimpleData name="Longitude">73.7671531</SimpleData>
		<SimpleData name="Rating">4.4</SimpleData>
		<SimpleData name="Place_ID">ChIJbwu49kbr3TsRoioDpIXBI0U</SimpleData>
		<SimpleData name="Distance_m">1190</SimpleData>
		<SimpleData name="Source_File">Nashik_CIDCO_establishments.xlsx</SimpleData>
	</SchemaData></ExtendedData>
      <Point><coordinates>73.7671531,19.9673503</coordinates></Point>
  </Placemark>
  <Placemark id="shopping_and_retail.35">
	<name>Saptshrungi kirana &amp; general Store cidco nashik</name>
	<ExtendedData><SchemaData schemaUrl="#shopping_and_retail">
		<SimpleData name="Category">grocery_store</SimpleData>
		<SimpleData name="Address">Cidco, Nashik, Maharashtra 422009, India</SimpleData>
		<SimpleData name="Latitude">19.9657573</SimpleData>
		<SimpleData name="Longitude">73.7606718</SimpleData>
		<SimpleData name="Rating">5</SimpleData>
		<SimpleData name="Place_ID">ChIJeao2BgDr3TsRNulvZZwoWSY</SimpleData>
		<SimpleData name="Distance_m">813</SimpleData>
		<SimpleData name="Source_File">Nashik_CIDCO_establishments.xlsx</SimpleData>
	</SchemaData></ExtendedData>
      <Point><coordinates>73.7606718,19.9657573</coordinates></Point>
  </Placemark>
  <Placemark id="shopping_and_retail.36">
	<name>Vijay Trading company</name>
	<ExtendedData><SchemaData schemaUrl="#shopping_and_retail">
		<SimpleData name="Category">grocery_store</SimpleData>
		<SimpleData name="Address">Shop no 8,9,11,12, amisagar Co opp society Uttam Nagar Uttam nagar, Cidco, Nashik, Maharashtra 422010, India</SimpleData>
		<SimpleData name="Latitude">19.9674745</SimpleData>
		<SimpleData name="Longitude">73.7534881</SimpleData>
		<SimpleData name="Rating">4.9</SimpleData>
		<SimpleData name="Place_ID">ChIJG2JruPrr3TsRBLDZS00j5HU</SimpleData>
		<SimpleData name="Distance_m">641</SimpleData>
		<SimpleData name="Source_File">Nashik_CIDCO_establishments.xlsx</SimpleData>
	</SchemaData></ExtendedData>
      <Point><coordinates>73.7534881,19.9674745</coordinates></Point>
  </Placemark>
  <Placemark id="shopping_and_retail.37">
	<name>Chaitanya Kirana &amp; General Stores</name>
	<ExtendedData><SchemaData schemaUrl="#shopping_and_retail">
		<SimpleData name="Category">grocery_store</SimpleData>
		<SimpleData name="Address">N-41/H-2/1/8 Chouthi Scheme, Saibaba Nagar, New, Saibaba Nagar, Cidco, Nashik, Maharashtra 422008, India</SimpleData>
		<SimpleData name="Latitude">19.970724</SimpleData>
		<SimpleData name="Longitude">73.759725</SimpleData>
		<SimpleData name="Rating">4.2</SimpleData>
		<SimpleData name="Place_ID">ChIJ8ywGS0Pr3TsRIOJ5AW0OyVs</SimpleData>
		<SimpleData name="Distance_m">329</SimpleData>
		<SimpleData name="Source_File">Nashik_CIDCO_establishments.xlsx</SimpleData>
	</SchemaData></ExtendedData>
      <Point><coordinates>73.759725,19.970724</coordinates></Point>
  </Placemark>
  <Placemark id="shopping_and_retail.38">
	<name>Padma Kirana &amp; General stores</name>
	<ExtendedData><SchemaData schemaUrl="#shopping_and_retail">
		<SimpleData name="Category">grocery_store</SimpleData>
		<SimpleData name="Address">N41-3-1-12, Saibaba Nagar, Cidco, Nashik, Maharashtra 422008, India</SimpleData>
		<SimpleData name="Latitude">19.9694499</SimpleData>
		<SimpleData name="Longitude">73.7582803</SimpleData>
		<SimpleData name="Rating">4.4</SimpleData>
		<SimpleData name="Place_ID">ChIJTwWLoFzr3TsRRWZRk6z5b-s</SimpleData>
		<SimpleData name="Distance_m">334</SimpleData>
		<SimpleData name="Source_File">Nashik_CIDCO_establishments.xlsx</SimpleData>
	</SchemaData></ExtendedData>
      <Point><coordinates>73.7582803,19.9694499</coordinates></Point>
  </Placemark>
  <Placemark id="shopping_and_retail.39">
	<name>Anapurna Kirana And Provision</name>
	<ExtendedData><SchemaData schemaUrl="#shopping_and_retail">
		<SimpleData name="Category">grocery_store</SimpleData>
		<SimpleData name="Address">N-53-A-H-1S-10/1, Rajratna Nagar Rd, Rajratna Nagar, Cidco, Nashik, Maharashtra 422008, India</SimpleData>
		<SimpleData name="Latitude">19.970993</SimpleData>
		<SimpleData name="Longitude">73.7553348</SimpleData>
		<SimpleData name="Rating">5</SimpleData>
		<SimpleData name="Place_ID">ChIJS-fyOgHr3TsRbQ6wH4i8pWU</SimpleData>
		<SimpleData name="Distance_m">220</SimpleData>
		<SimpleData name="Source_File">Nashik_CIDCO_establishments.xlsx</SimpleData>
	</SchemaData></ExtendedData>
      <Point><coordinates>73.7553348,19.970993</coordinates></Point>
  </Placemark>
  <Placemark id="shopping_and_retail.40">
	<name>Krushana super Market</name>
	<ExtendedData><SchemaData schemaUrl="#shopping_and_retail">
		<SimpleData name="Category">grocery_store</SimpleData>
		<SimpleData name="Address">sidak, Ambad Link Rd, Rajratna Nagar, Pawan Nagar, Nashik, Maharashtra 422008, India</SimpleData>
		<SimpleData name="Latitude">19.9732677</SimpleData>
		<SimpleData name="Longitude">73.7547095</SimpleData>
		<SimpleData name="Rating">4</SimpleData>
		<SimpleData name="Place_ID">ChIJhxVndgDr3TsR_gTkuzw5UQQ</SimpleData>
		<SimpleData name="Distance_m">267</SimpleData>
		<SimpleData name="Source_File">Nashik_CIDCO_establishments.xlsx</SimpleData>
	</SchemaData></ExtendedData>
      <Point><coordinates>73.7547095,19.9732677</coordinates></Point>
  </Placemark>
  <Placemark id="shopping_and_retail.41">
	<name>SHREE MAHESH TRADERS</name>
	<ExtendedData><SchemaData schemaUrl="#shopping_and_retail">
		<SimpleData name="Category">grocery_store</SimpleData>
		<SimpleData name="Address">No P, Kartik Sector, Plot 6, Vijay Nagar Rd, Cidco, Nashik, Maharashtra 422009, India</SimpleData>
		<SimpleData name="Latitude">19.967124</SimpleData>
		<SimpleData name="Longitude">73.7611375</SimpleData>
		<SimpleData name="Rating">4.3</SimpleData>
		<SimpleData name="Place_ID">ChIJA1DK_bfr3TsRU19IjzXIYPo</SimpleData>
		<SimpleData name="Distance_m">711</SimpleData>
		<SimpleData name="Source_File">Nashik_CIDCO_establishments.xlsx</SimpleData>
	</SchemaData></ExtendedData>
      <Point><coordinates>73.7611375,19.967124</coordinates></Point>
  </Placemark>
  <Placemark id="shopping_and_retail.42">
	<name>Milan Mall</name>
	<ExtendedData><SchemaData schemaUrl="#shopping_and_retail">
		<SimpleData name="Category">grocery_store</SimpleData>
		<SimpleData name="Address">Pawan Nagar, Nashik, Maharashtra 422008, India</SimpleData>
		<SimpleData name="Latitude">19.9748033</SimpleData>
		<SimpleData name="Longitude">73.7548617</SimpleData>
		<SimpleData name="Rating">4.7</SimpleData>
		<SimpleData name="Place_ID">ChIJ-4g8h_fr3TsRUNEQWapwuQA</SimpleData>
		<SimpleData name="Distance_m">366</SimpleData>
		<SimpleData name="Source_File">Nashik_CIDCO_establishments.xlsx</SimpleData>
	</SchemaData></ExtendedData>
      <Point><coordinates>73.7548617,19.9748033</coordinates></Point>
  </Placemark>
  <Placemark id="shopping_and_retail.43">
	<name>Dhananjay General Stores</name>
	<ExtendedData><SchemaData schemaUrl="#shopping_and_retail">
		<SimpleData name="Category">grocery_store</SimpleData>
		<SimpleData name="Address">Near, Ambad Police Station Rd, New, Cidco, Nashik, Maharashtra 422009, India</SimpleData>
		<SimpleData name="Latitude">19.9659041</SimpleData>
		<SimpleData name="Longitude">73.763356</SimpleData>
		<SimpleData name="Rating">3</SimpleData>
		<SimpleData name="Place_ID">ChIJd_qt7EXr3TsR95abG1FV6Lc</SimpleData>
		<SimpleData name="Distance_m">269</SimpleData>
		<SimpleData name="Source_File">Nashik_MIDC_Ambad_establishments.xlsx</SimpleData>
	</SchemaData></ExtendedData>
      <Point><coordinates>73.763356,19.9659041</coordinates></Point>
  </Placemark>
  <Placemark id="shopping_and_retail.44">
	<name>Shree Mahalaxmi Jewellers</name>
	<ExtendedData><SchemaData schemaUrl="#shopping_and_retail">
		<SimpleData name="Category">jewelry_store</SimpleData>
		<SimpleData name="Address">Shree Mahalaxmi Jewellers, Near more hospital, trimurti-ambad link road, Pawannagar, Rajratna Nagar, Cidco, Nashik, Maharashtra 422008, India</SimpleData>
		<SimpleData name="Latitude">19.9726818</SimpleData>
		<SimpleData name="Longitude">73.7545898</SimpleData>
		<SimpleData name="Rating">5</SimpleData>
		<SimpleData name="Place_ID">ChIJa4GmxV3r3TsRSmBshvIqxqQ</SimpleData>
		<SimpleData name="Distance_m">258</SimpleData>
		<SimpleData name="Source_File">Nashik_CIDCO_establishments.xlsx</SimpleData>
	</SchemaData></ExtendedData>
      <Point><coordinates>73.7545898,19.9726818</coordinates></Point>
  </Placemark>
  <Placemark id="shopping_and_retail.45">
	<name>???????? ???????? ???????,??????.</name>
	<ExtendedData><SchemaData schemaUrl="#shopping_and_retail">
		<SimpleData name="Category">market</SimpleData>
		<SimpleData name="Address">XQG4+3C2, Raigad Chowk, Pawan Nagar, Nashik, Maharashtra 422008, India</SimpleData>
		<SimpleData name="Latitude">19.97514</SimpleData>
		<SimpleData name="Longitude">73.7560162</SimpleData>
		<SimpleData name="Rating">4.2</SimpleData>
		<SimpleData name="Place_ID">ChIJAWiugF3r3TsReaILmrYrctI</SimpleData>
		<SimpleData name="Distance_m">997</SimpleData>
		<SimpleData name="Source_File">Nashik_Ambad_establishments.xlsx</SimpleData>
	</SchemaData></ExtendedData>
      <Point><coordinates>73.7560162,19.97514</coordinates></Point>
  </Placemark>
  <Placemark id="shopping_and_retail.46">
	<name>Fish Market</name>
	<ExtendedData><SchemaData schemaUrl="#shopping_and_retail">
		<SimpleData name="Category">market</SimpleData>
		<SimpleData name="Address">XQ94+8WM, Uttam Nagar, Nashik, Maharashtra 422008, India</SimpleData>
		<SimpleData name="Latitude">19.9683426</SimpleData>
		<SimpleData name="Longitude">73.7573116</SimpleData>
		<SimpleData name="Rating">4.2</SimpleData>
		<SimpleData name="Place_ID">ChIJC9TccVvr3TsRXFUzJ9htVJ4</SimpleData>
		<SimpleData name="Distance_m">430</SimpleData>
		<SimpleData name="Source_File">Nashik_CIDCO_establishments.xlsx</SimpleData>
	</SchemaData></ExtendedData>
      <Point><coordinates>73.7573116,19.9683426</coordinates></Point>
  </Placemark>
  <Placemark id="shopping_and_retail.47">
	<name>Bhushan Electricals &amp; Electronics</name>
	<ExtendedData><SchemaData schemaUrl="#shopping_and_retail">
		<SimpleData name="Category">service</SimpleData>
		<SimpleData name="Address">Maharanapratap Chowk, Hanuman Chowk N-8, E-2/13/1, New Cidco, Nashik, Maharashtra 422009, India</SimpleData>
		<SimpleData name="Latitude">19.9716859</SimpleData>
		<SimpleData name="Longitude">73.765773</SimpleData>
		<SimpleData name="Rating">4.3</SimpleData>
		<SimpleData name="Place_ID">ChIJaUXWYEHr3TsRXgE4k7V3Bzg</SimpleData>
		<SimpleData name="Distance_m">919</SimpleData>
		<SimpleData name="Source_File">Nashik_CIDCO_establishments.xlsx</SimpleData>
	</SchemaData></ExtendedData>
      <Point><coordinates>73.765773,19.9716859</coordinates></Point>
  </Placemark>
  <Placemark id="shopping_and_retail.48">
	<name>Pavan Nagar Vegetable Market</name>
	<ExtendedData><SchemaData schemaUrl="#shopping_and_retail">
		<SimpleData name="Category">shopping_mall</SimpleData>
		<SimpleData name="Address">XQF4+WFR, Raigad Chowk, Pawan Nagar, Nashik, Maharashtra 422008, India</SimpleData>
		<SimpleData name="Latitude">19.9748576</SimpleData>
		<SimpleData name="Longitude">73.7561517</SimpleData>
		<SimpleData name="Rating">4.5</SimpleData>
		<SimpleData name="Place_ID">ChIJq6pqh13r3TsRE1J1y99ojFY</SimpleData>
		<SimpleData name="Distance_m">1002</SimpleData>
		<SimpleData name="Source_File">Nashik_Ambad_establishments.xlsx</SimpleData>
	</SchemaData></ExtendedData>
      <Point><coordinates>73.7561517,19.9748576</coordinates></Point>
  </Placemark>
  <Placemark id="shopping_and_retail.49">
	<name>Diamond Bag House/ Cambridge collection</name>
	<ExtendedData><SchemaData schemaUrl="#shopping_and_retail">
		<SimpleData name="Category">shopping_mall</SimpleData>
		<SimpleData name="Address">05, Opposite Karmaveer Bhausaheb Hire College, Beside Ganpati Mandir, Pawan Nagar, Cidco, Nashik, Maharashtra 422008, India</SimpleData>
		<SimpleData name="Latitude">19.9736594</SimpleData>
		<SimpleData name="Longitude">73.7557147</SimpleData>
		<SimpleData name="Rating">4.1</SimpleData>
		<SimpleData name="Place_ID">ChIJB9EAl13r3TsR8KRTeiYp3WE</SimpleData>
		<SimpleData name="Distance_m">211</SimpleData>
		<SimpleData name="Source_File">Nashik_CIDCO_establishments.xlsx</SimpleData>
	</SchemaData></ExtendedData>
      <Point><coordinates>73.7557147,19.9736594</coordinates></Point>
  </Placemark>
  <Placemark id="shopping_and_retail.50">
	<name>Mutton Market</name>
	<ExtendedData><SchemaData schemaUrl="#shopping_and_retail">
		<SimpleData name="Category">shopping_mall</SimpleData>
		<SimpleData name="Address">XQF5+GGM, Sri Ram Nagar, Vijay Nagar, Nashik, Maharashtra 422008, India</SimpleData>
		<SimpleData name="Latitude">19.9738307</SimpleData>
		<SimpleData name="Longitude">73.758795</SimpleData>
		<SimpleData name="Rating">3.9</SimpleData>
		<SimpleData name="Place_ID">ChIJdQ3kR13r3TsRrmoD3S-rkVE</SimpleData>
		<SimpleData name="Distance_m">261</SimpleData>
		<SimpleData name="Source_File">Nashik_CIDCO_establishments.xlsx</SimpleData>
	</SchemaData></ExtendedData>
      <Point><coordinates>73.758795,19.9738307</coordinates></Point>
  </Placemark>
  <Placemark id="shopping_and_retail.51">
	<name>IndiaShoppe Store - Nashik</name>
	<ExtendedData><SchemaData schemaUrl="#shopping_and_retail">
		<SimpleData name="Category">store</SimpleData>
		<SimpleData name="Address">Shop No 43 &amp; 44, 3Rd Floor, Roongta Shopping Mall, Ambad Link Rd, Lokmanya Nagar, Uttam Nagar, Nashik, Maharashtra 422010, India</SimpleData>
		<SimpleData name="Latitude">19.9712578</SimpleData>
		<SimpleData name="Longitude">73.7540604</SimpleData>
		<SimpleData name="Rating">4.8</SimpleData>
		<SimpleData name="Place_ID">ChIJFRHVCQvr3TsRLDV4f003gC4</SimpleData>
		<SimpleData name="Distance_m">761</SimpleData>
		<SimpleData name="Source_File">Nashik_Ambad_establishments.xlsx</SimpleData>
	</SchemaData></ExtendedData>
      <Point><coordinates>73.7540604,19.9712578</coordinates></Point>
  </Placemark>
  <Placemark id="shopping_and_retail.52">
	<name>FORVER COMPANY PRODUCTS DISTRIBUTOR, NASHIK, MAHARASHTRA, CIDCO, MAHARANA PRATAP CHOWK</name>
	<ExtendedData><SchemaData schemaUrl="#shopping_and_retail">
		<SimpleData name="Category">store</SimpleData>
		<SimpleData name="Address">N-32/R-2, FIRST FLOOR, 12/1, near MUKTANAND SCHOOL, Cidco, Nashik, Maharashtra 422009, India</SimpleData>
		<SimpleData name="Latitude">19.9721032</SimpleData>
		<SimpleData name="Longitude">73.7650948</SimpleData>
		<SimpleData name="Rating">5</SimpleData>
		<SimpleData name="Place_ID">ChIJ80Z5ptPr3TsR9XmLspjnZfM</SimpleData>
		<SimpleData name="Distance_m">846</SimpleData>
		<SimpleData name="Source_File">Nashik_CIDCO_establishments.xlsx</SimpleData>
	</SchemaData></ExtendedData>
      <Point><coordinates>73.7650948,19.9721032</coordinates></Point>
  </Placemark>
  <Placemark id="shopping_and_retail.53">
	<name>Pariwartan stationery &amp; General Store</name>
	<ExtendedData><SchemaData schemaUrl="#shopping_and_retail">
		<SimpleData name="Category">store</SimpleData>
		<SimpleData name="Address">More Hospital to DGP, Mhasoba Nagar Rd, Mhasoba Nagar, Kamatwade, Nashik, Maharashtra 422008, India</SimpleData>
		<SimpleData name="Latitude">19.9729826</SimpleData>
		<SimpleData name="Longitude">73.753737</SimpleData>
		<SimpleData name="Rating">5</SimpleData>
		<SimpleData name="Place_ID">ChIJVfoA9njr3TsRWk10MJZOJWA</SimpleData>
		<SimpleData name="Distance_m">352</SimpleData>
		<SimpleData name="Source_File">Nashik_CIDCO_establishments.xlsx</SimpleData>
	</SchemaData></ExtendedData>
      <Point><coordinates>73.753737,19.9729826</coordinates></Point>
  </Placemark>
  <Placemark id="shopping_and_retail.54">
	<name>Wellness Forever Pharmacy - Amiraj, Opposite Burkule Hall, Cidco, Nashik</name>
	<ExtendedData><SchemaData schemaUrl="#shopping_and_retail">
		<SimpleData name="Category">store</SimpleData>
		<SimpleData name="Address">Shop No.6, Amiraj Co-Operative Housing Society, opposite Burkule Hall, Cidco, Nashik, Maharashtra 422010, India</SimpleData>
		<SimpleData name="Latitude">19.9678057</SimpleData>
		<SimpleData name="Longitude">73.7535247</SimpleData>
		<SimpleData name="Rating">4.2</SimpleData>
		<SimpleData name="Place_ID">ChIJr2hJpWfr3TsRyw0XU5n-7dw</SimpleData>
		<SimpleData name="Distance_m">609</SimpleData>
		<SimpleData name="Source_File">Nashik_CIDCO_establishments.xlsx</SimpleData>
	</SchemaData></ExtendedData>
      <Point><coordinates>73.7535247,19.9678057</coordinates></Point>
  </Placemark>
  <Placemark id="shopping_and_retail.55">
	<name>SHREE BALAJI SUPER SHOPEE</name>
	<ExtendedData><SchemaData schemaUrl="#shopping_and_retail">
		<SimpleData name="Category">supermarket</SimpleData>
		<SimpleData name="Address">01, Ganesh Chowk, Ganesh Chowk, Cidco, Shri Ram Colony, Nashik, Maharashtra 422009, India</SimpleData>
		<SimpleData name="Latitude">19.969516</SimpleData>
		<SimpleData name="Longitude">73.7672956</SimpleData>
		<SimpleData name="Rating">4.4</SimpleData>
		<SimpleData name="Place_ID">ChIJ_0Ky2kbr3TsRcboQ2dGNn0o</SimpleData>
		<SimpleData name="Distance_m">2157</SimpleData>
		<SimpleData name="Source_File">Nashik_Ambad_establishments.xlsx</SimpleData>
	</SchemaData></ExtendedData>
      <Point><coordinates>73.7672956,19.969516</coordinates></Point>
  </Placemark>
  <Placemark id="shopping_and_retail.56">
	<name>Laxmi Kirana &amp; General Store</name>
	<ExtendedData><SchemaData schemaUrl="#shopping_and_retail">
		<SimpleData name="Category">supermarket</SimpleData>
		<SimpleData name="Address">Shree Krishna Chowk, Shivpuri Chowk, Shop no. N-52, S/E/1, 9/7, Ambad - Uttam Nagar Rd, Uttam Nagar, Nashik, Maharashtra 422008, India</SimpleData>
		<SimpleData name="Latitude">19.9656788</SimpleData>
		<SimpleData name="Longitude">73.7557818</SimpleData>
		<SimpleData name="Rating">5</SimpleData>
		<SimpleData name="Place_ID">ChIJ-wa0T1rr3TsRBA1zUVPoUE8</SimpleData>
		<SimpleData name="Distance_m">1199</SimpleData>
		<SimpleData name="Source_File">Nashik_Ambad_establishments.xlsx</SimpleData>
	</SchemaData></ExtendedData>
      <Point><coordinates>73.7557818,19.9656788</coordinates></Point>
  </Placemark>
  <Placemark id="shopping_and_retail.57">
	<name>NEW SHREE SWAMI SAMARTH SUPER MARKET</name>
	<ExtendedData><SchemaData schemaUrl="#shopping_and_retail">
		<SimpleData name="Category">supermarket</SimpleData>
		<SimpleData name="Address">01, Maharana Pratap Chowk Rd, Saibaba Nagar, Vijay Nagar, Nashik, Maharashtra 422009, India</SimpleData>
		<SimpleData name="Latitude">19.9707258</SimpleData>
		<SimpleData name="Longitude">73.7603592</SimpleData>
		<SimpleData name="Rating">4.2</SimpleData>
		<SimpleData name="Place_ID">ChIJ58HWR0Pr3TsRLMqzRaM7XJU</SimpleData>
		<SimpleData name="Distance_m">387</SimpleData>
		<SimpleData name="Source_File">Nashik_CIDCO_establishments.xlsx</SimpleData>
	</SchemaData></ExtendedData>
      <Point><coordinates>73.7603592,19.9707258</coordinates></Point>
  </Placemark>
  <Placemark id="shopping_and_retail.58">
	<name>Balaji Super Market</name>
	<ExtendedData><SchemaData schemaUrl="#shopping_and_retail">
		<SimpleData name="Category">supermarket</SimpleData>
		<SimpleData name="Address">Shop No 1, near Vitthal Mandir, Raigad Chowk, Sri Ram Nagar, Cidco, Nashik, Maharashtra 422008, India</SimpleData>
		<SimpleData name="Latitude">19.9737579</SimpleData>
		<SimpleData name="Longitude">73.7590981</SimpleData>
		<SimpleData name="Place_ID">ChIJA6paPqTr3TsRI2Mf5nPrMiw</SimpleData>
		<SimpleData name="Distance_m">279</SimpleData>
		<SimpleData name="Source_File">Nashik_CIDCO_establishments.xlsx</SimpleData>
	</SchemaData></ExtendedData>
      <Point><coordinates>73.7590981,19.9737579</coordinates></Point>
  </Placemark>
  <Placemark id="shopping_and_retail.59">
	<name>Your Choice</name>
	<ExtendedData><SchemaData schemaUrl="#shopping_and_retail">
		<SimpleData name="Category">supermarket</SimpleData>
		<SimpleData name="Address">XQF4+777, Pavan Nagar - Uttam Nagar Rd, Rajratna Nagar, Pawan Nagar, Nashik, Maharashtra 422008, India</SimpleData>
		<SimpleData name="Latitude">19.9731682</SimpleData>
		<SimpleData name="Longitude">73.755658</SimpleData>
		<SimpleData name="Rating">4.4</SimpleData>
		<SimpleData name="Place_ID">ChIJv3rgRETr3TsRjZOO21z-E1w</SimpleData>
		<SimpleData name="Distance_m">177</SimpleData>
		<SimpleData name="Source_File">Nashik_CIDCO_establishments.xlsx</SimpleData>
	</SchemaData></ExtendedData>
      <Point><coordinates>73.755658,19.9731682</coordinates></Point>
  </Placemark>
  <Placemark id="shopping_and_retail.60">
	<name>SAI Kerala Stores - Wholesaler And Retailer</name>
	<ExtendedData><SchemaData schemaUrl="#shopping_and_retail">
		<SimpleData name="Category">wholesaler</SimpleData>
		<SimpleData name="Address">Shop No 8, Manmohan Apartment Ambika Nagar, Ambad Link Rd, Pawan Nagar, Nashik, Maharashtra 422008, India</SimpleData>
		<SimpleData name="Latitude">19.9740924</SimpleData>
		<SimpleData name="Longitude">73.7544179</SimpleData>
		<SimpleData name="Rating">4.9</SimpleData>
		<SimpleData name="Place_ID">ChIJ_zTHCHLr3TsRIRY9XWcTp5Y</SimpleData>
		<SimpleData name="Distance_m">805</SimpleData>
		<SimpleData name="Source_File">Nashik_Ambad_establishments.xlsx</SimpleData>
	</SchemaData></ExtendedData>
      <Point><coordinates>73.7544179,19.9740924</coordinates></Point>
  </Placemark>
  <Placemark id="shopping_and_retail.61">
	<name>Sanskar Enterprises</name>
	<ExtendedData><SchemaData schemaUrl="#shopping_and_retail">
		<SimpleData name="Category">wholesaler</SimpleData>
		<SimpleData name="Address">N 31 A-1, 10/2, Vijay Nagar Rd, Laxmi Nagar, Cidco, Nashik, Maharashtra 422009, India</SimpleData>
		<SimpleData name="Latitude">19.9719707</SimpleData>
		<SimpleData name="Longitude">73.7641633</SimpleData>
		<SimpleData name="Rating">4.6</SimpleData>
		<SimpleData name="Place_ID">ChIJDwgFvNHr3TsRSTMBIM-So_c</SimpleData>
		<SimpleData name="Distance_m">749</SimpleData>
		<SimpleData name="Source_File">Nashik_CIDCO_establishments.xlsx</SimpleData>
	</SchemaData></ExtendedData>
      <Point><coordinates>73.7641633,19.9719707</coordinates></Point>
  </Placemark>
  <Placemark id="shopping_and_retail.62">
	<name>AARADHYA COLLECTION</name>
	<ExtendedData><SchemaData schemaUrl="#shopping_and_retail">
		<SimpleData name="Category">wholesaler</SimpleData>
		<SimpleData name="Address">Shop No N 53, AJ 01, green plus medical, 0405, Ambad Link Rd, Shubham Park, Jai Hind Colony, Uttam Nagar, Nashik, Maharashtra 422010, India</SimpleData>
		<SimpleData name="Latitude">19.9670238</SimpleData>
		<SimpleData name="Longitude">73.753301</SimpleData>
		<SimpleData name="Rating">4.7</SimpleData>
		<SimpleData name="Place_ID">ChIJV3jQ0oTr3TsRcnASSzNhA9Y</SimpleData>
		<SimpleData name="Distance_m">693</SimpleData>
		<SimpleData name="Source_File">Nashik_CIDCO_establishments.xlsx</SimpleData>
	</SchemaData></ExtendedData>
      <Point><coordinates>73.753301,19.9670238</coordinates></Point>
  </Placemark>
  <Placemark id="shopping_and_retail.63">
	<name>Ekdant Matching Center</name>
	<ExtendedData><SchemaData schemaUrl="#shopping_and_retail">
		<SimpleData name="Category">wholesaler</SimpleData>
		<SimpleData name="Address">Ambad Link Rd, Uttam Nagar, Cidco, Nashik, Maharashtra 422010, India</SimpleData>
		<SimpleData name="Latitude">19.9648037</SimpleData>
		<SimpleData name="Longitude">73.753681</SimpleData>
		<SimpleData name="Place_ID">ChIJqV3a7zXr3TsRzV7rFLiOYtk</SimpleData>
		<SimpleData name="Distance_m">893</SimpleData>
		<SimpleData name="Source_File">Nashik_CIDCO_establishments.xlsx</SimpleData>
	</SchemaData></ExtendedData>
      <Point><coordinates>73.753681,19.9648037</coordinates></Point>
  </Placemark>
  <Placemark id="shopping_and_retail.64">
	<name>Shree Royal Super Market</name>
	<ExtendedData><SchemaData schemaUrl="#shopping_and_retail">
		<SimpleData name="Category">asian_grocery_store</SimpleData>
		<SimpleData name="Address">Shop No.4, Raj Heritage, Nagre Nagar, Wasan Nagar, Pathardi Phata, Nashik, Maharashtra 422009, India</SimpleData>
		<SimpleData name="Latitude">19.9573341</SimpleData>
		<SimpleData name="Longitude">73.7693195</SimpleData>
		<SimpleData name="Rating">5</SimpleData>
		<SimpleData name="Place_ID">ChIJu9ayDmLr3TsRYdltKYwcOjk</SimpleData>
		<SimpleData name="Distance_m">814</SimpleData>
		<SimpleData name="Source_File">Nashik_Pathardi_Phata_establishments.xlsx</SimpleData>
	</SchemaData></ExtendedData>
      <Point><coordinates>73.7693195,19.9573341</coordinates></Point>
  </Placemark>
  <Placemark id="shopping_and_retail.65">
	<name>Tip Top market</name>
	<ExtendedData><SchemaData schemaUrl="#shopping_and_retail">
		<SimpleData name="Category">asian_grocery_store</SimpleData>
		<SimpleData name="Address">3/4 ,ratendeep residency, Wadala - Pathardi Rd, Samarth Nagar, Dnyaneshwar Nagar, Pathardi Phata, Nashik, Maharashtra 422009, India</SimpleData>
		<SimpleData name="Latitude">19.9541229</SimpleData>
		<SimpleData name="Longitude">73.7750368</SimpleData>
		<SimpleData name="Rating">4.5</SimpleData>
		<SimpleData name="Place_ID">ChIJjQ2Sn_zr3TsRnibkt5g6-uA</SimpleData>
		<SimpleData name="Distance_m">966</SimpleData>
		<SimpleData name="Source_File">Nashik_Pathardi_Phata_establishments.xlsx</SimpleData>
	</SchemaData></ExtendedData>
      <Point><coordinates>73.7750368,19.9541229</coordinates></Point>
  </Placemark>
  <Placemark id="shopping_and_retail.66">
	<name>Samrat Sweets</name>
	<ExtendedData><SchemaData schemaUrl="#shopping_and_retail">
		<SimpleData name="Category">candy_store</SimpleData>
		<SimpleData name="Address">Shop No. 1 &amp; 2, Shreya Tower, Rane Nagar- Indira Nagar Link Rd, near Bhagwati Chowk, Pushpanjali, Rajiv Nagar, Nashik, Maharashtra 422009, India</SimpleData>
		<SimpleData name="Latitude">19.9673517</SimpleData>
		<SimpleData name="Longitude">73.7753696</SimpleData>
		<SimpleData name="Rating">4</SimpleData>
		<SimpleData name="Place_ID">ChIJr1tFuznr3TsRlPnv0El6xn4</SimpleData>
		<SimpleData name="Distance_m">860</SimpleData>
		<SimpleData name="Source_File">Nashik_Indira_Nagar_establishments.xlsx</SimpleData>
	</SchemaData></ExtendedData>
      <Point><coordinates>73.7753696,19.9673517</coordinates></Point>
  </Placemark>
  <Placemark id="shopping_and_retail.67">
	<name>National Foods</name>
	<ExtendedData><SchemaData schemaUrl="#shopping_and_retail">
		<SimpleData name="Category">candy_store</SimpleData>
		<SimpleData name="Address">XQ9J+JR6, Pathardi Rd, Beside Rajsarthi, Gagan Prabha Society, Indira Nagar, Nashik, Maharashtra 422009, India</SimpleData>
		<SimpleData name="Latitude">19.9690253</SimpleData>
		<SimpleData name="Longitude">73.7820084</SimpleData>
		<SimpleData name="Rating">3.4</SimpleData>
		<SimpleData name="Place_ID">ChIJMSkAKTvr3TsRVNRMwXRBtwY</SimpleData>
		<SimpleData name="Distance_m">366</SimpleData>
		<SimpleData name="Source_File">Nashik_Indira_Nagar_establishments.xlsx</SimpleData>
	</SchemaData></ExtendedData>
      <Point><coordinates>73.7820084,19.9690253</coordinates></Point>
  </Placemark>
  <Placemark id="shopping_and_retail.68">
	<name>SS Mobile - Nashik - Indra Nagar</name>
	<ExtendedData><SchemaData schemaUrl="#shopping_and_retail">
		<SimpleData name="Category">cell_phone_store</SimpleData>
		<SimpleData name="Address">Vandana Park, Indira Nagar, Nashik, Maharashtra 422009, India</SimpleData>
		<SimpleData name="Latitude">19.9742015</SimpleData>
		<SimpleData name="Longitude">73.7871596</SimpleData>
		<SimpleData name="Rating">4.9</SimpleData>
		<SimpleData name="Place_ID">ChIJh44w8S7r3TsRPa67pEELNNY</SimpleData>
		<SimpleData name="Distance_m">608</SimpleData>
		<SimpleData name="Source_File">Nashik_Indira_Nagar_establishments.xlsx</SimpleData>
	</SchemaData></ExtendedData>
      <Point><coordinates>73.7871596,19.9742015</coordinates></Point>
  </Placemark>
  <Placemark id="shopping_and_retail.69">
	<name>TRENDS</name>
	<ExtendedData><SchemaData schemaUrl="#shopping_and_retail">
		<SimpleData name="Category">clothing_store</SimpleData>
		<SimpleData name="Address">Survey No 106/2, Ashadeep Complex, Plot No 46, Wadala - Pathardi Rd, Pandav Nagari, Indira Nagar, Nashik, Maharashtra 422009, India</SimpleData>
		<SimpleData name="Latitude">19.9680344</SimpleData>
		<SimpleData name="Longitude">73.7818508</SimpleData>
		<SimpleData name="Rating">4.1</SimpleData>
		<SimpleData name="Place_ID">ChIJLRCYG-fr3TsRU2YXexJJFoE</SimpleData>
		<SimpleData name="Distance_m">475</SimpleData>
		<SimpleData name="Source_File">Nashik_Indira_Nagar_establishments.xlsx</SimpleData>
	</SchemaData></ExtendedData>
      <Point><coordinates>73.7818508,19.9680344</coordinates></Point>
  </Placemark>
  <Placemark id="shopping_and_retail.70">
	<name>Rupashree Matching Centre</name>
	<ExtendedData><SchemaData schemaUrl="#shopping_and_retail">
		<SimpleData name="Category">clothing_store</SimpleData>
		<SimpleData name="Address">Shop no. 9, Rathchakra Chowk, Indira Nagar, Nashik, Maharashtra 422009, India</SimpleData>
		<SimpleData name="Latitude">19.9720887</SimpleData>
		<SimpleData name="Longitude">73.7852233</SimpleData>
		<SimpleData name="Rating">4.7</SimpleData>
		<SimpleData name="Place_ID">ChIJgUYYycbr3TsR4VEwGktibcM</SimpleData>
		<SimpleData name="Distance_m">369</SimpleData>
		<SimpleData name="Source_File">Nashik_Indira_Nagar_establishments.xlsx</SimpleData>
	</SchemaData></ExtendedData>
      <Point><coordinates>73.7852233,19.9720887</coordinates></Point>
  </Placemark>
  <Placemark id="shopping_and_retail.71">
	<name>JOCKEY and more Clothing store</name>
	<ExtendedData><SchemaData schemaUrl="#shopping_and_retail">
		<SimpleData name="Category">clothing_store</SimpleData>
		<SimpleData name="Address">XQ7H+RV4, Shraddha Vihar, Pandav Nagari, Sharda Vihar, Nashik, Maharashtra 422009, India</SimpleData>
		<SimpleData name="Latitude">19.9645044</SimpleData>
		<SimpleData name="Longitude">73.779691</SimpleData>
		<SimpleData name="Place_ID">ChIJETd4HQDr3TsRDVovO4qKd-Y</SimpleData>
		<SimpleData name="Distance_m">575</SimpleData>
		<SimpleData name="Source_File">Nashik_Pathardi_Phata_establishments.xlsx</SimpleData>
	</SchemaData></ExtendedData>
      <Point><coordinates>73.779691,19.9645044</coordinates></Point>
  </Placemark>
  <Placemark id="shopping_and_retail.72">
	<name>Sambha Agro</name>
	<ExtendedData><SchemaData schemaUrl="#shopping_and_retail">
		<SimpleData name="Category">farmers_market</SimpleData>
		<SimpleData name="Address">Shreya Park, Pushpanjali, Rajiv Nagar, Nashik, Maharashtra 422009, India</SimpleData>
		<SimpleData name="Latitude">19.9673561</SimpleData>
		<SimpleData name="Longitude">73.7730484</SimpleData>
		<SimpleData name="Rating">4.8</SimpleData>
		<SimpleData name="Place_ID">ChIJb5jie8br3TsRTuhmEBPtzN4</SimpleData>
		<SimpleData name="Distance_m">2792</SimpleData>
		<SimpleData name="Source_File">Nashik_Ambad_establishments.xlsx</SimpleData>
	</SchemaData></ExtendedData>
      <Point><coordinates>73.7730484,19.9673561</coordinates></Point>
  </Placemark>
  <Placemark id="shopping_and_retail.73">
	<name>Om Sai Provision</name>
	<ExtendedData><SchemaData schemaUrl="#shopping_and_retail">
		<SimpleData name="Category">general_store</SimpleData>
		<SimpleData name="Address">Shop No. 2, Shreeyog Complex, Raje Chhatrapati Chowk, Indira Nagar, Nashik, Maharashtra 422009, India</SimpleData>
		<SimpleData name="Latitude">19.969317</SimpleData>
		<SimpleData name="Longitude">73.782296</SimpleData>
		<SimpleData name="Rating">4.5</SimpleData>
		<SimpleData name="Place_ID">ChIJkbBvJTvr3TsRnJWOq-OWmxs</SimpleData>
		<SimpleData name="Distance_m">337</SimpleData>
		<SimpleData name="Source_File">Nashik_Indira_Nagar_establishments.xlsx</SimpleData>
	</SchemaData></ExtendedData>
      <Point><coordinates>73.782296,19.969317</coordinates></Point>
  </Placemark>
  <Placemark id="shopping_and_retail.74">
	<name>Samarth Provision Store</name>
	<ExtendedData><SchemaData schemaUrl="#shopping_and_retail">
		<SimpleData name="Category">general_store</SimpleData>
		<SimpleData name="Address">Shop No 03, Police Station, near Old, Indira Nagar, Nashik, Maharashtra 422009, India</SimpleData>
		<SimpleData name="Latitude">19.9698142</SimpleData>
		<SimpleData name="Longitude">73.7794104</SimpleData>
		<SimpleData name="Rating">4</SimpleData>
		<SimpleData name="Place_ID">ChIJC1mjC8zr3TsRfQ_2ouTV51Y</SimpleData>
		<SimpleData name="Distance_m">366</SimpleData>
		<SimpleData name="Source_File">Nashik_Indira_Nagar_establishments.xlsx</SimpleData>
	</SchemaData></ExtendedData>
      <Point><coordinates>73.7794104,19.9698142</coordinates></Point>
  </Placemark>
  <Placemark id="shopping_and_retail.75">
	<name>TATHASTU POOJA BHANDAR</name>
	<ExtendedData><SchemaData schemaUrl="#shopping_and_retail">
		<SimpleData name="Category">general_store</SimpleData>
		<SimpleData name="Address">Shop No 1, Ganesh Apt, Near Bapu Bunglow, Indira Nagar, Nashik, Maharashtra 422009, India</SimpleData>
		<SimpleData name="Latitude">19.9741835</SimpleData>
		<SimpleData name="Longitude">73.7868907</SimpleData>
		<SimpleData name="Rating">4.2</SimpleData>
		<SimpleData name="Place_ID">ChIJnY8zaDrr3TsRTIPlCbzV6nM</SimpleData>
		<SimpleData name="Distance_m">581</SimpleData>
		<SimpleData name="Source_File">Nashik_Indira_Nagar_establishments.xlsx</SimpleData>
	</SchemaData></ExtendedData>
      <Point><coordinates>73.7868907,19.9741835</coordinates></Point>
  </Placemark>
  <Placemark id="shopping_and_retail.76">
	<name>Mark Mall Pvt Ltd</name>
	<ExtendedData><SchemaData schemaUrl="#shopping_and_retail">
		<SimpleData name="Category">grocery_store</SimpleData>
		<SimpleData name="Address">Sr no 906, sonawane mala Krishnai nagar, Chetana nagar, Rane Nagar, Nashik, Maharashtra 422009, India</SimpleData>
		<SimpleData name="Latitude">19.9605012</SimpleData>
		<SimpleData name="Longitude">73.7687778</SimpleData>
		<SimpleData name="Rating">4.2</SimpleData>
		<SimpleData name="Place_ID">ChIJY-OoLBHr3TsRNQqirySU6Eo</SimpleData>
		<SimpleData name="Distance_m">2647</SimpleData>
		<SimpleData name="Source_File">Nashik_Ambad_establishments.xlsx</SimpleData>
	</SchemaData></ExtendedData>
      <Point><coordinates>73.7687778,19.9605012</coordinates></Point>
  </Placemark>
  <Placemark id="shopping_and_retail.77">
	<name>JOGESHWARI SUPER SHOPEE</name>
	<ExtendedData><SchemaData schemaUrl="#shopping_and_retail">
		<SimpleData name="Category">grocery_store</SimpleData>
		<SimpleData name="Address">Sonam Society, Shriram Chowk, Kanifnath Nagar, Rajiv Nagar, Nashik, Maharashtra 422009, India</SimpleData>
		<SimpleData name="Latitude">19.9682915</SimpleData>
		<SimpleData name="Longitude">73.7786416</SimpleData>
		<SimpleData name="Rating">4.5</SimpleData>
		<SimpleData name="Place_ID">ChIJO0ZFNTrr3TsRDKUnVMJX3j8</SimpleData>
		<SimpleData name="Distance_m">3143</SimpleData>
		<SimpleData name="Source_File">Nashik_Hanuman_Nagar_establishments.xlsx</SimpleData>
	</SchemaData></ExtendedData>
      <Point><coordinates>73.7786416,19.9682915</coordinates></Point>
  </Placemark>
  <Placemark id="shopping_and_retail.78">
	<name>SUVARNA KOKAN, ATITHI HYGIENIC FOOD &amp; CHICKEN CENTER,</name>
	<ExtendedData><SchemaData schemaUrl="#shopping_and_retail">
		<SimpleData name="Category">grocery_store</SimpleData>
		<SimpleData name="Address">Shop No.12, Near Bapu Bunglow, Indira Nagar, Nashik, Maharashtra 422009, India</SimpleData>
		<SimpleData name="Latitude">19.972737</SimpleData>
		<SimpleData name="Longitude">73.785657</SimpleData>
		<SimpleData name="Rating">4.9</SimpleData>
		<SimpleData name="Place_ID">ChIJA219Cs3r3TsRzmK_GRGcLaQ</SimpleData>
		<SimpleData name="Distance_m">416</SimpleData>
		<SimpleData name="Source_File">Nashik_Indira_Nagar_establishments.xlsx</SimpleData>
	</SchemaData></ExtendedData>
      <Point><coordinates>73.785657,19.972737</coordinates></Point>
  </Placemark>
  <Placemark id="shopping_and_retail.79">
	<name>Matoshree Super Market</name>
	<ExtendedData><SchemaData schemaUrl="#shopping_and_retail">
		<SimpleData name="Category">grocery_store</SimpleData>
		<SimpleData name="Address">Nilam Primiera, Kalanagar Chowk Signal, opposite Kotak Mahindra Bank, Pandav Nagari, Indira Nagar, Nashik, Maharashtra 422009, India</SimpleData>
		<SimpleData name="Latitude">19.9686464</SimpleData>
		<SimpleData name="Longitude">73.7817555</SimpleData>
		<SimpleData name="Rating">4.3</SimpleData>
		<SimpleData name="Place_ID">ChIJY0wucB_r3TsRINiJMZ9Xnvg</SimpleData>
		<SimpleData name="Distance_m">406</SimpleData>
		<SimpleData name="Source_File">Nashik_Indira_Nagar_establishments.xlsx</SimpleData>
	</SchemaData></ExtendedData>
      <Point><coordinates>73.7817555,19.9686464</coordinates></Point>
  </Placemark>
  <Placemark id="shopping_and_retail.80">
	<name>Pranav Super Market</name>
	<ExtendedData><SchemaData schemaUrl="#shopping_and_retail">
		<SimpleData name="Category">grocery_store</SimpleData>
		<SimpleData name="Address">R R, Param Pujya Ravishankarji Marg, Gandharv Nagar, Indira Nagar, Nashik, Maharashtra 422009, India</SimpleData>
		<SimpleData name="Latitude">19.9686318</SimpleData>
		<SimpleData name="Longitude">73.7876397</SimpleData>
		<SimpleData name="Rating">4</SimpleData>
		<SimpleData name="Place_ID">ChIJcS3WtyXr3TsROYaNJHf9R5c</SimpleData>
		<SimpleData name="Distance_m">743</SimpleData>
		<SimpleData name="Source_File">Nashik_Indira_Nagar_establishments.xlsx</SimpleData>
	</SchemaData></ExtendedData>
      <Point><coordinates>73.7876397,19.9686318</coordinates></Point>
  </Placemark>
  <Placemark id="shopping_and_retail.81">
	<name>Cheap Provisions</name>
	<ExtendedData><SchemaData schemaUrl="#shopping_and_retail">
		<SimpleData name="Category">grocery_store</SimpleData>
		<SimpleData name="Address">Tog Kalyan Apartment, Narayan Park, Kala Nagar, Indira Nagar, Nashik, Maharashtra 422009, India</SimpleData>
		<SimpleData name="Latitude">19.9736334</SimpleData>
		<SimpleData name="Longitude">73.7852349</SimpleData>
		<SimpleData name="Rating">4.4</SimpleData>
		<SimpleData name="Place_ID">ChIJ0xNFEiPr3TsRJdl4OkP0mKg</SimpleData>
		<SimpleData name="Distance_m">398</SimpleData>
		<SimpleData name="Source_File">Nashik_Indira_Nagar_establishments.xlsx</SimpleData>
	</SchemaData></ExtendedData>
      <Point><coordinates>73.7852349,19.9736334</coordinates></Point>
  </Placemark>
  <Placemark id="shopping_and_retail.82">
	<name>Shree Mahalaxmi Kirana Stores</name>
	<ExtendedData><SchemaData schemaUrl="#shopping_and_retail">
		<SimpleData name="Category">grocery_store</SimpleData>
		<SimpleData name="Address">Saidarshan Apartment, Kamod Nagar Colony Rd, Kamod Nagar, Indira Nagar, Nashik, Maharashtra 422009, India</SimpleData>
		<SimpleData name="Latitude">19.9758356</SimpleData>
		<SimpleData name="Longitude">73.7778909</SimpleData>
		<SimpleData name="Rating">4</SimpleData>
		<SimpleData name="Place_ID">ChIJQ7Ru5j3r3TsRC9AaUH1dang</SimpleData>
		<SimpleData name="Distance_m">559</SimpleData>
		<SimpleData name="Source_File">Nashik_Indira_Nagar_establishments.xlsx</SimpleData>
	</SchemaData></ExtendedData>
      <Point><coordinates>73.7778909,19.9758356</coordinates></Point>
  </Placemark>
  <Placemark id="shopping_and_retail.83">
	<name>M. Vasant Traders</name>
	<ExtendedData><SchemaData schemaUrl="#shopping_and_retail">
		<SimpleData name="Category">grocery_store</SimpleData>
		<SimpleData name="Address">XQFP+666, Sai Park, Kala Nagar, Indira Nagar, Nashik, Maharashtra 422009, India</SimpleData>
		<SimpleData name="Latitude">19.9730338</SimpleData>
		<SimpleData name="Longitude">73.7855108</SimpleData>
		<SimpleData name="Rating">5</SimpleData>
		<SimpleData name="Place_ID">ChIJ88NhcSPr3TsRVTkuxfqJHLc</SimpleData>
		<SimpleData name="Distance_m">407</SimpleData>
		<SimpleData name="Source_File">Nashik_Indira_Nagar_establishments.xlsx</SimpleData>
	</SchemaData></ExtendedData>
      <Point><coordinates>73.7855108,19.9730338</coordinates></Point>
  </Placemark>
  <Placemark id="shopping_and_retail.84">
	<name>Valmik Provision Store</name>
	<ExtendedData><SchemaData schemaUrl="#shopping_and_retail">
		<SimpleData name="Category">grocery_store</SimpleData>
		<SimpleData name="Address">Mongiri Apartment, Pathardi Rd, Rathchakra Chowk, Indira Nagar, Nashik, Maharashtra 422009, India</SimpleData>
		<SimpleData name="Latitude">19.9714241</SimpleData>
		<SimpleData name="Longitude">73.7841098</SimpleData>
		<SimpleData name="Rating">5</SimpleData>
		<SimpleData name="Place_ID">ChIJVdIfpCTr3TsRcVj7zrZvdAU</SimpleData>
		<SimpleData name="Distance_m">270</SimpleData>
		<SimpleData name="Source_File">Nashik_Indira_Nagar_establishments.xlsx</SimpleData>
	</SchemaData></ExtendedData>
      <Point><coordinates>73.7841098,19.9714241</coordinates></Point>
  </Placemark>
  <Placemark id="shopping_and_retail.85">
	<name>Metro Market</name>
	<ExtendedData><SchemaData schemaUrl="#shopping_and_retail">
		<SimpleData name="Category">grocery_store</SimpleData>
		<SimpleData name="Address">Shriram Chowk 4/5, Sushil Apartment, Rajiv Nagar, Nashik, Maharashtra 422009, India</SimpleData>
		<SimpleData name="Latitude">19.9685719</SimpleData>
		<SimpleData name="Longitude">73.778733</SimpleData>
		<SimpleData name="Rating">4</SimpleData>
		<SimpleData name="Place_ID">ChIJh_GAtTvr3TsRt1smmRPC8Kk</SimpleData>
		<SimpleData name="Distance_m">518</SimpleData>
		<SimpleData name="Source_File">Nashik_Indira_Nagar_establishments.xlsx</SimpleData>
	</SchemaData></ExtendedData>
      <Point><coordinates>73.778733,19.9685719</coordinates></Point>
  </Placemark>
  <Placemark id="shopping_and_retail.86">
	<name>Vinayak Super Market</name>
	<ExtendedData><SchemaData schemaUrl="#shopping_and_retail">
		<SimpleData name="Category">grocery_store</SimpleData>
		<SimpleData name="Address">XQ9J+W55, Pandav Nagari, Kishor Nagar, Nashik, Maharashtra 422009, India</SimpleData>
		<SimpleData name="Latitude">19.9697609</SimpleData>
		<SimpleData name="Longitude">73.7804863</SimpleData>
		<SimpleData name="Rating">4.4</SimpleData>
		<SimpleData name="Place_ID">ChIJn0_x_BHr3TsR880T1FfF6oE</SimpleData>
		<SimpleData name="Distance_m">310</SimpleData>
		<SimpleData name="Source_File">Nashik_Indira_Nagar_establishments.xlsx</SimpleData>
	</SchemaData></ExtendedData>
      <Point><coordinates>73.7804863,19.9697609</coordinates></Point>
  </Placemark>
  <Placemark id="shopping_and_retail.87">
	<name>SHRI DURGRAJ RICE AND MORE</name>
	<ExtendedData><SchemaData schemaUrl="#shopping_and_retail">
		<SimpleData name="Category">grocery_store</SimpleData>
		<SimpleData name="Address">Shop No 2, Oskar Avenue, opp. Gamane Ground, Mauli Nagari, Wasan Nagar, Pathardi Phata, Nashik, Maharashtra 422009, India</SimpleData>
		<SimpleData name="Latitude">19.956695</SimpleData>
		<SimpleData name="Longitude">73.7685189</SimpleData>
		<SimpleData name="Rating">4.9</SimpleData>
		<SimpleData name="Place_ID">ChIJmagpKJ_r3TsR9SgFNM0HlXs</SimpleData>
		<SimpleData name="Distance_m">1103</SimpleData>
		<SimpleData name="Source_File">Nashik_MIDC_Ambad_establishments.xlsx</SimpleData>
	</SchemaData></ExtendedData>
      <Point><coordinates>73.7685189,19.956695</coordinates></Point>
  </Placemark>
  <Placemark id="shopping_and_retail.88">
	<name>Chirag Provision Stores</name>
	<ExtendedData><SchemaData schemaUrl="#shopping_and_retail">
		<SimpleData name="Category">grocery_store</SimpleData>
		<SimpleData name="Address">Panini Society, XQ49+9M3, Mauli Nagari, Wasan Nagar, Pathardi Phata, Nashik, Maharashtra 422009, India</SimpleData>
		<SimpleData name="Latitude">19.9558867</SimpleData>
		<SimpleData name="Longitude">73.7691607</SimpleData>
		<SimpleData name="Rating">4.1</SimpleData>
		<SimpleData name="Place_ID">ChIJB6QPWErr3TsRBKNUdZGq_tw</SimpleData>
		<SimpleData name="Distance_m">950</SimpleData>
		<SimpleData name="Source_File">Nashik_Pathardi_Phata_establishments.xlsx</SimpleData>
	</SchemaData></ExtendedData>
      <Point><coordinates>73.7691607,19.9558867</coordinates></Point>
  </Placemark>
  <Placemark id="shopping_and_retail.89">
	<name>Mauli Super Shop</name>
	<ExtendedData><SchemaData schemaUrl="#shopping_and_retail">
		<SimpleData name="Category">grocery_store</SimpleData>
		<SimpleData name="Address">Pakhal Rd, Khode Nagar, Tirumla Nagar, Kalpataru Nagar, Nashik, Maharashtra 422006, India</SimpleData>
		<SimpleData name="Latitude">19.9722253</SimpleData>
		<SimpleData name="Longitude">73.7986783</SimpleData>
		<SimpleData name="Rating">4.7</SimpleData>
		<SimpleData name="Place_ID">ChIJL3M1GsPr3TsR0ImNy6ybnp4</SimpleData>
		<SimpleData name="Distance_m">2263</SimpleData>
		<SimpleData name="Source_File">Nashik_Wadala_Road_establishments.xlsx</SimpleData>
	</SchemaData></ExtendedData>
      <Point><coordinates>73.7986783,19.9722253</coordinates></Point>
  </Placemark>
  <Placemark id="shopping_and_retail.90">
	<name>Maharashtra store</name>
	<ExtendedData><SchemaData schemaUrl="#shopping_and_retail">
		<SimpleData name="Category">grocery_store</SimpleData>
		<SimpleData name="Address">XQ9V+89C, Wadala Gaon, Nashik, Maharashtra 422006, India</SimpleData>
		<SimpleData name="Latitude">19.9683122</SimpleData>
		<SimpleData name="Longitude">73.7933809</SimpleData>
		<SimpleData name="Place_ID">ChIJSTvgEgDr3TsRaL-Pon7eRDA</SimpleData>
		<SimpleData name="Distance_m">2966</SimpleData>
		<SimpleData name="Source_File">Nashik_Wadala_Road_establishments.xlsx</SimpleData>
	</SchemaData></ExtendedData>
      <Point><coordinates>73.7933809,19.9683122</coordinates></Point>
  </Placemark>
  <Placemark id="shopping_and_retail.91">
	<name>Raja kirana</name>
	<ExtendedData><SchemaData schemaUrl="#shopping_and_retail">
		<SimpleData name="Category">grocery_store</SimpleData>
		<SimpleData name="Address">Wadala Gaon, Nashik, Maharashtra 422006, India</SimpleData>
		<SimpleData name="Latitude">19.9635658</SimpleData>
		<SimpleData name="Longitude">73.7894252</SimpleData>
		<SimpleData name="Rating">4.4</SimpleData>
		<SimpleData name="Place_ID">ChIJkQDs8y_r3TsR2YEw7Yvi80I</SimpleData>
		<SimpleData name="Distance_m">3626</SimpleData>
		<SimpleData name="Source_File">Nashik_Wadala_Road_establishments.xlsx</SimpleData>
	</SchemaData></ExtendedData>
      <Point><coordinates>73.7894252,19.9635658</coordinates></Point>
  </Placemark>
  <Placemark id="shopping_and_retail.92">
	<name>Hind super market</name>
	<ExtendedData><SchemaData schemaUrl="#shopping_and_retail">
		<SimpleData name="Category">grocery_store</SimpleData>
		<SimpleData name="Address">Shop 1&amp;2, Sitara Apartment, Khode Nagar, Tirumla Nagar, Kalpataru Nagar, Nashik, Maharashtra 422006, India</SimpleData>
		<SimpleData name="Latitude">19.9737146</SimpleData>
		<SimpleData name="Longitude">73.7968266</SimpleData>
		<SimpleData name="Rating">5</SimpleData>
		<SimpleData name="Place_ID">ChIJH_kRXwDr3TsR_48gI1IoVp8</SimpleData>
		<SimpleData name="Distance_m">2314</SimpleData>
		<SimpleData name="Source_File">Nashik_Wadala_Road_establishments.xlsx</SimpleData>
	</SchemaData></ExtendedData>
      <Point><coordinates>73.7968266,19.9737146</coordinates></Point>
  </Placemark>
  <Placemark id="shopping_and_retail.93">
	<name>???? ???? Chatrapati Shivaji Maharaj Chowk Vegetable Market</name>
	<ExtendedData><SchemaData schemaUrl="#shopping_and_retail">
		<SimpleData name="Category">market</SimpleData>
		<SimpleData name="Address">XQGC+47W, Shanti Nagar, Lekha Nagar, Nashik, Maharashtra 422009, India</SimpleData>
		<SimpleData name="Latitude">19.9753251</SimpleData>
		<SimpleData name="Longitude">73.7716591</SimpleData>
		<SimpleData name="Rating">4.1</SimpleData>
		<SimpleData name="Place_ID">ChIJjZ-p9j_r3TsR7RsgOF--YaM</SimpleData>
		<SimpleData name="Distance_m">2606</SimpleData>
		<SimpleData name="Source_File">Nashik_Ambad_establishments.xlsx</SimpleData>
	</SchemaData></ExtendedData>
      <Point><coordinates>73.7716591,19.9753251</coordinates></Point>
  </Placemark>
  <Placemark id="shopping_and_retail.94">
	<name>Shree Saptashrungi Vegetables</name>
	<ExtendedData><SchemaData schemaUrl="#shopping_and_retail">
		<SimpleData name="Category">market</SimpleData>
		<SimpleData name="Address">XQ49+RMJ, Dnyaneshwar Nagar, Pathardi Phata, Nashik, Maharashtra 422009, India</SimpleData>
		<SimpleData name="Latitude">19.9570899</SimpleData>
		<SimpleData name="Longitude">73.769156</SimpleData>
		<SimpleData name="Rating">4</SimpleData>
		<SimpleData name="Place_ID">ChIJLamI03jr3TsR_o15BEm0zIc</SimpleData>
		<SimpleData name="Distance_m">2889</SimpleData>
		<SimpleData name="Source_File">Nashik_Ambad_establishments.xlsx</SimpleData>
	</SchemaData></ExtendedData>
      <Point><coordinates>73.769156,19.9570899</coordinates></Point>
  </Placemark>
  <Placemark id="shopping_and_retail.95">
	<name>Commersial mall</name>
	<ExtendedData><SchemaData schemaUrl="#shopping_and_retail">
		<SimpleData name="Category">market</SimpleData>
		<SimpleData name="Address">XQ7J+X3F, Shraddha Vihar, Pandav Nagari, Indira Nagar, Nashik, Maharashtra 422009, India</SimpleData>
		<SimpleData name="Latitude">19.9649256</SimpleData>
		<SimpleData name="Longitude">73.7801581</SimpleData>
		<SimpleData name="Place_ID">ChIJR8rcWADr3TsR_CexG8g3B9c</SimpleData>
		<SimpleData name="Distance_m">836</SimpleData>
		<SimpleData name="Source_File">Nashik_Indira_Nagar_establishments.xlsx</SimpleData>
	</SchemaData></ExtendedData>
      <Point><coordinates>73.7801581,19.9649256</coordinates></Point>
  </Placemark>
  <Placemark id="shopping_and_retail.96">
	<name>Gite Shopping Center</name>
	<ExtendedData><SchemaData schemaUrl="#shopping_and_retail">
		<SimpleData name="Category">shopping_mall</SimpleData>
		<SimpleData name="Address">N-6/K6, Old Cidco, Shanti Nagar, Lekha Nagar, Nashik, Maharashtra 422009, India</SimpleData>
		<SimpleData name="Latitude">19.9756602</SimpleData>
		<SimpleData name="Longitude">73.7714213</SimpleData>
		<SimpleData name="Rating">4.4</SimpleData>
		<SimpleData name="Place_ID">ChIJq7YWCUDr3TsRkFIJ4jSK9Tc</SimpleData>
		<SimpleData name="Distance_m">1555</SimpleData>
		<SimpleData name="Source_File">Nashik_CIDCO_establishments.xlsx</SimpleData>
	</SchemaData></ExtendedData>
      <Point><coordinates>73.7714213,19.9756602</coordinates></Point>
  </Placemark>
  <Placemark id="shopping_and_retail.97">
	<name>Go Centre Point Fashion Indira Nagar</name>
	<ExtendedData><SchemaData schemaUrl="#shopping_and_retail">
		<SimpleData name="Category">shopping_mall</SimpleData>
		<SimpleData name="Address">opposite HDFC Bank, Rathchakra Chowk, Indira Nagar, Nashik, Maharashtra 422009, India</SimpleData>
		<SimpleData name="Latitude">19.9726222</SimpleData>
		<SimpleData name="Longitude">73.7855275</SimpleData>
		<SimpleData name="Place_ID">ChIJK4h_mCvr3TsR_dpz85sv5Us</SimpleData>
		<SimpleData name="Distance_m">402</SimpleData>
		<SimpleData name="Source_File">Nashik_Indira_Nagar_establishments.xlsx</SimpleData>
	</SchemaData></ExtendedData>
      <Point><coordinates>73.7855275,19.9726222</coordinates></Point>
  </Placemark>
  <Placemark id="shopping_and_retail.98">
	<name>UCLEAN</name>
	<ExtendedData><SchemaData schemaUrl="#shopping_and_retail">
		<SimpleData name="Category">shopping_mall</SimpleData>
		<SimpleData name="Address">U Clean,Parksyde Business Avenue, G-23, Indiranagar Annex, near Guru Gobind College, Indira Nagar, Nashik, Maharashtra 422009, India</SimpleData>
		<SimpleData name="Latitude">19.9723054</SimpleData>
		<SimpleData name="Longitude">73.7816476</SimpleData>
		<SimpleData name="Rating">5</SimpleData>
		<SimpleData name="Place_ID">ChIJQzzVMdfr3TsRZoKuFfoiDZg</SimpleData>
		<SimpleData name="Distance_m">6</SimpleData>
		<SimpleData name="Source_File">Nashik_Indira_Nagar_establishments.xlsx</SimpleData>
	</SchemaData></ExtendedData>
      <Point><coordinates>73.7816476,19.9723054</coordinates></Point>
  </Placemark>
  <Placemark id="shopping_and_retail.99">
	<name>K K Plaza</name>
	<ExtendedData><SchemaData schemaUrl="#shopping_and_retail">
		<SimpleData name="Category">shopping_mall</SimpleData>
		<SimpleData name="Address">Sonawane Mala Shop No 22 Third Floor Kk Plaza, near Karma Residancy, Nagre Nagar, Dnyaneshwar Nagar, Pathardi Phata, Nashik, Maharashtra 422009, India</SimpleData>
		<SimpleData name="Latitude">19.9584199</SimpleData>
		<SimpleData name="Longitude">73.7691363</SimpleData>
		<SimpleData name="Rating">4.6</SimpleData>
		<SimpleData name="Place_ID">ChIJK1_Yb3Tr3TsREV6zRCPnOow</SimpleData>
		<SimpleData name="Distance_m">743</SimpleData>
		<SimpleData name="Source_File">Nashik_Pathardi_Phata_establishments.xlsx</SimpleData>
	</SchemaData></ExtendedData>
      <Point><coordinates>73.7691363,19.9584199</coordinates></Point>
  </Placemark>
  <Placemark id="shopping_and_retail.100">
	<name>Shri Balaji super mall</name>
	<ExtendedData><SchemaData schemaUrl="#shopping_and_retail">
		<SimpleData name="Category">shopping_mall</SimpleData>
		<SimpleData name="Address">Shraddha Vihar, Pandav Nagari, Sharda Vihar, Nashik, Maharashtra 422009, India</SimpleData>
		<SimpleData name="Latitude">19.9644917</SimpleData>
		<SimpleData name="Longitude">73.7796669</SimpleData>
		<SimpleData name="Rating">4.5</SimpleData>
		<SimpleData name="Place_ID">ChIJBScR-mPr3TsR55y76WhEag4</SimpleData>
		<SimpleData name="Distance_m">572</SimpleData>
		<SimpleData name="Source_File">Nashik_Pathardi_Phata_establishments.xlsx</SimpleData>
	</SchemaData></ExtendedData>
      <Point><coordinates>73.7796669,19.9644917</coordinates></Point>
  </Placemark>
  <Placemark id="shopping_and_retail.101">
	<name>GALAXY SUPERMARKET 2</name>
	<ExtendedData><SchemaData schemaUrl="#shopping_and_retail">
		<SimpleData name="Category">store</SimpleData>
		<SimpleData name="Address">sonawane mala, Chetana nagar, Krishnai nagar, Nashik, Maharashtra 422009, India</SimpleData>
		<SimpleData name="Latitude">19.9602774</SimpleData>
		<SimpleData name="Longitude">73.7700727</SimpleData>
		<SimpleData name="Rating">5</SimpleData>
		<SimpleData name="Place_ID">ChIJwYmxdzfr3TsRrh1cYM6HeKs</SimpleData>
		<SimpleData name="Distance_m">2777</SimpleData>
		<SimpleData name="Source_File">Nashik_Ambad_establishments.xlsx</SimpleData>
	</SchemaData></ExtendedData>
      <Point><coordinates>73.7700727,19.9602774</coordinates></Point>
  </Placemark>
  <Placemark id="shopping_and_retail.102">
	<name>Wellness Forever Pharmacy - Bapu Bungla, Indira Nagar, Nashik</name>
	<ExtendedData><SchemaData schemaUrl="#shopping_and_retail">
		<SimpleData name="Category">store</SimpleData>
		<SimpleData name="Address">Shop No.2, Sant Shri Dnyaneshwar Sankul, Pathardi Rd, near SBI Bank, Near Bapu Bunglow, Indira Nagar, Nashik, Maharashtra 422009, India</SimpleData>
		<SimpleData name="Latitude">19.9735747</SimpleData>
		<SimpleData name="Longitude">73.7863437</SimpleData>
		<SimpleData name="Rating">3.8</SimpleData>
		<SimpleData name="Place_ID">ChIJ9x8ARlvr3TsRPpjh8jwZVZY</SimpleData>
		<SimpleData name="Distance_m">506</SimpleData>
		<SimpleData name="Source_File">Nashik_Indira_Nagar_establishments.xlsx</SimpleData>
	</SchemaData></ExtendedData>
      <Point><coordinates>73.7863437,19.9735747</coordinates></Point>
  </Placemark>
  <Placemark id="shopping_and_retail.103">
	<name>More Industrial Tools | Precision Instrumentation and Services | INDUSTRIAL INSTRUMENTS</name>
	<ExtendedData><SchemaData schemaUrl="#shopping_and_retail">
		<SimpleData name="Category">store</SimpleData>
		<SimpleData name="Address">rajiv nagar, Indira Nagar, Nashik, Maharashtra 422009, India</SimpleData>
		<SimpleData name="Latitude">19.9663543</SimpleData>
		<SimpleData name="Longitude">73.7766436</SimpleData>
		<SimpleData name="Rating">5</SimpleData>
		<SimpleData name="Place_ID">ChIJY4LCeVvr3TsR9VAWCdoRlX8</SimpleData>
		<SimpleData name="Distance_m">846</SimpleData>
		<SimpleData name="Source_File">Nashik_Indira_Nagar_establishments.xlsx</SimpleData>
	</SchemaData></ExtendedData>
      <Point><coordinates>73.7766436,19.9663543</coordinates></Point>
  </Placemark>
  <Placemark id="shopping_and_retail.104">
	<name>Super Grahak Bazar</name>
	<ExtendedData><SchemaData schemaUrl="#shopping_and_retail">
		<SimpleData name="Category">supermarket</SimpleData>
		<SimpleData name="Address">State Bank Colony, Indira Nagar, Nashik, Maharashtra 422009, India</SimpleData>
		<SimpleData name="Latitude">19.974475</SimpleData>
		<SimpleData name="Longitude">73.7861567</SimpleData>
		<SimpleData name="Rating">4.1</SimpleData>
		<SimpleData name="Place_ID">ChIJ113-ryPr3TsRV2Jpe7kxRLc</SimpleData>
		<SimpleData name="Distance_m">2766</SimpleData>
		<SimpleData name="Source_File">Nashik_Dwarka_establishments.xlsx</SimpleData>
	</SchemaData></ExtendedData>
      <Point><coordinates>73.7861567,19.974475</coordinates></Point>
  </Placemark>
  <Placemark id="shopping_and_retail.105">
	<name>D Mart Indiranagar</name>
	<ExtendedData><SchemaData schemaUrl="#shopping_and_retail">
		<SimpleData name="Category">supermarket</SimpleData>
		<SimpleData name="Address">110 survey number, hissa number - 2, limt of NMC, sawta Mali marg, 2 P, Wadala Rd, revenue village, Sai Nath Nagar, Nashik, Maharashtra 422006, India</SimpleData>
		<SimpleData name="Latitude">19.9750915</SimpleData>
		<SimpleData name="Longitude">73.7905597</SimpleData>
		<SimpleData name="Rating">4.2</SimpleData>
		<SimpleData name="Place_ID">ChIJZUU9Jhjr3TsRiOjwQa91bHU</SimpleData>
		<SimpleData name="Distance_m">2428</SimpleData>
		<SimpleData name="Source_File">Nashik_Dwarka_establishments.xlsx</SimpleData>
	</SchemaData></ExtendedData>
      <Point><coordinates>73.7905597,19.9750915</coordinates></Point>
  </Placemark>
  <Placemark id="shopping_and_retail.106">
	<name>OM SUPER MARKET</name>
	<ExtendedData><SchemaData schemaUrl="#shopping_and_retail">
		<SimpleData name="Category">supermarket</SimpleData>
		<SimpleData name="Address">Ganadhiraj society, opp. to Vandana Park, near Bapu Bungalow, Near Bapu Bunglow, State Bank Colony, Indira Nagar, Nashik, Maharashtra 422009, India</SimpleData>
		<SimpleData name="Latitude">19.9742535</SimpleData>
		<SimpleData name="Longitude">73.7867885</SimpleData>
		<SimpleData name="Rating">4</SimpleData>
		<SimpleData name="Place_ID">ChIJBXiGDczr3TsRwsOCPyONESM</SimpleData>
		<SimpleData name="Distance_m">2314</SimpleData>
		<SimpleData name="Source_File">Nashik_Hanuman_Nagar_establishments.xlsx</SimpleData>
	</SchemaData></ExtendedData>
      <Point><coordinates>73.7867885,19.9742535</coordinates></Point>
  </Placemark>
  <Placemark id="shopping_and_retail.107">
	<name>Shree Umiya Supermarket</name>
	<ExtendedData><SchemaData schemaUrl="#shopping_and_retail">
		<SimpleData name="Category">supermarket</SimpleData>
		<SimpleData name="Address">XQ9J+WFQ, Indira Nagar Rd, Near ICICI Bank, Indira Nagar, Nashik, Maharashtra 422009, India</SimpleData>
		<SimpleData name="Latitude">19.9698429</SimpleData>
		<SimpleData name="Longitude">73.781228</SimpleData>
		<SimpleData name="Rating">3.8</SimpleData>
		<SimpleData name="Place_ID">ChIJ6xyGEzvr3TsRjIrfiYYF_sI</SimpleData>
		<SimpleData name="Distance_m">278</SimpleData>
		<SimpleData name="Source_File">Nashik_Indira_Nagar_establishments.xlsx</SimpleData>
	</SchemaData></ExtendedData>
      <Point><coordinates>73.781228,19.9698429</coordinates></Point>
  </Placemark>
  <Placemark id="shopping_and_retail.108">
	<name>Prem Mart</name>
	<ExtendedData><SchemaData schemaUrl="#shopping_and_retail">
		<SimpleData name="Category">supermarket</SimpleData>
		<SimpleData name="Address">Shop No. 7 8, Daksh Atrium, near Guru Govind Singh College, Indira Nagar, Pandav Nagari, Pathardi Phata, Nashik, Maharashtra 422010, India</SimpleData>
		<SimpleData name="Latitude">19.959432</SimpleData>
		<SimpleData name="Longitude">73.777265</SimpleData>
		<SimpleData name="Rating">3.3</SimpleData>
		<SimpleData name="Place_ID">ChIJo91a2qjr3TsRezeXjb_i_OI</SimpleData>
		<SimpleData name="Distance_m">1504</SimpleData>
		<SimpleData name="Source_File">Nashik_Indira_Nagar_establishments.xlsx</SimpleData>
	</SchemaData></ExtendedData>
      <Point><coordinates>73.777265,19.959432</coordinates></Point>
  </Placemark>
  <Placemark id="shopping_and_retail.109">
	<name>99 Stores</name>
	<ExtendedData><SchemaData schemaUrl="#shopping_and_retail">
		<SimpleData name="Category">supermarket</SimpleData>
		<SimpleData name="Address">1, Radheshyam Apartment, Dnyaneshwar Nagar, Pathardi Phata, Nashik, Maharashtra 422009, India</SimpleData>
		<SimpleData name="Latitude">19.9557344</SimpleData>
		<SimpleData name="Longitude">73.7693196</SimpleData>
		<SimpleData name="Rating">4.8</SimpleData>
		<SimpleData name="Place_ID">ChIJ8RIfm8Tr3TsRGEqiK51pKdc</SimpleData>
		<SimpleData name="Distance_m">954</SimpleData>
		<SimpleData name="Source_File">Nashik_Pathardi_Phata_establishments.xlsx</SimpleData>
	</SchemaData></ExtendedData>
      <Point><coordinates>73.7693196,19.9557344</coordinates></Point>
  </Placemark>
  <Placemark id="shopping_and_retail.110">
	<name>SHRIRAM SUPER MARKET</name>
	<ExtendedData><SchemaData schemaUrl="#shopping_and_retail">
		<SimpleData name="Category">supermarket</SimpleData>
		<SimpleData name="Address">Shop No.3, 4, Nagre Nagar, Dnyaneshwar Nagar, Pathardi Phata, Nashik, Maharashtra 422009, India</SimpleData>
		<SimpleData name="Latitude">19.9590083</SimpleData>
		<SimpleData name="Longitude">73.7690349</SimpleData>
		<SimpleData name="Rating">5</SimpleData>
		<SimpleData name="Place_ID">ChIJzwCWsU7r3TsRmgiS8Zbz7S8</SimpleData>
		<SimpleData name="Distance_m">710</SimpleData>
		<SimpleData name="Source_File">Nashik_Pathardi_Phata_establishments.xlsx</SimpleData>
	</SchemaData></ExtendedData>
      <Point><coordinates>73.7690349,19.9590083</coordinates></Point>
  </Placemark>
  <Placemark id="shopping_and_retail.111">
	<name>Sameer Kirana</name>
	<ExtendedData><SchemaData schemaUrl="#shopping_and_retail">
		<SimpleData name="Category">supermarket</SimpleData>
		<SimpleData name="Address">422006, Wadala Rd, Wadala Gaon, Nashik, Maharashtra 422006, India</SimpleData>
		<SimpleData name="Latitude">19.9699317</SimpleData>
		<SimpleData name="Longitude">73.7943094</SimpleData>
		<SimpleData name="Rating">4.1</SimpleData>
		<SimpleData name="Place_ID">ChIJh2t7eSfr3TsRCzx4u4KsQLM</SimpleData>
		<SimpleData name="Distance_m">2777</SimpleData>
		<SimpleData name="Source_File">Nashik_Wadala_Road_establishments.xlsx</SimpleData>
	</SchemaData></ExtendedData>
      <Point><coordinates>73.7943094,19.9699317</coordinates></Point>
  </Placemark>
  <Placemark id="shopping_and_retail.112">
	<name>BUDGET MART</name>
	<ExtendedData><SchemaData schemaUrl="#shopping_and_retail">
		<SimpleData name="Category">supermarket</SimpleData>
		<SimpleData name="Address">Shop No. 3, Skyline Nexus Apartment, Pakhal Rd, Survey No 16, Tirumla Nagar, Wadala Gaon, Nashik, Maharashtra 422006, India</SimpleData>
		<SimpleData name="Latitude">19.972251</SimpleData>
		<SimpleData name="Longitude">73.7986695</SimpleData>
		<SimpleData name="Rating">4</SimpleData>
		<SimpleData name="Place_ID">ChIJhcPQJJ_r3TsRbTlxGSZxe-0</SimpleData>
		<SimpleData name="Distance_m">2262</SimpleData>
		<SimpleData name="Source_File">Nashik_Wadala_Road_establishments.xlsx</SimpleData>
	</SchemaData></ExtendedData>
      <Point><coordinates>73.7986695,19.972251</coordinates></Point>
  </Placemark>
  <Placemark id="shopping_and_retail.113">
	<name>MK Traders</name>
	<ExtendedData><SchemaData schemaUrl="#shopping_and_retail">
		<SimpleData name="Category">wholesaler</SimpleData>
		<SimpleData name="Address">N9 B-3/3/3 Ichapurti Nivas Shivaji Chowk, 9, Old Cidco, Lekha Nagar, Nashik, Maharashtra 422009, India</SimpleData>
		<SimpleData name="Latitude">19.9762293</SimpleData>
		<SimpleData name="Longitude">73.7686102</SimpleData>
		<SimpleData name="Rating">4.4</SimpleData>
		<SimpleData name="Place_ID">ChIJM0bkeGnr3TsReK7hbpx22ak</SimpleData>
		<SimpleData name="Distance_m">1293</SimpleData>
		<SimpleData name="Source_File">Nashik_CIDCO_establishments.xlsx</SimpleData>
	</SchemaData></ExtendedData>
      <Point><coordinates>73.7686102,19.9762293</coordinates></Point>
  </Placemark>
  <Placemark id="shopping_and_retail.114">
	<name>Krushi Utpann Bazar Samiti</name>
	<ExtendedData><SchemaData schemaUrl="#shopping_and_retail">
		<SimpleData name="Category">farmers_market</SimpleData>
		<SimpleData name="Address">XR2X+99R, Bridge Nagar, Nashik, Maharashtra 422101, India</SimpleData>
		<SimpleData name="Latitude">19.9509979</SimpleData>
		<SimpleData name="Longitude">73.8483969</SimpleData>
		<SimpleData name="Rating">4</SimpleData>
		<SimpleData name="Place_ID">ChIJLfQwZfu_3TsRDxRlLp6yfwk</SimpleData>
		<SimpleData name="Distance_m">3049</SimpleData>
		<SimpleData name="Source_File">Nashik_nDeolali_Gao_establishments.xlsx</SimpleData>
	</SchemaData></ExtendedData>
      <Point><coordinates>73.8483969,19.9509979</coordinates></Point>
  </Placemark>
  <Placemark id="shopping_and_retail.115">
	<name>Jawahar Market</name>
	<ExtendedData><SchemaData schemaUrl="#shopping_and_retail">
		<SimpleData name="Category">market</SimpleData>
		<SimpleData name="Address">Rajwada Nagar, Nashik Road, ???????, Nashik, Maharashtra 422101, India</SimpleData>
		<SimpleData name="Latitude">19.949533</SimpleData>
		<SimpleData name="Longitude">73.8416139</SimpleData>
		<SimpleData name="Rating">4.1</SimpleData>
		<SimpleData name="Place_ID">ChIJWULc4FeV3TsRFFZVCvPBka8</SimpleData>
		<SimpleData name="Distance_m">2468</SimpleData>
		<SimpleData name="Source_File">Nashik_nDeolali_Gao_establishments.xlsx</SimpleData>
	</SchemaData></ExtendedData>
      <Point><coordinates>73.8416139,19.949533</coordinates></Point>
  </Placemark>
  <Placemark id="shopping_and_retail.116">
	<name>Sinnar Phata Marketyard</name>
	<ExtendedData><SchemaData schemaUrl="#shopping_and_retail">
		<SimpleData name="Category">market</SimpleData>
		<SimpleData name="Address">XR2X+6F4, Bridge Nagar, Nashik, Maharashtra 422101, India</SimpleData>
		<SimpleData name="Latitude">19.9505229</SimpleData>
		<SimpleData name="Longitude">73.8487063</SimpleData>
		<SimpleData name="Rating">3.8</SimpleData>
		<SimpleData name="Place_ID">ChIJrW9lafu_3TsRl0Q6VRSApvA</SimpleData>
		<SimpleData name="Distance_m">3034</SimpleData>
		<SimpleData name="Source_File">Nashik_nDeolali_Gao_establishments.xlsx</SimpleData>
	</SchemaData></ExtendedData>
      <Point><coordinates>73.8487063,19.9505229</coordinates></Point>
  </Placemark>
  <Placemark id="shopping_and_retail.117">
	<name>???????? ?????? ?????</name>
	<ExtendedData><SchemaData schemaUrl="#shopping_and_retail">
		<SimpleData name="Category">asian_grocery_store</SimpleData>
		<SimpleData name="Address">Ambad Khrud, Ambad Village, Nashik, Maharashtra 422010, India</SimpleData>
		<SimpleData name="Latitude">19.9622499</SimpleData>
		<SimpleData name="Longitude">73.7452776</SimpleData>
		<SimpleData name="Rating">4.6</SimpleData>
		<SimpleData name="Place_ID">ChIJRy3zeKjs3TsRcKmugpyiURo</SimpleData>
		<SimpleData name="Distance_m">2202</SimpleData>
		<SimpleData name="Source_File">Nashik_MIDC_Ambad_establishments.xlsx</SimpleData>
	</SchemaData></ExtendedData>
      <Point><coordinates>73.7452776,19.9622499</coordinates></Point>
  </Placemark>
  <Placemark id="shopping_and_retail.118">
	<name>Mungi Brothers</name>
	<ExtendedData><SchemaData schemaUrl="#shopping_and_retail">
		<SimpleData name="Category">building_materials_store</SimpleData>
		<SimpleData name="Address">Plot No D, 15, MIDC Rd, Ambad Khrud, Panchwati, MIDC Ambad, Nashik, Maharashtra 422010, India</SimpleData>
		<SimpleData name="Latitude">19.9644082</SimpleData>
		<SimpleData name="Longitude">73.7435366</SimpleData>
		<SimpleData name="Rating">4</SimpleData>
		<SimpleData name="Place_ID">ChIJS-fyOgHr3TsRCeEzKT00aDg</SimpleData>
		<SimpleData name="Distance_m">966</SimpleData>
		<SimpleData name="Source_File">Nashik_Ambad_establishments.xlsx</SimpleData>
	</SchemaData></ExtendedData>
      <Point><coordinates>73.7435366,19.9644082</coordinates></Point>
  </Placemark>
  <Placemark id="shopping_and_retail.119">
	<name>Radhekrushn Sweets</name>
	<ExtendedData><SchemaData schemaUrl="#shopping_and_retail">
		<SimpleData name="Category">candy_store</SimpleData>
		<SimpleData name="Address">Shop No-12, Raj Palace, Ambad Link Road, Ambad, DGP Nagar, Nashik, Maharashtra 422010, India</SimpleData>
		<SimpleData name="Latitude">19.9727104</SimpleData>
		<SimpleData name="Longitude">73.7469534</SimpleData>
		<SimpleData name="Rating">4.6</SimpleData>
		<SimpleData name="Place_ID">ChIJzzXHEqDs3TsRE3VNf99lS44</SimpleData>
		<SimpleData name="Distance_m">24</SimpleData>
		<SimpleData name="Source_File">Nashik_Ambad_establishments.xlsx</SimpleData>
	</SchemaData></ExtendedData>
      <Point><coordinates>73.7469534,19.9727104</coordinates></Point>
  </Placemark>
  <Placemark id="shopping_and_retail.120">
	<name>Zudio - Burkule Hall, Nashik</name>
	<ExtendedData><SchemaData schemaUrl="#shopping_and_retail">
		<SimpleData name="Category">clothing_store</SimpleData>
		<SimpleData name="Address">Survey No. 302, Plot No.10, Ambad - Uttam Nagar Rd, Incom Tax Colony, Mahajan Nagar, Nashik, Maharashtra 422010, India</SimpleData>
		<SimpleData name="Latitude">19.9679947</SimpleData>
		<SimpleData name="Longitude">73.7531314</SimpleData>
		<SimpleData name="Rating">4.1</SimpleData>
		<SimpleData name="Place_ID">ChIJM1B_MQDr3TsR0Vwg5yJAEbc</SimpleData>
		<SimpleData name="Distance_m">822</SimpleData>
		<SimpleData name="Source_File">Nashik_Ambad_establishments.xlsx</SimpleData>
	</SchemaData></ExtendedData>
      <Point><coordinates>73.7531314,19.9679947</coordinates></Point>
  </Placemark>
  <Placemark id="shopping_and_retail.121">
	<name>Mahalaxmi Textile Wholesale Market</name>
	<ExtendedData><SchemaData schemaUrl="#shopping_and_retail">
		<SimpleData name="Category">clothing_store</SimpleData>
		<SimpleData name="Address">XQG4+FCH, Pavan Nagar - Uttam Nagar Rd, Raigad Chowk, Pawan Nagar, Nashik, Maharashtra 422008, India</SimpleData>
		<SimpleData name="Latitude">19.9761788</SimpleData>
		<SimpleData name="Longitude">73.7561094</SimpleData>
		<SimpleData name="Rating">4.1</SimpleData>
		<SimpleData name="Place_ID">ChIJtZOlc2fr3TsRmH54lM_b16s</SimpleData>
		<SimpleData name="Distance_m">452</SimpleData>
		<SimpleData name="Source_File">Nashik_CIDCO_establishments.xlsx</SimpleData>
	</SchemaData></ExtendedData>
      <Point><coordinates>73.7561094,19.9761788</coordinates></Point>
  </Placemark>
  <Placemark id="shopping_and_retail.122">
	<name>HOTEL HARI OM PALACE - Restaurant, Party Hall and Catering Service</name>
	<ExtendedData><SchemaData schemaUrl="#shopping_and_retail">
		<SimpleData name="Category">event_venue</SimpleData>
		<SimpleData name="Address">symboisis college, First Floor, Near, Ambad-Trimurti Chowk Link Rd, Saigram Nagar, Upendra nagar, Nashik, Maharashtra 422010, India</SimpleData>
		<SimpleData name="Latitude">19.962477</SimpleData>
		<SimpleData name="Longitude">73.753624</SimpleData>
		<SimpleData name="Rating">4.2</SimpleData>
		<SimpleData name="Place_ID">ChIJIaaaslDr3TsRCLGPtIv3B88</SimpleData>
		<SimpleData name="Distance_m">1318</SimpleData>
		<SimpleData name="Source_File">Nashik_Ambad_establishments.xlsx</SimpleData>
	</SchemaData></ExtendedData>
      <Point><coordinates>73.753624,19.962477</coordinates></Point>
  </Placemark>
  <Placemark id="shopping_and_retail.123">
	<name>Balaji Super Market</name>
	<ExtendedData><SchemaData schemaUrl="#shopping_and_retail">
		<SimpleData name="Category">general_store</SimpleData>
		<SimpleData name="Address">Shop No. 2, Kewal Park Rd, near V K Patil memorial School, Ambad, Murari Nagar, Nashik, Maharashtra 422010, India</SimpleData>
		<SimpleData name="Latitude">19.9721899</SimpleData>
		<SimpleData name="Longitude">73.740038</SimpleData>
		<SimpleData name="Rating">3.7</SimpleData>
		<SimpleData name="Place_ID">ChIJ2TF5aaLs3TsRIfluUU3ENPo</SimpleData>
		<SimpleData name="Distance_m">718</SimpleData>
		<SimpleData name="Source_File">Nashik_Ambad_establishments.xlsx</SimpleData>
	</SchemaData></ExtendedData>
      <Point><coordinates>73.740038,19.9721899</coordinates></Point>
  </Placemark>
  <Placemark id="shopping_and_retail.124">
	<name>Navkar Super Shopee</name>
	<ExtendedData><SchemaData schemaUrl="#shopping_and_retail">
		<SimpleData name="Category">general_store</SimpleData>
		<SimpleData name="Address">Shop No. 3, Ambad Link Rd, Near Bank of India (Anand Apartment), Devdutt Nagar, Jai Hind Colony, Mahajan Nagar, Nashik, Maharashtra 422010, India</SimpleData>
		<SimpleData name="Latitude">19.9678324</SimpleData>
		<SimpleData name="Longitude">73.750188</SimpleData>
		<SimpleData name="Rating">4</SimpleData>
		<SimpleData name="Place_ID">ChIJ4S182ljr3TsR9rSfz-IZPcY</SimpleData>
		<SimpleData name="Distance_m">622</SimpleData>
		<SimpleData name="Source_File">Nashik_Ambad_establishments.xlsx</SimpleData>
	</SchemaData></ExtendedData>
      <Point><coordinates>73.750188,19.9678324</coordinates></Point>
  </Placemark>
  <Placemark id="shopping_and_retail.125">
	<name>Shri ganesh shopping</name>
	<ExtendedData><SchemaData schemaUrl="#shopping_and_retail">
		<SimpleData name="Category">general_store</SimpleData>
		<SimpleData name="Address">krushna sarees shopping, Ambad Link Rd, Abhiyanta Nagar, Nashik, Maharashtra 422008, India</SimpleData>
		<SimpleData name="Latitude">19.976128</SimpleData>
		<SimpleData name="Longitude">73.752431</SimpleData>
		<SimpleData name="Rating">3.8</SimpleData>
		<SimpleData name="Place_ID">ChIJ65mSwGDr3TsRgOEVMr8rM6M</SimpleData>
		<SimpleData name="Distance_m">705</SimpleData>
		<SimpleData name="Source_File">Nashik_Ambad_establishments.xlsx</SimpleData>
	</SchemaData></ExtendedData>
      <Point><coordinates>73.752431,19.976128</coordinates></Point>
  </Placemark>
  <Placemark id="shopping_and_retail.126">
	<name>Quality Market And General Stores</name>
	<ExtendedData><SchemaData schemaUrl="#shopping_and_retail">
		<SimpleData name="Category">general_store</SimpleData>
		<SimpleData name="Address">House Number 203 Ambad Link Road Near Mauli Lawns, DGP Nagar 2, DGP Nagar, Nashik, Maharashtra 422010, India</SimpleData>
		<SimpleData name="Latitude">19.9712889</SimpleData>
		<SimpleData name="Longitude">73.7461388</SimpleData>
		<SimpleData name="Rating">4.3</SimpleData>
		<SimpleData name="Place_ID">ChIJd4uqX6Ds3TsRR28eiwFBKi8</SimpleData>
		<SimpleData name="Distance_m">156</SimpleData>
		<SimpleData name="Source_File">Nashik_Ambad_establishments.xlsx</SimpleData>
	</SchemaData></ExtendedData>
      <Point><coordinates>73.7461388,19.9712889</coordinates></Point>
  </Placemark>
  <Placemark id="shopping_and_retail.127">
	<name>Om Sai Kirana &amp; General Stores</name>
	<ExtendedData><SchemaData schemaUrl="#shopping_and_retail">
		<SimpleData name="Category">general_store</SimpleData>
		<SimpleData name="Address">Ambad Link Rd, Rugved Society, GajananNagar, Mahajan Nagar, Nashik, Maharashtra 422010, India</SimpleData>
		<SimpleData name="Latitude">19.9709353</SimpleData>
		<SimpleData name="Longitude">73.749715</SimpleData>
		<SimpleData name="Rating">4.2</SimpleData>
		<SimpleData name="Place_ID">ChIJ8TZ6z17r3TsRbAOx_X6Ex98</SimpleData>
		<SimpleData name="Distance_m">342</SimpleData>
		<SimpleData name="Source_File">Nashik_Ambad_establishments.xlsx</SimpleData>
	</SchemaData></ExtendedData>
      <Point><coordinates>73.749715,19.9709353</coordinates></Point>
  </Placemark>
  <Placemark id="shopping_and_retail.128">
	<name>Saptshrungi Kirana and general stores</name>
	<ExtendedData><SchemaData schemaUrl="#shopping_and_retail">
		<SimpleData name="Category">general_store</SimpleData>
		<SimpleData name="Address">Mahalakshmi Nagar, MIDC Ambad, Nashik, Maharashtra 422010, India</SimpleData>
		<SimpleData name="Latitude">19.9653404</SimpleData>
		<SimpleData name="Longitude">73.7404764</SimpleData>
		<SimpleData name="Rating">5</SimpleData>
		<SimpleData name="Place_ID">ChIJlRUjT43t3TsR4yE2vwaC_8s</SimpleData>
		<SimpleData name="Distance_m">1041</SimpleData>
		<SimpleData name="Source_File">Nashik_Ambad_establishments.xlsx</SimpleData>
	</SchemaData></ExtendedData>
      <Point><coordinates>73.7404764,19.9653404</coordinates></Point>
  </Placemark>
  <Placemark id="shopping_and_retail.129">
	<name>MHALSAI Super Market</name>
	<ExtendedData><SchemaData schemaUrl="#shopping_and_retail">
		<SimpleData name="Category">general_store</SimpleData>
		<SimpleData name="Address">1/28/1, JD, N-43, Pavan Nagar - Uttam Nagar Rd, Cidco, Nashik, Maharashtra 422008, India</SimpleData>
		<SimpleData name="Latitude">19.9753485</SimpleData>
		<SimpleData name="Longitude">73.7558099</SimpleData>
		<SimpleData name="Rating">5</SimpleData>
		<SimpleData name="Place_ID">ChIJ50-rBADr3TsRNnBly7MYU6M</SimpleData>
		<SimpleData name="Distance_m">372</SimpleData>
		<SimpleData name="Source_File">Nashik_CIDCO_establishments.xlsx</SimpleData>
	</SchemaData></ExtendedData>
      <Point><coordinates>73.7558099,19.9753485</coordinates></Point>
  </Placemark>
  <Placemark id="shopping_and_retail.130">
	<name>Kankariya Supermarket</name>
	<ExtendedData><SchemaData schemaUrl="#shopping_and_retail">
		<SimpleData name="Category">grocery_store</SimpleData>
		<SimpleData name="Address">Mauli lawns, Near, Kamatwade Rd, Ambad, Saptashrungi Nagar, DGP Nagar, Nashik, Maharashtra 422010, India</SimpleData>
		<SimpleData name="Latitude">19.9728858</SimpleData>
		<SimpleData name="Longitude">73.7473135</SimpleData>
		<SimpleData name="Rating">4.1</SimpleData>
		<SimpleData name="Place_ID">ChIJE1C89L7r3TsRJ9ur38tlaH0</SimpleData>
		<SimpleData name="Distance_m">61</SimpleData>
		<SimpleData name="Source_File">Nashik_Ambad_establishments.xlsx</SimpleData>
	</SchemaData></ExtendedData>
      <Point><coordinates>73.7473135,19.9728858</coordinates></Point>
  </Placemark>
  <Placemark id="shopping_and_retail.131">
	<name>'Roots &amp; Fruits' - Shop</name>
	<ExtendedData><SchemaData schemaUrl="#shopping_and_retail">
		<SimpleData name="Category">grocery_store</SimpleData>
		<SimpleData name="Address">63, ITI Ambad Rd, Kamatwade, Nashik, Maharashtra 422010, India</SimpleData>
		<SimpleData name="Latitude">19.9729149</SimpleData>
		<SimpleData name="Longitude">73.7454422</SimpleData>
		<SimpleData name="Rating">4.2</SimpleData>
		<SimpleData name="Place_ID">ChIJT19rHqDs3TsRREe8_70UkkQ</SimpleData>
		<SimpleData name="Distance_m">159</SimpleData>
		<SimpleData name="Source_File">Nashik_Ambad_establishments.xlsx</SimpleData>
	</SchemaData></ExtendedData>
      <Point><coordinates>73.7454422,19.9729149</coordinates></Point>
  </Placemark>
  <Placemark id="shopping_and_retail.132">
	<name>Dhanashree Vegitables</name>
	<ExtendedData><SchemaData schemaUrl="#shopping_and_retail">
		<SimpleData name="Category">grocery_store</SimpleData>
		<SimpleData name="Address">shop no 7, shubham park building, 5, Ambad - Uttam Nagar Rd, Rugved Society, GajananNagar, Mahajan Nagar, Nashik, Maharashtra 422010, India</SimpleData>
		<SimpleData name="Latitude">19.9705301</SimpleData>
		<SimpleData name="Longitude">73.7515885</SimpleData>
		<SimpleData name="Place_ID">ChIJ-9KTNXfr3TsRFJAvrobugtw</SimpleData>
		<SimpleData name="Distance_m">537</SimpleData>
		<SimpleData name="Source_File">Nashik_Ambad_establishments.xlsx</SimpleData>
	</SchemaData></ExtendedData>
      <Point><coordinates>73.7515885,19.9705301</coordinates></Point>
  </Placemark>
  <Placemark id="shopping_and_retail.133">
	<name>DWARKA FARSAN MART CIDCO</name>
	<ExtendedData><SchemaData schemaUrl="#shopping_and_retail">
		<SimpleData name="Category">grocery_store</SimpleData>
		<SimpleData name="Address">N-43/JE/D 1, 41, Ambad-Trimurti Chowk Link Rd, Pawan Nagar, Nashik, Maharashtra 422008, India</SimpleData>
		<SimpleData name="Latitude">19.9754562</SimpleData>
		<SimpleData name="Longitude">73.7549232</SimpleData>
		<SimpleData name="Rating">3.4</SimpleData>
		<SimpleData name="Place_ID">ChIJ8XKZQtjr3TsRZMuzYjFaeo4</SimpleData>
		<SimpleData name="Distance_m">422</SimpleData>
		<SimpleData name="Source_File">Nashik_CIDCO_establishments.xlsx</SimpleData>
	</SchemaData></ExtendedData>
      <Point><coordinates>73.7549232,19.9754562</coordinates></Point>
  </Placemark>
  <Placemark id="shopping_and_retail.134">
	<name>Mahadeo Super Market</name>
	<ExtendedData><SchemaData schemaUrl="#shopping_and_retail">
		<SimpleData name="Category">grocery_store</SimpleData>
		<SimpleData name="Address">3 DGP Nagar VK, Vikhe Patil School Rd, Kamatwade, Nashik, Maharashtra 422010, India</SimpleData>
		<SimpleData name="Latitude">19.9730119</SimpleData>
		<SimpleData name="Longitude">73.7448907</SimpleData>
		<SimpleData name="Rating">4.6</SimpleData>
		<SimpleData name="Place_ID">ChIJ7cYv_p3t3TsRxyqOHyTNZX4</SimpleData>
		<SimpleData name="Distance_m">1269</SimpleData>
		<SimpleData name="Source_File">Nashik_CIDCO_establishments.xlsx</SimpleData>
	</SchemaData></ExtendedData>
      <Point><coordinates>73.7448907,19.9730119</coordinates></Point>
  </Placemark>
  <Placemark id="shopping_and_retail.135">
	<name>DNSB Jogeshwari Super Market</name>
	<ExtendedData><SchemaData schemaUrl="#shopping_and_retail">
		<SimpleData name="Category">grocery_store</SimpleData>
		<SimpleData name="Address">Shop No.11 Surya Mangal Residency Ekdant Nagar, More Mala, Ambad Link Rd, Jai Hind Colony, Uttam Nagar, Nashik, Maharashtra 422010, India</SimpleData>
		<SimpleData name="Latitude">19.9656984</SimpleData>
		<SimpleData name="Longitude">73.7496781</SimpleData>
		<SimpleData name="Place_ID">ChIJ8Qd3oGfr3TsRhUsCvvnox0k</SimpleData>
		<SimpleData name="Distance_m">1053</SimpleData>
		<SimpleData name="Source_File">Nashik_CIDCO_establishments.xlsx</SimpleData>
	</SchemaData></ExtendedData>
      <Point><coordinates>73.7496781,19.9656984</coordinates></Point>
  </Placemark>
  <Placemark id="shopping_and_retail.136">
	<name>Pakhale Super Market</name>
	<ExtendedData><SchemaData schemaUrl="#shopping_and_retail">
		<SimpleData name="Category">grocery_store</SimpleData>
		<SimpleData name="Address">XPFJ+VV8, Kewal Park, Ajmeri Nagar, Nashik, Maharashtra 422010, India</SimpleData>
		<SimpleData name="Latitude">19.9746647</SimpleData>
		<SimpleData name="Longitude">73.7321962</SimpleData>
		<SimpleData name="Rating">3.9</SimpleData>
		<SimpleData name="Place_ID">ChIJ94-oRZbs3TsRidMpc6CVEFY</SimpleData>
		<SimpleData name="Distance_m">1902</SimpleData>
		<SimpleData name="Source_File">Nashik_Panchak_establishments.xlsx</SimpleData>
	</SchemaData></ExtendedData>
      <Point><coordinates>73.7321962,19.9746647</coordinates></Point>
  </Placemark>
  <Placemark id="shopping_and_retail.137">
	<name>XLO Point(CTR Circle)</name>
	<ExtendedData><SchemaData schemaUrl="#shopping_and_retail">
		<SimpleData name="Category">hardware_store</SimpleData>
		<SimpleData name="Address">Ambad Satpur Link Rd, Ambad M.I.D.C, XP7P+73W, Chunchale, Nashik, Maharashtra 422010, India</SimpleData>
		<SimpleData name="Latitude">19.9632259</SimpleData>
		<SimpleData name="Longitude">73.7351965</SimpleData>
		<SimpleData name="Rating">4.1</SimpleData>
		<SimpleData name="Place_ID">ChIJ-YgLxrrs3TsRy0pjE_k64ZE</SimpleData>
		<SimpleData name="Distance_m">1600</SimpleData>
		<SimpleData name="Source_File">Nashik_Ambad_establishments.xlsx</SimpleData>
	</SchemaData></ExtendedData>
      <Point><coordinates>73.7351965,19.9632259</coordinates></Point>
  </Placemark>
  <Placemark id="shopping_and_retail.138">
	<name>Ambad Industrial Corporation</name>
	<ExtendedData><SchemaData schemaUrl="#shopping_and_retail">
		<SimpleData name="Category">hardware_store</SimpleData>
		<SimpleData name="Address">13, Ashoka Vihar, XLO Point, Ambedkar Nagar, MIDC Ambad, Nashik, Maharashtra 422010, India</SimpleData>
		<SimpleData name="Latitude">19.9628625</SimpleData>
		<SimpleData name="Longitude">73.7349759</SimpleData>
		<SimpleData name="Rating">4.4</SimpleData>
		<SimpleData name="Place_ID">ChIJLV-FH1zr3TsRZ1n5zYuNd6I</SimpleData>
		<SimpleData name="Distance_m">3254</SimpleData>
		<SimpleData name="Source_File">Nashik_MIDC_Ambad_establishments.xlsx</SimpleData>
	</SchemaData></ExtendedData>
      <Point><coordinates>73.7349759,19.9628625</coordinates></Point>
  </Placemark>
  <Placemark id="shopping_and_retail.139">
	<name>Maniknagar Bhaji Market</name>
	<ExtendedData><SchemaData schemaUrl="#shopping_and_retail">
		<SimpleData name="Category">market</SimpleData>
		<SimpleData name="Address">Ambad-Trimurti Chowk Link Rd, Indraprastha Colony, Nashik, Maharashtra 422010, India</SimpleData>
		<SimpleData name="Latitude">19.96426</SimpleData>
		<SimpleData name="Longitude">73.753123</SimpleData>
		<SimpleData name="Rating">3.8</SimpleData>
		<SimpleData name="Place_ID">ChIJ013L81nr3TsR1M9hnURspcY</SimpleData>
		<SimpleData name="Distance_m">1124</SimpleData>
		<SimpleData name="Source_File">Nashik_Ambad_establishments.xlsx</SimpleData>
	</SchemaData></ExtendedData>
      <Point><coordinates>73.753123,19.96426</coordinates></Point>
  </Placemark>
  <Placemark id="shopping_and_retail.140">
	<name>Good luck tailor</name>
	<ExtendedData><SchemaData schemaUrl="#shopping_and_retail">
		<SimpleData name="Category">market</SimpleData>
		<SimpleData name="Address">XP6V+RMR, Ambad Khrud, Panchwati, Ambad Village, Nashik, Maharashtra 422010, India</SimpleData>
		<SimpleData name="Latitude">19.9621144</SimpleData>
		<SimpleData name="Longitude">73.744142</SimpleData>
		<SimpleData name="Rating">4</SimpleData>
		<SimpleData name="Place_ID">ChIJE2O_q_Xt3TsRxngl84l5vKI</SimpleData>
		<SimpleData name="Distance_m">1190</SimpleData>
		<SimpleData name="Source_File">Nashik_Ambad_establishments.xlsx</SimpleData>
	</SchemaData></ExtendedData>
      <Point><coordinates>73.744142,19.9621144</coordinates></Point>
  </Placemark>
  <Placemark id="shopping_and_retail.141">
	<name>Upendra Nagar Vegetable Market</name>
	<ExtendedData><SchemaData schemaUrl="#shopping_and_retail">
		<SimpleData name="Category">market</SimpleData>
		<SimpleData name="Address">XQ72+W4J, Indraprastha Colony, Nashik, Maharashtra 422010, India</SimpleData>
		<SimpleData name="Latitude">19.9648409</SimpleData>
		<SimpleData name="Longitude">73.7502799</SimpleData>
		<SimpleData name="Rating">3.8</SimpleData>
		<SimpleData name="Place_ID">ChIJgQzM81nr3TsR95xKdaMz4nw</SimpleData>
		<SimpleData name="Distance_m">922</SimpleData>
		<SimpleData name="Source_File">Nashik_Ambad_establishments.xlsx</SimpleData>
	</SchemaData></ExtendedData>
      <Point><coordinates>73.7502799,19.9648409</coordinates></Point>
  </Placemark>
  <Placemark id="shopping_and_retail.142">
	<name>AB Foodstuffs</name>
	<ExtendedData><SchemaData schemaUrl="#shopping_and_retail">
		<SimpleData name="Category">service</SimpleData>
		<SimpleData name="Address">XI8, Ambad, Kamatwade, Nashik, Maharashtra 422010, India</SimpleData>
		<SimpleData name="Latitude">19.9724867</SimpleData>
		<SimpleData name="Longitude">73.7468623</SimpleData>
		<SimpleData name="Rating">5</SimpleData>
		<SimpleData name="Place_ID">ChIJi9JXB3R8iyMRdEW8uNy7WLM</SimpleData>
		<SimpleData name="Distance_m">4</SimpleData>
		<SimpleData name="Source_File">Nashik_Ambad_establishments.xlsx</SimpleData>
	</SchemaData></ExtendedData>
      <Point><coordinates>73.7468623,19.9724867</coordinates></Point>
  </Placemark>
  <Placemark id="shopping_and_retail.143">
	<name>Roongta Mall</name>
	<ExtendedData><SchemaData schemaUrl="#shopping_and_retail">
		<SimpleData name="Category">shopping_mall</SimpleData>
		<SimpleData name="Address">Ambad-Trimurti Chowk Link Rd, Incom Tax Colony, Mahajan Nagar, Nashik, Maharashtra 422010, India</SimpleData>
		<SimpleData name="Latitude">19.9683359</SimpleData>
		<SimpleData name="Longitude">73.753175</SimpleData>
		<SimpleData name="Rating">3.9</SimpleData>
		<SimpleData name="Place_ID">ChIJK0m6_1vr3TsRo8iQ13YueHg</SimpleData>
		<SimpleData name="Distance_m">803</SimpleData>
		<SimpleData name="Source_File">Nashik_Ambad_establishments.xlsx</SimpleData>
	</SchemaData></ExtendedData>
      <Point><coordinates>73.753175,19.9683359</coordinates></Point>
  </Placemark>
  <Placemark id="shopping_and_retail.144">
	<name>99 STORE</name>
	<ExtendedData><SchemaData schemaUrl="#shopping_and_retail">
		<SimpleData name="Category">shopping_mall</SimpleData>
		<SimpleData name="Address">ITI, Ambad Link Rd, nr. MAULI LAWNS, Nandanvan Colony, DGP Nagar, Nashik, Maharashtra 422010, India</SimpleData>
		<SimpleData name="Latitude">19.9719053</SimpleData>
		<SimpleData name="Longitude">73.746812</SimpleData>
		<SimpleData name="Rating">4.2</SimpleData>
		<SimpleData name="Place_ID">ChIJu3GKKSPt3TsRaUcHfmWXobA</SimpleData>
		<SimpleData name="Distance_m">67</SimpleData>
		<SimpleData name="Source_File">Nashik_Ambad_establishments.xlsx</SimpleData>
	</SchemaData></ExtendedData>
      <Point><coordinates>73.746812,19.9719053</coordinates></Point>
  </Placemark>
  <Placemark id="shopping_and_retail.145">
	<name>Reliance Digital Mobiles</name>
	<ExtendedData><SchemaData schemaUrl="#shopping_and_retail">
		<SimpleData name="Category">store</SimpleData>
		<SimpleData name="Address">P34/150, Lotus Part Apartments, SN 8, Ambad Link Rd, behind suryoday colony, Jyeshta Vaishakha, Cidco, Nashik, Maharashtra 422008, India</SimpleData>
		<SimpleData name="Latitude">19.9792641</SimpleData>
		<SimpleData name="Longitude">73.7552116</SimpleData>
		<SimpleData name="Rating">3.8</SimpleData>
		<SimpleData name="Place_ID">ChIJvay-QE7r3TsRmg7qZDo1wNg</SimpleData>
		<SimpleData name="Distance_m">807</SimpleData>
		<SimpleData name="Source_File">Nashik_CIDCO_establishments.xlsx</SimpleData>
	</SchemaData></ExtendedData>
      <Point><coordinates>73.7552116,19.9792641</coordinates></Point>
  </Placemark>
  <Placemark id="shopping_and_retail.146">
	<name>Jogeshwari super shop</name>
	<ExtendedData><SchemaData schemaUrl="#shopping_and_retail">
		<SimpleData name="Category">supermarket</SimpleData>
		<SimpleData name="Address">Ambad - Uttam Nagar Rd, near Atul Sweets, mahajan nagar, Cidco, Nashik, Maharashtra 422010, India</SimpleData>
		<SimpleData name="Latitude">19.9651358</SimpleData>
		<SimpleData name="Longitude">73.7532198</SimpleData>
		<SimpleData name="Rating">4.3</SimpleData>
		<SimpleData name="Place_ID">ChIJN7QYj1nr3TsReAgu7jhgGq4</SimpleData>
		<SimpleData name="Distance_m">1052</SimpleData>
		<SimpleData name="Source_File">Nashik_Ambad_establishments.xlsx</SimpleData>
	</SchemaData></ExtendedData>
      <Point><coordinates>73.7532198,19.9651358</coordinates></Point>
  </Placemark>
  <Placemark id="shopping_and_retail.147">
	<name>Patel Super Market</name>
	<ExtendedData><SchemaData schemaUrl="#shopping_and_retail">
		<SimpleData name="Category">supermarket</SimpleData>
		<SimpleData name="Address">Ambad Link Rd, Matale Nagar, Abhiyanta Nagar, Nashik, Maharashtra 422008, India</SimpleData>
		<SimpleData name="Latitude">19.9763051</SimpleData>
		<SimpleData name="Longitude">73.754664</SimpleData>
		<SimpleData name="Rating">3.4</SimpleData>
		<SimpleData name="Place_ID">ChIJvRWXOGfr3TsRqxRiIsU96rc</SimpleData>
		<SimpleData name="Distance_m">915</SimpleData>
		<SimpleData name="Source_File">Nashik_Ambad_establishments.xlsx</SimpleData>
	</SchemaData></ExtendedData>
      <Point><coordinates>73.754664,19.9763051</coordinates></Point>
  </Placemark>
  <Placemark id="shopping_and_retail.148">
	<name>GROCERY EMBASSY</name>
	<ExtendedData><SchemaData schemaUrl="#shopping_and_retail">
		<SimpleData name="Category">supermarket</SimpleData>
		<SimpleData name="Address">Plot no. 15, Survey no. 14, Hari Om Colony, 10, Mhasoba Nagar, Kamatwade, Nashik, Maharashtra 422010, India</SimpleData>
		<SimpleData name="Latitude">19.9729135</SimpleData>
		<SimpleData name="Longitude">73.7522893</SimpleData>
		<SimpleData name="Rating">5</SimpleData>
		<SimpleData name="Place_ID">ChIJR1_oKWfr3TsRKvZ5gSalu5I</SimpleData>
		<SimpleData name="Distance_m">565</SimpleData>
		<SimpleData name="Source_File">Nashik_Ambad_establishments.xlsx</SimpleData>
	</SchemaData></ExtendedData>
      <Point><coordinates>73.7522893,19.9729135</coordinates></Point>
  </Placemark>
  <Placemark id="shopping_and_retail.149">
	<name>Advik Enterprises</name>
	<ExtendedData><SchemaData schemaUrl="#shopping_and_retail">
		<SimpleData name="Category">supermarket</SimpleData>
		<SimpleData name="Address">Plot no.14, S No.230, 3, Ambad, Krishna Nagar, DGP Nagar, Nashik, Maharashtra 422010, India</SimpleData>
		<SimpleData name="Latitude">19.9677015</SimpleData>
		<SimpleData name="Longitude">73.7407513</SimpleData>
		<SimpleData name="Rating">5</SimpleData>
		<SimpleData name="Place_ID">ChIJW2S1Nuvt3TsRjtBhaNqfWYk</SimpleData>
		<SimpleData name="Distance_m">835</SimpleData>
		<SimpleData name="Source_File">Nashik_Ambad_establishments.xlsx</SimpleData>
	</SchemaData></ExtendedData>
      <Point><coordinates>73.7407513,19.9677015</coordinates></Point>
  </Placemark>
  <Placemark id="shopping_and_retail.150">
	<name>ANKIT MARKETING PVT. LTD.</name>
	<ExtendedData><SchemaData schemaUrl="#shopping_and_retail">
		<SimpleData name="Category">wholesaler</SimpleData>
		<SimpleData name="Address">18/17, XLO Point, Ambedkar Nagar, MIDC Ambad, Nashik, Maharashtra 422010, India</SimpleData>
		<SimpleData name="Latitude">19.9623109</SimpleData>
		<SimpleData name="Longitude">73.7349204</SimpleData>
		<SimpleData name="Rating">4.4</SimpleData>
		<SimpleData name="Place_ID">ChIJwcKBu7rs3TsRnFxpiVcyLII</SimpleData>
		<SimpleData name="Distance_m">1689</SimpleData>
		<SimpleData name="Source_File">Nashik_Ambad_establishments.xlsx</SimpleData>
	</SchemaData></ExtendedData>
      <Point><coordinates>73.7349204,19.9623109</coordinates></Point>
  </Placemark>
  <Placemark id="shopping_and_retail.151">
	<name>Nashik Industrial Hardware</name>
	<ExtendedData><SchemaData schemaUrl="#shopping_and_retail">
		<SimpleData name="Category">wholesaler</SimpleData>
		<SimpleData name="Address">shop no. 08, ss complex, Ambad Satpur Link Rd, XLO Point, Ambedkar Nagar, ambad, Nashik, Maharashtra 422010, India</SimpleData>
		<SimpleData name="Latitude">19.9618549</SimpleData>
		<SimpleData name="Longitude">73.7348159</SimpleData>
		<SimpleData name="Rating">5</SimpleData>
		<SimpleData name="Place_ID">ChIJpQLzjl_t3TsR_28i7aZwthI</SimpleData>
		<SimpleData name="Distance_m">3286</SimpleData>
		<SimpleData name="Source_File">Nashik_MIDC_Ambad_establishments.xlsx</SimpleData>
	</SchemaData></ExtendedData>
      <Point><coordinates>73.7348159,19.9618549</coordinates></Point>
  </Placemark>
  <Placemark id="shopping_and_retail.152">
	<name>GOODWILL SUPERMARKET ASHOKA MARG</name>
	<ExtendedData><SchemaData schemaUrl="#shopping_and_retail">
		<SimpleData name="Category">asian_grocery_store</SimpleData>
		<SimpleData name="Address">PLOT NO.12 SR NO. 858, GOODWILL SUPERMARKET, 2A/859, Ashoka Marg, next to Amrapali Towers, Ganesh Baba Nagar, Nashik, Maharashtra 422011, India</SimpleData>
		<SimpleData name="Latitude">19.980608</SimpleData>
		<SimpleData name="Longitude">73.8025294</SimpleData>
		<SimpleData name="Rating">4.1</SimpleData>
		<SimpleData name="Place_ID">ChIJO6L0Kpnr3TsRt-PZFRcFJoU</SimpleData>
		<SimpleData name="Distance_m">2170</SimpleData>
		<SimpleData name="Source_File">Nashik_Hanuman_Nagar_establishments.xlsx</SimpleData>
	</SchemaData></ExtendedData>
      <Point><coordinates>73.8025294,19.980608</coordinates></Point>
  </Placemark>
  <Placemark id="shopping_and_retail.153">
	<name>Metro Wholesale and Retail Kirana Store, Bharat Nagar, Wadala Road, Nashik</name>
	<ExtendedData><SchemaData schemaUrl="#shopping_and_retail">
		<SimpleData name="Category">asian_grocery_store</SimpleData>
		<SimpleData name="Address">Lane, Walala Road, Bharat Nagar, Nashik, Maharashtra 422006, India</SimpleData>
		<SimpleData name="Latitude">19.9840657</SimpleData>
		<SimpleData name="Longitude">73.7881302</SimpleData>
		<SimpleData name="Rating">5</SimpleData>
		<SimpleData name="Place_ID">ChIJ21Zf3Ynr3TsR4X99TfPFgkE</SimpleData>
		<SimpleData name="Distance_m">547</SimpleData>
		<SimpleData name="Source_File">Nashik_Mumbai_Naka_establishments.xlsx</SimpleData>
	</SchemaData></ExtendedData>
      <Point><coordinates>73.7881302,19.9840657</coordinates></Point>
  </Placemark>
  <Placemark id="shopping_and_retail.154">
	<name>Rajesh Kirana Centre</name>
	<ExtendedData><SchemaData schemaUrl="#shopping_and_retail">
		<SimpleData name="Category">asian_grocery_store</SimpleData>
		<SimpleData name="Address">Rugved- B, Mumbai Naka, Bhagwant Nagar, Dr.Homi Bhabha Nagar, Nashik, Maharashtra 422011, India</SimpleData>
		<SimpleData name="Latitude">19.9869389</SimpleData>
		<SimpleData name="Longitude">73.785839</SimpleData>
		<SimpleData name="Rating">3.5</SimpleData>
		<SimpleData name="Place_ID">ChIJiQ30Ahvr3TsRteiIMYAcwDs</SimpleData>
		<SimpleData name="Distance_m">155</SimpleData>
		<SimpleData name="Source_File">Nashik_Mumbai_Naka_establishments.xlsx</SimpleData>
	</SchemaData></ExtendedData>
      <Point><coordinates>73.785839,19.9869389</coordinates></Point>
  </Placemark>
  <Placemark id="shopping_and_retail.155">
	<name>Star Kirana and General Store</name>
	<ExtendedData><SchemaData schemaUrl="#shopping_and_retail">
		<SimpleData name="Category">asian_grocery_store</SimpleData>
		<SimpleData name="Address">Star kirana and General store, Wadala Rd, near asad chowk, Jaydeep Nagar, Sai Nath Nagar, Nashik, Maharashtra 422006, India</SimpleData>
		<SimpleData name="Latitude">19.9788443</SimpleData>
		<SimpleData name="Longitude">73.7924995</SimpleData>
		<SimpleData name="Place_ID">ChIJTyZ9G1Tr3TsRGsbzFti7j9I</SimpleData>
		<SimpleData name="Distance_m">2468</SimpleData>
		<SimpleData name="Source_File">Nashik_Wadala_Road_establishments.xlsx</SimpleData>
	</SchemaData></ExtendedData>
      <Point><coordinates>73.7924995,19.9788443</coordinates></Point>
  </Placemark>
  <Placemark id="shopping_and_retail.156">
	<name>Westside - Hanumant Saw Mill, Nashik</name>
	<ExtendedData><SchemaData schemaUrl="#shopping_and_retail">
		<SimpleData name="Category">clothing_store</SimpleData>
		<SimpleData name="Address">Hanuman Saw Mill (booking office), Nashik - Pune Hwy, Gayatri Nagar, Uttara Nagar, Nashik, Maharashtra 422011, India</SimpleData>
		<SimpleData name="Latitude">19.9840936</SimpleData>
		<SimpleData name="Longitude">73.803527</SimpleData>
		<SimpleData name="Rating">4.2</SimpleData>
		<SimpleData name="Place_ID">ChIJJbK82Zbr3TsRpo6cZiE075c</SimpleData>
		<SimpleData name="Distance_m">1002</SimpleData>
		<SimpleData name="Source_File">Nashik_Dwarka_establishments.xlsx</SimpleData>
	</SchemaData></ExtendedData>
      <Point><coordinates>73.803527,19.9840936</coordinates></Point>
  </Placemark>
  <Placemark id="shopping_and_retail.157">
	<name>BRANDS COLLECTIONS</name>
	<ExtendedData><SchemaData schemaUrl="#shopping_and_retail">
		<SimpleData name="Category">clothing_store</SimpleData>
		<SimpleData name="Address">Jogging Track, near Sayaji - Enrise hotel, Indira Nagar, Nashik, Maharashtra 422009, India</SimpleData>
		<SimpleData name="Latitude">19.9788668</SimpleData>
		<SimpleData name="Longitude">73.7868071</SimpleData>
		<SimpleData name="Rating">5</SimpleData>
		<SimpleData name="Place_ID">ChIJ9yMAkhjr3TsRUJFVR98v0mQ</SimpleData>
		<SimpleData name="Distance_m">904</SimpleData>
		<SimpleData name="Source_File">Nashik_Indira_Nagar_establishments.xlsx</SimpleData>
	</SchemaData></ExtendedData>
      <Point><coordinates>73.7868071,19.9788668</coordinates></Point>
  </Placemark>
  <Placemark id="shopping_and_retail.158">
	<name>Model shop wadala road</name>
	<ExtendedData><SchemaData schemaUrl="#shopping_and_retail">
		<SimpleData name="Category">clothing_store</SimpleData>
		<SimpleData name="Address">XQJV+82F, Ashoka Marg, Jaydeep Nagar, Mamta Nagar, Kalpataru Nagar, Nashik, Maharashtra 422006, India</SimpleData>
		<SimpleData name="Latitude">19.9808208</SimpleData>
		<SimpleData name="Longitude">73.7925563</SimpleData>
		<SimpleData name="Rating">5</SimpleData>
		<SimpleData name="Place_ID">ChIJH_Y4LNnr3TsR7oD3j5zSVZE</SimpleData>
		<SimpleData name="Distance_m">2405</SimpleData>
		<SimpleData name="Source_File">Nashik_Wadala_Road_establishments.xlsx</SimpleData>
	</SchemaData></ExtendedData>
      <Point><coordinates>73.7925563,19.9808208</coordinates></Point>
  </Placemark>
  <Placemark id="shopping_and_retail.159">
	<name>Reliance Digital - Khemani Complex, Nashik</name>
	<ExtendedData><SchemaData schemaUrl="#shopping_and_retail">
		<SimpleData name="Category">electronics_store</SimpleData>
		<SimpleData name="Address">SN F101 &amp; G1, Gr &amp; 1st Flr, Khemani Cplx S201SF, No 847/1/3, RTO Col, Ashirvad Apartment, Aaditya Nagar Rd, near Nashik - Pune Highway, Bodhale Nagar, RTO Colony, Nashik, Maharashtra 422006, India</SimpleData>
		<SimpleData name="Latitude">19.980691</SimpleData>
		<SimpleData name="Longitude">73.8069875</SimpleData>
		<SimpleData name="Rating">4.9</SimpleData>
		<SimpleData name="Place_ID">ChIJWfoMGQDr3TsR5ZCREXNS7Zw</SimpleData>
		<SimpleData name="Distance_m">1422</SimpleData>
		<SimpleData name="Source_File">Nashik_Dwarka_establishments.xlsx</SimpleData>
	</SchemaData></ExtendedData>
      <Point><coordinates>73.8069875,19.980691</coordinates></Point>
  </Placemark>
  <Placemark id="shopping_and_retail.160">
	<name>Croma - Inox Signal</name>
	<ExtendedData><SchemaData schemaUrl="#shopping_and_retail">
		<SimpleData name="Category">electronics_store</SimpleData>
		<SimpleData name="Address">Pushpa Park, Nashik - Pune Hwy, near Inox Signal, Ganesh Baba Nagar, Nashik, Maharashtra 422011, India</SimpleData>
		<SimpleData name="Latitude">19.9794898</SimpleData>
		<SimpleData name="Longitude">73.807147</SimpleData>
		<SimpleData name="Rating">4.8</SimpleData>
		<SimpleData name="Place_ID">ChIJtRtpGfrr3TsRNMvMz2Zz13o</SimpleData>
		<SimpleData name="Distance_m">1065</SimpleData>
		<SimpleData name="Source_File">Nashik_Wadala_Road_establishments.xlsx</SimpleData>
	</SchemaData></ExtendedData>
      <Point><coordinates>73.807147,19.9794898</coordinates></Point>
  </Placemark>
  <Placemark id="shopping_and_retail.161">
	<name>King Electronics</name>
	<ExtendedData><SchemaData schemaUrl="#shopping_and_retail">
		<SimpleData name="Category">electronics_store</SimpleData>
		<SimpleData name="Address">Shop no. 5, Samrah Park, Wadala Rd, opposite Rehnuma School, Sai Nath Nagar, Nashik, Maharashtra 422006, India</SimpleData>
		<SimpleData name="Latitude">19.9812235</SimpleData>
		<SimpleData name="Longitude">73.7922724</SimpleData>
		<SimpleData name="Rating">5</SimpleData>
		<SimpleData name="Place_ID">ChIJtb6cWzfr3TsRi3Ol4xkMqvM</SimpleData>
		<SimpleData name="Distance_m">2424</SimpleData>
		<SimpleData name="Source_File">Nashik_Wadala_Road_establishments.xlsx</SimpleData>
	</SchemaData></ExtendedData>
      <Point><coordinates>73.7922724,19.9812235</coordinates></Point>
  </Placemark>
  <Placemark id="shopping_and_retail.162">
	<name>Jai Hanuman Super Market</name>
	<ExtendedData><SchemaData schemaUrl="#shopping_and_retail">
		<SimpleData name="Category">general_store</SimpleData>
		<SimpleData name="Address">XQJV+962, Ashoka Marg, Jaydeep Nagar, Mamta Nagar, Kalpataru Nagar, Nashik, Maharashtra 422006, India</SimpleData>
		<SimpleData name="Latitude">19.980895</SimpleData>
		<SimpleData name="Longitude">73.79301</SimpleData>
		<SimpleData name="Rating">3.8</SimpleData>
		<SimpleData name="Place_ID">ChIJy1pTsR_r3TsRHzggFaiFDqo</SimpleData>
		<SimpleData name="Distance_m">1638</SimpleData>
		<SimpleData name="Source_File">Nashik_Hanuman_Nagar_establishments.xlsx</SimpleData>
	</SchemaData></ExtendedData>
      <Point><coordinates>73.79301,19.980895</coordinates></Point>
  </Placemark>
  <Placemark id="shopping_and_retail.163">
	<name>Siddhivinayak Kirana Stores</name>
	<ExtendedData><SchemaData schemaUrl="#shopping_and_retail">
		<SimpleData name="Category">general_store</SimpleData>
		<SimpleData name="Address">Shop No. 6, Shree Kalashakti Apartment, Mumbai Naka Cir, Mumbai Naka, Bhagwant Nagar, Dr.Homi Bhabha Nagar, Nashik, Maharashtra 422011, India</SimpleData>
		<SimpleData name="Latitude">19.9869859</SimpleData>
		<SimpleData name="Longitude">73.786492</SimpleData>
		<SimpleData name="Rating">4</SimpleData>
		<SimpleData name="Place_ID">ChIJnchfBBvr3TsRRK7RCuBGwQM</SimpleData>
		<SimpleData name="Distance_m">213</SimpleData>
		<SimpleData name="Source_File">Nashik_Mumbai_Naka_establishments.xlsx</SimpleData>
	</SchemaData></ExtendedData>
      <Point><coordinates>73.786492,19.9869859</coordinates></Point>
  </Placemark>
  <Placemark id="shopping_and_retail.164">
	<name>Kabir food hub</name>
	<ExtendedData><SchemaData schemaUrl="#shopping_and_retail">
		<SimpleData name="Category">general_store</SimpleData>
		<SimpleData name="Address">Shop No 1Near Sahil Lawns, Wadala Rd, General Arun Kumar Vaidya Nagar, Dwarka, Nashik, Maharashtra 422011, India</SimpleData>
		<SimpleData name="Latitude">19.9863701</SimpleData>
		<SimpleData name="Longitude">73.7925981</SimpleData>
		<SimpleData name="Rating">4.3</SimpleData>
		<SimpleData name="Place_ID">ChIJrwAlgtLr3TsRtgktuHG9O10</SimpleData>
		<SimpleData name="Distance_m">2343</SimpleData>
		<SimpleData name="Source_File">Nashik_Wadala_Road_establishments.xlsx</SimpleData>
	</SchemaData></ExtendedData>
      <Point><coordinates>73.7925981,19.9863701</coordinates></Point>
  </Placemark>
  <Placemark id="shopping_and_retail.165">
	<name>Kwality Foods | Grocery store at Ashoka Marg | Gourmet Food</name>
	<ExtendedData><SchemaData schemaUrl="#shopping_and_retail">
		<SimpleData name="Category">grocery_store</SimpleData>
		<SimpleData name="Address">Kwality Foods, Shop No.10, Ishwar Paradise, Ashoka Marg, Ganesh Baba Nagar, Nashik, Maharashtra 422011, India</SimpleData>
		<SimpleData name="Latitude">19.9802883</SimpleData>
		<SimpleData name="Longitude">73.8039499</SimpleData>
		<SimpleData name="Rating">4.3</SimpleData>
		<SimpleData name="Place_ID">ChIJhRV40T7r3TsRgf-SUbxJPJ8</SimpleData>
		<SimpleData name="Distance_m">2298</SimpleData>
		<SimpleData name="Source_File">Nashik_Hanuman_Nagar_establishments.xlsx</SimpleData>
	</SchemaData></ExtendedData>
      <Point><coordinates>73.8039499,19.9802883</coordinates></Point>
  </Placemark>
  <Placemark id="shopping_and_retail.166">
	<name>Anil Provisions</name>
	<ExtendedData><SchemaData schemaUrl="#shopping_and_retail">
		<SimpleData name="Category">grocery_store</SimpleData>
		<SimpleData name="Address">XQGJ+WPQ, State Bank Colony, Indira Nagar, Nashik, Maharashtra 422009, India</SimpleData>
		<SimpleData name="Latitude">19.9773374</SimpleData>
		<SimpleData name="Longitude">73.7818557</SimpleData>
		<SimpleData name="Rating">3.9</SimpleData>
		<SimpleData name="Place_ID">ChIJ08fa4Rfr3TsR-NI0Pws2ZK0</SimpleData>
		<SimpleData name="Distance_m">560</SimpleData>
		<SimpleData name="Source_File">Nashik_Indira_Nagar_establishments.xlsx</SimpleData>
	</SchemaData></ExtendedData>
      <Point><coordinates>73.7818557,19.9773374</coordinates></Point>
  </Placemark>
  <Placemark id="shopping_and_retail.167">
	<name>Naman Foods</name>
	<ExtendedData><SchemaData schemaUrl="#shopping_and_retail">
		<SimpleData name="Category">grocery_store</SimpleData>
		<SimpleData name="Address">Sheetal Paradise A wing, Mumbai Naka, Govind Nagar, Nashik, Maharashtra 422009, India</SimpleData>
		<SimpleData name="Latitude">19.9826858</SimpleData>
		<SimpleData name="Longitude">73.7808947</SimpleData>
		<SimpleData name="Rating">5</SimpleData>
		<SimpleData name="Place_ID">ChIJJxwRKQDr3TsRYo-kfBrOyO0</SimpleData>
		<SimpleData name="Distance_m">679</SimpleData>
		<SimpleData name="Source_File">Nashik_Mumbai_Naka_establishments.xlsx</SimpleData>
	</SchemaData></ExtendedData>
      <Point><coordinates>73.7808947,19.9826858</coordinates></Point>
  </Placemark>
  <Placemark id="shopping_and_retail.168">
	<name>Zara kirana</name>
	<ExtendedData><SchemaData schemaUrl="#shopping_and_retail">
		<SimpleData name="Category">grocery_store</SimpleData>
		<SimpleData name="Address">XQPQ+8H5, Kaut Ghat Rd, Mumbai Naka, Bhagwant Nagar, Dr.Homi Bhabha Nagar, Nashik, Maharashtra 422011, India</SimpleData>
		<SimpleData name="Latitude">19.9857572</SimpleData>
		<SimpleData name="Longitude">73.7889915</SimpleData>
		<SimpleData name="Rating">5</SimpleData>
		<SimpleData name="Place_ID">ChIJfR0qf1Hr3TsR039-TGFVskA</SimpleData>
		<SimpleData name="Distance_m">507</SimpleData>
		<SimpleData name="Source_File">Nashik_Mumbai_Naka_establishments.xlsx</SimpleData>
	</SchemaData></ExtendedData>
      <Point><coordinates>73.7889915,19.9857572</coordinates></Point>
  </Placemark>
  <Placemark id="shopping_and_retail.169">
	<name>Shree Ekvira Super Market</name>
	<ExtendedData><SchemaData schemaUrl="#shopping_and_retail">
		<SimpleData name="Category">grocery_store</SimpleData>
		<SimpleData name="Address">Shop No 2, 3, Lane No 2, Mumbai Naka, Govind Nagar, Nashik, Maharashtra 422009, India</SimpleData>
		<SimpleData name="Latitude">19.9843824</SimpleData>
		<SimpleData name="Longitude">73.7807297</SimpleData>
		<SimpleData name="Rating">3.3</SimpleData>
		<SimpleData name="Place_ID">ChIJ2356xBDr3TsRPOGyaiaJ7Ck</SimpleData>
		<SimpleData name="Distance_m">547</SimpleData>
		<SimpleData name="Source_File">Nashik_Mumbai_Naka_establishments.xlsx</SimpleData>
	</SchemaData></ExtendedData>
      <Point><coordinates>73.7807297,19.9843824</coordinates></Point>
  </Placemark>
  <Placemark id="shopping_and_retail.170">
	<name>Laxmi Super Market</name>
	<ExtendedData><SchemaData schemaUrl="#shopping_and_retail">
		<SimpleData name="Category">grocery_store</SimpleData>
		<SimpleData name="Address">XQJP+F2G, Deepali Nagar, Nashik, Maharashtra 422009, India</SimpleData>
		<SimpleData name="Latitude">19.9811986</SimpleData>
		<SimpleData name="Longitude">73.7850926</SimpleData>
		<SimpleData name="Rating">4</SimpleData>
		<SimpleData name="Place_ID">ChIJbdlBsBnr3TsRYYvOdPkTdNs</SimpleData>
		<SimpleData name="Distance_m">725</SimpleData>
		<SimpleData name="Source_File">Nashik_Mumbai_Naka_establishments.xlsx</SimpleData>
	</SchemaData></ExtendedData>
      <Point><coordinates>73.7850926,19.9811986</coordinates></Point>
  </Placemark>
  <Placemark id="shopping_and_retail.171">
	<name>BHAWANI SUPER MARKET</name>
	<ExtendedData><SchemaData schemaUrl="#shopping_and_retail">
		<SimpleData name="Category">grocery_store</SimpleData>
		<SimpleData name="Address">Bhavani Super Market Sri Sri Ravi Shankar Marg, Ashoka Marg, Survey No 16, Tirumla Nagar, Wadala Gaon, Nashik, Maharashtra 422006, India</SimpleData>
		<SimpleData name="Latitude">19.9708147</SimpleData>
		<SimpleData name="Longitude">73.8013315</SimpleData>
		<SimpleData name="Rating">4.8</SimpleData>
		<SimpleData name="Place_ID">ChIJJ82f3DLr3TsR44wg8lcte1k</SimpleData>
		<SimpleData name="Distance_m">2178</SimpleData>
		<SimpleData name="Source_File">Nashik_Wadala_Road_establishments.xlsx</SimpleData>
	</SchemaData></ExtendedData>
      <Point><coordinates>73.8013315,19.9708147</coordinates></Point>
  </Placemark>
  <Placemark id="shopping_and_retail.172">
	<name>New Kailas Kirana Stores</name>
	<ExtendedData><SchemaData schemaUrl="#shopping_and_retail">
		<SimpleData name="Category">grocery_store</SimpleData>
		<SimpleData name="Address">Plot No.51, Shree Ashapuri Nivas, Wadala Rd, Vinay Nagar, Nashik, Maharashtra 422006, India</SimpleData>
		<SimpleData name="Latitude">19.9815671</SimpleData>
		<SimpleData name="Longitude">73.7918098</SimpleData>
		<SimpleData name="Rating">4.4</SimpleData>
		<SimpleData name="Place_ID">ChIJiaQv9B7r3TsRqE-3i1GpkL4</SimpleData>
		<SimpleData name="Distance_m">2465</SimpleData>
		<SimpleData name="Source_File">Nashik_Wadala_Road_establishments.xlsx</SimpleData>
	</SchemaData></ExtendedData>
      <Point><coordinates>73.7918098,19.9815671</coordinates></Point>
  </Placemark>
  <Placemark id="shopping_and_retail.173">
	<name>Choice Super Soppe</name>
	<ExtendedData><SchemaData schemaUrl="#shopping_and_retail">
		<SimpleData name="Category">grocery_store</SimpleData>
		<SimpleData name="Address">Shop No. 1 New Gulmohar Park DJP Nagar Wadala, Road, Nashik Road, Nashik, Maharashtra 422006, India</SimpleData>
		<SimpleData name="Latitude">19.9710905</SimpleData>
		<SimpleData name="Longitude">73.806544</SimpleData>
		<SimpleData name="Rating">5</SimpleData>
		<SimpleData name="Place_ID">ChIJN8_3NWrr3TsRARb-K2SnI0M</SimpleData>
		<SimpleData name="Distance_m">1840</SimpleData>
		<SimpleData name="Source_File">Nashik_Wadala_Road_establishments.xlsx</SimpleData>
	</SchemaData></ExtendedData>
      <Point><coordinates>73.806544,19.9710905</coordinates></Point>
  </Placemark>
  <Placemark id="shopping_and_retail.174">
	<name>New Vinay Kirana Stores</name>
	<ExtendedData><SchemaData schemaUrl="#shopping_and_retail">
		<SimpleData name="Category">grocery_store</SimpleData>
		<SimpleData name="Address">Hanuman Temple, Shop No. 95, Wadla Pathardi Road, Vinay Nagar, Nashik, Maharashtra 422006, India</SimpleData>
		<SimpleData name="Latitude">19.980648</SimpleData>
		<SimpleData name="Longitude">73.7912939</SimpleData>
		<SimpleData name="Rating">4.5</SimpleData>
		<SimpleData name="Place_ID">ChIJzR3sBB_r3TsRcXnWjO1nt_w</SimpleData>
		<SimpleData name="Distance_m">2538</SimpleData>
		<SimpleData name="Source_File">Nashik_Wadala_Road_establishments.xlsx</SimpleData>
	</SchemaData></ExtendedData>
      <Point><coordinates>73.7912939,19.980648</coordinates></Point>
  </Placemark>
  <Placemark id="shopping_and_retail.175">
	<name>Celebration Point indira nagar nashik</name>
	<ExtendedData><SchemaData schemaUrl="#shopping_and_retail">
		<SimpleData name="Category">home_goods_store</SimpleData>
		<SimpleData name="Address">4 floor, Roongta shopping hub, 4089, Kamod Nagar, Indira Nagar, Nashik, Maharashtra 422010, India</SimpleData>
		<SimpleData name="Latitude">19.9786405</SimpleData>
		<SimpleData name="Longitude">73.7797886</SimpleData>
		<SimpleData name="Rating">4.9</SimpleData>
		<SimpleData name="Place_ID">ChIJL9lxFW3r3TsR0zzpT7VO9Cg</SimpleData>
		<SimpleData name="Distance_m">733</SimpleData>
		<SimpleData name="Source_File">Nashik_Indira_Nagar_establishments.xlsx</SimpleData>
	</SchemaData></ExtendedData>
      <Point><coordinates>73.7797886,19.9786405</coordinates></Point>
  </Placemark>
  <Placemark id="shopping_and_retail.176">
	<name>Quality Enterprises house hold items crockery's gift and much more</name>
	<ExtendedData><SchemaData schemaUrl="#shopping_and_retail">
		<SimpleData name="Category">home_goods_store</SimpleData>
		<SimpleData name="Address">Rahnuma School, Wadala Rd, Rehnuma Nagar, Nashik, Maharashtra 422006, India</SimpleData>
		<SimpleData name="Latitude">19.9824264</SimpleData>
		<SimpleData name="Longitude">73.7926602</SimpleData>
		<SimpleData name="Rating">5</SimpleData>
		<SimpleData name="Place_ID">ChIJv7yCn7br3TsRuol7-AbHP8A</SimpleData>
		<SimpleData name="Distance_m">2361</SimpleData>
		<SimpleData name="Source_File">Nashik_Wadala_Road_establishments.xlsx</SimpleData>
	</SchemaData></ExtendedData>
      <Point><coordinates>73.7926602,19.9824264</coordinates></Point>
  </Placemark>
  <Placemark id="shopping_and_retail.177">
	<name>Discount Bazar Nashik</name>
	<ExtendedData><SchemaData schemaUrl="#shopping_and_retail">
		<SimpleData name="Category">shopping_mall</SimpleData>
		<SimpleData name="Address">Shop No 4, Adarsh One society, Ashoka Marg, near Jalsa Lawns, Jaydeep Nagar, Mamta Nagar, Kalpataru Nagar, Nashik, Maharashtra 422006, India</SimpleData>
		<SimpleData name="Latitude">19.9808708</SimpleData>
		<SimpleData name="Longitude">73.7945783</SimpleData>
		<SimpleData name="Rating">4.9</SimpleData>
		<SimpleData name="Place_ID">ChIJdXVCwvXr3TsRoUexmaxouow</SimpleData>
		<SimpleData name="Distance_m">1695</SimpleData>
		<SimpleData name="Source_File">Nashik_Hanuman_Nagar_establishments.xlsx</SimpleData>
	</SchemaData></ExtendedData>
      <Point><coordinates>73.7945783,19.9808708</coordinates></Point>
  </Placemark>
  <Placemark id="shopping_and_retail.178">
	<name>Roongta Shopping Hub</name>
	<ExtendedData><SchemaData schemaUrl="#shopping_and_retail">
		<SimpleData name="Category">shopping_mall</SimpleData>
		<SimpleData name="Address">6106, Kamod Nagar, Indira Nagar, Nashik, Maharashtra 422009, India</SimpleData>
		<SimpleData name="Latitude">19.9785022</SimpleData>
		<SimpleData name="Longitude">73.7794961</SimpleData>
		<SimpleData name="Rating">4.5</SimpleData>
		<SimpleData name="Place_ID">ChIJyZ0GDjzr3TsRWbupqkzeWJg</SimpleData>
		<SimpleData name="Distance_m">727</SimpleData>
		<SimpleData name="Source_File">Nashik_Indira_Nagar_establishments.xlsx</SimpleData>
	</SchemaData></ExtendedData>
      <Point><coordinates>73.7794961,19.9785022</coordinates></Point>
  </Placemark>
  <Placemark id="shopping_and_retail.179">
	<name>Krishna Beauty Centre</name>
	<ExtendedData><SchemaData schemaUrl="#shopping_and_retail">
		<SimpleData name="Category">shopping_mall</SimpleData>
		<SimpleData name="Address">Gajanan Maharaj Mandir Rd, State Bank Colony, Indira Nagar, Nashik, Maharashtra 422009, India</SimpleData>
		<SimpleData name="Latitude">19.9770963</SimpleData>
		<SimpleData name="Longitude">73.7819039</SimpleData>
		<SimpleData name="Rating">5</SimpleData>
		<SimpleData name="Place_ID">ChIJD8j1RTvr3TsR9TgNBSvBoP4</SimpleData>
		<SimpleData name="Distance_m">534</SimpleData>
		<SimpleData name="Source_File">Nashik_Indira_Nagar_establishments.xlsx</SimpleData>
	</SchemaData></ExtendedData>
      <Point><coordinates>73.7819039,19.9770963</coordinates></Point>
  </Placemark>
  <Placemark id="shopping_and_retail.180">
	<name>Karda Highstreet Shopping Center and Hari Aangan</name>
	<ExtendedData><SchemaData schemaUrl="#shopping_and_retail">
		<SimpleData name="Category">shopping_mall</SimpleData>
		<SimpleData name="Address">Hari Aangan, Ashoka Marg, opp. Ashoka Universal School, Rehnuma Nagar, Nashik, Maharashtra 422011, India</SimpleData>
		<SimpleData name="Latitude">19.9810552</SimpleData>
		<SimpleData name="Longitude">73.7937676</SimpleData>
		<SimpleData name="Rating">3.6</SimpleData>
		<SimpleData name="Place_ID">ChIJWXNA-7Dr3TsR8BkmVa_rkQ8</SimpleData>
		<SimpleData name="Distance_m">2276</SimpleData>
		<SimpleData name="Source_File">Nashik_Wadala_Road_establishments.xlsx</SimpleData>
	</SchemaData></ExtendedData>
      <Point><coordinates>73.7937676,19.9810552</coordinates></Point>
  </Placemark>
  <Placemark id="shopping_and_retail.181">
	<name>Shrinath SuperMarket</name>
	<ExtendedData><SchemaData schemaUrl="#shopping_and_retail">
		<SimpleData name="Category">store</SimpleData>
		<SimpleData name="Address">Shop No.1/2/3, Build No.1, Sai Sanjivani, near Saibaba Temple, Bodhale Nagar, Srinivas Colony, Uttara Nagar, Nashik, Maharashtra 422011, India</SimpleData>
		<SimpleData name="Latitude">19.9839711</SimpleData>
		<SimpleData name="Longitude">73.8077152</SimpleData>
		<SimpleData name="Rating">5</SimpleData>
		<SimpleData name="Place_ID">ChIJubWMtKDr3TsRzs6a3agCiIM</SimpleData>
		<SimpleData name="Distance_m">1098</SimpleData>
		<SimpleData name="Source_File">Nashik_Dwarka_establishments.xlsx</SimpleData>
	</SchemaData></ExtendedData>
      <Point><coordinates>73.8077152,19.9839711</coordinates></Point>
  </Placemark>
  <Placemark id="shopping_and_retail.182">
	<name>Yogesh Traders</name>
	<ExtendedData><SchemaData schemaUrl="#shopping_and_retail">
		<SimpleData name="Category">store</SimpleData>
		<SimpleData name="Address">XQMJ+GPH, Mumbai Naka, Govind Nagar, Nashik, Maharashtra 422009, India</SimpleData>
		<SimpleData name="Latitude">19.9838233</SimpleData>
		<SimpleData name="Longitude">73.7818586</SimpleData>
		<SimpleData name="Rating">4.6</SimpleData>
		<SimpleData name="Place_ID">ChIJ1-JgtxDr3TsRc00cCMlRoMo</SimpleData>
		<SimpleData name="Distance_m">518</SimpleData>
		<SimpleData name="Source_File">Nashik_Mumbai_Naka_establishments.xlsx</SimpleData>
	</SchemaData></ExtendedData>
      <Point><coordinates>73.7818586,19.9838233</coordinates></Point>
  </Placemark>
  <Placemark id="shopping_and_retail.183">
	<name>Ram Bandhu Super Market</name>
	<ExtendedData><SchemaData schemaUrl="#shopping_and_retail">
		<SimpleData name="Category">supermarket</SimpleData>
		<SimpleData name="Address">ANUSHREE RESIDENCY SHOP NO 1 NEAR ASHOKA SCHOOL PAKHAL ROAD, Ashoka Marg, Kalpataru Nagar, Nashik, Maharashtra 422011, India</SimpleData>
		<SimpleData name="Latitude">19.9799375</SimpleData>
		<SimpleData name="Longitude">73.7971719</SimpleData>
		<SimpleData name="Rating">4</SimpleData>
		<SimpleData name="Place_ID">ChIJ8YQRvKLr3TsRIl_IZu8T6ac</SimpleData>
		<SimpleData name="Distance_m">1904</SimpleData>
		<SimpleData name="Source_File">Nashik_Hanuman_Nagar_establishments.xlsx</SimpleData>
	</SchemaData></ExtendedData>
      <Point><coordinates>73.7971719,19.9799375</coordinates></Point>
  </Placemark>
  <Placemark id="shopping_and_retail.184">
	<name>METRO Wholesale Nashik, Maharashtra</name>
	<ExtendedData><SchemaData schemaUrl="#shopping_and_retail">
		<SimpleData name="Category">wholesaler</SimpleData>
		<SimpleData name="Address">Survey No. 844, Pune Mumbai, XRM4+6J4, Nashik Expressway, off Tapovan Road, Bodhale Nagar, RTO Colony, Nashik, Maharashtra 422011, India</SimpleData>
		<SimpleData name="Latitude">19.9829797</SimpleData>
		<SimpleData name="Longitude">73.8097868</SimpleData>
		<SimpleData name="Rating">3.8</SimpleData>
		<SimpleData name="Place_ID">ChIJ48PXlKPr3TsRaUS5COQWAWY</SimpleData>
		<SimpleData name="Distance_m">1293</SimpleData>
		<SimpleData name="Source_File">Nashik_Dwarka_establishments.xlsx</SimpleData>
	</SchemaData></ExtendedData>
      <Point><coordinates>73.8097868,19.9829797</coordinates></Point>
  </Placemark>
  <Placemark id="shopping_and_retail.185">
	<name>PeethMart ( Flour Mart )</name>
	<ExtendedData><SchemaData schemaUrl="#shopping_and_retail">
		<SimpleData name="Category">wholesaler</SimpleData>
		<SimpleData name="Address">Shop no.6, Saeesh Apartment, near Jogging Track, State Bank Colony, Indira Nagar, Nashik, Maharashtra 422009, India</SimpleData>
		<SimpleData name="Latitude">19.9779119</SimpleData>
		<SimpleData name="Longitude">73.7816577</SimpleData>
		<SimpleData name="Rating">4.6</SimpleData>
		<SimpleData name="Place_ID">ChIJd2CGcPXr3TsRRHDfW3CPME4</SimpleData>
		<SimpleData name="Distance_m">624</SimpleData>
		<SimpleData name="Source_File">Nashik_Indira_Nagar_establishments.xlsx</SimpleData>
	</SchemaData></ExtendedData>
      <Point><coordinates>73.7816577,19.9779119</coordinates></Point>
  </Placemark>
  <Placemark id="shopping_and_retail.186">
	<name>SIYARAM HOSIERY</name>
	<ExtendedData><SchemaData schemaUrl="#shopping_and_retail">
		<SimpleData name="Category">wholesaler</SimpleData>
		<SimpleData name="Address">Shop No. 2095, Roongta Shopping Hub, 2nd Floor, A-wing Near Indiranagar Jogging Track, Agra - Mumbai Hwy, Tunnel, Indira Nagar, Nashik, Maharashtra 422009, India</SimpleData>
		<SimpleData name="Latitude">19.9784509</SimpleData>
		<SimpleData name="Longitude">73.7795916</SimpleData>
		<SimpleData name="Rating">4.9</SimpleData>
		<SimpleData name="Place_ID">ChIJw6q6_fjr3TsR4KeS_fFIedc</SimpleData>
		<SimpleData name="Distance_m">719</SimpleData>
		<SimpleData name="Source_File">Nashik_Indira_Nagar_establishments.xlsx</SimpleData>
	</SchemaData></ExtendedData>
      <Point><coordinates>73.7795916,19.9784509</coordinates></Point>
  </Placemark>
  <Placemark id="shopping_and_retail.187">
	<name>Isha Vegetables</name>
	<ExtendedData><SchemaData schemaUrl="#shopping_and_retail">
		<SimpleData name="Category">wholesaler</SimpleData>
		<SimpleData name="Address">6th floor office no 6018, Roongta Shopping Hub, Underpass, Indira Nagar, Nashik, Maharashtra 422009, India</SimpleData>
		<SimpleData name="Latitude">19.9781729</SimpleData>
		<SimpleData name="Longitude">73.7792264</SimpleData>
		<SimpleData name="Rating">4.8</SimpleData>
		<SimpleData name="Place_ID">ChIJh6kKPlfr3TsRVY0MC54qg2U</SimpleData>
		<SimpleData name="Distance_m">702</SimpleData>
		<SimpleData name="Source_File">Nashik_Indira_Nagar_establishments.xlsx</SimpleData>
	</SchemaData></ExtendedData>
      <Point><coordinates>73.7792264,19.9781729</coordinates></Point>
  </Placemark>
  <Placemark id="shopping_and_retail.188">
	<name>Imaad Trading Company</name>
	<ExtendedData><SchemaData schemaUrl="#shopping_and_retail">
		<SimpleData name="Category">wholesaler</SimpleData>
		<SimpleData name="Address">Shop3,millat nagar, Wadala Rd, Jaydeep Nagar, Mamta Nagar, Kalpataru Nagar, Nashik, Maharashtra 422006, India</SimpleData>
		<SimpleData name="Latitude">19.9786876</SimpleData>
		<SimpleData name="Longitude">73.7927541</SimpleData>
		<SimpleData name="Place_ID">ChIJO1EdVdPr3TsR08tkWFRanh4</SimpleData>
		<SimpleData name="Distance_m">2448</SimpleData>
		<SimpleData name="Source_File">Nashik_Wadala_Road_establishments.xlsx</SimpleData>
	</SchemaData></ExtendedData>
      <Point><coordinates>73.7927541,19.9786876</coordinates></Point>
  </Placemark>
  <Placemark id="shopping_and_retail.189">
	<name>Mahavir Provision Stores</name>
	<ExtendedData><SchemaData schemaUrl="#shopping_and_retail">
		<SimpleData name="Category">general_store</SimpleData>
		<SimpleData name="Address">4, Citi Arcade, Jail Rd, Krishna Colony, Nashik Road, Nashik, Maharashtra 422101, India</SimpleData>
		<SimpleData name="Latitude">19.9716447</SimpleData>
		<SimpleData name="Longitude">73.8402469</SimpleData>
		<SimpleData name="Rating">4.3</SimpleData>
		<SimpleData name="Place_ID">ChIJv9RW3Kfq3TsRHsvP3Lg9BQU</SimpleData>
		<SimpleData name="Distance_m">1808</SimpleData>
		<SimpleData name="Source_File">Nashik_Nashik_Road_establishments.xlsx</SimpleData>
	</SchemaData></ExtendedData>
      <Point><coordinates>73.8402469,19.9716447</coordinates></Point>
  </Placemark>
  <Placemark id="shopping_and_retail.190">
	<name>Mahavir Super Market</name>
	<ExtendedData><SchemaData schemaUrl="#shopping_and_retail">
		<SimpleData name="Category">grocery_store</SimpleData>
		<SimpleData name="Address">Shop No.1 Galaxy Pride Appt, Ingle Nagar, Jailraod, Nashik Road, Nashik, Maharashtra 422101, India</SimpleData>
		<SimpleData name="Latitude">19.9718085</SimpleData>
		<SimpleData name="Longitude">73.8402798</SimpleData>
		<SimpleData name="Rating">4.3</SimpleData>
		<SimpleData name="Place_ID">ChIJRdNVQXrr3TsR2ycDSKl_7Zg</SimpleData>
		<SimpleData name="Distance_m">1810</SimpleData>
		<SimpleData name="Source_File">Nashik_Nashik_Road_establishments.xlsx</SimpleData>
	</SchemaData></ExtendedData>
      <Point><coordinates>73.8402798,19.9718085</coordinates></Point>
  </Placemark>
  <Placemark id="shopping_and_retail.191">
	<name>Aashapuri Super Market</name>
	<ExtendedData><SchemaData schemaUrl="#shopping_and_retail">
		<SimpleData name="Category">grocery_store</SimpleData>
		<SimpleData name="Address">Jail Road Rajrajeshwari Chowk, XRJX+773, Trimurti Nagar Rd, Nashik Road, Nashik, Maharashtra 422101, India</SimpleData>
		<SimpleData name="Latitude">19.980641</SimpleData>
		<SimpleData name="Longitude">73.848164</SimpleData>
		<SimpleData name="Rating">4.3</SimpleData>
		<SimpleData name="Place_ID">ChIJXygA1hjA3TsR7PaCGb93Uj0</SimpleData>
		<SimpleData name="Distance_m">2767</SimpleData>
		<SimpleData name="Source_File">Nashik_Nashik_Road_establishments.xlsx</SimpleData>
	</SchemaData></ExtendedData>
      <Point><coordinates>73.848164,19.980641</coordinates></Point>
  </Placemark>
  <Placemark id="shopping_and_retail.192">
	<name>Arihant Superbazar</name>
	<ExtendedData><SchemaData schemaUrl="#shopping_and_retail">
		<SimpleData name="Category">supermarket</SimpleData>
		<SimpleData name="Address">XRCR+R4, Jail Rd, Krishna Colony, Nashik Road, Nashik, Maharashtra 422101, India</SimpleData>
		<SimpleData name="Latitude">19.9720625</SimpleData>
		<SimpleData name="Longitude">73.8403125</SimpleData>
		<SimpleData name="Rating">4.1</SimpleData>
		<SimpleData name="Place_ID">ChIJ63mwuLjr3TsRmuRQOW5IKqQ</SimpleData>
		<SimpleData name="Distance_m">1812</SimpleData>
		<SimpleData name="Source_File">Nashik_Nashik_Road_establishments.xlsx</SimpleData>
	</SchemaData></ExtendedData>
      <Point><coordinates>73.8403125,19.9720625</coordinates></Point>
  </Placemark>
  <Placemark id="shopping_and_retail.193">
	<name>Mahalaxmi Kirana Stores</name>
	<ExtendedData><SchemaData schemaUrl="#shopping_and_retail">
		<SimpleData name="Category">asian_grocery_store</SimpleData>
		<SimpleData name="Address">Shop no 2, Sushant Apt, Ramdas Swami Nagar Lane, 1, Takli Rd, Nashik Road, Nashik, Maharashtra 422006, India</SimpleData>
		<SimpleData name="Latitude">19.9765553</SimpleData>
		<SimpleData name="Longitude">73.8190927</SimpleData>
		<SimpleData name="Rating">4.4</SimpleData>
		<SimpleData name="Place_ID">ChIJ_-inRtjr3TsRDTrQai7p9mI</SimpleData>
		<SimpleData name="Distance_m">576</SimpleData>
		<SimpleData name="Source_File">Nashik_Nashik_Road_establishments.xlsx</SimpleData>
	</SchemaData></ExtendedData>
      <Point><coordinates>73.8190927,19.9765553</coordinates></Point>
  </Placemark>
  <Placemark id="shopping_and_retail.194">
	<name>SM SUPER SHOPPE</name>
	<ExtendedData><SchemaData schemaUrl="#shopping_and_retail">
		<SimpleData name="Category">grocery_store</SimpleData>
		<SimpleData name="Address">Shop No.1, Kathe Ln, Akshar Estate, Baghbanpura, Nashik, Maharashtra 422011, India</SimpleData>
		<SimpleData name="Latitude">19.9890596</SimpleData>
		<SimpleData name="Longitude">73.8067047</SimpleData>
		<SimpleData name="Rating">2.4</SimpleData>
		<SimpleData name="Place_ID">ChIJ99oKiO_q3TsRToolFtJeA18</SimpleData>
		<SimpleData name="Distance_m">548</SimpleData>
		<SimpleData name="Source_File">Nashik_Dwarka_establishments.xlsx</SimpleData>
	</SchemaData></ExtendedData>
      <Point><coordinates>73.8067047,19.9890596</coordinates></Point>
  </Placemark>
  <Placemark id="shopping_and_retail.195">
	<name>Gandhi Nagar Sabji Mandi</name>
	<ExtendedData><SchemaData schemaUrl="#shopping_and_retail">
		<SimpleData name="Category">grocery_store</SimpleData>
		<SimpleData name="Address">XRG8+83J, Gandhinagar, Gandhinagar Colony, Nashik, Maharashtra 422006, India</SimpleData>
		<SimpleData name="Latitude">19.975825</SimpleData>
		<SimpleData name="Longitude">73.815128</SimpleData>
		<SimpleData name="Rating">4</SimpleData>
		<SimpleData name="Place_ID">ChIJQ4FEIcHq3TsRsmjJ8rZY4QE</SimpleData>
		<SimpleData name="Distance_m">2262</SimpleData>
		<SimpleData name="Source_File">Nashik_Dwarka_establishments.xlsx</SimpleData>
	</SchemaData></ExtendedData>
      <Point><coordinates>73.815128,19.975825</coordinates></Point>
  </Placemark>
  <Placemark id="shopping_and_retail.196">
	<name>R S SUPER MARKET</name>
	<ExtendedData><SchemaData schemaUrl="#shopping_and_retail">
		<SimpleData name="Category">grocery_store</SimpleData>
		<SimpleData name="Address">Shop No 3, Shiv Satyam Appt, Matoshri Nagar, Upnagar, Nashik, Maharashtra 422006, India</SimpleData>
		<SimpleData name="Latitude">19.9719689</SimpleData>
		<SimpleData name="Longitude">73.8200579</SimpleData>
		<SimpleData name="Rating">5</SimpleData>
		<SimpleData name="Place_ID">ChIJQZCDW7jq3TsRAAAAMGGUEhA</SimpleData>
		<SimpleData name="Distance_m">324</SimpleData>
		<SimpleData name="Source_File">Nashik_Nashik_Road_establishments.xlsx</SimpleData>
	</SchemaData></ExtendedData>
      <Point><coordinates>73.8200579,19.9719689</coordinates></Point>
  </Placemark>
  <Placemark id="shopping_and_retail.197">
	<name>Reliance Digital Mobiles</name>
	<ExtendedData><SchemaData schemaUrl="#shopping_and_retail">
		<SimpleData name="Category">store</SimpleData>
		<SimpleData name="Address">Shop No 1, Kajal Apartments, Wadala Pathardi Road, next to Bapu Bunglow, Indira Nagar, Nashik Road, Nashik, Maharashtra 422009, India</SimpleData>
		<SimpleData name="Latitude">19.9728791</SimpleData>
		<SimpleData name="Longitude">73.8218737</SimpleData>
		<SimpleData name="Rating">4.2</SimpleData>
		<SimpleData name="Place_ID">ChIJCXpnz97r3TsRlGgze9yyh10</SimpleData>
		<SimpleData name="Distance_m">1586</SimpleData>
		<SimpleData name="Source_File">Nashik_Wadala_Road_establishments.xlsx</SimpleData>
	</SchemaData></ExtendedData>
      <Point><coordinates>73.8218737,19.9728791</coordinates></Point>
  </Placemark>
  <Placemark id="shopping_and_retail.198">
	<name>Brahmani Krupa Super Market</name>
	<ExtendedData><SchemaData schemaUrl="#shopping_and_retail">
		<SimpleData name="Category">supermarket</SimpleData>
		<SimpleData name="Address">Shop No.1,2, Yashvant Arcade, Kathe Ln, Kathe Nagar, Dwarka, Nashik, Maharashtra 422011, India</SimpleData>
		<SimpleData name="Latitude">19.989373</SimpleData>
		<SimpleData name="Longitude">73.806522</SimpleData>
		<SimpleData name="Rating">3.8</SimpleData>
		<SimpleData name="Place_ID">ChIJ5XwiYuXq3TsRCNaUKPt_qDo</SimpleData>
		<SimpleData name="Distance_m">509</SimpleData>
		<SimpleData name="Source_File">Nashik_Dwarka_establishments.xlsx</SimpleData>
	</SchemaData></ExtendedData>
      <Point><coordinates>73.806522,19.989373</coordinates></Point>
  </Placemark>
  <Placemark id="shopping_and_retail.199">
	<name>Shree Ram Corner</name>
	<ExtendedData><SchemaData schemaUrl="#shopping_and_retail">
		<SimpleData name="Category">supermarket</SimpleData>
		<SimpleData name="Address">Shop No.3, Gajjar Apatment, Takli Rd, Shantipark, Upnagar, Nashik, Maharashtra 422006, India</SimpleData>
		<SimpleData name="Latitude">19.9712779</SimpleData>
		<SimpleData name="Longitude">73.818556</SimpleData>
		<SimpleData name="Rating">4.7</SimpleData>
		<SimpleData name="Place_ID">ChIJ8fCgd7jq3TsR-SJRg0zwkuk</SimpleData>
		<SimpleData name="Distance_m">498</SimpleData>
		<SimpleData name="Source_File">Nashik_Nashik_Road_establishments.xlsx</SimpleData>
	</SchemaData></ExtendedData>
      <Point><coordinates>73.818556,19.9712779</coordinates></Point>
  </Placemark>
  <Placemark id="shopping_and_retail.200">
	<name>Kankariya Supermarket</name>
	<ExtendedData><SchemaData schemaUrl="#shopping_and_retail">
		<SimpleData name="Category">asian_grocery_store</SimpleData>
		<SimpleData name="Address">Trimurti chowk-ITI Link Road Shivshakti Chowk, Cidco, New Nashik, Durganagar, Nashik, Maharashtra 422008, India</SimpleData>
		<SimpleData name="Latitude">19.9840896</SimpleData>
		<SimpleData name="Longitude">73.7539968</SimpleData>
		<SimpleData name="Rating">4.3</SimpleData>
		<SimpleData name="Place_ID">ChIJ6XT9Rcrr3TsRJ_yq__Yk50Q</SimpleData>
		<SimpleData name="Distance_m">1487</SimpleData>
		<SimpleData name="Source_File">Nashik_Ambad_establishments.xlsx</SimpleData>
	</SchemaData></ExtendedData>
      <Point><coordinates>73.7539968,19.9840896</coordinates></Point>
  </Placemark>
  <Placemark id="shopping_and_retail.201">
	<name>Cidco nashik</name>
	<ExtendedData><SchemaData schemaUrl="#shopping_and_retail">
		<SimpleData name="Category">association_or_organization</SimpleData>
		<SimpleData name="Address">XQM4+J4P, Trimurti Chowk, Cidco, Durganagar, Nashik, Maharashtra 422008, India</SimpleData>
		<SimpleData name="Latitude">19.9840804</SimpleData>
		<SimpleData name="Longitude">73.7553243</SimpleData>
		<SimpleData name="Rating">4.4</SimpleData>
		<SimpleData name="Place_ID">ChIJ15XVRwDr3TsR--iJb_4EgV0</SimpleData>
		<SimpleData name="Distance_m">1333</SimpleData>
		<SimpleData name="Source_File">Nashik_CIDCO_establishments.xlsx</SimpleData>
	</SchemaData></ExtendedData>
      <Point><coordinates>73.7553243,19.9840804</coordinates></Point>
  </Placemark>
  <Placemark id="shopping_and_retail.202">
	<name>OWND! Ambad Road, Nashik</name>
	<ExtendedData><SchemaData schemaUrl="#shopping_and_retail">
		<SimpleData name="Category">clothing_store</SimpleData>
		<SimpleData name="Address">Trimurti Chowk, Malpani Central, Ambad Road, nearby Divya Cinemas, Savata Nagar, Nashik, Maharashtra 422008, India</SimpleData>
		<SimpleData name="Latitude">19.9803188</SimpleData>
		<SimpleData name="Longitude">73.7554008</SimpleData>
		<SimpleData name="Rating">4.7</SimpleData>
		<SimpleData name="Place_ID">ChIJMVjgohLr3TsRD4cW0SmgK-4</SimpleData>
		<SimpleData name="Distance_m">1243</SimpleData>
		<SimpleData name="Source_File">Nashik_Ambad_establishments.xlsx</SimpleData>
	</SchemaData></ExtendedData>
      <Point><coordinates>73.7554008,19.9803188</coordinates></Point>
  </Placemark>
  <Placemark id="shopping_and_retail.203">
	<name>DRAVENYX STORE</name>
	<ExtendedData><SchemaData schemaUrl="#shopping_and_retail">
		<SimpleData name="Category">clothing_store</SimpleData>
		<SimpleData name="Address">N-41-VC-2/10/14, Ashtavinayak Chow, Savta Nagar, Cidco, Nashik, Maharashtra 422008, India</SimpleData>
		<SimpleData name="Latitude">19.9813532</SimpleData>
		<SimpleData name="Longitude">73.7591717</SimpleData>
		<SimpleData name="Place_ID">ChIJN-B3c-fr3TsRycRQMVS8HKg</SimpleData>
		<SimpleData name="Distance_m">1043</SimpleData>
		<SimpleData name="Source_File">Nashik_CIDCO_establishments.xlsx</SimpleData>
	</SchemaData></ExtendedData>
      <Point><coordinates>73.7591717,19.9813532</coordinates></Point>
  </Placemark>
  <Placemark id="shopping_and_retail.204">
	<name>Reliance Digital Select</name>
	<ExtendedData><SchemaData schemaUrl="#shopping_and_retail">
		<SimpleData name="Category">electronics_store</SimpleData>
		<SimpleData name="Address">Shop No. 12 13, Purab Pachhim Complex, Laxmi Nagar, Trimurti Chowk, Nashik, Maharashtra 422008, India</SimpleData>
		<SimpleData name="Latitude">19.9840026</SimpleData>
		<SimpleData name="Longitude">73.7566387</SimpleData>
		<SimpleData name="Rating">4</SimpleData>
		<SimpleData name="Place_ID">ChIJZ9FR-NXr3TsRvAc6PqGwXIQ</SimpleData>
		<SimpleData name="Distance_m">1313</SimpleData>
		<SimpleData name="Source_File">Nashik_CIDCO_establishments.xlsx</SimpleData>
	</SchemaData></ExtendedData>
      <Point><coordinates>73.7566387,19.9840026</coordinates></Point>
  </Placemark>
  <Placemark id="shopping_and_retail.205">
	<name>MONI GIFTS WHOLESALE MALL</name>
	<ExtendedData><SchemaData schemaUrl="#shopping_and_retail">
		<SimpleData name="Category">general_store</SimpleData>
		<SimpleData name="Address">N-42, AC-2/3/8, Pavan Nagar Rd, Saptashrungi Chowk, Cidco, Pawan Nagar, Nashik, Maharashtra 422008, India</SimpleData>
		<SimpleData name="Latitude">19.976245</SimpleData>
		<SimpleData name="Longitude">73.7585749</SimpleData>
		<SimpleData name="Place_ID">ChIJ4SY526zr3TsROnRAsg35WSs</SimpleData>
		<SimpleData name="Distance_m">479</SimpleData>
		<SimpleData name="Source_File">Nashik_CIDCO_establishments.xlsx</SimpleData>
	</SchemaData></ExtendedData>
      <Point><coordinates>73.7585749,19.976245</coordinates></Point>
  </Placemark>
  <Placemark id="shopping_and_retail.206">
	<name>Shree Provision</name>
	<ExtendedData><SchemaData schemaUrl="#shopping_and_retail">
		<SimpleData name="Category">grocery_store</SimpleData>
		<SimpleData name="Address">shop. No. 15&amp; 16, Suresh Bapu Plaza, ITI Ambad, link road, near viswas co-opp Bank, Near Vishwas Bank, Khutawad Nagar, Nashik, Maharashtra 422008, India</SimpleData>
		<SimpleData name="Latitude">19.9840511</SimpleData>
		<SimpleData name="Longitude">73.7488352</SimpleData>
		<SimpleData name="Rating">3.9</SimpleData>
		<SimpleData name="Place_ID">ChIJPwq9lmLr3TsRygQdruypGQI</SimpleData>
		<SimpleData name="Distance_m">1300</SimpleData>
		<SimpleData name="Source_File">Nashik_Ambad_establishments.xlsx</SimpleData>
	</SchemaData></ExtendedData>
      <Point><coordinates>73.7488352,19.9840511</coordinates></Point>
  </Placemark>
  <Placemark id="shopping_and_retail.207">
	<name>Purva Paschim Plaza</name>
	<ExtendedData><SchemaData schemaUrl="#shopping_and_retail">
		<SimpleData name="Category">shopping_mall</SimpleData>
		<SimpleData name="Address">134, Ambad-Trimurti Chowk Link Rd, New Cidco, Trimurti Chowk, Savata Nagar, Nashik, Maharashtra 422008, India</SimpleData>
		<SimpleData name="Latitude">19.981491</SimpleData>
		<SimpleData name="Longitude">73.7565927</SimpleData>
		<SimpleData name="Rating">3.8</SimpleData>
		<SimpleData name="Place_ID">ChIJ5fkpLmTr3TsRGQzQdbTYSz0</SimpleData>
		<SimpleData name="Distance_m">1034</SimpleData>
		<SimpleData name="Source_File">Nashik_CIDCO_establishments.xlsx</SimpleData>
	</SchemaData></ExtendedData>
      <Point><coordinates>73.7565927,19.981491</coordinates></Point>
  </Placemark>
  <Placemark id="shopping_and_retail.208">
	<name>Sony Traders</name>
	<ExtendedData><SchemaData schemaUrl="#shopping_and_retail">
		<SimpleData name="Category">supermarket</SimpleData>
		<SimpleData name="Address">Shivshakti Chowk, XQP3+VC9, New Nashik, Cidco, Nashik, Maharashtra 422008, India</SimpleData>
		<SimpleData name="Latitude">19.987157</SimpleData>
		<SimpleData name="Longitude">73.753625</SimpleData>
		<SimpleData name="Rating">3.9</SimpleData>
		<SimpleData name="Place_ID">ChIJHad8qHzr3TsR-gaoEZ8eIPA</SimpleData>
		<SimpleData name="Distance_m">1700</SimpleData>
		<SimpleData name="Source_File">Nashik_CIDCO_establishments.xlsx</SimpleData>
	</SchemaData></ExtendedData>
      <Point><coordinates>73.753625,19.987157</coordinates></Point>
  </Placemark>
  <Placemark id="shopping_and_retail.209">
	<name>K-CITY MALL</name>
	<ExtendedData><SchemaData schemaUrl="#shopping_and_retail">
		<SimpleData name="Category">clothing_store</SimpleData>
		<SimpleData name="Address">XQR7+HJR, Forest Colony, Parijat Nagar, Nashik, Maharashtra 422002, India</SimpleData>
		<SimpleData name="Latitude">19.9916099</SimpleData>
		<SimpleData name="Longitude">73.7641148</SimpleData>
		<SimpleData name="Rating">3.8</SimpleData>
		<SimpleData name="Place_ID">ChIJq8QQIs3r3TsRob_ff3uuoFE</SimpleData>
		<SimpleData name="Distance_m">2784</SimpleData>
		<SimpleData name="Source_File">Nashik_Ambad_establishments.xlsx</SimpleData>
	</SchemaData></ExtendedData>
      <Point><coordinates>73.7641148,19.9916099</coordinates></Point>
  </Placemark>
  <Placemark id="shopping_and_retail.210">
	<name>Reliance Centro Nashik City Centre Mall</name>
	<ExtendedData><SchemaData schemaUrl="#shopping_and_retail">
		<SimpleData name="Category">clothing_store</SimpleData>
		<SimpleData name="Address">Center Mall, Lawate Nagar, Lavate Nager, Parijat Nagar, Nashik, Maharashtra 422002, India</SimpleData>
		<SimpleData name="Latitude">19.9906338</SimpleData>
		<SimpleData name="Longitude">73.7618082</SimpleData>
		<SimpleData name="Rating">2.9</SimpleData>
		<SimpleData name="Place_ID">ChIJ_yQWijTr3TsRrOtDNihrbJY</SimpleData>
		<SimpleData name="Distance_m">2548</SimpleData>
		<SimpleData name="Source_File">Nashik_Ambad_establishments.xlsx</SimpleData>
	</SchemaData></ExtendedData>
      <Point><coordinates>73.7618082,19.9906338</coordinates></Point>
  </Placemark>
  <Placemark id="shopping_and_retail.211">
	<name>Unlimited Fashion Store - City Center Mall, Nashik</name>
	<ExtendedData><SchemaData schemaUrl="#shopping_and_retail">
		<SimpleData name="Category">clothing_store</SimpleData>
		<SimpleData name="Address">MFS 9-10, 1st Floor &amp; MFS 7 To 13, 2nd Floor, Nasik City Centre Mall FP No 529 TPS-II, Untwadi Rd, Lavate Nagar, Lavate Nager, Parijat Nagar, Nashik, Maharashtra 422002, India</SimpleData>
		<SimpleData name="Latitude">19.990651</SimpleData>
		<SimpleData name="Longitude">73.762321</SimpleData>
		<SimpleData name="Rating">4.7</SimpleData>
		<SimpleData name="Place_ID">ChIJ8ZzagtPr3TsR55QssTzu8Mk</SimpleData>
		<SimpleData name="Distance_m">2778</SimpleData>
		<SimpleData name="Source_File">Nashik_Hanuman_Nagar_establishments.xlsx</SimpleData>
	</SchemaData></ExtendedData>
      <Point><coordinates>73.762321,19.990651</coordinates></Point>
  </Placemark>
  <Placemark id="shopping_and_retail.212">
	<name>Zudio - Shree Kalika Plaza, Nashik</name>
	<ExtendedData><SchemaData schemaUrl="#shopping_and_retail">
		<SimpleData name="Category">clothing_store</SimpleData>
		<SimpleData name="Address">Old Agra Rd, opposite Kalika Mandir, Shingada Talav, Mumbai Naka, Renuka Nagar, Nashik, Maharashtra 422002, India</SimpleData>
		<SimpleData name="Latitude">19.9915289</SimpleData>
		<SimpleData name="Longitude">73.7834488</SimpleData>
		<SimpleData name="Rating">4</SimpleData>
		<SimpleData name="Place_ID">ChIJAfqazMvr3TsRncQ5UreezGc</SimpleData>
		<SimpleData name="Distance_m">3362</SimpleData>
		<SimpleData name="Source_File">Nashik_Wadala_Road_establishments.xlsx</SimpleData>
	</SchemaData></ExtendedData>
      <Point><coordinates>73.7834488,19.9915289</coordinates></Point>
  </Placemark>
  <Placemark id="shopping_and_retail.213">
	<name>Reliance Digital</name>
	<ExtendedData><SchemaData schemaUrl="#shopping_and_retail">
		<SimpleData name="Category">electronics_store</SimpleData>
		<SimpleData name="Address">Unit No LFS 2, LGF, City Centre Lawate Nagar, Untwadi, Lavate Nager, Parijat Nagar, Nashik, Maharashtra 422008, India</SimpleData>
		<SimpleData name="Latitude">19.9907862</SimpleData>
		<SimpleData name="Longitude">73.7622162</SimpleData>
		<SimpleData name="Rating">4.8</SimpleData>
		<SimpleData name="Place_ID">ChIJt-jhkXDr3TsRUX1o2rA3-k4</SimpleData>
		<SimpleData name="Distance_m">2137</SimpleData>
		<SimpleData name="Source_File">Nashik_CIDCO_establishments.xlsx</SimpleData>
	</SchemaData></ExtendedData>
      <Point><coordinates>73.7622162,19.9907862</coordinates></Point>
  </Placemark>
  <Placemark id="shopping_and_retail.214">
	<name>The organic farmers market Nashik</name>
	<ExtendedData><SchemaData schemaUrl="#shopping_and_retail">
		<SimpleData name="Category">grocery_store</SimpleData>
		<SimpleData name="Address">Adarsh Institute Campus,Datta wadi, behind Sopan Hospital, Mumbai Naka, Matoshree Nagar, Nashik, Maharashtra 422002, India</SimpleData>
		<SimpleData name="Latitude">19.9906077</SimpleData>
		<SimpleData name="Longitude">73.7789289</SimpleData>
		<SimpleData name="Rating">4.2</SimpleData>
		<SimpleData name="Place_ID">ChIJAzIbuGrr3TsRKKOP-ulJGkE</SimpleData>
		<SimpleData name="Distance_m">2387</SimpleData>
		<SimpleData name="Source_File">Nashik_College_Road_establishments.xlsx</SimpleData>
	</SchemaData></ExtendedData>
      <Point><coordinates>73.7789289,19.9906077</coordinates></Point>
  </Placemark>
  <Placemark id="shopping_and_retail.215">
	<name>Jay Chaundeshwari Kirana</name>
	<ExtendedData><SchemaData schemaUrl="#shopping_and_retail">
		<SimpleData name="Category">grocery_store</SimpleData>
		<SimpleData name="Address">Sandip Hotel Jay Chandeshwari Kirana, Mumbai Naka, Matoshree Nagar, Nashik, Maharashtra 422002, India</SimpleData>
		<SimpleData name="Latitude">19.9901247</SimpleData>
		<SimpleData name="Longitude">73.7820866</SimpleData>
		<SimpleData name="Rating">5</SimpleData>
		<SimpleData name="Place_ID">ChIJaTaYEBvr3TsRoDGwpxbIusQ</SimpleData>
		<SimpleData name="Distance_m">376</SimpleData>
		<SimpleData name="Source_File">Nashik_Mumbai_Naka_establishments.xlsx</SimpleData>
	</SchemaData></ExtendedData>
      <Point><coordinates>73.7820866,19.9901247</coordinates></Point>
  </Placemark>
  <Placemark id="shopping_and_retail.216">
	<name>Reliance SMART Bazaar</name>
	<ExtendedData><SchemaData schemaUrl="#shopping_and_retail">
		<SimpleData name="Category">hypermarket</SimpleData>
		<SimpleData name="Address">Unit No LFS 1, City Center Mall, Untwadi Rd, Lawate Nagar, Parijat Nagar, Nashik, Maharashtra 422002, India</SimpleData>
		<SimpleData name="Latitude">19.990683</SimpleData>
		<SimpleData name="Longitude">73.7608724</SimpleData>
		<SimpleData name="Rating">4.1</SimpleData>
		<SimpleData name="Place_ID">ChIJvZM3FQnr3TsR13V6as-I8po</SimpleData>
		<SimpleData name="Distance_m">2494</SimpleData>
		<SimpleData name="Source_File">Nashik_Ambad_establishments.xlsx</SimpleData>
	</SchemaData></ExtendedData>
      <Point><coordinates>73.7608724,19.990683</coordinates></Point>
  </Placemark>
  <Placemark id="shopping_and_retail.217">
	<name>PVR Cinemax City Center Nashik</name>
	<ExtendedData><SchemaData schemaUrl="#shopping_and_retail">
		<SimpleData name="Category">movie_theater</SimpleData>
		<SimpleData name="Address">Plot No.177 to 133, 3rd Floor, City Centre Mall, Untwadi Rd, Lavate Nagar, Lavate Nager, Parijat Nagar, Nashik, Maharashtra 422002, India</SimpleData>
		<SimpleData name="Latitude">19.9906389</SimpleData>
		<SimpleData name="Longitude">73.7612981</SimpleData>
		<SimpleData name="Rating">4.2</SimpleData>
		<SimpleData name="Place_ID">ChIJ45hc73Dr3TsRo0RBtqvCCtQ</SimpleData>
		<SimpleData name="Distance_m">2516</SimpleData>
		<SimpleData name="Source_File">Nashik_Ambad_establishments.xlsx</SimpleData>
	</SchemaData></ExtendedData>
      <Point><coordinates>73.7612981,19.9906389</coordinates></Point>
  </Placemark>
  <Placemark id="shopping_and_retail.218">
	<name>Bhartiya Chaha Party Cafe outlet</name>
	<ExtendedData><SchemaData schemaUrl="#shopping_and_retail">
		<SimpleData name="Category">service</SimpleData>
		<SimpleData name="Address">Opposite to gokul hotel, Box park turf, Mumbai Naka, Matoshree Nagar, Nashik, Maharashtra 422002, India</SimpleData>
		<SimpleData name="Latitude">19.9901013</SimpleData>
		<SimpleData name="Longitude">73.7818823</SimpleData>
		<SimpleData name="Rating">4.8</SimpleData>
		<SimpleData name="Place_ID">ChIJJ8AFY5_r3TsRuEG1VNJDFck</SimpleData>
		<SimpleData name="Distance_m">390</SimpleData>
		<SimpleData name="Source_File">Nashik_Mumbai_Naka_establishments.xlsx</SimpleData>
	</SchemaData></ExtendedData>
      <Point><coordinates>73.7818823,19.9901013</coordinates></Point>
  </Placemark>
  <Placemark id="shopping_and_retail.219">
	<name>Nashik City Centre Mall</name>
	<ExtendedData><SchemaData schemaUrl="#shopping_and_retail">
		<SimpleData name="Category">shopping_mall</SimpleData>
		<SimpleData name="Address">Untwadi Rd, Lavate Nagar, Parijat Nagar, Nashik, Maharashtra 422002, India</SimpleData>
		<SimpleData name="Latitude">19.9905761</SimpleData>
		<SimpleData name="Longitude">73.762124</SimpleData>
		<SimpleData name="Rating">4.3</SimpleData>
		<SimpleData name="Place_ID">ChIJ-_-PFHLs3TsReXGWx7avrSo</SimpleData>
		<SimpleData name="Distance_m">2563</SimpleData>
		<SimpleData name="Source_File">Nashik_Ambad_establishments.xlsx</SimpleData>
	</SchemaData></ExtendedData>
      <Point><coordinates>73.762124,19.9905761</coordinates></Point>
  </Placemark>
  <Placemark id="shopping_and_retail.220">
	<name>Bhargav Business Center</name>
	<ExtendedData><SchemaData schemaUrl="#shopping_and_retail">
		<SimpleData name="Category">shopping_mall</SimpleData>
		<SimpleData name="Address">Mumbai Naka, Gaikwad Nagar, Nashik, Maharashtra 422002, India</SimpleData>
		<SimpleData name="Latitude">19.9886951</SimpleData>
		<SimpleData name="Longitude">73.7820172</SimpleData>
		<SimpleData name="Rating">3.5</SimpleData>
		<SimpleData name="Place_ID">ChIJDZ0lHBDr3TsRXQPi-oWJmts</SimpleData>
		<SimpleData name="Distance_m">292</SimpleData>
		<SimpleData name="Source_File">Nashik_Mumbai_Naka_establishments.xlsx</SimpleData>
	</SchemaData></ExtendedData>
      <Point><coordinates>73.7820172,19.9886951</coordinates></Point>
  </Placemark>
  <Placemark id="shopping_and_retail.221">
	<name>BestBasket Supermarket (Nashik)</name>
	<ExtendedData><SchemaData schemaUrl="#shopping_and_retail">
		<SimpleData name="Category">supermarket</SimpleData>
		<SimpleData name="Address">City center Mall Road, RD Circle, Shop No-2, Artis Apartment, Karmayogi Nagar, Sadguru Nagar, Nashik, Maharashtra 422008, India</SimpleData>
		<SimpleData name="Latitude">19.9870453</SimpleData>
		<SimpleData name="Longitude">73.7699254</SimpleData>
		<SimpleData name="Rating">4.9</SimpleData>
		<SimpleData name="Place_ID">ChIJ2bhGk0jr3TsRmh2QiXWtZ4U</SimpleData>
		<SimpleData name="Distance_m">2899</SimpleData>
		<SimpleData name="Source_File">Nashik_Ambad_establishments.xlsx</SimpleData>
	</SchemaData></ExtendedData>
      <Point><coordinates>73.7699254,19.9870453</coordinates></Point>
  </Placemark>
  <Placemark id="shopping_and_retail.222">
	<name>Rahul Hypermart</name>
	<ExtendedData><SchemaData schemaUrl="#shopping_and_retail">
		<SimpleData name="Category">supermarket</SimpleData>
		<SimpleData name="Address">12, Matoshree Nagar Colony Rd, Radha Vasudev Batavia Nagar, Matoshree Nagar, Nashik, Maharashtra 422009, India</SimpleData>
		<SimpleData name="Latitude">19.9848393</SimpleData>
		<SimpleData name="Longitude">73.7758418</SimpleData>
		<SimpleData name="Rating">3.9</SimpleData>
		<SimpleData name="Place_ID">ChIJ-UiIwBXr3TsR-ucGwHKppAE</SimpleData>
		<SimpleData name="Distance_m">1740</SimpleData>
		<SimpleData name="Source_File">Nashik_Hanuman_Nagar_establishments.xlsx</SimpleData>
	</SchemaData></ExtendedData>
      <Point><coordinates>73.7758418,19.9848393</coordinates></Point>
  </Placemark>
  <Placemark id="shopping_and_retail.223">
	<name>Wholesome Basket</name>
	<ExtendedData><SchemaData schemaUrl="#shopping_and_retail">
		<SimpleData name="Category">supermarket</SimpleData>
		<SimpleData name="Address">Shop no. 2, Kikabhai compound, Old Agra Rd, Shingada Talav, Mumbai Naka, Renuka Nagar, Nashik, Maharashtra 422002, India</SimpleData>
		<SimpleData name="Latitude">19.9917942</SimpleData>
		<SimpleData name="Longitude">73.7831158</SimpleData>
		<SimpleData name="Place_ID">ChIJy_M63LPr3TsRNjAY3mJDrz4</SimpleData>
		<SimpleData name="Distance_m">481</SimpleData>
		<SimpleData name="Source_File">Nashik_Mumbai_Naka_establishments.xlsx</SimpleData>
	</SchemaData></ExtendedData>
      <Point><coordinates>73.7831158,19.9917942</coordinates></Point>
  </Placemark>
  <Placemark id="shopping_and_retail.224">
	<name>Saifee Kirana Store</name>
	<ExtendedData><SchemaData schemaUrl="#shopping_and_retail">
		<SimpleData name="Category">asian_grocery_store</SimpleData>
		<SimpleData name="Address">Saif Apartments, Kathe Ln, opp. Ravindra School, Dwarka, Nashik, Maharashtra 422011, India</SimpleData>
		<SimpleData name="Latitude">19.9934429</SimpleData>
		<SimpleData name="Longitude">73.8021367</SimpleData>
		<SimpleData name="Rating">4.4</SimpleData>
		<SimpleData name="Place_ID">ChIJ5QWmaPvq3TsRwu4lsfLKSwQ</SimpleData>
		<SimpleData name="Distance_m">168</SimpleData>
		<SimpleData name="Source_File">Nashik_Dwarka_establishments.xlsx</SimpleData>
	</SchemaData></ExtendedData>
      <Point><coordinates>73.8021367,19.9934429</coordinates></Point>
  </Placemark>
  <Placemark id="shopping_and_retail.225">
	<name>Brand Bazar Discount Store</name>
	<ExtendedData><SchemaData schemaUrl="#shopping_and_retail">
		<SimpleData name="Category">building_materials_store</SimpleData>
		<SimpleData name="Address">Shop no 71, 72, Doodh Bazar Rd, near Nasim Shopping Center, Naikwadi Pura, Koknipura, Nashik, Maharashtra 422001, India</SimpleData>
		<SimpleData name="Latitude">19.9997122</SimpleData>
		<SimpleData name="Longitude">73.7901642</SimpleData>
		<SimpleData name="Rating">5</SimpleData>
		<SimpleData name="Place_ID">ChIJYXceZ9rr3TsRImM3YNekEoo</SimpleData>
		<SimpleData name="Distance_m">552</SimpleData>
		<SimpleData name="Source_File">Nashik_Hanuman_Nagar_establishments.xlsx</SimpleData>
	</SchemaData></ExtendedData>
      <Point><coordinates>73.7901642,19.9997122</coordinates></Point>
  </Placemark>
  <Placemark id="shopping_and_retail.226">
	<name>Mani Kerala Stores</name>
	<ExtendedData><SchemaData schemaUrl="#shopping_and_retail">
		<SimpleData name="Category">general_store</SimpleData>
		<SimpleData name="Address">Shop No.6 MS Khotari Schl, near famoushotel oppsite, Dwarka, Nashik, Maharashtra 422001, India</SimpleData>
		<SimpleData name="Latitude">19.9953244</SimpleData>
		<SimpleData name="Longitude">73.7986767</SimpleData>
		<SimpleData name="Rating">4.8</SimpleData>
		<SimpleData name="Place_ID">ChIJtQU_X7Pr3TsRtYaFPhNeONw</SimpleData>
		<SimpleData name="Distance_m">580</SimpleData>
		<SimpleData name="Source_File">Nashik_Dwarka_establishments.xlsx</SimpleData>
	</SchemaData></ExtendedData>
      <Point><coordinates>73.7986767,19.9953244</coordinates></Point>
  </Placemark>
  <Placemark id="shopping_and_retail.227">
	<name>SAMBHA AGRO FARMERS PRODUCER COMPANY LTD</name>
	<ExtendedData><SchemaData schemaUrl="#shopping_and_retail">
		<SimpleData name="Category">general_store</SimpleData>
		<SimpleData name="Address">Shop No 4 Nivrutti Complex, Dwarka, Nashik, Maharashtra 422001, India</SimpleData>
		<SimpleData name="Latitude">19.9965744</SimpleData>
		<SimpleData name="Longitude">73.8009594</SimpleData>
		<SimpleData name="Rating">4.4</SimpleData>
		<SimpleData name="Place_ID">ChIJwwu_c8fr3TsRAtNjcHx5j6w</SimpleData>
		<SimpleData name="Distance_m">481</SimpleData>
		<SimpleData name="Source_File">Nashik_Dwarka_establishments.xlsx</SimpleData>
	</SchemaData></ExtendedData>
      <Point><coordinates>73.8009594,19.9965744</coordinates></Point>
  </Placemark>
  <Placemark id="shopping_and_retail.228">
	<name>Shree Swami Samarth Trading mirchi sheth</name>
	<ExtendedData><SchemaData schemaUrl="#shopping_and_retail">
		<SimpleData name="Category">general_store</SimpleData>
		<SimpleData name="Address">Shop No 2, near Indi Italian, Dwarka, Nashik, Maharashtra 422011, India</SimpleData>
		<SimpleData name="Latitude">19.9883455</SimpleData>
		<SimpleData name="Longitude">73.8006428</SimpleData>
		<SimpleData name="Rating">4</SimpleData>
		<SimpleData name="Place_ID">ChIJKwyV2Lnr3TsRM9lYFKqL7os</SimpleData>
		<SimpleData name="Distance_m">618</SimpleData>
		<SimpleData name="Source_File">Nashik_Dwarka_establishments.xlsx</SimpleData>
	</SchemaData></ExtendedData>
      <Point><coordinates>73.8006428,19.9883455</coordinates></Point>
  </Placemark>
  <Placemark id="shopping_and_retail.229">
	<name>Bhavani Super Market</name>
	<ExtendedData><SchemaData schemaUrl="#shopping_and_retail">
		<SimpleData name="Category">general_store</SimpleData>
		<SimpleData name="Address">Kaut Ghat Rd, Bhabha Nagar, Mumbai Naka, Dr.Homi Bhabha Nagar, Nashik, Maharashtra 422011, India</SimpleData>
		<SimpleData name="Latitude">19.9878494</SimpleData>
		<SimpleData name="Longitude">73.7908513</SimpleData>
		<SimpleData name="Place_ID">ChIJDf5I6Rzr3TsRAAAAMNrr1B8</SimpleData>
		<SimpleData name="Distance_m">653</SimpleData>
		<SimpleData name="Source_File">Nashik_Mumbai_Naka_establishments.xlsx</SimpleData>
	</SchemaData></ExtendedData>
      <Point><coordinates>73.7908513,19.9878494</coordinates></Point>
  </Placemark>
  <Placemark id="shopping_and_retail.230">
	<name>Aisha Kirana And General Store</name>
	<ExtendedData><SchemaData schemaUrl="#shopping_and_retail">
		<SimpleData name="Category">general_store</SimpleData>
		<SimpleData name="Address">Shop No 09, Wadala Rd, Kazi Nagar, General Vaidya Nagar, Nashik, Maharashtra 422011, India</SimpleData>
		<SimpleData name="Latitude">19.9907228</SimpleData>
		<SimpleData name="Longitude">73.7938987</SimpleData>
		<SimpleData name="Rating">5</SimpleData>
		<SimpleData name="Place_ID">ChIJs6WDsALr3TsRoQ1uMqa8sZw</SimpleData>
		<SimpleData name="Distance_m">2277</SimpleData>
		<SimpleData name="Source_File">Nashik_Wadala_Road_establishments.xlsx</SimpleData>
	</SchemaData></ExtendedData>
      <Point><coordinates>73.7938987,19.9907228</coordinates></Point>
  </Placemark>
  <Placemark id="shopping_and_retail.231">
	<name>Neelam General And Stationery</name>
	<ExtendedData><SchemaData schemaUrl="#shopping_and_retail">
		<SimpleData name="Category">general_store</SimpleData>
		<SimpleData name="Address">Shop No 4, Wadala Rd, near Saydri Hospital Hirve Nagar, Dr.Homi Bhabha Nagar, Nashik, Maharashtra 422011, India</SimpleData>
		<SimpleData name="Latitude">19.9878428</SimpleData>
		<SimpleData name="Longitude">73.7916851</SimpleData>
		<SimpleData name="Rating">5</SimpleData>
		<SimpleData name="Place_ID">ChIJOxiWDx3r3TsRttoGZ93Gwqo</SimpleData>
		<SimpleData name="Distance_m">2449</SimpleData>
		<SimpleData name="Source_File">Nashik_Wadala_Road_establishments.xlsx</SimpleData>
	</SchemaData></ExtendedData>
      <Point><coordinates>73.7916851,19.9878428</coordinates></Point>
  </Placemark>
  <Placemark id="shopping_and_retail.232">
	<name>Patkaris Wholesale And Retail</name>
	<ExtendedData><SchemaData schemaUrl="#shopping_and_retail">
		<SimpleData name="Category">general_store</SimpleData>
		<SimpleData name="Address">XQRV+8F4, Wadala Rd, Kazi Nagar, General Vaidya Nagar, Nashik, Maharashtra 422011, India</SimpleData>
		<SimpleData name="Latitude">19.9907536</SimpleData>
		<SimpleData name="Longitude">73.7937033</SimpleData>
		<SimpleData name="Rating">5</SimpleData>
		<SimpleData name="Place_ID">ChIJMffxuQLr3TsRx8RsyTw7WlY</SimpleData>
		<SimpleData name="Distance_m">2298</SimpleData>
		<SimpleData name="Source_File">Nashik_Wadala_Road_establishments.xlsx</SimpleData>
	</SchemaData></ExtendedData>
      <Point><coordinates>73.7937033,19.9907536</coordinates></Point>
  </Placemark>
  <Placemark id="shopping_and_retail.233">
	<name>Ashapuri Kirana And Provision</name>
	<ExtendedData><SchemaData schemaUrl="#shopping_and_retail">
		<SimpleData name="Category">grocery_store</SimpleData>
		<SimpleData name="Address">XRV3+83C, Behind Hotel, Dwarka, Nashik, Maharashtra 422011, India</SimpleData>
		<SimpleData name="Latitude">19.9933029</SimpleData>
		<SimpleData name="Longitude">73.8026385</SimpleData>
		<SimpleData name="Rating">3.8</SimpleData>
		<SimpleData name="Place_ID">ChIJxenFDvvq3TsRZpwxhFOv_kM</SimpleData>
		<SimpleData name="Distance_m">113</SimpleData>
		<SimpleData name="Source_File">Nashik_Dwarka_establishments.xlsx</SimpleData>
	</SchemaData></ExtendedData>
      <Point><coordinates>73.8026385,19.9933029</coordinates></Point>
  </Placemark>
  <Placemark id="shopping_and_retail.234">
	<name>ANMOL SWEET &amp; PROVISION STORES</name>
	<ExtendedData><SchemaData schemaUrl="#shopping_and_retail">
		<SimpleData name="Category">grocery_store</SimpleData>
		<SimpleData name="Address">Jagir Complex, Kathe Ln, Maneksha Nagar, Dwarka, Nashik, Maharashtra 422011, India</SimpleData>
		<SimpleData name="Latitude">19.9908519</SimpleData>
		<SimpleData name="Longitude">73.7997902</SimpleData>
		<SimpleData name="Rating">3.6</SimpleData>
		<SimpleData name="Place_ID">ChIJAaTls_zq3TsRZciHVBkX1Vg</SimpleData>
		<SimpleData name="Distance_m">479</SimpleData>
		<SimpleData name="Source_File">Nashik_Dwarka_establishments.xlsx</SimpleData>
	</SchemaData></ExtendedData>
      <Point><coordinates>73.7997902,19.9908519</coordinates></Point>
  </Placemark>
  <Placemark id="shopping_and_retail.235">
	<name>Susneh provision</name>
	<ExtendedData><SchemaData schemaUrl="#shopping_and_retail">
		<SimpleData name="Category">grocery_store</SimpleData>
		<SimpleData name="Address">Balaji appartment, Maneksha Nagar, Dwarka, Nashik, Maharashtra 422011, India</SimpleData>
		<SimpleData name="Latitude">19.9919978</SimpleData>
		<SimpleData name="Longitude">73.8007726</SimpleData>
		<SimpleData name="Rating">4.5</SimpleData>
		<SimpleData name="Place_ID">ChIJM7vtHRXr3TsR9N_pqv4ujfk</SimpleData>
		<SimpleData name="Distance_m">330</SimpleData>
		<SimpleData name="Source_File">Nashik_Dwarka_establishments.xlsx</SimpleData>
	</SchemaData></ExtendedData>
      <Point><coordinates>73.8007726,19.9919978</coordinates></Point>
  </Placemark>
  <Placemark id="shopping_and_retail.236">
	<name>Shree Ram Vijay Kirana Center</name>
	<ExtendedData><SchemaData schemaUrl="#shopping_and_retail">
		<SimpleData name="Category">grocery_store</SimpleData>
		<SimpleData name="Address">Shop No. 20,21, Jagir Complex, Kathe Ln, Kathe Galli Corner, Kathe Galli Signal, Dwarka, Nashik, Maharashtra 422011, India</SimpleData>
		<SimpleData name="Latitude">19.9905134</SimpleData>
		<SimpleData name="Longitude">73.7999999</SimpleData>
		<SimpleData name="Rating">3.3</SimpleData>
		<SimpleData name="Place_ID">ChIJCYmZUuPq3TsRmAYMnrjFYBM</SimpleData>
		<SimpleData name="Distance_m">482</SimpleData>
		<SimpleData name="Source_File">Nashik_Dwarka_establishments.xlsx</SimpleData>
	</SchemaData></ExtendedData>
      <Point><coordinates>73.7999999,19.9905134</coordinates></Point>
  </Placemark>
  <Placemark id="shopping_and_retail.237">
	<name>Parfact Fruit Mandi</name>
	<ExtendedData><SchemaData schemaUrl="#shopping_and_retail">
		<SimpleData name="Category">grocery_store</SimpleData>
		<SimpleData name="Address">XQXR+CQ2, Old Nashik, niligiri, Nashik, Maharashtra 422001, India</SimpleData>
		<SimpleData name="Latitude">19.998516</SimpleData>
		<SimpleData name="Longitude">73.7918955</SimpleData>
		<SimpleData name="Rating">4.1</SimpleData>
		<SimpleData name="Place_ID">ChIJFXQu3Ifq3TsRplX_zLivzyU</SimpleData>
		<SimpleData name="Distance_m">1373</SimpleData>
		<SimpleData name="Source_File">Nashik_Dwarka_establishments.xlsx</SimpleData>
	</SchemaData></ExtendedData>
      <Point><coordinates>73.7918955,19.998516</coordinates></Point>
  </Placemark>
  <Placemark id="shopping_and_retail.238">
	<name>Satyam Kirana Stores</name>
	<ExtendedData><SchemaData schemaUrl="#shopping_and_retail">
		<SimpleData name="Category">grocery_store</SimpleData>
		<SimpleData name="Address">Shop No. 4, Gurudwara Mandir, Sai Manzil Apartment, Gurudwara Road, Shingada Talav, Mumbai Naka, Renuka Nagar, Nashik, Maharashtra 422001, India</SimpleData>
		<SimpleData name="Latitude">19.9914147</SimpleData>
		<SimpleData name="Longitude">73.7846458</SimpleData>
		<SimpleData name="Rating">4.1</SimpleData>
		<SimpleData name="Place_ID">ChIJqwg_DQXr3TsR9Ovn4MMsmu0</SimpleData>
		<SimpleData name="Distance_m">567</SimpleData>
		<SimpleData name="Source_File">Nashik_Hanuman_Nagar_establishments.xlsx</SimpleData>
	</SchemaData></ExtendedData>
      <Point><coordinates>73.7846458,19.9914147</coordinates></Point>
  </Placemark>
  <Placemark id="shopping_and_retail.239">
	<name>New City Mart</name>
	<ExtendedData><SchemaData schemaUrl="#shopping_and_retail">
		<SimpleData name="Category">grocery_store</SimpleData>
		<SimpleData name="Address">Hirve nagar, Wadala Rd, Dr.Homi Bhabha Nagar, Nashik, Maharashtra 422011, India</SimpleData>
		<SimpleData name="Latitude">19.9875989</SimpleData>
		<SimpleData name="Longitude">73.7925517</SimpleData>
		<SimpleData name="Rating">5</SimpleData>
		<SimpleData name="Place_ID">ChIJ997fj8vr3TsR6y7jaFHGMAQ</SimpleData>
		<SimpleData name="Distance_m">831</SimpleData>
		<SimpleData name="Source_File">Nashik_Mumbai_Naka_establishments.xlsx</SimpleData>
	</SchemaData></ExtendedData>
      <Point><coordinates>73.7925517,19.9875989</coordinates></Point>
  </Placemark>
  <Placemark id="shopping_and_retail.240">
	<name>Classic Super Market</name>
	<ExtendedData><SchemaData schemaUrl="#shopping_and_retail">
		<SimpleData name="Category">grocery_store</SimpleData>
		<SimpleData name="Address">XQRV+57W, Wadala - Pathardi Rd, Mirajkar Nagar, Dr.Homi Bhabha Nagar, Nashik, Maharashtra 422011, India</SimpleData>
		<SimpleData name="Latitude">19.9904797</SimpleData>
		<SimpleData name="Longitude">73.7932027</SimpleData>
		<SimpleData name="Rating">4.3</SimpleData>
		<SimpleData name="Place_ID">ChIJxwnLafXr3TsRIPOcBWs2tCw</SimpleData>
		<SimpleData name="Distance_m">951</SimpleData>
		<SimpleData name="Source_File">Nashik_Mumbai_Naka_establishments.xlsx</SimpleData>
	</SchemaData></ExtendedData>
      <Point><coordinates>73.7932027,19.9904797</coordinates></Point>
  </Placemark>
  <Placemark id="shopping_and_retail.241">
	<name>HHI- Happy Health India (Nasik)</name>
	<ExtendedData><SchemaData schemaUrl="#shopping_and_retail">
		<SimpleData name="Category">grocery_store</SimpleData>
		<SimpleData name="Address">Shop No.5, Devang Sankul, Wadala Rd, opp. Sahyadri Hospital, Near Dwarka, Mirajkar Nagar, Dr.Homi Bhabha Nagar, Nashik, Maharashtra 422011, India</SimpleData>
		<SimpleData name="Latitude">19.9890303</SimpleData>
		<SimpleData name="Longitude">73.792721</SimpleData>
		<SimpleData name="Rating">5</SimpleData>
		<SimpleData name="Place_ID">ChIJHXm2JM_r3TsRJuFvpqHftu0</SimpleData>
		<SimpleData name="Distance_m">2359</SimpleData>
		<SimpleData name="Source_File">Nashik_Wadala_Road_establishments.xlsx</SimpleData>
	</SchemaData></ExtendedData>
      <Point><coordinates>73.792721,19.9890303</coordinates></Point>
  </Placemark>
  <Placemark id="shopping_and_retail.242">
	<name>Bhadrakali Vegetable Market</name>
	<ExtendedData><SchemaData schemaUrl="#shopping_and_retail">
		<SimpleData name="Category">market</SimpleData>
		<SimpleData name="Address">85, Main Rd, opp. Sant Gadge Maharaj Statue, Bhadrakali, Shalimar, Nashik, Maharashtra 422001, India</SimpleData>
		<SimpleData name="Latitude">20.0014029</SimpleData>
		<SimpleData name="Longitude">73.7896813</SimpleData>
		<SimpleData name="Rating">3.8</SimpleData>
		<SimpleData name="Place_ID">ChIJ6-EsBqrr3TsRVCclLBl3jAM</SimpleData>
		<SimpleData name="Distance_m">2834</SimpleData>
		<SimpleData name="Source_File">Nashik_College_Road_establishments.xlsx</SimpleData>
	</SchemaData></ExtendedData>
      <Point><coordinates>73.7896813,20.0014029</coordinates></Point>
  </Placemark>
  <Placemark id="shopping_and_retail.243">
	<name>Kapote Meher Market</name>
	<ExtendedData><SchemaData schemaUrl="#shopping_and_retail">
		<SimpleData name="Category">market</SimpleData>
		<SimpleData name="Address">XQVV+CFC, Near Dwarka, Wadala Naka, Dwarka, Nashik, Maharashtra 422001, India</SimpleData>
		<SimpleData name="Latitude">19.993564</SimpleData>
		<SimpleData name="Longitude">73.7936299</SimpleData>
		<SimpleData name="Rating">3.7</SimpleData>
		<SimpleData name="Place_ID">ChIJRZw7ZgLr3TsRtxb_WZJ-uM4</SimpleData>
		<SimpleData name="Distance_m">1054</SimpleData>
		<SimpleData name="Source_File">Nashik_Dwarka_establishments.xlsx</SimpleData>
	</SchemaData></ExtendedData>
      <Point><coordinates>73.7936299,19.993564</coordinates></Point>
  </Placemark>
  <Placemark id="shopping_and_retail.244">
	<name>Roongta Central Park</name>
	<ExtendedData><SchemaData schemaUrl="#shopping_and_retail">
		<SimpleData name="Category">market</SimpleData>
		<SimpleData name="Address">Nanvali road opp arco transport Roongta Central Park, XRX2+56J, Dwarka, Nashik, Maharashtra 422001, India</SimpleData>
		<SimpleData name="Latitude">19.9979903</SimpleData>
		<SimpleData name="Longitude">73.8003625</SimpleData>
		<SimpleData name="Rating">4</SimpleData>
		<SimpleData name="Place_ID">ChIJ-2FENcjr3TsRjBITWd0rehc</SimpleData>
		<SimpleData name="Distance_m">646</SimpleData>
		<SimpleData name="Source_File">Nashik_Dwarka_establishments.xlsx</SimpleData>
	</SchemaData></ExtendedData>
      <Point><coordinates>73.8003625,19.9979903</coordinates></Point>
  </Placemark>
  <Placemark id="shopping_and_retail.245">
	<name>Street Fish Market</name>
	<ExtendedData><SchemaData schemaUrl="#shopping_and_retail">
		<SimpleData name="Category">market</SimpleData>
		<SimpleData name="Address">XQXQ+3P7, Lokhand Bazar, Gotane Wada, Nashik, Maharashtra 422001, India</SimpleData>
		<SimpleData name="Latitude">19.9976633</SimpleData>
		<SimpleData name="Longitude">73.7892953</SimpleData>
		<SimpleData name="Rating">3.9</SimpleData>
		<SimpleData name="Place_ID">ChIJI6HcLQHr3TsRx5ZtsGq9fBs</SimpleData>
		<SimpleData name="Distance_m">1588</SimpleData>
		<SimpleData name="Source_File">Nashik_Dwarka_establishments.xlsx</SimpleData>
	</SchemaData></ExtendedData>
      <Point><coordinates>73.7892953,19.9976633</coordinates></Point>
  </Placemark>
  <Placemark id="shopping_and_retail.246">
	<name>Phule Market</name>
	<ExtendedData><SchemaData schemaUrl="#shopping_and_retail">
		<SimpleData name="Category">market</SimpleData>
		<SimpleData name="Address">XQXQ+8W5, Falke Rd, Lokhand Bazar, Koknipura, Nashik, Maharashtra 422001, India</SimpleData>
		<SimpleData name="Latitude">19.998271</SimpleData>
		<SimpleData name="Longitude">73.789851</SimpleData>
		<SimpleData name="Rating">3.9</SimpleData>
		<SimpleData name="Place_ID">ChIJbfqaJwHr3TsRxVY-aX33zwk</SimpleData>
		<SimpleData name="Distance_m">390</SimpleData>
		<SimpleData name="Source_File">Nashik_Hanuman_Nagar_establishments.xlsx</SimpleData>
	</SchemaData></ExtendedData>
      <Point><coordinates>73.789851,19.998271</coordinates></Point>
  </Placemark>
  <Placemark id="shopping_and_retail.247">
	<name>Shree Jogeshwari Trading Company</name>
	<ExtendedData><SchemaData schemaUrl="#shopping_and_retail">
		<SimpleData name="Category">market</SimpleData>
		<SimpleData name="Address">Flat No 5 Yashodhara Housing Society Opp Rotary Club Hall, 60 Feet Rd, near Jain Mandir, Ganjmal, Nashik, Maharashtra 422001, India</SimpleData>
		<SimpleData name="Latitude">19.9950616</SimpleData>
		<SimpleData name="Longitude">73.7872538</SimpleData>
		<SimpleData name="Rating">4.8</SimpleData>
		<SimpleData name="Place_ID">ChIJ7bszX97r3TsRkkAqsCwKA4w</SimpleData>
		<SimpleData name="Distance_m">864</SimpleData>
		<SimpleData name="Source_File">Nashik_Mumbai_Naka_establishments.xlsx</SimpleData>
	</SchemaData></ExtendedData>
      <Point><coordinates>73.7872538,19.9950616</coordinates></Point>
  </Placemark>
  <Placemark id="shopping_and_retail.248">
	<name>Sabji mandi</name>
	<ExtendedData><SchemaData schemaUrl="#shopping_and_retail">
		<SimpleData name="Category">market</SimpleData>
		<SimpleData name="Address">Gala No. 97, Bhadrakali, Koknipura, Nashik, Maharashtra 422001, India</SimpleData>
		<SimpleData name="Latitude">20.0014191</SimpleData>
		<SimpleData name="Longitude">73.7897329</SimpleData>
		<SimpleData name="Place_ID">ChIJQ-LmYgDr3TsRn6Diw8W87S4</SimpleData>
		<SimpleData name="Distance_m">1582</SimpleData>
		<SimpleData name="Source_File">Nashik_Sharanpur_Road_establishments.xlsx</SimpleData>
	</SchemaData></ExtendedData>
      <Point><coordinates>73.7897329,20.0014191</coordinates></Point>
  </Placemark>
  <Placemark id="shopping_and_retail.249">
	<name>Macchiwala - The Hygienic Fish Store, Bhabha Nagar, Nasik (Fish Mall)</name>
	<ExtendedData><SchemaData schemaUrl="#shopping_and_retail">
		<SimpleData name="Category">ranch</SimpleData>
		<SimpleData name="Address">Shop no. 2/3, Apartment, Paradise Glory, Bhabha Nagar Rd, beside Maharashtra Darbar Restaurant, near Sahyadri Hospital, Mirajkar Nagar, Dr.Homi Bhabha Nagar, Nashik, Maharashtra 422011, India</SimpleData>
		<SimpleData name="Latitude">19.9884992</SimpleData>
		<SimpleData name="Longitude">73.792209</SimpleData>
		<SimpleData name="Rating">4.1</SimpleData>
		<SimpleData name="Place_ID">ChIJ8WNFc_jr3TsRHYe-fZgkUHE</SimpleData>
		<SimpleData name="Distance_m">2403</SimpleData>
		<SimpleData name="Source_File">Nashik_Wadala_Road_establishments.xlsx</SimpleData>
	</SchemaData></ExtendedData>
      <Point><coordinates>73.792209,19.9884992</coordinates></Point>
  </Placemark>
  <Placemark id="shopping_and_retail.250">
	<name>Master Mall</name>
	<ExtendedData><SchemaData schemaUrl="#shopping_and_retail">
		<SimpleData name="Category">service</SimpleData>
		<SimpleData name="Address">60 Feet Rd, behind Sona Shopping Centre, Ganjmal, Nashik, Maharashtra 422001, India</SimpleData>
		<SimpleData name="Latitude">19.9970521</SimpleData>
		<SimpleData name="Longitude">73.7879703</SimpleData>
		<SimpleData name="Rating">4</SimpleData>
		<SimpleData name="Place_ID">ChIJgSXn5gbr3TsRf4eVcCsuFFA</SimpleData>
		<SimpleData name="Distance_m">1701</SimpleData>
		<SimpleData name="Source_File">Nashik_Dwarka_establishments.xlsx</SimpleData>
	</SchemaData></ExtendedData>
      <Point><coordinates>73.7879703,19.9970521</coordinates></Point>
  </Placemark>
  <Placemark id="shopping_and_retail.251">
	<name>Reliance resQ Service Center - K V Enterprises Vanraj Housing Society B</name>
	<ExtendedData><SchemaData schemaUrl="#shopping_and_retail">
		<SimpleData name="Category">service</SimpleData>
		<SimpleData name="Address">K V Enterprises Vanraj Housing Society B, Bunglow No.1, Ravindra Hay School Road, Kathe Galli - Mumbai Naka link Rd, Maneksha Nagar, Dwarka, Nashik, Maharashtra 422011, India</SimpleData>
		<SimpleData name="Latitude">19.9942169</SimpleData>
		<SimpleData name="Longitude">73.8013166</SimpleData>
		<SimpleData name="Rating">4.5</SimpleData>
		<SimpleData name="Place_ID">ChIJvfxI6YXr3TsROWYQ00K6tGA</SimpleData>
		<SimpleData name="Distance_m">1721</SimpleData>
		<SimpleData name="Source_File">Nashik_Wadala_Road_establishments.xlsx</SimpleData>
	</SchemaData></ExtendedData>
      <Point><coordinates>73.8013166,19.9942169</coordinates></Point>
  </Placemark>
  <Placemark id="shopping_and_retail.252">
	<name>RK�S Green Auto</name>
	<ExtendedData><SchemaData schemaUrl="#shopping_and_retail">
		<SimpleData name="Category">shopping_mall</SimpleData>
		<SimpleData name="Address">Near Kathegalli Signal, behind Camel House, Dwarka, Nashik, Maharashtra 422011, India</SimpleData>
		<SimpleData name="Latitude">19.9901819</SimpleData>
		<SimpleData name="Longitude">73.7986286</SimpleData>
		<SimpleData name="Rating">5</SimpleData>
		<SimpleData name="Place_ID">ChIJUbGvPMbr3TsR4o_qtaakcog</SimpleData>
		<SimpleData name="Distance_m">621</SimpleData>
		<SimpleData name="Source_File">Nashik_Dwarka_establishments.xlsx</SimpleData>
	</SchemaData></ExtendedData>
      <Point><coordinates>73.7986286,19.9901819</coordinates></Point>
  </Placemark>
  <Placemark id="shopping_and_retail.253">
	<name>Janki Plaza</name>
	<ExtendedData><SchemaData schemaUrl="#shopping_and_retail">
		<SimpleData name="Category">shopping_mall</SimpleData>
		<SimpleData name="Address">XQRW+XWG, Near Dwarka, Dr.Homi Bhabha Nagar, Nashik, Maharashtra 422011, India</SimpleData>
		<SimpleData name="Latitude">19.9924382</SimpleData>
		<SimpleData name="Longitude">73.7973332</SimpleData>
		<SimpleData name="Rating">3.5</SimpleData>
		<SimpleData name="Place_ID">ChIJgYo_G_3q3TsR6XJrkU0cceY</SimpleData>
		<SimpleData name="Distance_m">669</SimpleData>
		<SimpleData name="Source_File">Nashik_Dwarka_establishments.xlsx</SimpleData>
	</SchemaData></ExtendedData>
      <Point><coordinates>73.7973332,19.9924382</coordinates></Point>
  </Placemark>
  <Placemark id="shopping_and_retail.254">
	<name>Nishant Corporation</name>
	<ExtendedData><SchemaData schemaUrl="#shopping_and_retail">
		<SimpleData name="Category">shopping_mall</SimpleData>
		<SimpleData name="Address">XRV2+V2M, Maneksha Nagar, Dwarka, Nashik, Maharashtra 422001, India</SimpleData>
		<SimpleData name="Latitude">19.9947147</SimpleData>
		<SimpleData name="Longitude">73.7999407</SimpleData>
		<SimpleData name="Rating">4.4</SimpleData>
		<SimpleData name="Place_ID">ChIJ3ZdDbfzq3TsRyvA4W6MQaK0</SimpleData>
		<SimpleData name="Distance_m">432</SimpleData>
		<SimpleData name="Source_File">Nashik_Dwarka_establishments.xlsx</SimpleData>
	</SchemaData></ExtendedData>
      <Point><coordinates>73.7999407,19.9947147</coordinates></Point>
  </Placemark>
  <Placemark id="shopping_and_retail.255">
	<name>10, Meghdoot Shopping Center</name>
	<ExtendedData><SchemaData schemaUrl="#shopping_and_retail">
		<SimpleData name="Category">shopping_mall</SimpleData>
		<SimpleData name="Address">United Archade, 106, College Road, CBS, Shalimar, Nashik, Maharashtra 422001, India</SimpleData>
		<SimpleData name="Latitude">20.0013835</SimpleData>
		<SimpleData name="Longitude">73.7831279</SimpleData>
		<SimpleData name="Rating">3.8</SimpleData>
		<SimpleData name="Place_ID">ChIJLWc4_afr3TsRAM4rBTqIfc0</SimpleData>
		<SimpleData name="Distance_m">905</SimpleData>
		<SimpleData name="Source_File">Nashik_Hanuman_Nagar_establishments.xlsx</SimpleData>
	</SchemaData></ExtendedData>
      <Point><coordinates>73.7831279,20.0013835</coordinates></Point>
  </Placemark>
  <Placemark id="shopping_and_retail.256">
	<name>City Centre Complex</name>
	<ExtendedData><SchemaData schemaUrl="#shopping_and_retail">
		<SimpleData name="Category">shopping_mall</SimpleData>
		<SimpleData name="Address">XQVQ+GQ8, Pune Rd, Sarda Circle, Renuka Nagar, Nashik, Maharashtra 422001, India</SimpleData>
		<SimpleData name="Latitude">19.993783</SimpleData>
		<SimpleData name="Longitude">73.7894489</SimpleData>
		<SimpleData name="Rating">4</SimpleData>
		<SimpleData name="Place_ID">ChIJb9L1jAPr3TsRmzob0f1odwY</SimpleData>
		<SimpleData name="Distance_m">168</SimpleData>
		<SimpleData name="Source_File">Nashik_Hanuman_Nagar_establishments.xlsx</SimpleData>
	</SchemaData></ExtendedData>
      <Point><coordinates>73.7894489,19.993783</coordinates></Point>
  </Placemark>
  <Placemark id="shopping_and_retail.257">
	<name>Suyojit City Center</name>
	<ExtendedData><SchemaData schemaUrl="#shopping_and_retail">
		<SimpleData name="Category">shopping_mall</SimpleData>
		<SimpleData name="Address">Mumbai Naka, Renuka Nagar, Nashik, Maharashtra 422001, India</SimpleData>
		<SimpleData name="Latitude">19.9880511</SimpleData>
		<SimpleData name="Longitude">73.7840283</SimpleData>
		<SimpleData name="Rating">3.8</SimpleData>
		<SimpleData name="Place_ID">ChIJgQWduxrr3TsRV1UJf2yCmSY</SimpleData>
		<SimpleData name="Distance_m">71</SimpleData>
		<SimpleData name="Source_File">Nashik_Mumbai_Naka_establishments.xlsx</SimpleData>
	</SchemaData></ExtendedData>
      <Point><coordinates>73.7840283,19.9880511</coordinates></Point>
  </Placemark>
  <Placemark id="shopping_and_retail.258">
	<name>Shop Zone 365</name>
	<ExtendedData><SchemaData schemaUrl="#shopping_and_retail">
		<SimpleData name="Category">shopping_mall</SimpleData>
		<SimpleData name="Address">Presidency Tower, 201-203, Gadkari Chowk, Matoshree Nagar, Nashik, Maharashtra 422001, India</SimpleData>
		<SimpleData name="Latitude">19.9926647</SimpleData>
		<SimpleData name="Longitude">73.7826104</SimpleData>
		<SimpleData name="Rating">5</SimpleData>
		<SimpleData name="Place_ID">ChIJtcjksnDr3TsRjHH9aLvgQt8</SimpleData>
		<SimpleData name="Distance_m">590</SimpleData>
		<SimpleData name="Source_File">Nashik_Mumbai_Naka_establishments.xlsx</SimpleData>
	</SchemaData></ExtendedData>
      <Point><coordinates>73.7826104,19.9926647</coordinates></Point>
  </Placemark>
  <Placemark id="shopping_and_retail.259">
	<name>Paradise Business Plaza</name>
	<ExtendedData><SchemaData schemaUrl="#shopping_and_retail">
		<SimpleData name="Category">shopping_mall</SimpleData>
		<SimpleData name="Address">Survey 511/10, Plot 1, Wadala Rd, Mirajkar Nagar, Dr.Homi Bhabha Nagar, Nashik, Maharashtra 422011, India</SimpleData>
		<SimpleData name="Latitude">19.9898197</SimpleData>
		<SimpleData name="Longitude">73.7929076</SimpleData>
		<SimpleData name="Place_ID">ChIJ77oVEQDr3TsRA0Q4NZTdZHg</SimpleData>
		<SimpleData name="Distance_m">2356</SimpleData>
		<SimpleData name="Source_File">Nashik_Wadala_Road_establishments.xlsx</SimpleData>
	</SchemaData></ExtendedData>
      <Point><coordinates>73.7929076,19.9898197</coordinates></Point>
  </Placemark>
  <Placemark id="shopping_and_retail.260">
	<name>Paradise Plaza</name>
	<ExtendedData><SchemaData schemaUrl="#shopping_and_retail">
		<SimpleData name="Category">shopping_mall</SimpleData>
		<SimpleData name="Address">Shingada Talacre, Mirajkar Nagar, Renuka Nagar, Nashik, Maharashtra 422001, India</SimpleData>
		<SimpleData name="Latitude">19.9898769</SimpleData>
		<SimpleData name="Longitude">73.7929772</SimpleData>
		<SimpleData name="Rating">4.5</SimpleData>
		<SimpleData name="Place_ID">ChIJyS0fagTr3TsRFX4jpb3NbIU</SimpleData>
		<SimpleData name="Distance_m">2350</SimpleData>
		<SimpleData name="Source_File">Nashik_Wadala_Road_establishments.xlsx</SimpleData>
	</SchemaData></ExtendedData>
      <Point><coordinates>73.7929772,19.9898769</coordinates></Point>
  </Placemark>
  <Placemark id="shopping_and_retail.261">
	<name>City centre mall</name>
	<ExtendedData><SchemaData schemaUrl="#shopping_and_retail">
		<SimpleData name="Category">shopping_mall</SimpleData>
		<SimpleData name="Address">XQXR+P2W, Doodh Bazar, Naikwadi Pura, Koknipura, Nashik, Maharashtra 422001, India</SimpleData>
		<SimpleData name="Latitude">19.9993631</SimpleData>
		<SimpleData name="Longitude">73.7900803</SimpleData>
		<SimpleData name="Place_ID">ChIJMdUWDADr3TsRdaUK1qvBc2Q</SimpleData>
		<SimpleData name="Distance_m">3020</SimpleData>
		<SimpleData name="Source_File">Nashik_Wadala_Road_establishments.xlsx</SimpleData>
	</SchemaData></ExtendedData>
      <Point><coordinates>73.7900803,19.9993631</coordinates></Point>
  </Placemark>
  <Placemark id="shopping_and_retail.262">
	<name>Savitri Naturals</name>
	<ExtendedData><SchemaData schemaUrl="#shopping_and_retail">
		<SimpleData name="Category">store</SimpleData>
		<SimpleData name="Address">Shop No 1, Savitri Naturals, Pune Rd, near Poornima Bus Stop, Dwarka, Nashik, Maharashtra 422011, India</SimpleData>
		<SimpleData name="Latitude">19.9889841</SimpleData>
		<SimpleData name="Longitude">73.8000484</SimpleData>
		<SimpleData name="Rating">4.9</SimpleData>
		<SimpleData name="Place_ID">ChIJmUsu9_Dr3TsRhql2vNSIv68</SimpleData>
		<SimpleData name="Distance_m">596</SimpleData>
		<SimpleData name="Source_File">Nashik_Dwarka_establishments.xlsx</SimpleData>
	</SchemaData></ExtendedData>
      <Point><coordinates>73.8000484,19.9889841</coordinates></Point>
  </Placemark>
  <Placemark id="shopping_and_retail.263">
	<name>Sai Chinese</name>
	<ExtendedData><SchemaData schemaUrl="#shopping_and_retail">
		<SimpleData name="Category">store</SimpleData>
		<SimpleData name="Address">Kalika Mandir, Shingada Talav, Mumbai Naka, Matoshree Nagar, Nashik, Maharashtra 422001, India</SimpleData>
		<SimpleData name="Latitude">19.9910728</SimpleData>
		<SimpleData name="Longitude">73.7841434</SimpleData>
		<SimpleData name="Rating">2.3</SimpleData>
		<SimpleData name="Place_ID">ChIJS-fyOgHr3TsRY_yxEWfCBVQ</SimpleData>
		<SimpleData name="Distance_m">378</SimpleData>
		<SimpleData name="Source_File">Nashik_Mumbai_Naka_establishments.xlsx</SimpleData>
	</SchemaData></ExtendedData>
      <Point><coordinates>73.7841434,19.9910728</coordinates></Point>
  </Placemark>
  <Placemark id="shopping_and_retail.264">
	<name>Wellness Forever Pharmacy - Samrat Nucleus, Bhabha Nagar, Nashik</name>
	<ExtendedData><SchemaData schemaUrl="#shopping_and_retail">
		<SimpleData name="Category">store</SimpleData>
		<SimpleData name="Address">Shop No.F-15, Samrat Nucleus, near Mumbai Naka, Bhabha Nagar, Mirajkar Nagar, Dr.Homi Bhabha Nagar, Nashik, Maharashtra 422011, India</SimpleData>
		<SimpleData name="Latitude">19.988104</SimpleData>
		<SimpleData name="Longitude">73.7908354</SimpleData>
		<SimpleData name="Rating">3.9</SimpleData>
		<SimpleData name="Place_ID">ChIJlRgmJn_r3TsRum9KiahxTIU</SimpleData>
		<SimpleData name="Distance_m">653</SimpleData>
		<SimpleData name="Source_File">Nashik_Mumbai_Naka_establishments.xlsx</SimpleData>
	</SchemaData></ExtendedData>
      <Point><coordinates>73.7908354,19.988104</coordinates></Point>
  </Placemark>
  <Placemark id="shopping_and_retail.265">
	<name>Shree Paras Super Market</name>
	<ExtendedData><SchemaData schemaUrl="#shopping_and_retail">
		<SimpleData name="Category">supermarket</SimpleData>
		<SimpleData name="Address">XRR3+33P, Kathe Ln, Bankar Chowk, Dwarka, Nashik, Maharashtra 422011, India</SimpleData>
		<SimpleData name="Latitude">19.990206</SimpleData>
		<SimpleData name="Longitude">73.802695</SimpleData>
		<SimpleData name="Rating">4.4</SimpleData>
		<SimpleData name="Place_ID">ChIJgThsz-Tq3TsR78S7pTzrgtM</SimpleData>
		<SimpleData name="Distance_m">339</SimpleData>
		<SimpleData name="Source_File">Nashik_Dwarka_establishments.xlsx</SimpleData>
	</SchemaData></ExtendedData>
      <Point><coordinates>73.802695,19.990206</coordinates></Point>
  </Placemark>
  <Placemark id="shopping_and_retail.266">
	<name>RAUNAK ENTERPRISES</name>
	<ExtendedData><SchemaData schemaUrl="#shopping_and_retail">
		<SimpleData name="Category">supermarket</SimpleData>
		<SimpleData name="Address">Pakhal Rd, General Arun Kumar Vaidya Nagar, Dwarka, Nashik, Maharashtra 422011, India</SimpleData>
		<SimpleData name="Latitude">19.9922866</SimpleData>
		<SimpleData name="Longitude">73.7963895</SimpleData>
		<SimpleData name="Rating">5</SimpleData>
		<SimpleData name="Place_ID">ChIJsbmaTQDr3TsRrKtS5Wy_y_c</SimpleData>
		<SimpleData name="Distance_m">769</SimpleData>
		<SimpleData name="Source_File">Nashik_Dwarka_establishments.xlsx</SimpleData>
	</SchemaData></ExtendedData>
      <Point><coordinates>73.7963895,19.9922866</coordinates></Point>
  </Placemark>
  <Placemark id="shopping_and_retail.267">
	<name>Royal Fataka Agencies Nashik Wholesale Dealer</name>
	<ExtendedData><SchemaData schemaUrl="#shopping_and_retail">
		<SimpleData name="Category">supplier</SimpleData>
		<SimpleData name="Address">Shop Number 9, Unity Commercial Complex, Mumbai Naka Cir, near Vasan Bajaj, Mumbai Naka, Renuka Nagar, Nashik, Maharashtra 422001, India</SimpleData>
		<SimpleData name="Latitude">19.9875739</SimpleData>
		<SimpleData name="Longitude">73.7845464</SimpleData>
		<SimpleData name="Rating">5</SimpleData>
		<SimpleData name="Place_ID">ChIJb3Ba1HDr3TsRCeqfMOvYVjk</SimpleData>
		<SimpleData name="Distance_m">2094</SimpleData>
		<SimpleData name="Source_File">Nashik_Dwarka_establishments.xlsx</SimpleData>
	</SchemaData></ExtendedData>
      <Point><coordinates>73.7845464,19.9875739</coordinates></Point>
  </Placemark>
  <Placemark id="shopping_and_retail.268">
	<name>chowk mandi, birbal akaada</name>
	<ExtendedData><SchemaData schemaUrl="#shopping_and_retail">
		<SimpleData name="Category">tailor</SimpleData>
		<SimpleData name="Address">XQWV+H6J, Bagwanpura, Multanpura, Nashik, Maharashtra 422001, India</SimpleData>
		<SimpleData name="Latitude">19.9964651</SimpleData>
		<SimpleData name="Longitude">73.7930172</SimpleData>
		<SimpleData name="Place_ID">ChIJM2Q5AwDr3TsR60Jn4m4fWKs</SimpleData>
		<SimpleData name="Distance_m">499</SimpleData>
		<SimpleData name="Source_File">Nashik_Hanuman_Nagar_establishments.xlsx</SimpleData>
	</SchemaData></ExtendedData>
      <Point><coordinates>73.7930172,19.9964651</coordinates></Point>
  </Placemark>
  <Placemark id="shopping_and_retail.269">
	<name>Master Mall Dwarka</name>
	<ExtendedData><SchemaData schemaUrl="#shopping_and_retail">
		<SimpleData name="Category">wholesaler</SimpleData>
		<SimpleData name="Address">Tulsi Bhavan, B/h, Navrang Complex, Nashik Road, Near Dwarka Bus Stop, Harihar Baug, General Vaidya Nagar, Nashik, Maharashtra 422011, India</SimpleData>
		<SimpleData name="Latitude">19.9918557</SimpleData>
		<SimpleData name="Longitude">73.797696</SimpleData>
		<SimpleData name="Rating">5</SimpleData>
		<SimpleData name="Place_ID">ChIJf8aojO_r3TsRajU1tOXXWVM</SimpleData>
		<SimpleData name="Distance_m">642</SimpleData>
		<SimpleData name="Source_File">Nashik_Dwarka_establishments.xlsx</SimpleData>
	</SchemaData></ExtendedData>
      <Point><coordinates>73.797696,19.9918557</coordinates></Point>
  </Placemark>
  <Placemark id="shopping_and_retail.270">
	<name>CERAMIC MALL</name>
	<ExtendedData><SchemaData schemaUrl="#shopping_and_retail">
		<SimpleData name="Category">wholesaler</SimpleData>
		<SimpleData name="Address">4 Shahney Complex , Pornima, Bus Stop, nr. Dominoz pizza, Dwarka, Nashik, Maharashtra 422011, India</SimpleData>
		<SimpleData name="Latitude">19.9891889</SimpleData>
		<SimpleData name="Longitude">73.7993492</SimpleData>
		<SimpleData name="Rating">4.8</SimpleData>
		<SimpleData name="Place_ID">ChIJ1xGT0irr3TsRKkG4A6bXh2U</SimpleData>
		<SimpleData name="Distance_m">629</SimpleData>
		<SimpleData name="Source_File">Nashik_Dwarka_establishments.xlsx</SimpleData>
	</SchemaData></ExtendedData>
      <Point><coordinates>73.7993492,19.9891889</coordinates></Point>
  </Placemark>
  <Placemark id="shopping_and_retail.271">
	<name>VihaanX Bedsheets</name>
	<ExtendedData><SchemaData schemaUrl="#shopping_and_retail">
		<SimpleData name="Category">wholesaler</SimpleData>
		<SimpleData name="Address">Sushil Bunglow, Namrata Housing Society, 11, Kathe Ln, Dwarka, Nashik, Maharashtra 422011, India</SimpleData>
		<SimpleData name="Latitude">19.992015</SimpleData>
		<SimpleData name="Longitude">73.8029535</SimpleData>
		<SimpleData name="Rating">5</SimpleData>
		<SimpleData name="Place_ID">ChIJwYfZGADr3TsRZFLyRBSy1rc</SimpleData>
		<SimpleData name="Distance_m">144</SimpleData>
		<SimpleData name="Source_File">Nashik_Dwarka_establishments.xlsx</SimpleData>
	</SchemaData></ExtendedData>
      <Point><coordinates>73.8029535,19.992015</coordinates></Point>
  </Placemark>
  <Placemark id="shopping_and_retail.272">
	<name>Dwarka Traders</name>
	<ExtendedData><SchemaData schemaUrl="#shopping_and_retail">
		<SimpleData name="Category">wholesaler</SimpleData>
		<SimpleData name="Address">Pune Rd, nr. Dwarka Bus Stop, Maneksha Nagar, Dwarka, Nashik, Maharashtra 422011, India</SimpleData>
		<SimpleData name="Latitude">19.9920056</SimpleData>
		<SimpleData name="Longitude">73.7987345</SimpleData>
		<SimpleData name="Rating">3.7</SimpleData>
		<SimpleData name="Place_ID">ChIJHTVywvzq3TsRtAo2kyISDe4</SimpleData>
		<SimpleData name="Distance_m">533</SimpleData>
		<SimpleData name="Source_File">Nashik_Dwarka_establishments.xlsx</SimpleData>
	</SchemaData></ExtendedData>
      <Point><coordinates>73.7987345,19.9920056</coordinates></Point>
  </Placemark>
  <Placemark id="shopping_and_retail.273">
	<name>BHARAT TRADERS ( Wheat / Rice Merchant )</name>
	<ExtendedData><SchemaData schemaUrl="#shopping_and_retail">
		<SimpleData name="Category">wholesaler</SimpleData>
		<SimpleData name="Address">Police Station, Kazipura Rd, near Kazipura, Old Nashik, Multanpura, Nashik, Maharashtra 422001, India</SimpleData>
		<SimpleData name="Latitude">19.9969143</SimpleData>
		<SimpleData name="Longitude">73.7927355</SimpleData>
		<SimpleData name="Rating">5</SimpleData>
		<SimpleData name="Place_ID">ChIJBel9TP_r3TsRhHn--d7OC0s</SimpleData>
		<SimpleData name="Distance_m">1222</SimpleData>
		<SimpleData name="Source_File">Nashik_Dwarka_establishments.xlsx</SimpleData>
	</SchemaData></ExtendedData>
      <Point><coordinates>73.7927355,19.9969143</coordinates></Point>
  </Placemark>
  <Placemark id="shopping_and_retail.274">
	<name>wholesaleshopy</name>
	<ExtendedData><SchemaData schemaUrl="#shopping_and_retail">
		<SimpleData name="Category">wholesaler</SimpleData>
		<SimpleData name="Address">7,Nishat Apt, behind Gujral Tiles, Jay Prasad Society, General Vaidya Nagar, Nashik, Maharashtra 422011, India</SimpleData>
		<SimpleData name="Latitude">19.9874913</SimpleData>
		<SimpleData name="Longitude">73.7997931</SimpleData>
		<SimpleData name="Rating">5</SimpleData>
		<SimpleData name="Place_ID">ChIJ-cTVYTvr3TsRBfwiMNI3gZM</SimpleData>
		<SimpleData name="Distance_m">745</SimpleData>
		<SimpleData name="Source_File">Nashik_Dwarka_establishments.xlsx</SimpleData>
	</SchemaData></ExtendedData>
      <Point><coordinates>73.7997931,19.9874913</coordinates></Point>
  </Placemark>
  <Placemark id="shopping_and_retail.275">
	<name>Baphana Marketing</name>
	<ExtendedData><SchemaData schemaUrl="#shopping_and_retail">
		<SimpleData name="Category">wholesaler</SimpleData>
		<SimpleData name="Address">Market Yard Rd, behind Rucha Hotel, Pimpalgaon, Doodh Bazar, Multanpura, Nashik, Maharashtra 422001, India</SimpleData>
		<SimpleData name="Latitude">19.9985161</SimpleData>
		<SimpleData name="Longitude">73.7918954</SimpleData>
		<SimpleData name="Rating">4</SimpleData>
		<SimpleData name="Place_ID">ChIJAQAAAESQ3jsRHL7oQihvAOM</SimpleData>
		<SimpleData name="Distance_m">2377</SimpleData>
		<SimpleData name="Source_File">Nashik_Tapovan_establishments.xlsx</SimpleData>
	</SchemaData></ExtendedData>
      <Point><coordinates>73.7918954,19.9985161</coordinates></Point>
  </Placemark>
  <Placemark id="shopping_and_retail.276">
	<name>Sumanchandra super market</name>
	<ExtendedData><SchemaData schemaUrl="#shopping_and_retail">
		<SimpleData name="Category">grocery_store</SimpleData>
		<SimpleData name="Address">002, 1st Floor, Shriram Heights, Tapovan Rd, Dwarka, Nashik, Maharashtra 422011, India</SimpleData>
		<SimpleData name="Latitude">19.9916947</SimpleData>
		<SimpleData name="Longitude">73.8088791</SimpleData>
		<SimpleData name="Rating">4</SimpleData>
		<SimpleData name="Place_ID">ChIJ6zPDgxrr3TsRBStsApi75_A</SimpleData>
		<SimpleData name="Distance_m">563</SimpleData>
		<SimpleData name="Source_File">Nashik_Dwarka_establishments.xlsx</SimpleData>
	</SchemaData></ExtendedData>
      <Point><coordinates>73.8088791,19.9916947</coordinates></Point>
  </Placemark>
  <Placemark id="shopping_and_retail.277">
	<name>Fresh Basket Organics53</name>
	<ExtendedData><SchemaData schemaUrl="#shopping_and_retail">
		<SimpleData name="Category">grocery_store</SimpleData>
		<SimpleData name="Address">Dwarka, Nashik, Maharashtra 422011, India</SimpleData>
		<SimpleData name="Latitude">19.9930737</SimpleData>
		<SimpleData name="Longitude">73.8037119</SimpleData>
		<SimpleData name="Rating">4.8</SimpleData>
		<SimpleData name="Place_ID">ChIJscU9s0jr3TsR3knNTz5prPc</SimpleData>
		<SimpleData name="Distance_m">3</SimpleData>
		<SimpleData name="Source_File">Nashik_Dwarka_establishments.xlsx</SimpleData>
	</SchemaData></ExtendedData>
      <Point><coordinates>73.8037119,19.9930737</coordinates></Point>
  </Placemark>
  <Placemark id="shopping_and_retail.278">
	<name>Jay Malhar Kirana &amp; General</name>
	<ExtendedData><SchemaData schemaUrl="#shopping_and_retail">
		<SimpleData name="Category">grocery_store</SimpleData>
		<SimpleData name="Address">Shop No. 3, Kathe Ln, Dwarka, Nashik, Maharashtra 422011, India</SimpleData>
		<SimpleData name="Latitude">19.9928289</SimpleData>
		<SimpleData name="Longitude">73.8048366</SimpleData>
		<SimpleData name="Rating">5</SimpleData>
		<SimpleData name="Place_ID">ChIJpy6Q6_rq3TsRzue1JoXHqG0</SimpleData>
		<SimpleData name="Distance_m">123</SimpleData>
		<SimpleData name="Source_File">Nashik_Dwarka_establishments.xlsx</SimpleData>
	</SchemaData></ExtendedData>
      <Point><coordinates>73.8048366,19.9928289</coordinates></Point>
  </Placemark>
  <Placemark id="shopping_and_retail.279">
	<name>?????? ???? ???????</name>
	<ExtendedData><SchemaData schemaUrl="#shopping_and_retail">
		<SimpleData name="Category">grocery_store</SimpleData>
		<SimpleData name="Address">XRQ3+WH2, Kathe Ln, Maneksha Nagar, Dwarka, Nashik, Maharashtra 422011, India</SimpleData>
		<SimpleData name="Latitude">19.9897534</SimpleData>
		<SimpleData name="Longitude">73.8038844</SimpleData>
		<SimpleData name="Place_ID">ChIJ-xsZIeXq3TsRkhm-ybVqMQU</SimpleData>
		<SimpleData name="Distance_m">373</SimpleData>
		<SimpleData name="Source_File">Nashik_Dwarka_establishments.xlsx</SimpleData>
	</SchemaData></ExtendedData>
      <Point><coordinates>73.8038844,19.9897534</coordinates></Point>
  </Placemark>
  <Placemark id="shopping_and_retail.280">
	<name>LoveArth By Laxmi Industries -High Protein Dessert Meals, Granola, Oats &amp; More</name>
	<ExtendedData><SchemaData schemaUrl="#shopping_and_retail">
		<SimpleData name="Category">grocery_store</SimpleData>
		<SimpleData name="Address">Laxmi Industries, Plot no:14, S/N: 393, Jatra-Nandur Rd, Godavari MIDC, Dwarka, Nashik, Maharashtra 422011, India</SimpleData>
		<SimpleData name="Latitude">19.9973253</SimpleData>
		<SimpleData name="Longitude">73.8075761</SimpleData>
		<SimpleData name="Rating">5</SimpleData>
		<SimpleData name="Place_ID">ChIJ2Zb3Rv_r3TsRqv5c7QUmTFQ</SimpleData>
		<SimpleData name="Distance_m">620</SimpleData>
		<SimpleData name="Source_File">Nashik_Dwarka_establishments.xlsx</SimpleData>
	</SchemaData></ExtendedData>
      <Point><coordinates>73.8075761,19.9973253</coordinates></Point>
  </Placemark>
  <Placemark id="shopping_and_retail.281">
	<name>Noorani Hardware</name>
	<ExtendedData><SchemaData schemaUrl="#shopping_and_retail">
		<SimpleData name="Category">hardware_store</SimpleData>
		<SimpleData name="Address">Shop No 7, Takli Rd, near Shanker Nager, Dwarka, Nashik, Maharashtra 422011, India</SimpleData>
		<SimpleData name="Latitude">19.9947825</SimpleData>
		<SimpleData name="Longitude">73.8045506</SimpleData>
		<SimpleData name="Rating">4.1</SimpleData>
		<SimpleData name="Place_ID">ChIJYQCzQ_rq3TsR77oxNSGA-sY</SimpleData>
		<SimpleData name="Distance_m">207</SimpleData>
		<SimpleData name="Source_File">Nashik_Dwarka_establishments.xlsx</SimpleData>
	</SchemaData></ExtendedData>
      <Point><coordinates>73.8045506,19.9947825</coordinates></Point>
  </Placemark>
  <Placemark id="shopping_and_retail.282">
	<name>Shalimar Market</name>
	<ExtendedData><SchemaData schemaUrl="#shopping_and_retail">
		<SimpleData name="Category">market</SimpleData>
		<SimpleData name="Address">Chatrapati Shivaji Maharaj Rd, Dahipul, Shalimar, Nashik, Maharashtra 422001, India</SimpleData>
		<SimpleData name="Latitude">20.0018076</SimpleData>
		<SimpleData name="Longitude">73.7875982</SimpleData>
		<SimpleData name="Rating">4.2</SimpleData>
		<SimpleData name="Place_ID">ChIJT_-LJcDr3TsRae69Joiqpm8</SimpleData>
		<SimpleData name="Distance_m">2612</SimpleData>
		<SimpleData name="Source_File">Nashik_College_Road_establishments.xlsx</SimpleData>
	</SchemaData></ExtendedData>
      <Point><coordinates>73.7875982,20.0018076</coordinates></Point>
  </Placemark>
  <Placemark id="shopping_and_retail.283">
	<name>MedPlus Kathe Lane Dwarka</name>
	<ExtendedData><SchemaData schemaUrl="#shopping_and_retail">
		<SimpleData name="Category">pharmacy</SimpleData>
		<SimpleData name="Address">Shop No.3-8, Yellow Rose Apartment, Kathe Ln, near Ravindra Mandal School, Ganesh Nagar, Dwarka, Nashik, Maharashtra 422011, India</SimpleData>
		<SimpleData name="Latitude">19.993091</SimpleData>
		<SimpleData name="Longitude">73.8033479</SimpleData>
		<SimpleData name="Rating">4.5</SimpleData>
		<SimpleData name="Place_ID">ChIJr6BFJy_r3TsRZLlz3vKp3jg</SimpleData>
		<SimpleData name="Distance_m">37</SimpleData>
		<SimpleData name="Source_File">Nashik_Dwarka_establishments.xlsx</SimpleData>
	</SchemaData></ExtendedData>
      <Point><coordinates>73.8033479,19.993091</coordinates></Point>
  </Placemark>
  <Placemark id="shopping_and_retail.284">
	<name>Prem Super Market</name>
	<ExtendedData><SchemaData schemaUrl="#shopping_and_retail">
		<SimpleData name="Category">supermarket</SimpleData>
		<SimpleData name="Address">Shop No. 1, Shreeji Heights, Tapovan Rd, Dwarka, Nashik, Maharashtra 422011, India</SimpleData>
		<SimpleData name="Latitude">19.9905462</SimpleData>
		<SimpleData name="Longitude">73.809145</SimpleData>
		<SimpleData name="Rating">4.1</SimpleData>
		<SimpleData name="Place_ID">ChIJs4Haze_q3TsRo1hxLfNbn-k</SimpleData>
		<SimpleData name="Distance_m">636</SimpleData>
		<SimpleData name="Source_File">Nashik_Dwarka_establishments.xlsx</SimpleData>
	</SchemaData></ExtendedData>
      <Point><coordinates>73.809145,19.9905462</coordinates></Point>
  </Placemark>
  <Placemark id="shopping_and_retail.285">
	<name>Mark Mall Pvt Ltd Jayshankar Marg</name>
	<ExtendedData><SchemaData schemaUrl="#shopping_and_retail">
		<SimpleData name="Category">supermarket</SimpleData>
		<SimpleData name="Address">Shop No 10-11, Ground Floor, Jaishankar Towers Tapowan Link Road Jejurkar Lane, Takli Rd, Dwarka, Nashik, Maharashtra 422011, India</SimpleData>
		<SimpleData name="Latitude">19.9938037</SimpleData>
		<SimpleData name="Longitude">73.8090737</SimpleData>
		<SimpleData name="Rating">4.5</SimpleData>
		<SimpleData name="Place_ID">ChIJwXGo3_vr3TsRZ9lZ_Dnvu3U</SimpleData>
		<SimpleData name="Distance_m">567</SimpleData>
		<SimpleData name="Source_File">Nashik_Dwarka_establishments.xlsx</SimpleData>
	</SchemaData></ExtendedData>
      <Point><coordinates>73.8090737,19.9938037</coordinates></Point>
  </Placemark>
  <Placemark id="shopping_and_retail.286">
	<name>Serene decor</name>
	<ExtendedData><SchemaData schemaUrl="#shopping_and_retail">
		<SimpleData name="Category">wholesaler</SimpleData>
		<SimpleData name="Address">Shop no.1, santusa pride, Takli Rd, Dwarka, Nashik, Maharashtra 422003, India</SimpleData>
		<SimpleData name="Latitude">19.9949931</SimpleData>
		<SimpleData name="Longitude">73.8031997</SimpleData>
		<SimpleData name="Rating">4.1</SimpleData>
		<SimpleData name="Place_ID">ChIJj6_6tvvq3TsRn0s1b5_h1-0</SimpleData>
		<SimpleData name="Distance_m">217</SimpleData>
		<SimpleData name="Source_File">Nashik_Dwarka_establishments.xlsx</SimpleData>
	</SchemaData></ExtendedData>
      <Point><coordinates>73.8031997,19.9949931</coordinates></Point>
  </Placemark>
  <Placemark id="shopping_and_retail.287">
	<name>Godavari Naturals</name>
	<ExtendedData><SchemaData schemaUrl="#shopping_and_retail">
		<SimpleData name="Category">asian_grocery_store</SimpleData>
		<SimpleData name="Address">Plot No. 30, College Rd, Krishi Nagar, Nashik, Maharashtra 422005, India</SimpleData>
		<SimpleData name="Latitude">20.0066336</SimpleData>
		<SimpleData name="Longitude">73.7593147</SimpleData>
		<SimpleData name="Rating">4.3</SimpleData>
		<SimpleData name="Place_ID">ChIJ4e6GLLbr3TsRq_utPrMlGuM</SimpleData>
		<SimpleData name="Distance_m">391</SimpleData>
		<SimpleData name="Source_File">Nashik_College_Road_establishments.xlsx</SimpleData>
	</SchemaData></ExtendedData>
      <Point><coordinates>73.7593147,20.0066336</coordinates></Point>
  </Placemark>
  <Placemark id="shopping_and_retail.288">
	<name>The Breakfast Story Cafe &amp; Bistro</name>
	<ExtendedData><SchemaData schemaUrl="#shopping_and_retail">
		<SimpleData name="Category">bistro</SimpleData>
		<SimpleData name="Address">Girikale Complex, College Rd, opp. KFC, Thatte Nagar, Nashik, Maharashtra 422005, India</SimpleData>
		<SimpleData name="Latitude">20.0069749</SimpleData>
		<SimpleData name="Longitude">73.763384</SimpleData>
		<SimpleData name="Rating">4.6</SimpleData>
		<SimpleData name="Place_ID">ChIJ57LdkkPr3TsRboJN8ztxV_Q</SimpleData>
		<SimpleData name="Distance_m">116</SimpleData>
		<SimpleData name="Source_File">Nashik_College_Road_establishments.xlsx</SimpleData>
	</SchemaData></ExtendedData>
      <Point><coordinates>73.763384,20.0069749</coordinates></Point>
  </Placemark>
  <Placemark id="shopping_and_retail.289">
	<name>Ganesh Sweet Mart - College Road</name>
	<ExtendedData><SchemaData schemaUrl="#shopping_and_retail">
		<SimpleData name="Category">candy_store</SimpleData>
		<SimpleData name="Address">Ganesh Sweet Mart, Shop 5 &amp; 6, Jubilee Park, College Rd, near Bhosla Military College, opp. Natural Ice Cream, Rambhoomi, Veer Sawarkar Nagar, Nashik, Maharashtra 422005, India</SimpleData>
		<SimpleData name="Latitude">20.0092508</SimpleData>
		<SimpleData name="Longitude">73.7552762</SimpleData>
		<SimpleData name="Rating">4.4</SimpleData>
		<SimpleData name="Place_ID">ChIJY89KC-jr3TsRtRlO6sXeMV0</SimpleData>
		<SimpleData name="Distance_m">884</SimpleData>
		<SimpleData name="Source_File">Nashik_College_Road_establishments.xlsx</SimpleData>
	</SchemaData></ExtendedData>
      <Point><coordinates>73.7552762,20.0092508</coordinates></Point>
  </Placemark>
  <Placemark id="shopping_and_retail.290">
	<name>Apple Authorised Reseller - iPlanet</name>
	<ExtendedData><SchemaData schemaUrl="#shopping_and_retail">
		<SimpleData name="Category">cell_phone_store</SimpleData>
		<SimpleData name="Address">No. 3, Bosco Centre, Gangapur Rd, near P N Gadgil, Nashik, Maharashtra 422013, India</SimpleData>
		<SimpleData name="Latitude">20.0109185</SimpleData>
		<SimpleData name="Longitude">73.7616263</SimpleData>
		<SimpleData name="Rating">4.7</SimpleData>
		<SimpleData name="Place_ID">ChIJHcN1cJDr3TsRrobLccx5oCU</SimpleData>
		<SimpleData name="Distance_m">1202</SimpleData>
		<SimpleData name="Source_File">Nashik_Gangapur_Road_establishments.xlsx</SimpleData>
	</SchemaData></ExtendedData>
      <Point><coordinates>73.7616263,20.0109185</coordinates></Point>
  </Placemark>
  <Placemark id="shopping_and_retail.291">
	<name>ZUDIO - Shraddha Mall, Nashik, Maharashtra</name>
	<ExtendedData><SchemaData schemaUrl="#shopping_and_retail">
		<SimpleData name="Category">clothing_store</SimpleData>
		<SimpleData name="Address">Shraddha Mall Starbazar, College Rd, Ramdas Colony, Nashik, Maharashtra 422005, India</SimpleData>
		<SimpleData name="Latitude">20.0051075</SimpleData>
		<SimpleData name="Longitude">73.7638697</SimpleData>
		<SimpleData name="Rating">4.2</SimpleData>
		<SimpleData name="Place_ID">ChIJ5daCfJzr3TsR-FezhCpKG1E</SimpleData>
		<SimpleData name="Distance_m">135</SimpleData>
		<SimpleData name="Source_File">Nashik_College_Road_establishments.xlsx</SimpleData>
	</SchemaData></ExtendedData>
      <Point><coordinates>73.7638697,20.0051075</coordinates></Point>
  </Placemark>
  <Placemark id="shopping_and_retail.292">
	<name>Westside - Ikon Building, Nashik</name>
	<ExtendedData><SchemaData schemaUrl="#shopping_and_retail">
		<SimpleData name="Category">clothing_store</SimpleData>
		<SimpleData name="Address">726 IKON, Plot-46,47,48 Opp. Sun Bird bldg, OFF, College Rd, Yeolekar Mala, Krishi Nagar, Nashik, Maharashtra 422005, India</SimpleData>
		<SimpleData name="Latitude">20.0007592</SimpleData>
		<SimpleData name="Longitude">73.7619931</SimpleData>
		<SimpleData name="Rating">4.2</SimpleData>
		<SimpleData name="Place_ID">ChIJvaGoIeTr3TsR0Ou7LWq8Is0</SimpleData>
		<SimpleData name="Distance_m">592</SimpleData>
		<SimpleData name="Source_File">Nashik_College_Road_establishments.xlsx</SimpleData>
	</SchemaData></ExtendedData>
      <Point><coordinates>73.7619931,20.0007592</coordinates></Point>
  </Placemark>
  <Placemark id="shopping_and_retail.293">
	<name>Shubhmuhurta Designer Studio</name>
	<ExtendedData><SchemaData schemaUrl="#shopping_and_retail">
		<SimpleData name="Category">clothing_store</SimpleData>
		<SimpleData name="Address">kbt ????? ?????? ???? ??????, Gangapur Rd, Saubhagya Nagar, Nashik, Maharashtra 422013, India</SimpleData>
		<SimpleData name="Latitude">20.0111586</SimpleData>
		<SimpleData name="Longitude">73.7644044</SimpleData>
		<SimpleData name="Rating">5</SimpleData>
		<SimpleData name="Place_ID">ChIJDxsMFSLr3TsRscixFWNdMaA</SimpleData>
		<SimpleData name="Distance_m">1489</SimpleData>
		<SimpleData name="Source_File">Nashik_Gangapur_Road_establishments.xlsx</SimpleData>
	</SchemaData></ExtendedData>
      <Point><coordinates>73.7644044,20.0111586</coordinates></Point>
  </Placemark>
  <Placemark id="shopping_and_retail.294">
	<name>S R TEXTILE MARKET</name>
	<ExtendedData><SchemaData schemaUrl="#shopping_and_retail">
		<SimpleData name="Category">clothing_store</SimpleData>
		<SimpleData name="Address">Sharanpur Rd, near Old Pandit Colony, Old Pandit Colony, signal, Police Staff Colony, Nashik, Maharashtra 422002, India</SimpleData>
		<SimpleData name="Latitude">20.0008947</SimpleData>
		<SimpleData name="Longitude">73.777209</SimpleData>
		<SimpleData name="Rating">5</SimpleData>
		<SimpleData name="Place_ID">ChIJc7-wrvDr3TsR6H9EVfzpSUc</SimpleData>
		<SimpleData name="Distance_m">291</SimpleData>
		<SimpleData name="Source_File">Nashik_Sharanpur_Road_establishments.xlsx</SimpleData>
	</SchemaData></ExtendedData>
      <Point><coordinates>73.777209,20.0008947</coordinates></Point>
  </Placemark>
  <Placemark id="shopping_and_retail.295">
	<name>Nykaa On Trend</name>
	<ExtendedData><SchemaData schemaUrl="#shopping_and_retail">
		<SimpleData name="Category">cosmetics_store</SimpleData>
		<SimpleData name="Address">Shop No 3, 4, 5, Archit Arcade, Apartment, College Rd, opposite Pancham Hotel, Patil Colony, Ramdas Colony, Nashik, Maharashtra 422005, India</SimpleData>
		<SimpleData name="Latitude">20.0056205</SimpleData>
		<SimpleData name="Longitude">73.7652716</SimpleData>
		<SimpleData name="Rating">4</SimpleData>
		<SimpleData name="Place_ID">ChIJC-xpWLHr3TsRJHLqo0tfIdg</SimpleData>
		<SimpleData name="Distance_m">241</SimpleData>
		<SimpleData name="Source_File">Nashik_College_Road_establishments.xlsx</SimpleData>
	</SchemaData></ExtendedData>
      <Point><coordinates>73.7652716,20.0056205</coordinates></Point>
  </Placemark>
  <Placemark id="shopping_and_retail.296">
	<name>Swamini Cosmetics mall</name>
	<ExtendedData><SchemaData schemaUrl="#shopping_and_retail">
		<SimpleData name="Category">cosmetics_store</SimpleData>
		<SimpleData name="Address">Sharanpur Rd, Racca Colony, Jejurkar Wadi, Sharanpur, Nashik, Maharashtra 422002, India</SimpleData>
		<SimpleData name="Latitude">20.0002918</SimpleData>
		<SimpleData name="Longitude">73.7745124</SimpleData>
		<SimpleData name="Rating">4.2</SimpleData>
		<SimpleData name="Place_ID">ChIJ3YkBh6Dr3TsRMRelj-9gYI4</SimpleData>
		<SimpleData name="Distance_m">168</SimpleData>
		<SimpleData name="Source_File">Nashik_Sharanpur_Road_establishments.xlsx</SimpleData>
	</SchemaData></ExtendedData>
      <Point><coordinates>73.7745124,20.0002918</coordinates></Point>
  </Placemark>
  <Placemark id="shopping_and_retail.297">
	<name>Vrundavan Market</name>
	<ExtendedData><SchemaData schemaUrl="#shopping_and_retail">
		<SimpleData name="Category">department_store</SimpleData>
		<SimpleData name="Address">Shop No.3, Amey Apartment, Dr BS Moonje Marg, opposite Sachi Honda Showroom, Sant Kabir Nagar, Samarth Nagar, Nashik, Maharashtra 422005, India</SimpleData>
		<SimpleData name="Latitude">20.0041414</SimpleData>
		<SimpleData name="Longitude">73.7543643</SimpleData>
		<SimpleData name="Rating">4</SimpleData>
		<SimpleData name="Place_ID">ChIJh1yMBYTr3TsRKG_6FFMwmIw</SimpleData>
		<SimpleData name="Distance_m">926</SimpleData>
		<SimpleData name="Source_File">Nashik_College_Road_establishments.xlsx</SimpleData>
	</SchemaData></ExtendedData>
      <Point><coordinates>73.7543643,20.0041414</coordinates></Point>
  </Placemark>
  <Placemark id="shopping_and_retail.298">
	<name>Croma - College Road</name>
	<ExtendedData><SchemaData schemaUrl="#shopping_and_retail">
		<SimpleData name="Category">electronics_store</SimpleData>
		<SimpleData name="Address">Hari Prabha Solitario, College Rd, opposite Kotak Mahindra Bank, Thatte Nagar, Nashik, Maharashtra 422005, India</SimpleData>
		<SimpleData name="Latitude">20.0080078</SimpleData>
		<SimpleData name="Longitude">73.7639604</SimpleData>
		<SimpleData name="Rating">4.7</SimpleData>
		<SimpleData name="Place_ID">ChIJmao0SJrr3TsRM7F8jWQZv6g</SimpleData>
		<SimpleData name="Distance_m">245</SimpleData>
		<SimpleData name="Source_File">Nashik_College_Road_establishments.xlsx</SimpleData>
	</SchemaData></ExtendedData>
      <Point><coordinates>73.7639604,20.0080078</coordinates></Point>
  </Placemark>
  <Placemark id="shopping_and_retail.299">
	<name>Reliance Digital</name>
	<ExtendedData><SchemaData schemaUrl="#shopping_and_retail">
		<SimpleData name="Category">electronics_store</SimpleData>
		<SimpleData name="Address">Plot No 453, Ground to 2nd Floor, Gangapur Rd, near Jehan Circle, D'souza Colony, Nashik, Maharashtra 422013, India</SimpleData>
		<SimpleData name="Latitude">20.0117982</SimpleData>
		<SimpleData name="Longitude">73.7570894</SimpleData>
		<SimpleData name="Rating">4.8</SimpleData>
		<SimpleData name="Place_ID">ChIJTZ-fBY_r3TsR1x2r1hIMkTY</SimpleData>
		<SimpleData name="Distance_m">721</SimpleData>
		<SimpleData name="Source_File">Nashik_Gangapur_Road_establishments.xlsx</SimpleData>
	</SchemaData></ExtendedData>
      <Point><coordinates>73.7570894,20.0117982</coordinates></Point>
  </Placemark>
  <Placemark id="shopping_and_retail.300">
	<name>Reliance Smart Money</name>
	<ExtendedData><SchemaData schemaUrl="#shopping_and_retail">
		<SimpleData name="Category">finance</SimpleData>
		<SimpleData name="Address">Ground Floor Plot 5/2Sharanpur RoadKulkarni Colony, Racca Colony, Jejurkar Wadi, Sharanpur, Nashik, Maharashtra 422002, India</SimpleData>
		<SimpleData name="Latitude">20.0009025</SimpleData>
		<SimpleData name="Longitude">73.7727136</SimpleData>
		<SimpleData name="Rating">3</SimpleData>
		<SimpleData name="Place_ID">ChIJQ7OFKwLr3TsRk2YpOZkeQZM</SimpleData>
		<SimpleData name="Distance_m">3386</SimpleData>
		<SimpleData name="Source_File">Nashik_Makhmalabad_establishments.xlsx</SimpleData>
	</SchemaData></ExtendedData>
      <Point><coordinates>73.7727136,20.0009025</coordinates></Point>
  </Placemark>
  <Placemark id="shopping_and_retail.301">
	<name>Quality Super Market</name>
	<ExtendedData><SchemaData schemaUrl="#shopping_and_retail">
		<SimpleData name="Category">general_store</SimpleData>
		<SimpleData name="Address">shop no 2, chanwadkar plaza, HPT, College Rd, Model Colony, Nashik, Maharashtra 422005, India</SimpleData>
		<SimpleData name="Latitude">20.0077091</SimpleData>
		<SimpleData name="Longitude">73.7572263</SimpleData>
		<SimpleData name="Rating">3.6</SimpleData>
		<SimpleData name="Place_ID">ChIJUWhyopvr3TsRmxyXFY0kPB0</SimpleData>
		<SimpleData name="Distance_m">632</SimpleData>
		<SimpleData name="Source_File">Nashik_College_Road_establishments.xlsx</SimpleData>
	</SchemaData></ExtendedData>
      <Point><coordinates>73.7572263,20.0077091</coordinates></Point>
  </Placemark>
  <Placemark id="shopping_and_retail.302">
	<name>Maheshwari Super Market</name>
	<ExtendedData><SchemaData schemaUrl="#shopping_and_retail">
		<SimpleData name="Category">general_store</SimpleData>
		<SimpleData name="Address">Opp. BYK College, Kulkarni Bagh, Shop No. 5, Rupali Apartment, Kulkarni Baug, College Rd, Nashik, Maharashtra 422005, India</SimpleData>
		<SimpleData name="Latitude">20.0067035</SimpleData>
		<SimpleData name="Longitude">73.7633467</SimpleData>
		<SimpleData name="Rating">5</SimpleData>
		<SimpleData name="Place_ID">ChIJT9xusJvr3TsRET6g6-SLEF0</SimpleData>
		<SimpleData name="Distance_m">86</SimpleData>
		<SimpleData name="Source_File">Nashik_College_Road_establishments.xlsx</SimpleData>
	</SchemaData></ExtendedData>
      <Point><coordinates>73.7633467,20.0067035</coordinates></Point>
  </Placemark>
  <Placemark id="shopping_and_retail.303">
	<name>New Selected Super Market</name>
	<ExtendedData><SchemaData schemaUrl="#shopping_and_retail">
		<SimpleData name="Category">general_store</SimpleData>
		<SimpleData name="Address">2Q38+VMC, College Rd, Vese Mala, Canada Corner, Nashik, Maharashtra 422005, India</SimpleData>
		<SimpleData name="Latitude">20.0046918</SimpleData>
		<SimpleData name="Longitude">73.7666548</SimpleData>
		<SimpleData name="Rating">1</SimpleData>
		<SimpleData name="Place_ID">ChIJMdLxtJ7r3TsRk1cjMFFTb5o</SimpleData>
		<SimpleData name="Distance_m">409</SimpleData>
		<SimpleData name="Source_File">Nashik_College_Road_establishments.xlsx</SimpleData>
	</SchemaData></ExtendedData>
      <Point><coordinates>73.7666548,20.0046918</coordinates></Point>
  </Placemark>
  <Placemark id="shopping_and_retail.304">
	<name>Sagar Provision</name>
	<ExtendedData><SchemaData schemaUrl="#shopping_and_retail">
		<SimpleData name="Category">general_store</SimpleData>
		<SimpleData name="Address">Shop number 11/12, Vallabha Apartment, Mahatma Nagar, Parijat Nagar, Nashik, Maharashtra 422005, India</SimpleData>
		<SimpleData name="Latitude">19.9978562</SimpleData>
		<SimpleData name="Longitude">73.7543433</SimpleData>
		<SimpleData name="Rating">4.6</SimpleData>
		<SimpleData name="Place_ID">ChIJS-fyOgHr3TsRqq7P_0-jO6w</SimpleData>
		<SimpleData name="Distance_m">2449</SimpleData>
		<SimpleData name="Source_File">Nashik_Satpur_establishments.xlsx</SimpleData>
	</SchemaData></ExtendedData>
      <Point><coordinates>73.7543433,19.9978562</coordinates></Point>
  </Placemark>
  <Placemark id="shopping_and_retail.305">
	<name>Shirude Gifts &amp; General Stores</name>
	<ExtendedData><SchemaData schemaUrl="#shopping_and_retail">
		<SimpleData name="Category">gift_shop</SimpleData>
		<SimpleData name="Address">1, Durga Apartment, College Rd, near BYK College, Kulkarni Baug, Ramdas Colony, Nashik, Maharashtra 422005, India</SimpleData>
		<SimpleData name="Latitude">20.005957</SimpleData>
		<SimpleData name="Longitude">73.7636023</SimpleData>
		<SimpleData name="Rating">4.4</SimpleData>
		<SimpleData name="Place_ID">ChIJUWhyopvr3TsRstHq4vbcQFg</SimpleData>
		<SimpleData name="Distance_m">63</SimpleData>
		<SimpleData name="Source_File">Nashik_College_Road_establishments.xlsx</SimpleData>
	</SchemaData></ExtendedData>
      <Point><coordinates>73.7636023,20.005957</coordinates></Point>
  </Placemark>
  <Placemark id="shopping_and_retail.306">
	<name>More IMPRESSION</name>
	<ExtendedData><SchemaData schemaUrl="#shopping_and_retail">
		<SimpleData name="Category">gift_shop</SimpleData>
		<SimpleData name="Address">shop no 2, Canada Complex, More impression, 9, College Rd, Adwait Colony, Canada Corner, Nashik, Maharashtra 422005, India</SimpleData>
		<SimpleData name="Latitude">20.0042066</SimpleData>
		<SimpleData name="Longitude">73.7694573</SimpleData>
		<SimpleData name="Rating">5</SimpleData>
		<SimpleData name="Place_ID">ChIJmwfMJwDr3TsR3DBshVPP-JM</SimpleData>
		<SimpleData name="Distance_m">704</SimpleData>
		<SimpleData name="Source_File">Nashik_College_Road_establishments.xlsx</SimpleData>
	</SchemaData></ExtendedData>
      <Point><coordinates>73.7694573,20.0042066</coordinates></Point>
  </Placemark>
  <Placemark id="shopping_and_retail.307">
	<name>Star Bazaar</name>
	<ExtendedData><SchemaData schemaUrl="#shopping_and_retail">
		<SimpleData name="Category">grocery_store</SimpleData>
		<SimpleData name="Address">Shraddha Mall, College Rd, Ramdas Colony, Nashik, Maharashtra 422005, India</SimpleData>
		<SimpleData name="Latitude">20.0052694</SimpleData>
		<SimpleData name="Longitude">73.763853</SimpleData>
		<SimpleData name="Rating">3.9</SimpleData>
		<SimpleData name="Place_ID">ChIJn15BgjXr3TsR7P9AG_XOdAI</SimpleData>
		<SimpleData name="Distance_m">121</SimpleData>
		<SimpleData name="Source_File">Nashik_College_Road_establishments.xlsx</SimpleData>
	</SchemaData></ExtendedData>
      <Point><coordinates>73.763853,20.0052694</coordinates></Point>
  </Placemark>
  <Placemark id="shopping_and_retail.308">
	<name>Aashirwad Provision Stores</name>
	<ExtendedData><SchemaData schemaUrl="#shopping_and_retail">
		<SimpleData name="Category">grocery_store</SimpleData>
		<SimpleData name="Address">Patil Lane Number 1, Patil Colony, College Rd, Nashik, Maharashtra 422005, India</SimpleData>
		<SimpleData name="Latitude">20.0051908</SimpleData>
		<SimpleData name="Longitude">73.7679053</SimpleData>
		<SimpleData name="Rating">4.3</SimpleData>
		<SimpleData name="Place_ID">ChIJUWhyopvr3TsR1R2nmLwqYvc</SimpleData>
		<SimpleData name="Distance_m">520</SimpleData>
		<SimpleData name="Source_File">Nashik_College_Road_establishments.xlsx</SimpleData>
	</SchemaData></ExtendedData>
      <Point><coordinates>73.7679053,20.0051908</coordinates></Point>
  </Placemark>
  <Placemark id="shopping_and_retail.309">
	<name>Bombay Gourmet Market</name>
	<ExtendedData><SchemaData schemaUrl="#shopping_and_retail">
		<SimpleData name="Category">grocery_store</SimpleData>
		<SimpleData name="Address">Shop no 2, B Square Apartment, College Rd, Yeolekar Mala, Nashik, Maharashtra 422005, India</SimpleData>
		<SimpleData name="Latitude">20.0027194</SimpleData>
		<SimpleData name="Longitude">73.76273</SimpleData>
		<SimpleData name="Rating">4</SimpleData>
		<SimpleData name="Place_ID">ChIJTV-S0xrr3TsRN7vCoYhLurc</SimpleData>
		<SimpleData name="Distance_m">366</SimpleData>
		<SimpleData name="Source_File">Nashik_College_Road_establishments.xlsx</SimpleData>
	</SchemaData></ExtendedData>
      <Point><coordinates>73.76273,20.0027194</coordinates></Point>
  </Placemark>
  <Placemark id="shopping_and_retail.310">
	<name>Laxmi Super Market</name>
	<ExtendedData><SchemaData schemaUrl="#shopping_and_retail">
		<SimpleData name="Category">grocery_store</SimpleData>
		<SimpleData name="Address">2Q38+RJ9, College Rd, Vise Mala, Canada Corner, Nashik, Maharashtra 422005, India</SimpleData>
		<SimpleData name="Latitude">20.0045435</SimpleData>
		<SimpleData name="Longitude">73.7666086</SimpleData>
		<SimpleData name="Rating">2</SimpleData>
		<SimpleData name="Place_ID">ChIJBY0UtJ7r3TsR7sycgQhcIT8</SimpleData>
		<SimpleData name="Distance_m">410</SimpleData>
		<SimpleData name="Source_File">Nashik_College_Road_establishments.xlsx</SimpleData>
	</SchemaData></ExtendedData>
      <Point><coordinates>73.7666086,20.0045435</coordinates></Point>
  </Placemark>
  <Placemark id="shopping_and_retail.311">
	<name>Nilesh Super Market Pvt.Ltd</name>
	<ExtendedData><SchemaData schemaUrl="#shopping_and_retail">
		<SimpleData name="Category">grocery_store</SimpleData>
		<SimpleData name="Address">Balwant Chambers, Sharanpur Rd, Racca Colony, New Pandit Colony, Nashik, Maharashtra 422002, India</SimpleData>
		<SimpleData name="Latitude">20.0019435</SimpleData>
		<SimpleData name="Longitude">73.7752881</SimpleData>
		<SimpleData name="Rating">4.2</SimpleData>
		<SimpleData name="Place_ID">ChIJ8Xxt76Dr3TsRwC6cSPg56cE</SimpleData>
		<SimpleData name="Distance_m">1361</SimpleData>
		<SimpleData name="Source_File">Nashik_College_Road_establishments.xlsx</SimpleData>
	</SchemaData></ExtendedData>
      <Point><coordinates>73.7752881,20.0019435</coordinates></Point>
  </Placemark>
  <Placemark id="shopping_and_retail.312">
	<name>Om Sai Ram Hot Chips</name>
	<ExtendedData><SchemaData schemaUrl="#shopping_and_retail">
		<SimpleData name="Category">grocery_store</SimpleData>
		<SimpleData name="Address">Opposite Big Bazar, Vitthal Mandir, Shop No. 1, Rahalkar Bros Apartment, Patil Colony, College Rd, Nashik, Maharashtra 422005, India</SimpleData>
		<SimpleData name="Latitude">20.0058077</SimpleData>
		<SimpleData name="Longitude">73.7657515</SimpleData>
		<SimpleData name="Rating">3.8</SimpleData>
		<SimpleData name="Place_ID">ChIJCbdFWZnr3TsR7Kf5WE6xBq4</SimpleData>
		<SimpleData name="Distance_m">288</SimpleData>
		<SimpleData name="Source_File">Nashik_College_Road_establishments.xlsx</SimpleData>
	</SchemaData></ExtendedData>
      <Point><coordinates>73.7657515,20.0058077</coordinates></Point>
  </Placemark>
  <Placemark id="shopping_and_retail.313">
	<name>Someshwar Kirana Centre</name>
	<ExtendedData><SchemaData schemaUrl="#shopping_and_retail">
		<SimpleData name="Category">grocery_store</SimpleData>
		<SimpleData name="Address">Shop No 1 &amp;2,Pushpa Society, Gangapur Road Opposite S.T. Colony, D'souza Colony, Nashik, Maharashtra 422005, India</SimpleData>
		<SimpleData name="Latitude">20.011559</SimpleData>
		<SimpleData name="Longitude">73.7593053</SimpleData>
		<SimpleData name="Rating">4</SimpleData>
		<SimpleData name="Place_ID">ChIJvdZ83o_r3TsRJVYn_KRnFnA</SimpleData>
		<SimpleData name="Distance_m">729</SimpleData>
		<SimpleData name="Source_File">Nashik_College_Road_establishments.xlsx</SimpleData>
	</SchemaData></ExtendedData>
      <Point><coordinates>73.7593053,20.011559</coordinates></Point>
  </Placemark>
  <Placemark id="shopping_and_retail.314">
	<name>New Prakash Super Market</name>
	<ExtendedData><SchemaData schemaUrl="#shopping_and_retail">
		<SimpleData name="Category">grocery_store</SimpleData>
		<SimpleData name="Address">Shop No. 5, Garden Plaza, Pumping Station, Apartment, Gangapur Rd, near Mamungi Mangal Karyalaya, Saubhagya Nagar, Nashik, Maharashtra 422013, India</SimpleData>
		<SimpleData name="Latitude">20.0112721</SimpleData>
		<SimpleData name="Longitude">73.7664345</SimpleData>
		<SimpleData name="Rating">5</SimpleData>
		<SimpleData name="Place_ID">ChIJQWJIW5fr3TsRSBuiTNMtjGY</SimpleData>
		<SimpleData name="Distance_m">1699</SimpleData>
		<SimpleData name="Source_File">Nashik_Gangapur_Road_establishments.xlsx</SimpleData>
	</SchemaData></ExtendedData>
      <Point><coordinates>73.7664345,20.0112721</coordinates></Point>
  </Placemark>
  <Placemark id="shopping_and_retail.315">
	<name>AARYA GOLD</name>
	<ExtendedData><SchemaData schemaUrl="#shopping_and_retail">
		<SimpleData name="Category">grocery_store</SimpleData>
		<SimpleData name="Address">Shramik co. Society, Gangapur Rd, nr. Prasad Circle, opp. Bagul Hospital, Manik Nagar, Nashik, Maharashtra 422013, India</SimpleData>
		<SimpleData name="Latitude">20.0113247</SimpleData>
		<SimpleData name="Longitude">73.7606384</SimpleData>
		<SimpleData name="Rating">5</SimpleData>
		<SimpleData name="Place_ID">ChIJ1aiZdm7r3TsRKhppDR7TqfA</SimpleData>
		<SimpleData name="Distance_m">1095</SimpleData>
		<SimpleData name="Source_File">Nashik_Gangapur_Road_establishments.xlsx</SimpleData>
	</SchemaData></ExtendedData>
      <Point><coordinates>73.7606384,20.0113247</coordinates></Point>
  </Placemark>
  <Placemark id="shopping_and_retail.316">
	<name>Reliance Fresh</name>
	<ExtendedData><SchemaData schemaUrl="#shopping_and_retail">
		<SimpleData name="Category">grocery_store</SimpleData>
		<SimpleData name="Address">Vasant Market, Gangapur Rd, Canada Corner, Nashik, Maharashtra 422002, India</SimpleData>
		<SimpleData name="Latitude">20.0052574</SimpleData>
		<SimpleData name="Longitude">73.771112</SimpleData>
		<SimpleData name="Place_ID">ChIJOXcsq5jr3TsRBCePql2ffbo</SimpleData>
		<SimpleData name="Distance_m">2317</SimpleData>
		<SimpleData name="Source_File">Nashik_Gangapur_Road_establishments.xlsx</SimpleData>
	</SchemaData></ExtendedData>
      <Point><coordinates>73.771112,20.0052574</coordinates></Point>
  </Placemark>
  <Placemark id="shopping_and_retail.317">
	<name>Jogeshwari Grocery Store</name>
	<ExtendedData><SchemaData schemaUrl="#shopping_and_retail">
		<SimpleData name="Category">grocery_store</SimpleData>
		<SimpleData name="Address">XQVF+25F, Tidke Colony, Nashik, Maharashtra 422002, India</SimpleData>
		<SimpleData name="Latitude">19.9925501</SimpleData>
		<SimpleData name="Longitude">73.7729107</SimpleData>
		<SimpleData name="Rating">4.3</SimpleData>
		<SimpleData name="Place_ID">ChIJ1WsOlQzr3TsR3-BL_jhg1N4</SimpleData>
		<SimpleData name="Distance_m">1335</SimpleData>
		<SimpleData name="Source_File">Nashik_Mumbai_Naka_establishments.xlsx</SimpleData>
	</SchemaData></ExtendedData>
      <Point><coordinates>73.7729107,19.9925501</coordinates></Point>
  </Placemark>
  <Placemark id="shopping_and_retail.318">
	<name>MR.DIY NP Circle College Road Nashik</name>
	<ExtendedData><SchemaData schemaUrl="#shopping_and_retail">
		<SimpleData name="Category">home_improvement_store</SimpleData>
		<SimpleData name="Address">Survey No. 715/B/25, Ground and 1st floor, Plot No. 25, opposite Croma, off College Road, Thatte Nagar, Nashik, Maharashtra 422005, India</SimpleData>
		<SimpleData name="Latitude">20.0076261</SimpleData>
		<SimpleData name="Longitude">73.7635034</SimpleData>
		<SimpleData name="Rating">4.6</SimpleData>
		<SimpleData name="Place_ID">ChIJ6REMccvr3TsR36b4vSNJH6s</SimpleData>
		<SimpleData name="Distance_m">188</SimpleData>
		<SimpleData name="Source_File">Nashik_College_Road_establishments.xlsx</SimpleData>
	</SchemaData></ExtendedData>
      <Point><coordinates>73.7635034,20.0076261</coordinates></Point>
  </Placemark>
  <Placemark id="shopping_and_retail.319">
	<name>Reliance SMART Superstore</name>
	<ExtendedData><SchemaData schemaUrl="#shopping_and_retail">
		<SimpleData name="Category">hypermarket</SimpleData>
		<SimpleData name="Address">Trimbak Chouk, Pinnacle Mall, near Atal Buildcon Pvt Ltd, Trimbak Naka, Matoshree Nagar, Nashik, Maharashtra 422002, India</SimpleData>
		<SimpleData name="Latitude">19.996809</SimpleData>
		<SimpleData name="Longitude">73.7808689</SimpleData>
		<SimpleData name="Rating">4</SimpleData>
		<SimpleData name="Place_ID">ChIJHfnGKe_r3TsRTZ6q-gHF_XU</SimpleData>
		<SimpleData name="Distance_m">859</SimpleData>
		<SimpleData name="Source_File">Nashik_Sharanpur_Road_establishments.xlsx</SimpleData>
	</SchemaData></ExtendedData>
      <Point><coordinates>73.7808689,19.996809</coordinates></Point>
  </Placemark>
  <Placemark id="shopping_and_retail.320">
	<name>Karishma NX</name>
	<ExtendedData><SchemaData schemaUrl="#shopping_and_retail">
		<SimpleData name="Category">jewelry_store</SimpleData>
		<SimpleData name="Address">19, Asawari Chambers, College Rd, Canada Corner, Nashik, Maharashtra 422005, India</SimpleData>
		<SimpleData name="Latitude">20.004756</SimpleData>
		<SimpleData name="Longitude">73.768194</SimpleData>
		<SimpleData name="Rating">4.2</SimpleData>
		<SimpleData name="Place_ID">ChIJ4ypT1J7r3TsRspxSthQJwGw</SimpleData>
		<SimpleData name="Distance_m">560</SimpleData>
		<SimpleData name="Source_File">Nashik_College_Road_establishments.xlsx</SimpleData>
	</SchemaData></ExtendedData>
      <Point><coordinates>73.768194,20.004756</coordinates></Point>
  </Placemark>
  <Placemark id="shopping_and_retail.321">
	<name>Freshaura Mart</name>
	<ExtendedData><SchemaData schemaUrl="#shopping_and_retail">
		<SimpleData name="Category">market</SimpleData>
		<SimpleData name="Address">College Rd, Near Canada Corner, Nashik, Maharashtra 422005, India</SimpleData>
		<SimpleData name="Latitude">20.0066772</SimpleData>
		<SimpleData name="Longitude">73.7638608</SimpleData>
		<SimpleData name="Place_ID">ChIJc2pDsk7r3TsRQIdkpqIEYGo</SimpleData>
		<SimpleData name="Distance_m">117</SimpleData>
		<SimpleData name="Source_File">Nashik_College_Road_establishments.xlsx</SimpleData>
	</SchemaData></ExtendedData>
      <Point><coordinates>73.7638608,20.0066772</coordinates></Point>
  </Placemark>
  <Placemark id="shopping_and_retail.322">
	<name>Tibetian Welfare Association Market</name>
	<ExtendedData><SchemaData schemaUrl="#shopping_and_retail">
		<SimpleData name="Category">market</SimpleData>
		<SimpleData name="Address">Sharanpur Rd, Tibetian Market, Sahjeevan Colony, Nashik, Maharashtra 422005, India</SimpleData>
		<SimpleData name="Latitude">19.9984931</SimpleData>
		<SimpleData name="Longitude">73.767564</SimpleData>
		<SimpleData name="Rating">3.8</SimpleData>
		<SimpleData name="Place_ID">ChIJL__ejXXr3TsRMStLbUsM7co</SimpleData>
		<SimpleData name="Distance_m">961</SimpleData>
		<SimpleData name="Source_File">Nashik_College_Road_establishments.xlsx</SimpleData>
	</SchemaData></ExtendedData>
      <Point><coordinates>73.767564,19.9984931</coordinates></Point>
  </Placemark>
  <Placemark id="shopping_and_retail.323">
	<name>Sidhhivinayak Fruits And Vegitables</name>
	<ExtendedData><SchemaData schemaUrl="#shopping_and_retail">
		<SimpleData name="Category">market</SimpleData>
		<SimpleData name="Address">Shop No. 5 Amar Arced Ambedkar Chowk, Saduwasani Colony Road, Kulkarni Gardan Colony, Jejurkar Wadi, Sharanpur, Nashik, Maharashtra 422002, India</SimpleData>
		<SimpleData name="Latitude">19.9984002</SimpleData>
		<SimpleData name="Longitude">73.7722066</SimpleData>
		<SimpleData name="Rating">4</SimpleData>
		<SimpleData name="Place_ID">ChIJ7V3bhQTr3TsRy4Qqb6pqjHY</SimpleData>
		<SimpleData name="Distance_m">1280</SimpleData>
		<SimpleData name="Source_File">Nashik_College_Road_establishments.xlsx</SimpleData>
	</SchemaData></ExtendedData>
      <Point><coordinates>73.7722066,19.9984002</coordinates></Point>
  </Placemark>
  <Placemark id="shopping_and_retail.324">
	<name>Tomato's Nashik Restaurant &amp; Bar</name>
	<ExtendedData><SchemaData schemaUrl="#shopping_and_retail">
		<SimpleData name="Category">medical_clinic</SimpleData>
		<SimpleData name="Address">Sr.No. 13/A, Besides, SK Open Mall, Shraddha Petrol Pump, College Rd, Ramdas Colony, Nashik, Maharashtra 422005, India</SimpleData>
		<SimpleData name="Latitude">20.0049549</SimpleData>
		<SimpleData name="Longitude">73.76335</SimpleData>
		<SimpleData name="Rating">4.1</SimpleData>
		<SimpleData name="Place_ID">ChIJTTnvKFjr3TsRn4ZaeZqHWww</SimpleData>
		<SimpleData name="Distance_m">122</SimpleData>
		<SimpleData name="Source_File">Nashik_College_Road_establishments.xlsx</SimpleData>
	</SchemaData></ExtendedData>
      <Point><coordinates>73.76335,20.0049549</coordinates></Point>
  </Placemark>
  <Placemark id="shopping_and_retail.325">
	<name>Muhurat Shopping Mall</name>
	<ExtendedData><SchemaData schemaUrl="#shopping_and_retail">
		<SimpleData name="Category">shopping_mall</SimpleData>
		<SimpleData name="Address">Lavate Nager, Parijat Nagar, Nashik, Maharashtra 422002, India</SimpleData>
		<SimpleData name="Latitude">19.9917974</SimpleData>
		<SimpleData name="Longitude">73.754951</SimpleData>
		<SimpleData name="Rating">4.4</SimpleData>
		<SimpleData name="Place_ID">ChIJuwt51UXr3TsRHNGeA1kDkbk</SimpleData>
		<SimpleData name="Distance_m">2305</SimpleData>
		<SimpleData name="Source_File">Nashik_Ambad_establishments.xlsx</SimpleData>
	</SchemaData></ExtendedData>
      <Point><coordinates>73.754951,19.9917974</coordinates></Point>
  </Placemark>
  <Placemark id="shopping_and_retail.326">
	<name>Shraddha Mall: Shopping Centre In Nashik</name>
	<ExtendedData><SchemaData schemaUrl="#shopping_and_retail">
		<SimpleData name="Category">shopping_mall</SimpleData>
		<SimpleData name="Address">College Rd, near BYK -RYK College, Yeolekar Mala, Ramdas Colony, Nashik, Maharashtra 422005, India</SimpleData>
		<SimpleData name="Latitude">20.0052772</SimpleData>
		<SimpleData name="Longitude">73.7638331</SimpleData>
		<SimpleData name="Rating">3.9</SimpleData>
		<SimpleData name="Place_ID">ChIJeRxIk5vr3TsRHjt3mMli2p4</SimpleData>
		<SimpleData name="Distance_m">118</SimpleData>
		<SimpleData name="Source_File">Nashik_College_Road_establishments.xlsx</SimpleData>
	</SchemaData></ExtendedData>
      <Point><coordinates>73.7638331,20.0052772</coordinates></Point>
  </Placemark>
  <Placemark id="shopping_and_retail.327">
	<name>SK Mall</name>
	<ExtendedData><SchemaData schemaUrl="#shopping_and_retail">
		<SimpleData name="Category">shopping_mall</SimpleData>
		<SimpleData name="Address">1/2, College Rd, Ramdas Colony, Nashik, Maharashtra 422005, India</SimpleData>
		<SimpleData name="Latitude">20.0051632</SimpleData>
		<SimpleData name="Longitude">73.7635062</SimpleData>
		<SimpleData name="Rating">3.7</SimpleData>
		<SimpleData name="Place_ID">ChIJEaSAjpvr3TsRJjyN2nyLJ58</SimpleData>
		<SimpleData name="Distance_m">107</SimpleData>
		<SimpleData name="Source_File">Nashik_College_Road_establishments.xlsx</SimpleData>
	</SchemaData></ExtendedData>
      <Point><coordinates>73.7635062,20.0051632</coordinates></Point>
  </Placemark>
  <Placemark id="shopping_and_retail.328">
	<name>R Square</name>
	<ExtendedData><SchemaData schemaUrl="#shopping_and_retail">
		<SimpleData name="Category">shopping_mall</SimpleData>
		<SimpleData name="Address">Shop no.4, 2nd Floor, College Signal, College Rd, above Ddecor Showroom, near vijuj dabeli, Thatte Nagar, road, Nashik, Maharashtra 422005, India</SimpleData>
		<SimpleData name="Latitude">20.0067015</SimpleData>
		<SimpleData name="Longitude">73.7636848</SimpleData>
		<SimpleData name="Rating">3.8</SimpleData>
		<SimpleData name="Place_ID">ChIJCXBnt5vr3TsRUgpIq9vZ0ZE</SimpleData>
		<SimpleData name="Distance_m">106</SimpleData>
		<SimpleData name="Source_File">Nashik_College_Road_establishments.xlsx</SimpleData>
	</SchemaData></ExtendedData>
      <Point><coordinates>73.7636848,20.0067015</coordinates></Point>
  </Placemark>
  <Placemark id="shopping_and_retail.329">
	<name>BOSCO CENTER</name>
	<ExtendedData><SchemaData schemaUrl="#shopping_and_retail">
		<SimpleData name="Category">shopping_mall</SimpleData>
		<SimpleData name="Address">Bosco centre, Gangapur Rd, near Maria Vihar, Nashik, Maharashtra 422005, India</SimpleData>
		<SimpleData name="Latitude">20.0107497</SimpleData>
		<SimpleData name="Longitude">73.7613743</SimpleData>
		<SimpleData name="Rating">4</SimpleData>
		<SimpleData name="Place_ID">ChIJeTI_rzLr3TsRxsTfqbHcp18</SimpleData>
		<SimpleData name="Distance_m">555</SimpleData>
		<SimpleData name="Source_File">Nashik_College_Road_establishments.xlsx</SimpleData>
	</SchemaData></ExtendedData>
      <Point><coordinates>73.7613743,20.0107497</coordinates></Point>
  </Placemark>
  <Placemark id="shopping_and_retail.330">
	<name>7nine Shopping</name>
	<ExtendedData><SchemaData schemaUrl="#shopping_and_retail">
		<SimpleData name="Category">shopping_mall</SimpleData>
		<SimpleData name="Address">7, Natraj Plaza, College Rd, Anandwan Colony, Nashik, Maharashtra 422005, India</SimpleData>
		<SimpleData name="Latitude">20.0011375</SimpleData>
		<SimpleData name="Longitude">73.7636724</SimpleData>
		<SimpleData name="Rating">4.6</SimpleData>
		<SimpleData name="Place_ID">ChIJE5o0nv3r3TsRl5GRKjauGMw</SimpleData>
		<SimpleData name="Distance_m">545</SimpleData>
		<SimpleData name="Source_File">Nashik_College_Road_establishments.xlsx</SimpleData>
	</SchemaData></ExtendedData>
      <Point><coordinates>73.7636724,20.0011375</coordinates></Point>
  </Placemark>
  <Placemark id="shopping_and_retail.331">
	<name>Shobhana Plaza</name>
	<ExtendedData><SchemaData schemaUrl="#shopping_and_retail">
		<SimpleData name="Category">shopping_mall</SimpleData>
		<SimpleData name="Address">2Q65+QPF, Gangapur Rd, Near Swami Samarth Kendra, Abhyuday Colony, Abhuyday Colony, Nashik, Maharashtra 422013, India</SimpleData>
		<SimpleData name="Latitude">20.0119432</SimpleData>
		<SimpleData name="Longitude">73.7592949</SimpleData>
		<SimpleData name="Rating">4.1</SimpleData>
		<SimpleData name="Place_ID">ChIJ4Uln2I_r3TsR0QcLxP0zNXk</SimpleData>
		<SimpleData name="Distance_m">951</SimpleData>
		<SimpleData name="Source_File">Nashik_Gangapur_Road_establishments.xlsx</SimpleData>
	</SchemaData></ExtendedData>
      <Point><coordinates>73.7592949,20.0119432</coordinates></Point>
  </Placemark>
  <Placemark id="shopping_and_retail.332">
	<name>Business Square</name>
	<ExtendedData><SchemaData schemaUrl="#shopping_and_retail">
		<SimpleData name="Category">shopping_mall</SimpleData>
		<SimpleData name="Address">2Q29+6MH, Police Commissioner Office Rd, Anandwan Colony, Sharanpur, Nashik, Maharashtra 422002, India</SimpleData>
		<SimpleData name="Latitude">20.000556</SimpleData>
		<SimpleData name="Longitude">73.76923</SimpleData>
		<SimpleData name="Rating">4.2</SimpleData>
		<SimpleData name="Place_ID">ChIJj_N0mJ_r3TsRor3UlVRYw0E</SimpleData>
		<SimpleData name="Distance_m">2373</SimpleData>
		<SimpleData name="Source_File">Nashik_Gangapur_Road_establishments.xlsx</SimpleData>
	</SchemaData></ExtendedData>
      <Point><coordinates>73.76923,20.000556</coordinates></Point>
  </Placemark>
  <Placemark id="shopping_and_retail.333">
	<name>Thakkar Bazaar</name>
	<ExtendedData><SchemaData schemaUrl="#shopping_and_retail">
		<SimpleData name="Category">shopping_mall</SimpleData>
		<SimpleData name="Address">Shop No. FL-03, First, New CBS, Thakkar Bazar Complex, Trambakeshwar Rd, Thakkar Bazar, Police Staff Colony, Nashik, Maharashtra 422002, India</SimpleData>
		<SimpleData name="Latitude">19.9972112</SimpleData>
		<SimpleData name="Longitude">73.7800069</SimpleData>
		<SimpleData name="Rating">3.8</SimpleData>
		<SimpleData name="Place_ID">ChIJcVmaFBjr3TsReCCsfAUTucA</SimpleData>
		<SimpleData name="Distance_m">1161</SimpleData>
		<SimpleData name="Source_File">Nashik_Mumbai_Naka_establishments.xlsx</SimpleData>
	</SchemaData></ExtendedData>
      <Point><coordinates>73.7800069,19.9972112</coordinates></Point>
  </Placemark>
  <Placemark id="shopping_and_retail.334">
	<name>Palika Bazar</name>
	<ExtendedData><SchemaData schemaUrl="#shopping_and_retail">
		<SimpleData name="Category">shopping_mall</SimpleData>
		<SimpleData name="Address">XQX9+9C3, Sharanpur Link Rd, Tibetian Market, Sharanpur, Nashik, Maharashtra 422005, India</SimpleData>
		<SimpleData name="Latitude">19.9983927</SimpleData>
		<SimpleData name="Longitude">73.7685431</SimpleData>
		<SimpleData name="Rating">3.8</SimpleData>
		<SimpleData name="Place_ID">ChIJq6qqhXXr3TsRdqXoH5V3b3Y</SimpleData>
		<SimpleData name="Distance_m">738</SimpleData>
		<SimpleData name="Source_File">Nashik_Sharanpur_Road_establishments.xlsx</SimpleData>
	</SchemaData></ExtendedData>
      <Point><coordinates>73.7685431,19.9983927</coordinates></Point>
  </Placemark>
  <Placemark id="shopping_and_retail.335">
	<name>Gulmohar Arcade</name>
	<ExtendedData><SchemaData schemaUrl="#shopping_and_retail">
		<SimpleData name="Category">shopping_mall</SimpleData>
		<SimpleData name="Address">2Q2F+W7H, Sharanpur Rd, Near Rajiv Gandhi Bhavan, Near Kulkarni Garden, New Pandit Colony, Nashik, Maharashtra 422002, India</SimpleData>
		<SimpleData name="Latitude">20.0023169</SimpleData>
		<SimpleData name="Longitude">73.773248</SimpleData>
		<SimpleData name="Rating">3.8</SimpleData>
		<SimpleData name="Place_ID">ChIJvS1oTKDr3TsRraN_IqWNv_4</SimpleData>
		<SimpleData name="Distance_m">153</SimpleData>
		<SimpleData name="Source_File">Nashik_Sharanpur_Road_establishments.xlsx</SimpleData>
	</SchemaData></ExtendedData>
      <Point><coordinates>73.773248,20.0023169</coordinates></Point>
  </Placemark>
  <Placemark id="shopping_and_retail.336">
	<name>Roongta Arcade</name>
	<ExtendedData><SchemaData schemaUrl="#shopping_and_retail">
		<SimpleData name="Category">shopping_mall</SimpleData>
		<SimpleData name="Address">Opp, Lane No. 3, Sharanpur Rd, Kulkarni Baug, Pandit Colony, Nashik, Maharashtra 422002, India</SimpleData>
		<SimpleData name="Latitude">20.0030654</SimpleData>
		<SimpleData name="Longitude">73.7733421</SimpleData>
		<SimpleData name="Rating">4.1</SimpleData>
		<SimpleData name="Place_ID">ChIJAQBAT6Dr3TsRLmbd3kh4ns8</SimpleData>
		<SimpleData name="Distance_m">193</SimpleData>
		<SimpleData name="Source_File">Nashik_Sharanpur_Road_establishments.xlsx</SimpleData>
	</SchemaData></ExtendedData>
      <Point><coordinates>73.7733421,20.0030654</coordinates></Point>
  </Placemark>
  <Placemark id="shopping_and_retail.337">
	<name>Total Sports &amp; Fitness Nashik</name>
	<ExtendedData><SchemaData schemaUrl="#shopping_and_retail">
		<SimpleData name="Category">sporting_goods_store</SimpleData>
		<SimpleData name="Address">Shop no. 6, Yashomati Avenue, College Rd, Patil Colony, Canada Corner, Nashik, Maharashtra 422005, India</SimpleData>
		<SimpleData name="Latitude">20.0049393</SimpleData>
		<SimpleData name="Longitude">73.7685411</SimpleData>
		<SimpleData name="Rating">4.9</SimpleData>
		<SimpleData name="Place_ID">ChIJ58NUjRzr3TsRVlumvRDrkUc</SimpleData>
		<SimpleData name="Distance_m">591</SimpleData>
		<SimpleData name="Source_File">Nashik_College_Road_establishments.xlsx</SimpleData>
	</SchemaData></ExtendedData>
      <Point><coordinates>73.7685411,20.0049393</coordinates></Point>
  </Placemark>
  <Placemark id="shopping_and_retail.338">
	<name>Reliance Digital Mobiles</name>
	<ExtendedData><SchemaData schemaUrl="#shopping_and_retail">
		<SimpleData name="Category">store</SimpleData>
		<SimpleData name="Address">Shop No 1, Varadmurti, Sonwane Building, College Rd, opposite Takle Jewellers, Patil Colony, Canada Corner, Nashik, Maharashtra 422005, India</SimpleData>
		<SimpleData name="Latitude">20.0044247</SimpleData>
		<SimpleData name="Longitude">73.7696818</SimpleData>
		<SimpleData name="Rating">4.2</SimpleData>
		<SimpleData name="Place_ID">ChIJ33yUgGvr3TsRz2ck4uVhSMI</SimpleData>
		<SimpleData name="Distance_m">720</SimpleData>
		<SimpleData name="Source_File">Nashik_College_Road_establishments.xlsx</SimpleData>
	</SchemaData></ExtendedData>
      <Point><coordinates>73.7696818,20.0044247</coordinates></Point>
  </Placemark>
  <Placemark id="shopping_and_retail.339">
	<name>Health n More</name>
	<ExtendedData><SchemaData schemaUrl="#shopping_and_retail">
		<SimpleData name="Category">store</SimpleData>
		<SimpleData name="Address">2,Manihar,dr.Vijan Hospital Lane,Opp Sonali Apt, College Rd, Vese Mala, Canada Corner, Nashik, Maharashtra 422005, India</SimpleData>
		<SimpleData name="Latitude">20.0048005</SimpleData>
		<SimpleData name="Longitude">73.766895</SimpleData>
		<SimpleData name="Rating">4.9</SimpleData>
		<SimpleData name="Place_ID">ChIJs4gXKp_r3TsRsZEbthmDa1o</SimpleData>
		<SimpleData name="Distance_m">428</SimpleData>
		<SimpleData name="Source_File">Nashik_College_Road_establishments.xlsx</SimpleData>
	</SchemaData></ExtendedData>
      <Point><coordinates>73.766895,20.0048005</coordinates></Point>
  </Placemark>
  <Placemark id="shopping_and_retail.340">
	<name>Itsy Bitsy</name>
	<ExtendedData><SchemaData schemaUrl="#shopping_and_retail">
		<SimpleData name="Category">store</SimpleData>
		<SimpleData name="Address">Shop No.4, B Square Complex, near Shraddha Petrol Pump, off College Road, Yeolekar Mala, Nashik, Maharashtra 422005, India</SimpleData>
		<SimpleData name="Latitude">20.002741</SimpleData>
		<SimpleData name="Longitude">73.7627251</SimpleData>
		<SimpleData name="Rating">4.2</SimpleData>
		<SimpleData name="Place_ID">ChIJr7SvCynr3TsR4yHTim_jCNk</SimpleData>
		<SimpleData name="Distance_m">364</SimpleData>
		<SimpleData name="Source_File">Nashik_College_Road_establishments.xlsx</SimpleData>
	</SchemaData></ExtendedData>
      <Point><coordinates>73.7627251,20.002741</coordinates></Point>
  </Placemark>
  <Placemark id="shopping_and_retail.341">
	<name>Fresh Fruit Stall</name>
	<ExtendedData><SchemaData schemaUrl="#shopping_and_retail">
		<SimpleData name="Category">store</SimpleData>
		<SimpleData name="Address">Janlaxmi Bank Shop No. 8, Ramkrushna Apartment, Gangapur Rd, Shramik Nagar, Manik Nagar, Nashik, Maharashtra 422013, India</SimpleData>
		<SimpleData name="Latitude">20.0113806</SimpleData>
		<SimpleData name="Longitude">73.7615108</SimpleData>
		<SimpleData name="Rating">3.3</SimpleData>
		<SimpleData name="Place_ID">ChIJbep6aZDr3TsRtfzSXi92Rbk</SimpleData>
		<SimpleData name="Distance_m">1185</SimpleData>
		<SimpleData name="Source_File">Nashik_Gangapur_Road_establishments.xlsx</SimpleData>
	</SchemaData></ExtendedData>
      <Point><coordinates>73.7615108,20.0113806</coordinates></Point>
  </Placemark>
  <Placemark id="shopping_and_retail.342">
	<name>Reliance Digital Mobiles</name>
	<ExtendedData><SchemaData schemaUrl="#shopping_and_retail">
		<SimpleData name="Category">store</SimpleData>
		<SimpleData name="Address">Shop No 1, Saraswati Apartment Gangapur Road, New, Gangapur Naka, D'souza Colony, Nashik, Maharashtra 422013, India</SimpleData>
		<SimpleData name="Latitude">20.0118253</SimpleData>
		<SimpleData name="Longitude">73.7560655</SimpleData>
		<SimpleData name="Rating">4.3</SimpleData>
		<SimpleData name="Place_ID">ChIJ_fw-7VDr3TsRPEQj9tzqUd0</SimpleData>
		<SimpleData name="Distance_m">614</SimpleData>
		<SimpleData name="Source_File">Nashik_Gangapur_Road_establishments.xlsx</SimpleData>
	</SchemaData></ExtendedData>
      <Point><coordinates>73.7560655,20.0118253</coordinates></Point>
  </Placemark>
  <Placemark id="shopping_and_retail.343">
	<name>Health n More</name>
	<ExtendedData><SchemaData schemaUrl="#shopping_and_retail">
		<SimpleData name="Category">store</SimpleData>
		<SimpleData name="Address">Shop No.3, Gajanan Enclave, Gangapur Rd, Gole Colony Corner, Gole Colony, Nashik, Maharashtra 422002, India</SimpleData>
		<SimpleData name="Latitude">20.0064491</SimpleData>
		<SimpleData name="Longitude">73.7833273</SimpleData>
		<SimpleData name="Rating">4</SimpleData>
		<SimpleData name="Place_ID">ChIJ3QHoVK_r3TsRzbD8ZY8PljU</SimpleData>
		<SimpleData name="Distance_m">1631</SimpleData>
		<SimpleData name="Source_File">Nashik_Tapovan_establishments.xlsx</SimpleData>
	</SchemaData></ExtendedData>
      <Point><coordinates>73.7833273,20.0064491</coordinates></Point>
  </Placemark>
  <Placemark id="shopping_and_retail.344">
	<name>Reliance Smart Bazaar</name>
	<ExtendedData><SchemaData schemaUrl="#shopping_and_retail">
		<SimpleData name="Category">supermarket</SimpleData>
		<SimpleData name="Address">The Zone, College Rd, Vise Mala, Canada Corner, Nashik, Maharashtra 422005, India</SimpleData>
		<SimpleData name="Latitude">20.0053231</SimpleData>
		<SimpleData name="Longitude">73.7661552</SimpleData>
		<SimpleData name="Rating">4</SimpleData>
		<SimpleData name="Place_ID">ChIJZ_sQTpnr3TsRj0-z77HSDMc</SimpleData>
		<SimpleData name="Distance_m">338</SimpleData>
		<SimpleData name="Source_File">Nashik_College_Road_establishments.xlsx</SimpleData>
	</SchemaData></ExtendedData>
      <Point><coordinates>73.7661552,20.0053231</coordinates></Point>
  </Placemark>
  <Placemark id="shopping_and_retail.345">
	<name>DailyMarts25</name>
	<ExtendedData><SchemaData schemaUrl="#shopping_and_retail">
		<SimpleData name="Category">supermarket</SimpleData>
		<SimpleData name="Address">College Rd, Patil Colony, Canada Corner, Nashik, Maharashtra 422005, India</SimpleData>
		<SimpleData name="Latitude">20.0053631</SimpleData>
		<SimpleData name="Longitude">73.7674343</SimpleData>
		<SimpleData name="Rating">5</SimpleData>
		<SimpleData name="Place_ID">ChIJLev1Manr3TsRddIit33r1FE</SimpleData>
		<SimpleData name="Distance_m">469</SimpleData>
		<SimpleData name="Source_File">Nashik_College_Road_establishments.xlsx</SimpleData>
	</SchemaData></ExtendedData>
      <Point><coordinates>73.7674343,20.0053631</coordinates></Point>
  </Placemark>
  <Placemark id="shopping_and_retail.346">
	<name>Nilesh Super Market (P) Ltd.</name>
	<ExtendedData><SchemaData schemaUrl="#shopping_and_retail">
		<SimpleData name="Category">supermarket</SimpleData>
		<SimpleData name="Address">N.V Plaza, Chandak Circle, Tidke Colony, Nashik, Maharashtra 422002, India</SimpleData>
		<SimpleData name="Latitude">19.9928957</SimpleData>
		<SimpleData name="Longitude">73.775095</SimpleData>
		<SimpleData name="Rating">4.3</SimpleData>
		<SimpleData name="Place_ID">ChIJ6VwkaQzr3TsRYK8zTup0F0U</SimpleData>
		<SimpleData name="Distance_m">1149</SimpleData>
		<SimpleData name="Source_File">Nashik_Mumbai_Naka_establishments.xlsx</SimpleData>
	</SchemaData></ExtendedData>
      <Point><coordinates>73.775095,19.9928957</coordinates></Point>
  </Placemark>
  <Placemark id="shopping_and_retail.347">
	<name>MORE Megastore</name>
	<ExtendedData><SchemaData schemaUrl="#shopping_and_retail">
		<SimpleData name="Category">supermarket</SimpleData>
		<SimpleData name="Address">XQWJ+QF2, Trambakeshwar Rd, Trimbak Naka, Matoshree Nagar, Nashik, Maharashtra 422002, India</SimpleData>
		<SimpleData name="Latitude">19.996882</SimpleData>
		<SimpleData name="Longitude">73.781133</SimpleData>
		<SimpleData name="Rating">4.1</SimpleData>
		<SimpleData name="Place_ID">ChIJmeUe8Qjr3TsRuyeqpp92hEI</SimpleData>
		<SimpleData name="Distance_m">875</SimpleData>
		<SimpleData name="Source_File">Nashik_Sharanpur_Road_establishments.xlsx</SimpleData>
	</SchemaData></ExtendedData>
      <Point><coordinates>73.781133,19.996882</coordinates></Point>
  </Placemark>
  <Placemark id="shopping_and_retail.348">
	<name>Kabra Emporium | Wholesale Section | Textile Market</name>
	<ExtendedData><SchemaData schemaUrl="#shopping_and_retail">
		<SimpleData name="Category">wholesaler</SimpleData>
		<SimpleData name="Address">Gopal Park, Lane no 3, Saharanpur Road, near Sindhu Sagar School, Old Pandit Colony, Police Staff Colony, Nashik, Maharashtra 422002, India</SimpleData>
		<SimpleData name="Latitude">20.0034021</SimpleData>
		<SimpleData name="Longitude">73.7774882</SimpleData>
		<SimpleData name="Rating">4.3</SimpleData>
		<SimpleData name="Place_ID">ChIJ_Xas6pzr3TsRr-LbjxXRJfo</SimpleData>
		<SimpleData name="Distance_m">1541</SimpleData>
		<SimpleData name="Source_File">Nashik_College_Road_establishments.xlsx</SimpleData>
	</SchemaData></ExtendedData>
      <Point><coordinates>73.7774882,20.0034021</coordinates></Point>
  </Placemark>
  <Placemark id="shopping_and_retail.349">
	<name>Soujanya market</name>
	<ExtendedData><SchemaData schemaUrl="#shopping_and_retail">
		<SimpleData name="Category">wholesaler</SimpleData>
		<SimpleData name="Address">Shop No.2, Sarju Park, Gangapur Rd, Rathi Amrai, Dehmandir Cooperative Housing Society, Nashik, Maharashtra 422013, India</SimpleData>
		<SimpleData name="Latitude">20.011964</SimpleData>
		<SimpleData name="Longitude">73.770258</SimpleData>
		<SimpleData name="Rating">4</SimpleData>
		<SimpleData name="Place_ID">ChIJg8Ck7pfr3TsRW0ldle0FLNw</SimpleData>
		<SimpleData name="Distance_m">1007</SimpleData>
		<SimpleData name="Source_File">Nashik_College_Road_establishments.xlsx</SimpleData>
	</SchemaData></ExtendedData>
      <Point><coordinates>73.770258,20.011964</coordinates></Point>
  </Placemark>
  <Placemark id="shopping_and_retail.350">
	<name>Sampanna Foods</name>
	<ExtendedData><SchemaData schemaUrl="#shopping_and_retail">
		<SimpleData name="Category">wholesaler</SimpleData>
		<SimpleData name="Address">Sadafuli Apartment, Saubhagya Nagar Rd, Saubhagya Nagar, Nashik, Maharashtra 422005, India</SimpleData>
		<SimpleData name="Latitude">20.0103913</SimpleData>
		<SimpleData name="Longitude">73.7647273</SimpleData>
		<SimpleData name="Rating">4.9</SimpleData>
		<SimpleData name="Place_ID">ChIJqZzr6qzr3TsROQnZcBGLcck</SimpleData>
		<SimpleData name="Distance_m">521</SimpleData>
		<SimpleData name="Source_File">Nashik_College_Road_establishments.xlsx</SimpleData>
	</SchemaData></ExtendedData>
      <Point><coordinates>73.7647273,20.0103913</coordinates></Point>
  </Placemark>
  <Placemark id="shopping_and_retail.351">
	<name>Shree Mahesh Traders</name>
	<ExtendedData><SchemaData schemaUrl="#shopping_and_retail">
		<SimpleData name="Category">wholesaler</SimpleData>
		<SimpleData name="Address">Gangapur Rd, opposite chopda lawns, Shivaji Nagar, Nashik, Maharashtra 423301, India</SimpleData>
		<SimpleData name="Latitude">20.0091525</SimpleData>
		<SimpleData name="Longitude">73.7728886</SimpleData>
		<SimpleData name="Rating">4</SimpleData>
		<SimpleData name="Place_ID">ChIJYWOy7aLr3TsRLfwMGrk7wA0</SimpleData>
		<SimpleData name="Distance_m">2395</SimpleData>
		<SimpleData name="Source_File">Nashik_Gangapur_Road_establishments.xlsx</SimpleData>
	</SchemaData></ExtendedData>
      <Point><coordinates>73.7728886,20.0091525</coordinates></Point>
  </Placemark>
  <Placemark id="shopping_and_retail.352">
	<name>eBaniya Super Market</name>
	<ExtendedData><SchemaData schemaUrl="#shopping_and_retail">
		<SimpleData name="Category">asian_grocery_store</SimpleData>
		<SimpleData name="Address">Shop No. 1, D J Avenue, Vrundavan CHS Near Akashwani Tower, Opp Samarth Jogging Track S. T. Colony, Gangapur Rd, Abhyuday Colony, Uday Nagar, Nashik, Maharashtra 422013, India</SimpleData>
		<SimpleData name="Latitude">20.0137192</SimpleData>
		<SimpleData name="Longitude">73.760071</SimpleData>
		<SimpleData name="Rating">4.8</SimpleData>
		<SimpleData name="Place_ID">ChIJoaifeJDr3TsREsbVSAFWplE</SimpleData>
		<SimpleData name="Distance_m">1045</SimpleData>
		<SimpleData name="Source_File">Nashik_Gangapur_Road_establishments.xlsx</SimpleData>
	</SchemaData></ExtendedData>
      <Point><coordinates>73.760071,20.0137192</coordinates></Point>
  </Placemark>
  <Placemark id="shopping_and_retail.353">
	<name>Modern Market</name>
	<ExtendedData><SchemaData schemaUrl="#shopping_and_retail">
		<SimpleData name="Category">asian_grocery_store</SimpleData>
		<SimpleData name="Address">Shop No. 6/7 , Spring Field Apt. , Anand Nagar Near Akashwani Tower, Gangapur Rd, Purnvad Nagar, Nashik, Maharashtra 422013, India</SimpleData>
		<SimpleData name="Latitude">20.0169011</SimpleData>
		<SimpleData name="Longitude">73.7590363</SimpleData>
		<SimpleData name="Rating">4.2</SimpleData>
		<SimpleData name="Place_ID">ChIJU6yt843r3TsRoFXkHigHnMw</SimpleData>
		<SimpleData name="Distance_m">1061</SimpleData>
		<SimpleData name="Source_File">Nashik_Gangapur_Road_establishments.xlsx</SimpleData>
	</SchemaData></ExtendedData>
      <Point><coordinates>73.7590363,20.0169011</coordinates></Point>
  </Placemark>
  <Placemark id="shopping_and_retail.354">
	<name>Prasad Mangal Karyalaya</name>
	<ExtendedData><SchemaData schemaUrl="#shopping_and_retail">
		<SimpleData name="Category">event_venue</SimpleData>
		<SimpleData name="Address">Poornawad Nagar, near, Akashwani Tower, Gangapur Rd, Purnvad Nagar, Nashik, Maharashtra 422013, India</SimpleData>
		<SimpleData name="Latitude">20.0152342</SimpleData>
		<SimpleData name="Longitude">73.7610855</SimpleData>
		<SimpleData name="Rating">4</SimpleData>
		<SimpleData name="Place_ID">ChIJcdoK85Hr3TsRT1WJ6ISkPOY</SimpleData>
		<SimpleData name="Distance_m">1186</SimpleData>
		<SimpleData name="Source_File">Nashik_Gangapur_Road_establishments.xlsx</SimpleData>
	</SchemaData></ExtendedData>
      <Point><coordinates>73.7610855,20.0152342</coordinates></Point>
  </Placemark>
  <Placemark id="shopping_and_retail.355">
	<name>DIPAK DAGADU MORE VEGETABLES</name>
	<ExtendedData><SchemaData schemaUrl="#shopping_and_retail">
		<SimpleData name="Category">general_store</SimpleData>
		<SimpleData name="Address">Shop 1, Akashwani, Gangapur Rd, Purnvad Nagar, Nashik, Maharashtra 422013, India</SimpleData>
		<SimpleData name="Latitude">20.0139624</SimpleData>
		<SimpleData name="Longitude">73.760616</SimpleData>
		<SimpleData name="Rating">1</SimpleData>
		<SimpleData name="Place_ID">ChIJJZ4akHrr3TsRM79KGuUDVRc</SimpleData>
		<SimpleData name="Distance_m">1106</SimpleData>
		<SimpleData name="Source_File">Nashik_Gangapur_Road_establishments.xlsx</SimpleData>
	</SchemaData></ExtendedData>
      <Point><coordinates>73.760616,20.0139624</coordinates></Point>
  </Placemark>
  <Placemark id="shopping_and_retail.356">
	<name>FOODMART</name>
	<ExtendedData><SchemaData schemaUrl="#shopping_and_retail">
		<SimpleData name="Category">grocery_store</SimpleData>
		<SimpleData name="Address">Right Side Basement Entrance, Off, Gangapur Rd, behind Nerlikar Hospital, Ram Nagar, Ashtavinayak Colony, Jehan Circle, Nashik, Maharashtra 422013, India</SimpleData>
		<SimpleData name="Latitude">20.0134345</SimpleData>
		<SimpleData name="Longitude">73.7558673</SimpleData>
		<SimpleData name="Rating">4.3</SimpleData>
		<SimpleData name="Place_ID">ChIJdejC8Y7r3TsR1ud6HqpVpdY</SimpleData>
		<SimpleData name="Distance_m">1113</SimpleData>
		<SimpleData name="Source_File">Nashik_College_Road_establishments.xlsx</SimpleData>
	</SchemaData></ExtendedData>
      <Point><coordinates>73.7558673,20.0134345</coordinates></Point>
  </Placemark>
  <Placemark id="shopping_and_retail.357">
	<name>Akashwani Vegetable Market</name>
	<ExtendedData><SchemaData schemaUrl="#shopping_and_retail">
		<SimpleData name="Category">market</SimpleData>
		<SimpleData name="Address">2Q76+H7W, Gangapur Rd, D. K. Nagar, Nashik, Maharashtra 422013, India</SimpleData>
		<SimpleData name="Latitude">20.0139858</SimpleData>
		<SimpleData name="Longitude">73.7607143</SimpleData>
		<SimpleData name="Rating">4.2</SimpleData>
		<SimpleData name="Place_ID">ChIJ55I9wZHr3TsR1IVmMMmbHxo</SimpleData>
		<SimpleData name="Distance_m">920</SimpleData>
		<SimpleData name="Source_File">Nashik_College_Road_establishments.xlsx</SimpleData>
	</SchemaData></ExtendedData>
      <Point><coordinates>73.7607143,20.0139858</coordinates></Point>
  </Placemark>
  <Placemark id="shopping_and_retail.358">
	<name>LAXMI PLAZA</name>
	<ExtendedData><SchemaData schemaUrl="#shopping_and_retail">
		<SimpleData name="Category">service</SimpleData>
		<SimpleData name="Address">2Q9P+XQ3, Makhmalabad Rd, Ganesh Nagar, Janata Raja Colony, Nashik, Maharashtra 422003, India</SimpleData>
		<SimpleData name="Latitude">20.0199543</SimpleData>
		<SimpleData name="Longitude">73.7868488</SimpleData>
		<SimpleData name="Rating">4.6</SimpleData>
		<SimpleData name="Place_ID">ChIJK5BDrzfr3TsRg7ZwF__gn7U</SimpleData>
		<SimpleData name="Distance_m">2098</SimpleData>
		<SimpleData name="Source_File">Nashik_Makhmalabad_establishments.xlsx</SimpleData>
	</SchemaData></ExtendedData>
      <Point><coordinates>73.7868488,20.0199543</coordinates></Point>
  </Placemark>
  <Placemark id="shopping_and_retail.359">
	<name>Suyojit Ratan Mall</name>
	<ExtendedData><SchemaData schemaUrl="#shopping_and_retail">
		<SimpleData name="Category">shopping_mall</SimpleData>
		<SimpleData name="Address">Tilak Rd, Shalimar, Nashik, Maharashtra 422001, India</SimpleData>
		<SimpleData name="Latitude">20.0024659</SimpleData>
		<SimpleData name="Longitude">73.787064</SimpleData>
		<SimpleData name="Rating">4.3</SimpleData>
		<SimpleData name="Place_ID">ChIJE_u7uKnr3TsR6t8b0x5PZks</SimpleData>
		<SimpleData name="Distance_m">3470</SimpleData>
		<SimpleData name="Source_File">Nashik_Wadala_Road_establishments.xlsx</SimpleData>
	</SchemaData></ExtendedData>
      <Point><coordinates>73.787064,20.0024659</coordinates></Point>
  </Placemark>
  <Placemark id="shopping_and_retail.360">
	<name>Jyoti Stores, Gangapur road</name>
	<ExtendedData><SchemaData schemaUrl="#shopping_and_retail">
		<SimpleData name="Category">store</SimpleData>
		<SimpleData name="Address">Shop no 1&amp;2,Ground Floor, Nathganga, Vegetable Market Road, off Gangapur Road, Shramik Nagar, S.T. Colony, Nashik, Maharashtra 422013, India</SimpleData>
		<SimpleData name="Latitude">20.0128422</SimpleData>
		<SimpleData name="Longitude">73.7609632</SimpleData>
		<SimpleData name="Rating">4.3</SimpleData>
		<SimpleData name="Place_ID">ChIJ9SIm5U3r3TsRtibxOm2egSY</SimpleData>
		<SimpleData name="Distance_m">1127</SimpleData>
		<SimpleData name="Source_File">Nashik_Gangapur_Road_establishments.xlsx</SimpleData>
	</SchemaData></ExtendedData>
      <Point><coordinates>73.7609632,20.0128422</coordinates></Point>
  </Placemark>
  <Placemark id="shopping_and_retail.361">
	<name>Pawar Bandhu Super Market - Gangapur Road</name>
	<ExtendedData><SchemaData schemaUrl="#shopping_and_retail">
		<SimpleData name="Category">supermarket</SimpleData>
		<SimpleData name="Address">B No.36, Unit 2, Shramik Co-operative Housing Society, Gangapur Rd, Manik Nagar, Nashik, Maharashtra 422013, India</SimpleData>
		<SimpleData name="Latitude">20.0135503</SimpleData>
		<SimpleData name="Longitude">73.7625678</SimpleData>
		<SimpleData name="Rating">4.1</SimpleData>
		<SimpleData name="Place_ID">ChIJg4JBsffr3TsRUctlOuIONGk</SimpleData>
		<SimpleData name="Distance_m">841</SimpleData>
		<SimpleData name="Source_File">Nashik_College_Road_establishments.xlsx</SimpleData>
	</SchemaData></ExtendedData>
      <Point><coordinates>73.7625678,20.0135503</coordinates></Point>
  </Placemark>
  <Placemark id="shopping_and_retail.362">
	<name>Mahalaxmi Super Market</name>
	<ExtendedData><SchemaData schemaUrl="#shopping_and_retail">
		<SimpleData name="Category">supermarket</SimpleData>
		<SimpleData name="Address">Shop No. 13 Gangapur Rd Kunal Pride, opp. Atharva Mangal Karyalaya, Date Nagar, Pramod Nagar, Nashik, Maharashtra 422013, India</SimpleData>
		<SimpleData name="Latitude">20.0183779</SimpleData>
		<SimpleData name="Longitude">73.756852</SimpleData>
		<SimpleData name="Rating">3.5</SimpleData>
		<SimpleData name="Place_ID">ChIJU4CcAI3r3TsRdO0TirWv4oY</SimpleData>
		<SimpleData name="Distance_m">977</SimpleData>
		<SimpleData name="Source_File">Nashik_Gangapur_Road_establishments.xlsx</SimpleData>
	</SchemaData></ExtendedData>
      <Point><coordinates>73.756852,20.0183779</coordinates></Point>
  </Placemark>
  <Placemark id="shopping_and_retail.363">
	<name>Shree bhagwati trading company(wholesale kirana shop)</name>
	<ExtendedData><SchemaData schemaUrl="#shopping_and_retail">
		<SimpleData name="Category">wholesaler</SimpleData>
		<SimpleData name="Address">RK near punjab national bank, Tilak Rd, near nandini agarbatti, Ambedkar Colony, Raviwar Karanja, Panchavati, Nashik, Maharashtra 422001, India</SimpleData>
		<SimpleData name="Latitude">20.0053518</SimpleData>
		<SimpleData name="Longitude">73.7875927</SimpleData>
		<SimpleData name="Rating">4.6</SimpleData>
		<SimpleData name="Place_ID">ChIJA07x86fr3TsRPfNBdysCEQo</SimpleData>
		<SimpleData name="Distance_m">2571</SimpleData>
		<SimpleData name="Source_File">Nashik_College_Road_establishments.xlsx</SimpleData>
	</SchemaData></ExtendedData>
      <Point><coordinates>73.7875927,20.0053518</coordinates></Point>
  </Placemark>
  <Placemark id="shopping_and_retail.364">
	<name>ORFARISTO (ELECTRONICS WHOLESALE &amp; RETAIL HUB)</name>
	<ExtendedData><SchemaData schemaUrl="#shopping_and_retail">
		<SimpleData name="Category">wholesaler</SimpleData>
		<SimpleData name="Address">Shop No.2, Ground Floor, opposite Circle Cinema, Ashok Stambh, Raviwar Karanja, Panchavati, Nashik, Maharashtra 422001, India</SimpleData>
		<SimpleData name="Latitude">20.0062062</SimpleData>
		<SimpleData name="Longitude">73.7848905</SimpleData>
		<SimpleData name="Rating">4.9</SimpleData>
		<SimpleData name="Place_ID">ChIJb3gZgPzr3TsRqARf6ZQJ3sQ</SimpleData>
		<SimpleData name="Distance_m">3892</SimpleData>
		<SimpleData name="Source_File">Nashik_Wadala_Road_establishments.xlsx</SimpleData>
	</SchemaData></ExtendedData>
      <Point><coordinates>73.7848905,20.0062062</coordinates></Point>
  </Placemark>
  <Placemark id="shopping_and_retail.365">
	<name>Mohan Textiles</name>
	<ExtendedData><SchemaData schemaUrl="#shopping_and_retail">
		<SimpleData name="Category">wholesaler</SimpleData>
		<SimpleData name="Address">Sarda Sankul, G43\44, Mahatma Gandhi Rd, Ashok Stambh, Raviwar Karanja, Panchavati, Nashik, Maharashtra 422001, India</SimpleData>
		<SimpleData name="Latitude">20.004924</SimpleData>
		<SimpleData name="Longitude">73.7859125</SimpleData>
		<SimpleData name="Rating">4.5</SimpleData>
		<SimpleData name="Place_ID">ChIJybd35ajr3TsRM24jlhCjPbg</SimpleData>
		<SimpleData name="Distance_m">3722</SimpleData>
		<SimpleData name="Source_File">Nashik_Wadala_Road_establishments.xlsx</SimpleData>
	</SchemaData></ExtendedData>
      <Point><coordinates>73.7859125,20.004924</coordinates></Point>
  </Placemark>
  <Placemark id="shopping_and_retail.366">
	<name>Reliance Digital Mobiles</name>
	<ExtendedData><SchemaData schemaUrl="#shopping_and_retail">
		<SimpleData name="Category">cell_phone_store</SimpleData>
		<SimpleData name="Address">Shop No 1, Plot No 30, Ashoknagar, Satpur Colony, Nashik, Maharashtra 422007, India</SimpleData>
		<SimpleData name="Latitude">19.9895166</SimpleData>
		<SimpleData name="Longitude">73.7144536</SimpleData>
		<SimpleData name="Rating">5</SimpleData>
		<SimpleData name="Place_ID">ChIJzbQZGwjt3TsRy5YR-4_gh4A</SimpleData>
		<SimpleData name="Distance_m">2138</SimpleData>
		<SimpleData name="Source_File">Nashik_Satpur_establishments.xlsx</SimpleData>
	</SchemaData></ExtendedData>
      <Point><coordinates>73.7144536,19.9895166</coordinates></Point>
  </Placemark>
  <Placemark id="shopping_and_retail.367">
	<name>MY PHONE_ASHOK NAGAR SATPUR NASHIK</name>
	<ExtendedData><SchemaData schemaUrl="#shopping_and_retail">
		<SimpleData name="Category">cell_phone_store</SimpleData>
		<SimpleData name="Address">SHOP NO 2, CHAWDA COMPLEX, POLICE CHOWKI, near AMBIKA SWEET, opp. ASHOKNAGAR, Ashoknagar, Satpur Colony, Nashik, Maharashtra 422012, India</SimpleData>
		<SimpleData name="Latitude">19.9891063</SimpleData>
		<SimpleData name="Longitude">73.7140212</SimpleData>
		<SimpleData name="Rating">5</SimpleData>
		<SimpleData name="Place_ID">ChIJOcPHIk_t3TsRZTuMx7O-yu4</SimpleData>
		<SimpleData name="Distance_m">2202</SimpleData>
		<SimpleData name="Source_File">Nashik_Satpur_establishments.xlsx</SimpleData>
	</SchemaData></ExtendedData>
      <Point><coordinates>73.7140212,19.9891063</coordinates></Point>
  </Placemark>
  <Placemark id="shopping_and_retail.368">
	<name>Reliance Digital Mobiles</name>
	<ExtendedData><SchemaData schemaUrl="#shopping_and_retail">
		<SimpleData name="Category">electronics_store</SimpleData>
		<SimpleData name="Address">Shop No 1, S No 494/1A, Plot No 30, Ashoknagar, Satpur Colony, Nashik, Maharashtra 422012, India</SimpleData>
		<SimpleData name="Latitude">19.9895295</SimpleData>
		<SimpleData name="Longitude">73.7144482</SimpleData>
		<SimpleData name="Rating">4.6</SimpleData>
		<SimpleData name="Place_ID">ChIJORX5JMbt3TsRL6qssL1pN5U</SimpleData>
		<SimpleData name="Distance_m">2138</SimpleData>
		<SimpleData name="Source_File">Nashik_Satpur_establishments.xlsx</SimpleData>
	</SchemaData></ExtendedData>
      <Point><coordinates>73.7144482,19.9895295</coordinates></Point>
  </Placemark>
  <Placemark id="shopping_and_retail.369">
	<name>Fruit market</name>
	<ExtendedData><SchemaData schemaUrl="#shopping_and_retail">
		<SimpleData name="Category">farm</SimpleData>
		<SimpleData name="Address">XPR6+9XJ, Near Bhaji Market, Jaswant Nagar, Shramik Nagar, Nashik, Maharashtra 422012, India</SimpleData>
		<SimpleData name="Latitude">19.9909505</SimpleData>
		<SimpleData name="Longitude">73.7123773</SimpleData>
		<SimpleData name="Rating">4.8</SimpleData>
		<SimpleData name="Place_ID">ChIJbdBGte_t3TsRgM9DxkdOTvA</SimpleData>
		<SimpleData name="Distance_m">1215</SimpleData>
		<SimpleData name="Source_File">Nashik_Chunchale_establishments.xlsx</SimpleData>
	</SchemaData></ExtendedData>
      <Point><coordinates>73.7123773,19.9909505</coordinates></Point>
  </Placemark>
  <Placemark id="shopping_and_retail.370">
	<name>sanap kirana stores</name>
	<ExtendedData><SchemaData schemaUrl="#shopping_and_retail">
		<SimpleData name="Category">general_store</SimpleData>
		<SimpleData name="Address">CIDCO - Satpur Rd, Swarbaba Nagar, Satpur Gaon, Satpur Colony, Nashik, Maharashtra 422010, India</SimpleData>
		<SimpleData name="Latitude">19.9895873</SimpleData>
		<SimpleData name="Longitude">73.7390605</SimpleData>
		<SimpleData name="Rating">4.2</SimpleData>
		<SimpleData name="Place_ID">ChIJjQ-lNoTs3TsRV1bsvpB3JZo</SimpleData>
		<SimpleData name="Distance_m">1490</SimpleData>
		<SimpleData name="Source_File">Nashik_Satpur_establishments.xlsx</SimpleData>
	</SchemaData></ExtendedData>
      <Point><coordinates>73.7390605,19.9895873</coordinates></Point>
  </Placemark>
  <Placemark id="shopping_and_retail.371">
	<name>A ONE Supar Market</name>
	<ExtendedData><SchemaData schemaUrl="#shopping_and_retail">
		<SimpleData name="Category">general_store</SimpleData>
		<SimpleData name="Address">09, Swarbaba, Satpur Gaon, Satpur Colony, Nashik, Maharashtra 422010, India</SimpleData>
		<SimpleData name="Latitude">19.9897065</SimpleData>
		<SimpleData name="Longitude">73.7386807</SimpleData>
		<SimpleData name="Rating">5</SimpleData>
		<SimpleData name="Place_ID">ChIJtZPz_VLt3TsRWpzg5GpcX-U</SimpleData>
		<SimpleData name="Distance_m">1457</SimpleData>
		<SimpleData name="Source_File">Nashik_Satpur_establishments.xlsx</SimpleData>
	</SchemaData></ExtendedData>
      <Point><coordinates>73.7386807,19.9897065</coordinates></Point>
  </Placemark>
  <Placemark id="shopping_and_retail.372">
	<name>Chatrapati Shivaji Maharaj Vegetable Market</name>
	<ExtendedData><SchemaData schemaUrl="#shopping_and_retail">
		<SimpleData name="Category">grocery_store</SimpleData>
		<SimpleData name="Address">XPQM+V7F, Satpur Gaon, Satpur Colony, Nashik, Maharashtra 422007, India</SimpleData>
		<SimpleData name="Latitude">19.9896799</SimpleData>
		<SimpleData name="Longitude">73.7331673</SimpleData>
		<SimpleData name="Rating">4</SimpleData>
		<SimpleData name="Place_ID">ChIJSaUj8j_r3TsRAtmDmlrjA28</SimpleData>
		<SimpleData name="Distance_m">2389</SimpleData>
		<SimpleData name="Source_File">Nashik_Ambad_establishments.xlsx</SimpleData>
	</SchemaData></ExtendedData>
      <Point><coordinates>73.7331673,19.9896799</coordinates></Point>
  </Placemark>
  <Placemark id="shopping_and_retail.373">
	<name>Carbon Naka Veg Market</name>
	<ExtendedData><SchemaData schemaUrl="#shopping_and_retail">
		<SimpleData name="Category">grocery_store</SimpleData>
		<SimpleData name="Address">2P26+WQX, MIDC, Satpur Colony, Nashik, Maharashtra 422012, India</SimpleData>
		<SimpleData name="Latitude">20.0023559</SimpleData>
		<SimpleData name="Longitude">73.7119698</SimpleData>
		<SimpleData name="Rating">3.9</SimpleData>
		<SimpleData name="Place_ID">ChIJBVTjhlDs3TsR5zNShrIiFEk</SimpleData>
		<SimpleData name="Distance_m">799</SimpleData>
		<SimpleData name="Source_File">Nashik_Chunchale_establishments.xlsx</SimpleData>
	</SchemaData></ExtendedData>
      <Point><coordinates>73.7119698,20.0023559</coordinates></Point>
  </Placemark>
  <Placemark id="shopping_and_retail.374">
	<name>Saptashrungi General And Provision Stores</name>
	<ExtendedData><SchemaData schemaUrl="#shopping_and_retail">
		<SimpleData name="Category">grocery_store</SimpleData>
		<SimpleData name="Address">329, Maharashtra Housing Colony, MHB Colony, Satpur Colony, Nashik, Maharashtra 422007, India</SimpleData>
		<SimpleData name="Latitude">19.9898406</SimpleData>
		<SimpleData name="Longitude">73.7277406</SimpleData>
		<SimpleData name="Rating">4.6</SimpleData>
		<SimpleData name="Place_ID">ChIJDaDuhovs3TsRs9ZUlLdMMsM</SimpleData>
		<SimpleData name="Distance_m">1257</SimpleData>
		<SimpleData name="Source_File">Nashik_Satpur_establishments.xlsx</SimpleData>
	</SchemaData></ExtendedData>
      <Point><coordinates>73.7277406,19.9898406</coordinates></Point>
  </Placemark>
  <Placemark id="shopping_and_retail.375">
	<name>Siddhesh Super Market</name>
	<ExtendedData><SchemaData schemaUrl="#shopping_and_retail">
		<SimpleData name="Category">grocery_store</SimpleData>
		<SimpleData name="Address">Shop No. 3, Siddhesh Apartment, Engineer Prakash Chaudhary Marg, Gulmohar Vihar Colony, Anandvalli, Nashik, Maharashtra 422007, India</SimpleData>
		<SimpleData name="Latitude">20.0054043</SimpleData>
		<SimpleData name="Longitude">73.7413457</SimpleData>
		<SimpleData name="Rating">4</SimpleData>
		<SimpleData name="Place_ID">ChIJRx4nLXrs3TsRuF0swWCtoSg</SimpleData>
		<SimpleData name="Distance_m">1192</SimpleData>
		<SimpleData name="Source_File">Nashik_Satpur_establishments.xlsx</SimpleData>
	</SchemaData></ExtendedData>
      <Point><coordinates>73.7413457,20.0054043</coordinates></Point>
  </Placemark>
  <Placemark id="shopping_and_retail.376">
	<name>Mahalaxmi Kirana Stores</name>
	<ExtendedData><SchemaData schemaUrl="#shopping_and_retail">
		<SimpleData name="Category">grocery_store</SimpleData>
		<SimpleData name="Address">Satpur MIDC Rd, Someshwar Colony, Satpur Colony, Nashik, Maharashtra 422007, India</SimpleData>
		<SimpleData name="Latitude">20.0048582</SimpleData>
		<SimpleData name="Longitude">73.7281863</SimpleData>
		<SimpleData name="Rating">4.7</SimpleData>
		<SimpleData name="Place_ID">ChIJdfTXx3ft3TsRFs8Hrgbs6P0</SimpleData>
		<SimpleData name="Distance_m">554</SimpleData>
		<SimpleData name="Source_File">Nashik_Satpur_establishments.xlsx</SimpleData>
	</SchemaData></ExtendedData>
      <Point><coordinates>73.7281863,20.0048582</coordinates></Point>
  </Placemark>
  <Placemark id="shopping_and_retail.377">
	<name>PRANAV TRADERS</name>
	<ExtendedData><SchemaData schemaUrl="#shopping_and_retail">
		<SimpleData name="Category">grocery_store</SimpleData>
		<SimpleData name="Address">opp. Chatrapati Shivaji Maharaj Bhaji Market, Satpur Gaon, Satpur Colony, Nashik, Maharashtra 422007, India</SimpleData>
		<SimpleData name="Latitude">19.99</SimpleData>
		<SimpleData name="Longitude">73.7336896</SimpleData>
		<SimpleData name="Rating">4.8</SimpleData>
		<SimpleData name="Place_ID">ChIJ24R9aAXt3TsRW4xJv8KFaf0</SimpleData>
		<SimpleData name="Distance_m">1220</SimpleData>
		<SimpleData name="Source_File">Nashik_Satpur_establishments.xlsx</SimpleData>
	</SchemaData></ExtendedData>
      <Point><coordinates>73.7336896,19.99</coordinates></Point>
  </Placemark>
  <Placemark id="shopping_and_retail.378">
	<name>Ambikaprasad Kirana Manglore Stores</name>
	<ExtendedData><SchemaData schemaUrl="#shopping_and_retail">
		<SimpleData name="Category">grocery_store</SimpleData>
		<SimpleData name="Address">Shop No. 1,2, Shobhninath Apartment, Sainath Mandir, Ashoknagar, Satpur Colony, Nashik, Maharashtra 422007, India</SimpleData>
		<SimpleData name="Latitude">19.9899073</SimpleData>
		<SimpleData name="Longitude">73.7209599</SimpleData>
		<SimpleData name="Rating">4.6</SimpleData>
		<SimpleData name="Place_ID">ChIJz2-ZY_Ts3TsRigl5GV5kK_8</SimpleData>
		<SimpleData name="Distance_m">2634</SimpleData>
		<SimpleData name="Source_File">Nashik_Trimbak_Road_establishments.xlsx</SimpleData>
	</SchemaData></ExtendedData>
      <Point><coordinates>73.7209599,19.9899073</coordinates></Point>
  </Placemark>
  <Placemark id="shopping_and_retail.379">
	<name>Pentagon Store</name>
	<ExtendedData><SchemaData schemaUrl="#shopping_and_retail">
		<SimpleData name="Category">home_improvement_store</SimpleData>
		<SimpleData name="Address">16/1/P, near, ESDS circle, MIDC, Satpur Colony, Nashik, Maharashtra 422007, India</SimpleData>
		<SimpleData name="Latitude">19.9951898</SimpleData>
		<SimpleData name="Longitude">73.744556</SimpleData>
		<SimpleData name="Rating">4.8</SimpleData>
		<SimpleData name="Place_ID">ChIJBUE-9IDs3TsR1r3BsIC3uRA</SimpleData>
		<SimpleData name="Distance_m">1534</SimpleData>
		<SimpleData name="Source_File">Nashik_Satpur_establishments.xlsx</SimpleData>
	</SchemaData></ExtendedData>
      <Point><coordinates>73.744556,19.9951898</coordinates></Point>
  </Placemark>
  <Placemark id="shopping_and_retail.380">
	<name>Abhay Dandagavhal</name>
	<ExtendedData><SchemaData schemaUrl="#shopping_and_retail">
		<SimpleData name="Category">jewelry_store</SimpleData>
		<SimpleData name="Address">9, Shivaji market, Satpur Gaon, Satpur Colony, Nashik, Maharashtra 422007, India</SimpleData>
		<SimpleData name="Latitude">19.9896908</SimpleData>
		<SimpleData name="Longitude">73.7339825</SimpleData>
		<SimpleData name="Rating">4.1</SimpleData>
		<SimpleData name="Place_ID">ChIJVxj3oBLt3TsRyupdJkReoOA</SimpleData>
		<SimpleData name="Distance_m">1261</SimpleData>
		<SimpleData name="Source_File">Nashik_Satpur_establishments.xlsx</SimpleData>
	</SchemaData></ExtendedData>
      <Point><coordinates>73.7339825,19.9896908</coordinates></Point>
  </Placemark>
  <Placemark id="shopping_and_retail.381">
	<name>Bharat Ratna Dr.Babasaheb Ambedkar Market</name>
	<ExtendedData><SchemaData schemaUrl="#shopping_and_retail">
		<SimpleData name="Category">market</SimpleData>
		<SimpleData name="Address">Babasaheb Ambedkar Market, Dr. Ambedkar Market, MHB Colony, Satpur Colony, Nashik, Maharashtra 422007, India</SimpleData>
		<SimpleData name="Latitude">19.989574</SimpleData>
		<SimpleData name="Longitude">73.7245195</SimpleData>
		<SimpleData name="Rating">4</SimpleData>
		<SimpleData name="Place_ID">ChIJGyCEVIvs3TsRhfh5cVIb5BQ</SimpleData>
		<SimpleData name="Distance_m">1415</SimpleData>
		<SimpleData name="Source_File">Nashik_Satpur_establishments.xlsx</SimpleData>
	</SchemaData></ExtendedData>
      <Point><coordinates>73.7245195,19.989574</coordinates></Point>
  </Placemark>
  <Placemark id="shopping_and_retail.382">
	<name>Fish market, Carbon Naka</name>
	<ExtendedData><SchemaData schemaUrl="#shopping_and_retail">
		<SimpleData name="Category">pet_store</SimpleData>
		<SimpleData name="Address">2P27+X9H, MIDC, Shramik Nagar, Nashik, Maharashtra 422012, India</SimpleData>
		<SimpleData name="Latitude">20.0024348</SimpleData>
		<SimpleData name="Longitude">73.7134838</SimpleData>
		<SimpleData name="Rating">4.2</SimpleData>
		<SimpleData name="Place_ID">ChIJya6zuVDs3TsRQ0LrusPHgWM</SimpleData>
		<SimpleData name="Distance_m">1851</SimpleData>
		<SimpleData name="Source_File">Nashik_Satpur_establishments.xlsx</SimpleData>
	</SchemaData></ExtendedData>
      <Point><coordinates>73.7134838,20.0024348</coordinates></Point>
  </Placemark>
  <Placemark id="shopping_and_retail.383">
	<name>Fashion Go Center Nashik</name>
	<ExtendedData><SchemaData schemaUrl="#shopping_and_retail">
		<SimpleData name="Category">shopping_mall</SimpleData>
		<SimpleData name="Address">Ashoknagar, Satpur Colony, Nashik, Maharashtra 422007, India</SimpleData>
		<SimpleData name="Latitude">19.9900031</SimpleData>
		<SimpleData name="Longitude">73.7168971</SimpleData>
		<SimpleData name="Rating">5</SimpleData>
		<SimpleData name="Place_ID">ChIJ6WxNsNft3TsRs2X6ODrgYyU</SimpleData>
		<SimpleData name="Distance_m">1902</SimpleData>
		<SimpleData name="Source_File">Nashik_Satpur_establishments.xlsx</SimpleData>
	</SchemaData></ExtendedData>
      <Point><coordinates>73.7168971,19.9900031</coordinates></Point>
  </Placemark>
  <Placemark id="shopping_and_retail.384">
	<name>Reliance Retail METRO</name>
	<ExtendedData><SchemaData schemaUrl="#shopping_and_retail">
		<SimpleData name="Category">storage</SimpleData>
		<SimpleData name="Address">C17 C road, Nice area MIDC, SATPUR, C road, NICE Area, MIDC, Yogi ayurvedic, Nashik, Maharashtra 422007, India</SimpleData>
		<SimpleData name="Latitude">19.9945401</SimpleData>
		<SimpleData name="Longitude">73.7424445</SimpleData>
		<SimpleData name="Place_ID">ChIJy293CwDt3TsR74KswRtjLgg</SimpleData>
		<SimpleData name="Distance_m">2913</SimpleData>
		<SimpleData name="Source_File">Nashik_CIDCO_establishments.xlsx</SimpleData>
	</SchemaData></ExtendedData>
      <Point><coordinates>73.7424445,19.9945401</coordinates></Point>
  </Placemark>
  <Placemark id="shopping_and_retail.385">
	<name>VIP FACTORY OUTLET -SATPUR- NASHIK</name>
	<ExtendedData><SchemaData schemaUrl="#shopping_and_retail">
		<SimpleData name="Category">store</SimpleData>
		<SimpleData name="Address">78A, MIDC Area, MIDC, Satpur Colony, Nashik, Maharashtra 422007, India</SimpleData>
		<SimpleData name="Latitude">20.0006958</SimpleData>
		<SimpleData name="Longitude">73.7277463</SimpleData>
		<SimpleData name="Rating">4.6</SimpleData>
		<SimpleData name="Place_ID">ChIJhbzobTTt3TsRRixthp6hAiE</SimpleData>
		<SimpleData name="Distance_m">350</SimpleData>
		<SimpleData name="Source_File">Nashik_Satpur_establishments.xlsx</SimpleData>
	</SchemaData></ExtendedData>
      <Point><coordinates>73.7277463,20.0006958</coordinates></Point>
  </Placemark>
  <Placemark id="shopping_and_retail.386">
	<name>Gajanan Super Market</name>
	<ExtendedData><SchemaData schemaUrl="#shopping_and_retail">
		<SimpleData name="Category">supermarket</SimpleData>
		<SimpleData name="Address">XPP9+WJ5, Katkade Nagar, Ashoknagar, Satpur Colony, Nashik, Maharashtra 422007, India</SimpleData>
		<SimpleData name="Latitude">19.9872688</SimpleData>
		<SimpleData name="Longitude">73.7190966</SimpleData>
		<SimpleData name="Rating">4.2</SimpleData>
		<SimpleData name="Place_ID">ChIJDTpAgfPs3TsRS-IxOVkPHBU</SimpleData>
		<SimpleData name="Distance_m">695</SimpleData>
		<SimpleData name="Source_File">Nashik_Panchak_establishments.xlsx</SimpleData>
	</SchemaData></ExtendedData>
      <Point><coordinates>73.7190966,19.9872688</coordinates></Point>
  </Placemark>
  <Placemark id="shopping_and_retail.387">
	<name>Icchamani Super Market</name>
	<ExtendedData><SchemaData schemaUrl="#shopping_and_retail">
		<SimpleData name="Category">supermarket</SimpleData>
		<SimpleData name="Address">Shop No.6, Seema Apartment, Engineer Prakash Chaudhary Marg, Ganesh Nagar, Satpur Colony, Nashik, Maharashtra 422007, India</SimpleData>
		<SimpleData name="Latitude">20.0050789</SimpleData>
		<SimpleData name="Longitude">73.740582</SimpleData>
		<SimpleData name="Rating">4.4</SimpleData>
		<SimpleData name="Place_ID">ChIJXQhWynvs3TsRqZtdZDUU2fk</SimpleData>
		<SimpleData name="Distance_m">1104</SimpleData>
		<SimpleData name="Source_File">Nashik_Satpur_establishments.xlsx</SimpleData>
	</SchemaData></ExtendedData>
      <Point><coordinates>73.740582,20.0050789</coordinates></Point>
  </Placemark>
  <Placemark id="shopping_and_retail.388">
	<name>Radhika Super Market</name>
	<ExtendedData><SchemaData schemaUrl="#shopping_and_retail">
		<SimpleData name="Category">supermarket</SimpleData>
		<SimpleData name="Address">Plot No. 37/38, Vishwas Nagar Rd, Lalbahadur Shastri Chowk, Ashoknagar, Satpur Colony, Nashik, Maharashtra 422012, India</SimpleData>
		<SimpleData name="Latitude">19.991266</SimpleData>
		<SimpleData name="Longitude">73.7130005</SimpleData>
		<SimpleData name="Rating">3.7</SimpleData>
		<SimpleData name="Place_ID">ChIJP4QJRffs3TsRI4fQ70T3EGI</SimpleData>
		<SimpleData name="Distance_m">2163</SimpleData>
		<SimpleData name="Source_File">Nashik_Satpur_establishments.xlsx</SimpleData>
	</SchemaData></ExtendedData>
      <Point><coordinates>73.7130005,19.991266</coordinates></Point>
  </Placemark>
  <Placemark id="shopping_and_retail.389">
	<name>Nandini Super Market</name>
	<ExtendedData><SchemaData schemaUrl="#shopping_and_retail">
		<SimpleData name="Category">supermarket</SimpleData>
		<SimpleData name="Address">????????? ???, Kale Nagar 3, Gulmohar Vihar, Satpur Colony, Nashik, Maharashtra 422007, India</SimpleData>
		<SimpleData name="Latitude">20.0034514</SimpleData>
		<SimpleData name="Longitude">73.7431386</SimpleData>
		<SimpleData name="Rating">4.3</SimpleData>
		<SimpleData name="Place_ID">ChIJ__-vSHns3TsRFzRM27kM3_E</SimpleData>
		<SimpleData name="Distance_m">1295</SimpleData>
		<SimpleData name="Source_File">Nashik_Satpur_establishments.xlsx</SimpleData>
	</SchemaData></ExtendedData>
      <Point><coordinates>73.7431386,20.0034514</coordinates></Point>
  </Placemark>
  <Placemark id="shopping_and_retail.390">
	<name>Metro Wholesale</name>
	<ExtendedData><SchemaData schemaUrl="#shopping_and_retail">
		<SimpleData name="Category">wholesaler</SimpleData>
		<SimpleData name="Address">Shed No. 1 , Plot, 54, Trambakeshwar Rd, MIDC, Satpur Colony, Nashik, Maharashtra 422007, India</SimpleData>
		<SimpleData name="Latitude">19.993861</SimpleData>
		<SimpleData name="Longitude">73.743027</SimpleData>
		<SimpleData name="Rating">5</SimpleData>
		<SimpleData name="Place_ID">ChIJWdELb13t3TsR2CoM2yP4tTs</SimpleData>
		<SimpleData name="Distance_m">1460</SimpleData>
		<SimpleData name="Source_File">Nashik_Satpur_establishments.xlsx</SimpleData>
	</SchemaData></ExtendedData>
      <Point><coordinates>73.743027,19.993861</coordinates></Point>
  </Placemark>
  <Placemark id="shopping_and_retail.391">
	<name>Rahul Stationery &amp; Xerox</name>
	<ExtendedData><SchemaData schemaUrl="#shopping_and_retail">
		<SimpleData name="Category">wholesaler</SimpleData>
		<SimpleData name="Address">Satpur Colony Main Rd, Maharashtra Housing Colony, MHB Colony, Satpur Colony, Nashik, Maharashtra 422007, India</SimpleData>
		<SimpleData name="Latitude">19.989506</SimpleData>
		<SimpleData name="Longitude">73.722901</SimpleData>
		<SimpleData name="Rating">4.6</SimpleData>
		<SimpleData name="Place_ID">ChIJpT_pofTs3TsR3LAmwH6lCYQ</SimpleData>
		<SimpleData name="Distance_m">1511</SimpleData>
		<SimpleData name="Source_File">Nashik_Satpur_establishments.xlsx</SimpleData>
	</SchemaData></ExtendedData>
      <Point><coordinates>73.722901,19.989506</coordinates></Point>
  </Placemark>
  <Placemark id="shopping_and_retail.392">
	<name>Nashi sabji mandi</name>
	<ExtendedData><SchemaData schemaUrl="#shopping_and_retail">
		<SimpleData name="Category">butcher_shop</SimpleData>
		<SimpleData name="Address">2Q7V+9V5, Krishi Nagar, Kalachowki, Nashik, Maharashtra 422003, India</SimpleData>
		<SimpleData name="Latitude">20.0133783</SimpleData>
		<SimpleData name="Longitude">73.7947328</SimpleData>
		<SimpleData name="Rating">3.8</SimpleData>
		<SimpleData name="Place_ID">ChIJ3zZZJADr3TsRujfzVi_tPhM</SimpleData>
		<SimpleData name="Distance_m">2145</SimpleData>
		<SimpleData name="Source_File">Nashik_Hanuman_Nagar_establishments.xlsx</SimpleData>
	</SchemaData></ExtendedData>
      <Point><coordinates>73.7947328,20.0133783</coordinates></Point>
  </Placemark>
  <Placemark id="shopping_and_retail.393">
	<name>Nilesh Collection</name>
	<ExtendedData><SchemaData schemaUrl="#shopping_and_retail">
		<SimpleData name="Category">clothing_store</SimpleData>
		<SimpleData name="Address">Makhmalabad Rd, Rajpal Colony, Panchavati, Nashik, Maharashtra 422003, India</SimpleData>
		<SimpleData name="Latitude">20.0141185</SimpleData>
		<SimpleData name="Longitude">73.7900225</SimpleData>
		<SimpleData name="Rating">4.4</SimpleData>
		<SimpleData name="Place_ID">ChIJV0uBZezr3TsRzePNzqcPfpY</SimpleData>
		<SimpleData name="Distance_m">2772</SimpleData>
		<SimpleData name="Source_File">Nashik_Makhmalabad_establishments.xlsx</SimpleData>
	</SchemaData></ExtendedData>
      <Point><coordinates>73.7900225,20.0141185</coordinates></Point>
  </Placemark>
  <Placemark id="shopping_and_retail.394">
	<name>V Fashion Mall Nashik</name>
	<ExtendedData><SchemaData schemaUrl="#shopping_and_retail">
		<SimpleData name="Category">clothing_store</SimpleData>
		<SimpleData name="Address">Shop No. 1, V Fashion, VN pride Building, near Radhakrishna tiles, Near Nimani Bus Stand, Panchavati, Nashik, Maharashtra 422003, India</SimpleData>
		<SimpleData name="Latitude">20.0094171</SimpleData>
		<SimpleData name="Longitude">73.7998185</SimpleData>
		<SimpleData name="Rating">4.6</SimpleData>
		<SimpleData name="Place_ID">ChIJPS6ssE3r3TsRMD6zXvhc5_o</SimpleData>
		<SimpleData name="Distance_m">1558</SimpleData>
		<SimpleData name="Source_File">Nashik_Tapovan_establishments.xlsx</SimpleData>
	</SchemaData></ExtendedData>
      <Point><coordinates>73.7998185,20.0094171</coordinates></Point>
  </Placemark>
  <Placemark id="shopping_and_retail.395">
	<name>Nashik Krushi Utpanna Bazar Samiti</name>
	<ExtendedData><SchemaData schemaUrl="#shopping_and_retail">
		<SimpleData name="Category">farmers_market</SimpleData>
		<SimpleData name="Address">Dindori Rd, near Kalachowki, Dindori Naka, Kalachowki, Nashik, Maharashtra 422003, India</SimpleData>
		<SimpleData name="Latitude">20.014741</SimpleData>
		<SimpleData name="Longitude">73.79603</SimpleData>
		<SimpleData name="Rating">4</SimpleData>
		<SimpleData name="Place_ID">ChIJd1-8QE3q3TsRLYx0uKAz8Ag</SimpleData>
		<SimpleData name="Distance_m">2536</SimpleData>
		<SimpleData name="Source_File">Nashik_Dwarka_establishments.xlsx</SimpleData>
	</SchemaData></ExtendedData>
      <Point><coordinates>73.79603,20.014741</coordinates></Point>
  </Placemark>
  <Placemark id="shopping_and_retail.396">
	<name>Pawar Trading Company</name>
	<ExtendedData><SchemaData schemaUrl="#shopping_and_retail">
		<SimpleData name="Category">general_store</SimpleData>
		<SimpleData name="Address">Shop No 322, Pardeshi Wada, Bhagwan Mahavir Path, near Jain Mandir, Bohorpatti, Raviwar Karanja, Panchavati, Nashik, Maharashtra 422001, India</SimpleData>
		<SimpleData name="Latitude">20.0062688</SimpleData>
		<SimpleData name="Longitude">73.7895778</SimpleData>
		<SimpleData name="Rating">4</SimpleData>
		<SimpleData name="Place_ID">ChIJB8Ez5avr3TsRwt8W0_Bai18</SimpleData>
		<SimpleData name="Distance_m">2777</SimpleData>
		<SimpleData name="Source_File">Nashik_College_Road_establishments.xlsx</SimpleData>
	</SchemaData></ExtendedData>
      <Point><coordinates>73.7895778,20.0062688</coordinates></Point>
  </Placemark>
  <Placemark id="shopping_and_retail.397">
	<name>Shri Ram Nagar Market Yard</name>
	<ExtendedData><SchemaData schemaUrl="#shopping_and_retail">
		<SimpleData name="Category">grocery_store</SimpleData>
		<SimpleData name="Address">2Q7W+P3W, Kalachowki, Nashik, Maharashtra 422003, India</SimpleData>
		<SimpleData name="Latitude">20.0143604</SimpleData>
		<SimpleData name="Longitude">73.7952025</SimpleData>
		<SimpleData name="Rating">3.8</SimpleData>
		<SimpleData name="Place_ID">ChIJwbV_NU3q3TsR6HT4VXCueck</SimpleData>
		<SimpleData name="Distance_m">2264</SimpleData>
		<SimpleData name="Source_File">Nashik_Hanuman_Nagar_establishments.xlsx</SimpleData>
	</SchemaData></ExtendedData>
      <Point><coordinates>73.7952025,20.0143604</coordinates></Point>
  </Placemark>
  <Placemark id="shopping_and_retail.398">
	<name>Pathak Traders</name>
	<ExtendedData><SchemaData schemaUrl="#shopping_and_retail">
		<SimpleData name="Category">grocery_store</SimpleData>
		<SimpleData name="Address">Rajpal Colony, Panchavati, Nashik, Maharashtra 422003, India</SimpleData>
		<SimpleData name="Latitude">20.0145572</SimpleData>
		<SimpleData name="Longitude">73.7898512</SimpleData>
		<SimpleData name="Rating">4.5</SimpleData>
		<SimpleData name="Place_ID">ChIJ4_ozxc3r3TsRCUb-8t9AtXI</SimpleData>
		<SimpleData name="Distance_m">583</SimpleData>
		<SimpleData name="Source_File">Nashik_Tapovan_establishments.xlsx</SimpleData>
	</SchemaData></ExtendedData>
      <Point><coordinates>73.7898512,20.0145572</coordinates></Point>
  </Placemark>
  <Placemark id="shopping_and_retail.399">
	<name>New Bhaji Market ???? ???? ????</name>
	<ExtendedData><SchemaData schemaUrl="#shopping_and_retail">
		<SimpleData name="Category">market</SimpleData>
		<SimpleData name="Address">2Q4W+23R, near Snook up, Panchavati, Nashik, Maharashtra 422003, India</SimpleData>
		<SimpleData name="Latitude">20.005125</SimpleData>
		<SimpleData name="Longitude">73.7951322</SimpleData>
		<SimpleData name="Rating">4.1</SimpleData>
		<SimpleData name="Place_ID">ChIJ22vK01Tq3TsRtiDF8LuBgks</SimpleData>
		<SimpleData name="Distance_m">1609</SimpleData>
		<SimpleData name="Source_File">Nashik_Dwarka_establishments.xlsx</SimpleData>
	</SchemaData></ExtendedData>
      <Point><coordinates>73.7951322,20.005125</coordinates></Point>
  </Placemark>
  <Placemark id="shopping_and_retail.400">
	<name>Phool Bazaar (wholesale, morning only)</name>
	<ExtendedData><SchemaData schemaUrl="#shopping_and_retail">
		<SimpleData name="Category">market</SimpleData>
		<SimpleData name="Address">2Q3V+JQM, near Godavari ghat, Panchavati, Nashik, Maharashtra 422001, India</SimpleData>
		<SimpleData name="Latitude">20.0041</SimpleData>
		<SimpleData name="Longitude">73.7944236</SimpleData>
		<SimpleData name="Rating">5</SimpleData>
		<SimpleData name="Place_ID">ChIJS7WSEwDr3TsRFW5PjZRg_Zk</SimpleData>
		<SimpleData name="Distance_m">1561</SimpleData>
		<SimpleData name="Source_File">Nashik_Dwarka_establishments.xlsx</SimpleData>
	</SchemaData></ExtendedData>
      <Point><coordinates>73.7944236,20.0041</coordinates></Point>
  </Placemark>
  <Placemark id="shopping_and_retail.401">
	<name>New flower market Nashik.</name>
	<ExtendedData><SchemaData schemaUrl="#shopping_and_retail">
		<SimpleData name="Category">market</SimpleData>
		<SimpleData name="Address">2Q4W+356, Ganesh Wadi Rd, Panchavati, Nashik, Maharashtra 422003, India</SimpleData>
		<SimpleData name="Latitude">20.0051565</SimpleData>
		<SimpleData name="Longitude">73.7954024</SimpleData>
		<SimpleData name="Rating">4.4</SimpleData>
		<SimpleData name="Place_ID">ChIJD34Uz83r3TsREsM19h_MT2M</SimpleData>
		<SimpleData name="Distance_m">1597</SimpleData>
		<SimpleData name="Source_File">Nashik_Dwarka_establishments.xlsx</SimpleData>
	</SchemaData></ExtendedData>
      <Point><coordinates>73.7954024,20.0051565</coordinates></Point>
  </Placemark>
  <Placemark id="shopping_and_retail.402">
	<name>Market Yard Complex</name>
	<ExtendedData><SchemaData schemaUrl="#shopping_and_retail">
		<SimpleData name="Category">market</SimpleData>
		<SimpleData name="Address">2Q7W+R9X, Kalachowki, Nashik, Maharashtra 422003, India</SimpleData>
		<SimpleData name="Latitude">20.0146019</SimpleData>
		<SimpleData name="Longitude">73.7959823</SimpleData>
		<SimpleData name="Rating">3.9</SimpleData>
		<SimpleData name="Place_ID">ChIJo9HPQE3q3TsRG5z1GdO41qo</SimpleData>
		<SimpleData name="Distance_m">2523</SimpleData>
		<SimpleData name="Source_File">Nashik_Dwarka_establishments.xlsx</SimpleData>
	</SchemaData></ExtendedData>
      <Point><coordinates>73.7959823,20.0146019</coordinates></Point>
  </Placemark>
  <Placemark id="shopping_and_retail.403">
	<name>Shree Nasik Panchvati Panjrapole</name>
	<ExtendedData><SchemaData schemaUrl="#shopping_and_retail">
		<SimpleData name="Category">ranch</SimpleData>
		<SimpleData name="Address">Opp. Nimani Bus Stand, Panchvati, Nashik, Maharashtra 422003, India</SimpleData>
		<SimpleData name="Latitude">20.0103604</SimpleData>
		<SimpleData name="Longitude">73.7970674</SimpleData>
		<SimpleData name="Rating">4.4</SimpleData>
		<SimpleData name="Place_ID">ChIJQ4622krq3TsRJOCUmp4OYgk</SimpleData>
		<SimpleData name="Distance_m">1295</SimpleData>
		<SimpleData name="Source_File">Nashik_Tapovan_establishments.xlsx</SimpleData>
	</SchemaData></ExtendedData>
      <Point><coordinates>73.7970674,20.0103604</coordinates></Point>
  </Placemark>
  <Placemark id="shopping_and_retail.404">
	<name>Reliance Digital Mobiles</name>
	<ExtendedData><SchemaData schemaUrl="#shopping_and_retail">
		<SimpleData name="Category">store</SimpleData>
		<SimpleData name="Address">Shop No 2, Govind Bhavan, Panchavati Karanja, Panchavati, Nashik, Maharashtra 422003, India</SimpleData>
		<SimpleData name="Latitude">20.0103879</SimpleData>
		<SimpleData name="Longitude">73.7949682</SimpleData>
		<SimpleData name="Rating">3.9</SimpleData>
		<SimpleData name="Place_ID">ChIJaT3BPLHr3TsRgsYM-Gmpxh0</SimpleData>
		<SimpleData name="Distance_m">3433</SimpleData>
		<SimpleData name="Source_File">Nashik_Makhmalabad_establishments.xlsx</SimpleData>
	</SchemaData></ExtendedData>
      <Point><coordinates>73.7949682,20.0103879</coordinates></Point>
  </Placemark>
  <Placemark id="shopping_and_retail.405">
	<name>Bhavani Super Market</name>
	<ExtendedData><SchemaData schemaUrl="#shopping_and_retail">
		<SimpleData name="Category">supermarket</SimpleData>
		<SimpleData name="Address">Shop No 3, Raghunandan Bangla, Makhmalabad Rd, Kumavat Nagar, Nashik, Maharashtra 422003, India</SimpleData>
		<SimpleData name="Latitude">20.0230915</SimpleData>
		<SimpleData name="Longitude">73.7861214</SimpleData>
		<SimpleData name="Rating">5</SimpleData>
		<SimpleData name="Place_ID">ChIJlQaXrsjr3TsRAAAAMN5xxiE</SimpleData>
		<SimpleData name="Distance_m">1843</SimpleData>
		<SimpleData name="Source_File">Nashik_Makhmalabad_establishments.xlsx</SimpleData>
	</SchemaData></ExtendedData>
      <Point><coordinates>73.7861214,20.0230915</coordinates></Point>
  </Placemark>
  <Placemark id="shopping_and_retail.406">
	<name>More Traders VIKAS ASHOK MORE</name>
	<ExtendedData><SchemaData schemaUrl="#shopping_and_retail">
		<SimpleData name="Category">supermarket</SimpleData>
		<SimpleData name="Address">Shop No 2, Tulja Bhavani Nagar, Samarth Nagar, Makhmalabad, Nashik, Maharashtra 422003, India</SimpleData>
		<SimpleData name="Latitude">20.0268625</SimpleData>
		<SimpleData name="Longitude">73.7877642</SimpleData>
		<SimpleData name="Place_ID">ChIJAwZ89PXr3TsR7LLEkgD20mM</SimpleData>
		<SimpleData name="Distance_m">1840</SimpleData>
		<SimpleData name="Source_File">Nashik_Makhmalabad_establishments.xlsx</SimpleData>
	</SchemaData></ExtendedData>
      <Point><coordinates>73.7877642,20.0268625</coordinates></Point>
  </Placemark>
  <Placemark id="shopping_and_retail.407">
	<name>Om Trading Company</name>
	<ExtendedData><SchemaData schemaUrl="#shopping_and_retail">
		<SimpleData name="Category">supermarket</SimpleData>
		<SimpleData name="Address">661, Raviwar Peth, Raviwar Karanja, Panchavati, Nashik, Maharashtra 422001, India</SimpleData>
		<SimpleData name="Latitude">20.0068902</SimpleData>
		<SimpleData name="Longitude">73.7891899</SimpleData>
		<SimpleData name="Rating">4.2</SimpleData>
		<SimpleData name="Place_ID">ChIJvcuE_6vr3TsRZEPKIrF1iNY</SimpleData>
		<SimpleData name="Distance_m">2187</SimpleData>
		<SimpleData name="Source_File">Nashik_Mumbai_Naka_establishments.xlsx</SimpleData>
	</SchemaData></ExtendedData>
      <Point><coordinates>73.7891899,20.0068902</coordinates></Point>
  </Placemark>
  <Placemark id="shopping_and_retail.408">
	<name>Amit traders</name>
	<ExtendedData><SchemaData schemaUrl="#shopping_and_retail">
		<SimpleData name="Category">wholesaler</SimpleData>
		<SimpleData name="Address">S.no.1747, Bhagirathi App, Old Nashik, Bhadrakali, Panchavati, Nashik, Maharashtra 422003, India</SimpleData>
		<SimpleData name="Latitude">20.0123051</SimpleData>
		<SimpleData name="Longitude">73.7932876</SimpleData>
		<SimpleData name="Rating">4.2</SimpleData>
		<SimpleData name="Place_ID">ChIJb6tsdKrr3TsRudun54Hax2c</SimpleData>
		<SimpleData name="Distance_m">2397</SimpleData>
		<SimpleData name="Source_File">Nashik_Dwarka_establishments.xlsx</SimpleData>
	</SchemaData></ExtendedData>
      <Point><coordinates>73.7932876,20.0123051</coordinates></Point>
  </Placemark>
  <Placemark id="shopping_and_retail.409">
	<name>Hari Suvas Trading (HST &amp; Co) � Nashik Central Processing Centre (CPC)</name>
	<ExtendedData><SchemaData schemaUrl="#shopping_and_retail">
		<SimpleData name="Category">wholesaler</SimpleData>
		<SimpleData name="Address">3,4,5,45 �Panchvati Market Yard,Sabji Market Yard Krishi Uttam Bazar Samiti, APMC MARKET Kala Chowki, Panchavati, Nashik, Maharashtra 422003, India</SimpleData>
		<SimpleData name="Latitude">20.0149043</SimpleData>
		<SimpleData name="Longitude">73.7952371</SimpleData>
		<SimpleData name="Place_ID">ChIJa8PCU3Lr3TsR2GkdHOpm-a4</SimpleData>
		<SimpleData name="Distance_m">2581</SimpleData>
		<SimpleData name="Source_File">Nashik_Dwarka_establishments.xlsx</SimpleData>
	</SchemaData></ExtendedData>
      <Point><coordinates>73.7952371,20.0149043</coordinates></Point>
  </Placemark>
  <Placemark id="shopping_and_retail.410">
	<name>Omkar kirana &amp; General</name>
	<ExtendedData><SchemaData schemaUrl="#shopping_and_retail">
		<SimpleData name="Category">asian_grocery_store</SimpleData>
		<SimpleData name="Address">Tapovan Rd, near Padmavati Society, Panchavati, Nashik, Maharashtra 422003, India</SimpleData>
		<SimpleData name="Latitude">20.0053359</SimpleData>
		<SimpleData name="Longitude">73.805463</SimpleData>
		<SimpleData name="Rating">4.3</SimpleData>
		<SimpleData name="Place_ID">ChIJKfafenLr3TsRtXHblswCMbI</SimpleData>
		<SimpleData name="Distance_m">2295</SimpleData>
		<SimpleData name="Source_File">Nashik_Tapovan_establishments.xlsx</SimpleData>
	</SchemaData></ExtendedData>
      <Point><coordinates>73.805463,20.0053359</coordinates></Point>
  </Placemark>
  <Placemark id="shopping_and_retail.411">
	<name>Vishal Kirana And General stores</name>
	<ExtendedData><SchemaData schemaUrl="#shopping_and_retail">
		<SimpleData name="Category">general_store</SimpleData>
		<SimpleData name="Address">Sagar village, Dhatrak Phata, Adgaon, Nashik, Maharashtra 422003, India</SimpleData>
		<SimpleData name="Latitude">20.028743</SimpleData>
		<SimpleData name="Longitude">73.835582</SimpleData>
		<SimpleData name="Rating">4</SimpleData>
		<SimpleData name="Place_ID">ChIJhYuNrAzq3TsR6E3lGowvoTY</SimpleData>
		<SimpleData name="Distance_m">2974</SimpleData>
		<SimpleData name="Source_File">Nashik_Adgaon_establishments.xlsx</SimpleData>
	</SchemaData></ExtendedData>
      <Point><coordinates>73.835582,20.028743</coordinates></Point>
  </Placemark>
  <Placemark id="shopping_and_retail.412">
	<name>New Sandeep Kirana General Stores</name>
	<ExtendedData><SchemaData schemaUrl="#shopping_and_retail">
		<SimpleData name="Category">general_store</SimpleData>
		<SimpleData name="Address">11, Dhatrak Phata, Sagar Village, Nashik, Maharashtra 422003, India</SimpleData>
		<SimpleData name="Latitude">20.0265576</SimpleData>
		<SimpleData name="Longitude">73.8359744</SimpleData>
		<SimpleData name="Rating">4.3</SimpleData>
		<SimpleData name="Place_ID">ChIJY7MhYnPq3TsRoefwc1-qpkM</SimpleData>
		<SimpleData name="Distance_m">2987</SimpleData>
		<SimpleData name="Source_File">Nashik_Adgaon_establishments.xlsx</SimpleData>
	</SchemaData></ExtendedData>
      <Point><coordinates>73.8359744,20.0265576</coordinates></Point>
  </Placemark>
  <Placemark id="shopping_and_retail.413">
	<name>Market Yard Nashik</name>
	<ExtendedData><SchemaData schemaUrl="#shopping_and_retail">
		<SimpleData name="Category">market</SimpleData>
		<SimpleData name="Address">Agricutural Produce by Market Committe, Anand Rishiji Marg, Dindori Rd, Samarth Nagar, Panchavati, Nashik, Maharashtra 422003, India</SimpleData>
		<SimpleData name="Latitude">20.0304381</SimpleData>
		<SimpleData name="Longitude">73.79467</SimpleData>
		<SimpleData name="Rating">3.9</SimpleData>
		<SimpleData name="Place_ID">ChIJJ_QtUsvr3TsRf8Gtr8BXEP8</SimpleData>
		<SimpleData name="Distance_m">3993</SimpleData>
		<SimpleData name="Source_File">Nashik_Hanuman_Nagar_establishments.xlsx</SimpleData>
	</SchemaData></ExtendedData>
      <Point><coordinates>73.79467,20.0304381</coordinates></Point>
  </Placemark>
  <Placemark id="shopping_and_retail.414">
	<name>Anand Traders</name>
	<ExtendedData><SchemaData schemaUrl="#shopping_and_retail">
		<SimpleData name="Category">market</SimpleData>
		<SimpleData name="Address">APMC Market Yard, New, Peth Rd, Samarth Nagar, Makhmalabad, Nashik, Maharashtra 422004, India</SimpleData>
		<SimpleData name="Latitude">20.0280447</SimpleData>
		<SimpleData name="Longitude">73.7939734</SimpleData>
		<SimpleData name="Rating">4.7</SimpleData>
		<SimpleData name="Place_ID">ChIJIUNyQ2nr3TsRh0HUT6pbq-8</SimpleData>
		<SimpleData name="Distance_m">3719</SimpleData>
		<SimpleData name="Source_File">Nashik_Hanuman_Nagar_establishments.xlsx</SimpleData>
	</SchemaData></ExtendedData>
      <Point><coordinates>73.7939734,20.0280447</coordinates></Point>
  </Placemark>
  <Placemark id="shopping_and_retail.415">
	<name>Nilgiri Vegetable Market</name>
	<ExtendedData><SchemaData schemaUrl="#shopping_and_retail">
		<SimpleData name="Category">market</SimpleData>
		<SimpleData name="Address">2R3J+86V, Kailash Nagar, Nashik, Maharashtra 422003, India</SimpleData>
		<SimpleData name="Latitude">20.0033642</SimpleData>
		<SimpleData name="Longitude">73.8305504</SimpleData>
		<SimpleData name="Rating">4.1</SimpleData>
		<SimpleData name="Place_ID">ChIJFXQu3Ifq3TsRd1go4qcYGo4</SimpleData>
		<SimpleData name="Distance_m">2660</SimpleData>
		<SimpleData name="Source_File">Nashik_Untwadi_establishments.xlsx</SimpleData>
	</SchemaData></ExtendedData>
      <Point><coordinates>73.8305504,20.0033642</coordinates></Point>
  </Placemark>
  <Placemark id="shopping_and_retail.416">
	<name>Perfect Krushi Market</name>
	<ExtendedData><SchemaData schemaUrl="#shopping_and_retail">
		<SimpleData name="Category">market</SimpleData>
		<SimpleData name="Address">2R6H+6J9, Kailash Nagar, Nashik, Maharashtra 422003, India</SimpleData>
		<SimpleData name="Latitude">20.01054</SimpleData>
		<SimpleData name="Longitude">73.8290983</SimpleData>
		<SimpleData name="Rating">4.2</SimpleData>
		<SimpleData name="Place_ID">ChIJVyZzXn3q3TsR3hB4KUZnP6I</SimpleData>
		<SimpleData name="Distance_m">3271</SimpleData>
		<SimpleData name="Source_File">Nashik_Untwadi_establishments.xlsx</SimpleData>
	</SchemaData></ExtendedData>
      <Point><coordinates>73.8290983,20.01054</coordinates></Point>
  </Placemark>
  <Placemark id="shopping_and_retail.417">
	<name>Harikripa Fruits</name>
	<ExtendedData><SchemaData schemaUrl="#shopping_and_retail">
		<SimpleData name="Category">wholesaler</SimpleData>
		<SimpleData name="Address">Shop 9, Pomegranate Market, Peth Road, Panchwati, opposite RTO, Samarth Nagar, Makhmalabad, Nashik, Maharashtra 422003, India</SimpleData>
		<SimpleData name="Latitude">20.030864</SimpleData>
		<SimpleData name="Longitude">73.794801</SimpleData>
		<SimpleData name="Rating">3.1</SimpleData>
		<SimpleData name="Place_ID">ChIJQagGoTHr3TsRIHy9z4cuhuo</SimpleData>
		<SimpleData name="Distance_m">2508</SimpleData>
		<SimpleData name="Source_File">Nashik_Makhmalabad_establishments.xlsx</SimpleData>
	</SchemaData></ExtendedData>
      <Point><coordinates>73.794801,20.030864</coordinates></Point>
  </Placemark>
  <Placemark id="shopping_and_retail.418">
	<name>Perfect Pomogranate Marketyard</name>
	<ExtendedData><SchemaData schemaUrl="#shopping_and_retail">
		<SimpleData name="Category">wholesaler</SimpleData>
		<SimpleData name="Address">2R4J+5QQ, Nandur Village, Nashik, Maharashtra 422003, India</SimpleData>
		<SimpleData name="Latitude">20.0054703</SimpleData>
		<SimpleData name="Longitude">73.8319931</SimpleData>
		<SimpleData name="Rating">4.5</SimpleData>
		<SimpleData name="Place_ID">ChIJ3x_9Y33q3TsR6i1b5ikOXas</SimpleData>
		<SimpleData name="Distance_m">2938</SimpleData>
		<SimpleData name="Source_File">Nashik_Untwadi_establishments.xlsx</SimpleData>
	</SchemaData></ExtendedData>
      <Point><coordinates>73.8319931,20.0054703</coordinates></Point>
  </Placemark>
  <Placemark id="shopping_and_retail.419">
	<name>Neha Provision stores</name>
	<ExtendedData><SchemaData schemaUrl="#shopping_and_retail">
		<SimpleData name="Category">asian_grocery_store</SimpleData>
		<SimpleData name="Address">Gangapur Rd, Shanker Nagar, Savarkar Nagar, Nashik, Maharashtra 422013, India</SimpleData>
		<SimpleData name="Latitude">20.015747</SimpleData>
		<SimpleData name="Longitude">73.750952</SimpleData>
		<SimpleData name="Rating">4.3</SimpleData>
		<SimpleData name="Place_ID">ChIJ4Y2azYvr3TsRY4n-jtCDeCY</SimpleData>
		<SimpleData name="Distance_m">402</SimpleData>
		<SimpleData name="Source_File">Nashik_Gangapur_Road_establishments.xlsx</SimpleData>
	</SchemaData></ExtendedData>
      <Point><coordinates>73.750952,20.015747</coordinates></Point>
  </Placemark>
  <Placemark id="shopping_and_retail.420">
	<name>RK Supermarket</name>
	<ExtendedData><SchemaData schemaUrl="#shopping_and_retail">
		<SimpleData name="Category">asian_grocery_store</SimpleData>
		<SimpleData name="Address">Swami Park Apartment, Dhruv Nagar, Dhurav Nagar, Satpur Colony, Nashik, Maharashtra 422012, India</SimpleData>
		<SimpleData name="Latitude">20.0144214</SimpleData>
		<SimpleData name="Longitude">73.7170758</SimpleData>
		<SimpleData name="Rating">5</SimpleData>
		<SimpleData name="Place_ID">ChIJu6vVfs_t3TsR-ReIltc29MA</SimpleData>
		<SimpleData name="Distance_m">2115</SimpleData>
		<SimpleData name="Source_File">Nashik_Satpur_establishments.xlsx</SimpleData>
	</SchemaData></ExtendedData>
      <Point><coordinates>73.7170758,20.0144214</coordinates></Point>
  </Placemark>
  <Placemark id="shopping_and_retail.421">
	<name>dk mart</name>
	<ExtendedData><SchemaData schemaUrl="#shopping_and_retail">
		<SimpleData name="Category">asian_grocery_store</SimpleData>
		<SimpleData name="Address">Shivaji Nagar, Satpur Colony, Nashik, Maharashtra 422012, India</SimpleData>
		<SimpleData name="Latitude">20.0080787</SimpleData>
		<SimpleData name="Longitude">73.7127122</SimpleData>
		<SimpleData name="Rating">4</SimpleData>
		<SimpleData name="Place_ID">ChIJNdQF9yTt3TsRXhpkRRaumbU</SimpleData>
		<SimpleData name="Distance_m">718</SimpleData>
		<SimpleData name="Source_File">Nashik_Trimbak_Road_establishments.xlsx</SimpleData>
	</SchemaData></ExtendedData>
      <Point><coordinates>73.7127122,20.0080787</coordinates></Point>
  </Placemark>
  <Placemark id="shopping_and_retail.422">
	<name>Zudio - Ashok Tower, Nashik</name>
	<ExtendedData><SchemaData schemaUrl="#shopping_and_retail">
		<SimpleData name="Category">clothing_store</SimpleData>
		<SimpleData name="Address">Sope Estate, Temple, Ashok Tower, Gangapur Rd, near Navshya Ganpati, Navshya Ganapati Parisar, Ganpati Nagar, Anandvalli, Nashik, Maharashtra 422013, India</SimpleData>
		<SimpleData name="Latitude">20.0129944</SimpleData>
		<SimpleData name="Longitude">73.7431426</SimpleData>
		<SimpleData name="Rating">4.1</SimpleData>
		<SimpleData name="Place_ID">ChIJxU1XqDXt3TsRYCdC7joyvjw</SimpleData>
		<SimpleData name="Distance_m">743</SimpleData>
		<SimpleData name="Source_File">Nashik_Gangapur_Road_establishments.xlsx</SimpleData>
	</SchemaData></ExtendedData>
      <Point><coordinates>73.7431426,20.0129944</coordinates></Point>
  </Placemark>
  <Placemark id="shopping_and_retail.423">
	<name>Croma -Nashik - Anandvalli</name>
	<ExtendedData><SchemaData schemaUrl="#shopping_and_retail">
		<SimpleData name="Category">electronics_store</SimpleData>
		<SimpleData name="Address">14 to 24, 2P8V+2J9 Archit Rialto, No 12A, Gangapur Rd, Navshya Ganapati Parisar, Ganpati Nagar, Anandvalli, Nashik, Maharashtra 422013, India</SimpleData>
		<SimpleData name="Latitude">20.0148063</SimpleData>
		<SimpleData name="Longitude">73.738242</SimpleData>
		<SimpleData name="Rating">4.9</SimpleData>
		<SimpleData name="Place_ID">ChIJ8-z3Sh_t3TsRG8ezh5On_lY</SimpleData>
		<SimpleData name="Distance_m">1283</SimpleData>
		<SimpleData name="Source_File">Nashik_Gangapur_Road_establishments.xlsx</SimpleData>
	</SchemaData></ExtendedData>
      <Point><coordinates>73.738242,20.0148063</coordinates></Point>
  </Placemark>
  <Placemark id="shopping_and_retail.424">
	<name>RENUKA SUPER MARKET</name>
	<ExtendedData><SchemaData schemaUrl="#shopping_and_retail">
		<SimpleData name="Category">general_store</SimpleData>
		<SimpleData name="Address">Shop No 12anand, Mangal Apt Balwant Nagar, 26, Gangapur Rd, near Vrundavan Lawns, Navshya Ganapati Parisar, Ganpati Nagar, Anandvalli, Nashik, Maharashtra 422013, India</SimpleData>
		<SimpleData name="Latitude">20.0140567</SimpleData>
		<SimpleData name="Longitude">73.7400527</SimpleData>
		<SimpleData name="Rating">4.1</SimpleData>
		<SimpleData name="Place_ID">ChIJeUSKJ6Dt3TsRKi3qp_WDNt4</SimpleData>
		<SimpleData name="Distance_m">1080</SimpleData>
		<SimpleData name="Source_File">Nashik_Gangapur_Road_establishments.xlsx</SimpleData>
	</SchemaData></ExtendedData>
      <Point><coordinates>73.7400527,20.0140567</coordinates></Point>
  </Placemark>
  <Placemark id="shopping_and_retail.425">
	<name>Samarth Foods and Bakers Dave ka Divya Masala Indore Exclusive Shop</name>
	<ExtendedData><SchemaData schemaUrl="#shopping_and_retail">
		<SimpleData name="Category">general_store</SimpleData>
		<SimpleData name="Address">Gangapur Rd, Serene Meadows, Anandvalli, Nashik, Maharashtra 422013, India</SimpleData>
		<SimpleData name="Latitude">20.0079154</SimpleData>
		<SimpleData name="Longitude">73.7348944</SimpleData>
		<SimpleData name="Rating">5</SimpleData>
		<SimpleData name="Place_ID">ChIJK4a6awDt3TsRCQCDMIdWbG4</SimpleData>
		<SimpleData name="Distance_m">895</SimpleData>
		<SimpleData name="Source_File">Nashik_Satpur_establishments.xlsx</SimpleData>
	</SchemaData></ExtendedData>
      <Point><coordinates>73.7348944,20.0079154</coordinates></Point>
  </Placemark>
  <Placemark id="shopping_and_retail.426">
	<name>DIXIT SUPER MARKET</name>
	<ExtendedData><SchemaData schemaUrl="#shopping_and_retail">
		<SimpleData name="Category">general_store</SimpleData>
		<SimpleData name="Address">SHOP NO 1, near Nilay Banglow, Dhruv Nagar, Dhurav Nagar, Satpur Colony, Nashik, Maharashtra 422012, India</SimpleData>
		<SimpleData name="Latitude">20.0140415</SimpleData>
		<SimpleData name="Longitude">73.7188588</SimpleData>
		<SimpleData name="Rating">4.5</SimpleData>
		<SimpleData name="Place_ID">ChIJfZG7yGDt3TsRGdsonTbL3nY</SimpleData>
		<SimpleData name="Distance_m">1959</SimpleData>
		<SimpleData name="Source_File">Nashik_Satpur_establishments.xlsx</SimpleData>
	</SchemaData></ExtendedData>
      <Point><coordinates>73.7188588,20.0140415</coordinates></Point>
  </Placemark>
  <Placemark id="shopping_and_retail.427">
	<name>Chatrapati Shivaji Bhaji Market</name>
	<ExtendedData><SchemaData schemaUrl="#shopping_and_retail">
		<SimpleData name="Category">grocery_store</SimpleData>
		<SimpleData name="Address">2P56+7G8, Shivaji Nagar, Satpur Colony, Nashik, Maharashtra 422012, India</SimpleData>
		<SimpleData name="Latitude">20.0081638</SimpleData>
		<SimpleData name="Longitude">73.7113261</SimpleData>
		<SimpleData name="Rating">3.9</SimpleData>
		<SimpleData name="Place_ID">ChIJRTt5nk_s3TsRN8Tw0MET25Y</SimpleData>
		<SimpleData name="Distance_m">1178</SimpleData>
		<SimpleData name="Source_File">Nashik_Chunchale_establishments.xlsx</SimpleData>
	</SchemaData></ExtendedData>
      <Point><coordinates>73.7113261,20.0081638</coordinates></Point>
  </Placemark>
  <Placemark id="shopping_and_retail.428">
	<name>Ashish Provision &amp; General Stores</name>
	<ExtendedData><SchemaData schemaUrl="#shopping_and_retail">
		<SimpleData name="Category">grocery_store</SimpleData>
		<SimpleData name="Address">422013 Kashi Ganga, Gangapur Rd, behind Aditya Petrol Pump, Chintamani Colony, Ashtavinayak Colony, Savarkar Nagar, Nashik, Maharashtra 422013, India</SimpleData>
		<SimpleData name="Latitude">20.0143256</SimpleData>
		<SimpleData name="Longitude">73.7515792</SimpleData>
		<SimpleData name="Rating">4.3</SimpleData>
		<SimpleData name="Place_ID">ChIJb94rZYnr3TsRSR2FH4NccDw</SimpleData>
		<SimpleData name="Distance_m">1510</SimpleData>
		<SimpleData name="Source_File">Nashik_College_Road_establishments.xlsx</SimpleData>
	</SchemaData></ExtendedData>
      <Point><coordinates>73.7515792,20.0143256</coordinates></Point>
  </Placemark>
  <Placemark id="shopping_and_retail.429">
	<name>Mataji Super Market</name>
	<ExtendedData><SchemaData schemaUrl="#shopping_and_retail">
		<SimpleData name="Category">grocery_store</SimpleData>
		<SimpleData name="Address">Shop no 10, Manish Plaza Society, Pipeline Road, Gangapur Rd, Kale Nagar, Vivekanand Nagar, Anandvalli, Nashik, Maharashtra 422013, India</SimpleData>
		<SimpleData name="Latitude">20.0107007</SimpleData>
		<SimpleData name="Longitude">73.745316</SimpleData>
		<SimpleData name="Rating">4.7</SimpleData>
		<SimpleData name="Place_ID">ChIJo2CUpXfs3TsRf_usC-1mFuQ</SimpleData>
		<SimpleData name="Distance_m">537</SimpleData>
		<SimpleData name="Source_File">Nashik_Gangapur_Road_establishments.xlsx</SimpleData>
	</SchemaData></ExtendedData>
      <Point><coordinates>73.745316,20.0107007</coordinates></Point>
  </Placemark>
  <Placemark id="shopping_and_retail.430">
	<name>Nilesh Super Market (P) Ltd.</name>
	<ExtendedData><SchemaData schemaUrl="#shopping_and_retail">
		<SimpleData name="Category">grocery_store</SimpleData>
		<SimpleData name="Address">Serene Meadows, Anandvalli, Nashik, Maharashtra 422013, India</SimpleData>
		<SimpleData name="Latitude">20.01164</SimpleData>
		<SimpleData name="Longitude">73.7339489</SimpleData>
		<SimpleData name="Rating">4.5</SimpleData>
		<SimpleData name="Place_ID">ChIJmwe5RG7s3TsRCe5EbkwxZ9s</SimpleData>
		<SimpleData name="Distance_m">1699</SimpleData>
		<SimpleData name="Source_File">Nashik_Gangapur_Road_establishments.xlsx</SimpleData>
	</SchemaData></ExtendedData>
      <Point><coordinates>73.7339489,20.01164</coordinates></Point>
  </Placemark>
  <Placemark id="shopping_and_retail.431">
	<name>Shrinivas Foods &amp; Grains</name>
	<ExtendedData><SchemaData schemaUrl="#shopping_and_retail">
		<SimpleData name="Category">grocery_store</SimpleData>
		<SimpleData name="Address">17, Gangapur Rd, Venkatesh Park, Opposite Navrachna Vidyalaya, Ashtavinayak Colony, Savarkar Nagar, Nashik, Maharashtra 422013, India</SimpleData>
		<SimpleData name="Latitude">20.014709</SimpleData>
		<SimpleData name="Longitude">73.754103</SimpleData>
		<SimpleData name="Rating">4.6</SimpleData>
		<SimpleData name="Place_ID">ChIJExCOro7r3TsRgCB7eJwjS_o</SimpleData>
		<SimpleData name="Distance_m">494</SimpleData>
		<SimpleData name="Source_File">Nashik_Gangapur_Road_establishments.xlsx</SimpleData>
	</SchemaData></ExtendedData>
      <Point><coordinates>73.754103,20.014709</coordinates></Point>
  </Placemark>
  <Placemark id="shopping_and_retail.432">
	<name>Book My Veg</name>
	<ExtendedData><SchemaData schemaUrl="#shopping_and_retail">
		<SimpleData name="Category">grocery_store</SimpleData>
		<SimpleData name="Address">Shop No: 13, Shree Tirumala luxuria, Gangapur Rd, Apartment, Serene Meadows, Anandvalli, Nashik, Maharashtra 422013, India</SimpleData>
		<SimpleData name="Latitude">20.0082305</SimpleData>
		<SimpleData name="Longitude">73.7349024</SimpleData>
		<SimpleData name="Rating">4.7</SimpleData>
		<SimpleData name="Place_ID">ChIJw_e-AE3t3TsRN0W6S7RWIGc</SimpleData>
		<SimpleData name="Distance_m">1658</SimpleData>
		<SimpleData name="Source_File">Nashik_Gangapur_Road_establishments.xlsx</SimpleData>
	</SchemaData></ExtendedData>
      <Point><coordinates>73.7349024,20.0082305</coordinates></Point>
  </Placemark>
  <Placemark id="shopping_and_retail.433">
	<name>Book My Veg (Mini Store)</name>
	<ExtendedData><SchemaData schemaUrl="#shopping_and_retail">
		<SimpleData name="Category">grocery_store</SimpleData>
		<SimpleData name="Address">Shop No-27,Samrat Amazon, A-5, wing Building, No- A, Gangapur Rd, Serene Meadows, Anandvalli, Nashik, Maharashtra 422013, India</SimpleData>
		<SimpleData name="Latitude">20.0113609</SimpleData>
		<SimpleData name="Longitude">73.7339558</SimpleData>
		<SimpleData name="Rating">4.5</SimpleData>
		<SimpleData name="Place_ID">ChIJfXgNUxrt3TsRvZ3kJQw0-8A</SimpleData>
		<SimpleData name="Distance_m">1700</SimpleData>
		<SimpleData name="Source_File">Nashik_Gangapur_Road_establishments.xlsx</SimpleData>
	</SchemaData></ExtendedData>
      <Point><coordinates>73.7339558,20.0113609</coordinates></Point>
  </Placemark>
  <Placemark id="shopping_and_retail.434">
	<name>Manisha Supermarket</name>
	<ExtendedData><SchemaData schemaUrl="#shopping_and_retail">
		<SimpleData name="Category">grocery_store</SimpleData>
		<SimpleData name="Address">8,Someshwar colony satpur,Nashik,Maharashtra,422007,India 8, Someshwar Colony, Satpur Colony, Nashik, Maharashtra 422007, India</SimpleData>
		<SimpleData name="Latitude">20.0070428</SimpleData>
		<SimpleData name="Longitude">73.7308649</SimpleData>
		<SimpleData name="Rating">3</SimpleData>
		<SimpleData name="Place_ID">ChIJQbx6cQTt3TsRiReo01dEqoo</SimpleData>
		<SimpleData name="Distance_m">706</SimpleData>
		<SimpleData name="Source_File">Nashik_Satpur_establishments.xlsx</SimpleData>
	</SchemaData></ExtendedData>
      <Point><coordinates>73.7308649,20.0070428</coordinates></Point>
  </Placemark>
  <Placemark id="shopping_and_retail.435">
	<name>Shivkrupa supermarket</name>
	<ExtendedData><SchemaData schemaUrl="#shopping_and_retail">
		<SimpleData name="Category">grocery_store</SimpleData>
		<SimpleData name="Address">9, Gangapur - Satpur Link Rd, Shivaji Nagar, Satpur Colony, Nashik, Maharashtra 422012, India</SimpleData>
		<SimpleData name="Latitude">20.016862</SimpleData>
		<SimpleData name="Longitude">73.7161</SimpleData>
		<SimpleData name="Rating">5</SimpleData>
		<SimpleData name="Place_ID">ChIJga56BQDt3TsRCNy3CvEsnuQ</SimpleData>
		<SimpleData name="Distance_m">2385</SimpleData>
		<SimpleData name="Source_File">Nashik_Satpur_establishments.xlsx</SimpleData>
	</SchemaData></ExtendedData>
      <Point><coordinates>73.7161,20.016862</coordinates></Point>
  </Placemark>
  <Placemark id="shopping_and_retail.436">
	<name>K K Plaza</name>
	<ExtendedData><SchemaData schemaUrl="#shopping_and_retail">
		<SimpleData name="Category">shopping_mall</SimpleData>
		<SimpleData name="Address">Near Bobby's Hotel, Bus Stop, K. K . Plaza, Tiny Steps International Pre-School, Gangapur Rd, Serene Meadows, Anandvalli, Gangapur Rd, Serene Meadows, Anandvalli, Nashik, Maharashtra 422013, India</SimpleData>
		<SimpleData name="Latitude">20.0144912</SimpleData>
		<SimpleData name="Longitude">73.7378438</SimpleData>
		<SimpleData name="Rating">4</SimpleData>
		<SimpleData name="Place_ID">ChIJwynfOnLs3TsR1DRj4unyt0E</SimpleData>
		<SimpleData name="Distance_m">1316</SimpleData>
		<SimpleData name="Source_File">Nashik_Gangapur_Road_establishments.xlsx</SimpleData>
	</SchemaData></ExtendedData>
      <Point><coordinates>73.7378438,20.0144912</coordinates></Point>
  </Placemark>
  <Placemark id="shopping_and_retail.437">
	<name>Samrat qubism</name>
	<ExtendedData><SchemaData schemaUrl="#shopping_and_retail">
		<SimpleData name="Category">shopping_mall</SimpleData>
		<SimpleData name="Address">Pipe line road, 2P6W+R9V, Gangapur Rd, Kale Nagar, signal, Anandvalli, Nashik, Maharashtra 422013, India</SimpleData>
		<SimpleData name="Latitude">20.0121161</SimpleData>
		<SimpleData name="Longitude">73.7459116</SimpleData>
		<SimpleData name="Rating">4.5</SimpleData>
		<SimpleData name="Place_ID">ChIJDUXtWArt3TsRsXJc3hgTlpk</SimpleData>
		<SimpleData name="Distance_m">448</SimpleData>
		<SimpleData name="Source_File">Nashik_Gangapur_Road_establishments.xlsx</SimpleData>
	</SchemaData></ExtendedData>
      <Point><coordinates>73.7459116,20.0121161</coordinates></Point>
  </Placemark>
  <Placemark id="shopping_and_retail.438">
	<name>Arnav Arcade</name>
	<ExtendedData><SchemaData schemaUrl="#shopping_and_retail">
		<SimpleData name="Category">shopping_mall</SimpleData>
		<SimpleData name="Address">2P69+PHC, Dhruv Nagar, Dhurav Nagar, Satpur Colony, Nashik, Maharashtra 422012, India</SimpleData>
		<SimpleData name="Latitude">20.0118105</SimpleData>
		<SimpleData name="Longitude">73.7188964</SimpleData>
		<SimpleData name="Rating">3.5</SimpleData>
		<SimpleData name="Place_ID">ChIJe0DAz2Tt3TsRULyQbxEiSWg</SimpleData>
		<SimpleData name="Distance_m">1775</SimpleData>
		<SimpleData name="Source_File">Nashik_Satpur_establishments.xlsx</SimpleData>
	</SchemaData></ExtendedData>
      <Point><coordinates>73.7188964,20.0118105</coordinates></Point>
  </Placemark>
  <Placemark id="shopping_and_retail.439">
	<name>D Mart Gangapur</name>
	<ExtendedData><SchemaData schemaUrl="#shopping_and_retail">
		<SimpleData name="Category">supermarket</SimpleData>
		<SimpleData name="Address">2P4V+JFQ, Kale Nagar, Vivekanand Nagar, Anandvalli, Nashik, Maharashtra 422013, India</SimpleData>
		<SimpleData name="Latitude">20.006458</SimpleData>
		<SimpleData name="Longitude">73.7432472</SimpleData>
		<SimpleData name="Rating">4.3</SimpleData>
		<SimpleData name="Place_ID">ChIJ2-0ABQDt3TsRvbElowJblco</SimpleData>
		<SimpleData name="Distance_m">2064</SimpleData>
		<SimpleData name="Source_File">Nashik_College_Road_establishments.xlsx</SimpleData>
	</SchemaData></ExtendedData>
      <Point><coordinates>73.7432472,20.006458</coordinates></Point>
  </Placemark>
  <Placemark id="shopping_and_retail.440">
	<name>vision mart</name>
	<ExtendedData><SchemaData schemaUrl="#shopping_and_retail">
		<SimpleData name="Category">supermarket</SimpleData>
		<SimpleData name="Address">Menlo Park, Engineer Prakash Chaudhary Marg, Kale Nagar, Balawant Nagar, Anandvalli, Nashik, Maharashtra 422013, India</SimpleData>
		<SimpleData name="Latitude">20.0120603</SimpleData>
		<SimpleData name="Longitude">73.7458345</SimpleData>
		<SimpleData name="Rating">3.8</SimpleData>
		<SimpleData name="Place_ID">ChIJ_RXtCy7t3TsR1Cmm9Pnj5As</SimpleData>
		<SimpleData name="Distance_m">456</SimpleData>
		<SimpleData name="Source_File">Nashik_Gangapur_Road_establishments.xlsx</SimpleData>
	</SchemaData></ExtendedData>
      <Point><coordinates>73.7458345,20.0120603</coordinates></Point>
  </Placemark>
  <Placemark id="shopping_and_retail.441">
	<name>Shree Mahaveer Supermarket</name>
	<ExtendedData><SchemaData schemaUrl="#shopping_and_retail">
		<SimpleData name="Category">supermarket</SimpleData>
		<SimpleData name="Address">plot no 03, canal road, near luxuria building, serene meadows, pipeline road, Gangapur Rd, Serene Meadows, Anandvalli, Nashik, Maharashtra 422013, India</SimpleData>
		<SimpleData name="Latitude">20.0075821</SimpleData>
		<SimpleData name="Longitude">73.735691</SimpleData>
		<SimpleData name="Rating">4.8</SimpleData>
		<SimpleData name="Place_ID">ChIJz6-F4Ent3TsRSElkrJFzowo</SimpleData>
		<SimpleData name="Distance_m">1601</SimpleData>
		<SimpleData name="Source_File">Nashik_Gangapur_Road_establishments.xlsx</SimpleData>
	</SchemaData></ExtendedData>
      <Point><coordinates>73.735691,20.0075821</coordinates></Point>
  </Placemark>
  <Placemark id="shopping_and_retail.442">
	<name>D Fresh Mart</name>
	<ExtendedData><SchemaData schemaUrl="#shopping_and_retail">
		<SimpleData name="Category">supermarket</SimpleData>
		<SimpleData name="Address">05, Archit Galaxy, Gangapur Rd, Serene Meadows, Anandvalli, Nashik, Maharashtra 422013, India</SimpleData>
		<SimpleData name="Latitude">20.0125294</SimpleData>
		<SimpleData name="Longitude">73.7350037</SimpleData>
		<SimpleData name="Rating">4.1</SimpleData>
		<SimpleData name="Place_ID">ChIJd4P9E27s3TsRAAAA0Cp1XyE</SimpleData>
		<SimpleData name="Distance_m">1588</SimpleData>
		<SimpleData name="Source_File">Nashik_Gangapur_Road_establishments.xlsx</SimpleData>
	</SchemaData></ExtendedData>
      <Point><coordinates>73.7350037,20.0125294</coordinates></Point>
  </Placemark>
  <Placemark id="shopping_and_retail.443">
	<name>AARTI SUPER MART</name>
	<ExtendedData><SchemaData schemaUrl="#shopping_and_retail">
		<SimpleData name="Category">supermarket</SimpleData>
		<SimpleData name="Address">Shop no 1&amp;2, Sai Shrushti Apartment, Canal Road, Gangapur Rd, ????? ??????, ?????????, ?????, ?????????? 422013, India</SimpleData>
		<SimpleData name="Latitude">20.0081676</SimpleData>
		<SimpleData name="Longitude">73.7334603</SimpleData>
		<SimpleData name="Rating">4.5</SimpleData>
		<SimpleData name="Place_ID">ChIJEWR2yczt3TsReDuGSQ5wClI</SimpleData>
		<SimpleData name="Distance_m">1806</SimpleData>
		<SimpleData name="Source_File">Nashik_Gangapur_Road_establishments.xlsx</SimpleData>
	</SchemaData></ExtendedData>
      <Point><coordinates>73.7334603,20.0081676</coordinates></Point>
  </Placemark>
  <Placemark id="shopping_and_retail.444">
	<name>Dhanlaxmi Super Market</name>
	<ExtendedData><SchemaData schemaUrl="#shopping_and_retail">
		<SimpleData name="Category">supermarket</SimpleData>
		<SimpleData name="Address">Gangapur Rd, Architects Colony, Ashtavinayak Colony, Veer Sawarkar Nagar, Nashik, Maharashtra 422013, India</SimpleData>
		<SimpleData name="Latitude">20.0139346</SimpleData>
		<SimpleData name="Longitude">73.7530331</SimpleData>
		<SimpleData name="Rating">4.8</SimpleData>
		<SimpleData name="Place_ID">ChIJ3SzzX5jr3TsR5P_8aCAdnWw</SimpleData>
		<SimpleData name="Distance_m">353</SimpleData>
		<SimpleData name="Source_File">Nashik_Gangapur_Road_establishments.xlsx</SimpleData>
	</SchemaData></ExtendedData>
      <Point><coordinates>73.7530331,20.0139346</coordinates></Point>
  </Placemark>
  <Placemark id="shopping_and_retail.445">
	<name>NAVNATH KIRANA STORES</name>
	<ExtendedData><SchemaData schemaUrl="#shopping_and_retail">
		<SimpleData name="Category">supermarket</SimpleData>
		<SimpleData name="Address">Engineer Prakash Chaudhary Marg, MIDC, Satpur Colony, Nashik, Maharashtra 422007, India</SimpleData>
		<SimpleData name="Latitude">20.0066344</SimpleData>
		<SimpleData name="Longitude">73.7366171</SimpleData>
		<SimpleData name="Rating">3.6</SimpleData>
		<SimpleData name="Place_ID">ChIJl97LMnrs3TsRCsdEmYfnfCY</SimpleData>
		<SimpleData name="Distance_m">876</SimpleData>
		<SimpleData name="Source_File">Nashik_Satpur_establishments.xlsx</SimpleData>
	</SchemaData></ExtendedData>
      <Point><coordinates>73.7366171,20.0066344</coordinates></Point>
  </Placemark>
  <Placemark id="shopping_and_retail.446">
	<name>Krishna Textile Market</name>
	<ExtendedData><SchemaData schemaUrl="#shopping_and_retail">
		<SimpleData name="Category">wholesaler</SimpleData>
		<SimpleData name="Address">Near Bobby's Hotel, Bus Stop, Tiny Steps International Pre-School, Gangapur Rd, 422013, Serene Meadows, Anandvalli, Nashik, Maharashtra 422013, India</SimpleData>
		<SimpleData name="Latitude">20.0144124</SimpleData>
		<SimpleData name="Longitude">73.7378801</SimpleData>
		<SimpleData name="Rating">3.8</SimpleData>
		<SimpleData name="Place_ID">ChIJYTPNJHLs3TsREuFSlzBJKpk</SimpleData>
		<SimpleData name="Distance_m">1310</SimpleData>
		<SimpleData name="Source_File">Nashik_Gangapur_Road_establishments.xlsx</SimpleData>
	</SchemaData></ExtendedData>
      <Point><coordinates>73.7378801,20.0144124</coordinates></Point>
  </Placemark>
  <Placemark id="shopping_and_retail.447">
	<name>???? ?????? ?????? ??????</name>
	<ExtendedData><SchemaData schemaUrl="#shopping_and_retail">
		<SimpleData name="Category">wholesaler</SimpleData>
		<SimpleData name="Address">Super Kiraana wholesale kirana, RH no.02, Bhavar tower, 02,D, M Corp.) 422012, P no. 19, Shivaji Nagar, Girnare, Nashik, Maharashtra 422012, India</SimpleData>
		<SimpleData name="Latitude">20.0097321</SimpleData>
		<SimpleData name="Longitude">73.7135814</SimpleData>
		<SimpleData name="Place_ID">ChIJgZrn5Q_t3TsRLOWIiy5kTnc</SimpleData>
		<SimpleData name="Distance_m">2088</SimpleData>
		<SimpleData name="Source_File">Nashik_Satpur_establishments.xlsx</SimpleData>
	</SchemaData></ExtendedData>
      <Point><coordinates>73.7135814,20.0097321</coordinates></Point>
  </Placemark>
  <Placemark id="shopping_and_retail.448">
	<name>Prime Distributors - MDH and more</name>
	<ExtendedData><SchemaData schemaUrl="#shopping_and_retail">
		<SimpleData name="Category">wholesaler</SimpleData>
		<SimpleData name="Address">2P5M+QGR, Street 9A, Serene Meadows, Anandvalli, Nashik, Maharashtra 422013, India</SimpleData>
		<SimpleData name="Latitude">20.0094957</SimpleData>
		<SimpleData name="Longitude">73.7337811</SimpleData>
		<SimpleData name="Rating">4</SimpleData>
		<SimpleData name="Place_ID">ChIJfT6aoE7t3TsR0uFg2g9ob6s</SimpleData>
		<SimpleData name="Distance_m">1017</SimpleData>
		<SimpleData name="Source_File">Nashik_Satpur_establishments.xlsx</SimpleData>
	</SchemaData></ExtendedData>
      <Point><coordinates>73.7337811,20.0094957</coordinates></Point>
  </Placemark>
  <Placemark id="shopping_and_retail.449">
	<name>????????</name>
	<ExtendedData><SchemaData schemaUrl="#shopping_and_retail">
		<SimpleData name="Category">grocery_store</SimpleData>
		<SimpleData name="Address">Vraj Landmark, Krrish, Road, beside VIBGYOR School Road, Samarth Nagar, Makhmalabad, Nashik, Maharashtra 422003, India</SimpleData>
		<SimpleData name="Latitude">20.0273286</SimpleData>
		<SimpleData name="Longitude">73.7904945</SimpleData>
		<SimpleData name="Rating">5</SimpleData>
		<SimpleData name="Place_ID">ChIJi7HxF9nr3TsRnjzFG6WxHps</SimpleData>
		<SimpleData name="Distance_m">2104</SimpleData>
		<SimpleData name="Source_File">Nashik_Makhmalabad_establishments.xlsx</SimpleData>
	</SchemaData></ExtendedData>
      <Point><coordinates>73.7904945,20.0273286</coordinates></Point>
  </Placemark>
  <Placemark id="shopping_and_retail.450">
	<name>Sharad Pawar Market Yard, Nashik</name>
	<ExtendedData><SchemaData schemaUrl="#shopping_and_retail">
		<SimpleData name="Category">market</SimpleData>
		<SimpleData name="Address">Samarth Nagar, Makhmalabad, Nashik, Maharashtra 422003, India</SimpleData>
		<SimpleData name="Latitude">20.0312805</SimpleData>
		<SimpleData name="Longitude">73.7935665</SimpleData>
		<SimpleData name="Rating">4.1</SimpleData>
		<SimpleData name="Place_ID">ChIJezf9vMzr3TsRzp70Km57fSo</SimpleData>
		<SimpleData name="Distance_m">2378</SimpleData>
		<SimpleData name="Source_File">Nashik_Makhmalabad_establishments.xlsx</SimpleData>
	</SchemaData></ExtendedData>
      <Point><coordinates>73.7935665,20.0312805</coordinates></Point>
  </Placemark>
  <Placemark id="shopping_and_retail.451">
	<name>Onion Market, Nashik</name>
	<ExtendedData><SchemaData schemaUrl="#shopping_and_retail">
		<SimpleData name="Category">market</SimpleData>
		<SimpleData name="Address">2QJV+G5P, Samarth Nagar, Makhmalabad, Nashik, Maharashtra 422003, India</SimpleData>
		<SimpleData name="Latitude">20.0313328</SimpleData>
		<SimpleData name="Longitude">73.7929428</SimpleData>
		<SimpleData name="Rating">4</SimpleData>
		<SimpleData name="Place_ID">ChIJQT__kczr3TsRvqHW1j5B2E8</SimpleData>
		<SimpleData name="Distance_m">2313</SimpleData>
		<SimpleData name="Source_File">Nashik_Makhmalabad_establishments.xlsx</SimpleData>
	</SchemaData></ExtendedData>
      <Point><coordinates>73.7929428,20.0313328</coordinates></Point>
  </Placemark>
  <Placemark id="shopping_and_retail.452">
	<name>Shree Saibaba Fruit's</name>
	<ExtendedData><SchemaData schemaUrl="#shopping_and_retail">
		<SimpleData name="Category">market</SimpleData>
		<SimpleData name="Address">2QHR+R62, Samarth Nagar, Makhmalabad, Nashik, Maharashtra 422003, India</SimpleData>
		<SimpleData name="Latitude">20.029537</SimpleData>
		<SimpleData name="Longitude">73.7906448</SimpleData>
		<SimpleData name="Rating">5</SimpleData>
		<SimpleData name="Place_ID">ChIJQYgWHwDr3TsRc3opiOpZ52Y</SimpleData>
		<SimpleData name="Distance_m">2082</SimpleData>
		<SimpleData name="Source_File">Nashik_Makhmalabad_establishments.xlsx</SimpleData>
	</SchemaData></ExtendedData>
      <Point><coordinates>73.7906448,20.029537</coordinates></Point>
  </Placemark>
  <Placemark id="shopping_and_retail.453">
	<name>Shree Laxmi Narayan Fruit Co. Shop No. 85</name>
	<ExtendedData><SchemaData schemaUrl="#shopping_and_retail">
		<SimpleData name="Category">wholesaler</SimpleData>
		<SimpleData name="Address">2QHR+R62, Samarth Nagar, Makhmalabad, Nashik, Maharashtra 422003, India</SimpleData>
		<SimpleData name="Latitude">20.0296933</SimpleData>
		<SimpleData name="Longitude">73.7906462</SimpleData>
		<SimpleData name="Rating">5</SimpleData>
		<SimpleData name="Place_ID">ChIJZxh-OADr3TsRXR4KE48YTcg</SimpleData>
		<SimpleData name="Distance_m">2081</SimpleData>
		<SimpleData name="Source_File">Nashik_Makhmalabad_establishments.xlsx</SimpleData>
	</SchemaData></ExtendedData>
      <Point><coordinates>73.7906462,20.0296933</coordinates></Point>
  </Placemark>
  <Placemark id="shopping_and_retail.454">
	<name>Munna Trading Company</name>
	<ExtendedData><SchemaData schemaUrl="#shopping_and_retail">
		<SimpleData name="Category">wholesaler</SimpleData>
		<SimpleData name="Address">shop no 5, Sharad Pawar Market yad, Samarth Nagar, Makhmalabad, Nashik, Maharashtra 422003, India</SimpleData>
		<SimpleData name="Latitude">20.030964</SimpleData>
		<SimpleData name="Longitude">73.7932499</SimpleData>
		<SimpleData name="Rating">4.3</SimpleData>
		<SimpleData name="Place_ID">ChIJdSfqNeLr3TsRes2nGBHmhZM</SimpleData>
		<SimpleData name="Distance_m">2346</SimpleData>
		<SimpleData name="Source_File">Nashik_Makhmalabad_establishments.xlsx</SimpleData>
	</SchemaData></ExtendedData>
      <Point><coordinates>73.7932499,20.030964</coordinates></Point>
  </Placemark>
  <Placemark id="shopping_and_retail.455">
	<name>La Vitis | Farm to Fork ~by Grape Embassy</name>
	<ExtendedData><SchemaData schemaUrl="#shopping_and_retail">
		<SimpleData name="Category">bistro</SimpleData>
		<SimpleData name="Address">Ganga Wadi, 110/3, Gangapur Road, Makhmalabad, Nashik, Maharashtra 422003, India</SimpleData>
		<SimpleData name="Latitude">20.0263558</SimpleData>
		<SimpleData name="Longitude">73.770048</SimpleData>
		<SimpleData name="Rating">4.6</SimpleData>
		<SimpleData name="Place_ID">ChIJ52zq8rPr3TsRTEscWS0zaP8</SimpleData>
		<SimpleData name="Distance_m">555</SimpleData>
		<SimpleData name="Source_File">Nashik_Makhmalabad_establishments.xlsx</SimpleData>
	</SchemaData></ExtendedData>
      <Point><coordinates>73.770048,20.0263558</coordinates></Point>
  </Placemark>
  <Placemark id="shopping_and_retail.456">
	<name>Roongta complex</name>
	<ExtendedData><SchemaData schemaUrl="#shopping_and_retail">
		<SimpleData name="Category">candy_store</SimpleData>
		<SimpleData name="Address">2QXF+3VR, Gamane Mala, Madhukamal Nagar, Ramkrishna Nagar, Makhmalabad, Nashik, Maharashtra 422003, India</SimpleData>
		<SimpleData name="Latitude">20.0477343</SimpleData>
		<SimpleData name="Longitude">73.774635</SimpleData>
		<SimpleData name="Rating">4</SimpleData>
		<SimpleData name="Place_ID">ChIJ-wYdHgDp3TsR89lb2JiKKCw</SimpleData>
		<SimpleData name="Distance_m">1871</SimpleData>
		<SimpleData name="Source_File">Nashik_Makhmalabad_establishments.xlsx</SimpleData>
	</SchemaData></ExtendedData>
      <Point><coordinates>73.774635,20.0477343</coordinates></Point>
  </Placemark>
  <Placemark id="shopping_and_retail.457">
	<name>Kalactive men�s Hub</name>
	<ExtendedData><SchemaData schemaUrl="#shopping_and_retail">
		<SimpleData name="Category">clothing_store</SimpleData>
		<SimpleData name="Address">Shop No. 05, Avira complex, Makhmalabad Rd, near IDBI Bank, Gamane Mala, Makhmalabad, Nashik, Maharashtra 422003, India</SimpleData>
		<SimpleData name="Latitude">20.0478872</SimpleData>
		<SimpleData name="Longitude">73.774038</SimpleData>
		<SimpleData name="Rating">4.7</SimpleData>
		<SimpleData name="Place_ID">ChIJyRcglrDp3TsRGE4_JLuGDFA</SimpleData>
		<SimpleData name="Distance_m">1875</SimpleData>
		<SimpleData name="Source_File">Nashik_Makhmalabad_establishments.xlsx</SimpleData>
	</SchemaData></ExtendedData>
      <Point><coordinates>73.774038,20.0478872</coordinates></Point>
  </Placemark>
  <Placemark id="shopping_and_retail.458">
	<name>Nashik Dhanya Bhander</name>
	<ExtendedData><SchemaData schemaUrl="#shopping_and_retail">
		<SimpleData name="Category">general_store</SimpleData>
		<SimpleData name="Address">2QRJ+M5R, Shanti Nagar, Ramkrishna Nagar, Makhmalabad, Nashik, Maharashtra 422003, India</SimpleData>
		<SimpleData name="Latitude">20.0417269</SimpleData>
		<SimpleData name="Longitude">73.7803857</SimpleData>
		<SimpleData name="Rating">4.2</SimpleData>
		<SimpleData name="Place_ID">ChIJo7RqnNnr3TsRDmQy73ySLIo</SimpleData>
		<SimpleData name="Distance_m">1532</SimpleData>
		<SimpleData name="Source_File">Nashik_Makhmalabad_establishments.xlsx</SimpleData>
	</SchemaData></ExtendedData>
      <Point><coordinates>73.7803857,20.0417269</coordinates></Point>
  </Placemark>
  <Placemark id="shopping_and_retail.459">
	<name>Krishna Super market</name>
	<ExtendedData><SchemaData schemaUrl="#shopping_and_retail">
		<SimpleData name="Category">general_store</SimpleData>
		<SimpleData name="Address">Sho No G 7, Gamane Mala, Gulomohar, Makhmalabad, Nashik, Maharashtra 422003, India</SimpleData>
		<SimpleData name="Latitude">20.0459459</SimpleData>
		<SimpleData name="Longitude">73.7785072</SimpleData>
		<SimpleData name="Rating">5</SimpleData>
		<SimpleData name="Place_ID">ChIJKxy7K2zr3TsRrWq4lowgyoc</SimpleData>
		<SimpleData name="Distance_m">1817</SimpleData>
		<SimpleData name="Source_File">Nashik_Makhmalabad_establishments.xlsx</SimpleData>
	</SchemaData></ExtendedData>
      <Point><coordinates>73.7785072,20.0459459</coordinates></Point>
  </Placemark>
  <Placemark id="shopping_and_retail.460">
	<name>Megashri General Stores</name>
	<ExtendedData><SchemaData schemaUrl="#shopping_and_retail">
		<SimpleData name="Category">general_store</SimpleData>
		<SimpleData name="Address">2QQJ+9PQ, Makhmalabad Rd, Opposite gas Agency, Ashwamegh Nagar, Makhmalabad, Nashik, Maharashtra 422003, India</SimpleData>
		<SimpleData name="Latitude">20.03846</SimpleData>
		<SimpleData name="Longitude">73.781857</SimpleData>
		<SimpleData name="Rating">4.5</SimpleData>
		<SimpleData name="Place_ID">ChIJ6V_EZtrr3TsRkOwls2jW7LM</SimpleData>
		<SimpleData name="Distance_m">1403</SimpleData>
		<SimpleData name="Source_File">Nashik_Makhmalabad_establishments.xlsx</SimpleData>
	</SchemaData></ExtendedData>
      <Point><coordinates>73.781857,20.03846</coordinates></Point>
  </Placemark>
  <Placemark id="shopping_and_retail.461">
	<name>Sadguru Kirana and general stores</name>
	<ExtendedData><SchemaData schemaUrl="#shopping_and_retail">
		<SimpleData name="Category">general_store</SimpleData>
		<SimpleData name="Address">Disha rowhouse, mankar mala, Makhmalabad, Nashik, Maharashtra 422003, India</SimpleData>
		<SimpleData name="Latitude">20.0479416</SimpleData>
		<SimpleData name="Longitude">73.7761621</SimpleData>
		<SimpleData name="Rating">4.8</SimpleData>
		<SimpleData name="Place_ID">ChIJ5Z2FuVrp3TsRbObarK2Cajw</SimpleData>
		<SimpleData name="Distance_m">1933</SimpleData>
		<SimpleData name="Source_File">Nashik_Makhmalabad_establishments.xlsx</SimpleData>
	</SchemaData></ExtendedData>
      <Point><coordinates>73.7761621,20.0479416</coordinates></Point>
  </Placemark>
  <Placemark id="shopping_and_retail.462">
	<name>New Somnanath Kirana Store</name>
	<ExtendedData><SchemaData schemaUrl="#shopping_and_retail">
		<SimpleData name="Category">general_store</SimpleData>
		<SimpleData name="Address">130/1/115, Swami Vivekananda Nagar, Makhmalabad, Nashik, Maharashtra 422003, India</SimpleData>
		<SimpleData name="Latitude">20.0462471</SimpleData>
		<SimpleData name="Longitude">73.7832553</SimpleData>
		<SimpleData name="Rating">3.9</SimpleData>
		<SimpleData name="Place_ID">ChIJvWRtA9jr3TsRziXRsWNhl98</SimpleData>
		<SimpleData name="Distance_m">2111</SimpleData>
		<SimpleData name="Source_File">Nashik_Makhmalabad_establishments.xlsx</SimpleData>
	</SchemaData></ExtendedData>
      <Point><coordinates>73.7832553,20.0462471</coordinates></Point>
  </Placemark>
  <Placemark id="shopping_and_retail.463">
	<name>GOODWILL SUPERMARKET MAKHMALABAD</name>
	<ExtendedData><SchemaData schemaUrl="#shopping_and_retail">
		<SimpleData name="Category">grocery_store</SimpleData>
		<SimpleData name="Address">PLOT NO 1, Makhmalabad Rd, opp. TIRUMALA GULMOHAR BUILDING, Gamane Mala, Makhmalabad, Nashik, Maharashtra 422001, India</SimpleData>
		<SimpleData name="Latitude">20.0454527</SimpleData>
		<SimpleData name="Longitude">73.7780629</SimpleData>
		<SimpleData name="Rating">4.1</SimpleData>
		<SimpleData name="Place_ID">ChIJM2jqb97r3TsRWakk42Z0e_M</SimpleData>
		<SimpleData name="Distance_m">1747</SimpleData>
		<SimpleData name="Source_File">Nashik_Makhmalabad_establishments.xlsx</SimpleData>
	</SchemaData></ExtendedData>
      <Point><coordinates>73.7780629,20.0454527</coordinates></Point>
  </Placemark>
  <Placemark id="shopping_and_retail.464">
	<name>Siddhalaxmi kirana general stores</name>
	<ExtendedData><SchemaData schemaUrl="#shopping_and_retail">
		<SimpleData name="Category">grocery_store</SimpleData>
		<SimpleData name="Address">2QJJ+FG7, Mahadev Colony Rd Number 1, Makhmalabad, Nashik, Maharashtra 422003, India</SimpleData>
		<SimpleData name="Latitude">20.0311729</SimpleData>
		<SimpleData name="Longitude">73.7812947</SimpleData>
		<SimpleData name="Rating">5</SimpleData>
		<SimpleData name="Place_ID">ChIJzyYQvMXr3TsRuSC2JUXatKw</SimpleData>
		<SimpleData name="Distance_m">1096</SimpleData>
		<SimpleData name="Source_File">Nashik_Makhmalabad_establishments.xlsx</SimpleData>
	</SchemaData></ExtendedData>
      <Point><coordinates>73.7812947,20.0311729</coordinates></Point>
  </Placemark>
  <Placemark id="shopping_and_retail.465">
	<name>Daily Needs Kirana And General Stores</name>
	<ExtendedData><SchemaData schemaUrl="#shopping_and_retail">
		<SimpleData name="Category">grocery_store</SimpleData>
		<SimpleData name="Address">Makhmalabad Rd, near Lilavati Hospital, Vidya Nagar, Panchavati, Nashik, Maharashtra 422003, India</SimpleData>
		<SimpleData name="Latitude">20.0368993</SimpleData>
		<SimpleData name="Longitude">73.781234</SimpleData>
		<SimpleData name="Rating">4.5</SimpleData>
		<SimpleData name="Place_ID">ChIJczRglqrr3TsRcC2CavWLvJs</SimpleData>
		<SimpleData name="Distance_m">1255</SimpleData>
		<SimpleData name="Source_File">Nashik_Makhmalabad_establishments.xlsx</SimpleData>
	</SchemaData></ExtendedData>
      <Point><coordinates>73.781234,20.0368993</coordinates></Point>
  </Placemark>
  <Placemark id="shopping_and_retail.466">
	<name>Roongtha Shopping Centre</name>
	<ExtendedData><SchemaData schemaUrl="#shopping_and_retail">
		<SimpleData name="Category">market</SimpleData>
		<SimpleData name="Address">2QXF+5W3, Gamane Mala, Makhmalabad, Nashik, Maharashtra 422003, India</SimpleData>
		<SimpleData name="Latitude">20.047893</SimpleData>
		<SimpleData name="Longitude">73.774799</SimpleData>
		<SimpleData name="Rating">4.3</SimpleData>
		<SimpleData name="Place_ID">ChIJb6lsSQDp3TsRx1lTljkLRVc</SimpleData>
		<SimpleData name="Distance_m">1892</SimpleData>
		<SimpleData name="Source_File">Nashik_Makhmalabad_establishments.xlsx</SimpleData>
	</SchemaData></ExtendedData>
      <Point><coordinates>73.774799,20.047893</coordinates></Point>
  </Placemark>
  <Placemark id="shopping_and_retail.467">
	<name>The Masala Mandi � Spice Manufacturer &amp; Bulk Exporter in Nashik</name>
	<ExtendedData><SchemaData schemaUrl="#shopping_and_retail">
		<SimpleData name="Category">service</SimpleData>
		<SimpleData name="Address">plot No. 5, Makhmalabad Rd, Vidya Nagar, Panchavati, Makhmalabad, Nashik, Maharashtra 422003, India</SimpleData>
		<SimpleData name="Latitude">20.0351215</SimpleData>
		<SimpleData name="Longitude">73.7795284</SimpleData>
		<SimpleData name="Place_ID">ChIJTelv1_zr3TsRgNQdQ4gVVGA</SimpleData>
		<SimpleData name="Distance_m">1006</SimpleData>
		<SimpleData name="Source_File">Nashik_Makhmalabad_establishments.xlsx</SimpleData>
	</SchemaData></ExtendedData>
      <Point><coordinates>73.7795284,20.0351215</coordinates></Point>
  </Placemark>
  <Placemark id="shopping_and_retail.468">
	<name>Unnati Arcade</name>
	<ExtendedData><SchemaData schemaUrl="#shopping_and_retail">
		<SimpleData name="Category">shopping_mall</SimpleData>
		<SimpleData name="Address">Besides Maharashtra Gramin Bank, 100 Feet Ring Road, near D-MART, near Talathi office, Ramkrishna Nagar, Makhmalabad, Nashik, Maharashtra 422003, India</SimpleData>
		<SimpleData name="Latitude">20.0456879</SimpleData>
		<SimpleData name="Longitude">73.7805276</SimpleData>
		<SimpleData name="Rating">4.8</SimpleData>
		<SimpleData name="Place_ID">ChIJG9CDe_3r3TsR4knwS76ZQDk</SimpleData>
		<SimpleData name="Distance_m">1895</SimpleData>
		<SimpleData name="Source_File">Nashik_Makhmalabad_establishments.xlsx</SimpleData>
	</SchemaData></ExtendedData>
      <Point><coordinates>73.7805276,20.0456879</coordinates></Point>
  </Placemark>
  <Placemark id="shopping_and_retail.469">
	<name>The High Street</name>
	<ExtendedData><SchemaData schemaUrl="#shopping_and_retail">
		<SimpleData name="Category">shopping_mall</SimpleData>
		<SimpleData name="Address">2QF8+FXJ, Riverfront Cruiseway, Chandshi, Nashik, Maharashtra 422003, India</SimpleData>
		<SimpleData name="Latitude">20.0237188</SimpleData>
		<SimpleData name="Longitude">73.7673973</SimpleData>
		<SimpleData name="Rating">5</SimpleData>
		<SimpleData name="Place_ID">ChIJF-s5vebr3TsRJuqdWy9Y7sU</SimpleData>
		<SimpleData name="Distance_m">915</SimpleData>
		<SimpleData name="Source_File">Nashik_Makhmalabad_establishments.xlsx</SimpleData>
	</SchemaData></ExtendedData>
      <Point><coordinates>73.7673973,20.0237188</coordinates></Point>
  </Placemark>
  <Placemark id="shopping_and_retail.470">
	<name>SuprExpress Supermarket Wholesaler India</name>
	<ExtendedData><SchemaData schemaUrl="#shopping_and_retail">
		<SimpleData name="Category">supermarket</SimpleData>
		<SimpleData name="Address">fadol Chowk, 67/2, Makhmalabad Rd, Professor Colony, Nashik, Maharashtra 422003, India</SimpleData>
		<SimpleData name="Latitude">20.0253508</SimpleData>
		<SimpleData name="Longitude">73.7844956</SimpleData>
		<SimpleData name="Rating">5</SimpleData>
		<SimpleData name="Place_ID">ChIJJ99DIrbr3TsRyvLsacrEXIY</SimpleData>
		<SimpleData name="Distance_m">1576</SimpleData>
		<SimpleData name="Source_File">Nashik_Makhmalabad_establishments.xlsx</SimpleData>
	</SchemaData></ExtendedData>
      <Point><coordinates>73.7844956,20.0253508</coordinates></Point>
  </Placemark>
  <Placemark id="shopping_and_retail.471">
	<name>Matoshri Supermarket</name>
	<ExtendedData><SchemaData schemaUrl="#shopping_and_retail">
		<SimpleData name="Category">supermarket</SimpleData>
		<SimpleData name="Address">shop no.1, Swastik residency, Gamane Mala, Makhmalabad, Nashik, Maharashtra 422003, India</SimpleData>
		<SimpleData name="Latitude">20.0435289</SimpleData>
		<SimpleData name="Longitude">73.7733897</SimpleData>
		<SimpleData name="Place_ID">ChIJgxmRQBnr3TsRkR9kngvvExg</SimpleData>
		<SimpleData name="Distance_m">1386</SimpleData>
		<SimpleData name="Source_File">Nashik_Makhmalabad_establishments.xlsx</SimpleData>
	</SchemaData></ExtendedData>
      <Point><coordinates>73.7733897,20.0435289</coordinates></Point>
  </Placemark>
  <Placemark id="shopping_and_retail.472">
	<name>NMC Kanhaiya Super Market</name>
	<ExtendedData><SchemaData schemaUrl="#shopping_and_retail">
		<SimpleData name="Category">supermarket</SimpleData>
		<SimpleData name="Address">Shop No, 1, Gaon, Gamane Mala, Makhmalabad, Nashik, Maharashtra 422003, India</SimpleData>
		<SimpleData name="Latitude">20.0463592</SimpleData>
		<SimpleData name="Longitude">73.7771713</SimpleData>
		<SimpleData name="Rating">5</SimpleData>
		<SimpleData name="Place_ID">ChIJjfE4vyLp3TsRw38CMhqMHMk</SimpleData>
		<SimpleData name="Distance_m">1802</SimpleData>
		<SimpleData name="Source_File">Nashik_Makhmalabad_establishments.xlsx</SimpleData>
	</SchemaData></ExtendedData>
      <Point><coordinates>73.7771713,20.0463592</coordinates></Point>
  </Placemark>
  <Placemark id="shopping_and_retail.473">
	<name>AABA SUPER MARKET</name>
	<ExtendedData><SchemaData schemaUrl="#shopping_and_retail">
		<SimpleData name="Category">supermarket</SimpleData>
		<SimpleData name="Address">Shinde mala, near lilavati hospital, Vidya Nagar, Makhmalabad, Nashik, Maharashtra 422003, India</SimpleData>
		<SimpleData name="Latitude">20.03689</SimpleData>
		<SimpleData name="Longitude">73.7820696</SimpleData>
		<SimpleData name="Rating">2.3</SimpleData>
		<SimpleData name="Place_ID">ChIJC1FvDEDr3TsRYg12vkfVtHk</SimpleData>
		<SimpleData name="Distance_m">1331</SimpleData>
		<SimpleData name="Source_File">Nashik_Makhmalabad_establishments.xlsx</SimpleData>
	</SchemaData></ExtendedData>
      <Point><coordinates>73.7820696,20.03689</coordinates></Point>
  </Placemark>
  <Placemark id="shopping_and_retail.474">
	<name>Bhagwati Super Market</name>
	<ExtendedData><SchemaData schemaUrl="#shopping_and_retail">
		<SimpleData name="Category">supermarket</SimpleData>
		<SimpleData name="Address">Shop No 4 Lili Park, Makhmalabad Rd, Ramkrishna Nagar, Mhasrul Gaon, Nashik, Maharashtra 422003, India</SimpleData>
		<SimpleData name="Latitude">20.0460691</SimpleData>
		<SimpleData name="Longitude">73.7875881</SimpleData>
		<SimpleData name="Rating">5</SimpleData>
		<SimpleData name="Place_ID">ChIJR-8y6vbr3TsRn9ObYAHPOYk</SimpleData>
		<SimpleData name="Distance_m">2403</SimpleData>
		<SimpleData name="Source_File">Nashik_Makhmalabad_establishments.xlsx</SimpleData>
	</SchemaData></ExtendedData>
      <Point><coordinates>73.7875881,20.0460691</coordinates></Point>
  </Placemark>
  <Placemark id="shopping_and_retail.475">
	<name>Vinayak super market</name>
	<ExtendedData><SchemaData schemaUrl="#shopping_and_retail">
		<SimpleData name="Category">supermarket</SimpleData>
		<SimpleData name="Address">Bhagwan bhavanagar, inderprsth path road, Indraprastha Nagar, Makhmalabad, Nashik, Maharashtra 422003, India</SimpleData>
		<SimpleData name="Latitude">20.0542646</SimpleData>
		<SimpleData name="Longitude">73.7837325</SimpleData>
		<SimpleData name="Rating">4.5</SimpleData>
		<SimpleData name="Place_ID">ChIJJfBlZHfp3TsRjXW_BdUu4y0</SimpleData>
		<SimpleData name="Distance_m">2889</SimpleData>
		<SimpleData name="Source_File">Nashik_Makhmalabad_establishments.xlsx</SimpleData>
	</SchemaData></ExtendedData>
      <Point><coordinates>73.7837325,20.0542646</coordinates></Point>
  </Placemark>
  <Placemark id="shopping_and_retail.476">
	<name>Shinde Kirana Store</name>
	<ExtendedData><SchemaData schemaUrl="#shopping_and_retail">
		<SimpleData name="Category">supermarket</SimpleData>
		<SimpleData name="Address">6 Shinde Mala, Makhmalabad Rd, Vidya Nagar, Makhmalabad, Nashik, Maharashtra 422003, India</SimpleData>
		<SimpleData name="Latitude">20.0356736</SimpleData>
		<SimpleData name="Longitude">73.7826328</SimpleData>
		<SimpleData name="Rating">5</SimpleData>
		<SimpleData name="Place_ID">ChIJl1YRFg7r3TsR9t70wzVmY-I</SimpleData>
		<SimpleData name="Distance_m">1328</SimpleData>
		<SimpleData name="Source_File">Nashik_Makhmalabad_establishments.xlsx</SimpleData>
	</SchemaData></ExtendedData>
      <Point><coordinates>73.7826328,20.0356736</coordinates></Point>
  </Placemark>
  <Placemark id="shopping_and_retail.477">
	<name>BALAJI MASALE AND DRYFRUITS AND KANDAP</name>
	<ExtendedData><SchemaData schemaUrl="#shopping_and_retail">
		<SimpleData name="Category">supermarket</SimpleData>
		<SimpleData name="Address">Fadol Mala, Peth, Link Road, Makhmalabad Rd, Professor Colony, Nashik, Maharashtra 422003, India</SimpleData>
		<SimpleData name="Latitude">20.0246308</SimpleData>
		<SimpleData name="Longitude">73.7845407</SimpleData>
		<SimpleData name="Rating">4.7</SimpleData>
		<SimpleData name="Place_ID">ChIJm1-IOiTr3TsRH3GOFh7I_xA</SimpleData>
		<SimpleData name="Distance_m">1616</SimpleData>
		<SimpleData name="Source_File">Nashik_Makhmalabad_establishments.xlsx</SimpleData>
	</SchemaData></ExtendedData>
      <Point><coordinates>73.7845407,20.0246308</coordinates></Point>
  </Placemark>
  <Placemark id="shopping_and_retail.478">
	<name>Seven Silver Mart</name>
	<ExtendedData><SchemaData schemaUrl="#shopping_and_retail">
		<SimpleData name="Category">asian_grocery_store</SimpleData>
		<SimpleData name="Address">WRWP+FH8, Lam Rd, near SHREE DATTA PETROL PUMP, Rajwada Nagar, Nashik Road, Nashik, Maharashtra 422101, India</SimpleData>
		<SimpleData name="Latitude">19.9461516</SimpleData>
		<SimpleData name="Longitude">73.8364536</SimpleData>
		<SimpleData name="Rating">4.8</SimpleData>
		<SimpleData name="Place_ID">ChIJt06ELHaV3TsROwCbMm-Q0JM</SimpleData>
		<SimpleData name="Distance_m">1863</SimpleData>
		<SimpleData name="Source_File">Nashik_nDeolali_Gao_establishments.xlsx</SimpleData>
	</SchemaData></ExtendedData>
      <Point><coordinates>73.8364536,19.9461516</coordinates></Point>
  </Placemark>
  <Placemark id="shopping_and_retail.479">
	<name>Reliance Digital Select</name>
	<ExtendedData><SchemaData schemaUrl="#shopping_and_retail">
		<SimpleData name="Category">electronics_store</SimpleData>
		<SimpleData name="Address">Shop No. 4, Deshmukh Shopping Complex, Subhash Rd, Rajwada Nagar, Nashik Road, Nashik, Maharashtra 422101, India</SimpleData>
		<SimpleData name="Latitude">19.9467417</SimpleData>
		<SimpleData name="Longitude">73.8384628</SimpleData>
		<SimpleData name="Rating">5</SimpleData>
		<SimpleData name="Place_ID">ChIJl4IzrZqV3TsRqFphYE2UFJk</SimpleData>
		<SimpleData name="Distance_m">2026</SimpleData>
		<SimpleData name="Source_File">Nashik_nDeolali_Gao_establishments.xlsx</SimpleData>
	</SchemaData></ExtendedData>
      <Point><coordinates>73.8384628,19.9467417</coordinates></Point>
  </Placemark>
  <Placemark id="shopping_and_retail.480">
	<name>Jai Ramdev Super Bazar</name>
	<ExtendedData><SchemaData schemaUrl="#shopping_and_retail">
		<SimpleData name="Category">general_store</SimpleData>
		<SimpleData name="Address">Shop Number 3,4, Laxmi Ratan Society, Anand Nagar, Nashik Road, Nashik, Maharashtra 422101, India</SimpleData>
		<SimpleData name="Latitude">19.950675</SimpleData>
		<SimpleData name="Longitude">73.831005</SimpleData>
		<SimpleData name="Rating">4.6</SimpleData>
		<SimpleData name="Place_ID">ChIJ4_pMzlGV3TsRD_vYgZdJycM</SimpleData>
		<SimpleData name="Distance_m">2609</SimpleData>
		<SimpleData name="Source_File">Nashik_Nashik_Road_establishments.xlsx</SimpleData>
	</SchemaData></ExtendedData>
      <Point><coordinates>73.831005,19.950675</coordinates></Point>
  </Placemark>
  <Placemark id="shopping_and_retail.481">
	<name>Yashoda Kirana And General Stores</name>
	<ExtendedData><SchemaData schemaUrl="#shopping_and_retail">
		<SimpleData name="Category">general_store</SimpleData>
		<SimpleData name="Address">XR2M+743, behind MUKTIDHAM, Anand Nagar, Nashik Road, Nashik, Maharashtra 422101, India</SimpleData>
		<SimpleData name="Latitude">19.9506424</SimpleData>
		<SimpleData name="Longitude">73.8327839</SimpleData>
		<SimpleData name="Rating">4.5</SimpleData>
		<SimpleData name="Place_ID">ChIJ8-b8q1GV3TsRosC2N0febG4</SimpleData>
		<SimpleData name="Distance_m">2197</SimpleData>
		<SimpleData name="Source_File">Nashik_nDeolali_Gao_establishments.xlsx</SimpleData>
	</SchemaData></ExtendedData>
      <Point><coordinates>73.8327839,19.9506424</coordinates></Point>
  </Placemark>
  <Placemark id="shopping_and_retail.482">
	<name>SAURABH Super Market</name>
	<ExtendedData><SchemaData schemaUrl="#shopping_and_retail">
		<SimpleData name="Category">grocery_store</SimpleData>
		<SimpleData name="Address">Shop 3/4, Shriram Anand Sankul, Artillery Centre Rd, Nashik Road, Nashik, Maharashtra 422101, India</SimpleData>
		<SimpleData name="Latitude">19.9473696</SimpleData>
		<SimpleData name="Longitude">73.8353723</SimpleData>
		<SimpleData name="Rating">4.3</SimpleData>
		<SimpleData name="Place_ID">ChIJXbplBlqV3TsRmOKGEX2WVcQ</SimpleData>
		<SimpleData name="Distance_m">1936</SimpleData>
		<SimpleData name="Source_File">Nashik_nDeolali_Gao_establishments.xlsx</SimpleData>
	</SchemaData></ExtendedData>
      <Point><coordinates>73.8353723,19.9473696</coordinates></Point>
  </Placemark>
  <Placemark id="shopping_and_retail.483">
	<name>Khushaldas Pahelajrai Kirana Merchant</name>
	<ExtendedData><SchemaData schemaUrl="#shopping_and_retail">
		<SimpleData name="Category">grocery_store</SimpleData>
		<SimpleData name="Address">Subhash Rd, Rajwada Nagar, Nashik Road, Nashik, Maharashtra 422101, India</SimpleData>
		<SimpleData name="Latitude">19.9471919</SimpleData>
		<SimpleData name="Longitude">73.839691</SimpleData>
		<SimpleData name="Rating">4.2</SimpleData>
		<SimpleData name="Place_ID">ChIJGx8bP8_q3TsR8WCI4jI21E8</SimpleData>
		<SimpleData name="Distance_m">2139</SimpleData>
		<SimpleData name="Source_File">Nashik_nDeolali_Gao_establishments.xlsx</SimpleData>
	</SchemaData></ExtendedData>
      <Point><coordinates>73.839691,19.9471919</coordinates></Point>
  </Placemark>
  <Placemark id="shopping_and_retail.484">
	<name>Kails more Sidhkala Kirana And General Stores</name>
	<ExtendedData><SchemaData schemaUrl="#shopping_and_retail">
		<SimpleData name="Category">grocery_store</SimpleData>
		<SimpleData name="Address">Teli Galli, Nashik - Pune Hwy, Devlali Gaon, Nashik, Maharashtra 422101, India</SimpleData>
		<SimpleData name="Latitude">19.9424972</SimpleData>
		<SimpleData name="Longitude">73.8346428</SimpleData>
		<SimpleData name="Rating">4.3</SimpleData>
		<SimpleData name="Place_ID">ChIJZeSh8luV3TsR2rneVAWZXe4</SimpleData>
		<SimpleData name="Distance_m">1416</SimpleData>
		<SimpleData name="Source_File">Nashik_nDeolali_Gao_establishments.xlsx</SimpleData>
	</SchemaData></ExtendedData>
      <Point><coordinates>73.8346428,19.9424972</coordinates></Point>
  </Placemark>
  <Placemark id="shopping_and_retail.485">
	<name>M/s. Rajan Bachumal &amp; Sons.</name>
	<ExtendedData><SchemaData schemaUrl="#shopping_and_retail">
		<SimpleData name="Category">grocery_store</SimpleData>
		<SimpleData name="Address">38, Ambedkar Rd, Ganesh Market, Rajwada Nagar, Nashik Rd, Nashik, Maharashtra 422101, India</SimpleData>
		<SimpleData name="Latitude">19.949209</SimpleData>
		<SimpleData name="Longitude">73.840396</SimpleData>
		<SimpleData name="Rating">4.3</SimpleData>
		<SimpleData name="Place_ID">ChIJByColFeV3TsRBTb--xwGZyI</SimpleData>
		<SimpleData name="Distance_m">2367</SimpleData>
		<SimpleData name="Source_File">Nashik_nDeolali_Gao_establishments.xlsx</SimpleData>
	</SchemaData></ExtendedData>
      <Point><coordinates>73.840396,19.949209</coordinates></Point>
  </Placemark>
  <Placemark id="shopping_and_retail.486">
	<name>Vaibhav Kirana</name>
	<ExtendedData><SchemaData schemaUrl="#shopping_and_retail">
		<SimpleData name="Category">grocery_store</SimpleData>
		<SimpleData name="Address">Nashik Rd, near Dandiya Maratha Mandir, Deolali Gaon, Nashik, Maharashtra 422101, India</SimpleData>
		<SimpleData name="Latitude">19.943699</SimpleData>
		<SimpleData name="Longitude">73.835058</SimpleData>
		<SimpleData name="Rating">3.8</SimpleData>
		<SimpleData name="Place_ID">ChIJeQNwxFuV3TsRLPNpaD9X-a4</SimpleData>
		<SimpleData name="Distance_m">1554</SimpleData>
		<SimpleData name="Source_File">Nashik_nDeolali_Gao_establishments.xlsx</SimpleData>
	</SchemaData></ExtendedData>
      <Point><coordinates>73.835058,19.943699</coordinates></Point>
  </Placemark>
  <Placemark id="shopping_and_retail.487">
	<name>Ratanshi Meghji Shah</name>
	<ExtendedData><SchemaData schemaUrl="#shopping_and_retail">
		<SimpleData name="Category">grocery_store</SimpleData>
		<SimpleData name="Address">XR2J+C4J, Taran Talav Rd, Gulmohar Colony, Anand Nagar, Deolali Gaon, Nashik, Maharashtra 422101, India</SimpleData>
		<SimpleData name="Latitude">19.9511418</SimpleData>
		<SimpleData name="Longitude">73.8305613</SimpleData>
		<SimpleData name="Rating">4.2</SimpleData>
		<SimpleData name="Place_ID">ChIJDzK53LKV3TsR8RgF2-6NlxQ</SimpleData>
		<SimpleData name="Distance_m">2211</SimpleData>
		<SimpleData name="Source_File">Nashik_nDeolali_Gao_establishments.xlsx</SimpleData>
	</SchemaData></ExtendedData>
      <Point><coordinates>73.8305613,19.9511418</coordinates></Point>
  </Placemark>
  <Placemark id="shopping_and_retail.488">
	<name>R K FRUITS &amp; VEGETABLES</name>
	<ExtendedData><SchemaData schemaUrl="#shopping_and_retail">
		<SimpleData name="Category">grocery_store</SimpleData>
		<SimpleData name="Address">Front of aute mala, Jai Bhavani Rd, Bhavani Nagar, Nashik Road, Nashik, Maharashtra 422102, India</SimpleData>
		<SimpleData name="Latitude">19.9479477</SimpleData>
		<SimpleData name="Longitude">73.8262006</SimpleData>
		<SimpleData name="Rating">4.8</SimpleData>
		<SimpleData name="Place_ID">ChIJzWpBevmV3TsRCNvM8unnHlY</SimpleData>
		<SimpleData name="Distance_m">1850</SimpleData>
		<SimpleData name="Source_File">Nashik_nDeolali_Gao_establishments.xlsx</SimpleData>
	</SchemaData></ExtendedData>
      <Point><coordinates>73.8262006,19.9479477</coordinates></Point>
  </Placemark>
  <Placemark id="shopping_and_retail.489">
	<name>Yashwant - Mandai</name>
	<ExtendedData><SchemaData schemaUrl="#shopping_and_retail">
		<SimpleData name="Category">market</SimpleData>
		<SimpleData name="Address">Yashwant Mandai, Shaneshwar Maharaj Chowk, Devlali Gaon, Devlali, Nashik, Maharashtra 422101, India</SimpleData>
		<SimpleData name="Latitude">19.9442134</SimpleData>
		<SimpleData name="Longitude">73.8350019</SimpleData>
		<SimpleData name="Rating">4</SimpleData>
		<SimpleData name="Place_ID">ChIJAzcoz1uV3TsREeV3JOQ2UcM</SimpleData>
		<SimpleData name="Distance_m">1602</SimpleData>
		<SimpleData name="Source_File">Nashik_nDeolali_Gao_establishments.xlsx</SimpleData>
	</SchemaData></ExtendedData>
      <Point><coordinates>73.8350019,19.9442134</coordinates></Point>
  </Placemark>
  <Placemark id="shopping_and_retail.490">
	<name>Somwar Bazaar</name>
	<ExtendedData><SchemaData schemaUrl="#shopping_and_retail">
		<SimpleData name="Category">market</SimpleData>
		<SimpleData name="Address">WRVM+63J, Deolali Gaon, Nashik, Maharashtra 422102, India</SimpleData>
		<SimpleData name="Latitude">19.9430752</SimpleData>
		<SimpleData name="Longitude">73.8326526</SimpleData>
		<SimpleData name="Rating">3.8</SimpleData>
		<SimpleData name="Place_ID">ChIJC0GzDFuV3TsRCW0ByElkV-M</SimpleData>
		<SimpleData name="Distance_m">1386</SimpleData>
		<SimpleData name="Source_File">Nashik_nDeolali_Gao_establishments.xlsx</SimpleData>
	</SchemaData></ExtendedData>
      <Point><coordinates>73.8326526,19.9430752</coordinates></Point>
  </Placemark>
  <Placemark id="shopping_and_retail.491">
	<name>Vegetable Market</name>
	<ExtendedData><SchemaData schemaUrl="#shopping_and_retail">
		<SimpleData name="Category">market</SimpleData>
		<SimpleData name="Address">WRVP+J28, Devlali Gaon, Nashik, Maharashtra 422101, India</SimpleData>
		<SimpleData name="Latitude">19.9440484</SimpleData>
		<SimpleData name="Longitude">73.8350719</SimpleData>
		<SimpleData name="Rating">4.1</SimpleData>
		<SimpleData name="Place_ID">ChIJ7ad7z1uV3TsRTa9cuO29US0</SimpleData>
		<SimpleData name="Distance_m">1589</SimpleData>
		<SimpleData name="Source_File">Nashik_nDeolali_Gao_establishments.xlsx</SimpleData>
	</SchemaData></ExtendedData>
      <Point><coordinates>73.8350719,19.9440484</coordinates></Point>
  </Placemark>
  <Placemark id="shopping_and_retail.492">
	<name>Star Plus Mall</name>
	<ExtendedData><SchemaData schemaUrl="#shopping_and_retail">
		<SimpleData name="Category">medical_center</SimpleData>
		<SimpleData name="Address">Anand Nagar, Deolali Gaon, Nashik, Maharashtra 422101, India</SimpleData>
		<SimpleData name="Latitude">19.949727</SimpleData>
		<SimpleData name="Longitude">73.8367832</SimpleData>
		<SimpleData name="Rating">4.4</SimpleData>
		<SimpleData name="Place_ID">ChIJ8-4-TKyV3TsRl--i7QqZJK4</SimpleData>
		<SimpleData name="Distance_m">2952</SimpleData>
		<SimpleData name="Source_File">Nashik_Nashik_Road_establishments.xlsx</SimpleData>
	</SchemaData></ExtendedData>
      <Point><coordinates>73.8367832,19.949727</coordinates></Point>
  </Placemark>
  <Placemark id="shopping_and_retail.493">
	<name>DHADIWAL COMPLEX</name>
	<ExtendedData><SchemaData schemaUrl="#shopping_and_retail">
		<SimpleData name="Category">shopping_mall</SimpleData>
		<SimpleData name="Address">XR2Q+6HJ, Shastri Path, Rajwada Nagar, Deolali Gaon, Nashik, Maharashtra 422101, India</SimpleData>
		<SimpleData name="Latitude">19.9505759</SimpleData>
		<SimpleData name="Longitude">73.8388992</SimpleData>
		<SimpleData name="Place_ID">ChIJS8w4ZQCV3TsRnNBYq4ijl7Y</SimpleData>
		<SimpleData name="Distance_m">2418</SimpleData>
		<SimpleData name="Source_File">Nashik_nDeolali_Gao_establishments.xlsx</SimpleData>
	</SchemaData></ExtendedData>
      <Point><coordinates>73.8388992,19.9505759</coordinates></Point>
  </Placemark>
  <Placemark id="shopping_and_retail.494">
	<name>Kawale Compound</name>
	<ExtendedData><SchemaData schemaUrl="#shopping_and_retail">
		<SimpleData name="Category">shopping_mall</SimpleData>
		<SimpleData name="Address">XR2Q+645, Rajwada Nagar, Deolali Gaon, Nashik, Maharashtra 422101, India</SimpleData>
		<SimpleData name="Latitude">19.9505074</SimpleData>
		<SimpleData name="Longitude">73.837873</SimpleData>
		<SimpleData name="Rating">3.5</SimpleData>
		<SimpleData name="Place_ID">ChIJG3ACHFeV3TsR2X3NEJtTzp8</SimpleData>
		<SimpleData name="Distance_m">2362</SimpleData>
		<SimpleData name="Source_File">Nashik_nDeolali_Gao_establishments.xlsx</SimpleData>
	</SchemaData></ExtendedData>
      <Point><coordinates>73.837873,19.9505074</coordinates></Point>
  </Placemark>
  <Placemark id="shopping_and_retail.495">
	<name>Dream Square-A</name>
	<ExtendedData><SchemaData schemaUrl="#shopping_and_retail">
		<SimpleData name="Category">shopping_mall</SimpleData>
		<SimpleData name="Address">XR2P+2QG, Road, Anand Nagar, Deolali Gaon, Nashik, Maharashtra 422101, India</SimpleData>
		<SimpleData name="Latitude">19.9500656</SimpleData>
		<SimpleData name="Longitude">73.8369615</SimpleData>
		<SimpleData name="Rating">3.3</SimpleData>
		<SimpleData name="Place_ID">ChIJS6fcL1eV3TsRBpBTEQhPfzU</SimpleData>
		<SimpleData name="Distance_m">2277</SimpleData>
		<SimpleData name="Source_File">Nashik_nDeolali_Gao_establishments.xlsx</SimpleData>
	</SchemaData></ExtendedData>
      <Point><coordinates>73.8369615,19.9500656</coordinates></Point>
  </Placemark>
  <Placemark id="shopping_and_retail.496">
	<name>Shree Swami Samarth Traders</name>
	<ExtendedData><SchemaData schemaUrl="#shopping_and_retail">
		<SimpleData name="Category">store</SimpleData>
		<SimpleData name="Address">Rajwada Nagar, Deolali Gaon, Nashik, Maharashtra 422101, India</SimpleData>
		<SimpleData name="Latitude">19.9439194</SimpleData>
		<SimpleData name="Longitude">73.8363416</SimpleData>
		<SimpleData name="Rating">4.1</SimpleData>
		<SimpleData name="Place_ID">ChIJE76cK7GV3TsRY1UspAxPX38</SimpleData>
		<SimpleData name="Distance_m">1643</SimpleData>
		<SimpleData name="Source_File">Nashik_nDeolali_Gao_establishments.xlsx</SimpleData>
	</SchemaData></ExtendedData>
      <Point><coordinates>73.8363416,19.9439194</coordinates></Point>
  </Placemark>
  <Placemark id="shopping_and_retail.497">
	<name>Rohit traders</name>
	<ExtendedData><SchemaData schemaUrl="#shopping_and_retail">
		<SimpleData name="Category">wholesaler</SimpleData>
		<SimpleData name="Address">Jai Bhavani Rd, Gandhi Nagar Airport Area, Nashik Road, Nashik, Maharashtra 422102, India</SimpleData>
		<SimpleData name="Latitude">19.9499177</SimpleData>
		<SimpleData name="Longitude">73.825782</SimpleData>
		<SimpleData name="Rating">5</SimpleData>
		<SimpleData name="Place_ID">ChIJN5EVxnqV3TsRnfbooCFf7sI</SimpleData>
		<SimpleData name="Distance_m">2072</SimpleData>
		<SimpleData name="Source_File">Nashik_nDeolali_Gao_establishments.xlsx</SimpleData>
	</SchemaData></ExtendedData>
      <Point><coordinates>73.825782,19.9499177</coordinates></Point>
  </Placemark>
  <Placemark id="shopping_and_retail.498">
	<name>Madhu Trading Company</name>
	<ExtendedData><SchemaData schemaUrl="#shopping_and_retail">
		<SimpleData name="Category">wholesaler</SimpleData>
		<SimpleData name="Address">Shop no 24, Bitco Point, Sinnar, C Wing, Rajwada Nagar, Nashik Road, Nashik, Maharashtra 422101, India</SimpleData>
		<SimpleData name="Latitude">19.9489939</SimpleData>
		<SimpleData name="Longitude">73.8404517</SimpleData>
		<SimpleData name="Rating">5</SimpleData>
		<SimpleData name="Place_ID">ChIJmTAwhbqV3TsR1Q4gmIgUjzk</SimpleData>
		<SimpleData name="Distance_m">2350</SimpleData>
		<SimpleData name="Source_File">Nashik_nDeolali_Gao_establishments.xlsx</SimpleData>
	</SchemaData></ExtendedData>
      <Point><coordinates>73.8404517,19.9489939</coordinates></Point>
  </Placemark>
  <Placemark id="shopping_and_retail.499">
	<name>Reliance Digital</name>
	<ExtendedData><SchemaData schemaUrl="#shopping_and_retail">
		<SimpleData name="Category">electronics_store</SimpleData>
		<SimpleData name="Address">Survey No 21, Ashtapad Heights, B/7, Lam Rd, Deolali Gaon, Nashik, Maharashtra 422101, India</SimpleData>
		<SimpleData name="Latitude">19.9285977</SimpleData>
		<SimpleData name="Longitude">73.8338313</SimpleData>
		<SimpleData name="Rating">4.9</SimpleData>
		<SimpleData name="Place_ID">ChIJl-6FkMaV3TsR8_We7SF6_9E</SimpleData>
		<SimpleData name="Distance_m">685</SimpleData>
		<SimpleData name="Source_File">Nashik_nDeolali_Gao_establishments.xlsx</SimpleData>
	</SchemaData></ExtendedData>
      <Point><coordinates>73.8338313,19.9285977</coordinates></Point>
  </Placemark>
  <Placemark id="shopping_and_retail.500">
	<name>Manish Mart</name>
	<ExtendedData><SchemaData schemaUrl="#shopping_and_retail">
		<SimpleData name="Category">general_store</SimpleData>
		<SimpleData name="Address">Manish Mart, Renuka Garden Complex, Shop, Lam Rd, Saubhagaya Nagar, Kothule Mala, Nashik, Maharashtra 422401, India</SimpleData>
		<SimpleData name="Latitude">19.9299108</SimpleData>
		<SimpleData name="Longitude">73.8338767</SimpleData>
		<SimpleData name="Rating">5</SimpleData>
		<SimpleData name="Place_ID">ChIJKfbSZiWV3TsRs6-GejNnj9M</SimpleData>
		<SimpleData name="Distance_m">636</SimpleData>
		<SimpleData name="Source_File">Nashik_nDeolali_Gao_establishments.xlsx</SimpleData>
	</SchemaData></ExtendedData>
      <Point><coordinates>73.8338767,19.9299108</coordinates></Point>
  </Placemark>
  <Placemark id="shopping_and_retail.501">
	<name>Omkar Provision Store</name>
	<ExtendedData><SchemaData schemaUrl="#shopping_and_retail">
		<SimpleData name="Category">general_store</SimpleData>
		<SimpleData name="Address">WRHM+RQH, Lam Rd, Saubhagya Nagar, Nashik, Maharashtra 422401, India</SimpleData>
		<SimpleData name="Latitude">19.929574</SimpleData>
		<SimpleData name="Longitude">73.8344879</SimpleData>
		<SimpleData name="Rating">4.5</SimpleData>
		<SimpleData name="Place_ID">ChIJedy7ImSV3TsRbJSQ-PqYUYs</SimpleData>
		<SimpleData name="Distance_m">708</SimpleData>
		<SimpleData name="Source_File">Nashik_nDeolali_Gao_establishments.xlsx</SimpleData>
	</SchemaData></ExtendedData>
      <Point><coordinates>73.8344879,19.929574</coordinates></Point>
  </Placemark>
  <Placemark id="shopping_and_retail.502">
	<name>Bhavani Bazar</name>
	<ExtendedData><SchemaData schemaUrl="#shopping_and_retail">
		<SimpleData name="Category">grocery_store</SimpleData>
		<SimpleData name="Address">XRFM+Q2J, Shriram Nagar, Laxman Nagar, Nashik Road, Nashik, Maharashtra 422101, India</SimpleData>
		<SimpleData name="Latitude">19.9744632</SimpleData>
		<SimpleData name="Longitude">73.8325157</SimpleData>
		<SimpleData name="Rating">4</SimpleData>
		<SimpleData name="Place_ID">ChIJy5P9xpjr3TsRf0qzRNpQKiM</SimpleData>
		<SimpleData name="Distance_m">1010</SimpleData>
		<SimpleData name="Source_File">Nashik_Nashik_Road_establishments.xlsx</SimpleData>
	</SchemaData></ExtendedData>
      <Point><coordinates>73.8325157,19.9744632</coordinates></Point>
  </Placemark>
  <Placemark id="shopping_and_retail.503">
	<name>CITI ARCADE</name>
	<ExtendedData><SchemaData schemaUrl="#shopping_and_retail">
		<SimpleData name="Category">shopping_mall</SimpleData>
		<SimpleData name="Address">XRCQ+JWF, Jail Rd, Krishna Colony, Nashik Road, Nashik, Maharashtra 422101, India</SimpleData>
		<SimpleData name="Latitude">19.971569</SimpleData>
		<SimpleData name="Longitude">73.8397882</SimpleData>
		<SimpleData name="Rating">3.7</SimpleData>
		<SimpleData name="Place_ID">ChIJiWqW26fq3TsRAyDNqGWyic0</SimpleData>
		<SimpleData name="Distance_m">1761</SimpleData>
		<SimpleData name="Source_File">Nashik_Nashik_Road_establishments.xlsx</SimpleData>
	</SchemaData></ExtendedData>
      <Point><coordinates>73.8397882,19.971569</coordinates></Point>
  </Placemark>
  <Placemark id="shopping_and_retail.504">
	<name>Deepak Kirana &amp; General Stores</name>
	<ExtendedData><SchemaData schemaUrl="#shopping_and_retail">
		<SimpleData name="Category">supermarket</SimpleData>
		<SimpleData name="Address">Shop No 7 sambhav Appartment, Saubhagya Nagar, Kothule Mala, Nashik, Maharashtra 422401, India</SimpleData>
		<SimpleData name="Latitude">19.9310094</SimpleData>
		<SimpleData name="Longitude">73.8339715</SimpleData>
		<SimpleData name="Rating">5</SimpleData>
		<SimpleData name="Place_ID">ChIJ_8qaJNmV3TsRsdQH3z-hSEY</SimpleData>
		<SimpleData name="Distance_m">626</SimpleData>
		<SimpleData name="Source_File">Nashik_nDeolali_Gao_establishments.xlsx</SimpleData>
	</SchemaData></ExtendedData>
      <Point><coordinates>73.8339715,19.9310094</coordinates></Point>
  </Placemark>
  <Placemark id="shopping_and_retail.505">
	<name>R.P. Sweets ?? ?? ??????</name>
	<ExtendedData><SchemaData schemaUrl="#shopping_and_retail">
		<SimpleData name="Category">candy_store</SimpleData>
		<SimpleData name="Address">opp. Siemens Company, MIDC Ambad, Nashik, Maharashtra 422010, India</SimpleData>
		<SimpleData name="Latitude">19.9555439</SimpleData>
		<SimpleData name="Longitude">73.7348431</SimpleData>
		<SimpleData name="Rating">3.7</SimpleData>
		<SimpleData name="Place_ID">ChIJg5TgHbLs3TsRm1l7v5CoQWQ</SimpleData>
		<SimpleData name="Distance_m">2268</SimpleData>
		<SimpleData name="Source_File">Nashik_Ambad_establishments.xlsx</SimpleData>
	</SchemaData></ExtendedData>
      <Point><coordinates>73.7348431,19.9555439</coordinates></Point>
  </Placemark>
  <Placemark id="shopping_and_retail.506">
	<name>G.P.Sweets Pathardi phata</name>
	<ExtendedData><SchemaData schemaUrl="#shopping_and_retail">
		<SimpleData name="Category">candy_store</SimpleData>
		<SimpleData name="Address">XQ46+77F, Pathardi Phata-Pathardi Rd, Prashant Nagar, Pathardi Phata, Nashik, Maharashtra 422010, India</SimpleData>
		<SimpleData name="Latitude">19.9556841</SimpleData>
		<SimpleData name="Longitude">73.7606638</SimpleData>
		<SimpleData name="Rating">3.8</SimpleData>
		<SimpleData name="Place_ID">ChIJlTyNmU3r3TsRQnwfxI1x_HA</SimpleData>
		<SimpleData name="Distance_m">1648</SimpleData>
		<SimpleData name="Source_File">Nashik_Pathardi_Phata_establishments.xlsx</SimpleData>
	</SchemaData></ExtendedData>
      <Point><coordinates>73.7606638,19.9556841</coordinates></Point>
  </Placemark>
  <Placemark id="shopping_and_retail.507">
	<name>Annapurna Cloth Centre</name>
	<ExtendedData><SchemaData schemaUrl="#shopping_and_retail">
		<SimpleData name="Category">clothing_store</SimpleData>
		<SimpleData name="Address">N-33/L-67/0-4, New Nashik, Sahyadri Nagar, Cidco, Nashik, Maharashtra 422009, India</SimpleData>
		<SimpleData name="Latitude">19.9631599</SimpleData>
		<SimpleData name="Longitude">73.763875</SimpleData>
		<SimpleData name="Rating">4.4</SimpleData>
		<SimpleData name="Place_ID">ChIJwR_JIXA1VxER31kg-AtUMv0</SimpleData>
		<SimpleData name="Distance_m">1236</SimpleData>
		<SimpleData name="Source_File">Nashik_CIDCO_establishments.xlsx</SimpleData>
	</SchemaData></ExtendedData>
      <Point><coordinates>73.763875,19.9631599</coordinates></Point>
  </Placemark>
  <Placemark id="shopping_and_retail.508">
	<name>SUNNY WHOLESALER</name>
	<ExtendedData><SchemaData schemaUrl="#shopping_and_retail">
		<SimpleData name="Category">clothing_store</SimpleData>
		<SimpleData name="Address">Shop No G13, Ananta Arcade, Gaon Road, near Rayba Hotel, Wasan Nagar, Pathardi Phata, Nashik, Maharashtra 422010, India</SimpleData>
		<SimpleData name="Latitude">19.9540447</SimpleData>
		<SimpleData name="Longitude">73.7651795</SimpleData>
		<SimpleData name="Rating">5</SimpleData>
		<SimpleData name="Place_ID">ChIJP0DEQ1fr3TsRGyvYLTk9Lbs</SimpleData>
		<SimpleData name="Distance_m">1377</SimpleData>
		<SimpleData name="Source_File">Nashik_Pathardi_Phata_establishments.xlsx</SimpleData>
	</SchemaData></ExtendedData>
      <Point><coordinates>73.7651795,19.9540447</coordinates></Point>
  </Placemark>
  <Placemark id="shopping_and_retail.509">
	<name>Rao Textiles Mukanekar</name>
	<ExtendedData><SchemaData schemaUrl="#shopping_and_retail">
		<SimpleData name="Category">clothing_store</SimpleData>
		<SimpleData name="Address">Plot No.3, GST Bhavan Road, Nawale Nagar, Prashant Nagar, Pathardi Phata, Nashik, Maharashtra 422010, India</SimpleData>
		<SimpleData name="Latitude">19.952882</SimpleData>
		<SimpleData name="Longitude">73.7580292</SimpleData>
		<SimpleData name="Rating">3.6</SimpleData>
		<SimpleData name="Place_ID">ChIJndz8REvr3TsR06vT721y93w</SimpleData>
		<SimpleData name="Distance_m">2044</SimpleData>
		<SimpleData name="Source_File">Nashik_Pathardi_Phata_establishments.xlsx</SimpleData>
	</SchemaData></ExtendedData>
      <Point><coordinates>73.7580292,19.952882</coordinates></Point>
  </Placemark>
  <Placemark id="shopping_and_retail.510">
	<name>Reliance Digital</name>
	<ExtendedData><SchemaData schemaUrl="#shopping_and_retail">
		<SimpleData name="Category">electronics_store</SimpleData>
		<SimpleData name="Address">Survey No 318/2, Plot No 10, near Saptashrungi Hospital, Prashant Nagar, Pathardi Phata, Nashik, Maharashtra 422010, India</SimpleData>
		<SimpleData name="Latitude">19.9544868</SimpleData>
		<SimpleData name="Longitude">73.7641227</SimpleData>
		<SimpleData name="Rating">4.9</SimpleData>
		<SimpleData name="Place_ID">ChIJKb9LaPHr3TsR9XT9_Ctjp-M</SimpleData>
		<SimpleData name="Distance_m">2106</SimpleData>
		<SimpleData name="Source_File">Nashik_CIDCO_establishments.xlsx</SimpleData>
	</SchemaData></ExtendedData>
      <Point><coordinates>73.7641227,19.9544868</coordinates></Point>
  </Placemark>
  <Placemark id="shopping_and_retail.511">
	<name>Shubhada Wholesale Traders</name>
	<ExtendedData><SchemaData schemaUrl="#shopping_and_retail">
		<SimpleData name="Category">general_store</SimpleData>
		<SimpleData name="Address">Front Of MNC School, Ambad Khrud, Ambad Village, Nashik, Maharashtra 422010, India</SimpleData>
		<SimpleData name="Latitude">19.961345</SimpleData>
		<SimpleData name="Longitude">73.7448091</SimpleData>
		<SimpleData name="Rating">5</SimpleData>
		<SimpleData name="Place_ID">ChIJBcjBiajs3TsRBxqjosJ_X0c</SimpleData>
		<SimpleData name="Distance_m">1259</SimpleData>
		<SimpleData name="Source_File">Nashik_Ambad_establishments.xlsx</SimpleData>
	</SchemaData></ExtendedData>
      <Point><coordinates>73.7448091,19.961345</coordinates></Point>
  </Placemark>
  <Placemark id="shopping_and_retail.512">
	<name>Maa Durga Super Market</name>
	<ExtendedData><SchemaData schemaUrl="#shopping_and_retail">
		<SimpleData name="Category">general_store</SimpleData>
		<SimpleData name="Address">WQX7+WJR, Narhari Nagar, Prashant Nagar, Pathardi Phata, Nashik, Maharashtra 422010, India</SimpleData>
		<SimpleData name="Latitude">19.9498681</SimpleData>
		<SimpleData name="Longitude">73.7640227</SimpleData>
		<SimpleData name="Rating">3.9</SimpleData>
		<SimpleData name="Place_ID">ChIJo_zgdLOU3TsROpAWyg7eu5c</SimpleData>
		<SimpleData name="Distance_m">1807</SimpleData>
		<SimpleData name="Source_File">Nashik_Pathardi_Phata_establishments.xlsx</SimpleData>
	</SchemaData></ExtendedData>
      <Point><coordinates>73.7640227,19.9498681</coordinates></Point>
  </Placemark>
  <Placemark id="shopping_and_retail.513">
	<name>Max super market</name>
	<ExtendedData><SchemaData schemaUrl="#shopping_and_retail">
		<SimpleData name="Category">general_store</SimpleData>
		<SimpleData name="Address">8, Shri Niwas Apartment, Narhari Nagar, Wasan Nagar, Pathardi Phata, Nashik, Maharashtra 422010, India</SimpleData>
		<SimpleData name="Latitude">19.949602</SimpleData>
		<SimpleData name="Longitude">73.767229</SimpleData>
		<SimpleData name="Rating">4</SimpleData>
		<SimpleData name="Place_ID">ChIJX8scXLSU3TsRbHBVta0CEA4</SimpleData>
		<SimpleData name="Distance_m">1653</SimpleData>
		<SimpleData name="Source_File">Nashik_Pathardi_Phata_establishments.xlsx</SimpleData>
	</SchemaData></ExtendedData>
      <Point><coordinates>73.767229,19.949602</coordinates></Point>
  </Placemark>
  <Placemark id="shopping_and_retail.514">
	<name>Ekvira Super Market</name>
	<ExtendedData><SchemaData schemaUrl="#shopping_and_retail">
		<SimpleData name="Category">grocery_store</SimpleData>
		<SimpleData name="Address">Shop No 1, Cidco, near ICICI Bank, Ashwin Nagar, Nashik, Maharashtra 422009, India</SimpleData>
		<SimpleData name="Latitude">19.962406</SimpleData>
		<SimpleData name="Longitude">73.7595554</SimpleData>
		<SimpleData name="Rating">4.5</SimpleData>
		<SimpleData name="Place_ID">ChIJzXe030_r3TsRVVcv8HegXEc</SimpleData>
		<SimpleData name="Distance_m">1121</SimpleData>
		<SimpleData name="Source_File">Nashik_CIDCO_establishments.xlsx</SimpleData>
	</SchemaData></ExtendedData>
      <Point><coordinates>73.7595554,19.962406</coordinates></Point>
  </Placemark>
  <Placemark id="shopping_and_retail.515">
	<name>Vijeta Super Market</name>
	<ExtendedData><SchemaData schemaUrl="#shopping_and_retail">
		<SimpleData name="Category">grocery_store</SimpleData>
		<SimpleData name="Address">Shop No F1/2/3, In Lift 2nd Floor, Parksyde Buiness Avenue, Pandav Nagari, Indira Nagar, Nashik, Maharashtra 422009, India</SimpleData>
		<SimpleData name="Latitude">19.9504053</SimpleData>
		<SimpleData name="Longitude">73.7755727</SimpleData>
		<SimpleData name="Rating">4.9</SimpleData>
		<SimpleData name="Place_ID">ChIJgVuU8fzr3TsRkiF7WL1c3DU</SimpleData>
		<SimpleData name="Distance_m">2517</SimpleData>
		<SimpleData name="Source_File">Nashik_Indira_Nagar_establishments.xlsx</SimpleData>
	</SchemaData></ExtendedData>
      <Point><coordinates>73.7755727,19.9504053</coordinates></Point>
  </Placemark>
  <Placemark id="shopping_and_retail.516">
	<name>Super Grahak Bazaar</name>
	<ExtendedData><SchemaData schemaUrl="#shopping_and_retail">
		<SimpleData name="Category">grocery_store</SimpleData>
		<SimpleData name="Address">Samarth Nagar, Dnyaneshwar Nagar, Pathardi Phata, Nashik, Maharashtra 422009, India</SimpleData>
		<SimpleData name="Latitude">19.9515876</SimpleData>
		<SimpleData name="Longitude">73.7698379</SimpleData>
		<SimpleData name="Rating">4.1</SimpleData>
		<SimpleData name="Place_ID">ChIJ18YDFbWU3TsR6vD-XJf1Ym0</SimpleData>
		<SimpleData name="Distance_m">2616</SimpleData>
		<SimpleData name="Source_File">Nashik_Indira_Nagar_establishments.xlsx</SimpleData>
	</SchemaData></ExtendedData>
      <Point><coordinates>73.7698379,19.9515876</coordinates></Point>
  </Placemark>
  <Placemark id="shopping_and_retail.517">
	<name>Galaxy Supermarket.</name>
	<ExtendedData><SchemaData schemaUrl="#shopping_and_retail">
		<SimpleData name="Category">grocery_store</SimpleData>
		<SimpleData name="Address">Girdhar Nagar, Prashant Nagar, Pathardi Phata, Nashik, Maharashtra 422010, India</SimpleData>
		<SimpleData name="Latitude">19.9501464</SimpleData>
		<SimpleData name="Longitude">73.7565267</SimpleData>
		<SimpleData name="Rating">4.2</SimpleData>
		<SimpleData name="Place_ID">ChIJGwo1SoSV3TsR5Q1Qmt986_Y</SimpleData>
		<SimpleData name="Distance_m">2046</SimpleData>
		<SimpleData name="Source_File">Nashik_MIDC_Ambad_establishments.xlsx</SimpleData>
	</SchemaData></ExtendedData>
      <Point><coordinates>73.7565267,19.9501464</coordinates></Point>
  </Placemark>
  <Placemark id="shopping_and_retail.518">
	<name>Shivkrupa farms</name>
	<ExtendedData><SchemaData schemaUrl="#shopping_and_retail">
		<SimpleData name="Category">grocery_store</SimpleData>
		<SimpleData name="Address">Pathardi fata padurang chawk vijay Swits, opp. Nashik, Damodar Nagar, Pathardi Phata, Nashik, Maharashtra 422010, India</SimpleData>
		<SimpleData name="Latitude">19.9495755</SimpleData>
		<SimpleData name="Longitude">73.7621611</SimpleData>
		<SimpleData name="Rating">4</SimpleData>
		<SimpleData name="Place_ID">ChIJCd7M_4qV3TsRdTurJOCA6xY</SimpleData>
		<SimpleData name="Distance_m">1900</SimpleData>
		<SimpleData name="Source_File">Nashik_MIDC_Ambad_establishments.xlsx</SimpleData>
	</SchemaData></ExtendedData>
      <Point><coordinates>73.7621611,19.9495755</coordinates></Point>
  </Placemark>
  <Placemark id="shopping_and_retail.519">
	<name>Nandan Super Market</name>
	<ExtendedData><SchemaData schemaUrl="#shopping_and_retail">
		<SimpleData name="Category">grocery_store</SimpleData>
		<SimpleData name="Address">Shop No 1pali, Hill Appointment, Narhari Nagar, Prashant Nagar, Pathardi Phata, Nashik, Maharashtra 422010, India</SimpleData>
		<SimpleData name="Latitude">19.9496809</SimpleData>
		<SimpleData name="Longitude">73.7654903</SimpleData>
		<SimpleData name="Rating">4</SimpleData>
		<SimpleData name="Place_ID">ChIJE0Da2IiV3TsRTIxcjxFlryU</SimpleData>
		<SimpleData name="Distance_m">1736</SimpleData>
		<SimpleData name="Source_File">Nashik_Pathardi_Phata_establishments.xlsx</SimpleData>
	</SchemaData></ExtendedData>
      <Point><coordinates>73.7654903,19.9496809</coordinates></Point>
  </Placemark>
  <Placemark id="shopping_and_retail.520">
	<name>Bholenath Supermarket</name>
	<ExtendedData><SchemaData schemaUrl="#shopping_and_retail">
		<SimpleData name="Category">grocery_store</SimpleData>
		<SimpleData name="Address">Shop No. 2, Shantiniketan, Opp. Police Qty., Wasan Nagar, Pathardi Phata, Nashik, Maharashtra 422009, India</SimpleData>
		<SimpleData name="Latitude">19.95684</SimpleData>
		<SimpleData name="Longitude">73.7640695</SimpleData>
		<SimpleData name="Rating">4</SimpleData>
		<SimpleData name="Place_ID">ChIJzc7Sakzr3TsR4wQf4FMHq2M</SimpleData>
		<SimpleData name="Distance_m">1276</SimpleData>
		<SimpleData name="Source_File">Nashik_Pathardi_Phata_establishments.xlsx</SimpleData>
	</SchemaData></ExtendedData>
      <Point><coordinates>73.7640695,19.95684</coordinates></Point>
  </Placemark>
  <Placemark id="shopping_and_retail.521">
	<name>Navkar Super Market</name>
	<ExtendedData><SchemaData schemaUrl="#shopping_and_retail">
		<SimpleData name="Category">grocery_store</SimpleData>
		<SimpleData name="Address">Shop No.1, Wasan Nagar, Pathardi Phata, Nashik, Maharashtra 422010, India</SimpleData>
		<SimpleData name="Latitude">19.9515236</SimpleData>
		<SimpleData name="Longitude">73.765329</SimpleData>
		<SimpleData name="Rating">4.3</SimpleData>
		<SimpleData name="Place_ID">ChIJNyfAT8OV3TsRYXAnhkmnBiw</SimpleData>
		<SimpleData name="Distance_m">1578</SimpleData>
		<SimpleData name="Source_File">Nashik_Pathardi_Phata_establishments.xlsx</SimpleData>
	</SchemaData></ExtendedData>
      <Point><coordinates>73.765329,19.9515236</coordinates></Point>
  </Placemark>
  <Placemark id="shopping_and_retail.522">
	<name>Damodhar Mart</name>
	<ExtendedData><SchemaData schemaUrl="#shopping_and_retail">
		<SimpleData name="Category">grocery_store</SimpleData>
		<SimpleData name="Address">Shop No 31, Pandurang Chaowk, Murlidhar Vyas Colony, Damodar Nagar, Pathardi Phata, Nashik, Maharashtra 422010, India</SimpleData>
		<SimpleData name="Latitude">19.9498028</SimpleData>
		<SimpleData name="Longitude">73.7624082</SimpleData>
		<SimpleData name="Rating">3.8</SimpleData>
		<SimpleData name="Place_ID">ChIJPcasYcWV3TsR4ngnPFUmW7A</SimpleData>
		<SimpleData name="Distance_m">1920</SimpleData>
		<SimpleData name="Source_File">Nashik_Pathardi_Phata_establishments.xlsx</SimpleData>
	</SchemaData></ExtendedData>
      <Point><coordinates>73.7624082,19.9498028</coordinates></Point>
  </Placemark>
  <Placemark id="shopping_and_retail.523">
	<name>Gurukrupa Mall &amp; G.K Medical</name>
	<ExtendedData><SchemaData schemaUrl="#shopping_and_retail">
		<SimpleData name="Category">grocery_store</SimpleData>
		<SimpleData name="Address">Murlidhar Vyas Colony, Prashant Nagar, Pathardi Phata, Nashik, Maharashtra 422010, India</SimpleData>
		<SimpleData name="Latitude">19.9527613</SimpleData>
		<SimpleData name="Longitude">73.7635743</SimpleData>
		<SimpleData name="Rating">4.5</SimpleData>
		<SimpleData name="Place_ID">ChIJab2RfMXr3TsRSE_rEaio368</SimpleData>
		<SimpleData name="Distance_m">1597</SimpleData>
		<SimpleData name="Source_File">Nashik_Pathardi_Phata_establishments.xlsx</SimpleData>
	</SchemaData></ExtendedData>
      <Point><coordinates>73.7635743,19.9527613</coordinates></Point>
  </Placemark>
  <Placemark id="shopping_and_retail.524">
	<name>SIDDHARTHA FRUIT SHOP</name>
	<ExtendedData><SchemaData schemaUrl="#shopping_and_retail">
		<SimpleData name="Category">grocery_store</SimpleData>
		<SimpleData name="Address">Parthadifata Rod, Pathardi Gaon, Pathardi Phata, Nashik, Maharashtra 422009, India</SimpleData>
		<SimpleData name="Latitude">19.9437091</SimpleData>
		<SimpleData name="Longitude">73.7742425</SimpleData>
		<SimpleData name="Rating">5</SimpleData>
		<SimpleData name="Place_ID">ChIJV2CmnP-V3TsRsbWCrrh9flk</SimpleData>
		<SimpleData name="Distance_m">2123</SimpleData>
		<SimpleData name="Source_File">Nashik_Pathardi_Phata_establishments.xlsx</SimpleData>
	</SchemaData></ExtendedData>
      <Point><coordinates>73.7742425,19.9437091</coordinates></Point>
  </Placemark>
  <Placemark id="shopping_and_retail.525">
	<name>Greeble Agro Export Onion Exporter and Supplier Lasalgaon Nashik Maharashtra India</name>
	<ExtendedData><SchemaData schemaUrl="#shopping_and_retail">
		<SimpleData name="Category">service</SimpleData>
		<SimpleData name="Address">2, Ambad - Uttam Nagar Rd, Vansashri Colony, DGP Nagar, Nashik, Maharashtra 422010, India</SimpleData>
		<SimpleData name="Latitude">19.959128</SimpleData>
		<SimpleData name="Longitude">73.752472</SimpleData>
		<SimpleData name="Rating">3.3</SimpleData>
		<SimpleData name="Place_ID">ChIJpYmFwlbr3TsRAFnoySvbrE0</SimpleData>
		<SimpleData name="Distance_m">1597</SimpleData>
		<SimpleData name="Source_File">Nashik_Ambad_establishments.xlsx</SimpleData>
	</SchemaData></ExtendedData>
      <Point><coordinates>73.752472,19.959128</coordinates></Point>
  </Placemark>
  <Placemark id="shopping_and_retail.526">
	<name>Modern Electro Enterprise</name>
	<ExtendedData><SchemaData schemaUrl="#shopping_and_retail">
		<SimpleData name="Category">service</SimpleData>
		<SimpleData name="Address">Shop No.149/1, Gangamai Industrial Mall, MIDC Ambad, opp. Siemens Ltd, MIDC Ambad, Nashik, Maharashtra 422010, India</SimpleData>
		<SimpleData name="Latitude">19.954938</SimpleData>
		<SimpleData name="Longitude">73.733277</SimpleData>
		<SimpleData name="Rating">4.5</SimpleData>
		<SimpleData name="Place_ID">ChIJG5NULLLs3TsR8QETn9G6i4k</SimpleData>
		<SimpleData name="Distance_m">2417</SimpleData>
		<SimpleData name="Source_File">Nashik_Ambad_establishments.xlsx</SimpleData>
	</SchemaData></ExtendedData>
      <Point><coordinates>73.733277,19.954938</coordinates></Point>
  </Placemark>
  <Placemark id="shopping_and_retail.527">
	<name>Campus Exclusive Store</name>
	<ExtendedData><SchemaData schemaUrl="#shopping_and_retail">
		<SimpleData name="Category">shoe_store</SimpleData>
		<SimpleData name="Address">Ground Floor, Survey no, Shop No 01, opp. Hotel Celebration, Wasan Nagar, Pathardi Phata, Nashik, Maharashtra 431122, India</SimpleData>
		<SimpleData name="Latitude">19.9512546</SimpleData>
		<SimpleData name="Longitude">73.7695817</SimpleData>
		<SimpleData name="Rating">4.9</SimpleData>
		<SimpleData name="Place_ID">ChIJn6oy69GV3TsRh7bq6MURw6k</SimpleData>
		<SimpleData name="Distance_m">1383</SimpleData>
		<SimpleData name="Source_File">Nashik_Pathardi_Phata_establishments.xlsx</SimpleData>
	</SchemaData></ExtendedData>
      <Point><coordinates>73.7695817,19.9512546</coordinates></Point>
  </Placemark>
  <Placemark id="shopping_and_retail.528">
	<name>Atlanta Shoppers Mall</name>
	<ExtendedData><SchemaData schemaUrl="#shopping_and_retail">
		<SimpleData name="Category">shopping_mall</SimpleData>
		<SimpleData name="Address">422010, Wasan Nagar, Pathardi Phata, Nashik, Maharashtra 422010, India</SimpleData>
		<SimpleData name="Latitude">19.9536129</SimpleData>
		<SimpleData name="Longitude">73.7666424</SimpleData>
		<SimpleData name="Rating">4</SimpleData>
		<SimpleData name="Place_ID">ChIJRSJiRkvr3TsRqp3d-CPcq64</SimpleData>
		<SimpleData name="Distance_m">2944</SimpleData>
		<SimpleData name="Source_File">Nashik_Ambad_establishments.xlsx</SimpleData>
	</SchemaData></ExtendedData>
      <Point><coordinates>73.7666424,19.9536129</coordinates></Point>
  </Placemark>
  <Placemark id="shopping_and_retail.529">
	<name>Surya Avenue</name>
	<ExtendedData><SchemaData schemaUrl="#shopping_and_retail">
		<SimpleData name="Category">shopping_mall</SimpleData>
		<SimpleData name="Address">XQ47+557, Pathardi Phata-Pathardi Rd, Prashant Nagar, Pathardi Phata, Nashik, Maharashtra 422009, India</SimpleData>
		<SimpleData name="Latitude">19.955407</SimpleData>
		<SimpleData name="Longitude">73.7629188</SimpleData>
		<SimpleData name="Rating">3.8</SimpleData>
		<SimpleData name="Place_ID">ChIJc4EbVkzr3TsRK8z-6F_zxT4</SimpleData>
		<SimpleData name="Distance_m">1463</SimpleData>
		<SimpleData name="Source_File">Nashik_Pathardi_Phata_establishments.xlsx</SimpleData>
	</SchemaData></ExtendedData>
      <Point><coordinates>73.7629188,19.955407</coordinates></Point>
  </Placemark>
  <Placemark id="shopping_and_retail.530">
	<name>Daksh Heritage</name>
	<ExtendedData><SchemaData schemaUrl="#shopping_and_retail">
		<SimpleData name="Category">shopping_mall</SimpleData>
		<SimpleData name="Address">WQXC+X7V, Dnyaneshwar Nagar, Pathardi Phata, Nashik, Maharashtra 422010, India</SimpleData>
		<SimpleData name="Latitude">19.9499914</SimpleData>
		<SimpleData name="Longitude">73.7706622</SimpleData>
		<SimpleData name="Rating">4.1</SimpleData>
		<SimpleData name="Place_ID">ChIJoRpDg7WU3TsRgw4emLt_s8w</SimpleData>
		<SimpleData name="Distance_m">1480</SimpleData>
		<SimpleData name="Source_File">Nashik_Pathardi_Phata_establishments.xlsx</SimpleData>
	</SchemaData></ExtendedData>
      <Point><coordinates>73.7706622,19.9499914</coordinates></Point>
  </Placemark>
  <Placemark id="shopping_and_retail.531">
	<name>PAWAR BUSINESS SQUARE</name>
	<ExtendedData><SchemaData schemaUrl="#shopping_and_retail">
		<SimpleData name="Category">shopping_mall</SimpleData>
		<SimpleData name="Address">XQ45+JHV, Dnyaneshwar Nagar, Pathardi Phata, Nashik, Maharashtra 422009, India</SimpleData>
		<SimpleData name="Latitude">19.9565887</SimpleData>
		<SimpleData name="Longitude">73.759092</SimpleData>
		<SimpleData name="Rating">5</SimpleData>
		<SimpleData name="Place_ID">ChIJZ6c9onvr3TsRclnlXZoYl2Y</SimpleData>
		<SimpleData name="Distance_m">1752</SimpleData>
		<SimpleData name="Source_File">Nashik_Pathardi_Phata_establishments.xlsx</SimpleData>
	</SchemaData></ExtendedData>
      <Point><coordinates>73.759092,19.9565887</coordinates></Point>
  </Placemark>
  <Placemark id="shopping_and_retail.532">
	<name>Sakaar Plaza</name>
	<ExtendedData><SchemaData schemaUrl="#shopping_and_retail">
		<SimpleData name="Category">shopping_mall</SimpleData>
		<SimpleData name="Address">WQX6+V52, Vikrikar Bhavan Rd, Damodar Nagar, Pathardi Phata, Nashik, Maharashtra 422010, India</SimpleData>
		<SimpleData name="Latitude">19.9496393</SimpleData>
		<SimpleData name="Longitude">73.7603916</SimpleData>
		<SimpleData name="Rating">4.3</SimpleData>
		<SimpleData name="Place_ID">ChIJx5GMYkCV3TsRMipzSaRDG-4</SimpleData>
		<SimpleData name="Distance_m">2077</SimpleData>
		<SimpleData name="Source_File">Nashik_Pathardi_Phata_establishments.xlsx</SimpleData>
	</SchemaData></ExtendedData>
      <Point><coordinates>73.7603916,19.9496393</coordinates></Point>
  </Placemark>
  <Placemark id="shopping_and_retail.533">
	<name>Parksyde Business Avenue</name>
	<ExtendedData><SchemaData schemaUrl="#shopping_and_retail">
		<SimpleData name="Category">shopping_mall</SimpleData>
		<SimpleData name="Address">Parksyde Business Avenue, near Guru Govind Singh School &amp; College, Pandav Nagari, Indira Nagar, Annex, Nashik, Maharashtra 422009, India</SimpleData>
		<SimpleData name="Latitude">19.9506327</SimpleData>
		<SimpleData name="Longitude">73.7754793</SimpleData>
		<SimpleData name="Rating">4.2</SimpleData>
		<SimpleData name="Place_ID">ChIJYzKnkC2V3TsRPnL_6GV-uTk</SimpleData>
		<SimpleData name="Distance_m">1357</SimpleData>
		<SimpleData name="Source_File">Nashik_Pathardi_Phata_establishments.xlsx</SimpleData>
	</SchemaData></ExtendedData>
      <Point><coordinates>73.7754793,19.9506327</coordinates></Point>
  </Placemark>
  <Placemark id="shopping_and_retail.534">
	<name>Vishal Entrprises (Shopping Centre.)</name>
	<ExtendedData><SchemaData schemaUrl="#shopping_and_retail">
		<SimpleData name="Category">shopping_mall</SimpleData>
		<SimpleData name="Address">Pathardi Phata, Nashik, Maharashtra 422010, India</SimpleData>
		<SimpleData name="Latitude">19.9329316</SimpleData>
		<SimpleData name="Longitude">73.7624261</SimpleData>
		<SimpleData name="Place_ID">ChIJs6nuAp2V3TsRy3pEn9qk8xg</SimpleData>
		<SimpleData name="Distance_m">3553</SimpleData>
		<SimpleData name="Source_File">Nashik_Pathardi_Phata_establishments.xlsx</SimpleData>
	</SchemaData></ExtendedData>
      <Point><coordinates>73.7624261,19.9329316</coordinates></Point>
  </Placemark>
  <Placemark id="shopping_and_retail.535">
	<name>Arohi Super Shopy</name>
	<ExtendedData><SchemaData schemaUrl="#shopping_and_retail">
		<SimpleData name="Category">shopping_mall</SimpleData>
		<SimpleData name="Address">Girdhar Nagar, Damodar Nagar, Pathardi Phata, Nashik, Maharashtra 422010, India</SimpleData>
		<SimpleData name="Latitude">19.9480868</SimpleData>
		<SimpleData name="Longitude">73.7597899</SimpleData>
		<SimpleData name="Rating">5</SimpleData>
		<SimpleData name="Place_ID">ChIJGRsgUc2V3TsR4014Dd2nQK8</SimpleData>
		<SimpleData name="Distance_m">2245</SimpleData>
		<SimpleData name="Source_File">Nashik_Pathardi_Phata_establishments.xlsx</SimpleData>
	</SchemaData></ExtendedData>
      <Point><coordinates>73.7597899,19.9480868</coordinates></Point>
  </Placemark>
  <Placemark id="shopping_and_retail.536">
	<name>SILICON BUSINESS CENTRE</name>
	<ExtendedData><SchemaData schemaUrl="#shopping_and_retail">
		<SimpleData name="Category">shopping_mall</SimpleData>
		<SimpleData name="Address">Guru Gobind Singh College Road, near Pathardi Gaon, Pandav Nagari, Circle, Nashik, Maharashtra 422010, India</SimpleData>
		<SimpleData name="Latitude">19.9475472</SimpleData>
		<SimpleData name="Longitude">73.7748561</SimpleData>
		<SimpleData name="Rating">4.6</SimpleData>
		<SimpleData name="Place_ID">ChIJsQUUkaGV3TsR42CSn6DhJ8k</SimpleData>
		<SimpleData name="Distance_m">1696</SimpleData>
		<SimpleData name="Source_File">Nashik_Pathardi_Phata_establishments.xlsx</SimpleData>
	</SchemaData></ExtendedData>
      <Point><coordinates>73.7748561,19.9475472</coordinates></Point>
  </Placemark>
  <Placemark id="shopping_and_retail.537">
	<name>AIMA Recreation Center</name>
	<ExtendedData><SchemaData schemaUrl="#shopping_and_retail">
		<SimpleData name="Category">sports_activity_location</SimpleData>
		<SimpleData name="Address">AIMA RECREATION CENTER, P-25, Power House Rd, Nandni Nagar, MIDC Ambad, Nashik, Maharashtra 422010, India</SimpleData>
		<SimpleData name="Latitude">19.9499162</SimpleData>
		<SimpleData name="Longitude">73.733269</SimpleData>
		<SimpleData name="Rating">4.1</SimpleData>
		<SimpleData name="Place_ID">ChIJgXGt1bLs3TsRxxJBQfuXRBA</SimpleData>
		<SimpleData name="Distance_m">3867</SimpleData>
		<SimpleData name="Source_File">Nashik_MIDC_Ambad_establishments.xlsx</SimpleData>
	</SchemaData></ExtendedData>
      <Point><coordinates>73.733269,19.9499162</coordinates></Point>
  </Placemark>
  <Placemark id="shopping_and_retail.538">
	<name>Kohinoor Super Market</name>
	<ExtendedData><SchemaData schemaUrl="#shopping_and_retail">
		<SimpleData name="Category">supermarket</SimpleData>
		<SimpleData name="Address">Shop No. 5, Sanskruti Vishaw Apartment, Pathardi Rd, Wasan Nagar, Pathardi Phata, Nashik, Maharashtra 422009, India</SimpleData>
		<SimpleData name="Latitude">19.9552826</SimpleData>
		<SimpleData name="Longitude">73.7643058</SimpleData>
		<SimpleData name="Rating">4.2</SimpleData>
		<SimpleData name="Place_ID">ChIJkx3Ri0zr3TsRVf8wk3AAAUg</SimpleData>
		<SimpleData name="Distance_m">1354</SimpleData>
		<SimpleData name="Source_File">Nashik_Pathardi_Phata_establishments.xlsx</SimpleData>
	</SchemaData></ExtendedData>
      <Point><coordinates>73.7643058,19.9552826</coordinates></Point>
  </Placemark>
  <Placemark id="shopping_and_retail.539">
	<name>Balaji Super Market</name>
	<ExtendedData><SchemaData schemaUrl="#shopping_and_retail">
		<SimpleData name="Category">supermarket</SimpleData>
		<SimpleData name="Address">Vikrikar Bhavan Rd, Girdhar Nagar, Damodar Nagar, Pathardi Phata, Nashik, Maharashtra 422010, India</SimpleData>
		<SimpleData name="Latitude">19.9499286</SimpleData>
		<SimpleData name="Longitude">73.7576211</SimpleData>
		<SimpleData name="Rating">4</SimpleData>
		<SimpleData name="Place_ID">ChIJ36DTOuaV3TsRLnd88SvLlcE</SimpleData>
		<SimpleData name="Distance_m">2272</SimpleData>
		<SimpleData name="Source_File">Nashik_Pathardi_Phata_establishments.xlsx</SimpleData>
	</SchemaData></ExtendedData>
      <Point><coordinates>73.7576211,19.9499286</coordinates></Point>
  </Placemark>
  <Placemark id="shopping_and_retail.540">
	<name>Aashirwad Market</name>
	<ExtendedData><SchemaData schemaUrl="#shopping_and_retail">
		<SimpleData name="Category">supermarket</SimpleData>
		<SimpleData name="Address">05 Pathrdi, Pathardi Shivar, Dnyaneshwar Nagar, Pathardi Phata, Nashik, Maharashtra 422009, India</SimpleData>
		<SimpleData name="Latitude">19.9531867</SimpleData>
		<SimpleData name="Longitude">73.7694321</SimpleData>
		<SimpleData name="Rating">4.4</SimpleData>
		<SimpleData name="Place_ID">ChIJbQcgy0rr3TsRHZkmqx40ngA</SimpleData>
		<SimpleData name="Distance_m">1193</SimpleData>
		<SimpleData name="Source_File">Nashik_Pathardi_Phata_establishments.xlsx</SimpleData>
	</SchemaData></ExtendedData>
      <Point><coordinates>73.7694321,19.9531867</coordinates></Point>
  </Placemark>
  <Placemark id="shopping_and_retail.541">
	<name>Gaikar Super Market And Gift House Wholsale Rate</name>
	<ExtendedData><SchemaData schemaUrl="#shopping_and_retail">
		<SimpleData name="Category">supermarket</SimpleData>
		<SimpleData name="Address">XQ38+8J2, Pathardi Phata-Pathardi Rd, Pathardi Gaon, Pathardi Phata, Nashik, Maharashtra 422010, India</SimpleData>
		<SimpleData name="Latitude">19.9532718</SimpleData>
		<SimpleData name="Longitude">73.7665218</SimpleData>
		<SimpleData name="Rating">4.4</SimpleData>
		<SimpleData name="Place_ID">ChIJb8oySUvr3TsRTqTJZb_0FLg</SimpleData>
		<SimpleData name="Distance_m">1348</SimpleData>
		<SimpleData name="Source_File">Nashik_Pathardi_Phata_establishments.xlsx</SimpleData>
	</SchemaData></ExtendedData>
      <Point><coordinates>73.7665218,19.9532718</coordinates></Point>
  </Placemark>
  <Placemark id="shopping_and_retail.542">
	<name>Gurukrupa Super Market</name>
	<ExtendedData><SchemaData schemaUrl="#shopping_and_retail">
		<SimpleData name="Category">supermarket</SimpleData>
		<SimpleData name="Address">Gala No 5, Vikrikar Bhavan Rd, Girdhar Nagar, Prashant Nagar, Pathardi Phata, Nashik, Maharashtra 422010, India</SimpleData>
		<SimpleData name="Latitude">19.950052</SimpleData>
		<SimpleData name="Longitude">73.758523</SimpleData>
		<SimpleData name="Rating">4</SimpleData>
		<SimpleData name="Place_ID">ChIJl2lhbq2U3TsRu6-E7hv_8y4</SimpleData>
		<SimpleData name="Distance_m">2190</SimpleData>
		<SimpleData name="Source_File">Nashik_Pathardi_Phata_establishments.xlsx</SimpleData>
	</SchemaData></ExtendedData>
      <Point><coordinates>73.758523,19.950052</coordinates></Point>
  </Placemark>
  <Placemark id="shopping_and_retail.543">
	<name>Hanuman Super Market</name>
	<ExtendedData><SchemaData schemaUrl="#shopping_and_retail">
		<SimpleData name="Category">supermarket</SimpleData>
		<SimpleData name="Address">WQX9+RV9, Narhari Nagar Rd, Narhari Nagar, Damodar Nagar, Pathardi Phata, Nashik, Maharashtra 422010, India</SimpleData>
		<SimpleData name="Latitude">19.9495478</SimpleData>
		<SimpleData name="Longitude">73.769719</SimpleData>
		<SimpleData name="Rating">3.9</SimpleData>
		<SimpleData name="Place_ID">ChIJRWTEvLWU3TsRRAHnOAlcwqs</SimpleData>
		<SimpleData name="Distance_m">1556</SimpleData>
		<SimpleData name="Source_File">Nashik_Pathardi_Phata_establishments.xlsx</SimpleData>
	</SchemaData></ExtendedData>
      <Point><coordinates>73.769719,19.9495478</coordinates></Point>
  </Placemark>
  <Placemark id="shopping_and_retail.544">
	<name>Shree Kakaji Masale (Kandap)</name>
	<ExtendedData><SchemaData schemaUrl="#shopping_and_retail">
		<SimpleData name="Category">wholesaler</SimpleData>
		<SimpleData name="Address">B-40, Ambad MIDC K Ln, MIDC Ambad, Nashik, Maharashtra 422010, India</SimpleData>
		<SimpleData name="Latitude">19.9579064</SimpleData>
		<SimpleData name="Longitude">73.7506737</SimpleData>
		<SimpleData name="Rating">4.2</SimpleData>
		<SimpleData name="Place_ID">ChIJL-ZkHN7r3TsRh65ZxQd485U</SimpleData>
		<SimpleData name="Distance_m">1670</SimpleData>
		<SimpleData name="Source_File">Nashik_Ambad_establishments.xlsx</SimpleData>
	</SchemaData></ExtendedData>
      <Point><coordinates>73.7506737,19.9579064</coordinates></Point>
  </Placemark>
  <Placemark id="shopping_and_retail.545">
	<name>NIKAN ENTERPRISES</name>
	<ExtendedData><SchemaData schemaUrl="#shopping_and_retail">
		<SimpleData name="Category">wholesaler</SimpleData>
		<SimpleData name="Address">W-65(A, MIDC Ambad, Nashik, Maharashtra 422010, India</SimpleData>
		<SimpleData name="Latitude">19.9614786</SimpleData>
		<SimpleData name="Longitude">73.7391029</SimpleData>
		<SimpleData name="Place_ID">ChIJjxtHZADt3TsRW2sf5_igetA</SimpleData>
		<SimpleData name="Distance_m">1472</SimpleData>
		<SimpleData name="Source_File">Nashik_Ambad_establishments.xlsx</SimpleData>
	</SchemaData></ExtendedData>
      <Point><coordinates>73.7391029,19.9614786</coordinates></Point>
  </Placemark>
  <Placemark id="shopping_and_retail.546">
	<name>Atul Dairy Industries</name>
	<ExtendedData><SchemaData schemaUrl="#shopping_and_retail">
		<SimpleData name="Category">wholesaler</SimpleData>
		<SimpleData name="Address">Plot L, 39, Ambad Satpur Link Rd, Nandni Nagar, MIDC Ambad, Nashik, Maharashtra 422010, India</SimpleData>
		<SimpleData name="Latitude">19.9486115</SimpleData>
		<SimpleData name="Longitude">73.7379415</SimpleData>
		<SimpleData name="Rating">4.5</SimpleData>
		<SimpleData name="Place_ID">ChIJh6LP6VKT3TsRFtlUWF1uVBQ</SimpleData>
		<SimpleData name="Distance_m">3522</SimpleData>
		<SimpleData name="Source_File">Nashik_MIDC_Ambad_establishments.xlsx</SimpleData>
	</SchemaData></ExtendedData>
      <Point><coordinates>73.7379415,19.9486115</coordinates></Point>
  </Placemark>
  <Placemark id="shopping_and_retail.547">
	<name>Pooja textile market</name>
	<ExtendedData><SchemaData schemaUrl="#shopping_and_retail">
		<SimpleData name="Category">wholesaler</SimpleData>
		<SimpleData name="Address">Surya blossom complex Pathardi phata phatardi road, opp celebration hotel, Wasan Nagar, Pathardi Phata, Nashik, Maharashtra 422010, India</SimpleData>
		<SimpleData name="Latitude">19.9519951</SimpleData>
		<SimpleData name="Longitude">73.7681175</SimpleData>
		<SimpleData name="Rating">2.6</SimpleData>
		<SimpleData name="Place_ID">ChIJydC4DqOV3TsRZvObuDNDGp0</SimpleData>
		<SimpleData name="Distance_m">1607</SimpleData>
		<SimpleData name="Source_File">Nashik_MIDC_Ambad_establishments.xlsx</SimpleData>
	</SchemaData></ExtendedData>
      <Point><coordinates>73.7681175,19.9519951</coordinates></Point>
  </Placemark>
  <Placemark id="shopping_and_retail.548">
	<name>RIDDHI SIDDHI Textile Market</name>
	<ExtendedData><SchemaData schemaUrl="#shopping_and_retail">
		<SimpleData name="Category">womens_clothing_store</SimpleData>
		<SimpleData name="Address">Shop No 3&amp;4, Shyam Everest Building, opp. Hotel Celebration, Wasan Nagar, Pathardi Phata, Nashik, Maharashtra 422010, India</SimpleData>
		<SimpleData name="Latitude">19.9513509</SimpleData>
		<SimpleData name="Longitude">73.769359</SimpleData>
		<SimpleData name="Rating">4.8</SimpleData>
		<SimpleData name="Place_ID">ChIJz4OHDhaV3TsRRLDdu_xv0eM</SimpleData>
		<SimpleData name="Distance_m">1382</SimpleData>
		<SimpleData name="Source_File">Nashik_Pathardi_Phata_establishments.xlsx</SimpleData>
	</SchemaData></ExtendedData>
      <Point><coordinates>73.769359,19.9513509</coordinates></Point>
  </Placemark>
  <Placemark id="shopping_and_retail.549">
	<name>Om Sai Kirana And General Stores</name>
	<ExtendedData><SchemaData schemaUrl="#shopping_and_retail">
		<SimpleData name="Category">general_store</SimpleData>
		<SimpleData name="Address">Shop No 1, near Prachu Classes, XLO Point, Ramkrishna Nagar, MIDC Ambad, Nashik, Maharashtra 422010, India</SimpleData>
		<SimpleData name="Latitude">19.9647784</SimpleData>
		<SimpleData name="Longitude">73.7302755</SimpleData>
		<SimpleData name="Rating">4.8</SimpleData>
		<SimpleData name="Place_ID">ChIJQbZe2Lvs3TsRlc8TDVtPBow</SimpleData>
		<SimpleData name="Distance_m">1938</SimpleData>
		<SimpleData name="Source_File">Nashik_Ambad_establishments.xlsx</SimpleData>
	</SchemaData></ExtendedData>
      <Point><coordinates>73.7302755,19.9647784</coordinates></Point>
  </Placemark>
  <Placemark id="shopping_and_retail.550">
	<name>Asmita traders</name>
	<ExtendedData><SchemaData schemaUrl="#shopping_and_retail">
		<SimpleData name="Category">general_store</SimpleData>
		<SimpleData name="Address">52/45, Chunchane Nagar, Ambad, Ambedkar Nagar, Chunchale, Nashik, Maharashtra 422010, India</SimpleData>
		<SimpleData name="Latitude">19.9613229</SimpleData>
		<SimpleData name="Longitude">73.7292351</SimpleData>
		<SimpleData name="Rating">5</SimpleData>
		<SimpleData name="Place_ID">ChIJk6nSMwDt3TsROsDOlnJWUww</SimpleData>
		<SimpleData name="Distance_m">2226</SimpleData>
		<SimpleData name="Source_File">Nashik_Ambad_establishments.xlsx</SimpleData>
	</SchemaData></ExtendedData>
      <Point><coordinates>73.7292351,19.9613229</coordinates></Point>
  </Placemark>
  <Placemark id="shopping_and_retail.551">
	<name>Navnath Supermarket</name>
	<ExtendedData><SchemaData schemaUrl="#shopping_and_retail">
		<SimpleData name="Category">grocery_store</SimpleData>
		<SimpleData name="Address">XP5H+FVP, Datta Nagar Rd, XLO Point, Ambedkar Nagar, MIDC Ambad, Nashik, Maharashtra 422010, India</SimpleData>
		<SimpleData name="Latitude">19.9587089</SimpleData>
		<SimpleData name="Longitude">73.7297036</SimpleData>
		<SimpleData name="Rating">5</SimpleData>
		<SimpleData name="Place_ID">ChIJz11VdADt3TsRxCirmREj7ow</SimpleData>
		<SimpleData name="Distance_m">2363</SimpleData>
		<SimpleData name="Source_File">Nashik_Ambad_establishments.xlsx</SimpleData>
	</SchemaData></ExtendedData>
      <Point><coordinates>73.7297036,19.9587089</coordinates></Point>
  </Placemark>
  <Placemark id="shopping_and_retail.552">
	<name>Sai Supermarket</name>
	<ExtendedData><SchemaData schemaUrl="#shopping_and_retail">
		<SimpleData name="Category">grocery_store</SimpleData>
		<SimpleData name="Address">Vaishali Nagar, Nashik Road, Nashik, Maharashtra 422101, India</SimpleData>
		<SimpleData name="Latitude">19.9826617</SimpleData>
		<SimpleData name="Longitude">73.8363698</SimpleData>
		<SimpleData name="Rating">5</SimpleData>
		<SimpleData name="Place_ID">ChIJkUuPt0fr3TsRi5H-iYxnzj0</SimpleData>
		<SimpleData name="Distance_m">1769</SimpleData>
		<SimpleData name="Source_File">Nashik_Nashik_Road_establishments.xlsx</SimpleData>
	</SchemaData></ExtendedData>
      <Point><coordinates>73.8363698,19.9826617</coordinates></Point>
  </Placemark>
  <Placemark id="shopping_and_retail.553">
	<name>Navnath Super Shoppy</name>
	<ExtendedData><SchemaData schemaUrl="#shopping_and_retail">
		<SimpleData name="Category">supermarket</SimpleData>
		<SimpleData name="Address">Swami vivekananda colony near business icon Red Stone hotel, indira gandhi statue juna saikheda road, Jail Rd, Near Indira Gandhi Statue, Nashik Road, Nashik, Maharashtra 422101, India</SimpleData>
		<SimpleData name="Latitude">19.9764608</SimpleData>
		<SimpleData name="Longitude">73.8371003</SimpleData>
		<SimpleData name="Rating">4.9</SimpleData>
		<SimpleData name="Place_ID">ChIJbf03iqfr3TsRoXfLTLZY9Xc</SimpleData>
		<SimpleData name="Distance_m">1526</SimpleData>
		<SimpleData name="Source_File">Nashik_Nashik_Road_establishments.xlsx</SimpleData>
	</SchemaData></ExtendedData>
      <Point><coordinates>73.8371003,19.9764608</coordinates></Point>
  </Placemark>
  <Placemark id="shopping_and_retail.554">
	<name>Atharva provision stores</name>
	<ExtendedData><SchemaData schemaUrl="#shopping_and_retail">
		<SimpleData name="Category">asian_grocery_store</SimpleData>
		<SimpleData name="Address">Off, Agra - Mumbai Hwy, Kantimani nagar, Shivar, Adgaon, Nashik, Maharashtra 422003, India</SimpleData>
		<SimpleData name="Latitude">20.029499</SimpleData>
		<SimpleData name="Longitude">73.8500155</SimpleData>
		<SimpleData name="Rating">5</SimpleData>
		<SimpleData name="Place_ID">ChIJWWJsysHB3TsRMaANQDlKmeQ</SimpleData>
		<SimpleData name="Distance_m">1487</SimpleData>
		<SimpleData name="Source_File">Nashik_Adgaon_establishments.xlsx</SimpleData>
	</SchemaData></ExtendedData>
      <Point><coordinates>73.8500155,20.029499</coordinates></Point>
  </Placemark>
  <Placemark id="shopping_and_retail.555">
	<name>Radhavishva Kirana</name>
	<ExtendedData><SchemaData schemaUrl="#shopping_and_retail">
		<SimpleData name="Category">asian_grocery_store</SimpleData>
		<SimpleData name="Address">near Mahalaxmi garden, Adgaon, Nashik, Maharashtra 422003, India</SimpleData>
		<SimpleData name="Latitude">20.0340553</SimpleData>
		<SimpleData name="Longitude">73.8639663</SimpleData>
		<SimpleData name="Place_ID">ChIJExHrPQDB3TsRz6LK7wiPylY</SimpleData>
		<SimpleData name="Distance_m">73</SimpleData>
		<SimpleData name="Source_File">Nashik_Adgaon_establishments.xlsx</SimpleData>
	</SchemaData></ExtendedData>
      <Point><coordinates>73.8639663,20.0340553</coordinates></Point>
  </Placemark>
  <Placemark id="shopping_and_retail.556">
	<name>Agrawal Kirana &amp; General Stores</name>
	<ExtendedData><SchemaData schemaUrl="#shopping_and_retail">
		<SimpleData name="Category">asian_grocery_store</SimpleData>
		<SimpleData name="Address">SURVEY NO 479, PLOT NO 36 DNYESHWAR SOCIETY, Konark Nagar, Nashik, Maharashtra 422003, India</SimpleData>
		<SimpleData name="Latitude">20.0209292</SimpleData>
		<SimpleData name="Longitude">73.8470366</SimpleData>
		<SimpleData name="Rating">4.9</SimpleData>
		<SimpleData name="Place_ID">ChIJf5NRg0XB3TsRfh0siXuN9aE</SimpleData>
		<SimpleData name="Distance_m">2224</SimpleData>
		<SimpleData name="Source_File">Nashik_Adgaon_establishments.xlsx</SimpleData>
	</SchemaData></ExtendedData>
      <Point><coordinates>73.8470366,20.0209292</coordinates></Point>
  </Placemark>
  <Placemark id="shopping_and_retail.557">
	<name>Razzle Hotels and Banquet</name>
	<ExtendedData><SchemaData schemaUrl="#shopping_and_retail">
		<SimpleData name="Category">banquet_hall</SimpleData>
		<SimpleData name="Address">Nashik -Mumbai, National Highway, opp. Truck Terminal, Adgaon, Nashik, Maharashtra 422003, India</SimpleData>
		<SimpleData name="Latitude">20.0449078</SimpleData>
		<SimpleData name="Longitude">73.8736363</SimpleData>
		<SimpleData name="Rating">4.7</SimpleData>
		<SimpleData name="Place_ID">ChIJmVe-jHDB3TsR60BPHzGddEY</SimpleData>
		<SimpleData name="Distance_m">1646</SimpleData>
		<SimpleData name="Source_File">Nashik_Adgaon_establishments.xlsx</SimpleData>
	</SchemaData></ExtendedData>
      <Point><coordinates>73.8736363,20.0449078</coordinates></Point>
  </Placemark>
  <Placemark id="shopping_and_retail.558">
	<name>Bhawani Sweets</name>
	<ExtendedData><SchemaData schemaUrl="#shopping_and_retail">
		<SimpleData name="Category">candy_store</SimpleData>
		<SimpleData name="Address">2VP8+272, Near Bus Stand, Adgaon, Nashik, Maharashtra 422003, India</SimpleData>
		<SimpleData name="Latitude">20.035011</SimpleData>
		<SimpleData name="Longitude">73.865653</SimpleData>
		<SimpleData name="Rating">3.3</SimpleData>
		<SimpleData name="Place_ID">ChIJ6Up40pTB3TsRs9L4p8D4kCk</SimpleData>
		<SimpleData name="Distance_m">272</SimpleData>
		<SimpleData name="Source_File">Nashik_Adgaon_establishments.xlsx</SimpleData>
	</SchemaData></ExtendedData>
      <Point><coordinates>73.865653,20.035011</coordinates></Point>
  </Placemark>
  <Placemark id="shopping_and_retail.559">
	<name>Cars24 - Sell Used Cars in Adgaon, Nashik</name>
	<ExtendedData><SchemaData schemaUrl="#shopping_and_retail">
		<SimpleData name="Category">car_dealer</SimpleData>
		<SimpleData name="Address">Adgaon, Nashik, Maharashtra 422003, India</SimpleData>
		<SimpleData name="Latitude">20.0269896</SimpleData>
		<SimpleData name="Longitude">73.8512409</SimpleData>
		<SimpleData name="Rating">4.7</SimpleData>
		<SimpleData name="Place_ID">ChIJ0XoMbi3B3TsRYUmd5Uk_rQk</SimpleData>
		<SimpleData name="Distance_m">1480</SimpleData>
		<SimpleData name="Source_File">Nashik_Adgaon_establishments.xlsx</SimpleData>
	</SchemaData></ExtendedData>
      <Point><coordinates>73.8512409,20.0269896</coordinates></Point>
  </Placemark>
  <Placemark id="shopping_and_retail.560">
	<name>SHREE HARI WHOLESALE TEXTILE MARKET</name>
	<ExtendedData><SchemaData schemaUrl="#shopping_and_retail">
		<SimpleData name="Category">clothing_store</SimpleData>
		<SimpleData name="Address">opposite HOTAL JATRA, PLOT NO. 7, Agra - Mumbai Hwy, PANCHAVATI, Nashik, Maharashtra 422003, India</SimpleData>
		<SimpleData name="Latitude">20.0265257</SimpleData>
		<SimpleData name="Longitude">73.8433326</SimpleData>
		<SimpleData name="Rating">4</SimpleData>
		<SimpleData name="Place_ID">ChIJTx-zu4XB3TsRytZCeG5N5L4</SimpleData>
		<SimpleData name="Distance_m">2255</SimpleData>
		<SimpleData name="Source_File">Nashik_Adgaon_establishments.xlsx</SimpleData>
	</SchemaData></ExtendedData>
      <Point><coordinates>73.8433326,20.0265257</coordinates></Point>
  </Placemark>
  <Placemark id="shopping_and_retail.561">
	<name>Mauli General Stores</name>
	<ExtendedData><SchemaData schemaUrl="#shopping_and_retail">
		<SimpleData name="Category">general_store</SimpleData>
		<SimpleData name="Address">Bus Stand, Shop No. 2, Sadashiv Complex, Adgaon, Nashik, Maharashtra 422003, India</SimpleData>
		<SimpleData name="Latitude">20.0348242</SimpleData>
		<SimpleData name="Longitude">73.8657811</SimpleData>
		<SimpleData name="Rating">5</SimpleData>
		<SimpleData name="Place_ID">ChIJyQF9zZTB3TsRFGaMJU_HCsk</SimpleData>
		<SimpleData name="Distance_m">271</SimpleData>
		<SimpleData name="Source_File">Nashik_Adgaon_establishments.xlsx</SimpleData>
	</SchemaData></ExtendedData>
      <Point><coordinates>73.8657811,20.0348242</coordinates></Point>
  </Placemark>
  <Placemark id="shopping_and_retail.562">
	<name>Shivshankar Traders</name>
	<ExtendedData><SchemaData schemaUrl="#shopping_and_retail">
		<SimpleData name="Category">general_store</SimpleData>
		<SimpleData name="Address">2VM8+G59, Adgaon Rd, Adgaon, Nashik, Maharashtra 422003, India</SimpleData>
		<SimpleData name="Latitude">20.033782</SimpleData>
		<SimpleData name="Longitude">73.86547</SimpleData>
		<SimpleData name="Place_ID">ChIJxxfQLJXB3TsRVzi64IkZ7Qg</SimpleData>
		<SimpleData name="Distance_m">198</SimpleData>
		<SimpleData name="Source_File">Nashik_Adgaon_establishments.xlsx</SimpleData>
	</SchemaData></ExtendedData>
      <Point><coordinates>73.86547,20.033782</coordinates></Point>
  </Placemark>
  <Placemark id="shopping_and_retail.563">
	<name>Jay Babaji Dhudh Sankalan Kendra</name>
	<ExtendedData><SchemaData schemaUrl="#shopping_and_retail">
		<SimpleData name="Category">general_store</SimpleData>
		<SimpleData name="Address">Shop No 1 Near Adgaon Bus Stand At, Post, Adgaon, Nashik, Maharashtra 422003, India</SimpleData>
		<SimpleData name="Latitude">20.0337325</SimpleData>
		<SimpleData name="Longitude">73.866517</SimpleData>
		<SimpleData name="Rating">5</SimpleData>
		<SimpleData name="Place_ID">ChIJ05l-bm3B3TsRv2PkALLgE6E</SimpleData>
		<SimpleData name="Distance_m">306</SimpleData>
		<SimpleData name="Source_File">Nashik_Adgaon_establishments.xlsx</SimpleData>
	</SchemaData></ExtendedData>
      <Point><coordinates>73.866517,20.0337325</coordinates></Point>
  </Placemark>
  <Placemark id="shopping_and_retail.564">
	<name>Shubham Kirana &amp; General Stores</name>
	<ExtendedData><SchemaData schemaUrl="#shopping_and_retail">
		<SimpleData name="Category">general_store</SimpleData>
		<SimpleData name="Address">Gala No. 2, Pranjal Society, Adgaon Shivar, Vrundavan Nagar, Nashik, Maharashtra 422003, India</SimpleData>
		<SimpleData name="Latitude">20.0162348</SimpleData>
		<SimpleData name="Longitude">73.8460983</SimpleData>
		<SimpleData name="Rating">4.4</SimpleData>
		<SimpleData name="Place_ID">ChIJG-EwFNfB3TsR8TGkKj_GChI</SimpleData>
		<SimpleData name="Distance_m">2651</SimpleData>
		<SimpleData name="Source_File">Nashik_Adgaon_establishments.xlsx</SimpleData>
	</SchemaData></ExtendedData>
      <Point><coordinates>73.8460983,20.0162348</coordinates></Point>
  </Placemark>
  <Placemark id="shopping_and_retail.565">
	<name>Uttam Super Market</name>
	<ExtendedData><SchemaData schemaUrl="#shopping_and_retail">
		<SimpleData name="Category">grocery_store</SimpleData>
		<SimpleData name="Address">Opp. Jatra Hotel, Satyam Galaxy, Agra Rd, Mahalaxmi Nagar, Nashik, Maharashtra 422003, India</SimpleData>
		<SimpleData name="Latitude">20.0269153</SimpleData>
		<SimpleData name="Longitude">73.8414576</SimpleData>
		<SimpleData name="Rating">3.9</SimpleData>
		<SimpleData name="Place_ID">ChIJK1JaY3Xq3TsRLuCcuNfJJp4</SimpleData>
		<SimpleData name="Distance_m">2426</SimpleData>
		<SimpleData name="Source_File">Nashik_Adgaon_establishments.xlsx</SimpleData>
	</SchemaData></ExtendedData>
      <Point><coordinates>73.8414576,20.0269153</coordinates></Point>
  </Placemark>
  <Placemark id="shopping_and_retail.566">
	<name>Archana kirana and general store</name>
	<ExtendedData><SchemaData schemaUrl="#shopping_and_retail">
		<SimpleData name="Category">grocery_store</SimpleData>
		<SimpleData name="Address">2VM8+W62, Adgaon, Nashik, Maharashtra 422003, India</SimpleData>
		<SimpleData name="Latitude">20.0347723</SimpleData>
		<SimpleData name="Longitude">73.8655307</SimpleData>
		<SimpleData name="Rating">5</SimpleData>
		<SimpleData name="Place_ID">ChIJT1W-OQDB3TsRpp8SoI1yjas</SimpleData>
		<SimpleData name="Distance_m">246</SimpleData>
		<SimpleData name="Source_File">Nashik_Adgaon_establishments.xlsx</SimpleData>
	</SchemaData></ExtendedData>
      <Point><coordinates>73.8655307,20.0347723</coordinates></Point>
  </Placemark>
  <Placemark id="shopping_and_retail.567">
	<name>THE ART STORE</name>
	<ExtendedData><SchemaData schemaUrl="#shopping_and_retail">
		<SimpleData name="Category">grocery_store</SimpleData>
		<SimpleData name="Address">Row Hous 7, Sheel Bunglow, near D Mart, Adgaon, Nashik, Maharashtra 422003, India</SimpleData>
		<SimpleData name="Latitude">20.0297871</SimpleData>
		<SimpleData name="Longitude">73.8503739</SimpleData>
		<SimpleData name="Rating">4.5</SimpleData>
		<SimpleData name="Place_ID">ChIJF0DnyfPB3TsRS7bBWyIyeUk</SimpleData>
		<SimpleData name="Distance_m">1442</SimpleData>
		<SimpleData name="Source_File">Nashik_Adgaon_establishments.xlsx</SimpleData>
	</SchemaData></ExtendedData>
      <Point><coordinates>73.8503739,20.0297871</coordinates></Point>
  </Placemark>
  <Placemark id="shopping_and_retail.568">
	<name>Shreyash Kirana</name>
	<ExtendedData><SchemaData schemaUrl="#shopping_and_retail">
		<SimpleData name="Category">grocery_store</SimpleData>
		<SimpleData name="Address">2VM8+HPJ, Adgaon, Nashik, Maharashtra 422003, India</SimpleData>
		<SimpleData name="Latitude">20.0339529</SimpleData>
		<SimpleData name="Longitude">73.8667648</SimpleData>
		<SimpleData name="Place_ID">ChIJJ6v-FwDB3TsR0uBhfRgCATM</SimpleData>
		<SimpleData name="Distance_m">334</SimpleData>
		<SimpleData name="Source_File">Nashik_Adgaon_establishments.xlsx</SimpleData>
	</SchemaData></ExtendedData>
      <Point><coordinates>73.8667648,20.0339529</coordinates></Point>
  </Placemark>
  <Placemark id="shopping_and_retail.569">
	<name>Siddhesh Treadars And Home Appaynceses</name>
	<ExtendedData><SchemaData schemaUrl="#shopping_and_retail">
		<SimpleData name="Category">grocery_store</SimpleData>
		<SimpleData name="Address">Adgaon Shivar, Shop No 3, Park Complex, Konark Nagar, Nashik, Maharashtra 422003, India</SimpleData>
		<SimpleData name="Latitude">20.0265339</SimpleData>
		<SimpleData name="Longitude">73.8483263</SimpleData>
		<SimpleData name="Rating">5</SimpleData>
		<SimpleData name="Place_ID">ChIJBdTZKcXB3TsRmUxw327rv4Q</SimpleData>
		<SimpleData name="Distance_m">1774</SimpleData>
		<SimpleData name="Source_File">Nashik_Adgaon_establishments.xlsx</SimpleData>
	</SchemaData></ExtendedData>
      <Point><coordinates>73.8483263,20.0265339</coordinates></Point>
  </Placemark>
  <Placemark id="shopping_and_retail.570">
	<name>Adgaon beer &amp; wine shopee</name>
	<ExtendedData><SchemaData schemaUrl="#shopping_and_retail">
		<SimpleData name="Category">liquor_store</SimpleData>
		<SimpleData name="Address">2VH3+RXF medical College phata, Agra - Mumbai Hwy, Adgaon, Nashik, Maharashtra 422003, India</SimpleData>
		<SimpleData name="Latitude">20.0295712</SimpleData>
		<SimpleData name="Longitude">73.8549076</SimpleData>
		<SimpleData name="Rating">4.1</SimpleData>
		<SimpleData name="Place_ID">ChIJucs7l7fB3TsRiohXRrNnkVM</SimpleData>
		<SimpleData name="Distance_m">1008</SimpleData>
		<SimpleData name="Source_File">Nashik_Adgaon_establishments.xlsx</SimpleData>
	</SchemaData></ExtendedData>
      <Point><coordinates>73.8549076,20.0295712</coordinates></Point>
  </Placemark>
  <Placemark id="shopping_and_retail.571">
	<name>MITANSH LEATHER HOUSE</name>
	<ExtendedData><SchemaData schemaUrl="#shopping_and_retail">
		<SimpleData name="Category">shopping_mall</SimpleData>
		<SimpleData name="Address">Shop no 9, Naer shivkrupa sweet, MINI MARKET, Adgaon, Nashik, Maharashtra 422006, India</SimpleData>
		<SimpleData name="Latitude">20.0162283</SimpleData>
		<SimpleData name="Longitude">73.844416</SimpleData>
		<SimpleData name="Rating">5</SimpleData>
		<SimpleData name="Place_ID">ChIJ480OYeHB3TsRkpFTMrX-xR0</SimpleData>
		<SimpleData name="Distance_m">2776</SimpleData>
		<SimpleData name="Source_File">Nashik_Adgaon_establishments.xlsx</SimpleData>
	</SchemaData></ExtendedData>
      <Point><coordinates>73.844416,20.0162283</coordinates></Point>
  </Placemark>
  <Placemark id="shopping_and_retail.572">
	<name>D Mart</name>
	<ExtendedData><SchemaData schemaUrl="#shopping_and_retail">
		<SimpleData name="Category">supermarket</SimpleData>
		<SimpleData name="Address">Adgaon, Nashik, Maharashtra 422003, India</SimpleData>
		<SimpleData name="Latitude">20.0289532</SimpleData>
		<SimpleData name="Longitude">73.853857</SimpleData>
		<SimpleData name="Rating">4.3</SimpleData>
		<SimpleData name="Place_ID">ChIJNVDJt4jB3TsRgu7uc5CSMCY</SimpleData>
		<SimpleData name="Distance_m">1136</SimpleData>
		<SimpleData name="Source_File">Nashik_Adgaon_establishments.xlsx</SimpleData>
	</SchemaData></ExtendedData>
      <Point><coordinates>73.853857,20.0289532</coordinates></Point>
  </Placemark>
  <Placemark id="shopping_and_retail.573">
	<name>Mona Super Market</name>
	<ExtendedData><SchemaData schemaUrl="#shopping_and_retail">
		<SimpleData name="Category">supermarket</SimpleData>
		<SimpleData name="Address">505, Agra - Mumbai Hwy, Vrindavan Nagar, Nashik, Maharashtra 422003, India</SimpleData>
		<SimpleData name="Latitude">20.0242866</SimpleData>
		<SimpleData name="Longitude">73.8418672</SimpleData>
		<SimpleData name="Rating">4.2</SimpleData>
		<SimpleData name="Place_ID">ChIJ3RBy9nXq3TsRe6GqfuOA1yA</SimpleData>
		<SimpleData name="Distance_m">2491</SimpleData>
		<SimpleData name="Source_File">Nashik_Adgaon_establishments.xlsx</SimpleData>
	</SchemaData></ExtendedData>
      <Point><coordinates>73.8418672,20.0242866</coordinates></Point>
  </Placemark>
  <Placemark id="shopping_and_retail.574">
	<name>Kamdhenu Super Market</name>
	<ExtendedData><SchemaData schemaUrl="#shopping_and_retail">
		<SimpleData name="Category">supermarket</SimpleData>
		<SimpleData name="Address">Shop No 8/9, Krishna Heights, Vrundavan Nagar, Konark Nagar, Nashik, Maharashtra 410501, India</SimpleData>
		<SimpleData name="Latitude">20.0164946</SimpleData>
		<SimpleData name="Longitude">73.8433996</SimpleData>
		<SimpleData name="Rating">3.9</SimpleData>
		<SimpleData name="Place_ID">ChIJBefC6tfB3TsRY4ZJvBDhLkM</SimpleData>
		<SimpleData name="Distance_m">2834</SimpleData>
		<SimpleData name="Source_File">Nashik_Adgaon_establishments.xlsx</SimpleData>
	</SchemaData></ExtendedData>
      <Point><coordinates>73.8433996,20.0164946</coordinates></Point>
  </Placemark>
  <Placemark id="shopping_and_retail.575">
	<name>Amir Chicken &amp; Eggs</name>
	<ExtendedData><SchemaData schemaUrl="#shopping_and_retail">
		<SimpleData name="Category">wholesaler</SimpleData>
		<SimpleData name="Address">Shop no 5, shivar, near pranjal society, behind shiv krupa sweets, Konark Nagar, Adgaon, Nashik, Maharashtra 422003, India</SimpleData>
		<SimpleData name="Latitude">20.0162148</SimpleData>
		<SimpleData name="Longitude">73.8460543</SimpleData>
		<SimpleData name="Rating">4.9</SimpleData>
		<SimpleData name="Place_ID">ChIJA_z3lZTB3TsRJR3WJLaip0Y</SimpleData>
		<SimpleData name="Distance_m">2656</SimpleData>
		<SimpleData name="Source_File">Nashik_Adgaon_establishments.xlsx</SimpleData>
	</SchemaData></ExtendedData>
      <Point><coordinates>73.8460543,20.0162148</coordinates></Point>
  </Placemark>
  <Placemark id="shopping_and_retail.576">
	<name>UNIQUE FURNITURE WHOLESALE MART</name>
	<ExtendedData><SchemaData schemaUrl="#shopping_and_retail">
		<SimpleData name="Category">wholesaler</SimpleData>
		<SimpleData name="Address">Shop No.770, Dmart, Shivnandan Estate, Agra - Mumbai Hwy, Adgaon, Shivar, Nashik, Maharashtra 422003, India</SimpleData>
		<SimpleData name="Latitude">20.0288104</SimpleData>
		<SimpleData name="Longitude">73.852938</SimpleData>
		<SimpleData name="Rating">2.8</SimpleData>
		<SimpleData name="Place_ID">ChIJYyaqjuvB3TsRspNavx0HNPY</SimpleData>
		<SimpleData name="Distance_m">1230</SimpleData>
		<SimpleData name="Source_File">Nashik_Adgaon_establishments.xlsx</SimpleData>
	</SchemaData></ExtendedData>
      <Point><coordinates>73.852938,20.0288104</coordinates></Point>
  </Placemark>
  <Placemark id="shopping_and_retail.577">
	<name>Shree Ambica Wholesale Textile Market (In Nashik )</name>
	<ExtendedData><SchemaData schemaUrl="#shopping_and_retail">
		<SimpleData name="Category">wholesaler</SimpleData>
		<SimpleData name="Address">Satyam Hills, Near SBI Intouch, Mumbai-Agra Highway, Adgaon, 2RGV+XHJ, opp. Jatra Hotel, Sharayu Park, Sagar Village, Nashik, Maharashtra 422003, India</SimpleData>
		<SimpleData name="Latitude">20.026781</SimpleData>
		<SimpleData name="Longitude">73.844009</SimpleData>
		<SimpleData name="Rating">3.6</SimpleData>
		<SimpleData name="Place_ID">ChIJL_hqpt_B3TsRSLdESQz4Png</SimpleData>
		<SimpleData name="Distance_m">2179</SimpleData>
		<SimpleData name="Source_File">Nashik_Adgaon_establishments.xlsx</SimpleData>
	</SchemaData></ExtendedData>
      <Point><coordinates>73.844009,20.026781</coordinates></Point>
  </Placemark>
  <Placemark id="shopping_and_retail.578">
	<name>Sharda textile market</name>
	<ExtendedData><SchemaData schemaUrl="#shopping_and_retail">
		<SimpleData name="Category">wholesaler</SimpleData>
		<SimpleData name="Address">Samrudhi complex, Jatra chowk, Sharayu Park, Adgaon, shivar, Nashik, Maharashtra 422003, India</SimpleData>
		<SimpleData name="Latitude">20.0264555</SimpleData>
		<SimpleData name="Longitude">73.8432326</SimpleData>
		<SimpleData name="Rating">3.8</SimpleData>
		<SimpleData name="Place_ID">ChIJW7gNaPnB3TsRaXcHNWe-R0A</SimpleData>
		<SimpleData name="Distance_m">2267</SimpleData>
		<SimpleData name="Source_File">Nashik_Adgaon_establishments.xlsx</SimpleData>
	</SchemaData></ExtendedData>
      <Point><coordinates>73.8432326,20.0264555</coordinates></Point>
  </Placemark>
  <Placemark id="shopping_and_retail.579">
	<name>Satyam Wholesale Textile Market</name>
	<ExtendedData><SchemaData schemaUrl="#shopping_and_retail">
		<SimpleData name="Category">wholesaler</SimpleData>
		<SimpleData name="Address">Sagar Village, Nashik, Maharashtra 422003, India</SimpleData>
		<SimpleData name="Latitude">20.0278316</SimpleData>
		<SimpleData name="Longitude">73.8471128</SimpleData>
		<SimpleData name="Rating">4.3</SimpleData>
		<SimpleData name="Place_ID">ChIJEVmiCurB3TsRd-oj4KwdtyI</SimpleData>
		<SimpleData name="Distance_m">1834</SimpleData>
		<SimpleData name="Source_File">Nashik_Adgaon_establishments.xlsx</SimpleData>
	</SchemaData></ExtendedData>
      <Point><coordinates>73.8471128,20.0278316</coordinates></Point>
  </Placemark>
  <Placemark id="shopping_and_retail.580">
	<name>Goodwill Supermarket Mhasrul Branch</name>
	<ExtendedData><SchemaData schemaUrl="#shopping_and_retail">
		<SimpleData name="Category">grocery_store</SimpleData>
		<SimpleData name="Address">Sr, no. 207, 6A, Dindori Rd, near reliance petrol pump, Swadya Nagar, Mhasrul Gaon, Nashik, Maharashtra 422004, India</SimpleData>
		<SimpleData name="Latitude">20.0367373</SimpleData>
		<SimpleData name="Longitude">73.8035304</SimpleData>
		<SimpleData name="Rating">4.1</SimpleData>
		<SimpleData name="Place_ID">ChIJnywX5fnr3TsRc6sl7kmiB04</SimpleData>
		<SimpleData name="Distance_m">3472</SimpleData>
		<SimpleData name="Source_File">Nashik_Makhmalabad_establishments.xlsx</SimpleData>
	</SchemaData></ExtendedData>
      <Point><coordinates>73.8035304,20.0367373</coordinates></Point>
  </Placemark>
  <Placemark id="shopping_and_retail.581">
	<name>Highlight Innovations | Light Pole | Flag Mast | Stadium Mast | Smart Signal</name>
	<ExtendedData><SchemaData schemaUrl="#shopping_and_retail">
		<SimpleData name="Category">service</SimpleData>
		<SimpleData name="Address">Shop No. 4, Saptshrungi Annex, Dindori Rd, opp. Reliance Petrol Pump, next to Kala Nagar, Kalananagar, Rameshwar Nagar, Mhasrul Gaon, Nashik, Maharashtra 422004, India</SimpleData>
		<SimpleData name="Latitude">20.036003</SimpleData>
		<SimpleData name="Longitude">73.8121212</SimpleData>
		<SimpleData name="Rating">5</SimpleData>
		<SimpleData name="Place_ID">ChIJCaQts1_r3TsRP6vnA-4YKF4</SimpleData>
		<SimpleData name="Distance_m">2947</SimpleData>
		<SimpleData name="Source_File">Nashik_Tapovan_establishments.xlsx</SimpleData>
	</SchemaData></ExtendedData>
      <Point><coordinates>73.8121212,20.036003</coordinates></Point>
  </Placemark>
  <Placemark id="shopping_and_retail.582">
	<name>More Bandhu Chana Bhandar</name>
	<ExtendedData><SchemaData schemaUrl="#shopping_and_retail">
		<SimpleData name="Category">asian_grocery_store</SimpleData>
		<SimpleData name="Address">Chandwadkar Ln, Naikwadi Pura, Panchavati, Nashik, Maharashtra 422001, India</SimpleData>
		<SimpleData name="Latitude">20.0029484</SimpleData>
		<SimpleData name="Longitude">73.7902552</SimpleData>
		<SimpleData name="Rating">4.3</SimpleData>
		<SimpleData name="Place_ID">ChIJsxb9Nqrr3TsR50vJvzJ7M0E</SimpleData>
		<SimpleData name="Distance_m">1796</SimpleData>
		<SimpleData name="Source_File">Nashik_Mumbai_Naka_establishments.xlsx</SimpleData>
	</SchemaData></ExtendedData>
      <Point><coordinates>73.7902552,20.0029484</coordinates></Point>
  </Placemark>
  <Placemark id="shopping_and_retail.583">
	<name>Main Road Market Nashik</name>
	<ExtendedData><SchemaData schemaUrl="#shopping_and_retail">
		<SimpleData name="Category">market</SimpleData>
		<SimpleData name="Address">Building 67 Prakash, 74, 2Q2Q+4HQ, 75, Main Rd, gadgemaharah putala, Bhadrakali, Shalimar, Nashik, Maharashtra 422001, India</SimpleData>
		<SimpleData name="Latitude">20.0020215</SimpleData>
		<SimpleData name="Longitude">73.7888501</SimpleData>
		<SimpleData name="Rating">4.2</SimpleData>
		<SimpleData name="Place_ID">ChIJVWpn1Fbr3TsRFarJAiGvzAc</SimpleData>
		<SimpleData name="Distance_m">2737</SimpleData>
		<SimpleData name="Source_File">Nashik_College_Road_establishments.xlsx</SimpleData>
	</SchemaData></ExtendedData>
      <Point><coordinates>73.7888501,20.0020215</coordinates></Point>
  </Placemark>
  <Placemark id="shopping_and_retail.584">
	<name>Vitthal Market</name>
	<ExtendedData><SchemaData schemaUrl="#shopping_and_retail">
		<SimpleData name="Category">market</SimpleData>
		<SimpleData name="Address">2Q3Q+GHC, Main Rd, Shinde Wada, Shalimar, Nashik, Maharashtra 422001, India</SimpleData>
		<SimpleData name="Latitude">20.0038195</SimpleData>
		<SimpleData name="Longitude">73.7888989</SimpleData>
		<SimpleData name="Rating">3.9</SimpleData>
		<SimpleData name="Place_ID">ChIJdx_XK6rr3TsRWw4ZCVwBVfQ</SimpleData>
		<SimpleData name="Distance_m">1848</SimpleData>
		<SimpleData name="Source_File">Nashik_Mumbai_Naka_establishments.xlsx</SimpleData>
	</SchemaData></ExtendedData>
      <Point><coordinates>73.7888989,20.0038195</coordinates></Point>
  </Placemark>
  <Placemark id="shopping_and_retail.585">
	<name>R-Mall Nashik</name>
	<ExtendedData><SchemaData schemaUrl="#shopping_and_retail">
		<SimpleData name="Category">shopping_mall</SimpleData>
		<SimpleData name="Address">Besides Old NMC, Main Rd, Shalimar, Nashik, Maharashtra 422001, India</SimpleData>
		<SimpleData name="Latitude">20.0030526</SimpleData>
		<SimpleData name="Longitude">73.7893079</SimpleData>
		<SimpleData name="Rating">4.9</SimpleData>
		<SimpleData name="Place_ID">ChIJFwvpUQDr3TsRVIf0f_VvjI4</SimpleData>
		<SimpleData name="Distance_m">1863</SimpleData>
		<SimpleData name="Source_File">Nashik_Tapovan_establishments.xlsx</SimpleData>
	</SchemaData></ExtendedData>
      <Point><coordinates>73.7893079,20.0030526</coordinates></Point>
  </Placemark>
  <Placemark id="shopping_and_retail.586">
	<name>Baglan Mutton &amp; Chicken Shop</name>
	<ExtendedData><SchemaData schemaUrl="#shopping_and_retail">
		<SimpleData name="Category">butcher_shop</SimpleData>
		<SimpleData name="Address">Shop No. 4, Shramik Nagar, near Park Palace Hotel, Satpur Colony, Nashik, Maharashtra 422012, India</SimpleData>
		<SimpleData name="Latitude">19.9982093</SimpleData>
		<SimpleData name="Longitude">73.7112163</SimpleData>
		<SimpleData name="Rating">4.5</SimpleData>
		<SimpleData name="Place_ID">ChIJoQpzalfs3TsR3mNwjFIheEY</SimpleData>
		<SimpleData name="Distance_m">2096</SimpleData>
		<SimpleData name="Source_File">Nashik_Satpur_establishments.xlsx</SimpleData>
	</SchemaData></ExtendedData>
      <Point><coordinates>73.7112163,19.9982093</coordinates></Point>
  </Placemark>
  <Placemark id="shopping_and_retail.587">
	<name>Pari Ladies Corner &amp; General Store - Buy Cosmetics and many more products..</name>
	<ExtendedData><SchemaData schemaUrl="#shopping_and_retail">
		<SimpleData name="Category">cosmetics_store</SimpleData>
		<SimpleData name="Address">Flat no 8, Anuarya Heights, Wing C Kadepathar Chauk, Gangasagar Nagar Shramiknagar, Satpur Colony, Nashik, Maharashtra 422012, India</SimpleData>
		<SimpleData name="Latitude">19.9998675</SimpleData>
		<SimpleData name="Longitude">73.7069024</SimpleData>
		<SimpleData name="Rating">4.9</SimpleData>
		<SimpleData name="Place_ID">ChIJhTAevVrt3TsR4evS6AHdKJE</SimpleData>
		<SimpleData name="Distance_m">205</SimpleData>
		<SimpleData name="Source_File">Nashik_Chunchale_establishments.xlsx</SimpleData>
	</SchemaData></ExtendedData>
      <Point><coordinates>73.7069024,19.9998675</coordinates></Point>
  </Placemark>
  <Placemark id="shopping_and_retail.588">
	<name>Bhavesh Kirana Stores</name>
	<ExtendedData><SchemaData schemaUrl="#shopping_and_retail">
		<SimpleData name="Category">general_store</SimpleData>
		<SimpleData name="Address">Shop 3, Tuljabhavani Mandir, Shramik Nagar, Nashik, Maharashtra 422012, India</SimpleData>
		<SimpleData name="Latitude">19.9957552</SimpleData>
		<SimpleData name="Longitude">73.7084621</SimpleData>
		<SimpleData name="Rating">5</SimpleData>
		<SimpleData name="Place_ID">ChIJVRydOxnt3TsRV-YxJeayVrI</SimpleData>
		<SimpleData name="Distance_m">2429</SimpleData>
		<SimpleData name="Source_File">Nashik_Satpur_establishments.xlsx</SimpleData>
	</SchemaData></ExtendedData>
      <Point><coordinates>73.7084621,19.9957552</coordinates></Point>
  </Placemark>
  <Placemark id="shopping_and_retail.589">
	<name>New Navjivan Super Shop</name>
	<ExtendedData><SchemaData schemaUrl="#shopping_and_retail">
		<SimpleData name="Category">grocery_store</SimpleData>
		<SimpleData name="Address">Shree Krushna Apartment, Near Mahadev Mandir, Saatpur, Shramik Nagar, Nashik, Maharashtra 422012, India</SimpleData>
		<SimpleData name="Latitude">19.9955436</SimpleData>
		<SimpleData name="Longitude">73.7066347</SimpleData>
		<SimpleData name="Rating">4.2</SimpleData>
		<SimpleData name="Place_ID">ChIJU8G4d1bs3TsRWxNJhBTdA98</SimpleData>
		<SimpleData name="Distance_m">2620</SimpleData>
		<SimpleData name="Source_File">Nashik_Satpur_establishments.xlsx</SimpleData>
	</SchemaData></ExtendedData>
      <Point><coordinates>73.7066347,19.9955436</coordinates></Point>
  </Placemark>
  <Placemark id="shopping_and_retail.590">
	<name>Nashik fruit market</name>
	<ExtendedData><SchemaData schemaUrl="#shopping_and_retail">
		<SimpleData name="Category">historical_landmark</SimpleData>
		<SimpleData name="Address">2P45+2F2, off Datt Mandir Road, Shivaji Nagar, Satpur Colony, Nashik, Maharashtra 422012, India</SimpleData>
		<SimpleData name="Latitude">20.0050106</SimpleData>
		<SimpleData name="Longitude">73.708686</SimpleData>
		<SimpleData name="Place_ID">ChIJo_NJJADt3TsRsNVdKV-3RHQ</SimpleData>
		<SimpleData name="Distance_m">521</SimpleData>
		<SimpleData name="Source_File">Nashik_Trimbak_Road_establishments.xlsx</SimpleData>
	</SchemaData></ExtendedData>
      <Point><coordinates>73.708686,20.0050106</coordinates></Point>
  </Placemark>
  <Placemark id="shopping_and_retail.591">
	<name>Shivajinagar Vegetable Market</name>
	<ExtendedData><SchemaData schemaUrl="#shopping_and_retail">
		<SimpleData name="Category">market</SimpleData>
		<SimpleData name="Address">Sai Kripa Row House, 124/2/3, Sant Narahari Maharaj Rd, Shivaji Nagar, Satpur Colony, Nashik, Maharashtra 422012, India</SimpleData>
		<SimpleData name="Latitude">20.007443</SimpleData>
		<SimpleData name="Longitude">73.7103784</SimpleData>
		<SimpleData name="Rating">3.7</SimpleData>
		<SimpleData name="Place_ID">ChIJod-onk_s3TsRISSqa4HMO2k</SimpleData>
		<SimpleData name="Distance_m">1056</SimpleData>
		<SimpleData name="Source_File">Nashik_Chunchale_establishments.xlsx</SimpleData>
	</SchemaData></ExtendedData>
      <Point><coordinates>73.7103784,20.007443</coordinates></Point>
  </Placemark>
  <Placemark id="shopping_and_retail.592">
	<name>Sandeep Super Market</name>
	<ExtendedData><SchemaData schemaUrl="#shopping_and_retail">
		<SimpleData name="Category">supermarket</SimpleData>
		<SimpleData name="Address">Dattmandir rod, D. K, Dayaram nivas, Sonawane check, Shivaji Nagar, Satpur Colony, Nashik, Maharashtra 422012, India</SimpleData>
		<SimpleData name="Latitude">20.0050994</SimpleData>
		<SimpleData name="Longitude">73.7103554</SimpleData>
		<SimpleData name="Rating">4.3</SimpleData>
		<SimpleData name="Place_ID">ChIJpTVPJlDs3TsRkTCbN1rngok</SimpleData>
		<SimpleData name="Distance_m">845</SimpleData>
		<SimpleData name="Source_File">Nashik_Chunchale_establishments.xlsx</SimpleData>
	</SchemaData></ExtendedData>
      <Point><coordinates>73.7103554,20.0050994</coordinates></Point>
  </Placemark>
  <Placemark id="shopping_and_retail.593">
	<name>Shree Mahaveer Super Market</name>
	<ExtendedData><SchemaData schemaUrl="#shopping_and_retail">
		<SimpleData name="Category">supermarket</SimpleData>
		<SimpleData name="Address">oppo. mahindra, satmuli chawk, plot no.04, main gate, ashoknagar, Shramik Nagar, Nashik, Maharashtra 422012, India</SimpleData>
		<SimpleData name="Latitude">19.9940454</SimpleData>
		<SimpleData name="Longitude">73.711343</SimpleData>
		<SimpleData name="Rating">2.9</SimpleData>
		<SimpleData name="Place_ID">ChIJi60d48nt3TsRdBU1PT5h_F8</SimpleData>
		<SimpleData name="Distance_m">1425</SimpleData>
		<SimpleData name="Source_File">Nashik_Panchak_establishments.xlsx</SimpleData>
	</SchemaData></ExtendedData>
      <Point><coordinates>73.711343,19.9940454</coordinates></Point>
  </Placemark>
  <Placemark id="shopping_and_retail.594">
	<name>RAYGAD KIRANA MOLL V HOLSEL SUPER MARKET</name>
	<ExtendedData><SchemaData schemaUrl="#shopping_and_retail">
		<SimpleData name="Category">supermarket</SimpleData>
		<SimpleData name="Address">Shop No 2, Jay Ganesh Colony, near Sai Leela Car Wash Center, Shramik Nagar, Nashik, Maharashtra 422012, India</SimpleData>
		<SimpleData name="Latitude">19.9978452</SimpleData>
		<SimpleData name="Longitude">73.7006485</SimpleData>
		<SimpleData name="Rating">4.8</SimpleData>
		<SimpleData name="Place_ID">ChIJc3caGurt3TsR0jZKdRpvXEI</SimpleData>
		<SimpleData name="Distance_m">1346</SimpleData>
		<SimpleData name="Source_File">Nashik_Trimbak_Road_establishments.xlsx</SimpleData>
	</SchemaData></ExtendedData>
      <Point><coordinates>73.7006485,19.9978452</coordinates></Point>
  </Placemark>
  <Placemark id="shopping_and_retail.595">
	<name>New Sneha Super Market</name>
	<ExtendedData><SchemaData schemaUrl="#shopping_and_retail">
		<SimpleData name="Category">asian_grocery_store</SimpleData>
		<SimpleData name="Address">plot no 20, Sanjive, Nagar, Ambad Satpur Link Rd, Sanjeev Nagar, Nashik, Maharashtra 422010, India</SimpleData>
		<SimpleData name="Latitude">19.969194</SimpleData>
		<SimpleData name="Longitude">73.729078</SimpleData>
		<SimpleData name="Rating">5</SimpleData>
		<SimpleData name="Place_ID">ChIJr87z_nbt3TsREWg5OKDEhnc</SimpleData>
		<SimpleData name="Distance_m">1898</SimpleData>
		<SimpleData name="Source_File">Nashik_Ambad_establishments.xlsx</SimpleData>
	</SchemaData></ExtendedData>
      <Point><coordinates>73.729078,19.969194</coordinates></Point>
  </Placemark>
  <Placemark id="shopping_and_retail.596">
	<name>Ayushman Arogya Mandir Azad Nagar</name>
	<ExtendedData><SchemaData schemaUrl="#shopping_and_retail">
		<SimpleData name="Category">consultant</SimpleData>
		<SimpleData name="Address">XPCJ+GR8, Link Rd, near Bakra Mandi, Ambad, Azad Nagar, Ajmeri Nagar, Ambad, Nashik, Maharashtra 422010, India</SimpleData>
		<SimpleData name="Latitude">19.9717121</SimpleData>
		<SimpleData name="Longitude">73.7319594</SimpleData>
		<SimpleData name="Rating">4</SimpleData>
		<SimpleData name="Place_ID">ChIJEx-0DQDt3TsRQ__4CVDDsqQ</SimpleData>
		<SimpleData name="Distance_m">3598</SimpleData>
		<SimpleData name="Source_File">Nashik_MIDC_Ambad_establishments.xlsx</SimpleData>
	</SchemaData></ExtendedData>
      <Point><coordinates>73.7319594,19.9717121</coordinates></Point>
  </Placemark>
  <Placemark id="shopping_and_retail.597">
	<name>Balaji Super Market</name>
	<ExtendedData><SchemaData schemaUrl="#shopping_and_retail">
		<SimpleData name="Category">grocery_store</SimpleData>
		<SimpleData name="Address">Jadhav Sankul, Ashoknagar, Satpur Colony, Nashik, Maharashtra 422007, India</SimpleData>
		<SimpleData name="Latitude">19.9851312</SimpleData>
		<SimpleData name="Longitude">73.7179697</SimpleData>
		<SimpleData name="Rating">3.7</SimpleData>
		<SimpleData name="Place_ID">ChIJlYb6hfHs3TsRY6rrvw6JWJM</SimpleData>
		<SimpleData name="Distance_m">2209</SimpleData>
		<SimpleData name="Source_File">Nashik_Satpur_establishments.xlsx</SimpleData>
	</SchemaData></ExtendedData>
      <Point><coordinates>73.7179697,19.9851312</coordinates></Point>
  </Placemark>
  <Placemark id="shopping_and_retail.598">
	<name>AMBIKA SUPER MARKET</name>
	<ExtendedData><SchemaData schemaUrl="#shopping_and_retail">
		<SimpleData name="Category">supermarket</SimpleData>
		<SimpleData name="Address">Sanjeev Nagar, Nashik, Maharashtra 422010, India</SimpleData>
		<SimpleData name="Latitude">19.9691856</SimpleData>
		<SimpleData name="Longitude">73.7274955</SimpleData>
		<SimpleData name="Rating">4.7</SimpleData>
		<SimpleData name="Place_ID">ChIJD23fuG7t3TsRMRVuj7h1svI</SimpleData>
		<SimpleData name="Distance_m">2061</SimpleData>
		<SimpleData name="Source_File">Nashik_Ambad_establishments.xlsx</SimpleData>
	</SchemaData></ExtendedData>
      <Point><coordinates>73.7274955,19.9691856</coordinates></Point>
  </Placemark>
</Folder>
</Document></kml>
