<?xml version="1.0" encoding="utf-8" ?>
<kml xmlns="http://www.opengis.net/kml/2.2">
<Document id="root_doc">
<Schema name="warehouses" id="warehouses">
	<SimpleField name="Category" type="string"></SimpleField>
	<SimpleField name="Address" type="string"></SimpleField>
	<SimpleField name="Latitude" type="float"></SimpleField>
	<SimpleField name="Longitude" type="float"></SimpleField>
	<SimpleField name="Rating" type="float"></SimpleField>
	<SimpleField name="Place_ID" type="string"></SimpleField>
	<SimpleField name="Distance_m" type="int"></SimpleField>
	<SimpleField name="Source_File" type="string"></SimpleField>
</Schema>
<Folder><name>warehouses</name>
  <Placemark id="warehouses.1">
	<name>Dhongade point</name>
	<ExtendedData><SchemaData schemaUrl="#warehouses">
		<SimpleData name="Category">storage</SimpleData>
		<SimpleData name="Address">XR3J+89G, Gayakhe Colony, Deolali Gaon, Nashik, Maharashtra 422101, India</SimpleData>
		<SimpleData name="Latitude">19.953314</SimpleData>
		<SimpleData name="Longitude">73.8309435</SimpleData>
		<SimpleData name="Rating">5</SimpleData>
		<SimpleData name="Place_ID">ChIJNX4oGgCV3TsRPNdTcpdTUJo</SimpleData>
		<SimpleData name="Distance_m">2456</SimpleData>
		<SimpleData name="Source_File">Nashik_nDeolali_Gao_warehouses.xlsx</SimpleData>
	</SchemaData></ExtendedData>
      <Point><coordinates>73.8309435,19.953314</coordinates></Point>
  </Placemark>
  <Placemark id="warehouses.2">
	<name>shree vijay traders</name>
	<ExtendedData><SchemaData schemaUrl="#warehouses">
		<SimpleData name="Category">storage</SimpleData>
		<SimpleData name="Address">swami shree, jagtap mala,nashik road, Jagtap Mala, Gayakhe Colony, Nashik Road, Nashik, Maharashtra 422101, India</SimpleData>
		<SimpleData name="Latitude">19.951409</SimpleData>
		<SimpleData name="Longitude">73.829483</SimpleData>
		<SimpleData name="Rating">4.9</SimpleData>
		<SimpleData name="Place_ID">ChIJ____a2GV3TsR9zYbLte4AcA</SimpleData>
		<SimpleData name="Distance_m">2230</SimpleData>
		<SimpleData name="Source_File">Nashik_nDeolali_Gao_warehouses.xlsx</SimpleData>
	</SchemaData></ExtendedData>
      <Point><coordinates>73.829483,19.951409</coordinates></Point>
  </Placemark>
  <Placemark id="warehouses.3">
	<name>Nashik Home Appliances</name>
	<ExtendedData><SchemaData schemaUrl="#warehouses">
		<SimpleData name="Category">storage</SimpleData>
		<SimpleData name="Address">XR5M+7XF, DattaMandir, Nashik Road, Nashik, Maharashtra 422101, India</SimpleData>
		<SimpleData name="Latitude">19.9581976</SimpleData>
		<SimpleData name="Longitude">73.8349277</SimpleData>
		<SimpleData name="Rating">5</SimpleData>
		<SimpleData name="Place_ID">ChIJ7bHZbgCV3TsRsR0PxTxDB34</SimpleData>
		<SimpleData name="Distance_m">3066</SimpleData>
		<SimpleData name="Source_File">Nashik_nDeolali_Gao_warehouses.xlsx</SimpleData>
	</SchemaData></ExtendedData>
      <Point><coordinates>73.8349277,19.9581976</coordinates></Point>
  </Placemark>
  <Placemark id="warehouses.4">
	<name>Cidco colony</name>
	<ExtendedData><SchemaData schemaUrl="#warehouses">
		<SimpleData name="Category">association_or_organization</SimpleData>
		<SimpleData name="Address">Sweta Row House, Morwadi Rd, Saibaba Nagar, Cidco, Nashik, Maharashtra 422009, India</SimpleData>
		<SimpleData name="Latitude">19.9681433</SimpleData>
		<SimpleData name="Longitude">73.7598415</SimpleData>
		<SimpleData name="Rating">4.6</SimpleData>
		<SimpleData name="Place_ID">ChIJ9aIjKGHr3TsR5DTEHnAZ4gY</SimpleData>
		<SimpleData name="Distance_m">540</SimpleData>
		<SimpleData name="Source_File">Nashik_CIDCO_warehouses.xlsx</SimpleData>
	</SchemaData></ExtendedData>
      <Point><coordinates>73.7598415,19.9681433</coordinates></Point>
  </Placemark>
  <Placemark id="warehouses.5">
	<name>Blue Dart Express Limited</name>
	<ExtendedData><SchemaData schemaUrl="#warehouses">
		<SimpleData name="Category">courier_service</SimpleData>
		<SimpleData name="Address">Shop# C 15, Nissan Couriers, Jay Plaza, Police Station, near Ambad, below Gurupkrupa Medical, Swami Vivekanand Nagar, Cidco, Nashik, Maharashtra 422009, India</SimpleData>
		<SimpleData name="Latitude">19.9646689</SimpleData>
		<SimpleData name="Longitude">73.7654827</SimpleData>
		<SimpleData name="Rating">1.9</SimpleData>
		<SimpleData name="Place_ID">ChIJjR6LuA3r3TsRMbgJEgS-u_Q</SimpleData>
		<SimpleData name="Distance_m">2128</SimpleData>
		<SimpleData name="Source_File">Nashik_Ambad_warehouses.xlsx</SimpleData>
	</SchemaData></ExtendedData>
      <Point><coordinates>73.7654827,19.9646689</coordinates></Point>
  </Placemark>
  <Placemark id="warehouses.6">
	<name>Shivam's official address</name>
	<ExtendedData><SchemaData schemaUrl="#warehouses">
		<SimpleData name="Category">storage</SimpleData>
		<SimpleData name="Address">N/53/A/J/3/8/5, Rajratna Nagar, Cidco, Nashik, Maharashtra 422008, India</SimpleData>
		<SimpleData name="Latitude">19.971464</SimpleData>
		<SimpleData name="Longitude">73.755892</SimpleData>
		<SimpleData name="Place_ID">ChIJtT5oebTr3TsRFyX6epT1P5c</SimpleData>
		<SimpleData name="Distance_m">142</SimpleData>
		<SimpleData name="Source_File">Nashik_CIDCO_warehouses.xlsx</SimpleData>
	</SchemaData></ExtendedData>
      <Point><coordinates>73.755892,19.971464</coordinates></Point>
  </Placemark>
  <Placemark id="warehouses.7">
	<name>Suresh tilsh patar mistri</name>
	<ExtendedData><SchemaData schemaUrl="#warehouses">
		<SimpleData name="Category">storage</SimpleData>
		<SimpleData name="Address">airport khajuraho, M. P, Rajratna Nagar, Chhatarpur, Pawan Nagar, Nashik, Maharashtra 422008, India</SimpleData>
		<SimpleData name="Latitude">19.972755</SimpleData>
		<SimpleData name="Longitude">73.7558759</SimpleData>
		<SimpleData name="Place_ID">ChIJ5aKzAQDr3TsR0P7Z9Tvz_58</SimpleData>
		<SimpleData name="Distance_m">133</SimpleData>
		<SimpleData name="Source_File">Nashik_CIDCO_warehouses.xlsx</SimpleData>
	</SchemaData></ExtendedData>
      <Point><coordinates>73.7558759,19.972755</coordinates></Point>
  </Placemark>
  <Placemark id="warehouses.8">
	<name>Attar brothers Mini transport</name>
	<ExtendedData><SchemaData schemaUrl="#warehouses">
		<SimpleData name="Category">storage</SimpleData>
		<SimpleData name="Address">N 9, MM-2/24-1, Hospital ?????? ???, Lekha Nagar, Nashik, Maharashtra 422009, India</SimpleData>
		<SimpleData name="Latitude">19.9747861</SimpleData>
		<SimpleData name="Longitude">73.7682032</SimpleData>
		<SimpleData name="Rating">1</SimpleData>
		<SimpleData name="Place_ID">ChIJTT2kQwDr3TsRBxGvKC3g1so</SimpleData>
		<SimpleData name="Distance_m">1206</SimpleData>
		<SimpleData name="Source_File">Nashik_CIDCO_warehouses.xlsx</SimpleData>
	</SchemaData></ExtendedData>
      <Point><coordinates>73.7682032,19.9747861</coordinates></Point>
  </Placemark>
  <Placemark id="warehouses.9">
	<name>??????</name>
	<ExtendedData><SchemaData schemaUrl="#warehouses">
		<SimpleData name="Category">storage</SimpleData>
		<SimpleData name="Address">??? ??. ?/?, ??????????? ??????????, ????????, ????? - ?., Abhiyanta Nagar, Nashik, Maharashtra 422008, India</SimpleData>
		<SimpleData name="Latitude">19.97518</SimpleData>
		<SimpleData name="Longitude">73.7546333</SimpleData>
		<SimpleData name="Place_ID">ChIJ83vXW2fr3TsRbBG21nvkbBw</SimpleData>
		<SimpleData name="Distance_m">413</SimpleData>
		<SimpleData name="Source_File">Nashik_CIDCO_warehouses.xlsx</SimpleData>
	</SchemaData></ExtendedData>
      <Point><coordinates>73.7546333,19.97518</coordinates></Point>
  </Placemark>
  <Placemark id="warehouses.10">
	<name>Filter House godown</name>
	<ExtendedData><SchemaData schemaUrl="#warehouses">
		<SimpleData name="Category">association_or_organization</SimpleData>
		<SimpleData name="Address">67/112, Rehmat Nagar Rd, Rehmat Nagar, Gandhi Nagar, Nashik, Maharashtra 422006, India</SimpleData>
		<SimpleData name="Latitude">19.9714042</SimpleData>
		<SimpleData name="Longitude">73.7960618</SimpleData>
		<SimpleData name="Place_ID">ChIJFeuYVADr3TsRi-vJVkthVHk</SimpleData>
		<SimpleData name="Distance_m">2532</SimpleData>
		<SimpleData name="Source_File">Nashik_Wadala_Road_warehouses.xlsx</SimpleData>
	</SchemaData></ExtendedData>
      <Point><coordinates>73.7960618,19.9714042</coordinates></Point>
  </Placemark>
  <Placemark id="warehouses.11">
	<name>Big Basket Warehouse</name>
	<ExtendedData><SchemaData schemaUrl="#warehouses">
		<SimpleData name="Category">market</SimpleData>
		<SimpleData name="Address">XQ69+9GM, Chetana nagar, Rane Nagar, Nashik, Maharashtra 422009, India</SimpleData>
		<SimpleData name="Latitude">19.9606103</SimpleData>
		<SimpleData name="Longitude">73.7682846</SimpleData>
		<SimpleData name="Rating">5</SimpleData>
		<SimpleData name="Place_ID">ChIJq1-fUwDr3TsRCTha68x5nug</SimpleData>
		<SimpleData name="Distance_m">1747</SimpleData>
		<SimpleData name="Source_File">Nashik_CIDCO_warehouses.xlsx</SimpleData>
	</SchemaData></ExtendedData>
      <Point><coordinates>73.7682846,19.9606103</coordinates></Point>
  </Placemark>
  <Placemark id="warehouses.12">
	<name>Zepto warehouse store</name>
	<ExtendedData><SchemaData schemaUrl="#warehouses">
		<SimpleData name="Category">service</SimpleData>
		<SimpleData name="Address">Krushnai Nagar, Sonawane Marg, behind Hotel Seven Heaven, Chetana nagar, Mala, Nashik, Maharashtra 422009, India</SimpleData>
		<SimpleData name="Latitude">19.9602348</SimpleData>
		<SimpleData name="Longitude">73.7711877</SimpleData>
		<SimpleData name="Rating">3.3</SimpleData>
		<SimpleData name="Place_ID">ChIJpSRzOQDr3TsRwz-NTOdz07I</SimpleData>
		<SimpleData name="Distance_m">1992</SimpleData>
		<SimpleData name="Source_File">Nashik_CIDCO_warehouses.xlsx</SimpleData>
	</SchemaData></ExtendedData>
      <Point><coordinates>73.7711877,19.9602348</coordinates></Point>
  </Placemark>
  <Placemark id="warehouses.13">
	<name>Urja Distributors</name>
	<ExtendedData><SchemaData schemaUrl="#warehouses">
		<SimpleData name="Category">storage</SimpleData>
		<SimpleData name="Address">XQFG+8CG, Shanti Nagar, Indira Nagar, Nashik, Maharashtra 422009, India</SimpleData>
		<SimpleData name="Latitude">19.9733181</SimpleData>
		<SimpleData name="Longitude">73.7760921</SimpleData>
		<SimpleData name="Rating">4.5</SimpleData>
		<SimpleData name="Place_ID">ChIJBRQMOQDr3TsRfyg3yYESILE</SimpleData>
		<SimpleData name="Distance_m">597</SimpleData>
		<SimpleData name="Source_File">Nashik_Indira_Nagar_warehouses.xlsx</SimpleData>
	</SchemaData></ExtendedData>
      <Point><coordinates>73.7760921,19.9733181</coordinates></Point>
  </Placemark>
  <Placemark id="warehouses.14">
	<name>Godaam Innovations Pvt. Ltd.</name>
	<ExtendedData><SchemaData schemaUrl="#warehouses">
		<SimpleData name="Category">storage</SimpleData>
		<SimpleData name="Address">Hari Shrushti, opp. vascon IT par, Shri Gurudeodatta Society, Indira Nagar, Nashik, Maharashtra 422009, India</SimpleData>
		<SimpleData name="Latitude">19.9736433</SimpleData>
		<SimpleData name="Longitude">73.7898983</SimpleData>
		<SimpleData name="Rating">4.2</SimpleData>
		<SimpleData name="Place_ID">ChIJcxjYkPLr3TsRIyumZdrVSTk</SimpleData>
		<SimpleData name="Distance_m">870</SimpleData>
		<SimpleData name="Source_File">Nashik_Indira_Nagar_warehouses.xlsx</SimpleData>
	</SchemaData></ExtendedData>
      <Point><coordinates>73.7898983,19.9736433</coordinates></Point>
  </Placemark>
  <Placemark id="warehouses.15">
	<name>Excel enterprises</name>
	<ExtendedData><SchemaData schemaUrl="#warehouses">
		<SimpleData name="Category">storage</SimpleData>
		<SimpleData name="Address">XQFQ+258, Parab Nagar, Nashik, Maharashtra 422009, India</SimpleData>
		<SimpleData name="Latitude">19.9725326</SimpleData>
		<SimpleData name="Longitude">73.7879746</SimpleData>
		<SimpleData name="Place_ID">ChIJ-4JeEgDr3TsRpAf4ZlFVrqc</SimpleData>
		<SimpleData name="Distance_m">656</SimpleData>
		<SimpleData name="Source_File">Nashik_Indira_Nagar_warehouses.xlsx</SimpleData>
	</SchemaData></ExtendedData>
      <Point><coordinates>73.7879746,19.9725326</coordinates></Point>
  </Placemark>
  <Placemark id="warehouses.16">
	<name>Dinkar Dada Salve Home</name>
	<ExtendedData><SchemaData schemaUrl="#warehouses">
		<SimpleData name="Category">storage</SimpleData>
		<SimpleData name="Address">Dewang Complex, C-15, Indira Nagar, Nashik, Maharashtra 422009, India</SimpleData>
		<SimpleData name="Latitude">19.972764</SimpleData>
		<SimpleData name="Longitude">73.785918</SimpleData>
		<SimpleData name="Rating">5</SimpleData>
		<SimpleData name="Place_ID">ChIJP5SrFADr3TsROdAOaweQjPg</SimpleData>
		<SimpleData name="Distance_m">444</SimpleData>
		<SimpleData name="Source_File">Nashik_Indira_Nagar_warehouses.xlsx</SimpleData>
	</SchemaData></ExtendedData>
      <Point><coordinates>73.785918,19.972764</coordinates></Point>
  </Placemark>
  <Placemark id="warehouses.17">
	<name>MENTONE CONCRETE PVT LTD</name>
	<ExtendedData><SchemaData schemaUrl="#warehouses">
		<SimpleData name="Category">storage</SimpleData>
		<SimpleData name="Address">1 Shivkripa, Shraddha Vijhar, Indira Nagar Rd, nr. Ashirwad Nursing Home Vihar, behind Cambridge School, Shraddha Vihar, Pandav Nagari, Sharda Vihar, Nashik, Maharashtra 422102, India</SimpleData>
		<SimpleData name="Latitude">19.9649535</SimpleData>
		<SimpleData name="Longitude">73.7816936</SimpleData>
		<SimpleData name="Rating">4.9</SimpleData>
		<SimpleData name="Place_ID">ChIJk2QZTfbr3TsRd3Fap_wyhSE</SimpleData>
		<SimpleData name="Distance_m">817</SimpleData>
		<SimpleData name="Source_File">Nashik_Indira_Nagar_warehouses.xlsx</SimpleData>
	</SchemaData></ExtendedData>
      <Point><coordinates>73.7816936,19.9649535</coordinates></Point>
  </Placemark>
  <Placemark id="warehouses.18">
	<name>Mahalaxmi Traders</name>
	<ExtendedData><SchemaData schemaUrl="#warehouses">
		<SimpleData name="Category">storage</SimpleData>
		<SimpleData name="Address">Wadala - Pathardi Rd, near Samrat Sweets, behind Guru Gobind Singh College, Pandav Nagari, Pathardi Phata, Nashik, Maharashtra 422102, India</SimpleData>
		<SimpleData name="Latitude">19.9570769</SimpleData>
		<SimpleData name="Longitude">73.7795831</SimpleData>
		<SimpleData name="Place_ID">ChIJ6VXlLUrr3TsR1GmTtbNvPIA</SimpleData>
		<SimpleData name="Distance_m">829</SimpleData>
		<SimpleData name="Source_File">Nashik_Pathardi_Phata_warehouses.xlsx</SimpleData>
	</SchemaData></ExtendedData>
      <Point><coordinates>73.7795831,19.9570769</coordinates></Point>
  </Placemark>
  <Placemark id="warehouses.19">
	<name>Empty cement bag wale Nashik</name>
	<ExtendedData><SchemaData schemaUrl="#warehouses">
		<SimpleData name="Category">store</SimpleData>
		<SimpleData name="Address">Pandav Nagari, Pathardi Phata, Nashik, Maharashtra 422102, India</SimpleData>
		<SimpleData name="Latitude">19.9563978</SimpleData>
		<SimpleData name="Longitude">73.7803539</SimpleData>
		<SimpleData name="Rating">4.7</SimpleData>
		<SimpleData name="Place_ID">ChIJFfYs4zLr3TsREqvF17VrP34</SimpleData>
		<SimpleData name="Distance_m">939</SimpleData>
		<SimpleData name="Source_File">Nashik_Pathardi_Phata_warehouses.xlsx</SimpleData>
	</SchemaData></ExtendedData>
      <Point><coordinates>73.7803539,19.9563978</coordinates></Point>
  </Placemark>
  <Placemark id="warehouses.20">
	<name>Gayatri Foods &amp; Energy Products(cold press oil)</name>
	<ExtendedData><SchemaData schemaUrl="#warehouses">
		<SimpleData name="Category">store</SimpleData>
		<SimpleData name="Address">Shop No-1 ,Rudraksha Appt Metro Zone near Gokul Hospital &amp;, Samarth Nagar, Indira Nagar, Pathardi Phata, Patha, Nashik, Maharashtra 422009, India</SimpleData>
		<SimpleData name="Latitude">19.9540944</SimpleData>
		<SimpleData name="Longitude">73.7743114</SimpleData>
		<SimpleData name="Rating">4.5</SimpleData>
		<SimpleData name="Place_ID">ChIJK2jDZfeV3TsRFmh3Rx2QPKs</SimpleData>
		<SimpleData name="Distance_m">968</SimpleData>
		<SimpleData name="Source_File">Nashik_Pathardi_Phata_warehouses.xlsx</SimpleData>
	</SchemaData></ExtendedData>
      <Point><coordinates>73.7743114,19.9540944</coordinates></Point>
  </Placemark>
  <Placemark id="warehouses.21">
	<name>Diamond Frames Pvt Ltd</name>
	<ExtendedData><SchemaData schemaUrl="#warehouses">
		<SimpleData name="Category">supplier</SimpleData>
		<SimpleData name="Address">Shop no: 04, Wadala Rd, behind Qadri Empire building, near JMCT College, Sai Nath Nagar, Nashik, Maharashtra 422006, India</SimpleData>
		<SimpleData name="Latitude">19.9743905</SimpleData>
		<SimpleData name="Longitude">73.7933628</SimpleData>
		<SimpleData name="Place_ID">ChIJJd_vc9Tr3TsRUwG8gghHXmg</SimpleData>
		<SimpleData name="Distance_m">2582</SimpleData>
		<SimpleData name="Source_File">Nashik_Wadala_Road_warehouses.xlsx</SimpleData>
	</SchemaData></ExtendedData>
      <Point><coordinates>73.7933628,19.9743905</coordinates></Point>
  </Placemark>
  <Placemark id="warehouses.22">
	<name>Trans relocation packers and movers</name>
	<ExtendedData><SchemaData schemaUrl="#warehouses">
		<SimpleData name="Category">transportation_service</SimpleData>
		<SimpleData name="Address">Shop No.1 Aditya Duplex, ghanshyam nagar, Income Tax Colony, Maurya Vihar, Pathardi P, Nashik, Maharashtra 422009, India</SimpleData>
		<SimpleData name="Latitude">19.9699334</SimpleData>
		<SimpleData name="Longitude">73.7694187</SimpleData>
		<SimpleData name="Rating">4.8</SimpleData>
		<SimpleData name="Place_ID">ChIJk_8_MUfr3TsRKgPPtkSVS78</SimpleData>
		<SimpleData name="Distance_m">2371</SimpleData>
		<SimpleData name="Source_File">Nashik_Ambad_warehouses.xlsx</SimpleData>
	</SchemaData></ExtendedData>
      <Point><coordinates>73.7694187,19.9699334</coordinates></Point>
  </Placemark>
  <Placemark id="warehouses.23">
	<name>SafeCloak Luggage Lockers</name>
	<ExtendedData><SchemaData schemaUrl="#warehouses">
		<SimpleData name="Category">storage</SimpleData>
		<SimpleData name="Address">P&amp;T Colony, Rajwada Nagar, Deolali Gaon, Nashik, Maharashtra 422101, India</SimpleData>
		<SimpleData name="Latitude">19.9481718</SimpleData>
		<SimpleData name="Longitude">73.8419703</SimpleData>
		<SimpleData name="Rating">3.5</SimpleData>
		<SimpleData name="Place_ID">ChIJA3hiFpu_3TsRvEQb5dC1aUc</SimpleData>
		<SimpleData name="Distance_m">2369</SimpleData>
		<SimpleData name="Source_File">Nashik_nDeolali_Gao_warehouses.xlsx</SimpleData>
	</SchemaData></ExtendedData>
      <Point><coordinates>73.8419703,19.9481718</coordinates></Point>
  </Placemark>
  <Placemark id="warehouses.24">
	<name>Parcel office and Cloak room</name>
	<ExtendedData><SchemaData schemaUrl="#warehouses">
		<SimpleData name="Category">storage</SimpleData>
		<SimpleData name="Address">Platform No 1 Nasik road railway staion, Rajwada Nagar, Deolali Gaon, Nashik, Maharashtra 422101, India</SimpleData>
		<SimpleData name="Latitude">19.948871</SimpleData>
		<SimpleData name="Longitude">73.8421402</SimpleData>
		<SimpleData name="Rating">3.7</SimpleData>
		<SimpleData name="Place_ID">ChIJR_oMSXa_3TsR4PaQAFh9tYA</SimpleData>
		<SimpleData name="Distance_m">2441</SimpleData>
		<SimpleData name="Source_File">Nashik_nDeolali_Gao_warehouses.xlsx</SimpleData>
	</SchemaData></ExtendedData>
      <Point><coordinates>73.8421402,19.948871</coordinates></Point>
  </Placemark>
  <Placemark id="warehouses.25">
	<name>R. J. Ledish Tailor</name>
	<ExtendedData><SchemaData schemaUrl="#warehouses">
		<SimpleData name="Category">storage</SimpleData>
		<SimpleData name="Address">Aringle malla, Eklahara Rd, opposite Mohite park, Nashik Road, Nashijk, Nashik, Maharashtra 422101, India</SimpleData>
		<SimpleData name="Latitude">19.957896</SimpleData>
		<SimpleData name="Longitude">73.8525106</SimpleData>
		<SimpleData name="Place_ID">ChIJIcqmtHe_3TsRbqweFazg_7c</SimpleData>
		<SimpleData name="Distance_m">3904</SimpleData>
		<SimpleData name="Source_File">Nashik_nDeolali_Gao_warehouses.xlsx</SimpleData>
	</SchemaData></ExtendedData>
      <Point><coordinates>73.8525106,19.957896</coordinates></Point>
  </Placemark>
  <Placemark id="warehouses.26">
	<name>Godown BNS ELECTRICALS AND SOLAR ENERGY</name>
	<ExtendedData><SchemaData schemaUrl="#warehouses">
		<SimpleData name="Category">storage</SimpleData>
		<SimpleData name="Address">XRGX+H82, Hanuman Nagar, Vajreshwari Nagar, Nashik, Maharashtra 422101, India</SimpleData>
		<SimpleData name="Latitude">19.9763902</SimpleData>
		<SimpleData name="Longitude">73.8482617</SimpleData>
		<SimpleData name="Place_ID">ChIJzzyuEgDB3TsRcrR1g8nKmXA</SimpleData>
		<SimpleData name="Distance_m">3624</SimpleData>
		<SimpleData name="Source_File">Nashik_Wadala_Road_warehouses.xlsx</SimpleData>
	</SchemaData></ExtendedData>
      <Point><coordinates>73.8482617,19.9763902</coordinates></Point>
  </Placemark>
  <Placemark id="warehouses.27">
	<name>AAYAT STORAGE SYSTEM</name>
	<ExtendedData><SchemaData schemaUrl="#warehouses">
		<SimpleData name="Category">hardware_store</SimpleData>
		<SimpleData name="Address">Shop No 9, Datir Complex, Ambad Satpur Link Rd, near Krishna Sweets, opp. Mm Plywood, Ajmeri Nagar, Nashik, Maharashtra 422010, India</SimpleData>
		<SimpleData name="Latitude">19.965976</SimpleData>
		<SimpleData name="Longitude">73.7328288</SimpleData>
		<SimpleData name="Place_ID">ChIJcZEeWdft3TsRU0AaLMb7o2s</SimpleData>
		<SimpleData name="Distance_m">1640</SimpleData>
		<SimpleData name="Source_File">Nashik_Ambad_warehouses.xlsx</SimpleData>
	</SchemaData></ExtendedData>
      <Point><coordinates>73.7328288,19.965976</coordinates></Point>
  </Placemark>
  <Placemark id="warehouses.28">
	<name>Nakul Enterprises</name>
	<ExtendedData><SchemaData schemaUrl="#warehouses">
		<SimpleData name="Category">manufacturer</SimpleData>
		<SimpleData name="Address">Plot no.29, 10, behind Tip Top Plaza, behind Xlo point, XLO Point, Ambedkar Nagar, MIDC Ambad, Nashik, Maharashtra 422010, India</SimpleData>
		<SimpleData name="Latitude">19.9622563</SimpleData>
		<SimpleData name="Longitude">73.734822</SimpleData>
		<SimpleData name="Rating">5</SimpleData>
		<SimpleData name="Place_ID">ChIJAVRyt6_t3TsR1_VtPIZlFWs</SimpleData>
		<SimpleData name="Distance_m">1700</SimpleData>
		<SimpleData name="Source_File">Nashik_Ambad_warehouses.xlsx</SimpleData>
	</SchemaData></ExtendedData>
      <Point><coordinates>73.734822,19.9622563</coordinates></Point>
  </Placemark>
  <Placemark id="warehouses.29">
	<name>Ambad</name>
	<ExtendedData><SchemaData schemaUrl="#warehouses">
		<SimpleData name="Category">manufacturer</SimpleData>
		<SimpleData name="Address">Navnath nagar, near parnay stamping, MIDC Ambad, Nashik, Maharashtra 422010, India</SimpleData>
		<SimpleData name="Latitude">19.9672243</SimpleData>
		<SimpleData name="Longitude">73.7383136</SimpleData>
		<SimpleData name="Rating">5</SimpleData>
		<SimpleData name="Place_ID">ChIJsft2smvr3TsRylTyqq6x-Fc</SimpleData>
		<SimpleData name="Distance_m">1072</SimpleData>
		<SimpleData name="Source_File">Nashik_Ambad_warehouses.xlsx</SimpleData>
	</SchemaData></ExtendedData>
      <Point><coordinates>73.7383136,19.9672243</coordinates></Point>
  </Placemark>
  <Placemark id="warehouses.30">
	<name>Harsiddhi Ceramics (Warehouse)</name>
	<ExtendedData><SchemaData schemaUrl="#warehouses">
		<SimpleData name="Category">storage</SimpleData>
		<SimpleData name="Address">Harsiddhi Ceramics, Plot Number M-92, Panchwati, MIDC Ambad, Nashik, Maharashtra 422008, India</SimpleData>
		<SimpleData name="Latitude">19.9635808</SimpleData>
		<SimpleData name="Longitude">73.7434052</SimpleData>
		<SimpleData name="Rating">5</SimpleData>
		<SimpleData name="Place_ID">ChIJ06fuBQDt3TsRyeTZuJ_WVP0</SimpleData>
		<SimpleData name="Distance_m">1057</SimpleData>
		<SimpleData name="Source_File">Nashik_Ambad_warehouses.xlsx</SimpleData>
	</SchemaData></ExtendedData>
      <Point><coordinates>73.7434052,19.9635808</coordinates></Point>
  </Placemark>
  <Placemark id="warehouses.31">
	<name>SWAMI SALES</name>
	<ExtendedData><SchemaData schemaUrl="#warehouses">
		<SimpleData name="Category">storage</SimpleData>
		<SimpleData name="Address">pandhari mala, 273, Ambad - Uttam Nagar Rd, opp. Rajat park, Gajpushpa Colony, Ekdant Nagar, Nashik, Maharashtra 422010, India</SimpleData>
		<SimpleData name="Latitude">19.9671824</SimpleData>
		<SimpleData name="Longitude">73.7456273</SimpleData>
		<SimpleData name="Place_ID">ChIJewF6YQDt3TsR87r78wh0A-0</SimpleData>
		<SimpleData name="Distance_m">606</SimpleData>
		<SimpleData name="Source_File">Nashik_Ambad_warehouses.xlsx</SimpleData>
	</SchemaData></ExtendedData>
      <Point><coordinates>73.7456273,19.9671824</coordinates></Point>
  </Placemark>
  <Placemark id="warehouses.32">
	<name>HeyStall Traders</name>
	<ExtendedData><SchemaData schemaUrl="#warehouses">
		<SimpleData name="Category">storage</SimpleData>
		<SimpleData name="Address">Sahyadri row house, Street No. 5, near mayur hospital, Siddhtek Nagar, Nashik, Maharashtra 422010, India</SimpleData>
		<SimpleData name="Latitude">19.9746899</SimpleData>
		<SimpleData name="Longitude">73.7456189</SimpleData>
		<SimpleData name="Place_ID">ChIJ8wBkOwDt3TsRKYQV_QWZnqM</SimpleData>
		<SimpleData name="Distance_m">278</SimpleData>
		<SimpleData name="Source_File">Nashik_Ambad_warehouses.xlsx</SimpleData>
	</SchemaData></ExtendedData>
      <Point><coordinates>73.7456189,19.9746899</coordinates></Point>
  </Placemark>
  <Placemark id="warehouses.33">
	<name>Gayatri Sales Godown</name>
	<ExtendedData><SchemaData schemaUrl="#warehouses">
		<SimpleData name="Category">storage</SimpleData>
		<SimpleData name="Address">NH-53, Vrindavan Colony, Near Overhead Water Tank, DGP Nagar, Ambad, Murari Nagar, Nashik, Maharashtra 422010, India</SimpleData>
		<SimpleData name="Latitude">19.9703111</SimpleData>
		<SimpleData name="Longitude">73.7429209</SimpleData>
		<SimpleData name="Rating">4.5</SimpleData>
		<SimpleData name="Place_ID">ChIJgxtzcaHs3TsRkfZvfRSOzK0</SimpleData>
		<SimpleData name="Distance_m">482</SimpleData>
		<SimpleData name="Source_File">Nashik_Ambad_warehouses.xlsx</SimpleData>
	</SchemaData></ExtendedData>
      <Point><coordinates>73.7429209,19.9703111</coordinates></Point>
  </Placemark>
  <Placemark id="warehouses.34">
	<name>Shree Gajanan Refrigeration</name>
	<ExtendedData><SchemaData schemaUrl="#warehouses">
		<SimpleData name="Category">storage</SimpleData>
		<SimpleData name="Address">Shop No. 2, Shiv Amrut Sankul, Plot No.66, Pandit Nagar New, Shravan Sector, Cidco, Nashik, Maharashtra 422008, India</SimpleData>
		<SimpleData name="Latitude">19.9635975</SimpleData>
		<SimpleData name="Longitude">73.7562131</SimpleData>
		<SimpleData name="Rating">5</SimpleData>
		<SimpleData name="Place_ID">ChIJk3pNLOnr3TsR01Gt2VdYxzQ</SimpleData>
		<SimpleData name="Distance_m">960</SimpleData>
		<SimpleData name="Source_File">Nashik_CIDCO_warehouses.xlsx</SimpleData>
	</SchemaData></ExtendedData>
      <Point><coordinates>73.7562131,19.9635975</coordinates></Point>
  </Placemark>
  <Placemark id="warehouses.35">
	<name>Shree hari agences</name>
	<ExtendedData><SchemaData schemaUrl="#warehouses">
		<SimpleData name="Category">storage</SimpleData>
		<SimpleData name="Address">Opp sarthik leher appartment, near ganesh sweet, Krishna Nagar, MIDC Ambad, Nashik, Maharashtra 422010, India</SimpleData>
		<SimpleData name="Latitude">19.969952</SimpleData>
		<SimpleData name="Longitude">73.7410813</SimpleData>
		<SimpleData name="Place_ID">ChIJ4cV9uYLt3TsRvy4wbnf419Y</SimpleData>
		<SimpleData name="Distance_m">1682</SimpleData>
		<SimpleData name="Source_File">Nashik_CIDCO_warehouses.xlsx</SimpleData>
	</SchemaData></ExtendedData>
      <Point><coordinates>73.7410813,19.969952</coordinates></Point>
  </Placemark>
  <Placemark id="warehouses.36">
	<name>Blinkit Store</name>
	<ExtendedData><SchemaData schemaUrl="#warehouses">
		<SimpleData name="Category">storage</SimpleData>
		<SimpleData name="Address">Gajanan Row House, Plot No.16, Kamatwade Rd, opp. DGP Nagar, Murari Nagar, Nashik, Maharashtra 422010, India</SimpleData>
		<SimpleData name="Latitude">19.971575</SimpleData>
		<SimpleData name="Longitude">73.7451368</SimpleData>
		<SimpleData name="Rating">1.8</SimpleData>
		<SimpleData name="Place_ID">ChIJXdmOCQDt3TsRxZsJYu22G7M</SimpleData>
		<SimpleData name="Distance_m">1242</SimpleData>
		<SimpleData name="Source_File">Nashik_CIDCO_warehouses.xlsx</SimpleData>
	</SchemaData></ExtendedData>
      <Point><coordinates>73.7451368,19.971575</coordinates></Point>
  </Placemark>
  <Placemark id="warehouses.37">
	<name>ceat tyres godown</name>
	<ExtendedData><SchemaData schemaUrl="#warehouses">
		<SimpleData name="Category">storage</SimpleData>
		<SimpleData name="Address">XQ73+2C4, Saigram Nagar, Upendra Nagar Colony, Nashik, Maharashtra 422010, India</SimpleData>
		<SimpleData name="Latitude">19.9625177</SimpleData>
		<SimpleData name="Longitude">73.7535776</SimpleData>
		<SimpleData name="Rating">4.5</SimpleData>
		<SimpleData name="Place_ID">ChIJKzHKUlfr3TsR83KHNAHOBss</SimpleData>
		<SimpleData name="Distance_m">2187</SimpleData>
		<SimpleData name="Source_File">Nashik_Pathardi_Phata_warehouses.xlsx</SimpleData>
	</SchemaData></ExtendedData>
      <Point><coordinates>73.7535776,19.9625177</coordinates></Point>
  </Placemark>
  <Placemark id="warehouses.38">
	<name>3m express godown</name>
	<ExtendedData><SchemaData schemaUrl="#warehouses">
		<SimpleData name="Category">storage</SimpleData>
		<SimpleData name="Address">XPFP+CJJ, Bajrang Nagar, Prof. Gorakhe Nagar, Nashik, Maharashtra 422010, India</SimpleData>
		<SimpleData name="Latitude">19.9744186</SimpleData>
		<SimpleData name="Longitude">73.7363053</SimpleData>
		<SimpleData name="Place_ID">ChIJqRg9SQDt3TsRremMlLs4bqo</SimpleData>
		<SimpleData name="Distance_m">2973</SimpleData>
		<SimpleData name="Source_File">Nashik_Satpur_warehouses.xlsx</SimpleData>
	</SchemaData></ExtendedData>
      <Point><coordinates>73.7363053,19.9744186</coordinates></Point>
  </Placemark>
  <Placemark id="warehouses.39">
	<name>Commercial space for rent</name>
	<ExtendedData><SchemaData schemaUrl="#warehouses">
		<SimpleData name="Category">store</SimpleData>
		<SimpleData name="Address">165, DGP Nagar 2, DGP Nagar, Nashik, Maharashtra 422010, India</SimpleData>
		<SimpleData name="Latitude">19.9715061</SimpleData>
		<SimpleData name="Longitude">73.7465256</SimpleData>
		<SimpleData name="Place_ID">ChIJjzklFvXt3TsRVnt1BDR5vUw</SimpleData>
		<SimpleData name="Distance_m">3677</SimpleData>
		<SimpleData name="Source_File">Nashik_Indira_Nagar_warehouses.xlsx</SimpleData>
	</SchemaData></ExtendedData>
      <Point><coordinates>73.7465256,19.9715061</coordinates></Point>
  </Placemark>
  <Placemark id="warehouses.40">
	<name>SPC logistics godown</name>
	<ExtendedData><SchemaData schemaUrl="#warehouses">
		<SimpleData name="Category">transportation_service</SimpleData>
		<SimpleData name="Address">Shop Number 1, Bhakti Sagar Appartment, Ambad-Trimurti Chowk Link Rd, Abhiyanta Nagar, Nashik, Maharashtra 422008, India</SimpleData>
		<SimpleData name="Latitude">19.9781869</SimpleData>
		<SimpleData name="Longitude">73.75519</SimpleData>
		<SimpleData name="Rating">1</SimpleData>
		<SimpleData name="Place_ID">ChIJ24BHQSfr3TsRajpcMn4cZgA</SimpleData>
		<SimpleData name="Distance_m">1073</SimpleData>
		<SimpleData name="Source_File">Nashik_Ambad_warehouses.xlsx</SimpleData>
	</SchemaData></ExtendedData>
      <Point><coordinates>73.75519,19.9781869</coordinates></Point>
  </Placemark>
  <Placemark id="warehouses.41">
	<name>STEEL YARD GODOWN</name>
	<ExtendedData><SchemaData schemaUrl="#warehouses">
		<SimpleData name="Category">wholesaler</SimpleData>
		<SimpleData name="Address">XPCQ+F4J, Fadol Mala, Ekdant Nagar, Nashik, Maharashtra 422010, India</SimpleData>
		<SimpleData name="Latitude">19.9712242</SimpleData>
		<SimpleData name="Longitude">73.737775</SimpleData>
		<SimpleData name="Place_ID">ChIJgxahcQDt3TsRvEcqiuugMr4</SimpleData>
		<SimpleData name="Distance_m">3351</SimpleData>
		<SimpleData name="Source_File">Nashik_Satpur_warehouses.xlsx</SimpleData>
	</SchemaData></ExtendedData>
      <Point><coordinates>73.737775,19.9712242</coordinates></Point>
  </Placemark>
  <Placemark id="warehouses.42">
	<name>Nashik logistics</name>
	<ExtendedData><SchemaData schemaUrl="#warehouses">
		<SimpleData name="Category">courier_service</SimpleData>
		<SimpleData name="Address">XQJJ+VX3, Mumbai Naka, Govind Nagar, Nashik, Maharashtra 422009, India</SimpleData>
		<SimpleData name="Latitude">19.9821448</SimpleData>
		<SimpleData name="Longitude">73.7824175</SimpleData>
		<SimpleData name="Rating">4.5</SimpleData>
		<SimpleData name="Place_ID">ChIJ6aJobnbr3TsRQD9yoePf5iI</SimpleData>
		<SimpleData name="Distance_m">3340</SimpleData>
		<SimpleData name="Source_File">Nashik_College_Road_warehouses.xlsx</SimpleData>
	</SchemaData></ExtendedData>
      <Point><coordinates>73.7824175,19.9821448</coordinates></Point>
  </Placemark>
  <Placemark id="warehouses.43">
	<name>Delhivery Courier Nashik(Collection Center) - Durva Enterprise</name>
	<ExtendedData><SchemaData schemaUrl="#warehouses">
		<SimpleData name="Category">courier_service</SimpleData>
		<SimpleData name="Address">Shop No 56, Ground Floor, Roongta Shopping Hub National Highway, 3, Madhumangal Rd, Suchita Nagar, Kamod Nagar, Indira Nagar, Nashik, Maharashtra 422009, India</SimpleData>
		<SimpleData name="Latitude">19.9783942</SimpleData>
		<SimpleData name="Longitude">73.780041</SimpleData>
		<SimpleData name="Rating">1.6</SimpleData>
		<SimpleData name="Place_ID">ChIJLQZDHoLr3TsRgAEMxZ1zQP4</SimpleData>
		<SimpleData name="Distance_m">699</SimpleData>
		<SimpleData name="Source_File">Nashik_Indira_Nagar_warehouses.xlsx</SimpleData>
	</SchemaData></ExtendedData>
      <Point><coordinates>73.780041,19.9783942</coordinates></Point>
  </Placemark>
  <Placemark id="warehouses.44">
	<name>Usha Trading Company Godrej Interio</name>
	<ExtendedData><SchemaData schemaUrl="#warehouses">
		<SimpleData name="Category">manufacturer</SimpleData>
		<SimpleData name="Address">Shraddha Complex, Poona Road, near Inox (Vijay-Mamta)Theater, Narhar Nagar, Nashik Road, Nashik, Maharashtra 422006, India</SimpleData>
		<SimpleData name="Latitude">19.9772158</SimpleData>
		<SimpleData name="Longitude">73.8093191</SimpleData>
		<SimpleData name="Rating">4.3</SimpleData>
		<SimpleData name="Place_ID">ChIJ6Swv_8Lq3TsR73DJGxitQaU</SimpleData>
		<SimpleData name="Distance_m">1861</SimpleData>
		<SimpleData name="Source_File">Nashik_Dwarka_warehouses.xlsx</SimpleData>
	</SchemaData></ExtendedData>
      <Point><coordinates>73.8093191,19.9772158</coordinates></Point>
  </Placemark>
  <Placemark id="warehouses.45">
	<name>NMC Jakat Godown</name>
	<ExtendedData><SchemaData schemaUrl="#warehouses">
		<SimpleData name="Category">premise</SimpleData>
		<SimpleData name="Address">NMC Jakat Godown, National Hwy 3 Service Rd, Mumbai Naka, Gaikwad Nagar, Nashik, Maharashtra 422002, India</SimpleData>
		<SimpleData name="Latitude">19.9865966</SimpleData>
		<SimpleData name="Longitude">73.7836836</SimpleData>
		<SimpleData name="Place_ID">ChIJLdPRhRrr3TsRTi24EESHEkQ</SimpleData>
		<SimpleData name="Distance_m">1603</SimpleData>
		<SimpleData name="Source_File">Nashik_Indira_Nagar_warehouses.xlsx</SimpleData>
	</SchemaData></ExtendedData>
      <Point><coordinates>73.7836836,19.9865966</coordinates></Point>
  </Placemark>
  <Placemark id="warehouses.46">
	<name>CJ Darcl Logistics Ltd.</name>
	<ExtendedData><SchemaData schemaUrl="#warehouses">
		<SimpleData name="Category">service</SimpleData>
		<SimpleData name="Address">Digvijay HSG Society, B-17, near Bodhalenagar, Bodhale Nagar, RTO Colony, Nashik, Maharashtra 422011, India</SimpleData>
		<SimpleData name="Latitude">19.9819676</SimpleData>
		<SimpleData name="Longitude">73.8067136</SimpleData>
		<SimpleData name="Rating">5</SimpleData>
		<SimpleData name="Place_ID">ChIJPQQmxKDr3TsRRJIAlqJ6MxQ</SimpleData>
		<SimpleData name="Distance_m">1277</SimpleData>
		<SimpleData name="Source_File">Nashik_Dwarka_warehouses.xlsx</SimpleData>
	</SchemaData></ExtendedData>
      <Point><coordinates>73.8067136,19.9819676</coordinates></Point>
  </Placemark>
  <Placemark id="warehouses.47">
	<name>Hind refrigeration</name>
	<ExtendedData><SchemaData schemaUrl="#warehouses">
		<SimpleData name="Category">service</SimpleData>
		<SimpleData name="Address">Ali shan society, Wadala Rd, near Ashok hospital, Jaydeep Nagar, Mamta Nagar, Kalpataru Nagar, Nashik, Maharashtra 422006, India</SimpleData>
		<SimpleData name="Latitude">19.980867</SimpleData>
		<SimpleData name="Longitude">73.792448</SimpleData>
		<SimpleData name="Place_ID">ChIJZSKO4Dzr3TsRvMsXosvPO5E</SimpleData>
		<SimpleData name="Distance_m">2415</SimpleData>
		<SimpleData name="Source_File">Nashik_Wadala_Road_warehouses.xlsx</SimpleData>
	</SchemaData></ExtendedData>
      <Point><coordinates>73.792448,19.980867</coordinates></Point>
  </Placemark>
  <Placemark id="warehouses.48">
	<name>Navneet Enterprises Warehouse</name>
	<ExtendedData><SchemaData schemaUrl="#warehouses">
		<SimpleData name="Category">storage</SimpleData>
		<SimpleData name="Address">XRM3+83M, Ganesh Baba Nagar, Nashik, Maharashtra 422011, India</SimpleData>
		<SimpleData name="Latitude">19.9824643</SimpleData>
		<SimpleData name="Longitude">73.8028954</SimpleData>
		<SimpleData name="Rating">4.6</SimpleData>
		<SimpleData name="Place_ID">ChIJ254tGNLr3TsReF-BvTT9GtI</SimpleData>
		<SimpleData name="Distance_m">1186</SimpleData>
		<SimpleData name="Source_File">Nashik_Dwarka_warehouses.xlsx</SimpleData>
	</SchemaData></ExtendedData>
      <Point><coordinates>73.8028954,19.9824643</coordinates></Point>
  </Placemark>
  <Placemark id="warehouses.49">
	<name>Interior Innovation Warehouse</name>
	<ExtendedData><SchemaData schemaUrl="#warehouses">
		<SimpleData name="Category">storage</SimpleData>
		<SimpleData name="Address">Ground floor, opp. Suvichar hospital, Bodhale Nagar, Ganesh Baba Nagar, Nashik, Maharashtra 422011, India</SimpleData>
		<SimpleData name="Latitude">19.9826757</SimpleData>
		<SimpleData name="Longitude">73.802899</SimpleData>
		<SimpleData name="Place_ID">ChIJq-kqqyfr3TsRywqb42kUvFk</SimpleData>
		<SimpleData name="Distance_m">1162</SimpleData>
		<SimpleData name="Source_File">Nashik_Dwarka_warehouses.xlsx</SimpleData>
	</SchemaData></ExtendedData>
      <Point><coordinates>73.802899,19.9826757</coordinates></Point>
  </Placemark>
  <Placemark id="warehouses.50">
	<name>Rudra Godown</name>
	<ExtendedData><SchemaData schemaUrl="#warehouses">
		<SimpleData name="Category">storage</SimpleData>
		<SimpleData name="Address">Bank of India Colony, Plot no 8, Pujya Sri Sri Ravishankar Marg, near K.K. Wagh Universal School - Top CBSE School In, Nashik Road, Nashik, Maharashtra 422006, India</SimpleData>
		<SimpleData name="Latitude">19.9714484</SimpleData>
		<SimpleData name="Longitude">73.8027918</SimpleData>
		<SimpleData name="Rating">4.6</SimpleData>
		<SimpleData name="Place_ID">ChIJl0lidgDr3TsRqC6ZKjDO-zY</SimpleData>
		<SimpleData name="Distance_m">2409</SimpleData>
		<SimpleData name="Source_File">Nashik_Dwarka_warehouses.xlsx</SimpleData>
	</SchemaData></ExtendedData>
      <Point><coordinates>73.8027918,19.9714484</coordinates></Point>
  </Placemark>
  <Placemark id="warehouses.51">
	<name>Priti mashi home</name>
	<ExtendedData><SchemaData schemaUrl="#warehouses">
		<SimpleData name="Category">storage</SimpleData>
		<SimpleData name="Address">1, Gajanan Maharaj Mandir Rd, Kamod Nagar, Indira Nagar, Nashik, Maharashtra 422009, India</SimpleData>
		<SimpleData name="Latitude">19.9778804</SimpleData>
		<SimpleData name="Longitude">73.7816527</SimpleData>
		<SimpleData name="Place_ID">ChIJqenoD9Hr3TsR2IU4VOovpKs</SimpleData>
		<SimpleData name="Distance_m">621</SimpleData>
		<SimpleData name="Source_File">Nashik_Indira_Nagar_warehouses.xlsx</SimpleData>
	</SchemaData></ExtendedData>
      <Point><coordinates>73.7816527,19.9778804</coordinates></Point>
  </Placemark>
  <Placemark id="warehouses.52">
	<name>House of MADS</name>
	<ExtendedData><SchemaData schemaUrl="#warehouses">
		<SimpleData name="Category">storage</SimpleData>
		<SimpleData name="Address">XQJM+3M5, Deepali Nagar, Nashik, Maharashtra 422009, India</SimpleData>
		<SimpleData name="Latitude">19.9801422</SimpleData>
		<SimpleData name="Longitude">73.784226</SimpleData>
		<SimpleData name="Place_ID">ChIJJW-MegDr3TsRsrp4Gwc6Vso</SimpleData>
		<SimpleData name="Distance_m">911</SimpleData>
		<SimpleData name="Source_File">Nashik_Indira_Nagar_warehouses.xlsx</SimpleData>
	</SchemaData></ExtendedData>
      <Point><coordinates>73.784226,19.9801422</coordinates></Point>
  </Placemark>
  <Placemark id="warehouses.53">
	<name>Shri Mangal Karyalay Nasik</name>
	<ExtendedData><SchemaData schemaUrl="#warehouses">
		<SimpleData name="Category">storage</SimpleData>
		<SimpleData name="Address">XQJP+R7X, Deepali Nagar, Nashik, Maharashtra 422009, India</SimpleData>
		<SimpleData name="Latitude">19.9821125</SimpleData>
		<SimpleData name="Longitude">73.7857344</SimpleData>
		<SimpleData name="Rating">4</SimpleData>
		<SimpleData name="Place_ID">ChIJJ2nZKTzr3TsRweoPtCbUDW8</SimpleData>
		<SimpleData name="Distance_m">1170</SimpleData>
		<SimpleData name="Source_File">Nashik_Indira_Nagar_warehouses.xlsx</SimpleData>
	</SchemaData></ExtendedData>
      <Point><coordinates>73.7857344,19.9821125</coordinates></Point>
  </Placemark>
  <Placemark id="warehouses.54">
	<name>D. K. Lokwani</name>
	<ExtendedData><SchemaData schemaUrl="#warehouses">
		<SimpleData name="Category">storage</SimpleData>
		<SimpleData name="Address">Shop No 1/2 Govinda Heights, Before, Ashwini Hospital, Radha Vasudev Batavia Nagar, Govind Nagar, Nashik, Maharashtra 422009, India</SimpleData>
		<SimpleData name="Latitude">19.9858678</SimpleData>
		<SimpleData name="Longitude">73.7774925</SimpleData>
		<SimpleData name="Place_ID">ChIJVQR5ufXr3TsRmwJafztGPr8</SimpleData>
		<SimpleData name="Distance_m">1571</SimpleData>
		<SimpleData name="Source_File">Nashik_Indira_Nagar_warehouses.xlsx</SimpleData>
	</SchemaData></ExtendedData>
      <Point><coordinates>73.7774925,19.9858678</coordinates></Point>
  </Placemark>
  <Placemark id="warehouses.55">
	<name>A Manilal &amp; Sons</name>
	<ExtendedData><SchemaData schemaUrl="#warehouses">
		<SimpleData name="Category">storage</SimpleData>
		<SimpleData name="Address">Shop no 2, Hayasa apartment, Bhabha Nagar Rd, Mumbai Naka, Bhagwant Nagar, Dr.Homi Bhabha Nagar, Nashik, Maharashtra 422011, India</SimpleData>
		<SimpleData name="Latitude">19.9853537</SimpleData>
		<SimpleData name="Longitude">73.7889303</SimpleData>
		<SimpleData name="Rating">5</SimpleData>
		<SimpleData name="Place_ID">ChIJ620t1dvr3TsRtgDNYHHXQLU</SimpleData>
		<SimpleData name="Distance_m">522</SimpleData>
		<SimpleData name="Source_File">Nashik_Mumbai_Naka_warehouses.xlsx</SimpleData>
	</SchemaData></ExtendedData>
      <Point><coordinates>73.7889303,19.9853537</coordinates></Point>
  </Placemark>
  <Placemark id="warehouses.56">
	<name>ISKK</name>
	<ExtendedData><SchemaData schemaUrl="#warehouses">
		<SimpleData name="Category">storage</SimpleData>
		<SimpleData name="Address">2, Ashoka Marg, opp. BANK OF MAHARASHTRA, Kalpataru Nagar, Nashik, Maharashtra 422011, India</SimpleData>
		<SimpleData name="Latitude">19.979692</SimpleData>
		<SimpleData name="Longitude">73.80278</SimpleData>
		<SimpleData name="Rating">2.1</SimpleData>
		<SimpleData name="Place_ID">ChIJGUY-YQDr3TsRSTQ75wOS6OY</SimpleData>
		<SimpleData name="Distance_m">1423</SimpleData>
		<SimpleData name="Source_File">Nashik_Untwadi_warehouses.xlsx</SimpleData>
	</SchemaData></ExtendedData>
      <Point><coordinates>73.80278,19.979692</coordinates></Point>
  </Placemark>
  <Placemark id="warehouses.57">
	<name>SYB Enterprises Unit I</name>
	<ExtendedData><SchemaData schemaUrl="#warehouses">
		<SimpleData name="Category">store</SimpleData>
		<SimpleData name="Address">SYB Enterprises, Satyabhama Sankul, Wadala Rd, Vinay Nagar, Nashik, Maharashtra 422006, India</SimpleData>
		<SimpleData name="Latitude">19.98232</SimpleData>
		<SimpleData name="Longitude">73.7919767</SimpleData>
		<SimpleData name="Rating">4.9</SimpleData>
		<SimpleData name="Place_ID">ChIJAYgjwDPr3TsRSlRqpsVevR8</SimpleData>
		<SimpleData name="Distance_m">1548</SimpleData>
		<SimpleData name="Source_File">Nashik_Indira_Nagar_warehouses.xlsx</SimpleData>
	</SchemaData></ExtendedData>
      <Point><coordinates>73.7919767,19.98232</coordinates></Point>
  </Placemark>
  <Placemark id="warehouses.58">
	<name>Nilkanth Stationery &amp; Xerox</name>
	<ExtendedData><SchemaData schemaUrl="#warehouses">
		<SimpleData name="Category">store</SimpleData>
		<SimpleData name="Address">Opp. Mahila Bank, 6, Prestige Appartment, Mandir Rd, Kamod Nagar, Indira Nagar, Nashik, Maharashtra 422009, India</SimpleData>
		<SimpleData name="Latitude">19.9775161</SimpleData>
		<SimpleData name="Longitude">73.7816744</SimpleData>
		<SimpleData name="Rating">4.3</SimpleData>
		<SimpleData name="Place_ID">ChIJ-YLu4Bfr3TsR3T_4UZQ_L2M</SimpleData>
		<SimpleData name="Distance_m">580</SimpleData>
		<SimpleData name="Source_File">Nashik_Indira_Nagar_warehouses.xlsx</SimpleData>
	</SchemaData></ExtendedData>
      <Point><coordinates>73.7816744,19.9775161</coordinates></Point>
  </Placemark>
  <Placemark id="warehouses.59">
	<name>Deep Relocation - Packers and Movers in Nashik</name>
	<ExtendedData><SchemaData schemaUrl="#warehouses">
		<SimpleData name="Category">transportation_service</SimpleData>
		<SimpleData name="Address">Nashik Pune Road Flat no.:15, Yashoda Society Siddhartha hotel, Vasant Colony, behind Samaj Kalyan, Gulshan Colony, Nashik, Maharashtra 422011, India</SimpleData>
		<SimpleData name="Latitude">19.9859117</SimpleData>
		<SimpleData name="Longitude">73.8004107</SimpleData>
		<SimpleData name="Rating">4.8</SimpleData>
		<SimpleData name="Place_ID">ChIJgy7q2Abr3TsRxCRgvREGtGc</SimpleData>
		<SimpleData name="Distance_m">870</SimpleData>
		<SimpleData name="Source_File">Nashik_Dwarka_warehouses.xlsx</SimpleData>
	</SchemaData></ExtendedData>
      <Point><coordinates>73.8004107,19.9859117</coordinates></Point>
  </Placemark>
  <Placemark id="warehouses.60">
	<name>HGT TRANSPORT AND CARRIER</name>
	<ExtendedData><SchemaData schemaUrl="#warehouses">
		<SimpleData name="Category">transportation_service</SimpleData>
		<SimpleData name="Address">Flat 101, Shree Swami Building, Shivaji Road, near In Metro Mall, opp. Dream City, Ashirvad Nagar, RTO Colony, Nashik, Maharashtra 422011, India</SimpleData>
		<SimpleData name="Latitude">19.9827835</SimpleData>
		<SimpleData name="Longitude">73.8093506</SimpleData>
		<SimpleData name="Rating">4.9</SimpleData>
		<SimpleData name="Place_ID">ChIJ2e6elrTq3TsRGMwB4CrKrBA</SimpleData>
		<SimpleData name="Distance_m">1290</SimpleData>
		<SimpleData name="Source_File">Nashik_Dwarka_warehouses.xlsx</SimpleData>
	</SchemaData></ExtendedData>
      <Point><coordinates>73.8093506,19.9827835</coordinates></Point>
  </Placemark>
  <Placemark id="warehouses.61">
	<name>Balaji Logistics</name>
	<ExtendedData><SchemaData schemaUrl="#warehouses">
		<SimpleData name="Category">transportation_service</SimpleData>
		<SimpleData name="Address">Mumbai Naka, Plot No. 5, Kaut Ghat Rd, Bhabha Nagar, Mumbai Naka, Bhagwant Nagar, Dr.Homi Bhabha Nagar, Nashik, Maharashtra 422011, India</SimpleData>
		<SimpleData name="Latitude">19.985422</SimpleData>
		<SimpleData name="Longitude">73.7889469</SimpleData>
		<SimpleData name="Rating">4.1</SimpleData>
		<SimpleData name="Place_ID">ChIJxQt-ihvr3TsR1Wc57GCgnZ8</SimpleData>
		<SimpleData name="Distance_m">520</SimpleData>
		<SimpleData name="Source_File">Nashik_Mumbai_Naka_warehouses.xlsx</SimpleData>
	</SchemaData></ExtendedData>
      <Point><coordinates>73.7889469,19.985422</coordinates></Point>
  </Placemark>
  <Placemark id="warehouses.62">
	<name>SASANE HOUSE</name>
	<ExtendedData><SchemaData schemaUrl="#warehouses">
		<SimpleData name="Category">storage</SimpleData>
		<SimpleData name="Address">XRQ8+7F7, Samta Nagar, Nashik, Maharashtra 422006, India</SimpleData>
		<SimpleData name="Latitude">19.9881655</SimpleData>
		<SimpleData name="Longitude">73.816217</SimpleData>
		<SimpleData name="Rating">5</SimpleData>
		<SimpleData name="Place_ID">ChIJvcOV-jzr3TsRQXj_nNzLpwg</SimpleData>
		<SimpleData name="Distance_m">1418</SimpleData>
		<SimpleData name="Source_File">Nashik_Dwarka_warehouses.xlsx</SimpleData>
	</SchemaData></ExtendedData>
      <Point><coordinates>73.816217,19.9881655</coordinates></Point>
  </Placemark>
  <Placemark id="warehouses.63">
	<name>JYOTI RESINS &amp; ADHESIVES LTD</name>
	<ExtendedData><SchemaData schemaUrl="#warehouses">
		<SimpleData name="Category">storage</SimpleData>
		<SimpleData name="Address">XRQ2+6QJ, Dwarka, Nashik, Maharashtra 422011, India</SimpleData>
		<SimpleData name="Latitude">19.9880892</SimpleData>
		<SimpleData name="Longitude">73.8019044</SimpleData>
		<SimpleData name="Rating">5</SimpleData>
		<SimpleData name="Place_ID">ChIJ97hjYeTq3TsRBCuJsV9pGfE</SimpleData>
		<SimpleData name="Distance_m">588</SimpleData>
		<SimpleData name="Source_File">Nashik_Dwarka_warehouses.xlsx</SimpleData>
	</SchemaData></ExtendedData>
      <Point><coordinates>73.8019044,19.9880892</coordinates></Point>
  </Placemark>
  <Placemark id="warehouses.64">
	<name>Cidco nashik</name>
	<ExtendedData><SchemaData schemaUrl="#warehouses">
		<SimpleData name="Category">association_or_organization</SimpleData>
		<SimpleData name="Address">XQM4+J4P, Trimurti Chowk, Cidco, Durganagar, Nashik, Maharashtra 422008, India</SimpleData>
		<SimpleData name="Latitude">19.9840804</SimpleData>
		<SimpleData name="Longitude">73.7553243</SimpleData>
		<SimpleData name="Rating">4.4</SimpleData>
		<SimpleData name="Place_ID">ChIJ15XVRwDr3TsR--iJb_4EgV0</SimpleData>
		<SimpleData name="Distance_m">1333</SimpleData>
		<SimpleData name="Source_File">Nashik_CIDCO_warehouses.xlsx</SimpleData>
	</SchemaData></ExtendedData>
      <Point><coordinates>73.7553243,19.9840804</coordinates></Point>
  </Placemark>
  <Placemark id="warehouses.65">
	<name>O.S.O GROUP SOUND&amp;LIGHTS ZONE</name>
	<ExtendedData><SchemaData schemaUrl="#warehouses">
		<SimpleData name="Category">storage</SimpleData>
		<SimpleData name="Address">XQH6+7JJ, Khode Nagar, Tirumla Nagar, Kalpataru Nagar, Nashik, Maharashtra 422009, India</SimpleData>
		<SimpleData name="Latitude">19.9782181</SimpleData>
		<SimpleData name="Longitude">73.761506</SimpleData>
		<SimpleData name="Rating">4</SimpleData>
		<SimpleData name="Place_ID">ChIJCcCTCQDr3TsRNbLZ1uKVGIw</SimpleData>
		<SimpleData name="Distance_m">818</SimpleData>
		<SimpleData name="Source_File">Nashik_CIDCO_warehouses.xlsx</SimpleData>
	</SchemaData></ExtendedData>
      <Point><coordinates>73.761506,19.9782181</coordinates></Point>
  </Placemark>
  <Placemark id="warehouses.66">
	<name>GMR Godown</name>
	<ExtendedData><SchemaData schemaUrl="#warehouses">
		<SimpleData name="Category">storage</SimpleData>
		<SimpleData name="Address">XPJX+XR5, Khutawad Nagar, Nashik, Maharashtra 422008, India</SimpleData>
		<SimpleData name="Latitude">19.9823786</SimpleData>
		<SimpleData name="Longitude">73.7495966</SimpleData>
		<SimpleData name="Rating">3</SimpleData>
		<SimpleData name="Place_ID">ChIJkTno4U7r3TsRXtzPILm6aJI</SimpleData>
		<SimpleData name="Distance_m">1371</SimpleData>
		<SimpleData name="Source_File">Nashik_CIDCO_warehouses.xlsx</SimpleData>
	</SchemaData></ExtendedData>
      <Point><coordinates>73.7495966,19.9823786</coordinates></Point>
  </Placemark>
  <Placemark id="warehouses.67">
	<name>Nitco Logistics Pvt. Ltd.</name>
	<ExtendedData><SchemaData schemaUrl="#warehouses">
		<SimpleData name="Category">transportation_service</SimpleData>
		<SimpleData name="Address">Khutwad House, Plot No-292, Survey No. 36, near I.T.I Bridge, Shivshakti Nagar, Nashik, Maharashtra 422008, India</SimpleData>
		<SimpleData name="Latitude">19.987906</SimpleData>
		<SimpleData name="Longitude">73.754284</SimpleData>
		<SimpleData name="Rating">2.9</SimpleData>
		<SimpleData name="Place_ID">ChIJIWu6Z3vr3TsROS4Bz5vb_e4</SimpleData>
		<SimpleData name="Distance_m">1769</SimpleData>
		<SimpleData name="Source_File">Nashik_CIDCO_warehouses.xlsx</SimpleData>
	</SchemaData></ExtendedData>
      <Point><coordinates>73.754284,19.987906</coordinates></Point>
  </Placemark>
  <Placemark id="warehouses.68">
	<name>The Choupaal</name>
	<ExtendedData><SchemaData schemaUrl="#warehouses">
		<SimpleData name="Category">corporate_office</SimpleData>
		<SimpleData name="Address">Mahesh Nagar, Mumbai Naka, Tidke Colony, Nashik, Maharashtra 422002, India</SimpleData>
		<SimpleData name="Latitude">19.9905144</SimpleData>
		<SimpleData name="Longitude">73.7761676</SimpleData>
		<SimpleData name="Rating">5</SimpleData>
		<SimpleData name="Place_ID">ChIJzSgxo93r3TsRr16aReSOLDo</SimpleData>
		<SimpleData name="Distance_m">935</SimpleData>
		<SimpleData name="Source_File">Nashik_Mumbai_Naka_warehouses.xlsx</SimpleData>
	</SchemaData></ExtendedData>
      <Point><coordinates>73.7761676,19.9905144</coordinates></Point>
  </Placemark>
  <Placemark id="warehouses.69">
	<name>SPACES by Baphana</name>
	<ExtendedData><SchemaData schemaUrl="#warehouses">
		<SimpleData name="Category">storage</SimpleData>
		<SimpleData name="Address">Office No.22, Business Bay, Shri Hari Kute Marg, Mumbai Naka, Matoshree Nagar, Nashik, Maharashtra 422002, India</SimpleData>
		<SimpleData name="Latitude">19.9907919</SimpleData>
		<SimpleData name="Longitude">73.7796042</SimpleData>
		<SimpleData name="Rating">5</SimpleData>
		<SimpleData name="Place_ID">ChIJ1ap2Vfrr3TsRX4433diCAHA</SimpleData>
		<SimpleData name="Distance_m">3139</SimpleData>
		<SimpleData name="Source_File">Nashik_CIDCO_warehouses.xlsx</SimpleData>
	</SchemaData></ExtendedData>
      <Point><coordinates>73.7796042,19.9907919</coordinates></Point>
  </Placemark>
  <Placemark id="warehouses.70">
	<name>SHAH GROUP WAREHOUSE</name>
	<ExtendedData><SchemaData schemaUrl="#warehouses">
		<SimpleData name="Category">storage</SimpleData>
		<SimpleData name="Address">XQQJ+QQ8, Mumbai Naka, Matoshree Nagar, Nashik, Maharashtra 422002, India</SimpleData>
		<SimpleData name="Latitude">19.9894107</SimpleData>
		<SimpleData name="Longitude">73.7819447</SimpleData>
		<SimpleData name="Place_ID">ChIJZUI2CgDr3TsR7t7rI3k5OjY</SimpleData>
		<SimpleData name="Distance_m">2310</SimpleData>
		<SimpleData name="Source_File">Nashik_Dwarka_warehouses.xlsx</SimpleData>
	</SchemaData></ExtendedData>
      <Point><coordinates>73.7819447,19.9894107</coordinates></Point>
  </Placemark>
  <Placemark id="warehouses.71">
	<name>Baphana Warehousing Pvt. Ltd. City office</name>
	<ExtendedData><SchemaData schemaUrl="#warehouses">
		<SimpleData name="Category">storage</SimpleData>
		<SimpleData name="Address">XQRH+8V5, Shri Hari Kute Marg, Mumbai Naka, Matoshree Nagar, Nashik, Maharashtra 422002, India</SimpleData>
		<SimpleData name="Latitude">19.9907748</SimpleData>
		<SimpleData name="Longitude">73.779729</SimpleData>
		<SimpleData name="Rating">3</SimpleData>
		<SimpleData name="Place_ID">ChIJhRaCWADr3TsRedpBWmox5Ts</SimpleData>
		<SimpleData name="Distance_m">1030</SimpleData>
		<SimpleData name="Source_File">Nashik_Hanuman_Nagar_warehouses.xlsx</SimpleData>
	</SchemaData></ExtendedData>
      <Point><coordinates>73.779729,19.9907748</coordinates></Point>
  </Placemark>
  <Placemark id="warehouses.72">
	<name>Rekhi Group Warehousing</name>
	<ExtendedData><SchemaData schemaUrl="#warehouses">
		<SimpleData name="Category">storage</SimpleData>
		<SimpleData name="Address">Livin Square, Ahilyadevi Holkar Rd, Mumbai Naka, Renuka Nagar, Nashik, Maharashtra 422002, India</SimpleData>
		<SimpleData name="Latitude">19.9893772</SimpleData>
		<SimpleData name="Longitude">73.7793048</SimpleData>
		<SimpleData name="Place_ID">ChIJSywWwOLr3TsRLc5_GDkx9XU</SimpleData>
		<SimpleData name="Distance_m">1146</SimpleData>
		<SimpleData name="Source_File">Nashik_Hanuman_Nagar_warehouses.xlsx</SimpleData>
	</SchemaData></ExtendedData>
      <Point><coordinates>73.7793048,19.9893772</coordinates></Point>
  </Placemark>
  <Placemark id="warehouses.73">
	<name>CJ Darcl Logistics Limited</name>
	<ExtendedData><SchemaData schemaUrl="#warehouses">
		<SimpleData name="Category">courier_service</SimpleData>
		<SimpleData name="Address">Shop No. 32, Second Floor, Nivrutti Complex, Agra - Mumbai Hwy, Dwarka, Nashik, Maharashtra 422001, India</SimpleData>
		<SimpleData name="Latitude">19.9970653</SimpleData>
		<SimpleData name="Longitude">73.8012423</SimpleData>
		<SimpleData name="Rating">2.5</SimpleData>
		<SimpleData name="Place_ID">ChIJh21MUPnq3TsRJdTwr_pEOlo</SimpleData>
		<SimpleData name="Distance_m">510</SimpleData>
		<SimpleData name="Source_File">Nashik_Dwarka_warehouses.xlsx</SimpleData>
	</SchemaData></ExtendedData>
      <Point><coordinates>73.8012423,19.9970653</coordinates></Point>
  </Placemark>
  <Placemark id="warehouses.74">
	<name>Anjali Plywoods New Godown</name>
	<ExtendedData><SchemaData schemaUrl="#warehouses">
		<SimpleData name="Category">general_contractor</SimpleData>
		<SimpleData name="Address">Kathe Ln, nr. Vigor Ventures, General Vaidya Nagar, Nashik, Maharashtra 422011, India</SimpleData>
		<SimpleData name="Latitude">19.9906641</SimpleData>
		<SimpleData name="Longitude">73.798453</SimpleData>
		<SimpleData name="Rating">4.7</SimpleData>
		<SimpleData name="Place_ID">ChIJhaSU-s_r3TsRLX9TeoNgiNU</SimpleData>
		<SimpleData name="Distance_m">612</SimpleData>
		<SimpleData name="Source_File">Nashik_Dwarka_warehouses.xlsx</SimpleData>
	</SchemaData></ExtendedData>
      <Point><coordinates>73.798453,19.9906641</coordinates></Point>
  </Placemark>
  <Placemark id="warehouses.75">
	<name>Fatema Trading Co. (Hardware Store)</name>
	<ExtendedData><SchemaData schemaUrl="#warehouses">
		<SimpleData name="Category">hardware_store</SimpleData>
		<SimpleData name="Address">Janki Plaza, Circle, Nashik - Pune Hwy, Near Dwarka, Dwarka, Nashik, Maharashtra 422001, India</SimpleData>
		<SimpleData name="Latitude">19.9925454</SimpleData>
		<SimpleData name="Longitude">73.7975418</SimpleData>
		<SimpleData name="Rating">4.2</SimpleData>
		<SimpleData name="Place_ID">ChIJRaaGB_3q3TsRbfyoxfQ8b2Q</SimpleData>
		<SimpleData name="Distance_m">646</SimpleData>
		<SimpleData name="Source_File">Nashik_Dwarka_warehouses.xlsx</SimpleData>
	</SchemaData></ExtendedData>
      <Point><coordinates>73.7975418,19.9925454</coordinates></Point>
  </Placemark>
  <Placemark id="warehouses.76">
	<name>Cold Connect-Best Website Design Agency, Best Marketing Agency- Trusted by over 100+ Busienss</name>
	<ExtendedData><SchemaData schemaUrl="#warehouses">
		<SimpleData name="Category">service</SimpleData>
		<SimpleData name="Address">Flat no 5, Mathura Tower, service Road, above Seva Transport, Mumbai Naka, Mirajkar Nagar, Dwarka, Nashik, Maharashtra 422001, India</SimpleData>
		<SimpleData name="Latitude">19.9917253</SimpleData>
		<SimpleData name="Longitude">73.793284</SimpleData>
		<SimpleData name="Rating">5</SimpleData>
		<SimpleData name="Place_ID">ChIJAb3oDfvr3TsRn_3dHGjf_S8</SimpleData>
		<SimpleData name="Distance_m">618</SimpleData>
		<SimpleData name="Source_File">Nashik_Hanuman_Nagar_warehouses.xlsx</SimpleData>
	</SchemaData></ExtendedData>
      <Point><coordinates>73.793284,19.9917253</coordinates></Point>
  </Placemark>
  <Placemark id="warehouses.77">
	<name>Home</name>
	<ExtendedData><SchemaData schemaUrl="#warehouses">
		<SimpleData name="Category">storage</SimpleData>
		<SimpleData name="Address">XRV2+V2M, Maneksha Nagar, Dwarka, Nashik, Maharashtra 422011, India</SimpleData>
		<SimpleData name="Latitude">19.994719</SimpleData>
		<SimpleData name="Longitude">73.8000574</SimpleData>
		<SimpleData name="Place_ID">ChIJC-Mx5RLr3TsRAjuiLHPloIY</SimpleData>
		<SimpleData name="Distance_m">421</SimpleData>
		<SimpleData name="Source_File">Nashik_Dwarka_warehouses.xlsx</SimpleData>
	</SchemaData></ExtendedData>
      <Point><coordinates>73.8000574,19.994719</coordinates></Point>
  </Placemark>
  <Placemark id="warehouses.78">
	<name>VECTOR LOGISTICS</name>
	<ExtendedData><SchemaData schemaUrl="#warehouses">
		<SimpleData name="Category">storage</SimpleData>
		<SimpleData name="Address">Nanavali, Nashik, Maharashtra 422001, India</SimpleData>
		<SimpleData name="Latitude">19.995424</SimpleData>
		<SimpleData name="Longitude">73.7988909</SimpleData>
		<SimpleData name="Place_ID">ChIJ8bZiO_zq3TsRgQn5b7V2f7c</SimpleData>
		<SimpleData name="Distance_m">565</SimpleData>
		<SimpleData name="Source_File">Nashik_Dwarka_warehouses.xlsx</SimpleData>
	</SchemaData></ExtendedData>
      <Point><coordinates>73.7988909,19.995424</coordinates></Point>
  </Placemark>
  <Placemark id="warehouses.79">
	<name>New Asrafi motars</name>
	<ExtendedData><SchemaData schemaUrl="#warehouses">
		<SimpleData name="Category">storage</SimpleData>
		<SimpleData name="Address">XQQP+HQW, Mumbai Naka, Renuka Nagar, Nashik, Maharashtra 422001, India</SimpleData>
		<SimpleData name="Latitude">19.9889995</SimpleData>
		<SimpleData name="Longitude">73.7869591</SimpleData>
		<SimpleData name="Place_ID">ChIJYe-OBFvr3TsRElODIlKAMVE</SimpleData>
		<SimpleData name="Distance_m">286</SimpleData>
		<SimpleData name="Source_File">Nashik_Mumbai_Naka_warehouses.xlsx</SimpleData>
	</SchemaData></ExtendedData>
      <Point><coordinates>73.7869591,19.9889995</coordinates></Point>
  </Placemark>
  <Placemark id="warehouses.80">
	<name>SADIK BHAI ENTERPRISES</name>
	<ExtendedData><SchemaData schemaUrl="#warehouses">
		<SimpleData name="Category">storage</SimpleData>
		<SimpleData name="Address">532, Lokhand Bazar, Koknipura, Nashik, Maharashtra 422001, India</SimpleData>
		<SimpleData name="Latitude">19.9959487</SimpleData>
		<SimpleData name="Longitude">73.7902039</SimpleData>
		<SimpleData name="Rating">1</SimpleData>
		<SimpleData name="Place_ID">ChIJdx4nCT_r3TsRBMpceI10yys</SimpleData>
		<SimpleData name="Distance_m">1088</SimpleData>
		<SimpleData name="Source_File">Nashik_Mumbai_Naka_warehouses.xlsx</SimpleData>
	</SchemaData></ExtendedData>
      <Point><coordinates>73.7902039,19.9959487</coordinates></Point>
  </Placemark>
  <Placemark id="warehouses.81">
	<name>Nashik Freshtrop plant</name>
	<ExtendedData><SchemaData schemaUrl="#warehouses">
		<SimpleData name="Category">storage</SimpleData>
		<SimpleData name="Address">XQXR+P2W, Doodh Bazar, Naikwadi Pura, Koknipura, Nashik, Maharashtra 422001, India</SimpleData>
		<SimpleData name="Latitude">19.9993631</SimpleData>
		<SimpleData name="Longitude">73.7900803</SimpleData>
		<SimpleData name="Place_ID">ChIJxd5OWADr3TsRcdk3L-AldR0</SimpleData>
		<SimpleData name="Distance_m">1143</SimpleData>
		<SimpleData name="Source_File">Nashik_Panchavati_warehouses.xlsx</SimpleData>
	</SchemaData></ExtendedData>
      <Point><coordinates>73.7900803,19.9993631</coordinates></Point>
  </Placemark>
  <Placemark id="warehouses.82">
	<name>GODAVARI TRANSPORT SERVICES</name>
	<ExtendedData><SchemaData schemaUrl="#warehouses">
		<SimpleData name="Category">transportation_service</SimpleData>
		<SimpleData name="Address">New, Agra - Mumbai Hwy, near Hotel Dwarka, Srimati Rangubai, Junnare Nagar, Nashik, Maharashtra 422001, India</SimpleData>
		<SimpleData name="Latitude">19.9953328</SimpleData>
		<SimpleData name="Longitude">73.7987196</SimpleData>
		<SimpleData name="Rating">4.3</SimpleData>
		<SimpleData name="Place_ID">ChIJB2xBIlfq3TsROAIJ1vj_iFw</SimpleData>
		<SimpleData name="Distance_m">577</SimpleData>
		<SimpleData name="Source_File">Nashik_Dwarka_warehouses.xlsx</SimpleData>
	</SchemaData></ExtendedData>
      <Point><coordinates>73.7987196,19.9953328</coordinates></Point>
  </Placemark>
  <Placemark id="warehouses.83">
	<name>Indian Trans Logistics- Nasik</name>
	<ExtendedData><SchemaData schemaUrl="#warehouses">
		<SimpleData name="Category">transportation_service</SimpleData>
		<SimpleData name="Address">HMT Tractor House, 2nd Floor, Mumbai Agra Road , Dwarka, Wadala Naka, Renuka Nagar, Nashik, Maharashtra 422001, India</SimpleData>
		<SimpleData name="Latitude">19.992777</SimpleData>
		<SimpleData name="Longitude">73.794207</SimpleData>
		<SimpleData name="Rating">5</SimpleData>
		<SimpleData name="Place_ID">ChIJd6HKhwLr3TsR1xOa1hh1g0Q</SimpleData>
		<SimpleData name="Distance_m">1152</SimpleData>
		<SimpleData name="Source_File">Nashik_Mumbai_Naka_warehouses.xlsx</SimpleData>
	</SchemaData></ExtendedData>
      <Point><coordinates>73.794207,19.992777</coordinates></Point>
  </Placemark>
  <Placemark id="warehouses.84">
	<name>BRC LOGISTIC</name>
	<ExtendedData><SchemaData schemaUrl="#warehouses">
		<SimpleData name="Category">transportation_service</SimpleData>
		<SimpleData name="Address">2923 ZIAUDDIN COMPOUND JAWAL NOORI CHOWK WADALA NAKA NASHIK, Old Nashik, Multanpura, Nashik, Maharashtra 422001, India</SimpleData>
		<SimpleData name="Latitude">19.998518</SimpleData>
		<SimpleData name="Longitude">73.7919103</SimpleData>
		<SimpleData name="Place_ID">ChIJq6qqqgHr3TsRttHhjwwkKPc</SimpleData>
		<SimpleData name="Distance_m">2808</SimpleData>
		<SimpleData name="Source_File">Nashik_Wadala_Road_warehouses.xlsx</SimpleData>
	</SchemaData></ExtendedData>
      <Point><coordinates>73.7919103,19.998518</coordinates></Point>
  </Placemark>
  <Placemark id="warehouses.85">
	<name>Lakshya Marketing (Godown)</name>
	<ExtendedData><SchemaData schemaUrl="#warehouses">
		<SimpleData name="Category">wholesaler</SimpleData>
		<SimpleData name="Address">Chauhan Niwas, 7, Nashik - Pune Rd, General Arun Kumar Vaidya Nagar, General Arun Kumar Vaidya Nagar, Dwarka, Nashik, Maharashtra 422011, India</SimpleData>
		<SimpleData name="Latitude">19.9896114</SimpleData>
		<SimpleData name="Longitude">73.7976699</SimpleData>
		<SimpleData name="Place_ID">ChIJS_kzXADr3TsR0hc6uZPm2qU</SimpleData>
		<SimpleData name="Distance_m">740</SimpleData>
		<SimpleData name="Source_File">Nashik_Dwarka_warehouses.xlsx</SimpleData>
	</SchemaData></ExtendedData>
      <Point><coordinates>73.7976699,19.9896114</coordinates></Point>
  </Placemark>
  <Placemark id="warehouses.86">
	<name>Mahadev Sales</name>
	<ExtendedData><SchemaData schemaUrl="#warehouses">
		<SimpleData name="Category">storage</SimpleData>
		<SimpleData name="Address">XRX5+96F, Takli Rd, Godavari MIDC, Dwarka, Nashik, Maharashtra 422011, India</SimpleData>
		<SimpleData name="Latitude">19.9986603</SimpleData>
		<SimpleData name="Longitude">73.8082295</SimpleData>
		<SimpleData name="Rating">5</SimpleData>
		<SimpleData name="Place_ID">ChIJw24EcgDr3TsR3kX-FLeQxuk</SimpleData>
		<SimpleData name="Distance_m">779</SimpleData>
		<SimpleData name="Source_File">Nashik_Dwarka_warehouses.xlsx</SimpleData>
	</SchemaData></ExtendedData>
      <Point><coordinates>73.8082295,19.9986603</coordinates></Point>
  </Placemark>
  <Placemark id="warehouses.87">
	<name>Sidharth commercial centre Depot</name>
	<ExtendedData><SchemaData schemaUrl="#warehouses">
		<SimpleData name="Category">storage</SimpleData>
		<SimpleData name="Address">Lucky water beverage, 15/410/4/52, near Dwarka Circle, Godavari MIDC, Dwarka, Nashik, Maharashtra 422011, India</SimpleData>
		<SimpleData name="Latitude">19.9995597</SimpleData>
		<SimpleData name="Longitude">73.806202</SimpleData>
		<SimpleData name="Place_ID">ChIJPdjUIQDr3TsRyJe1lVFax4k</SimpleData>
		<SimpleData name="Distance_m">764</SimpleData>
		<SimpleData name="Source_File">Nashik_Dwarka_warehouses.xlsx</SimpleData>
	</SchemaData></ExtendedData>
      <Point><coordinates>73.806202,19.9995597</coordinates></Point>
  </Placemark>
  <Placemark id="warehouses.88">
	<name>NIVRUTTI INDUSTRIAL ESTATE, ???????? ??????????? ??????</name>
	<ExtendedData><SchemaData schemaUrl="#warehouses">
		<SimpleData name="Category">storage</SimpleData>
		<SimpleData name="Address">XRX5+47C, Godavari MIDC, Dwarka, Nashik, Maharashtra 422011, India</SimpleData>
		<SimpleData name="Latitude">19.9978007</SimpleData>
		<SimpleData name="Longitude">73.8081464</SimpleData>
		<SimpleData name="Rating">4.8</SimpleData>
		<SimpleData name="Place_ID">ChIJPx6ChZbr3TsRsLxsSaI91iM</SimpleData>
		<SimpleData name="Distance_m">699</SimpleData>
		<SimpleData name="Source_File">Nashik_Dwarka_warehouses.xlsx</SimpleData>
	</SchemaData></ExtendedData>
      <Point><coordinates>73.8081464,19.9978007</coordinates></Point>
  </Placemark>
  <Placemark id="warehouses.89">
	<name>Hudda Auto Industries</name>
	<ExtendedData><SchemaData schemaUrl="#warehouses">
		<SimpleData name="Category">storage</SimpleData>
		<SimpleData name="Address">Plot no 3 tapovan road tigrania, road, Dwarka, Nashik, Maharashtra 422011, India</SimpleData>
		<SimpleData name="Latitude">19.99785</SimpleData>
		<SimpleData name="Longitude">73.8104398</SimpleData>
		<SimpleData name="Place_ID">ChIJTe8jIyvr3TsRftVnTnzy5_Q</SimpleData>
		<SimpleData name="Distance_m">880</SimpleData>
		<SimpleData name="Source_File">Nashik_Dwarka_warehouses.xlsx</SimpleData>
	</SchemaData></ExtendedData>
      <Point><coordinates>73.8104398,19.99785</coordinates></Point>
  </Placemark>
  <Placemark id="warehouses.90">
	<name>maruti suzuki tapovan</name>
	<ExtendedData><SchemaData schemaUrl="#warehouses">
		<SimpleData name="Category">storage</SimpleData>
		<SimpleData name="Address">XRW6+W32, Tapovan Rd, Dwarka, Nashik, Maharashtra 422011, India</SimpleData>
		<SimpleData name="Latitude">19.9972603</SimpleData>
		<SimpleData name="Longitude">73.810126</SimpleData>
		<SimpleData name="Place_ID">ChIJYe9nWQDr3TsRP6_48D9jb4I</SimpleData>
		<SimpleData name="Distance_m">3285</SimpleData>
		<SimpleData name="Source_File">Nashik_Tapovan_warehouses.xlsx</SimpleData>
	</SchemaData></ExtendedData>
      <Point><coordinates>73.810126,19.9972603</coordinates></Point>
  </Placemark>
  <Placemark id="warehouses.91">
	<name>Raj glass centre</name>
	<ExtendedData><SchemaData schemaUrl="#warehouses">
		<SimpleData name="Category">store</SimpleData>
		<SimpleData name="Address">Opp to tigrania factory, Tapovan Rd, next to MSEB office, Godavari MIDC, Dwarka, Nashik, Maharashtra 422011, India</SimpleData>
		<SimpleData name="Latitude">19.997751</SimpleData>
		<SimpleData name="Longitude">73.804874</SimpleData>
		<SimpleData name="Rating">4.3</SimpleData>
		<SimpleData name="Place_ID">ChIJc3G1k_nq3TsR4a7hsHXQ-20</SimpleData>
		<SimpleData name="Distance_m">532</SimpleData>
		<SimpleData name="Source_File">Nashik_Dwarka_warehouses.xlsx</SimpleData>
	</SchemaData></ExtendedData>
      <Point><coordinates>73.804874,19.997751</coordinates></Point>
  </Placemark>
  <Placemark id="warehouses.92">
	<name>V - Shift Relocation | Packers &amp; Movers</name>
	<ExtendedData><SchemaData schemaUrl="#warehouses">
		<SimpleData name="Category">transportation_service</SimpleData>
		<SimpleData name="Address">Plot No 13, Shital Housing Society, Shop no 1, Infront of Shankar Nagar, Takli Rd, Dwarka, Nashik, Maharashtra 422001, India</SimpleData>
		<SimpleData name="Latitude">19.9960332</SimpleData>
		<SimpleData name="Longitude">73.8055421</SimpleData>
		<SimpleData name="Rating">5</SimpleData>
		<SimpleData name="Place_ID">ChIJL4mNnrXr3TsRjdGiq1QBtaU</SimpleData>
		<SimpleData name="Distance_m">379</SimpleData>
		<SimpleData name="Source_File">Nashik_Dwarka_warehouses.xlsx</SimpleData>
	</SchemaData></ExtendedData>
      <Point><coordinates>73.8055421,19.9960332</coordinates></Point>
  </Placemark>
  <Placemark id="warehouses.93">
	<name>Dwarka transport</name>
	<ExtendedData><SchemaData schemaUrl="#warehouses">
		<SimpleData name="Category">transportation_service</SimpleData>
		<SimpleData name="Address">Dwarka Circle, opposite Radhika Hotel, near Sunflower Hotel, Dwarka, Nashik, Maharashtra 422011, India</SimpleData>
		<SimpleData name="Latitude">19.9930737</SimpleData>
		<SimpleData name="Longitude">73.8037119</SimpleData>
		<SimpleData name="Rating">3</SimpleData>
		<SimpleData name="Place_ID">ChIJVVVVlfrq3TsRDqSCugIZmXU</SimpleData>
		<SimpleData name="Distance_m">3</SimpleData>
		<SimpleData name="Source_File">Nashik_Dwarka_warehouses.xlsx</SimpleData>
	</SchemaData></ExtendedData>
      <Point><coordinates>73.8037119,19.9930737</coordinates></Point>
  </Placemark>
  <Placemark id="warehouses.94">
	<name>DHL Express (India) Pvt. Ltd</name>
	<ExtendedData><SchemaData schemaUrl="#warehouses">
		<SimpleData name="Category">courier_service</SimpleData>
		<SimpleData name="Address">Ground Floor, Asawari Chambers, Shop No. 14, College Rd, opposite Hotel Tushar, Canada Corner, Nashik, Maharashtra 422005, India</SimpleData>
		<SimpleData name="Latitude">20.0047907</SimpleData>
		<SimpleData name="Longitude">73.7680685</SimpleData>
		<SimpleData name="Rating">4.7</SimpleData>
		<SimpleData name="Place_ID">ChIJo-SZUp_r3TsRkFRyEiZv2Qw</SimpleData>
		<SimpleData name="Distance_m">546</SimpleData>
		<SimpleData name="Source_File">Nashik_College_Road_warehouses.xlsx</SimpleData>
	</SchemaData></ExtendedData>
      <Point><coordinates>73.7680685,20.0047907</coordinates></Point>
  </Placemark>
  <Placemark id="warehouses.95">
	<name>Coldstor Enterprises</name>
	<ExtendedData><SchemaData schemaUrl="#warehouses">
		<SimpleData name="Category">manufacturer</SimpleData>
		<SimpleData name="Address">Shop No.5, 95/96, Sant Kabir Nagar, Parijat Nagar, Nashik, Maharashtra 422005, India</SimpleData>
		<SimpleData name="Latitude">20.0035014</SimpleData>
		<SimpleData name="Longitude">73.7541982</SimpleData>
		<SimpleData name="Rating">4.2</SimpleData>
		<SimpleData name="Place_ID">ChIJVVVVlYLr3TsRexcxU9O0uEA</SimpleData>
		<SimpleData name="Distance_m">961</SimpleData>
		<SimpleData name="Source_File">Nashik_College_Road_warehouses.xlsx</SimpleData>
	</SchemaData></ExtendedData>
      <Point><coordinates>73.7541982,20.0035014</coordinates></Point>
  </Placemark>
  <Placemark id="warehouses.96">
	<name>Bharat Polymer Extrusions</name>
	<ExtendedData><SchemaData schemaUrl="#warehouses">
		<SimpleData name="Category">manufacturer</SimpleData>
		<SimpleData name="Address">2Q22+227, NICE Area, MIDC, Satpur Colony, Nashik, Maharashtra 422005, India</SimpleData>
		<SimpleData name="Latitude">20.0000297</SimpleData>
		<SimpleData name="Longitude">73.7500526</SimpleData>
		<SimpleData name="Rating">3.9</SimpleData>
		<SimpleData name="Place_ID">ChIJAQAAAH3s3TsRPEn6ElTXlA4</SimpleData>
		<SimpleData name="Distance_m">1507</SimpleData>
		<SimpleData name="Source_File">Nashik_College_Road_warehouses.xlsx</SimpleData>
	</SchemaData></ExtendedData>
      <Point><coordinates>73.7500526,20.0000297</coordinates></Point>
  </Placemark>
  <Placemark id="warehouses.97">
	<name>Deepika Enterprises</name>
	<ExtendedData><SchemaData schemaUrl="#warehouses">
		<SimpleData name="Category">moving_company</SimpleData>
		<SimpleData name="Address">flat no.12 Shri sanman apartments, old gangapur naka Gangapur Road., Yashwant Colony, Patil Colony, Nashik, Maharashtra 422005, India</SimpleData>
		<SimpleData name="Latitude">20.0063733</SimpleData>
		<SimpleData name="Longitude">73.7696322</SimpleData>
		<SimpleData name="Place_ID">ChIJuVrch5jr3TsR2WiR3UaExhE</SimpleData>
		<SimpleData name="Distance_m">694</SimpleData>
		<SimpleData name="Source_File">Nashik_College_Road_warehouses.xlsx</SimpleData>
	</SchemaData></ExtendedData>
      <Point><coordinates>73.7696322,20.0063733</coordinates></Point>
  </Placemark>
  <Placemark id="warehouses.98">
	<name>Sky Academstay</name>
	<ExtendedData><SchemaData schemaUrl="#warehouses">
		<SimpleData name="Category">service</SimpleData>
		<SimpleData name="Address">College Rd, Yashwant Colony, Nashik, Maharashtra 422005, India</SimpleData>
		<SimpleData name="Latitude">20.0075297</SimpleData>
		<SimpleData name="Longitude">73.756811</SimpleData>
		<SimpleData name="Rating">5</SimpleData>
		<SimpleData name="Place_ID">ChIJJ8CM_WPr3TsRF84upwwRYY0</SimpleData>
		<SimpleData name="Distance_m">669</SimpleData>
		<SimpleData name="Source_File">Nashik_College_Road_warehouses.xlsx</SimpleData>
	</SchemaData></ExtendedData>
      <Point><coordinates>73.756811,20.0075297</coordinates></Point>
  </Placemark>
  <Placemark id="warehouses.99">
	<name>Hostello world</name>
	<ExtendedData><SchemaData schemaUrl="#warehouses">
		<SimpleData name="Category">service</SimpleData>
		<SimpleData name="Address">Sharmila Apartment, Gangapur Rd, Old Gangapur Naka, Nashik, Maharashtra 422005, India</SimpleData>
		<SimpleData name="Latitude">20.0071331</SimpleData>
		<SimpleData name="Longitude">73.7704193</SimpleData>
		<SimpleData name="Rating">5</SimpleData>
		<SimpleData name="Place_ID">ChIJpRvV1jnr3TsR4gGVqcoQg5I</SimpleData>
		<SimpleData name="Distance_m">2186</SimpleData>
		<SimpleData name="Source_File">Nashik_Gangapur_Road_warehouses.xlsx</SimpleData>
	</SchemaData></ExtendedData>
      <Point><coordinates>73.7704193,20.0071331</coordinates></Point>
  </Placemark>
  <Placemark id="warehouses.100">
	<name>Contiocean Logistics</name>
	<ExtendedData><SchemaData schemaUrl="#warehouses">
		<SimpleData name="Category">shipping_service</SimpleData>
		<SimpleData name="Address">Flat No. 6, Jayshyam Appt Patil Lane, No. 4, College Rd, Patil Colony, Canada Corner, Nashik, Maharashtra 422005, India</SimpleData>
		<SimpleData name="Latitude">20.0057562</SimpleData>
		<SimpleData name="Longitude">73.7690641</SimpleData>
		<SimpleData name="Rating">4.9</SimpleData>
		<SimpleData name="Place_ID">ChIJufQww3Pr3TsRQU6Kw-rWdr8</SimpleData>
		<SimpleData name="Distance_m">634</SimpleData>
		<SimpleData name="Source_File">Nashik_College_Road_warehouses.xlsx</SimpleData>
	</SchemaData></ExtendedData>
      <Point><coordinates>73.7690641,20.0057562</coordinates></Point>
  </Placemark>
  <Placemark id="warehouses.101">
	<name>SAHYADREE WAREHOUSE</name>
	<ExtendedData><SchemaData schemaUrl="#warehouses">
		<SimpleData name="Category">storage</SimpleData>
		<SimpleData name="Address">Satyabhama Apartment, Trambakeshwar Rd, near Shree Mandal Garden, Patrakar Colony, Tidke Colony, Nashik, Maharashtra 422002, India</SimpleData>
		<SimpleData name="Latitude">19.9927331</SimpleData>
		<SimpleData name="Longitude">73.7720427</SimpleData>
		<SimpleData name="Rating">5</SimpleData>
		<SimpleData name="Place_ID">ChIJFyqmsAzr3TsR00BVTnPdQJ4</SimpleData>
		<SimpleData name="Distance_m">3459</SimpleData>
		<SimpleData name="Source_File">Nashik_Ambad_warehouses.xlsx</SimpleData>
	</SchemaData></ExtendedData>
      <Point><coordinates>73.7720427,19.9927331</coordinates></Point>
  </Placemark>
  <Placemark id="warehouses.102">
	<name>Blueline logistics &amp; warehousing llp</name>
	<ExtendedData><SchemaData schemaUrl="#warehouses">
		<SimpleData name="Category">storage</SimpleData>
		<SimpleData name="Address">shop BE 03, Thakkar Bazar, Trimbak Naka, Police Staff Colony, Nashik, Maharashtra 422002, India</SimpleData>
		<SimpleData name="Latitude">19.9979585</SimpleData>
		<SimpleData name="Longitude">73.7805668</SimpleData>
		<SimpleData name="Rating">5</SimpleData>
		<SimpleData name="Place_ID">ChIJXdIHZ5nr3TsRF6FlkQdcMkA</SimpleData>
		<SimpleData name="Distance_m">3777</SimpleData>
		<SimpleData name="Source_File">Nashik_CIDCO_warehouses.xlsx</SimpleData>
	</SchemaData></ExtendedData>
      <Point><coordinates>73.7805668,19.9979585</coordinates></Point>
  </Placemark>
  <Placemark id="warehouses.103">
	<name>Gogad Bros Warehousing and Logistics</name>
	<ExtendedData><SchemaData schemaUrl="#warehouses">
		<SimpleData name="Category">storage</SimpleData>
		<SimpleData name="Address">Sancheti Appt., 2Q2C+QRV, Rachana Vidyalaya Rd, Sharanpur, Nashik, Maharashtra 422002, India</SimpleData>
		<SimpleData name="Latitude">20.0019758</SimpleData>
		<SimpleData name="Longitude">73.7720346</SimpleData>
		<SimpleData name="Rating">4.1</SimpleData>
		<SimpleData name="Place_ID">ChIJp3khLqDr3TsRu1hWwPvoW1s</SimpleData>
		<SimpleData name="Distance_m">3665</SimpleData>
		<SimpleData name="Source_File">Nashik_CIDCO_warehouses.xlsx</SimpleData>
	</SchemaData></ExtendedData>
      <Point><coordinates>73.7720346,20.0019758</coordinates></Point>
  </Placemark>
  <Placemark id="warehouses.104">
	<name>Baphana's LOGISTIC TERMINAL - Nashik Office</name>
	<ExtendedData><SchemaData schemaUrl="#warehouses">
		<SimpleData name="Category">storage</SimpleData>
		<SimpleData name="Address">1st Floor, Riddhi Park, Sharanpur Rd, Tilak Wadi, Tilakwadi, Nashik, Maharashtra 422002, India</SimpleData>
		<SimpleData name="Latitude">20.0006753</SimpleData>
		<SimpleData name="Longitude">73.7768994</SimpleData>
		<SimpleData name="Place_ID">ChIJ2SwWPzPr3TsRuURcJ2ban7c</SimpleData>
		<SimpleData name="Distance_m">3788</SimpleData>
		<SimpleData name="Source_File">Nashik_CIDCO_warehouses.xlsx</SimpleData>
	</SchemaData></ExtendedData>
      <Point><coordinates>73.7768994,20.0006753</coordinates></Point>
  </Placemark>
  <Placemark id="warehouses.105">
	<name>Rangoli Enterprises</name>
	<ExtendedData><SchemaData schemaUrl="#warehouses">
		<SimpleData name="Category">storage</SimpleData>
		<SimpleData name="Address">Main Rd, Gadkari Chowk, Matoshree Nagar, Nashik, Maharashtra 422002, India</SimpleData>
		<SimpleData name="Latitude">19.9933106</SimpleData>
		<SimpleData name="Longitude">73.7824372</SimpleData>
		<SimpleData name="Place_ID">ChIJb79VJrjr3TsRqAwVrKA9qso</SimpleData>
		<SimpleData name="Distance_m">3546</SimpleData>
		<SimpleData name="Source_File">Nashik_CIDCO_warehouses.xlsx</SimpleData>
	</SchemaData></ExtendedData>
      <Point><coordinates>73.7824372,19.9933106</coordinates></Point>
  </Placemark>
  <Placemark id="warehouses.106">
	<name>TIRTHESH WAREHOUSING</name>
	<ExtendedData><SchemaData schemaUrl="#warehouses">
		<SimpleData name="Category">storage</SimpleData>
		<SimpleData name="Address">S.NO, TIRTHESH WAREHOUSING, 29/3, College Rd, GULVE, VILHOLI, Nashik, Maharashtra 422010, India</SimpleData>
		<SimpleData name="Latitude">20.0060765</SimpleData>
		<SimpleData name="Longitude">73.7629907</SimpleData>
		<SimpleData name="Place_ID">ChIJ25zQ2wTr3TsRaQRDS0jqpmQ</SimpleData>
		<SimpleData name="Distance_m">9</SimpleData>
		<SimpleData name="Source_File">Nashik_College_Road_warehouses.xlsx</SimpleData>
	</SchemaData></ExtendedData>
      <Point><coordinates>73.7629907,20.0060765</coordinates></Point>
  </Placemark>
  <Placemark id="warehouses.107">
	<name>Delhivery warehouse</name>
	<ExtendedData><SchemaData schemaUrl="#warehouses">
		<SimpleData name="Category">storage</SimpleData>
		<SimpleData name="Address">D J Park, Sadhu Wasvani Rd, near Kasturba Nagar, Racca Colony, Holaram Colony, Sharanpur, Nashik, Maharashtra 422002, India</SimpleData>
		<SimpleData name="Latitude">19.9965</SimpleData>
		<SimpleData name="Longitude">73.771973</SimpleData>
		<SimpleData name="Place_ID">ChIJZXApAQDr3TsROnRNT_T0HA8</SimpleData>
		<SimpleData name="Distance_m">1412</SimpleData>
		<SimpleData name="Source_File">Nashik_College_Road_warehouses.xlsx</SimpleData>
	</SchemaData></ExtendedData>
      <Point><coordinates>73.771973,19.9965</coordinates></Point>
  </Placemark>
  <Placemark id="warehouses.108">
	<name>PureGo International</name>
	<ExtendedData><SchemaData schemaUrl="#warehouses">
		<SimpleData name="Category">storage</SimpleData>
		<SimpleData name="Address">Ekdant Apartment, 101, Sharanpur Rd, Racca Colony, Jejurkar Wadi, Pandit Colony, Nashik, Maharashtra 422002, India</SimpleData>
		<SimpleData name="Latitude">20.002025</SimpleData>
		<SimpleData name="Longitude">73.774542</SimpleData>
		<SimpleData name="Rating">5</SimpleData>
		<SimpleData name="Place_ID">ChIJhVkdCQDr3TsR4eBd6bXrA3Y</SimpleData>
		<SimpleData name="Distance_m">1284</SimpleData>
		<SimpleData name="Source_File">Nashik_College_Road_warehouses.xlsx</SimpleData>
	</SchemaData></ExtendedData>
      <Point><coordinates>73.774542,20.002025</coordinates></Point>
  </Placemark>
  <Placemark id="warehouses.109">
	<name>Vasudev Automobile</name>
	<ExtendedData><SchemaData schemaUrl="#warehouses">
		<SimpleData name="Category">storage</SimpleData>
		<SimpleData name="Address">Ram Apartment, Gangapur Rd, Shramik Nagar, Uday Nagar, Nashik, Maharashtra 422013, India</SimpleData>
		<SimpleData name="Latitude">20.011606</SimpleData>
		<SimpleData name="Longitude">73.7603855</SimpleData>
		<SimpleData name="Rating">2.9</SimpleData>
		<SimpleData name="Place_ID">ChIJAR3jJ1vr3TsR4yhTT8aFVbQ</SimpleData>
		<SimpleData name="Distance_m">681</SimpleData>
		<SimpleData name="Source_File">Nashik_College_Road_warehouses.xlsx</SimpleData>
	</SchemaData></ExtendedData>
      <Point><coordinates>73.7603855,20.011606</coordinates></Point>
  </Placemark>
  <Placemark id="warehouses.110">
	<name>JAYKAR GROUP</name>
	<ExtendedData><SchemaData schemaUrl="#warehouses">
		<SimpleData name="Category">storage</SimpleData>
		<SimpleData name="Address">Plot No-18, Shramadeep, Tidke Colony, Matushree Nagar, Matoshree Nagar, Nashik, Maharashtra 422002, India</SimpleData>
		<SimpleData name="Latitude">19.9958362</SimpleData>
		<SimpleData name="Longitude">73.7786739</SimpleData>
		<SimpleData name="Rating">1.5</SimpleData>
		<SimpleData name="Place_ID">ChIJS-fyOgHr3TsRdFAq0l6I0L4</SimpleData>
		<SimpleData name="Distance_m">1990</SimpleData>
		<SimpleData name="Source_File">Nashik_College_Road_warehouses.xlsx</SimpleData>
	</SchemaData></ExtendedData>
      <Point><coordinates>73.7786739,19.9958362</coordinates></Point>
  </Placemark>
  <Placemark id="warehouses.111">
	<name>Vidhate mandap decorations</name>
	<ExtendedData><SchemaData schemaUrl="#warehouses">
		<SimpleData name="Category">storage</SimpleData>
		<SimpleData name="Address">Vidhate mala, Mumbai Naka Cir, Mumbai Naka, Matoshree Nagar, Nashik, Maharashtra 422002, India</SimpleData>
		<SimpleData name="Latitude">19.9919178</SimpleData>
		<SimpleData name="Longitude">73.7805786</SimpleData>
		<SimpleData name="Rating">5</SimpleData>
		<SimpleData name="Place_ID">ChIJ7dP2cwDr3TsRWcJToQN3HdQ</SimpleData>
		<SimpleData name="Distance_m">630</SimpleData>
		<SimpleData name="Source_File">Nashik_Mumbai_Naka_warehouses.xlsx</SimpleData>
	</SchemaData></ExtendedData>
      <Point><coordinates>73.7805786,19.9919178</coordinates></Point>
  </Placemark>
  <Placemark id="warehouses.112">
	<name>Baphana Warehousing Pvt. Ltd.</name>
	<ExtendedData><SchemaData schemaUrl="#warehouses">
		<SimpleData name="Category">storage</SimpleData>
		<SimpleData name="Address">1st Floor, Riddhi Park, Sharanpur Rd, ???? ????, ????? ????? ?????, ?????, ?????????? 422002, India</SimpleData>
		<SimpleData name="Latitude">20.0005627</SimpleData>
		<SimpleData name="Longitude">73.7768325</SimpleData>
		<SimpleData name="Place_ID">ChIJARxH96Dr3TsR3N-Sx1zevYM</SimpleData>
		<SimpleData name="Distance_m">271</SimpleData>
		<SimpleData name="Source_File">Nashik_Sharanpur_Road_warehouses.xlsx</SimpleData>
	</SchemaData></ExtendedData>
      <Point><coordinates>73.7768325,20.0005627</coordinates></Point>
  </Placemark>
  <Placemark id="warehouses.113">
	<name>TIMUS CONCEPTS PVT. LTD</name>
	<ExtendedData><SchemaData schemaUrl="#warehouses">
		<SimpleData name="Category">store</SimpleData>
		<SimpleData name="Address">212, Asawari Chambers, College Rd, opp. Woodland Showroom, Vese Mala, Canada Corner, Nashik, Maharashtra 422005, India</SimpleData>
		<SimpleData name="Latitude">20.0048129</SimpleData>
		<SimpleData name="Longitude">73.7679647</SimpleData>
		<SimpleData name="Rating">4.9</SimpleData>
		<SimpleData name="Place_ID">ChIJYfM7Nxzr3TsRLd0wJUDH7mM</SimpleData>
		<SimpleData name="Distance_m">535</SimpleData>
		<SimpleData name="Source_File">Nashik_College_Road_warehouses.xlsx</SimpleData>
	</SchemaData></ExtendedData>
      <Point><coordinates>73.7679647,20.0048129</coordinates></Point>
  </Placemark>
  <Placemark id="warehouses.114">
	<name>Itsy Bitsy</name>
	<ExtendedData><SchemaData schemaUrl="#warehouses">
		<SimpleData name="Category">store</SimpleData>
		<SimpleData name="Address">Shop No.4, B Square Complex, near Shraddha Petrol Pump, off College Road, Yeolekar Mala, Nashik, Maharashtra 422005, India</SimpleData>
		<SimpleData name="Latitude">20.002741</SimpleData>
		<SimpleData name="Longitude">73.7627251</SimpleData>
		<SimpleData name="Rating">4.2</SimpleData>
		<SimpleData name="Place_ID">ChIJr7SvCynr3TsR4yHTim_jCNk</SimpleData>
		<SimpleData name="Distance_m">364</SimpleData>
		<SimpleData name="Source_File">Nashik_College_Road_warehouses.xlsx</SimpleData>
	</SchemaData></ExtendedData>
      <Point><coordinates>73.7627251,20.002741</coordinates></Point>
  </Placemark>
  <Placemark id="warehouses.115">
	<name>Niranjan Plywood Godown / Warehouse</name>
	<ExtendedData><SchemaData schemaUrl="#warehouses">
		<SimpleData name="Category">store</SimpleData>
		<SimpleData name="Address">SR NO 7375, Mission Mala, Near, Ramdas Colony Rd, Anandwan Colony, Canada Corner, Nashik, Maharashtra 422005, India</SimpleData>
		<SimpleData name="Latitude">20.0009582</SimpleData>
		<SimpleData name="Longitude">73.7668421</SimpleData>
		<SimpleData name="Place_ID">ChIJFZnIAmrr3TsRtuWXlDubyvg</SimpleData>
		<SimpleData name="Distance_m">690</SimpleData>
		<SimpleData name="Source_File">Nashik_College_Road_warehouses.xlsx</SimpleData>
	</SchemaData></ExtendedData>
      <Point><coordinates>73.7668421,20.0009582</coordinates></Point>
  </Placemark>
  <Placemark id="warehouses.116">
	<name>MAIE factory Outlet</name>
	<ExtendedData><SchemaData schemaUrl="#warehouses">
		<SimpleData name="Category">store</SimpleData>
		<SimpleData name="Address">Gangapur Rd, Girnare, Nashik, Maharashtra 422013, India</SimpleData>
		<SimpleData name="Latitude">20.0102097</SimpleData>
		<SimpleData name="Longitude">73.7641604</SimpleData>
		<SimpleData name="Rating">5</SimpleData>
		<SimpleData name="Place_ID">ChIJiR202SPt3TsRZeq59qmcsVU</SimpleData>
		<SimpleData name="Distance_m">1475</SimpleData>
		<SimpleData name="Source_File">Nashik_Gangapur_Road_warehouses.xlsx</SimpleData>
	</SchemaData></ExtendedData>
      <Point><coordinates>73.7641604,20.0102097</coordinates></Point>
  </Placemark>
  <Placemark id="warehouses.117">
	<name>Eco Naturals Cold Pressed Oil</name>
	<ExtendedData><SchemaData schemaUrl="#warehouses">
		<SimpleData name="Category">store</SimpleData>
		<SimpleData name="Address">old, Gangapur Rd, Shivaji Nagar, Nashik, Maharashtra 422002, India</SimpleData>
		<SimpleData name="Latitude">20.0094675</SimpleData>
		<SimpleData name="Longitude">73.7732959</SimpleData>
		<SimpleData name="Rating">4.9</SimpleData>
		<SimpleData name="Place_ID">ChIJOV_oSZ7t3TsRGI3KAfecEUU</SimpleData>
		<SimpleData name="Distance_m">2432</SimpleData>
		<SimpleData name="Source_File">Nashik_Gangapur_Road_warehouses.xlsx</SimpleData>
	</SchemaData></ExtendedData>
      <Point><coordinates>73.7732959,20.0094675</coordinates></Point>
  </Placemark>
  <Placemark id="warehouses.118">
	<name>Eco Sure</name>
	<ExtendedData><SchemaData schemaUrl="#warehouses">
		<SimpleData name="Category">store</SimpleData>
		<SimpleData name="Address">Shop no. 5, Thakkar retreat building, Gangapur Rd, near Chopda lawns, Old Gangapur Naka, Shreerang Nagar, Nashik, Maharashtra 422013, India</SimpleData>
		<SimpleData name="Latitude">20.008629</SimpleData>
		<SimpleData name="Longitude">73.771941</SimpleData>
		<SimpleData name="Rating">4.5</SimpleData>
		<SimpleData name="Place_ID">ChIJg42T-SXr3TsRzqdzD5lnNqY</SimpleData>
		<SimpleData name="Distance_m">2306</SimpleData>
		<SimpleData name="Source_File">Nashik_Gangapur_Road_warehouses.xlsx</SimpleData>
	</SchemaData></ExtendedData>
      <Point><coordinates>73.771941,20.008629</coordinates></Point>
  </Placemark>
  <Placemark id="warehouses.119">
	<name>Kalayatan Cargo and Logistics Private Limited</name>
	<ExtendedData><SchemaData schemaUrl="#warehouses">
		<SimpleData name="Category">transportation_service</SimpleData>
		<SimpleData name="Address">Plot No 90/91, Saket, Bus Stop, 422005, opp. Parijat Nagar, Samartha Nagar, Parijat Nagar, Nashik, Maharashtra 422005, India</SimpleData>
		<SimpleData name="Latitude">20.002644</SimpleData>
		<SimpleData name="Longitude">73.7548742</SimpleData>
		<SimpleData name="Rating">3</SimpleData>
		<SimpleData name="Place_ID">ChIJf4BEA2nr3TsRxxtn9hEq0zo</SimpleData>
		<SimpleData name="Distance_m">927</SimpleData>
		<SimpleData name="Source_File">Nashik_College_Road_warehouses.xlsx</SimpleData>
	</SchemaData></ExtendedData>
      <Point><coordinates>73.7548742,20.002644</coordinates></Point>
  </Placemark>
  <Placemark id="warehouses.120">
	<name>Kalayatan Cargo and Logistics Private Limited</name>
	<ExtendedData><SchemaData schemaUrl="#warehouses">
		<SimpleData name="Category">transportation_service</SimpleData>
		<SimpleData name="Address">Shop No 2 &amp; 3, Margaret Tower, Sharanpur Link Rd, behind Panasonic Showroom, Canada Corner, Nashik, Maharashtra 422002, India</SimpleData>
		<SimpleData name="Latitude">20.0008225</SimpleData>
		<SimpleData name="Longitude">73.7697113</SimpleData>
		<SimpleData name="Rating">3.3</SimpleData>
		<SimpleData name="Place_ID">ChIJ1StsqZ7r3TsRzNJfmqKyx5c</SimpleData>
		<SimpleData name="Distance_m">907</SimpleData>
		<SimpleData name="Source_File">Nashik_College_Road_warehouses.xlsx</SimpleData>
	</SchemaData></ExtendedData>
      <Point><coordinates>73.7697113,20.0008225</coordinates></Point>
  </Placemark>
  <Placemark id="warehouses.121">
	<name>Orchid Logistics</name>
	<ExtendedData><SchemaData schemaUrl="#warehouses">
		<SimpleData name="Category">transportation_service</SimpleData>
		<SimpleData name="Address">Plot No. S S 9, A Road, Street No. 2, near New India Insurance Co, NICE Area, MIDC, Satpur Colony, Nashik, Maharashtra 422005, India</SimpleData>
		<SimpleData name="Latitude">19.9961797</SimpleData>
		<SimpleData name="Longitude">73.7510728</SimpleData>
		<SimpleData name="Rating">4.6</SimpleData>
		<SimpleData name="Place_ID">ChIJuzq1gX_r3TsRZCE-kK-a38Y</SimpleData>
		<SimpleData name="Distance_m">3628</SimpleData>
		<SimpleData name="Source_File">Nashik_Mumbai_Naka_warehouses.xlsx</SimpleData>
	</SchemaData></ExtendedData>
      <Point><coordinates>73.7510728,19.9961797</coordinates></Point>
  </Placemark>
  <Placemark id="warehouses.122">
	<name>The Buy Box Store</name>
	<ExtendedData><SchemaData schemaUrl="#warehouses">
		<SimpleData name="Category">warehouse_store</SimpleData>
		<SimpleData name="Address">Ganore Hight, Vidya Vikas Circle, Gangapur Rd, Nashik, Maharashtra 422013, India</SimpleData>
		<SimpleData name="Latitude">20.0098442</SimpleData>
		<SimpleData name="Longitude">73.7657411</SimpleData>
		<SimpleData name="Rating">4.7</SimpleData>
		<SimpleData name="Place_ID">ChIJ8aj7Cgzr3TsRVfKPckkzaJY</SimpleData>
		<SimpleData name="Distance_m">515</SimpleData>
		<SimpleData name="Source_File">Nashik_College_Road_warehouses.xlsx</SimpleData>
	</SchemaData></ExtendedData>
      <Point><coordinates>73.7657411,20.0098442</coordinates></Point>
  </Placemark>
  <Placemark id="warehouses.123">
	<name>Honesty India Home Oil Maker Machine Dealer Nashik</name>
	<ExtendedData><SchemaData schemaUrl="#warehouses">
		<SimpleData name="Category">building_materials_store</SimpleData>
		<SimpleData name="Address">Honesty India Corporation, Office No C-5, Ashoka Presidency, Jehan Circle, Gangapur Rd, opposite Nerlikar Hospital, Uday Nagar, Nashik, Maharashtra 422013, India</SimpleData>
		<SimpleData name="Latitude">20.0128347</SimpleData>
		<SimpleData name="Longitude">73.7566642</SimpleData>
		<SimpleData name="Rating">4.9</SimpleData>
		<SimpleData name="Place_ID">ChIJAWuLBNLr3TsRdusOBRVpBmU</SimpleData>
		<SimpleData name="Distance_m">679</SimpleData>
		<SimpleData name="Source_File">Nashik_Gangapur_Road_warehouses.xlsx</SimpleData>
	</SchemaData></ExtendedData>
      <Point><coordinates>73.7566642,20.0128347</coordinates></Point>
  </Placemark>
  <Placemark id="warehouses.124">
	<name>Royal Trading and company</name>
	<ExtendedData><SchemaData schemaUrl="#warehouses">
		<SimpleData name="Category">building_materials_store</SimpleData>
		<SimpleData name="Address">Shop No 5/6, Prabhat Empire, Makhmalabad Rd, Professor Colony, Nashik, Maharashtra 422003, India</SimpleData>
		<SimpleData name="Latitude">20.020828</SimpleData>
		<SimpleData name="Longitude">73.7859382</SimpleData>
		<SimpleData name="Rating">5</SimpleData>
		<SimpleData name="Place_ID">ChIJrydoCDDr3TsR15a9MaZR9_M</SimpleData>
		<SimpleData name="Distance_m">1964</SimpleData>
		<SimpleData name="Source_File">Nashik_Makhmalabad_warehouses.xlsx</SimpleData>
	</SchemaData></ExtendedData>
      <Point><coordinates>73.7859382,20.020828</coordinates></Point>
  </Placemark>
  <Placemark id="warehouses.125">
	<name>Solar flow energy</name>
	<ExtendedData><SchemaData schemaUrl="#warehouses">
		<SimpleData name="Category">storage</SimpleData>
		<SimpleData name="Address">2Q9P+WJG, Makhmalabad Rd, Ganesh Nagar, Janata Raja Colony, Nashik, Maharashtra 422003, India</SimpleData>
		<SimpleData name="Latitude">20.0198001</SimpleData>
		<SimpleData name="Longitude">73.7865682</SimpleData>
		<SimpleData name="Rating">3</SimpleData>
		<SimpleData name="Place_ID">ChIJr6MAAADr3TsRpzxU3lp_wRQ</SimpleData>
		<SimpleData name="Distance_m">2085</SimpleData>
		<SimpleData name="Source_File">Nashik_Makhmalabad_warehouses.xlsx</SimpleData>
	</SchemaData></ExtendedData>
      <Point><coordinates>73.7865682,20.0198001</coordinates></Point>
  </Placemark>
  <Placemark id="warehouses.126">
	<name>Polaris Renewable Solutions Pvt. Ltd (Godown)</name>
	<ExtendedData><SchemaData schemaUrl="#warehouses">
		<SimpleData name="Category">storage</SimpleData>
		<SimpleData name="Address">XRXF+8XV, Kausalya Nagar, Vaishnavi Park, Nashik, Maharashtra 422003, India</SimpleData>
		<SimpleData name="Latitude">20.0146845</SimpleData>
		<SimpleData name="Longitude">73.7820966</SimpleData>
		<SimpleData name="Place_ID">ChIJ30igPgDr3TsRRii0YdSG24A</SimpleData>
		<SimpleData name="Distance_m">2192</SimpleData>
		<SimpleData name="Source_File">Nashik_Makhmalabad_warehouses.xlsx</SimpleData>
	</SchemaData></ExtendedData>
      <Point><coordinates>73.7820966,20.0146845</coordinates></Point>
  </Placemark>
  <Placemark id="warehouses.127">
	<name>Praful marketing/ Praful Traders</name>
	<ExtendedData><SchemaData schemaUrl="#warehouses">
		<SimpleData name="Category">storage</SimpleData>
		<SimpleData name="Address">Praful Marketing &amp; Traders, Ram Wadi Rd, Kausalya Nagar, Ram Wadi, Nashik, Maharashtra 422003, India</SimpleData>
		<SimpleData name="Latitude">20.0104914</SimpleData>
		<SimpleData name="Longitude">73.7842793</SimpleData>
		<SimpleData name="Rating">5</SimpleData>
		<SimpleData name="Place_ID">ChIJQ3q9LE7r3TsR8S7XEVIfRBw</SimpleData>
		<SimpleData name="Distance_m">804</SimpleData>
		<SimpleData name="Source_File">Nashik_Panchavati_warehouses.xlsx</SimpleData>
	</SchemaData></ExtendedData>
      <Point><coordinates>73.7842793,20.0104914</coordinates></Point>
  </Placemark>
  <Placemark id="warehouses.128">
	<name>Sarju</name>
	<ExtendedData><SchemaData schemaUrl="#warehouses">
		<SimpleData name="Category">storage</SimpleData>
		<SimpleData name="Address">2Q4M+VP7, Ashok Stambh, Raviwar Karanja, Panchavati, Nashik, Maharashtra 422002, India</SimpleData>
		<SimpleData name="Latitude">20.007072</SimpleData>
		<SimpleData name="Longitude">73.7843522</SimpleData>
		<SimpleData name="Place_ID">ChIJk89gEQDr3TsRnWf2KpNrJ58</SimpleData>
		<SimpleData name="Distance_m">834</SimpleData>
		<SimpleData name="Source_File">Nashik_Panchavati_warehouses.xlsx</SimpleData>
	</SchemaData></ExtendedData>
      <Point><coordinates>73.7843522,20.007072</coordinates></Point>
  </Placemark>
  <Placemark id="warehouses.129">
	<name>Sensenature</name>
	<ExtendedData><SchemaData schemaUrl="#warehouses">
		<SimpleData name="Category">store</SimpleData>
		<SimpleData name="Address">Shop no. 3, Building no. 1, Tirupati Town, Gangapur Rd, behind Akashwani Tower, Housing Society, Pramod Nagar, Nashik, Maharashtra 422013, India</SimpleData>
		<SimpleData name="Latitude">20.0195046</SimpleData>
		<SimpleData name="Longitude">73.7590425</SimpleData>
		<SimpleData name="Rating">4.2</SimpleData>
		<SimpleData name="Place_ID">ChIJYW4_Lg3r3TsRujC97jgdMsE</SimpleData>
		<SimpleData name="Distance_m">1230</SimpleData>
		<SimpleData name="Source_File">Nashik_Gangapur_Road_warehouses.xlsx</SimpleData>
	</SchemaData></ExtendedData>
      <Point><coordinates>73.7590425,20.0195046</coordinates></Point>
  </Placemark>
  <Placemark id="warehouses.130">
	<name>Nutriva Naturals</name>
	<ExtendedData><SchemaData schemaUrl="#warehouses">
		<SimpleData name="Category">store</SimpleData>
		<SimpleData name="Address">Gangapur Rd, Akashwani Tower, Opp, Swami Samarth Mandir Rd, near, Uday Nagar, Nashik, Maharashtra 422013, India</SimpleData>
		<SimpleData name="Latitude">20.01334</SimpleData>
		<SimpleData name="Longitude">73.7587203</SimpleData>
		<SimpleData name="Rating">4.8</SimpleData>
		<SimpleData name="Place_ID">ChIJA4_pRszr3TsRJwKLt9Lr5y8</SimpleData>
		<SimpleData name="Distance_m">899</SimpleData>
		<SimpleData name="Source_File">Nashik_Gangapur_Road_warehouses.xlsx</SimpleData>
	</SchemaData></ExtendedData>
      <Point><coordinates>73.7587203,20.01334</coordinates></Point>
  </Placemark>
  <Placemark id="warehouses.131">
	<name>Vasant Distributors &amp; Lakshadeepam Traders</name>
	<ExtendedData><SchemaData schemaUrl="#warehouses">
		<SimpleData name="Category">store</SimpleData>
		<SimpleData name="Address">Twin Center, 412, Ghankar Ln, Raviwar Peth, Ambedkar Colony, Raviwar Karanja, Panchavati, Nashik, Maharashtra 422001, India</SimpleData>
		<SimpleData name="Latitude">20.005963</SimpleData>
		<SimpleData name="Longitude">73.78716</SimpleData>
		<SimpleData name="Rating">4.6</SimpleData>
		<SimpleData name="Place_ID">ChIJOa-rL6nr3TsREk8b4tExlec</SimpleData>
		<SimpleData name="Distance_m">632</SimpleData>
		<SimpleData name="Source_File">Nashik_Panchavati_warehouses.xlsx</SimpleData>
	</SchemaData></ExtendedData>
      <Point><coordinates>73.78716,20.005963</coordinates></Point>
  </Placemark>
  <Placemark id="warehouses.132">
	<name>Nashik Relocation Packers And Movers Nashik</name>
	<ExtendedData><SchemaData schemaUrl="#warehouses">
		<SimpleData name="Category">transportation_service</SimpleData>
		<SimpleData name="Address">Shop No 17, Nashik Rd, Kranti Nagar, Ram Wadi, Nashik, Maharashtra 422003, India</SimpleData>
		<SimpleData name="Latitude">20.0166348</SimpleData>
		<SimpleData name="Longitude">73.7851054</SimpleData>
		<SimpleData name="Rating">5</SimpleData>
		<SimpleData name="Place_ID">ChIJByiZNHbr3TsR85uupsFx5hw</SimpleData>
		<SimpleData name="Distance_m">2432</SimpleData>
		<SimpleData name="Source_File">Nashik_Hanuman_Nagar_warehouses.xlsx</SimpleData>
	</SchemaData></ExtendedData>
      <Point><coordinates>73.7851054,20.0166348</coordinates></Point>
  </Placemark>
  <Placemark id="warehouses.133">
	<name>Setu Logistics LLP</name>
	<ExtendedData><SchemaData schemaUrl="#warehouses">
		<SimpleData name="Category">corporate_office</SimpleData>
		<SimpleData name="Address">Plot No. (53) A, Opp. Bank Of Maharashtra ATM, behind Papaya Nursery, Ashoknagar, Satpur Colony, Nashik, Maharashtra 422007, India</SimpleData>
		<SimpleData name="Latitude">19.9871605</SimpleData>
		<SimpleData name="Longitude">73.7168927</SimpleData>
		<SimpleData name="Rating">4.5</SimpleData>
		<SimpleData name="Place_ID">ChIJCQv3OH7t3TsRntVnMzwwG68</SimpleData>
		<SimpleData name="Distance_m">2114</SimpleData>
		<SimpleData name="Source_File">Nashik_Satpur_warehouses.xlsx</SimpleData>
	</SchemaData></ExtendedData>
      <Point><coordinates>73.7168927,19.9871605</coordinates></Point>
  </Placemark>
  <Placemark id="warehouses.134">
	<name>Mega Freight Movers Ltd - Packers and Movers in Nashik</name>
	<ExtendedData><SchemaData schemaUrl="#warehouses">
		<SimpleData name="Category">manufacturer</SimpleData>
		<SimpleData name="Address">Plot No.7/40, near Mahindra &amp; Mahindra material gate, Shramik Nagar, Satpur Colony, Nashik, Maharashtra 422007, India</SimpleData>
		<SimpleData name="Latitude">19.9898403</SimpleData>
		<SimpleData name="Longitude">73.7290098</SimpleData>
		<SimpleData name="Rating">5</SimpleData>
		<SimpleData name="Place_ID">ChIJLRWndVTs3TsRHsJAXVLOoUk</SimpleData>
		<SimpleData name="Distance_m">2725</SimpleData>
		<SimpleData name="Source_File">Nashik_Chunchale_warehouses.xlsx</SimpleData>
	</SchemaData></ExtendedData>
      <Point><coordinates>73.7290098,19.9898403</coordinates></Point>
  </Placemark>
  <Placemark id="warehouses.135">
	<name>Shree Swaraj Frozen Foods</name>
	<ExtendedData><SchemaData schemaUrl="#warehouses">
		<SimpleData name="Category">manufacturer</SimpleData>
		<SimpleData name="Address">XPVQ+MFC, MIDC, Satpur Colony, Nashik, Maharashtra 422007, India</SimpleData>
		<SimpleData name="Latitude">19.9941954</SimpleData>
		<SimpleData name="Longitude">73.7386361</SimpleData>
		<SimpleData name="Rating">5</SimpleData>
		<SimpleData name="Place_ID">ChIJA2uu6k7t3TsRmEz4ZMLnznY</SimpleData>
		<SimpleData name="Distance_m">1069</SimpleData>
		<SimpleData name="Source_File">Nashik_Satpur_warehouses.xlsx</SimpleData>
	</SchemaData></ExtendedData>
      <Point><coordinates>73.7386361,19.9941954</coordinates></Point>
  </Placemark>
  <Placemark id="warehouses.136">
	<name>MarkEn HealthTech Limited</name>
	<ExtendedData><SchemaData schemaUrl="#warehouses">
		<SimpleData name="Category">manufacturer</SimpleData>
		<SimpleData name="Address">Shed No.1, Plot No.93/1 Street No.17, MIDC, Satpur Colony, Nashik, Maharashtra 422007, India</SimpleData>
		<SimpleData name="Latitude">20.0015303</SimpleData>
		<SimpleData name="Longitude">73.7216453</SimpleData>
		<SimpleData name="Rating">4.4</SimpleData>
		<SimpleData name="Place_ID">ChIJcVfzkTDt3TsRb1Cw3ic9NKE</SimpleData>
		<SimpleData name="Distance_m">992</SimpleData>
		<SimpleData name="Source_File">Nashik_Satpur_warehouses.xlsx</SimpleData>
	</SchemaData></ExtendedData>
      <Point><coordinates>73.7216453,20.0015303</coordinates></Point>
  </Placemark>
  <Placemark id="warehouses.137">
	<name>Unique Store Solutions - Wall Mounted Metal Store Racks</name>
	<ExtendedData><SchemaData schemaUrl="#warehouses">
		<SimpleData name="Category">manufacturer</SimpleData>
		<SimpleData name="Address">plot no.B71,C/O, india cement products, Satpur MIDC Main Rd, near prakash food product, NICE Area, MIDC, Satpur Colony, Nashik, Maharashtra 422005, India</SimpleData>
		<SimpleData name="Latitude">19.9978395</SimpleData>
		<SimpleData name="Longitude">73.7462451</SimpleData>
		<SimpleData name="Rating">4.9</SimpleData>
		<SimpleData name="Place_ID">ChIJ2fz4dv7r3TsR5focnsHBsXc</SimpleData>
		<SimpleData name="Distance_m">1614</SimpleData>
		<SimpleData name="Source_File">Nashik_Satpur_warehouses.xlsx</SimpleData>
	</SchemaData></ExtendedData>
      <Point><coordinates>73.7462451,19.9978395</coordinates></Point>
  </Placemark>
  <Placemark id="warehouses.138">
	<name>Ajit Steel Industries, Cupboard, Cabinets, racks, chairs, shoe rack and Many More Products</name>
	<ExtendedData><SchemaData schemaUrl="#warehouses">
		<SimpleData name="Category">manufacturer</SimpleData>
		<SimpleData name="Address">Place No D23, Street 11, Road, behind hotel shamsundar misal lane, NICE Area, MIDC, Satpur Colony, Nashik, Maharashtra 422007, India</SimpleData>
		<SimpleData name="Latitude">19.9988905</SimpleData>
		<SimpleData name="Longitude">73.7429418</SimpleData>
		<SimpleData name="Rating">4.9</SimpleData>
		<SimpleData name="Place_ID">ChIJAQAAAH3s3TsRzGld3lvkL7E</SimpleData>
		<SimpleData name="Distance_m">1254</SimpleData>
		<SimpleData name="Source_File">Nashik_Satpur_warehouses.xlsx</SimpleData>
	</SchemaData></ExtendedData>
      <Point><coordinates>73.7429418,19.9988905</coordinates></Point>
  </Placemark>
  <Placemark id="warehouses.139">
	<name>CRI Roadways Pvt Ltd Warehouse</name>
	<ExtendedData><SchemaData schemaUrl="#warehouses">
		<SimpleData name="Category">service</SimpleData>
		<SimpleData name="Address">P-46 , Satpur 7, opp. Radha Krishna Hotel, MIDC, Satpur Colony, Nashik, Maharashtra 422005, India</SimpleData>
		<SimpleData name="Latitude">19.9898799</SimpleData>
		<SimpleData name="Longitude">73.746042</SimpleData>
		<SimpleData name="Rating">5</SimpleData>
		<SimpleData name="Place_ID">ChIJIwAa9Rzt3TsRV4wGWocTq2k</SimpleData>
		<SimpleData name="Distance_m">2275</SimpleData>
		<SimpleData name="Source_File">Nashik_CIDCO_warehouses.xlsx</SimpleData>
	</SchemaData></ExtendedData>
      <Point><coordinates>73.746042,19.9898799</coordinates></Point>
  </Placemark>
  <Placemark id="warehouses.140">
	<name>Om Logistics Limited</name>
	<ExtendedData><SchemaData schemaUrl="#warehouses">
		<SimpleData name="Category">service</SimpleData>
		<SimpleData name="Address">E-15, M I D C Satpur, Satpur, M I D C Satpur, MIDC, Satpur Colony, Nashik, Maharashtra 422007, India</SimpleData>
		<SimpleData name="Latitude">19.999342</SimpleData>
		<SimpleData name="Longitude">73.738959</SimpleData>
		<SimpleData name="Rating">3.6</SimpleData>
		<SimpleData name="Place_ID">ChIJAQAAAH3s3TsRDaDbDEelLG8</SimpleData>
		<SimpleData name="Distance_m">835</SimpleData>
		<SimpleData name="Source_File">Nashik_Satpur_warehouses.xlsx</SimpleData>
	</SchemaData></ExtendedData>
      <Point><coordinates>73.738959,19.999342</coordinates></Point>
  </Placemark>
  <Placemark id="warehouses.141">
	<name>Nirmala Logisitcs</name>
	<ExtendedData><SchemaData schemaUrl="#warehouses">
		<SimpleData name="Category">service</SimpleData>
		<SimpleData name="Address">Nilkantheshwar Nagar, Savarkar Nagar, Ashoknagar, Satpur Colony, Nashik, Maharashtra 422007, India</SimpleData>
		<SimpleData name="Latitude">19.9901401</SimpleData>
		<SimpleData name="Longitude">73.7203801</SimpleData>
		<SimpleData name="Rating">4.7</SimpleData>
		<SimpleData name="Place_ID">ChIJqwA6Nz_t3TsRArPnL3Dw478</SimpleData>
		<SimpleData name="Distance_m">1623</SimpleData>
		<SimpleData name="Source_File">Nashik_Satpur_warehouses.xlsx</SimpleData>
	</SchemaData></ExtendedData>
      <Point><coordinates>73.7203801,19.9901401</coordinates></Point>
  </Placemark>
  <Placemark id="warehouses.142">
	<name>divya transport</name>
	<ExtendedData><SchemaData schemaUrl="#warehouses">
		<SimpleData name="Category">shipping_service</SimpleData>
		<SimpleData name="Address">Pipeline Rd, Balawant Nagar, Anandvalli, Nashik, Maharashtra 422007, India</SimpleData>
		<SimpleData name="Latitude">20.0062929</SimpleData>
		<SimpleData name="Longitude">73.7316969</SimpleData>
		<SimpleData name="Rating">5</SimpleData>
		<SimpleData name="Place_ID">ChIJ4wJok2Xs3TsRcRS3O3IAr2E</SimpleData>
		<SimpleData name="Distance_m">625</SimpleData>
		<SimpleData name="Source_File">Nashik_Satpur_warehouses.xlsx</SimpleData>
	</SchemaData></ExtendedData>
      <Point><coordinates>73.7316969,20.0062929</coordinates></Point>
  </Placemark>
  <Placemark id="warehouses.143">
	<name>Gajanan Transport</name>
	<ExtendedData><SchemaData schemaUrl="#warehouses">
		<SimpleData name="Category">storage</SimpleData>
		<SimpleData name="Address">XPQ7+79Q, Pimpalgaon Bahula, Nashik, Maharashtra 422007, India</SimpleData>
		<SimpleData name="Latitude">19.9882159</SimpleData>
		<SimpleData name="Longitude">73.7134702</SimpleData>
		<SimpleData name="Rating">5</SimpleData>
		<SimpleData name="Place_ID">ChIJi44SfQDt3TsROkvHaJMpa3U</SimpleData>
		<SimpleData name="Distance_m">1526</SimpleData>
		<SimpleData name="Source_File">Nashik_Chunchale_warehouses.xlsx</SimpleData>
	</SchemaData></ExtendedData>
      <Point><coordinates>73.7134702,19.9882159</coordinates></Point>
  </Placemark>
  <Placemark id="warehouses.144">
	<name>C17</name>
	<ExtendedData><SchemaData schemaUrl="#warehouses">
		<SimpleData name="Category">storage</SimpleData>
		<SimpleData name="Address">C17, NICE Area, MIDC, Satpur Colony, Nashik, Maharashtra 422007, India</SimpleData>
		<SimpleData name="Latitude">19.9954383</SimpleData>
		<SimpleData name="Longitude">73.7421267</SimpleData>
		<SimpleData name="Rating">4</SimpleData>
		<SimpleData name="Place_ID">ChIJ-dnRGkXt3TsRnUVjJVdBQbA</SimpleData>
		<SimpleData name="Distance_m">3904</SimpleData>
		<SimpleData name="Source_File">Nashik_Chunchale_warehouses.xlsx</SimpleData>
	</SchemaData></ExtendedData>
      <Point><coordinates>73.7421267,19.9954383</coordinates></Point>
  </Placemark>
  <Placemark id="warehouses.145">
	<name>Bluedart Warehouse</name>
	<ExtendedData><SchemaData schemaUrl="#warehouses">
		<SimpleData name="Category">storage</SimpleData>
		<SimpleData name="Address">20, Nirmal Colony, Kale Nagar, Sant Kabir Nagar, Veer Sawarkar Nagar, Nashik, Maharashtra 422005, India</SimpleData>
		<SimpleData name="Latitude">20.0059139</SimpleData>
		<SimpleData name="Longitude">73.7476151</SimpleData>
		<SimpleData name="Rating">2.6</SimpleData>
		<SimpleData name="Place_ID">ChIJQUmlJADt3TsRCq0EmkiFAvM</SimpleData>
		<SimpleData name="Distance_m">3875</SimpleData>
		<SimpleData name="Source_File">Nashik_CIDCO_warehouses.xlsx</SimpleData>
	</SchemaData></ExtendedData>
      <Point><coordinates>73.7476151,20.0059139</coordinates></Point>
  </Placemark>
  <Placemark id="warehouses.146">
	<name>Bluedart Warehouse</name>
	<ExtendedData><SchemaData schemaUrl="#warehouses">
		<SimpleData name="Category">storage</SimpleData>
		<SimpleData name="Address">Malti Hall 11, Ashoknagar, Satpur Colony, Nashik, Maharashtra 422007, India</SimpleData>
		<SimpleData name="Latitude">19.9885477</SimpleData>
		<SimpleData name="Longitude">73.7207136</SimpleData>
		<SimpleData name="Rating">1.1</SimpleData>
		<SimpleData name="Place_ID">ChIJUUgDeADt3TsRz6x9anzEY5I</SimpleData>
		<SimpleData name="Distance_m">1733</SimpleData>
		<SimpleData name="Source_File">Nashik_Satpur_warehouses.xlsx</SimpleData>
	</SchemaData></ExtendedData>
      <Point><coordinates>73.7207136,19.9885477</coordinates></Point>
  </Placemark>
  <Placemark id="warehouses.147">
	<name>DP World Nashik</name>
	<ExtendedData><SchemaData schemaUrl="#warehouses">
		<SimpleData name="Category">storage</SimpleData>
		<SimpleData name="Address">2P2F+3MM, MIDC, Satpur Colony, Nashik, Maharashtra 422007, India</SimpleData>
		<SimpleData name="Latitude">20.0001607</SimpleData>
		<SimpleData name="Longitude">73.7242301</SimpleData>
		<SimpleData name="Rating">4.5</SimpleData>
		<SimpleData name="Place_ID">ChIJb4IYZwDt3TsRX4xk47xn_7A</SimpleData>
		<SimpleData name="Distance_m">720</SimpleData>
		<SimpleData name="Source_File">Nashik_Satpur_warehouses.xlsx</SimpleData>
	</SchemaData></ExtendedData>
      <Point><coordinates>73.7242301,20.0001607</coordinates></Point>
  </Placemark>
  <Placemark id="warehouses.148">
	<name>Klassik Foods Pvt Ltd</name>
	<ExtendedData><SchemaData schemaUrl="#warehouses">
		<SimpleData name="Category">storage</SimpleData>
		<SimpleData name="Address">F30, Satpur MIDC Main Rd, MIDC, Satpur Colony, Nashik, Maharashtra 422012, India</SimpleData>
		<SimpleData name="Latitude">20.0050695</SimpleData>
		<SimpleData name="Longitude">73.7219328</SimpleData>
		<SimpleData name="Rating">4</SimpleData>
		<SimpleData name="Place_ID">ChIJlWlwdgDt3TsRF-VMjvV7Fg8</SimpleData>
		<SimpleData name="Distance_m">1074</SimpleData>
		<SimpleData name="Source_File">Nashik_Satpur_warehouses.xlsx</SimpleData>
	</SchemaData></ExtendedData>
      <Point><coordinates>73.7219328,20.0050695</coordinates></Point>
  </Placemark>
  <Placemark id="warehouses.149">
	<name>ELEMENT RETAIL PRIVATE LIMITED</name>
	<ExtendedData><SchemaData schemaUrl="#warehouses">
		<SimpleData name="Category">storage</SimpleData>
		<SimpleData name="Address">XPVR+82X, Plot No. 18/1/1, near Sakal Circle, MIDC, Satpur Colony, Nashik, Maharashtra 422007, India</SimpleData>
		<SimpleData name="Latitude">19.993385</SimpleData>
		<SimpleData name="Longitude">73.740104</SimpleData>
		<SimpleData name="Place_ID">ChIJjbedA1Pt3TsRtqi5p80SbF4</SimpleData>
		<SimpleData name="Distance_m">1244</SimpleData>
		<SimpleData name="Source_File">Nashik_Satpur_warehouses.xlsx</SimpleData>
	</SchemaData></ExtendedData>
      <Point><coordinates>73.740104,19.993385</coordinates></Point>
  </Placemark>
  <Placemark id="warehouses.150">
	<name>Wikas printing and carriers Pvt Ltd</name>
	<ExtendedData><SchemaData schemaUrl="#warehouses">
		<SimpleData name="Category">storage</SimpleData>
		<SimpleData name="Address">1, Prabudha Nagar, Satpur Colony, Nashik, Maharashtra 422007, India</SimpleData>
		<SimpleData name="Latitude">19.9970933</SimpleData>
		<SimpleData name="Longitude">73.722835</SimpleData>
		<SimpleData name="Place_ID">ChIJ95ChWgDt3TsR3Ec1wG6FrMk</SimpleData>
		<SimpleData name="Distance_m">952</SimpleData>
		<SimpleData name="Source_File">Nashik_Satpur_warehouses.xlsx</SimpleData>
	</SchemaData></ExtendedData>
      <Point><coordinates>73.722835,19.9970933</coordinates></Point>
  </Placemark>
  <Placemark id="warehouses.151">
	<name>ABB Tci Supply chain Solutions</name>
	<ExtendedData><SchemaData schemaUrl="#warehouses">
		<SimpleData name="Category">storage</SimpleData>
		<SimpleData name="Address">XPWJ+2JR, MIDC, Satpur Colony, Nashik, Maharashtra 422007, India</SimpleData>
		<SimpleData name="Latitude">19.9951173</SimpleData>
		<SimpleData name="Longitude">73.7315162</SimpleData>
		<SimpleData name="Rating">5</SimpleData>
		<SimpleData name="Place_ID">ChIJw1FwZwDt3TsRTh5mOypn67A</SimpleData>
		<SimpleData name="Distance_m">622</SimpleData>
		<SimpleData name="Source_File">Nashik_Satpur_warehouses.xlsx</SimpleData>
	</SchemaData></ExtendedData>
      <Point><coordinates>73.7315162,19.9951173</coordinates></Point>
  </Placemark>
  <Placemark id="warehouses.152">
	<name>Reliance Retail METRO</name>
	<ExtendedData><SchemaData schemaUrl="#warehouses">
		<SimpleData name="Category">storage</SimpleData>
		<SimpleData name="Address">C17 C road, Nice area MIDC, SATPUR, C road, NICE Area, MIDC, Yogi ayurvedic, Nashik, Maharashtra 422007, India</SimpleData>
		<SimpleData name="Latitude">19.9945401</SimpleData>
		<SimpleData name="Longitude">73.7424445</SimpleData>
		<SimpleData name="Place_ID">ChIJy293CwDt3TsR74KswRtjLgg</SimpleData>
		<SimpleData name="Distance_m">1369</SimpleData>
		<SimpleData name="Source_File">Nashik_Satpur_warehouses.xlsx</SimpleData>
	</SchemaData></ExtendedData>
      <Point><coordinates>73.7424445,19.9945401</coordinates></Point>
  </Placemark>
  <Placemark id="warehouses.153">
	<name>Mulititech sarvisess</name>
	<ExtendedData><SchemaData schemaUrl="#warehouses">
		<SimpleData name="Category">storage</SimpleData>
		<SimpleData name="Address">G34/4, MIDC, Satpur Colony, Nashik, Maharashtra 422005, India</SimpleData>
		<SimpleData name="Latitude">19.9894069</SimpleData>
		<SimpleData name="Longitude">73.7453011</SimpleData>
		<SimpleData name="Rating">5</SimpleData>
		<SimpleData name="Place_ID">ChIJD7sTRwDt3TsRk88NsN0w1Ac</SimpleData>
		<SimpleData name="Distance_m">1944</SimpleData>
		<SimpleData name="Source_File">Nashik_Satpur_warehouses.xlsx</SimpleData>
	</SchemaData></ExtendedData>
      <Point><coordinates>73.7453011,19.9894069</coordinates></Point>
  </Placemark>
  <Placemark id="warehouses.154">
	<name>Preci Tools Works</name>
	<ExtendedData><SchemaData schemaUrl="#warehouses">
		<SimpleData name="Category">storage</SimpleData>
		<SimpleData name="Address">XPWM+9H6, Unnamed Road, MIDC, Satpur Colony, Nashik, Maharashtra 422007, India</SimpleData>
		<SimpleData name="Latitude">19.9959225</SimpleData>
		<SimpleData name="Longitude">73.7338945</SimpleData>
		<SimpleData name="Rating">5</SimpleData>
		<SimpleData name="Place_ID">ChIJV4skNtPt3TsRIVLVCN67Plk</SimpleData>
		<SimpleData name="Distance_m">606</SimpleData>
		<SimpleData name="Source_File">Nashik_Satpur_warehouses.xlsx</SimpleData>
	</SchemaData></ExtendedData>
      <Point><coordinates>73.7338945,19.9959225</coordinates></Point>
  </Placemark>
  <Placemark id="warehouses.155">
	<name>Sai Samarth plenting shop</name>
	<ExtendedData><SchemaData schemaUrl="#warehouses">
		<SimpleData name="Category">storage</SimpleData>
		<SimpleData name="Address">2P2V+P93, Suyojit Garden Rd, Kamgar Nagar, Satpur Colony, Nashik, Maharashtra 422007, India</SimpleData>
		<SimpleData name="Latitude">20.0018167</SimpleData>
		<SimpleData name="Longitude">73.7434349</SimpleData>
		<SimpleData name="Place_ID">ChIJ7U2KCwDt3TsR9BwGdBdIKHo</SimpleData>
		<SimpleData name="Distance_m">1295</SimpleData>
		<SimpleData name="Source_File">Nashik_Satpur_warehouses.xlsx</SimpleData>
	</SchemaData></ExtendedData>
      <Point><coordinates>73.7434349,20.0018167</coordinates></Point>
  </Placemark>
  <Placemark id="warehouses.156">
	<name>HOME SHIFTING PACKERS AND MOVERS</name>
	<ExtendedData><SchemaData schemaUrl="#warehouses">
		<SimpleData name="Category">store</SimpleData>
		<SimpleData name="Address">Shop No. 2, Vaibhav Park, Mahatma Phule Chowk, Kamgar Nagar, Satpur Colony, Nashik, Maharashtra 422005, India</SimpleData>
		<SimpleData name="Latitude">20.0027083</SimpleData>
		<SimpleData name="Longitude">73.7446483</SimpleData>
		<SimpleData name="Rating">5</SimpleData>
		<SimpleData name="Place_ID">ChIJZR8NHmrt3TsR_TNEJ7zbuH8</SimpleData>
		<SimpleData name="Distance_m">1204</SimpleData>
		<SimpleData name="Source_File">Nashik_Gangapur_Road_warehouses.xlsx</SimpleData>
	</SchemaData></ExtendedData>
      <Point><coordinates>73.7446483,20.0027083</coordinates></Point>
  </Placemark>
  <Placemark id="warehouses.157">
	<name>PRAKASH LOGISTICS</name>
	<ExtendedData><SchemaData schemaUrl="#warehouses">
		<SimpleData name="Category">transportation_service</SimpleData>
		<SimpleData name="Address">1, Someshwar Colony, opp. Ceat Ltd, MIDC, Satpur Colony, Nashik, Maharashtra 422007, India</SimpleData>
		<SimpleData name="Latitude">20.0008254</SimpleData>
		<SimpleData name="Longitude">73.7241626</SimpleData>
		<SimpleData name="Rating">5</SimpleData>
		<SimpleData name="Place_ID">ChIJa843L5ft3TsRfP_63QJaoew</SimpleData>
		<SimpleData name="Distance_m">3000</SimpleData>
		<SimpleData name="Source_File">Nashik_Gangapur_Road_warehouses.xlsx</SimpleData>
	</SchemaData></ExtendedData>
      <Point><coordinates>73.7241626,20.0008254</coordinates></Point>
  </Placemark>
  <Placemark id="warehouses.158">
	<name>Agarwal Packers And Movers Nashik</name>
	<ExtendedData><SchemaData schemaUrl="#warehouses">
		<SimpleData name="Category">transportation_service</SimpleData>
		<SimpleData name="Address">Shop No.7, Diagnostic CT Scene, near Satpur, Ashoknagar, Satpur Colony, Nashik, Maharashtra 422012, India</SimpleData>
		<SimpleData name="Latitude">19.9901067</SimpleData>
		<SimpleData name="Longitude">73.7155678</SimpleData>
		<SimpleData name="Place_ID">ChIJsbk-C17t3TsRSANskkAdAZA</SimpleData>
		<SimpleData name="Distance_m">2005</SimpleData>
		<SimpleData name="Source_File">Nashik_Satpur_warehouses.xlsx</SimpleData>
	</SchemaData></ExtendedData>
      <Point><coordinates>73.7155678,19.9901067</coordinates></Point>
  </Placemark>
  <Placemark id="warehouses.159">
	<name>Midc satpur nashik</name>
	<ExtendedData><SchemaData schemaUrl="#warehouses">
		<SimpleData name="Category">transportation_service</SimpleData>
		<SimpleData name="Address">XPVJ+C6, MIDC, Satpur Colony, Nashik, Maharashtra 422007, India</SimpleData>
		<SimpleData name="Latitude">19.9930999</SimpleData>
		<SimpleData name="Longitude">73.7298425</SimpleData>
		<SimpleData name="Rating">3</SimpleData>
		<SimpleData name="Place_ID">ChIJDR60cQDt3TsR-Ws9JjG9SL4</SimpleData>
		<SimpleData name="Distance_m">855</SimpleData>
		<SimpleData name="Source_File">Nashik_Satpur_warehouses.xlsx</SimpleData>
	</SchemaData></ExtendedData>
      <Point><coordinates>73.7298425,19.9930999</coordinates></Point>
  </Placemark>
  <Placemark id="warehouses.160">
	<name>Avinash Cargo Pvt Ltd (ACPL)</name>
	<ExtendedData><SchemaData schemaUrl="#warehouses">
		<SimpleData name="Category">transportation_service</SimpleData>
		<SimpleData name="Address">Plot no P 43, Opp Radha krushna Hotel, near ITI Nashik, MIDC, Satpur Colony, Nashik, Maharashtra 422005, India</SimpleData>
		<SimpleData name="Latitude">19.9896156</SimpleData>
		<SimpleData name="Longitude">73.7461411</SimpleData>
		<SimpleData name="Rating">3.5</SimpleData>
		<SimpleData name="Place_ID">ChIJdSg8Lprt3TsRy49_QpooYLg</SimpleData>
		<SimpleData name="Distance_m">1997</SimpleData>
		<SimpleData name="Source_File">Nashik_Satpur_warehouses.xlsx</SimpleData>
	</SchemaData></ExtendedData>
      <Point><coordinates>73.7461411,19.9896156</coordinates></Point>
  </Placemark>
  <Placemark id="warehouses.161">
	<name>RENUKA LOGISTICS</name>
	<ExtendedData><SchemaData schemaUrl="#warehouses">
		<SimpleData name="Category">transportation_service</SimpleData>
		<SimpleData name="Address">Plot No.21, 1A, Satpur MIDC Rd, opp. SI Play Cricket Ground, near to Anand I Power Company, MIDC, Satpur Colony, Nashik, Maharashtra 422007, India</SimpleData>
		<SimpleData name="Latitude">19.994136</SimpleData>
		<SimpleData name="Longitude">73.7352233</SimpleData>
		<SimpleData name="Rating">4.2</SimpleData>
		<SimpleData name="Place_ID">ChIJIb2hzGLr3TsRKdL5xi6b1u0</SimpleData>
		<SimpleData name="Distance_m">848</SimpleData>
		<SimpleData name="Source_File">Nashik_Satpur_warehouses.xlsx</SimpleData>
	</SchemaData></ExtendedData>
      <Point><coordinates>73.7352233,19.994136</coordinates></Point>
  </Placemark>
  <Placemark id="warehouses.162">
	<name>DTS LOGISTICS</name>
	<ExtendedData><SchemaData schemaUrl="#warehouses">
		<SimpleData name="Category">transportation_service</SimpleData>
		<SimpleData name="Address">M I D C Area, P-58, Satpur, B/H Ujjwal Agencies, Satpur, MIDC, Satpur Colony, Nashik, Maharashtra 422007, India</SimpleData>
		<SimpleData name="Latitude">19.9993642</SimpleData>
		<SimpleData name="Longitude">73.7389764</SimpleData>
		<SimpleData name="Rating">4.3</SimpleData>
		<SimpleData name="Place_ID">ChIJAQAAAH3s3TsRzde-sAOadM8</SimpleData>
		<SimpleData name="Distance_m">836</SimpleData>
		<SimpleData name="Source_File">Nashik_Satpur_warehouses.xlsx</SimpleData>
	</SchemaData></ExtendedData>
      <Point><coordinates>73.7389764,19.9993642</coordinates></Point>
  </Placemark>
  <Placemark id="warehouses.163">
	<name>Aarya Technologies</name>
	<ExtendedData><SchemaData schemaUrl="#warehouses">
		<SimpleData name="Category">manufacturer</SimpleData>
		<SimpleData name="Address">Sayali Darshan A ,Near Dream Castle Buliding, Makhmalabad Naka, Madhuban Colony, Panchavati, Nashik, Maharashtra 422003, India</SimpleData>
		<SimpleData name="Latitude">20.0111029</SimpleData>
		<SimpleData name="Longitude">73.7956854</SimpleData>
		<SimpleData name="Rating">4.5</SimpleData>
		<SimpleData name="Place_ID">ChIJmTUS1LPr3TsRvUzZ4guHnuo</SimpleData>
		<SimpleData name="Distance_m">3436</SimpleData>
		<SimpleData name="Source_File">Nashik_Makhmalabad_warehouses.xlsx</SimpleData>
	</SchemaData></ExtendedData>
      <Point><coordinates>73.7956854,20.0111029</coordinates></Point>
  </Placemark>
  <Placemark id="warehouses.164">
	<name>SAMRAT INTERNATIONAL PACKERS AND MOVERS</name>
	<ExtendedData><SchemaData schemaUrl="#warehouses">
		<SimpleData name="Category">moving_company</SimpleData>
		<SimpleData name="Address">Office No.10, Pethkar Plaza, Panchavati Karanja Rd, near SBI, Makhmalabad Naka, Panchavati, Nashik, Maharashtra 422003, India</SimpleData>
		<SimpleData name="Latitude">20.0129774</SimpleData>
		<SimpleData name="Longitude">73.7912899</SimpleData>
		<SimpleData name="Rating">4.9</SimpleData>
		<SimpleData name="Place_ID">ChIJVVVpeLLr3TsRf0thekQDArI</SimpleData>
		<SimpleData name="Distance_m">2955</SimpleData>
		<SimpleData name="Source_File">Nashik_Makhmalabad_warehouses.xlsx</SimpleData>
	</SchemaData></ExtendedData>
      <Point><coordinates>73.7912899,20.0129774</coordinates></Point>
  </Placemark>
  <Placemark id="warehouses.165">
	<name>Yash Refrigeration</name>
	<ExtendedData><SchemaData schemaUrl="#warehouses">
		<SimpleData name="Category">storage</SimpleData>
		<SimpleData name="Address">Shop No 5, Sitaram Chambers, Peth Phata, Panchavati, Nashik, Maharashtra 422003, India</SimpleData>
		<SimpleData name="Latitude">20.0125406</SimpleData>
		<SimpleData name="Longitude">73.7919973</SimpleData>
		<SimpleData name="Rating">4.5</SimpleData>
		<SimpleData name="Place_ID">ChIJUWq_eK3r3TsR1opdASDR9DA</SimpleData>
		<SimpleData name="Distance_m">2484</SimpleData>
		<SimpleData name="Source_File">Nashik_Dwarka_warehouses.xlsx</SimpleData>
	</SchemaData></ExtendedData>
      <Point><coordinates>73.7919973,20.0125406</coordinates></Point>
  </Placemark>
  <Placemark id="warehouses.166">
	<name>WAGHMARE MALA</name>
	<ExtendedData><SchemaData schemaUrl="#warehouses">
		<SimpleData name="Category">storage</SimpleData>
		<SimpleData name="Address">2QFM+CRH, Makhmalabad, Nashik, Maharashtra 422003, India</SimpleData>
		<SimpleData name="Latitude">20.0235628</SimpleData>
		<SimpleData name="Longitude">73.7846111</SimpleData>
		<SimpleData name="Place_ID">ChIJ7-qeZ4Pr3TsRCifWmOZTbSU</SimpleData>
		<SimpleData name="Distance_m">1680</SimpleData>
		<SimpleData name="Source_File">Nashik_Makhmalabad_warehouses.xlsx</SimpleData>
	</SchemaData></ExtendedData>
      <Point><coordinates>73.7846111,20.0235628</coordinates></Point>
  </Placemark>
  <Placemark id="warehouses.167">
	<name>Sheed scrap center wanarwadi fata</name>
	<ExtendedData><SchemaData schemaUrl="#warehouses">
		<SimpleData name="Category">storage</SimpleData>
		<SimpleData name="Address">2Q6V+WP7, Dindori Naka, Kalachowki, Nashik, Maharashtra 422003, India</SimpleData>
		<SimpleData name="Latitude">20.0122939</SimpleData>
		<SimpleData name="Longitude">73.7942832</SimpleData>
		<SimpleData name="Place_ID">ChIJmWYuHqHr3TsRI-mtjhbbgLc</SimpleData>
		<SimpleData name="Distance_m">398</SimpleData>
		<SimpleData name="Source_File">Nashik_Panchavati_warehouses.xlsx</SimpleData>
	</SchemaData></ExtendedData>
      <Point><coordinates>73.7942832,20.0122939</coordinates></Point>
  </Placemark>
  <Placemark id="warehouses.168">
	<name>RPG SALES COR.</name>
	<ExtendedData><SchemaData schemaUrl="#warehouses">
		<SimpleData name="Category">storage</SimpleData>
		<SimpleData name="Address">5873/4/9, Ganeshwadi Rd, Naikwadi Pura, Panchavati, Nashik, Maharashtra 422003, India</SimpleData>
		<SimpleData name="Latitude">20.008685</SimpleData>
		<SimpleData name="Longitude">73.7997134</SimpleData>
		<SimpleData name="Place_ID">ChIJkWiPHwDr3TsR_8qfDHdDza8</SimpleData>
		<SimpleData name="Distance_m">821</SimpleData>
		<SimpleData name="Source_File">Nashik_Panchavati_warehouses.xlsx</SimpleData>
	</SchemaData></ExtendedData>
      <Point><coordinates>73.7997134,20.008685</coordinates></Point>
  </Placemark>
  <Placemark id="warehouses.169">
	<name>Kalayatan Cargo and Logistics Private Limited</name>
	<ExtendedData><SchemaData schemaUrl="#warehouses">
		<SimpleData name="Category">transportation_service</SimpleData>
		<SimpleData name="Address">behind Indrakund, near Himalaya Bakery Jajuwadi, Panchavati, Nashik, Maharashtra 422003, India</SimpleData>
		<SimpleData name="Latitude">20.0117052</SimpleData>
		<SimpleData name="Longitude">73.7933924</SimpleData>
		<SimpleData name="Rating">2.5</SimpleData>
		<SimpleData name="Place_ID">ChIJs_L83xPr3TsRj9yQ-chp4tE</SimpleData>
		<SimpleData name="Distance_m">291</SimpleData>
		<SimpleData name="Source_File">Nashik_Panchavati_warehouses.xlsx</SimpleData>
	</SchemaData></ExtendedData>
      <Point><coordinates>73.7933924,20.0117052</coordinates></Point>
  </Placemark>
  <Placemark id="warehouses.170">
	<name>Patil Machinery &amp; Tractors</name>
	<ExtendedData><SchemaData schemaUrl="#warehouses">
		<SimpleData name="Category">manufacturer</SimpleData>
		<SimpleData name="Address">Shop no. 17/4 shard Chandra Pawar market, 3, Peth Rd, Panchavati, Nashik, Maharashtra 422003, India</SimpleData>
		<SimpleData name="Latitude">20.0273983</SimpleData>
		<SimpleData name="Longitude">73.7952695</SimpleData>
		<SimpleData name="Rating">4.8</SimpleData>
		<SimpleData name="Place_ID">ChIJmSKzyzTq3TsR3wxLl_ev8n4</SimpleData>
		<SimpleData name="Distance_m">2593</SimpleData>
		<SimpleData name="Source_File">Nashik_Makhmalabad_warehouses.xlsx</SimpleData>
	</SchemaData></ExtendedData>
      <Point><coordinates>73.7952695,20.0273983</coordinates></Point>
  </Placemark>
  <Placemark id="warehouses.171">
	<name>Transline Packera And Movers Nashik</name>
	<ExtendedData><SchemaData schemaUrl="#warehouses">
		<SimpleData name="Category">moving_company</SimpleData>
		<SimpleData name="Address">2R65+FVP, Adgaon Naka, Nashik Road, Nashik, Maharashtra 422003, India</SimpleData>
		<SimpleData name="Latitude">20.0112006</SimpleData>
		<SimpleData name="Longitude">73.8097104</SimpleData>
		<SimpleData name="Rating">5</SimpleData>
		<SimpleData name="Place_ID">ChIJMbR1Um3r3TsRFPGRbtoFdek</SimpleData>
		<SimpleData name="Distance_m">1870</SimpleData>
		<SimpleData name="Source_File">Nashik_Panchavati_warehouses.xlsx</SimpleData>
	</SchemaData></ExtendedData>
      <Point><coordinates>73.8097104,20.0112006</coordinates></Point>
  </Placemark>
  <Placemark id="warehouses.172">
	<name>Kalya Exports</name>
	<ExtendedData><SchemaData schemaUrl="#warehouses">
		<SimpleData name="Category">service</SimpleData>
		<SimpleData name="Address">3-4, Tarakunj, Adgaon Naka, Panchavati, Nashik, Maharashtra 422003, India</SimpleData>
		<SimpleData name="Latitude">20.0089593</SimpleData>
		<SimpleData name="Longitude">73.8068843</SimpleData>
		<SimpleData name="Rating">4.3</SimpleData>
		<SimpleData name="Place_ID">ChIJS-fyOgHr3TsRmaB5Gd0STWk</SimpleData>
		<SimpleData name="Distance_m">1795</SimpleData>
		<SimpleData name="Source_File">Nashik_Dwarka_warehouses.xlsx</SimpleData>
	</SchemaData></ExtendedData>
      <Point><coordinates>73.8068843,20.0089593</coordinates></Point>
  </Placemark>
  <Placemark id="warehouses.173">
	<name>Infra Market Warehouse - Nashik</name>
	<ExtendedData><SchemaData schemaUrl="#warehouses">
		<SimpleData name="Category">storage</SimpleData>
		<SimpleData name="Address">2R8M+JV3, Hanuman Nagar, Nashik, Maharashtra 422003, India</SimpleData>
		<SimpleData name="Latitude">20.0166291</SimpleData>
		<SimpleData name="Longitude">73.834783</SimpleData>
		<SimpleData name="Rating">2.5</SimpleData>
		<SimpleData name="Place_ID">ChIJIb3wV8nr3TsRx8IETTaRjD0</SimpleData>
		<SimpleData name="Distance_m">3547</SimpleData>
		<SimpleData name="Source_File">Nashik_Adgaon_warehouses.xlsx</SimpleData>
	</SchemaData></ExtendedData>
      <Point><coordinates>73.834783,20.0166291</coordinates></Point>
  </Placemark>
  <Placemark id="warehouses.174">
	<name>Instakart store</name>
	<ExtendedData><SchemaData schemaUrl="#warehouses">
		<SimpleData name="Category">storage</SimpleData>
		<SimpleData name="Address">2R8M+WWM Phase 4 Amphitheatre Parksyde, Hanuman Nagar, Nashik, Maharashtra 422003, India</SimpleData>
		<SimpleData name="Latitude">20.0170551</SimpleData>
		<SimpleData name="Longitude">73.8351916</SimpleData>
		<SimpleData name="Rating">5</SimpleData>
		<SimpleData name="Place_ID">ChIJrczzcQDr3TsRwEf2d5WXZJo</SimpleData>
		<SimpleData name="Distance_m">3486</SimpleData>
		<SimpleData name="Source_File">Nashik_Adgaon_warehouses.xlsx</SimpleData>
	</SchemaData></ExtendedData>
      <Point><coordinates>73.8351916,20.0170551</coordinates></Point>
  </Placemark>
  <Placemark id="warehouses.175">
	<name>SANCHETI GROUP</name>
	<ExtendedData><SchemaData schemaUrl="#warehouses">
		<SimpleData name="Category">storage</SimpleData>
		<SimpleData name="Address">No. 1, Krishna Kamal, New Adgoan Naka, Abhang Nagar, Om Nagar, Nashik, Maharashtra 422003, India</SimpleData>
		<SimpleData name="Latitude">20.0096759</SimpleData>
		<SimpleData name="Longitude">73.8060292</SimpleData>
		<SimpleData name="Rating">4.6</SimpleData>
		<SimpleData name="Place_ID">ChIJVVVVYVDq3TsRoGuAR1q83qM</SimpleData>
		<SimpleData name="Distance_m">1859</SimpleData>
		<SimpleData name="Source_File">Nashik_Dwarka_warehouses.xlsx</SimpleData>
	</SchemaData></ExtendedData>
      <Point><coordinates>73.8060292,20.0096759</coordinates></Point>
  </Placemark>
  <Placemark id="warehouses.176">
	<name>TcsGodown</name>
	<ExtendedData><SchemaData schemaUrl="#warehouses">
		<SimpleData name="Category">storage</SimpleData>
		<SimpleData name="Address">2R79+7CC, Swaminarayan nagar, Nashik, Maharashtra 422003, India</SimpleData>
		<SimpleData name="Latitude">20.013189</SimpleData>
		<SimpleData name="Longitude">73.8184836</SimpleData>
		<SimpleData name="Rating">5</SimpleData>
		<SimpleData name="Place_ID">ChIJx-zwRwDr3TsRCDEa--mhZG4</SimpleData>
		<SimpleData name="Distance_m">3729</SimpleData>
		<SimpleData name="Source_File">Nashik_Hanuman_Nagar_warehouses.xlsx</SimpleData>
	</SchemaData></ExtendedData>
      <Point><coordinates>73.8184836,20.013189</coordinates></Point>
  </Placemark>
  <Placemark id="warehouses.177">
	<name>Om Automobiles Omnagar Panchvati Nasik</name>
	<ExtendedData><SchemaData schemaUrl="#warehouses">
		<SimpleData name="Category">storage</SimpleData>
		<SimpleData name="Address">2R64+4FG, Abhang Nagar, Shree Dwaraka Nagari, Nashik, Maharashtra 422003, India</SimpleData>
		<SimpleData name="Latitude">20.0103147</SimpleData>
		<SimpleData name="Longitude">73.8062096</SimpleData>
		<SimpleData name="Rating">4.8</SimpleData>
		<SimpleData name="Place_ID">ChIJLwq6nlDq3TsRC1WS93--Z_4</SimpleData>
		<SimpleData name="Distance_m">2515</SimpleData>
		<SimpleData name="Source_File">Nashik_Hanuman_Nagar_warehouses.xlsx</SimpleData>
	</SchemaData></ExtendedData>
      <Point><coordinates>73.8062096,20.0103147</coordinates></Point>
  </Placemark>
  <Placemark id="warehouses.178">
	<name>H. Joshi Bros (Godown) Bharatgas</name>
	<ExtendedData><SchemaData schemaUrl="#warehouses">
		<SimpleData name="Category">supplier</SimpleData>
		<SimpleData name="Address">H Joshi Bros, Gas Godown, Tapovan Road, Corner, Agra - Mumbai Hwy, Panchavati, Nashik, Maharashtra 422003, India</SimpleData>
		<SimpleData name="Latitude">20.0069222</SimpleData>
		<SimpleData name="Longitude">73.8047605</SimpleData>
		<SimpleData name="Rating">3.5</SimpleData>
		<SimpleData name="Place_ID">ChIJMVl6JA_r3TsRzXidJ8mx04M</SimpleData>
		<SimpleData name="Distance_m">1374</SimpleData>
		<SimpleData name="Source_File">Nashik_Panchavati_warehouses.xlsx</SimpleData>
	</SchemaData></ExtendedData>
      <Point><coordinates>73.8047605,20.0069222</coordinates></Point>
  </Placemark>
  <Placemark id="warehouses.179">
	<name>NASHIK PACKERS AND MOVERS</name>
	<ExtendedData><SchemaData schemaUrl="#warehouses">
		<SimpleData name="Category">transportation_service</SimpleData>
		<SimpleData name="Address">F.No.9 BLDG.No 03, NISHANT VILLAGE, PURUSHOTTAM CO.OP.HSG . SOCIETY, near SWAMI'S CYBER cafe, Adgaon, Nashik, Maharashtra 422003, India</SimpleData>
		<SimpleData name="Latitude">20.028926</SimpleData>
		<SimpleData name="Longitude">73.8357632</SimpleData>
		<SimpleData name="Rating">5</SimpleData>
		<SimpleData name="Place_ID">ChIJ37F3_aaI3i8Rj6GBY5CKxjY</SimpleData>
		<SimpleData name="Distance_m">2952</SimpleData>
		<SimpleData name="Source_File">Nashik_Adgaon_warehouses.xlsx</SimpleData>
	</SchemaData></ExtendedData>
      <Point><coordinates>73.8357632,20.028926</coordinates></Point>
  </Placemark>
  <Placemark id="warehouses.180">
	<name>Shree Nasik Goods Transport Co Pvt Ltd</name>
	<ExtendedData><SchemaData schemaUrl="#warehouses">
		<SimpleData name="Category">transportation_service</SimpleData>
		<SimpleData name="Address">N.G.T. House, Hirawadi, Bappa Sitaram Marg, Adgaon Naka, Om Nagar, Nashik, Maharashtra 422003, India</SimpleData>
		<SimpleData name="Latitude">20.0121703</SimpleData>
		<SimpleData name="Longitude">73.8078237</SimpleData>
		<SimpleData name="Rating">3.6</SimpleData>
		<SimpleData name="Place_ID">ChIJIS_gjVrq3TsR65T9cZVOH0M</SimpleData>
		<SimpleData name="Distance_m">2164</SimpleData>
		<SimpleData name="Source_File">Nashik_Dwarka_warehouses.xlsx</SimpleData>
	</SchemaData></ExtendedData>
      <Point><coordinates>73.8078237,20.0121703</coordinates></Point>
  </Placemark>
  <Placemark id="warehouses.181">
	<name>S P logistics</name>
	<ExtendedData><SchemaData schemaUrl="#warehouses">
		<SimpleData name="Category">transportation_service</SimpleData>
		<SimpleData name="Address">tapovan, SP VILLA NEAR PAREEK BUNGLOW TAPOVAN ROAD PANCHVATI NASHIK, Vaishnavi Park, Nashik, Maharashtra 422003, India</SimpleData>
		<SimpleData name="Latitude">20.00363</SimpleData>
		<SimpleData name="Longitude">73.809187</SimpleData>
		<SimpleData name="Rating">5</SimpleData>
		<SimpleData name="Place_ID">ChIJLwNie1jq3TsREdV2EZPABQ8</SimpleData>
		<SimpleData name="Distance_m">2708</SimpleData>
		<SimpleData name="Source_File">Nashik_Tapovan_warehouses.xlsx</SimpleData>
	</SchemaData></ExtendedData>
      <Point><coordinates>73.809187,20.00363</coordinates></Point>
  </Placemark>
  <Placemark id="warehouses.182">
	<name>S K Translines Pvt. Ltd.</name>
	<ExtendedData><SchemaData schemaUrl="#warehouses">
		<SimpleData name="Category">transportation_service</SimpleData>
		<SimpleData name="Address">Shop. No. 23, Godavari Chamber, Below Hotel Sri Jai Palace Opp. Collage., Agra - Mumbai Hwy, Ganeshwadi, Panchvati, Nashik, Maharashtra 422003, India</SimpleData>
		<SimpleData name="Latitude">20.004745</SimpleData>
		<SimpleData name="Longitude">73.802842</SimpleData>
		<SimpleData name="Rating">5</SimpleData>
		<SimpleData name="Place_ID">ChIJ6Ze6Wlbq3TsRCSogxgAY_ns</SimpleData>
		<SimpleData name="Distance_m">2159</SimpleData>
		<SimpleData name="Source_File">Nashik_Tapovan_warehouses.xlsx</SimpleData>
	</SchemaData></ExtendedData>
      <Point><coordinates>73.802842,20.004745</coordinates></Point>
  </Placemark>
  <Placemark id="warehouses.183">
	<name>Abhishek's Warehouse</name>
	<ExtendedData><SchemaData schemaUrl="#warehouses">
		<SimpleData name="Category">warehouse_store</SimpleData>
		<SimpleData name="Address">Hanuman Nagar, Nashik, Maharashtra 422003, India</SimpleData>
		<SimpleData name="Latitude">20.0150232</SimpleData>
		<SimpleData name="Longitude">73.8361721</SimpleData>
		<SimpleData name="Rating">5</SimpleData>
		<SimpleData name="Place_ID">ChIJdZtLFwDr3TsR4o7zKc2NF6c</SimpleData>
		<SimpleData name="Distance_m">3526</SimpleData>
		<SimpleData name="Source_File">Nashik_Adgaon_warehouses.xlsx</SimpleData>
	</SchemaData></ExtendedData>
      <Point><coordinates>73.8361721,20.0150232</coordinates></Point>
  </Placemark>
  <Placemark id="warehouses.184">
	<name>Ceramic house godown</name>
	<ExtendedData><SchemaData schemaUrl="#warehouses">
		<SimpleData name="Category">wholesaler</SimpleData>
		<SimpleData name="Address">Ceramic house godown, Aurangabad Rd, near celebration lawns, Vaishnavi Park, Nashik, Maharashtra 422003, India</SimpleData>
		<SimpleData name="Latitude">20.006873</SimpleData>
		<SimpleData name="Longitude">73.8203044</SimpleData>
		<SimpleData name="Rating">3</SimpleData>
		<SimpleData name="Place_ID">ChIJHUtvG2Xr3TsRtDbd1gdnLn4</SimpleData>
		<SimpleData name="Distance_m">3576</SimpleData>
		<SimpleData name="Source_File">Nashik_Hanuman_Nagar_warehouses.xlsx</SimpleData>
	</SchemaData></ExtendedData>
      <Point><coordinates>73.8203044,20.006873</coordinates></Point>
  </Placemark>
  <Placemark id="warehouses.185">
	<name>Poonia Relocation Packers And Movers Nashik</name>
	<ExtendedData><SchemaData schemaUrl="#warehouses">
		<SimpleData name="Category">moving_company</SimpleData>
		<SimpleData name="Address">Archit Rialto, E-292, Gangapur Rd, Navshya Ganapati Parisar, Ganpati Nagar, Anandvalli, Nashik, Maharashtra 422013, India</SimpleData>
		<SimpleData name="Latitude">20.0150141</SimpleData>
		<SimpleData name="Longitude">73.7379916</SimpleData>
		<SimpleData name="Rating">5</SimpleData>
		<SimpleData name="Place_ID">ChIJbbWVQLHt3TsRj7qJ4VnoEOg</SimpleData>
		<SimpleData name="Distance_m">2799</SimpleData>
		<SimpleData name="Source_File">Nashik_College_Road_warehouses.xlsx</SimpleData>
	</SchemaData></ExtendedData>
      <Point><coordinates>73.7379916,20.0150141</coordinates></Point>
  </Placemark>
  <Placemark id="warehouses.186">
	<name>Omprakash</name>
	<ExtendedData><SchemaData schemaUrl="#warehouses">
		<SimpleData name="Category">storage</SimpleData>
		<SimpleData name="Address">Flat no 13, shyam Avenue apartment, Someshwar Colony, Satpur Colony, Nashik, Maharashtra 422007, India</SimpleData>
		<SimpleData name="Latitude">20.0063822</SimpleData>
		<SimpleData name="Longitude">73.7294789</SimpleData>
		<SimpleData name="Place_ID">ChIJ1bV3wDvt3TsRa_OmAwOBhEg</SimpleData>
		<SimpleData name="Distance_m">2673</SimpleData>
		<SimpleData name="Source_File">Nashik_Chunchale_warehouses.xlsx</SimpleData>
	</SchemaData></ExtendedData>
      <Point><coordinates>73.7294789,20.0063822</coordinates></Point>
  </Placemark>
  <Placemark id="warehouses.187">
	<name>Padmavathi Bungalow</name>
	<ExtendedData><SchemaData schemaUrl="#warehouses">
		<SimpleData name="Category">storage</SimpleData>
		<SimpleData name="Address">Padmavati bunglow, 30/35, plot/8, behind Trimurti ful bhandar, Kale Nagar, Vivekanand Nagar, Anandvalli, Nashik, Maharashtra 422013, India</SimpleData>
		<SimpleData name="Latitude">20.0072188</SimpleData>
		<SimpleData name="Longitude">73.7443643</SimpleData>
		<SimpleData name="Rating">5</SimpleData>
		<SimpleData name="Place_ID">ChIJ949TLgDt3TsRKVpoEkOo6ME</SimpleData>
		<SimpleData name="Distance_m">1952</SimpleData>
		<SimpleData name="Source_File">Nashik_College_Road_warehouses.xlsx</SimpleData>
	</SchemaData></ExtendedData>
      <Point><coordinates>73.7443643,20.0072188</coordinates></Point>
  </Placemark>
  <Placemark id="warehouses.188">
	<name>Kartik Enterprises</name>
	<ExtendedData><SchemaData schemaUrl="#warehouses">
		<SimpleData name="Category">storage</SimpleData>
		<SimpleData name="Address">Gangapur - Satpur Link Road Shivaji Nagar, Satpur Colony Row Bungalow No. 6, SR no. 92, Disha RB, 2/2, Dhruv Nagar, Shivaji Nagar, Satpur Colony, Nashik, Maharashtra 422012, India</SimpleData>
		<SimpleData name="Latitude">20.01413</SimpleData>
		<SimpleData name="Longitude">73.7153462</SimpleData>
		<SimpleData name="Rating">5</SimpleData>
		<SimpleData name="Place_ID">ChIJCaTPP5rt3TsRAxZ8jdhrTa4</SimpleData>
		<SimpleData name="Distance_m">3648</SimpleData>
		<SimpleData name="Source_File">Nashik_Gangapur_Road_warehouses.xlsx</SimpleData>
	</SchemaData></ExtendedData>
      <Point><coordinates>73.7153462,20.01413</coordinates></Point>
  </Placemark>
  <Placemark id="warehouses.189">
	<name>DS Decorators and Event Planners Godown</name>
	<ExtendedData><SchemaData schemaUrl="#warehouses">
		<SimpleData name="Category">storage</SimpleData>
		<SimpleData name="Address">P3, Gangapur, Jalalpur, Nashik, Maharashtra 422222, India</SimpleData>
		<SimpleData name="Latitude">20.0191871</SimpleData>
		<SimpleData name="Longitude">73.7268374</SimpleData>
		<SimpleData name="Place_ID">ChIJ2TVsDwDt3TsRTpJ-1xWFPA4</SimpleData>
		<SimpleData name="Distance_m">2562</SimpleData>
		<SimpleData name="Source_File">Nashik_Gangapur_Road_warehouses.xlsx</SimpleData>
	</SchemaData></ExtendedData>
      <Point><coordinates>73.7268374,20.0191871</coordinates></Point>
  </Placemark>
  <Placemark id="warehouses.190">
	<name>Jay Shankar Self Drive Car</name>
	<ExtendedData><SchemaData schemaUrl="#warehouses">
		<SimpleData name="Category">store</SimpleData>
		<SimpleData name="Address">Shop No 1, Gangapur Rd, near Ganadhish Appartment Anandwali, Sector-A, Anandvalli, Nashik, Maharashtra 422013, India</SimpleData>
		<SimpleData name="Latitude">20.0136229</SimpleData>
		<SimpleData name="Longitude">73.7472178</SimpleData>
		<SimpleData name="Rating">5</SimpleData>
		<SimpleData name="Place_ID">ChIJ81T-307t3TsRm_x-pRO6m0c</SimpleData>
		<SimpleData name="Distance_m">349</SimpleData>
		<SimpleData name="Source_File">Nashik_Gangapur_Road_warehouses.xlsx</SimpleData>
	</SchemaData></ExtendedData>
      <Point><coordinates>73.7472178,20.0136229</coordinates></Point>
  </Placemark>
  <Placemark id="warehouses.191">
	<name>Packers And Movers Nashik</name>
	<ExtendedData><SchemaData schemaUrl="#warehouses">
		<SimpleData name="Category">transportation_service</SimpleData>
		<SimpleData name="Address">Gangapur Rd, Navshya Ganapati Parisar, Ganpati Nagar, Anandvalli, Nashik, Maharashtra 422013, India</SimpleData>
		<SimpleData name="Latitude">20.0136811</SimpleData>
		<SimpleData name="Longitude">73.7409985</SimpleData>
		<SimpleData name="Rating">5</SimpleData>
		<SimpleData name="Place_ID">ChIJ_4zZ4IDt3TsRFcrTcGCfPiA</SimpleData>
		<SimpleData name="Distance_m">975</SimpleData>
		<SimpleData name="Source_File">Nashik_Gangapur_Road_warehouses.xlsx</SimpleData>
	</SchemaData></ExtendedData>
      <Point><coordinates>73.7409985,20.0136811</coordinates></Point>
  </Placemark>
  <Placemark id="warehouses.192">
	<name>JK GROUP WAREHOUSE 31</name>
	<ExtendedData><SchemaData schemaUrl="#warehouses">
		<SimpleData name="Category">storage</SimpleData>
		<SimpleData name="Address">Apmc, 2QHR+8QM, Samarth Nagar, Makhmalabad, Nashik, Maharashtra 422003, India</SimpleData>
		<SimpleData name="Latitude">20.0283419</SimpleData>
		<SimpleData name="Longitude">73.7919219</SimpleData>
		<SimpleData name="Rating">5</SimpleData>
		<SimpleData name="Place_ID">ChIJnypuO_rr3TsR5A7EqgkHy90</SimpleData>
		<SimpleData name="Distance_m">3725</SimpleData>
		<SimpleData name="Source_File">Nashik_Hanuman_Nagar_warehouses.xlsx</SimpleData>
	</SchemaData></ExtendedData>
      <Point><coordinates>73.7919219,20.0283419</coordinates></Point>
  </Placemark>
  <Placemark id="warehouses.193">
	<name>Shubham Jadhav pathri</name>
	<ExtendedData><SchemaData schemaUrl="#warehouses">
		<SimpleData name="Category">storage</SimpleData>
		<SimpleData name="Address">2QJQ+W6J, Samarth Nagar, Makhmalabad, Nashik, Maharashtra 422003, India</SimpleData>
		<SimpleData name="Latitude">20.0323094</SimpleData>
		<SimpleData name="Longitude">73.7880022</SimpleData>
		<SimpleData name="Place_ID">ChIJKwzaHQDr3TsR738xgJzmQC0</SimpleData>
		<SimpleData name="Distance_m">1801</SimpleData>
		<SimpleData name="Source_File">Nashik_Makhmalabad_warehouses.xlsx</SimpleData>
	</SchemaData></ExtendedData>
      <Point><coordinates>73.7880022,20.0323094</coordinates></Point>
  </Placemark>
  <Placemark id="warehouses.194">
	<name>Mangalam Dailyneeds and stationary</name>
	<ExtendedData><SchemaData schemaUrl="#warehouses">
		<SimpleData name="Category">storage</SimpleData>
		<SimpleData name="Address">2QGQ+WX9, VIBGYOR School Rd, Samarth Nagar, Makhmalabad, Nashik, Maharashtra 422003, India</SimpleData>
		<SimpleData name="Latitude">20.0275494</SimpleData>
		<SimpleData name="Longitude">73.7901352</SimpleData>
		<SimpleData name="Place_ID">ChIJV7xtSgDr3TsRFRlFhiGG5pM</SimpleData>
		<SimpleData name="Distance_m">2063</SimpleData>
		<SimpleData name="Source_File">Nashik_Makhmalabad_warehouses.xlsx</SimpleData>
	</SchemaData></ExtendedData>
      <Point><coordinates>73.7901352,20.0275494</coordinates></Point>
  </Placemark>
  <Placemark id="warehouses.195">
	<name>Shree Nasik Goods Transport Pvt. Ltd</name>
	<ExtendedData><SchemaData schemaUrl="#warehouses">
		<SimpleData name="Category">transportation_service</SimpleData>
		<SimpleData name="Address">2/7, Sharad Chandra Pawar Market Yard, Peth Rd, Samarth Nagar, Makhmalabad, Nashik, Maharashtra 422004, India nasik goods, Samarth Nagar, Makhmalabad, Nashik, Maharashtra 422003, India</SimpleData>
		<SimpleData name="Latitude">20.0285775</SimpleData>
		<SimpleData name="Longitude">73.7909761</SimpleData>
		<SimpleData name="Rating">4</SimpleData>
		<SimpleData name="Place_ID">ChIJ0yONhizr3TsRnZjkpxClyn8</SimpleData>
		<SimpleData name="Distance_m">3853</SimpleData>
		<SimpleData name="Source_File">Nashik_College_Road_warehouses.xlsx</SimpleData>
	</SchemaData></ExtendedData>
      <Point><coordinates>73.7909761,20.0285775</coordinates></Point>
  </Placemark>
  <Placemark id="warehouses.196">
	<name>Logistic Hub</name>
	<ExtendedData><SchemaData schemaUrl="#warehouses">
		<SimpleData name="Category">wholesaler</SimpleData>
		<SimpleData name="Address">Shop No.31, Sharadchandra Pawar, B Wing, Market Yard Rd, opposite RTO office, Samarth Nagar, Panchavati, Nashik, Maharashtra 422003, India</SimpleData>
		<SimpleData name="Latitude">20.0285492</SimpleData>
		<SimpleData name="Longitude">73.7918865</SimpleData>
		<SimpleData name="Rating">4</SimpleData>
		<SimpleData name="Place_ID">ChIJzdeBw_jr3TsRhaIHuadnrak</SimpleData>
		<SimpleData name="Distance_m">3924</SimpleData>
		<SimpleData name="Source_File">Nashik_College_Road_warehouses.xlsx</SimpleData>
	</SchemaData></ExtendedData>
      <Point><coordinates>73.7918865,20.0285492</coordinates></Point>
  </Placemark>
  <Placemark id="warehouses.197">
	<name>Laxmi steel makhmalabad</name>
	<ExtendedData><SchemaData schemaUrl="#warehouses">
		<SimpleData name="Category">building_materials_store</SimpleData>
		<SimpleData name="Address">Main road, opposite bus stop, near HDFC ATM, Gamane Mala, Makhmalabad, Nashik, Maharashtra 422003, India</SimpleData>
		<SimpleData name="Latitude">20.0476042</SimpleData>
		<SimpleData name="Longitude">73.7737757</SimpleData>
		<SimpleData name="Rating">5</SimpleData>
		<SimpleData name="Place_ID">ChIJORfomwbp3TsRq3tz00cFGQc</SimpleData>
		<SimpleData name="Distance_m">1839</SimpleData>
		<SimpleData name="Source_File">Nashik_Makhmalabad_warehouses.xlsx</SimpleData>
	</SchemaData></ExtendedData>
      <Point><coordinates>73.7737757,20.0476042</coordinates></Point>
  </Placemark>
  <Placemark id="warehouses.198">
	<name>Surya Enterprises</name>
	<ExtendedData><SchemaData schemaUrl="#warehouses">
		<SimpleData name="Category">building_materials_store</SimpleData>
		<SimpleData name="Address">Makhmalabad Rd, opp. Chandrakant gas godown, near Lilavati hospital, Ashwamegh Nagar, Makhmalabad, Nashik, Maharashtra 422003, India</SimpleData>
		<SimpleData name="Latitude">20.0389294</SimpleData>
		<SimpleData name="Longitude">73.7817936</SimpleData>
		<SimpleData name="Rating">4.7</SimpleData>
		<SimpleData name="Place_ID">ChIJ1e7zadrr3TsRYvP9wdePhps</SimpleData>
		<SimpleData name="Distance_m">1428</SimpleData>
		<SimpleData name="Source_File">Nashik_Makhmalabad_warehouses.xlsx</SimpleData>
	</SchemaData></ExtendedData>
      <Point><coordinates>73.7817936,20.0389294</coordinates></Point>
  </Placemark>
  <Placemark id="warehouses.199">
	<name>ULTRATECH GODOWN</name>
	<ExtendedData><SchemaData schemaUrl="#warehouses">
		<SimpleData name="Category">premise</SimpleData>
		<SimpleData name="Address">ULTRATECH GODOWN, Riding Academy by Harshal Sukdeo Ushir, beside Huzur-Paga Horse, Makhmalabad, Nashik, Maharashtra 422005, India</SimpleData>
		<SimpleData name="Latitude">20.0516663</SimpleData>
		<SimpleData name="Longitude">73.7678263</SimpleData>
		<SimpleData name="Place_ID">ChIJx10dL1zp3TsRJwkQFh17tUs</SimpleData>
		<SimpleData name="Distance_m">2286</SimpleData>
		<SimpleData name="Source_File">Nashik_Makhmalabad_warehouses.xlsx</SimpleData>
	</SchemaData></ExtendedData>
      <Point><coordinates>73.7678263,20.0516663</coordinates></Point>
  </Placemark>
  <Placemark id="warehouses.200">
	<name>Thete WareHouse</name>
	<ExtendedData><SchemaData schemaUrl="#warehouses">
		<SimpleData name="Category">storage</SimpleData>
		<SimpleData name="Address">MHSH26, Ramkrishna Nagar, Makhmalabad, Nashik, Maharashtra 422003, India</SimpleData>
		<SimpleData name="Latitude">20.046476</SimpleData>
		<SimpleData name="Longitude">73.7877806</SimpleData>
		<SimpleData name="Place_ID">ChIJLdC4vDXr3TsRm4KVqOqIGHU</SimpleData>
		<SimpleData name="Distance_m">2448</SimpleData>
		<SimpleData name="Source_File">Nashik_Makhmalabad_warehouses.xlsx</SimpleData>
	</SchemaData></ExtendedData>
      <Point><coordinates>73.7877806,20.046476</coordinates></Point>
  </Placemark>
  <Placemark id="warehouses.201">
	<name>Ganesh navale</name>
	<ExtendedData><SchemaData schemaUrl="#warehouses">
		<SimpleData name="Category">storage</SimpleData>
		<SimpleData name="Address">2QQR+JCG, Shanti Nagar, Ashwamegh Nagar, Makhmalabad, Nashik, Maharashtra 422003, India</SimpleData>
		<SimpleData name="Latitude">20.03906</SimpleData>
		<SimpleData name="Longitude">73.7910885</SimpleData>
		<SimpleData name="Place_ID">ChIJUaXGCsXr3TsRV5XeCy7JNNI</SimpleData>
		<SimpleData name="Distance_m">2288</SimpleData>
		<SimpleData name="Source_File">Nashik_Makhmalabad_warehouses.xlsx</SimpleData>
	</SchemaData></ExtendedData>
      <Point><coordinates>73.7910885,20.03906</coordinates></Point>
  </Placemark>
  <Placemark id="warehouses.202">
	<name>Saishwar Bungalow</name>
	<ExtendedData><SchemaData schemaUrl="#warehouses">
		<SimpleData name="Category">storage</SimpleData>
		<SimpleData name="Address">2QJJ+H83, Makhmalabad, Nashik, Maharashtra 422003, India</SimpleData>
		<SimpleData name="Latitude">20.0313855</SimpleData>
		<SimpleData name="Longitude">73.7806925</SimpleData>
		<SimpleData name="Place_ID">ChIJoVYvQQDr3TsR-FWrxGVlKBk</SimpleData>
		<SimpleData name="Distance_m">1033</SimpleData>
		<SimpleData name="Source_File">Nashik_Makhmalabad_warehouses.xlsx</SimpleData>
	</SchemaData></ExtendedData>
      <Point><coordinates>73.7806925,20.0313855</coordinates></Point>
  </Placemark>
  <Placemark id="warehouses.203">
	<name>Sakshi</name>
	<ExtendedData><SchemaData schemaUrl="#warehouses">
		<SimpleData name="Category">storage</SimpleData>
		<SimpleData name="Address">2QGM+6QV, Makhmalabad Rd, Janata Raja Colony, Nashik, Maharashtra 422003, India</SimpleData>
		<SimpleData name="Latitude">20.0256107</SimpleData>
		<SimpleData name="Longitude">73.784432</SimpleData>
		<SimpleData name="Rating">5</SimpleData>
		<SimpleData name="Place_ID">ChIJKcyCYADr3TsRNOY7OQZV2Os</SimpleData>
		<SimpleData name="Distance_m">1558</SimpleData>
		<SimpleData name="Source_File">Nashik_Makhmalabad_warehouses.xlsx</SimpleData>
	</SchemaData></ExtendedData>
      <Point><coordinates>73.784432,20.0256107</coordinates></Point>
  </Placemark>
  <Placemark id="warehouses.204">
	<name>Abhi naikwade home</name>
	<ExtendedData><SchemaData schemaUrl="#warehouses">
		<SimpleData name="Category">storage</SimpleData>
		<SimpleData name="Address">Om Nagar, 443/12, Ashwamegh Nagar, Makhmalabad, Nashik, Maharashtra 422003, India</SimpleData>
		<SimpleData name="Latitude">20.0366</SimpleData>
		<SimpleData name="Longitude">73.788758</SimpleData>
		<SimpleData name="Place_ID">ChIJGYOzHQDr3TsRVYB8xTdvzzQ</SimpleData>
		<SimpleData name="Distance_m">1966</SimpleData>
		<SimpleData name="Source_File">Nashik_Makhmalabad_warehouses.xlsx</SimpleData>
	</SchemaData></ExtendedData>
      <Point><coordinates>73.788758,20.0366</coordinates></Point>
  </Placemark>
  <Placemark id="warehouses.205">
	<name>Chandrakant Gas Godown</name>
	<ExtendedData><SchemaData schemaUrl="#warehouses">
		<SimpleData name="Category">storage</SimpleData>
		<SimpleData name="Address">2QQJ+FH5, Makhmalabad Rd, Vidya Nagar, Ghadge Nagar, Makhmalabad, Nashik, Maharashtra 422003, India</SimpleData>
		<SimpleData name="Latitude">20.0386295</SimpleData>
		<SimpleData name="Longitude">73.7814935</SimpleData>
		<SimpleData name="Rating">3.6</SimpleData>
		<SimpleData name="Place_ID">ChIJJz8KL9rr3TsRADjekHh0cUk</SimpleData>
		<SimpleData name="Distance_m">1383</SimpleData>
		<SimpleData name="Source_File">Nashik_Makhmalabad_warehouses.xlsx</SimpleData>
	</SchemaData></ExtendedData>
      <Point><coordinates>73.7814935,20.0386295</coordinates></Point>
  </Placemark>
  <Placemark id="warehouses.206">
	<name>NISHA GLASS</name>
	<ExtendedData><SchemaData schemaUrl="#warehouses">
		<SimpleData name="Category">storage</SimpleData>
		<SimpleData name="Address">2QFC+W5V, Bhagyodaya colony, Nashik, Maharashtra 422003, India</SimpleData>
		<SimpleData name="Latitude">20.0248667</SimpleData>
		<SimpleData name="Longitude">73.7704082</SimpleData>
		<SimpleData name="Rating">5</SimpleData>
		<SimpleData name="Place_ID">ChIJvVl5FwDr3TsRiLY-yUlQMKE</SimpleData>
		<SimpleData name="Distance_m">717</SimpleData>
		<SimpleData name="Source_File">Nashik_Makhmalabad_warehouses.xlsx</SimpleData>
	</SchemaData></ExtendedData>
      <Point><coordinates>73.7704082,20.0248667</coordinates></Point>
  </Placemark>
  <Placemark id="warehouses.207">
	<name>Sachin Thete</name>
	<ExtendedData><SchemaData schemaUrl="#warehouses">
		<SimpleData name="Category">storage</SimpleData>
		<SimpleData name="Address">2QWQ+J76, Makhmalabad, Nashik, Maharashtra 422003, India</SimpleData>
		<SimpleData name="Latitude">20.0465311</SimpleData>
		<SimpleData name="Longitude">73.7881462</SimpleData>
		<SimpleData name="Place_ID">ChIJvw_4DQDr3TsRSxmN15QA3Po</SimpleData>
		<SimpleData name="Distance_m">2480</SimpleData>
		<SimpleData name="Source_File">Nashik_Makhmalabad_warehouses.xlsx</SimpleData>
	</SchemaData></ExtendedData>
      <Point><coordinates>73.7881462,20.0465311</coordinates></Point>
  </Placemark>
  <Placemark id="warehouses.208">
	<name>Birla Shakti Cement Godown</name>
	<ExtendedData><SchemaData schemaUrl="#warehouses">
		<SimpleData name="Category">corporate_office</SimpleData>
		<SimpleData name="Address">WRRQ+P9R, Rajwada Nagar, Deolali Gaon, Nashik, Maharashtra 422101, India</SimpleData>
		<SimpleData name="Latitude">19.9418731</SimpleData>
		<SimpleData name="Longitude">73.8383816</SimpleData>
		<SimpleData name="Rating">5</SimpleData>
		<SimpleData name="Place_ID">ChIJ5by7016V3TsRUOok9C-PXMo</SimpleData>
		<SimpleData name="Distance_m">1592</SimpleData>
		<SimpleData name="Source_File">Nashik_nDeolali_Gao_warehouses.xlsx</SimpleData>
	</SchemaData></ExtendedData>
      <Point><coordinates>73.8383816,19.9418731</coordinates></Point>
  </Placemark>
  <Placemark id="warehouses.209">
	<name>Railway Goods Warehouse</name>
	<ExtendedData><SchemaData schemaUrl="#warehouses">
		<SimpleData name="Category">storage</SimpleData>
		<SimpleData name="Address">Railway Station, near Nashik Road, Rajwada Nagar, Deolali Gaon, Nashik, Maharashtra 422101, India</SimpleData>
		<SimpleData name="Latitude">19.9421473</SimpleData>
		<SimpleData name="Longitude">73.8404846</SimpleData>
		<SimpleData name="Rating">3.3</SimpleData>
		<SimpleData name="Place_ID">ChIJ7a9kSl-V3TsR4vC3BvR805Y</SimpleData>
		<SimpleData name="Distance_m">1770</SimpleData>
		<SimpleData name="Source_File">Nashik_nDeolali_Gao_warehouses.xlsx</SimpleData>
	</SchemaData></ExtendedData>
      <Point><coordinates>73.8404846,19.9421473</coordinates></Point>
  </Placemark>
  <Placemark id="warehouses.210">
	<name>Railside Warehousing Complex RWC Nashik Road (Central Warehousing Corporation)</name>
	<ExtendedData><SchemaData schemaUrl="#warehouses">
		<SimpleData name="Category">storage</SimpleData>
		<SimpleData name="Address">WRRQ+2XX, Nashik Rd, near Goods Road, Rajwada Nagar, Deolali Gaon, Nashik, Maharashtra 422101, India</SimpleData>
		<SimpleData name="Latitude">19.9403426</SimpleData>
		<SimpleData name="Longitude">73.8402836</SimpleData>
		<SimpleData name="Rating">5</SimpleData>
		<SimpleData name="Place_ID">ChIJnXyEZQCV3TsRx66bLipKE8Y</SimpleData>
		<SimpleData name="Distance_m">1624</SimpleData>
		<SimpleData name="Source_File">Nashik_nDeolali_Gao_warehouses.xlsx</SimpleData>
	</SchemaData></ExtendedData>
      <Point><coordinates>73.8402836,19.9403426</coordinates></Point>
  </Placemark>
  <Placemark id="warehouses.211">
	<name>Central Railside Warehouse Company Limited(CRWC)</name>
	<ExtendedData><SchemaData schemaUrl="#warehouses">
		<SimpleData name="Category">storage</SimpleData>
		<SimpleData name="Address">Railside Warehouse Complex, Road, WRRR+H6H, Ambedkar Rd, Rajwada Nagar, Deolali Gaon, Nashik, Maharashtra 422101, India</SimpleData>
		<SimpleData name="Latitude">19.9414475</SimpleData>
		<SimpleData name="Longitude">73.8406109</SimpleData>
		<SimpleData name="Rating">2.6</SimpleData>
		<SimpleData name="Place_ID">ChIJX6UBR1-V3TsR-K3d7zQrpm4</SimpleData>
		<SimpleData name="Distance_m">1728</SimpleData>
		<SimpleData name="Source_File">Nashik_nDeolali_Gao_warehouses.xlsx</SimpleData>
	</SchemaData></ExtendedData>
      <Point><coordinates>73.8406109,19.9414475</coordinates></Point>
  </Placemark>
  <Placemark id="warehouses.212">
	<name>Railside Warehouse Complex</name>
	<ExtendedData><SchemaData schemaUrl="#warehouses">
		<SimpleData name="Category">storage</SimpleData>
		<SimpleData name="Address">XR2R+86M, Ambedkar Rd, Rajwada Nagar, Nashik Road, Nashik, Maharashtra 422101, India</SimpleData>
		<SimpleData name="Latitude">19.9508312</SimpleData>
		<SimpleData name="Longitude">73.8405495</SimpleData>
		<SimpleData name="Place_ID">ChIJK7ReyleV3TsRvkt6cYirTo0</SimpleData>
		<SimpleData name="Distance_m">2528</SimpleData>
		<SimpleData name="Source_File">Nashik_nDeolali_Gao_warehouses.xlsx</SimpleData>
	</SchemaData></ExtendedData>
      <Point><coordinates>73.8405495,19.9508312</coordinates></Point>
  </Placemark>
  <Placemark id="warehouses.213">
	<name>Chettinad Cement Godown</name>
	<ExtendedData><SchemaData schemaUrl="#warehouses">
		<SimpleData name="Category">storage</SimpleData>
		<SimpleData name="Address">WRRQ+HP6, Maldhakka Rd, Rajwada Nagar, Deolali Gaon, Nashik, Maharashtra 422101, India</SimpleData>
		<SimpleData name="Latitude">19.9414199</SimpleData>
		<SimpleData name="Longitude">73.8392702</SimpleData>
		<SimpleData name="Place_ID">ChIJ0aooCWuV3TsRqhA8UzfDmE4</SimpleData>
		<SimpleData name="Distance_m">1621</SimpleData>
		<SimpleData name="Source_File">Nashik_nDeolali_Gao_warehouses.xlsx</SimpleData>
	</SchemaData></ExtendedData>
      <Point><coordinates>73.8392702,19.9414199</coordinates></Point>
  </Placemark>
  <Placemark id="warehouses.214">
	<name>ARMZS PACKERS &amp; MOVERS</name>
	<ExtendedData><SchemaData schemaUrl="#warehouses">
		<SimpleData name="Category">storage</SimpleData>
		<SimpleData name="Address">WRWG+H8W, Artillery Centre Rd, Aute Nagar, Gandhi Nagar Airport Area, Deolali Gaon, Nashik, Maharashtra 422102, India</SimpleData>
		<SimpleData name="Latitude">19.9464946</SimpleData>
		<SimpleData name="Longitude">73.8258245</SimpleData>
		<SimpleData name="Place_ID">ChIJg6Bqi0WV3TsRQn0xASv6Gn8</SimpleData>
		<SimpleData name="Distance_m">1694</SimpleData>
		<SimpleData name="Source_File">Nashik_nDeolali_Gao_warehouses.xlsx</SimpleData>
	</SchemaData></ExtendedData>
      <Point><coordinates>73.8258245,19.9464946</coordinates></Point>
  </Placemark>
  <Placemark id="warehouses.215">
	<name>A1 scrap centre</name>
	<ExtendedData><SchemaData schemaUrl="#warehouses">
		<SimpleData name="Category">storage</SimpleData>
		<SimpleData name="Address">WRPF+M7H, Wadner Rd, handore mala, Nashik Road, Nashik, Maharashtra 422102, India</SimpleData>
		<SimpleData name="Latitude">19.9366755</SimpleData>
		<SimpleData name="Longitude">73.8232223</SimpleData>
		<SimpleData name="Rating">5</SimpleData>
		<SimpleData name="Place_ID">ChIJqaWbA9KV3TsRoeopDasxGGc</SimpleData>
		<SimpleData name="Distance_m">770</SimpleData>
		<SimpleData name="Source_File">Nashik_nDeolali_Gao_warehouses.xlsx</SimpleData>
	</SchemaData></ExtendedData>
      <Point><coordinates>73.8232223,19.9366755</coordinates></Point>
  </Placemark>
  <Placemark id="warehouses.216">
	<name>Palde Estate</name>
	<ExtendedData><SchemaData schemaUrl="#warehouses">
		<SimpleData name="Category">storage</SimpleData>
		<SimpleData name="Address">WRPH+X9H, Wadner Rd, ???, Vihitgaon, Nashik, Maharashtra 422102, India</SimpleData>
		<SimpleData name="Latitude">19.937452</SimpleData>
		<SimpleData name="Longitude">73.8284682</SimpleData>
		<SimpleData name="Place_ID">ChIJ-XLvWACV3TsRqVDN88UQBnw</SimpleData>
		<SimpleData name="Distance_m">675</SimpleData>
		<SimpleData name="Source_File">Nashik_nDeolali_Gao_warehouses.xlsx</SimpleData>
	</SchemaData></ExtendedData>
      <Point><coordinates>73.8284682,19.937452</coordinates></Point>
  </Placemark>
  <Placemark id="warehouses.217">
	<name>SURESH TRADERS</name>
	<ExtendedData><SchemaData schemaUrl="#warehouses">
		<SimpleData name="Category">storage</SimpleData>
		<SimpleData name="Address">Shop No 1, Palade Complex, Road, near Sahara Lawnss Vadner, Vihitgaon, Nashik, Maharashtra 422102, India</SimpleData>
		<SimpleData name="Latitude">19.9377369</SimpleData>
		<SimpleData name="Longitude">73.828532</SimpleData>
		<SimpleData name="Rating">5</SimpleData>
		<SimpleData name="Place_ID">ChIJQYhJhp2V3TsRfQR7b6hBgW0</SimpleData>
		<SimpleData name="Distance_m">707</SimpleData>
		<SimpleData name="Source_File">Nashik_nDeolali_Gao_warehouses.xlsx</SimpleData>
	</SchemaData></ExtendedData>
      <Point><coordinates>73.828532,19.9377369</coordinates></Point>
  </Placemark>
  <Placemark id="warehouses.218">
	<name>Golden Buffy setup Decoration</name>
	<ExtendedData><SchemaData schemaUrl="#warehouses">
		<SimpleData name="Category">storage</SimpleData>
		<SimpleData name="Address">WRVM+3FM, Devlali Gaon, Nashik, Devlali, Maharashtra 422101, India</SimpleData>
		<SimpleData name="Latitude">19.9427014</SimpleData>
		<SimpleData name="Longitude">73.8336685</SimpleData>
		<SimpleData name="Place_ID">ChIJy4qINQCV3TsR4fxeAGVnX3M</SimpleData>
		<SimpleData name="Distance_m">1389</SimpleData>
		<SimpleData name="Source_File">Nashik_nDeolali_Gao_warehouses.xlsx</SimpleData>
	</SchemaData></ExtendedData>
      <Point><coordinates>73.8336685,19.9427014</coordinates></Point>
  </Placemark>
  <Placemark id="warehouses.219">
	<name>Umesh toilet services</name>
	<ExtendedData><SchemaData schemaUrl="#warehouses">
		<SimpleData name="Category">storage</SimpleData>
		<SimpleData name="Address">WRXP+CQ5, Mahatma Gandhi Rd, Anand Nagar, Nashik Road, bhagur, Nashik, Maharashtra 422502, India</SimpleData>
		<SimpleData name="Latitude">19.9485161</SimpleData>
		<SimpleData name="Longitude">73.8369699</SimpleData>
		<SimpleData name="Place_ID">ChIJ_dVcNACV3TsRbHLqcvEvQbw</SimpleData>
		<SimpleData name="Distance_m">2122</SimpleData>
		<SimpleData name="Source_File">Nashik_nDeolali_Gao_warehouses.xlsx</SimpleData>
	</SchemaData></ExtendedData>
      <Point><coordinates>73.8369699,19.9485161</coordinates></Point>
  </Placemark>
  <Placemark id="warehouses.220">
	<name>Bindra Compound</name>
	<ExtendedData><SchemaData schemaUrl="#warehouses">
		<SimpleData name="Category">storage</SimpleData>
		<SimpleData name="Address">Maldhakka Rd, near to Akashveer Gas Depo, Rajwada Nagar, Deolali Gaon, Nashik, Maharashtra 422101, India</SimpleData>
		<SimpleData name="Latitude">19.9450499</SimpleData>
		<SimpleData name="Longitude">73.8399361</SimpleData>
		<SimpleData name="Place_ID">ChIJH_hI9liV3TsRht1b5uHGXj0</SimpleData>
		<SimpleData name="Distance_m">1965</SimpleData>
		<SimpleData name="Source_File">Nashik_nDeolali_Gao_warehouses.xlsx</SimpleData>
	</SchemaData></ExtendedData>
      <Point><coordinates>73.8399361,19.9450499</coordinates></Point>
  </Placemark>
  <Placemark id="warehouses.221">
	<name>Rjt bardan godown</name>
	<ExtendedData><SchemaData schemaUrl="#warehouses">
		<SimpleData name="Category">storage</SimpleData>
		<SimpleData name="Address">26/10/96, Pawarwadi Rd, Rajwada Nagar, Matang Wada, Sinnar, Nashik, Maharashtra 422101, India</SimpleData>
		<SimpleData name="Latitude">19.9434304</SimpleData>
		<SimpleData name="Longitude">73.8386731</SimpleData>
		<SimpleData name="Place_ID">ChIJk15UXQCV3TsRIekHK1wtR2I</SimpleData>
		<SimpleData name="Distance_m">1742</SimpleData>
		<SimpleData name="Source_File">Nashik_nDeolali_Gao_warehouses.xlsx</SimpleData>
	</SchemaData></ExtendedData>
      <Point><coordinates>73.8386731,19.9434304</coordinates></Point>
  </Placemark>
  <Placemark id="warehouses.222">
	<name>Jha packers &amp; movers (EX-ARMY) - BEST Packers And Movers</name>
	<ExtendedData><SchemaData schemaUrl="#warehouses">
		<SimpleData name="Category">transportation_service</SimpleData>
		<SimpleData name="Address">shop - 1, jalaram jyot aptt, Artillery Centre Rd, near Ashok chakra gate, Khole Nagar, Gandhi Nagar Airport Area, Nashik Road, Nashik, Maharashtra 422101, India</SimpleData>
		<SimpleData name="Latitude">19.9462221</SimpleData>
		<SimpleData name="Longitude">73.8247834</SimpleData>
		<SimpleData name="Rating">4.9</SimpleData>
		<SimpleData name="Place_ID">ChIJLTseU5SV3TsRQwJukhkXcAs</SimpleData>
		<SimpleData name="Distance_m">1682</SimpleData>
		<SimpleData name="Source_File">Nashik_nDeolali_Gao_warehouses.xlsx</SimpleData>
	</SchemaData></ExtendedData>
      <Point><coordinates>73.8247834,19.9462221</coordinates></Point>
  </Placemark>
  <Placemark id="warehouses.223">
	<name>RAMSANG (??????) � Cold Pressed Oils &amp; Traditional Masalas</name>
	<ExtendedData><SchemaData schemaUrl="#warehouses">
		<SimpleData name="Category">manufacturer</SimpleData>
		<SimpleData name="Address">GITAI VILLA SOCIETY, B-13, Sharayu Nagri Rd, NAGAR, Pathardi Phata, Nashik, Maharashtra 422009, India</SimpleData>
		<SimpleData name="Latitude">19.9519478</SimpleData>
		<SimpleData name="Longitude">73.7820425</SimpleData>
		<SimpleData name="Rating">4.9</SimpleData>
		<SimpleData name="Place_ID">ChIJ1w3ZJrKV3TsRfDzuNk7_ajY</SimpleData>
		<SimpleData name="Distance_m">1441</SimpleData>
		<SimpleData name="Source_File">Nashik_Pathardi_Phata_warehouses.xlsx</SimpleData>
	</SchemaData></ExtendedData>
      <Point><coordinates>73.7820425,19.9519478</coordinates></Point>
  </Placemark>
  <Placemark id="warehouses.224">
	<name>Porje Event &amp; Decorators</name>
	<ExtendedData><SchemaData schemaUrl="#warehouses">
		<SimpleData name="Category">storage</SimpleData>
		<SimpleData name="Address">D. Camp Road, Vadner Dumala, Nashik, Maharashtra 422101, India</SimpleData>
		<SimpleData name="Latitude">19.9332164</SimpleData>
		<SimpleData name="Longitude">73.8108129</SimpleData>
		<SimpleData name="Rating">3</SimpleData>
		<SimpleData name="Place_ID">ChIJj_qkYACV3TsR8qN01ZzKzKY</SimpleData>
		<SimpleData name="Distance_m">1808</SimpleData>
		<SimpleData name="Source_File">Nashik_nDeolali_Gao_warehouses.xlsx</SimpleData>
	</SchemaData></ExtendedData>
      <Point><coordinates>73.8108129,19.9332164</coordinates></Point>
  </Placemark>
  <Placemark id="warehouses.225">
	<name>Pathardi phata nashik</name>
	<ExtendedData><SchemaData schemaUrl="#warehouses">
		<SimpleData name="Category">association_or_organization</SimpleData>
		<SimpleData name="Address">XQ46+F8M, Dnyaneshwar Nagar, Pathardi Phata, Nashik, Maharashtra 422009, India</SimpleData>
		<SimpleData name="Latitude">19.9562153</SimpleData>
		<SimpleData name="Longitude">73.7607958</SimpleData>
		<SimpleData name="Rating">4.7</SimpleData>
		<SimpleData name="Place_ID">ChIJqXQ5egCV3TsRSK5I5SplbxU</SimpleData>
		<SimpleData name="Distance_m">1609</SimpleData>
		<SimpleData name="Source_File">Nashik_Pathardi_Phata_warehouses.xlsx</SimpleData>
	</SchemaData></ExtendedData>
      <Point><coordinates>73.7607958,19.9562153</coordinates></Point>
  </Placemark>
  <Placemark id="warehouses.226">
	<name>Orchid Cooling &amp; Cleaning Private Limited</name>
	<ExtendedData><SchemaData schemaUrl="#warehouses">
		<SimpleData name="Category">general_contractor</SimpleData>
		<SimpleData name="Address">H-3\11, Ambad, MIDC Ambad, Nashik, Maharashtra 422010, India</SimpleData>
		<SimpleData name="Latitude">19.9484411</SimpleData>
		<SimpleData name="Longitude">73.7340983</SimpleData>
		<SimpleData name="Rating">4.4</SimpleData>
		<SimpleData name="Place_ID">ChIJ____v6_s3TsRU0eEha0WweA</SimpleData>
		<SimpleData name="Distance_m">2991</SimpleData>
		<SimpleData name="Source_File">Nashik_Ambad_warehouses.xlsx</SimpleData>
	</SchemaData></ExtendedData>
      <Point><coordinates>73.7340983,19.9484411</coordinates></Point>
  </Placemark>
  <Placemark id="warehouses.227">
	<name>Store Solutions</name>
	<ExtendedData><SchemaData schemaUrl="#warehouses">
		<SimpleData name="Category">manufacturer</SimpleData>
		<SimpleData name="Address">Gat no 61/1, behind Gemini Company, Datir Mala, MIDC Ambad, Nashik, Maharashtra 422010, India</SimpleData>
		<SimpleData name="Latitude">19.9544297</SimpleData>
		<SimpleData name="Longitude">73.7475567</SimpleData>
		<SimpleData name="Rating">5</SimpleData>
		<SimpleData name="Place_ID">ChIJW_aN_6rt3TsRHdAANxfMtXw</SimpleData>
		<SimpleData name="Distance_m">2010</SimpleData>
		<SimpleData name="Source_File">Nashik_Ambad_warehouses.xlsx</SimpleData>
	</SchemaData></ExtendedData>
      <Point><coordinates>73.7475567,19.9544297</coordinates></Point>
  </Placemark>
  <Placemark id="warehouses.228">
	<name>Goldline enterprises</name>
	<ExtendedData><SchemaData schemaUrl="#warehouses">
		<SimpleData name="Category">manufacturer</SimpleData>
		<SimpleData name="Address">W-239, MIDC Ambad, near Central Warehouse Ambad, MIDC Ambad, Nashik, Maharashtra 422010, India</SimpleData>
		<SimpleData name="Latitude">19.9556903</SimpleData>
		<SimpleData name="Longitude">73.7397271</SimpleData>
		<SimpleData name="Rating">5</SimpleData>
		<SimpleData name="Place_ID">ChIJSY2NuIvt3TsRPrKbOlxcPd4</SimpleData>
		<SimpleData name="Distance_m">2014</SimpleData>
		<SimpleData name="Source_File">Nashik_Ambad_warehouses.xlsx</SimpleData>
	</SchemaData></ExtendedData>
      <Point><coordinates>73.7397271,19.9556903</coordinates></Point>
  </Placemark>
  <Placemark id="warehouses.229">
	<name>Avita Packaging Nashik</name>
	<ExtendedData><SchemaData schemaUrl="#warehouses">
		<SimpleData name="Category">manufacturer</SimpleData>
		<SimpleData name="Address">Plot no B-79,289, DATIR MALA, behind MEMORY ELECTRONICS PVT LTD, near Midc ambad, MIDC Ambad, Nashik, Maharashtra 422010, India</SimpleData>
		<SimpleData name="Latitude">19.9549424</SimpleData>
		<SimpleData name="Longitude">73.7478065</SimpleData>
		<SimpleData name="Rating">3.7</SimpleData>
		<SimpleData name="Place_ID">ChIJNV9WKgLr3TsRLfWBJgS7V_0</SimpleData>
		<SimpleData name="Distance_m">1955</SimpleData>
		<SimpleData name="Source_File">Nashik_Ambad_warehouses.xlsx</SimpleData>
	</SchemaData></ExtendedData>
      <Point><coordinates>73.7478065,19.9549424</coordinates></Point>
  </Placemark>
  <Placemark id="warehouses.230">
	<name>JUPITER_INDUSTRIES</name>
	<ExtendedData><SchemaData schemaUrl="#warehouses">
		<SimpleData name="Category">manufacturer</SimpleData>
		<SimpleData name="Address">Gat no 126, Datir Mala, Behind Matoshree Building, Near NMC, MIDC Ambad, Nashik, Maharashtra 422010, India</SimpleData>
		<SimpleData name="Latitude">19.9606582</SimpleData>
		<SimpleData name="Longitude">73.7448663</SimpleData>
		<SimpleData name="Rating">4.9</SimpleData>
		<SimpleData name="Place_ID">ChIJS-fyOgHr3TsRE1-DZEXg4yc</SimpleData>
		<SimpleData name="Distance_m">1334</SimpleData>
		<SimpleData name="Source_File">Nashik_Ambad_warehouses.xlsx</SimpleData>
	</SchemaData></ExtendedData>
      <Point><coordinates>73.7448663,19.9606582</coordinates></Point>
  </Placemark>
  <Placemark id="warehouses.231">
	<name>SWARAJ POLYCOATS | Epoxy Coating</name>
	<ExtendedData><SchemaData schemaUrl="#warehouses">
		<SimpleData name="Category">manufacturer</SimpleData>
		<SimpleData name="Address">No. 33/L/73/0/1, Opp BSNL office, Beside Mahindra guest house Sinhasta nagar, near Ambad Police Station Road, Cidco, Nashik, Maharashtra 422009, India</SimpleData>
		<SimpleData name="Latitude">19.9621777</SimpleData>
		<SimpleData name="Longitude">73.7629656</SimpleData>
		<SimpleData name="Rating">4.4</SimpleData>
		<SimpleData name="Place_ID">ChIJk3qBRzDr3TsRvDJ8Ci5VqE8</SimpleData>
		<SimpleData name="Distance_m">2034</SimpleData>
		<SimpleData name="Source_File">Nashik_Ambad_warehouses.xlsx</SimpleData>
	</SchemaData></ExtendedData>
      <Point><coordinates>73.7629656,19.9621777</coordinates></Point>
  </Placemark>
  <Placemark id="warehouses.232">
	<name>Balaji Domestic Relocation Packers Movers</name>
	<ExtendedData><SchemaData schemaUrl="#warehouses">
		<SimpleData name="Category">manufacturer</SimpleData>
		<SimpleData name="Address">Unit No. 4, Vighanaharta Row House, Damodar Nagar, Pathardi Phata, Nashik, Maharashtra 422010, India</SimpleData>
		<SimpleData name="Latitude">19.9471847</SimpleData>
		<SimpleData name="Longitude">73.7634952</SimpleData>
		<SimpleData name="Rating">4.9</SimpleData>
		<SimpleData name="Place_ID">ChIJ9867psKV3TsRwNwydx9LdGw</SimpleData>
		<SimpleData name="Distance_m">2863</SimpleData>
		<SimpleData name="Source_File">Nashik_CIDCO_warehouses.xlsx</SimpleData>
	</SchemaData></ExtendedData>
      <Point><coordinates>73.7634952,19.9471847</coordinates></Point>
  </Placemark>
  <Placemark id="warehouses.233">
	<name>REETU HOME PACKERS AND MOVERS IN NASHIK</name>
	<ExtendedData><SchemaData schemaUrl="#warehouses">
		<SimpleData name="Category">manufacturer</SimpleData>
		<SimpleData name="Address">R.H. No. 8, Gajlaxmi Appt, Prashant Nagar, Pathardi Phata, Nashik, Maharashtra 422010, India</SimpleData>
		<SimpleData name="Latitude">19.9540963</SimpleData>
		<SimpleData name="Longitude">73.7613674</SimpleData>
		<SimpleData name="Rating">4.7</SimpleData>
		<SimpleData name="Place_ID">ChIJufeAO37r3TsR7pIBw7IsX2o</SimpleData>
		<SimpleData name="Distance_m">2935</SimpleData>
		<SimpleData name="Source_File">Nashik_Indira_Nagar_warehouses.xlsx</SimpleData>
	</SchemaData></ExtendedData>
      <Point><coordinates>73.7613674,19.9540963</coordinates></Point>
  </Placemark>
  <Placemark id="warehouses.234">
	<name>Ayush Display System</name>
	<ExtendedData><SchemaData schemaUrl="#warehouses">
		<SimpleData name="Category">manufacturer</SimpleData>
		<SimpleData name="Address">D 79, MIDC Ambad, Nashik, Maharashtra 422010, India</SimpleData>
		<SimpleData name="Latitude">19.9561954</SimpleData>
		<SimpleData name="Longitude">73.7453789</SimpleData>
		<SimpleData name="Rating">4.7</SimpleData>
		<SimpleData name="Place_ID">ChIJtUDkFdHt3TsRAfVj-GwTHdo</SimpleData>
		<SimpleData name="Distance_m">2421</SimpleData>
		<SimpleData name="Source_File">Nashik_MIDC_Ambad_warehouses.xlsx</SimpleData>
	</SchemaData></ExtendedData>
      <Point><coordinates>73.7453789,19.9561954</coordinates></Point>
  </Placemark>
  <Placemark id="warehouses.235">
	<name>National Packers and Movers</name>
	<ExtendedData><SchemaData schemaUrl="#warehouses">
		<SimpleData name="Category">manufacturer</SimpleData>
		<SimpleData name="Address">Umang Pride, Row-House : 3, near G.D Sawant College, Wasan Nagar, Pathardi Phata, Nashik, Maharashtra 422010, India</SimpleData>
		<SimpleData name="Latitude">19.950839</SimpleData>
		<SimpleData name="Longitude">73.7663371</SimpleData>
		<SimpleData name="Rating">4.7</SimpleData>
		<SimpleData name="Place_ID">ChIJBwHYmNeV3TsRIoIlNlyWyZU</SimpleData>
		<SimpleData name="Distance_m">1580</SimpleData>
		<SimpleData name="Source_File">Nashik_Pathardi_Phata_warehouses.xlsx</SimpleData>
	</SchemaData></ExtendedData>
      <Point><coordinates>73.7663371,19.950839</coordinates></Point>
  </Placemark>
  <Placemark id="warehouses.236">
	<name>ROYAL INDIA PACKERS &amp; MOVERS</name>
	<ExtendedData><SchemaData schemaUrl="#warehouses">
		<SimpleData name="Category">manufacturer</SimpleData>
		<SimpleData name="Address">Row House- A-35, 36 Sr, Aashirvad Apartments, Narhari Nagar, Wasan Nagar, Pathardi Phata, Nashik, Maharashtra 422010, India</SimpleData>
		<SimpleData name="Latitude">19.9503391</SimpleData>
		<SimpleData name="Longitude">73.766503</SimpleData>
		<SimpleData name="Rating">4.9</SimpleData>
		<SimpleData name="Place_ID">ChIJHYOkjrSU3TsRlzKhuPLbf7A</SimpleData>
		<SimpleData name="Distance_m">1618</SimpleData>
		<SimpleData name="Source_File">Nashik_Pathardi_Phata_warehouses.xlsx</SimpleData>
	</SchemaData></ExtendedData>
      <Point><coordinates>73.766503,19.9503391</coordinates></Point>
  </Placemark>
  <Placemark id="warehouses.237">
	<name>SS Relocation Packers and Movers</name>
	<ExtendedData><SchemaData schemaUrl="#warehouses">
		<SimpleData name="Category">moving_company</SimpleData>
		<SimpleData name="Address">hotel, Tirupati Tower Amruta Nagar, FN. 203, opposite Radisson Blu, Buddha Vihar, Pathardi Phata, Nashik, Maharashtra 422010, India</SimpleData>
		<SimpleData name="Latitude">19.9462123</SimpleData>
		<SimpleData name="Longitude">73.7557573</SimpleData>
		<SimpleData name="Rating">5</SimpleData>
		<SimpleData name="Place_ID">ChIJ6ZeY7KuV3TsRnlivgT1v6kk</SimpleData>
		<SimpleData name="Distance_m">3066</SimpleData>
		<SimpleData name="Source_File">Nashik_Ambad_warehouses.xlsx</SimpleData>
	</SchemaData></ExtendedData>
      <Point><coordinates>73.7557573,19.9462123</coordinates></Point>
  </Placemark>
  <Placemark id="warehouses.238">
	<name>GAYATRI PACKERS &amp; MOVERS</name>
	<ExtendedData><SchemaData schemaUrl="#warehouses">
		<SimpleData name="Category">moving_company</SimpleData>
		<SimpleData name="Address">13B, Vastu Park Near, Swami Vivekand Swimming Pool Road Cidco, Ashwin Nagar, Nashik, Maharashtra 422009, India</SimpleData>
		<SimpleData name="Latitude">19.9632763</SimpleData>
		<SimpleData name="Longitude">73.7611803</SimpleData>
		<SimpleData name="Rating">4.7</SimpleData>
		<SimpleData name="Place_ID">ChIJc_IFjU_r3TsRz7tp8Y8n0ds</SimpleData>
		<SimpleData name="Distance_m">1811</SimpleData>
		<SimpleData name="Source_File">Nashik_Ambad_warehouses.xlsx</SimpleData>
	</SchemaData></ExtendedData>
      <Point><coordinates>73.7611803,19.9632763</coordinates></Point>
  </Placemark>
  <Placemark id="warehouses.239">
	<name>Anytime Packers And Movers Nashik l Home Relocations l Office shifting l Packers Movers</name>
	<ExtendedData><SchemaData schemaUrl="#warehouses">
		<SimpleData name="Category">moving_company</SimpleData>
		<SimpleData name="Address">Laxmi Row House.2, Murlidhar Vyas Colony, Prashant Nagar, Pathardi Phata, Nashik, Maharashtra 422010, India</SimpleData>
		<SimpleData name="Latitude">19.9523781</SimpleData>
		<SimpleData name="Longitude">73.7578755</SimpleData>
		<SimpleData name="Rating">4.8</SimpleData>
		<SimpleData name="Place_ID">ChIJVVV5yVLr3TsRnu5wkhRwxt8</SimpleData>
		<SimpleData name="Distance_m">3333</SimpleData>
		<SimpleData name="Source_File">Nashik_Indira_Nagar_warehouses.xlsx</SimpleData>
	</SchemaData></ExtendedData>
      <Point><coordinates>73.7578755,19.9523781</coordinates></Point>
  </Placemark>
  <Placemark id="warehouses.240">
	<name>Mahindra Godown</name>
	<ExtendedData><SchemaData schemaUrl="#warehouses">
		<SimpleData name="Category">parking_lot</SimpleData>
		<SimpleData name="Address">WQX2+7MQ, Buddha Vihar, Pathardi Phata, Nashik, Maharashtra 422010, India</SimpleData>
		<SimpleData name="Latitude">19.9482057</SimpleData>
		<SimpleData name="Longitude">73.751731</SimpleData>
		<SimpleData name="Rating">4.3</SimpleData>
		<SimpleData name="Place_ID">ChIJ_1qYpquU3TsRP1t74-yC854</SimpleData>
		<SimpleData name="Distance_m">2880</SimpleData>
		<SimpleData name="Source_File">Nashik_Pathardi_Phata_warehouses.xlsx</SimpleData>
	</SchemaData></ExtendedData>
      <Point><coordinates>73.751731,19.9482057</coordinates></Point>
  </Placemark>
  <Placemark id="warehouses.241">
	<name>Balaji Logistics Movers Packers in Nashik | Packers and Movers in Nashik</name>
	<ExtendedData><SchemaData schemaUrl="#warehouses">
		<SimpleData name="Category">service</SimpleData>
		<SimpleData name="Address">Row House.5 Unit No. 5 Nandanvan Row Houes, Sarv. 312/B, Plot No. 2/3, Damodar Nagar, Pathardi Phata, Nashik, Maharashtra 422010, India</SimpleData>
		<SimpleData name="Latitude">19.9485677</SimpleData>
		<SimpleData name="Longitude">73.7607944</SimpleData>
		<SimpleData name="Rating">4.8</SimpleData>
		<SimpleData name="Place_ID">ChIJb0oGeVuV3TsRsrUw7glEV8w</SimpleData>
		<SimpleData name="Distance_m">3032</SimpleData>
		<SimpleData name="Source_File">Nashik_Ambad_warehouses.xlsx</SimpleData>
	</SchemaData></ExtendedData>
      <Point><coordinates>73.7607944,19.9485677</coordinates></Point>
  </Placemark>
  <Placemark id="warehouses.242">
	<name>Seepra Refrigeration Pvt Ltd</name>
	<ExtendedData><SchemaData schemaUrl="#warehouses">
		<SimpleData name="Category">service</SimpleData>
		<SimpleData name="Address">H-2, 8, Nandni Nagar, MIDC Ambad, Nashik, Maharashtra 422010, India</SimpleData>
		<SimpleData name="Latitude">19.9492164</SimpleData>
		<SimpleData name="Longitude">73.735167</SimpleData>
		<SimpleData name="Rating">4.5</SimpleData>
		<SimpleData name="Place_ID">ChIJ____v6_s3TsR9MS3nPgtcbY</SimpleData>
		<SimpleData name="Distance_m">2865</SimpleData>
		<SimpleData name="Source_File">Nashik_Ambad_warehouses.xlsx</SimpleData>
	</SchemaData></ExtendedData>
      <Point><coordinates>73.735167,19.9492164</coordinates></Point>
  </Placemark>
  <Placemark id="warehouses.243">
	<name>Times Cargo Movers</name>
	<ExtendedData><SchemaData schemaUrl="#warehouses">
		<SimpleData name="Category">shipping_service</SimpleData>
		<SimpleData name="Address">Siddhi Row House, RH. 7, behind Sai Mandir, Murlidhar Vyas Colony, Prashant Nagar, Pathardi Phata, Nashik, Maharashtra 422010, India</SimpleData>
		<SimpleData name="Latitude">19.9527561</SimpleData>
		<SimpleData name="Longitude">73.7625132</SimpleData>
		<SimpleData name="Rating">4.9</SimpleData>
		<SimpleData name="Place_ID">ChIJS8IDqZnr3TsRn7QU6GHrnVs</SimpleData>
		<SimpleData name="Distance_m">1678</SimpleData>
		<SimpleData name="Source_File">Nashik_Pathardi_Phata_warehouses.xlsx</SimpleData>
	</SchemaData></ExtendedData>
      <Point><coordinates>73.7625132,19.9527561</coordinates></Point>
  </Placemark>
  <Placemark id="warehouses.244">
	<name>Central Warehousing Corporation container freight station Ambad-I CFS</name>
	<ExtendedData><SchemaData schemaUrl="#warehouses">
		<SimpleData name="Category">storage</SimpleData>
		<SimpleData name="Address">Plot no. C, 09, MIDC Rd, Ambad, MIDC Ambad, Nashik, Maharashtra 422010, India</SimpleData>
		<SimpleData name="Latitude">19.9537418</SimpleData>
		<SimpleData name="Longitude">73.740686</SimpleData>
		<SimpleData name="Rating">4</SimpleData>
		<SimpleData name="Place_ID">ChIJ____v6_s3TsRFREYXwRFDfA</SimpleData>
		<SimpleData name="Distance_m">2185</SimpleData>
		<SimpleData name="Source_File">Nashik_Ambad_warehouses.xlsx</SimpleData>
	</SchemaData></ExtendedData>
      <Point><coordinates>73.740686,19.9537418</coordinates></Point>
  </Placemark>
  <Placemark id="warehouses.245">
	<name>Central Warehouse Ambad - II</name>
	<ExtendedData><SchemaData schemaUrl="#warehouses">
		<SimpleData name="Category">storage</SimpleData>
		<SimpleData name="Address">XP5X+CQ7, MIDC Ambad, Nashik, Maharashtra 422010, India</SimpleData>
		<SimpleData name="Latitude">19.958542</SimpleData>
		<SimpleData name="Longitude">73.7494203</SimpleData>
		<SimpleData name="Rating">3.4</SimpleData>
		<SimpleData name="Place_ID">ChIJF8MVUvTr3TsRMyRxKY8bB0w</SimpleData>
		<SimpleData name="Distance_m">1574</SimpleData>
		<SimpleData name="Source_File">Nashik_Ambad_warehouses.xlsx</SimpleData>
	</SchemaData></ExtendedData>
      <Point><coordinates>73.7494203,19.958542</coordinates></Point>
  </Placemark>
  <Placemark id="warehouses.246">
	<name>Arthvyom Group Of companies</name>
	<ExtendedData><SchemaData schemaUrl="#warehouses">
		<SimpleData name="Category">storage</SimpleData>
		<SimpleData name="Address">MIDC Ambad, Nashik, Maharashtra 422010, India</SimpleData>
		<SimpleData name="Latitude">19.9532959</SimpleData>
		<SimpleData name="Longitude">73.744606</SimpleData>
		<SimpleData name="Rating">5</SimpleData>
		<SimpleData name="Place_ID">ChIJZ5f-qgnt3TsRiuXrosn-ctA</SimpleData>
		<SimpleData name="Distance_m">2149</SimpleData>
		<SimpleData name="Source_File">Nashik_Ambad_warehouses.xlsx</SimpleData>
	</SchemaData></ExtendedData>
      <Point><coordinates>73.744606,19.9532959</coordinates></Point>
  </Placemark>
  <Placemark id="warehouses.247">
	<name>Ambad godown</name>
	<ExtendedData><SchemaData schemaUrl="#warehouses">
		<SimpleData name="Category">storage</SimpleData>
		<SimpleData name="Address">D/85, Ambad, MIDC Ambad, Nashik, Maharashtra 422010, India</SimpleData>
		<SimpleData name="Latitude">19.9569777</SimpleData>
		<SimpleData name="Longitude">73.7456821</SimpleData>
		<SimpleData name="Rating">5</SimpleData>
		<SimpleData name="Place_ID">ChIJhZOCGk7t3TsRwFTfSAcwM3E</SimpleData>
		<SimpleData name="Distance_m">1731</SimpleData>
		<SimpleData name="Source_File">Nashik_Ambad_warehouses.xlsx</SimpleData>
	</SchemaData></ExtendedData>
      <Point><coordinates>73.7456821,19.9569777</coordinates></Point>
  </Placemark>
  <Placemark id="warehouses.248">
	<name>Datir Warehouses</name>
	<ExtendedData><SchemaData schemaUrl="#warehouses">
		<SimpleData name="Category">storage</SimpleData>
		<SimpleData name="Address">Plot No d-89, behind datir mala ambad, MIDC Ambad, Nashik, Maharashtra 422010, India</SimpleData>
		<SimpleData name="Latitude">19.9533437</SimpleData>
		<SimpleData name="Longitude">73.7447484</SimpleData>
		<SimpleData name="Place_ID">ChIJ9QPXFSbt3TsRQFehsotpUh0</SimpleData>
		<SimpleData name="Distance_m">2142</SimpleData>
		<SimpleData name="Source_File">Nashik_Ambad_warehouses.xlsx</SimpleData>
	</SchemaData></ExtendedData>
      <Point><coordinates>73.7447484,19.9533437</coordinates></Point>
  </Placemark>
  <Placemark id="warehouses.249">
	<name>Sahil L Datir Wearhouse</name>
	<ExtendedData><SchemaData schemaUrl="#warehouses">
		<SimpleData name="Category">storage</SimpleData>
		<SimpleData name="Address">XP5V+3J9, Ambad Khrud, MIDC Ambad, Nashik, Maharashtra 422010, India</SimpleData>
		<SimpleData name="Latitude">19.9576744</SimpleData>
		<SimpleData name="Longitude">73.7441242</SimpleData>
		<SimpleData name="Rating">5</SimpleData>
		<SimpleData name="Place_ID">ChIJrceHIQDt3TsRRuMMYabqlCI</SimpleData>
		<SimpleData name="Distance_m">1674</SimpleData>
		<SimpleData name="Source_File">Nashik_Ambad_warehouses.xlsx</SimpleData>
	</SchemaData></ExtendedData>
      <Point><coordinates>73.7441242,19.9576744</coordinates></Point>
  </Placemark>
  <Placemark id="warehouses.250">
	<name>JAI BHAVANI</name>
	<ExtendedData><SchemaData schemaUrl="#warehouses">
		<SimpleData name="Category">storage</SimpleData>
		<SimpleData name="Address">M-76, Ambad - Uttam Nagar Rd, MIDC Ambad, Nashik, Maharashtra 422010, India</SimpleData>
		<SimpleData name="Latitude">19.9584809</SimpleData>
		<SimpleData name="Longitude">73.740138</SimpleData>
		<SimpleData name="Rating">5</SimpleData>
		<SimpleData name="Place_ID">ChIJW_lMCADt3TsR-i3XHt5n5Mg</SimpleData>
		<SimpleData name="Distance_m">1712</SimpleData>
		<SimpleData name="Source_File">Nashik_Ambad_warehouses.xlsx</SimpleData>
	</SchemaData></ExtendedData>
      <Point><coordinates>73.740138,19.9584809</coordinates></Point>
  </Placemark>
  <Placemark id="warehouses.251">
	<name>Swapnil Datir Warehouses</name>
	<ExtendedData><SchemaData schemaUrl="#warehouses">
		<SimpleData name="Category">storage</SimpleData>
		<SimpleData name="Address">XP5P+R9V, opp. Datir Nagar, near Nashik Engineering Cluster, MIDC Ambad, Nashik, Maharashtra 422010, India</SimpleData>
		<SimpleData name="Latitude">19.9580204</SimpleData>
		<SimpleData name="Longitude">73.7435716</SimpleData>
		<SimpleData name="Place_ID">ChIJPcZGMQDt3TsRuFWKd0xMAkM</SimpleData>
		<SimpleData name="Distance_m">1647</SimpleData>
		<SimpleData name="Source_File">Nashik_Ambad_warehouses.xlsx</SimpleData>
	</SchemaData></ExtendedData>
      <Point><coordinates>73.7435716,19.9580204</coordinates></Point>
  </Placemark>
  <Placemark id="warehouses.252">
	<name>UST Warehouse</name>
	<ExtendedData><SchemaData schemaUrl="#warehouses">
		<SimpleData name="Category">storage</SimpleData>
		<SimpleData name="Address">XP3W+8V3, MIDC Ambad, Nashik, Maharashtra 422010, India</SimpleData>
		<SimpleData name="Latitude">19.9532874</SimpleData>
		<SimpleData name="Longitude">73.7471996</SimpleData>
		<SimpleData name="Place_ID">ChIJiX-VMwDt3TsRO5JdJ4XF2Wo</SimpleData>
		<SimpleData name="Distance_m">2137</SimpleData>
		<SimpleData name="Source_File">Nashik_Ambad_warehouses.xlsx</SimpleData>
	</SchemaData></ExtendedData>
      <Point><coordinates>73.7471996,19.9532874</coordinates></Point>
  </Placemark>
  <Placemark id="warehouses.253">
	<name>BANAJI ENTERPRISE</name>
	<ExtendedData><SchemaData schemaUrl="#warehouses">
		<SimpleData name="Category">storage</SimpleData>
		<SimpleData name="Address">XQ52+J63, MIDC Ambad, Nashik, Maharashtra 422010, India</SimpleData>
		<SimpleData name="Latitude">19.9590113</SimpleData>
		<SimpleData name="Longitude">73.7505582</SimpleData>
		<SimpleData name="Rating">5</SimpleData>
		<SimpleData name="Place_ID">ChIJDdFaTwDr3TsR4rQ4kB4_bl4</SimpleData>
		<SimpleData name="Distance_m">1548</SimpleData>
		<SimpleData name="Source_File">Nashik_Ambad_warehouses.xlsx</SimpleData>
	</SchemaData></ExtendedData>
      <Point><coordinates>73.7505582,19.9590113</coordinates></Point>
  </Placemark>
  <Placemark id="warehouses.254">
	<name>Hari Datir warehouses</name>
	<ExtendedData><SchemaData schemaUrl="#warehouses">
		<SimpleData name="Category">storage</SimpleData>
		<SimpleData name="Address">B-74, Ambad Gaon Rd, Saigram Nagar, MIDC Ambad, Nashik, Maharashtra 422010, India</SimpleData>
		<SimpleData name="Latitude">19.9573826</SimpleData>
		<SimpleData name="Longitude">73.7481046</SimpleData>
		<SimpleData name="Place_ID">ChIJuZqwLADr3TsRYXiS6EymVaQ</SimpleData>
		<SimpleData name="Distance_m">1686</SimpleData>
		<SimpleData name="Source_File">Nashik_Ambad_warehouses.xlsx</SimpleData>
	</SchemaData></ExtendedData>
      <Point><coordinates>73.7481046,19.9573826</coordinates></Point>
  </Placemark>
  <Placemark id="warehouses.255">
	<name>Nikhil Datir Warehouse</name>
	<ExtendedData><SchemaData schemaUrl="#warehouses">
		<SimpleData name="Category">storage</SimpleData>
		<SimpleData name="Address">XQ52+H6M, MIDC Ambad, Nashik, Maharashtra 422010, India</SimpleData>
		<SimpleData name="Latitude">19.9589593</SimpleData>
		<SimpleData name="Longitude">73.7505515</SimpleData>
		<SimpleData name="Place_ID">ChIJuWatPwDr3TsR2smmX6dHEL0</SimpleData>
		<SimpleData name="Distance_m">1553</SimpleData>
		<SimpleData name="Source_File">Nashik_Ambad_warehouses.xlsx</SimpleData>
	</SchemaData></ExtendedData>
      <Point><coordinates>73.7505515,19.9589593</coordinates></Point>
  </Placemark>
  <Placemark id="warehouses.256">
	<name>SMR Automotive Systems India Limited</name>
	<ExtendedData><SchemaData schemaUrl="#warehouses">
		<SimpleData name="Category">storage</SimpleData>
		<SimpleData name="Address">D98, MIDC Rd, MIDC Ambad, Nashik, Maharashtra 422010, India</SimpleData>
		<SimpleData name="Latitude">19.9536206</SimpleData>
		<SimpleData name="Longitude">73.7440858</SimpleData>
		<SimpleData name="Rating">5</SimpleData>
		<SimpleData name="Place_ID">ChIJtdwv6uHt3TsRm2kgAr1OaFQ</SimpleData>
		<SimpleData name="Distance_m">2120</SimpleData>
		<SimpleData name="Source_File">Nashik_Ambad_warehouses.xlsx</SimpleData>
	</SchemaData></ExtendedData>
      <Point><coordinates>73.7440858,19.9536206</coordinates></Point>
  </Placemark>
  <Placemark id="warehouses.257">
	<name>SINU RO HOUSE</name>
	<ExtendedData><SchemaData schemaUrl="#warehouses">
		<SimpleData name="Category">storage</SimpleData>
		<SimpleData name="Address">XP5M+GHX, Datta Nagar Rd, XLO Point, MIDC Ambad, Nashik, Maharashtra 422010, India</SimpleData>
		<SimpleData name="Latitude">19.958858</SimpleData>
		<SimpleData name="Longitude">73.73398</SimpleData>
		<SimpleData name="Rating">5</SimpleData>
		<SimpleData name="Place_ID">ChIJMzL1fADt3TsRvwz_qMGi1lg</SimpleData>
		<SimpleData name="Distance_m">2827</SimpleData>
		<SimpleData name="Source_File">Nashik_CIDCO_warehouses.xlsx</SimpleData>
	</SchemaData></ExtendedData>
      <Point><coordinates>73.73398,19.958858</coordinates></Point>
  </Placemark>
  <Placemark id="warehouses.258">
	<name>Inventive solution</name>
	<ExtendedData><SchemaData schemaUrl="#warehouses">
		<SimpleData name="Category">storage</SimpleData>
		<SimpleData name="Address">near patil transport, Ambad Khrud, MIDC Ambad, Nashik, Maharashtra 422010, India</SimpleData>
		<SimpleData name="Latitude">19.9600232</SimpleData>
		<SimpleData name="Longitude">73.7438857</SimpleData>
		<SimpleData name="Rating">5</SimpleData>
		<SimpleData name="Place_ID">ChIJjWUpo5jt3TsROyZ02vROgA0</SimpleData>
		<SimpleData name="Distance_m">1927</SimpleData>
		<SimpleData name="Source_File">Nashik_CIDCO_warehouses.xlsx</SimpleData>
	</SchemaData></ExtendedData>
      <Point><coordinates>73.7438857,19.9600232</coordinates></Point>
  </Placemark>
  <Placemark id="warehouses.259">
	<name>43 S &amp; S Enterprises Godown</name>
	<ExtendedData><SchemaData schemaUrl="#warehouses">
		<SimpleData name="Category">storage</SimpleData>
		<SimpleData name="Address">Nisarga Colony, 43, Narhari Nagar, Damodar Nagar, Pathardi Phata, Nashik, Maharashtra 422010, India</SimpleData>
		<SimpleData name="Latitude">19.94788</SimpleData>
		<SimpleData name="Longitude">73.7686254</SimpleData>
		<SimpleData name="Rating">5</SimpleData>
		<SimpleData name="Place_ID">ChIJWaoZTwCV3TsRTIl7IYDfQus</SimpleData>
		<SimpleData name="Distance_m">2965</SimpleData>
		<SimpleData name="Source_File">Nashik_CIDCO_warehouses.xlsx</SimpleData>
	</SchemaData></ExtendedData>
      <Point><coordinates>73.7686254,19.94788</coordinates></Point>
  </Placemark>
  <Placemark id="warehouses.260">
	<name>Gps enterprise godown</name>
	<ExtendedData><SchemaData schemaUrl="#warehouses">
		<SimpleData name="Category">storage</SimpleData>
		<SimpleData name="Address">WQXF+245, Dnyaneshwar Nagar, Pathardi Phata, Nashik, Maharashtra 422009, India</SimpleData>
		<SimpleData name="Latitude">19.947275</SimpleData>
		<SimpleData name="Longitude">73.773515</SimpleData>
		<SimpleData name="Place_ID">ChIJ7xHlYACV3TsRstWZF8Nvl9w</SimpleData>
		<SimpleData name="Distance_m">2911</SimpleData>
		<SimpleData name="Source_File">Nashik_Indira_Nagar_warehouses.xlsx</SimpleData>
	</SchemaData></ExtendedData>
      <Point><coordinates>73.773515,19.947275</coordinates></Point>
  </Placemark>
  <Placemark id="warehouses.261">
	<name>Soham Datir Werehouse</name>
	<ExtendedData><SchemaData schemaUrl="#warehouses">
		<SimpleData name="Category">storage</SimpleData>
		<SimpleData name="Address">XP5V+3J9, Ambad Khrud, MIDC Ambad, Nashik, Maharashtra 422010, India</SimpleData>
		<SimpleData name="Latitude">19.9578188</SimpleData>
		<SimpleData name="Longitude">73.7441819</SimpleData>
		<SimpleData name="Place_ID">ChIJUVT8TwDt3TsR_nUkmeWlEps</SimpleData>
		<SimpleData name="Distance_m">2458</SimpleData>
		<SimpleData name="Source_File">Nashik_MIDC_Ambad_warehouses.xlsx</SimpleData>
	</SchemaData></ExtendedData>
      <Point><coordinates>73.7441819,19.9578188</coordinates></Point>
  </Placemark>
  <Placemark id="warehouses.262">
	<name>Swastik Food</name>
	<ExtendedData><SchemaData schemaUrl="#warehouses">
		<SimpleData name="Category">storage</SimpleData>
		<SimpleData name="Address">XP5W+H56, MIDC Ambad, Nashik, Maharashtra 422010, India</SimpleData>
		<SimpleData name="Latitude">19.9588812</SimpleData>
		<SimpleData name="Longitude">73.7454181</SimpleData>
		<SimpleData name="Place_ID">ChIJIRD4HADt3TsROSre0S-lYhI</SimpleData>
		<SimpleData name="Distance_m">2294</SimpleData>
		<SimpleData name="Source_File">Nashik_MIDC_Ambad_warehouses.xlsx</SimpleData>
	</SchemaData></ExtendedData>
      <Point><coordinates>73.7454181,19.9588812</coordinates></Point>
  </Placemark>
  <Placemark id="warehouses.263">
	<name>GURMAYA ENTERPRISE</name>
	<ExtendedData><SchemaData schemaUrl="#warehouses">
		<SimpleData name="Category">storage</SimpleData>
		<SimpleData name="Address">b, 28, MIDC Rd, Ambad, MIDC Ambad, Nashik, Maharashtra 422010, India</SimpleData>
		<SimpleData name="Latitude">19.9546708</SimpleData>
		<SimpleData name="Longitude">73.7505919</SimpleData>
		<SimpleData name="Place_ID">ChIJAS8cTgDr3TsREiDp317oU5g</SimpleData>
		<SimpleData name="Distance_m">2057</SimpleData>
		<SimpleData name="Source_File">Nashik_MIDC_Ambad_warehouses.xlsx</SimpleData>
	</SchemaData></ExtendedData>
      <Point><coordinates>73.7505919,19.9546708</coordinates></Point>
  </Placemark>
  <Placemark id="warehouses.264">
	<name>Jay Malhar Transport</name>
	<ExtendedData><SchemaData schemaUrl="#warehouses">
		<SimpleData name="Category">storage</SimpleData>
		<SimpleData name="Address">Balhane, MIDC Ambad, Dhule, Nashik, Maharashtra 422010, India</SimpleData>
		<SimpleData name="Latitude">19.9547161</SimpleData>
		<SimpleData name="Longitude">73.7505813</SimpleData>
		<SimpleData name="Place_ID">ChIJN8jKmfzr3TsRrKllLeMsvc4</SimpleData>
		<SimpleData name="Distance_m">2055</SimpleData>
		<SimpleData name="Source_File">Nashik_MIDC_Ambad_warehouses.xlsx</SimpleData>
	</SchemaData></ExtendedData>
      <Point><coordinates>73.7505813,19.9547161</coordinates></Point>
  </Placemark>
  <Placemark id="warehouses.265">
	<name>Sugar Spicy</name>
	<ExtendedData><SchemaData schemaUrl="#warehouses">
		<SimpleData name="Category">storage</SimpleData>
		<SimpleData name="Address">Ambad Link Rd, in front of Indoline furniture, Saigram Nagar, Pathardi Phata, Nashik, Maharashtra 422010, India</SimpleData>
		<SimpleData name="Latitude">19.9603203</SimpleData>
		<SimpleData name="Longitude">73.752975</SimpleData>
		<SimpleData name="Rating">4.4</SimpleData>
		<SimpleData name="Place_ID">ChIJTRq02u_r3TsRivgbk76im-s</SimpleData>
		<SimpleData name="Distance_m">2267</SimpleData>
		<SimpleData name="Source_File">Nashik_Pathardi_Phata_warehouses.xlsx</SimpleData>
	</SchemaData></ExtendedData>
      <Point><coordinates>73.752975,19.9603203</coordinates></Point>
  </Placemark>
  <Placemark id="warehouses.266">
	<name>Aai house</name>
	<ExtendedData><SchemaData schemaUrl="#warehouses">
		<SimpleData name="Category">storage</SimpleData>
		<SimpleData name="Address">XQ35+F8F, Prashant Nagar, Nawale Nagar, Prashant Nagar, Pathardi Phata, Nashik, Maharashtra 422010, India</SimpleData>
		<SimpleData name="Latitude">19.95369</SimpleData>
		<SimpleData name="Longitude">73.758301</SimpleData>
		<SimpleData name="Place_ID">ChIJ91CltmHr3TsRWo73-x7z_vg</SimpleData>
		<SimpleData name="Distance_m">1973</SimpleData>
		<SimpleData name="Source_File">Nashik_Pathardi_Phata_warehouses.xlsx</SimpleData>
	</SchemaData></ExtendedData>
      <Point><coordinates>73.758301,19.95369</coordinates></Point>
  </Placemark>
  <Placemark id="warehouses.267">
	<name>Sapatsurngi bunglow</name>
	<ExtendedData><SchemaData schemaUrl="#warehouses">
		<SimpleData name="Category">storage</SimpleData>
		<SimpleData name="Address">WQX9+43X, Narhari Nagar, Damodar Nagar, Pathardi Phata, Nashik, Maharashtra 422010, India</SimpleData>
		<SimpleData name="Latitude">19.947863</SimpleData>
		<SimpleData name="Longitude">73.7677364</SimpleData>
		<SimpleData name="Place_ID">ChIJ_5hvPVqV3TsRlbu9IXgomNs</SimpleData>
		<SimpleData name="Distance_m">1805</SimpleData>
		<SimpleData name="Source_File">Nashik_Pathardi_Phata_warehouses.xlsx</SimpleData>
	</SchemaData></ExtendedData>
      <Point><coordinates>73.7677364,19.947863</coordinates></Point>
  </Placemark>
  <Placemark id="warehouses.268">
	<name>Sagar transport</name>
	<ExtendedData><SchemaData schemaUrl="#warehouses">
		<SimpleData name="Category">storage</SimpleData>
		<SimpleData name="Address">XQ57+4WP, Wasan Nagar, Pathardi Phata, Nashik, Maharashtra 422009, India</SimpleData>
		<SimpleData name="Latitude">19.9578377</SimpleData>
		<SimpleData name="Longitude">73.7648265</SimpleData>
		<SimpleData name="Place_ID">ChIJj4uoGgDr3TsRbHA6D__Xn4w</SimpleData>
		<SimpleData name="Distance_m">1152</SimpleData>
		<SimpleData name="Source_File">Nashik_Pathardi_Phata_warehouses.xlsx</SimpleData>
	</SchemaData></ExtendedData>
      <Point><coordinates>73.7648265,19.9578377</coordinates></Point>
  </Placemark>
  <Placemark id="warehouses.269">
	<name>Samadhan indane godown</name>
	<ExtendedData><SchemaData schemaUrl="#warehouses">
		<SimpleData name="Category">storage</SimpleData>
		<SimpleData name="Address">WQM8+X2P, Pathardi-Gaulane Rd, Nashik, Maharashtra 422010, India</SimpleData>
		<SimpleData name="Latitude">19.9349631</SimpleData>
		<SimpleData name="Longitude">73.7650894</SimpleData>
		<SimpleData name="Rating">5</SimpleData>
		<SimpleData name="Place_ID">ChIJK9kdp3iV3TsR4blx5u13xes</SimpleData>
		<SimpleData name="Distance_m">3248</SimpleData>
		<SimpleData name="Source_File">Nashik_Pathardi_Phata_warehouses.xlsx</SimpleData>
	</SchemaData></ExtendedData>
      <Point><coordinates>73.7650894,19.9349631</coordinates></Point>
  </Placemark>
  <Placemark id="warehouses.270">
	<name>GURU INDUSTRIAL HARDWARE</name>
	<ExtendedData><SchemaData schemaUrl="#warehouses">
		<SimpleData name="Category">store</SimpleData>
		<SimpleData name="Address">Shop no 133/2, Gangamai Industrial Complex, MIDC Ambad, Nashik, Maharashtra 422010, India</SimpleData>
		<SimpleData name="Latitude">19.9552301</SimpleData>
		<SimpleData name="Longitude">73.7331126</SimpleData>
		<SimpleData name="Rating">5</SimpleData>
		<SimpleData name="Place_ID">ChIJM_I_wf7t3TsR78EJcahVCMc</SimpleData>
		<SimpleData name="Distance_m">2401</SimpleData>
		<SimpleData name="Source_File">Nashik_Ambad_warehouses.xlsx</SimpleData>
	</SchemaData></ExtendedData>
      <Point><coordinates>73.7331126,19.9552301</coordinates></Point>
  </Placemark>
  <Placemark id="warehouses.271">
	<name>Rushiraj Packers and Movers</name>
	<ExtendedData><SchemaData schemaUrl="#warehouses">
		<SimpleData name="Category">transportation_service</SimpleData>
		<SimpleData name="Address">RH No 29, Parth Palace, Saigram, Ambad, Dixit Colony, Nashik, Maharashtra 422010, India</SimpleData>
		<SimpleData name="Latitude">19.9610084</SimpleData>
		<SimpleData name="Longitude">73.753767</SimpleData>
		<SimpleData name="Rating">4.9</SimpleData>
		<SimpleData name="Place_ID">ChIJ3Ummb7Xt3TsRwiTPMbUdwGs</SimpleData>
		<SimpleData name="Distance_m">1466</SimpleData>
		<SimpleData name="Source_File">Nashik_Ambad_warehouses.xlsx</SimpleData>
	</SchemaData></ExtendedData>
      <Point><coordinates>73.753767,19.9610084</coordinates></Point>
  </Placemark>
  <Placemark id="warehouses.272">
	<name>Ashtekar Packers and Movers</name>
	<ExtendedData><SchemaData schemaUrl="#warehouses">
		<SimpleData name="Category">transportation_service</SimpleData>
		<SimpleData name="Address">Shop No. 6, Krishna Apartment, behind Hotel Click, Chetana nagar, Pathardi Phata, Nashik, Maharashtra 422009, India</SimpleData>
		<SimpleData name="Latitude">19.9621579</SimpleData>
		<SimpleData name="Longitude">73.7656442</SimpleData>
		<SimpleData name="Rating">5</SimpleData>
		<SimpleData name="Place_ID">ChIJWb3TXwXr3TsRkdb6rVJv504</SimpleData>
		<SimpleData name="Distance_m">2272</SimpleData>
		<SimpleData name="Source_File">Nashik_Ambad_warehouses.xlsx</SimpleData>
	</SchemaData></ExtendedData>
      <Point><coordinates>73.7656442,19.9621579</coordinates></Point>
  </Placemark>
  <Placemark id="warehouses.273">
	<name>Raj Transport Company</name>
	<ExtendedData><SchemaData schemaUrl="#warehouses">
		<SimpleData name="Category">transportation_service</SimpleData>
		<SimpleData name="Address">M-76, Ambad - Uttam Nagar Rd, MIDC Ambad, Nashik, Maharashtra 422010, India</SimpleData>
		<SimpleData name="Latitude">19.9584809</SimpleData>
		<SimpleData name="Longitude">73.740138</SimpleData>
		<SimpleData name="Rating">4.6</SimpleData>
		<SimpleData name="Place_ID">ChIJ____v6_s3TsRpGPBQ6vIz_s</SimpleData>
		<SimpleData name="Distance_m">1712</SimpleData>
		<SimpleData name="Source_File">Nashik_Ambad_warehouses.xlsx</SimpleData>
	</SchemaData></ExtendedData>
      <Point><coordinates>73.740138,19.9584809</coordinates></Point>
  </Placemark>
  <Placemark id="warehouses.274">
	<name>Kalayatan Cargo and Logistics Private Limited</name>
	<ExtendedData><SchemaData schemaUrl="#warehouses">
		<SimpleData name="Category">transportation_service</SimpleData>
		<SimpleData name="Address">Plot no. PAP-51, behind R.P. sweets, opp. Siemens Gate, MIDC Ambad, Nashik, Maharashtra 422010, India</SimpleData>
		<SimpleData name="Latitude">19.9550382</SimpleData>
		<SimpleData name="Longitude">73.734265</SimpleData>
		<SimpleData name="Rating">3</SimpleData>
		<SimpleData name="Place_ID">ChIJYbxI0gXt3TsRq-FC2LohoJY</SimpleData>
		<SimpleData name="Distance_m">3536</SimpleData>
		<SimpleData name="Source_File">Nashik_MIDC_Ambad_warehouses.xlsx</SimpleData>
	</SchemaData></ExtendedData>
      <Point><coordinates>73.734265,19.9550382</coordinates></Point>
  </Placemark>
  <Placemark id="warehouses.275">
	<name>Nashik Self Drive Car</name>
	<ExtendedData><SchemaData schemaUrl="#warehouses">
		<SimpleData name="Category">transportation_service</SimpleData>
		<SimpleData name="Address">Hari Vishwa, near Express Inn hotel, Buddha Vihar, Pathardi Phata, Nashik, Maharashtra 422010, India</SimpleData>
		<SimpleData name="Latitude">19.9480305</SimpleData>
		<SimpleData name="Longitude">73.7530277</SimpleData>
		<SimpleData name="Place_ID">ChIJvb8NfgCV3TsRG3nCS_L829w</SimpleData>
		<SimpleData name="Distance_m">2437</SimpleData>
		<SimpleData name="Source_File">Nashik_MIDC_Ambad_warehouses.xlsx</SimpleData>
	</SchemaData></ExtendedData>
      <Point><coordinates>73.7530277,19.9480305</coordinates></Point>
  </Placemark>
  <Placemark id="warehouses.276">
	<name>Vijay Cargo Packers &amp; Movers</name>
	<ExtendedData><SchemaData schemaUrl="#warehouses">
		<SimpleData name="Category">transportation_service</SimpleData>
		<SimpleData name="Address">Head Office No. 4, Aakash Residency Manohar Nagar, behind Sales Tax Office, Monde Mala, Pathardi Phata, Nashik, Maharashtra 422010, India</SimpleData>
		<SimpleData name="Latitude">19.9476241</SimpleData>
		<SimpleData name="Longitude">73.7630893</SimpleData>
		<SimpleData name="Rating">4.9</SimpleData>
		<SimpleData name="Place_ID">ChIJNx5Phg2V3TsRjA3kAVgIihg</SimpleData>
		<SimpleData name="Distance_m">2066</SimpleData>
		<SimpleData name="Source_File">Nashik_Pathardi_Phata_warehouses.xlsx</SimpleData>
	</SchemaData></ExtendedData>
      <Point><coordinates>73.7630893,19.9476241</coordinates></Point>
  </Placemark>
  <Placemark id="warehouses.277">
	<name>S K Relocation Packers &amp; Movers</name>
	<ExtendedData><SchemaData schemaUrl="#warehouses">
		<SimpleData name="Category">transportation_service</SimpleData>
		<SimpleData name="Address">Ground RH No.2, Sr. No. 313/1/4/19, Bunglow, Saptashrungi Row House, Plot no. 17, Narhari Nagar, Damodar Nagar, Pathardi Phata, Nashik, Maharashtra 422010, India</SimpleData>
		<SimpleData name="Latitude">19.947206</SimpleData>
		<SimpleData name="Longitude">73.7606219</SimpleData>
		<SimpleData name="Rating">4.4</SimpleData>
		<SimpleData name="Place_ID">ChIJ____L7SU3TsRNWhn8k7DZ_4</SimpleData>
		<SimpleData name="Distance_m">2261</SimpleData>
		<SimpleData name="Source_File">Nashik_Pathardi_Phata_warehouses.xlsx</SimpleData>
	</SchemaData></ExtendedData>
      <Point><coordinates>73.7606219,19.947206</coordinates></Point>
  </Placemark>
  <Placemark id="warehouses.278">
	<name>CORFACT ENGINEERS</name>
	<ExtendedData><SchemaData schemaUrl="#warehouses">
		<SimpleData name="Category">manufacturer</SimpleData>
		<SimpleData name="Address">Plot No. J, 15, Ambad, MIDC Ambad, Nashik, Maharashtra 422010, India</SimpleData>
		<SimpleData name="Latitude">19.9493088</SimpleData>
		<SimpleData name="Longitude">73.7213392</SimpleData>
		<SimpleData name="Rating">5</SimpleData>
		<SimpleData name="Place_ID">ChIJ____v6_s3TsRDyysOONY_PI</SimpleData>
		<SimpleData name="Distance_m">3713</SimpleData>
		<SimpleData name="Source_File">Nashik_Ambad_warehouses.xlsx</SimpleData>
	</SchemaData></ExtendedData>
      <Point><coordinates>73.7213392,19.9493088</coordinates></Point>
  </Placemark>
  <Placemark id="warehouses.279">
	<name>F-109 Udyogshrddha industries</name>
	<ExtendedData><SchemaData schemaUrl="#warehouses">
		<SimpleData name="Category">storage</SimpleData>
		<SimpleData name="Address">XP3G+58J, MIDC Ambad, Nashik, Maharashtra 422010, India</SimpleData>
		<SimpleData name="Latitude">19.9529712</SimpleData>
		<SimpleData name="Longitude">73.7257612</SimpleData>
		<SimpleData name="Rating">4.5</SimpleData>
		<SimpleData name="Place_ID">ChIJo27OHQDt3TsRDyyoeaZZEaY</SimpleData>
		<SimpleData name="Distance_m">3098</SimpleData>
		<SimpleData name="Source_File">Nashik_Ambad_warehouses.xlsx</SimpleData>
	</SchemaData></ExtendedData>
      <Point><coordinates>73.7257612,19.9529712</coordinates></Point>
  </Placemark>
  <Placemark id="warehouses.280">
	<name>Company</name>
	<ExtendedData><SchemaData schemaUrl="#warehouses">
		<SimpleData name="Category">storage</SimpleData>
		<SimpleData name="Address">XP3J+V3F, MIDC Ambad, Nashik, Maharashtra 422010, India</SimpleData>
		<SimpleData name="Latitude">19.9546694</SimpleData>
		<SimpleData name="Longitude">73.7302481</SimpleData>
		<SimpleData name="Rating">2.5</SimpleData>
		<SimpleData name="Place_ID">ChIJBQAndwDt3TsRO3kc3yxQPzU</SimpleData>
		<SimpleData name="Distance_m">2638</SimpleData>
		<SimpleData name="Source_File">Nashik_Ambad_warehouses.xlsx</SimpleData>
	</SchemaData></ExtendedData>
      <Point><coordinates>73.7302481,19.9546694</coordinates></Point>
  </Placemark>
  <Placemark id="warehouses.281">
	<name>Winetech Engineers</name>
	<ExtendedData><SchemaData schemaUrl="#warehouses">
		<SimpleData name="Category">storage</SimpleData>
		<SimpleData name="Address">Plot No J, 10, MIDC Ambad, Nashik, Maharashtra 422010, India</SimpleData>
		<SimpleData name="Latitude">19.949981</SimpleData>
		<SimpleData name="Longitude">73.7221365</SimpleData>
		<SimpleData name="Rating">5</SimpleData>
		<SimpleData name="Place_ID">ChIJ____v6_s3TsRrVtplyw04JE</SimpleData>
		<SimpleData name="Distance_m">3601</SimpleData>
		<SimpleData name="Source_File">Nashik_Ambad_warehouses.xlsx</SimpleData>
	</SchemaData></ExtendedData>
      <Point><coordinates>73.7221365,19.949981</coordinates></Point>
  </Placemark>
  <Placemark id="warehouses.282">
	<name>Storewel - Rotomatic Containers Private Limited</name>
	<ExtendedData><SchemaData schemaUrl="#warehouses">
		<SimpleData name="Category">supplier</SimpleData>
		<SimpleData name="Address">F4, MIDC Ambad, Nashik, Maharashtra 422010, India</SimpleData>
		<SimpleData name="Latitude">19.950806</SimpleData>
		<SimpleData name="Longitude">73.7263347</SimpleData>
		<SimpleData name="Rating">4.4</SimpleData>
		<SimpleData name="Place_ID">ChIJR1M7GLXs3TsRe0JK6QtPDII</SimpleData>
		<SimpleData name="Distance_m">3231</SimpleData>
		<SimpleData name="Source_File">Nashik_Ambad_warehouses.xlsx</SimpleData>
	</SchemaData></ExtendedData>
      <Point><coordinates>73.7263347,19.950806</coordinates></Point>
  </Placemark>
  <Placemark id="warehouses.283">
	<name>Zawar Warehousing Adgaon</name>
	<ExtendedData><SchemaData schemaUrl="#warehouses">
		<SimpleData name="Category">storage</SimpleData>
		<SimpleData name="Address">2VH4+C74, Adgaon, Nashik, Maharashtra 422003, India</SimpleData>
		<SimpleData name="Latitude">20.0285249</SimpleData>
		<SimpleData name="Longitude">73.8557162</SimpleData>
		<SimpleData name="Place_ID">ChIJgyUGZQDB3TsRPITUhelRmqI</SimpleData>
		<SimpleData name="Distance_m">992</SimpleData>
		<SimpleData name="Source_File">Nashik_Adgaon_warehouses.xlsx</SimpleData>
	</SchemaData></ExtendedData>
      <Point><coordinates>73.8557162,20.0285249</coordinates></Point>
  </Placemark>
  <Placemark id="warehouses.284">
	<name>???? ???????</name>
	<ExtendedData><SchemaData schemaUrl="#warehouses">
		<SimpleData name="Category">storage</SimpleData>
		<SimpleData name="Address">2VQ4+MJX, Vasantdadanagar, Adgaon, Nashik, Maharashtra 422003, India</SimpleData>
		<SimpleData name="Latitude">20.039238</SimpleData>
		<SimpleData name="Longitude">73.856608</SimpleData>
		<SimpleData name="Place_ID">ChIJmVHg5p7B3TsRAKfKBlEa8qY</SimpleData>
		<SimpleData name="Distance_m">970</SimpleData>
		<SimpleData name="Source_File">Nashik_Adgaon_warehouses.xlsx</SimpleData>
	</SchemaData></ExtendedData>
      <Point><coordinates>73.856608,20.039238</coordinates></Point>
  </Placemark>
  <Placemark id="warehouses.285">
	<name>Captain Tractors Pvt Ltd Nashik</name>
	<ExtendedData><SchemaData schemaUrl="#warehouses">
		<SimpleData name="Category">storage</SimpleData>
		<SimpleData name="Address">2VP8+V6P, Agra - Mumbai Hwy, Adgaon, Nashik, Maharashtra 422003, India</SimpleData>
		<SimpleData name="Latitude">20.0372032</SimpleData>
		<SimpleData name="Longitude">73.8655827</SimpleData>
		<SimpleData name="Place_ID">ChIJ__c0LgDB3TsRwjryiQvLIfM</SimpleData>
		<SimpleData name="Distance_m">461</SimpleData>
		<SimpleData name="Source_File">Nashik_Adgaon_warehouses.xlsx</SimpleData>
	</SchemaData></ExtendedData>
      <Point><coordinates>73.8655827,20.0372032</coordinates></Point>
  </Placemark>
  <Placemark id="warehouses.286">
	<name>JAKHURA COMPOUND</name>
	<ExtendedData><SchemaData schemaUrl="#warehouses">
		<SimpleData name="Category">storage</SimpleData>
		<SimpleData name="Address">Agra - Mumbai Hwy, Adgaon, Nashik, Maharashtra 422003, India</SimpleData>
		<SimpleData name="Latitude">20.0477583</SimpleData>
		<SimpleData name="Longitude">73.87697</SimpleData>
		<SimpleData name="Rating">5</SimpleData>
		<SimpleData name="Place_ID">ChIJNYAKZI_B3TsR8x38e_WOAOI</SimpleData>
		<SimpleData name="Distance_m">2113</SimpleData>
		<SimpleData name="Source_File">Nashik_Adgaon_warehouses.xlsx</SimpleData>
	</SchemaData></ExtendedData>
      <Point><coordinates>73.87697,20.0477583</coordinates></Point>
  </Placemark>
  <Placemark id="warehouses.287">
	<name>MATE COMERCIAL</name>
	<ExtendedData><SchemaData schemaUrl="#warehouses">
		<SimpleData name="Category">storage</SimpleData>
		<SimpleData name="Address">2VH5+P2W, Adgaon, Nashik, Maharashtra 422003, India</SimpleData>
		<SimpleData name="Latitude">20.0293718</SimpleData>
		<SimpleData name="Longitude">73.8575711</SimpleData>
		<SimpleData name="Rating">5</SimpleData>
		<SimpleData name="Place_ID">ChIJs8ceNADB3TsRQkolpgL8hTA</SimpleData>
		<SimpleData name="Distance_m">779</SimpleData>
		<SimpleData name="Source_File">Nashik_Adgaon_warehouses.xlsx</SimpleData>
	</SchemaData></ExtendedData>
      <Point><coordinates>73.8575711,20.0293718</coordinates></Point>
  </Placemark>
  <Placemark id="warehouses.288">
	<name>Shinde &amp; Bafana Wearhouse</name>
	<ExtendedData><SchemaData schemaUrl="#warehouses">
		<SimpleData name="Category">storage</SimpleData>
		<SimpleData name="Address">Shinde Farm &amp; Wearhouse complex, Adgaon, Pimpri Sayyad, Nashik, Maharashtra 422003, India</SimpleData>
		<SimpleData name="Latitude">20.0334702</SimpleData>
		<SimpleData name="Longitude">73.8635599</SimpleData>
		<SimpleData name="Place_ID">ChIJg7G1UvPB3TsRztnJ2JFDGNM</SimpleData>
		<SimpleData name="Distance_m">5</SimpleData>
		<SimpleData name="Source_File">Nashik_Adgaon_warehouses.xlsx</SimpleData>
	</SchemaData></ExtendedData>
      <Point><coordinates>73.8635599,20.0334702</coordinates></Point>
  </Placemark>
  <Placemark id="warehouses.289">
	<name>PRECEDEDGE TECHNOLOGY</name>
	<ExtendedData><SchemaData schemaUrl="#warehouses">
		<SimpleData name="Category">storage</SimpleData>
		<SimpleData name="Address">2VM8+FMG, Adgaon, Nashik, Maharashtra 422003, India</SimpleData>
		<SimpleData name="Latitude">20.0333328</SimpleData>
		<SimpleData name="Longitude">73.8677171</SimpleData>
		<SimpleData name="Rating">5</SimpleData>
		<SimpleData name="Place_ID">ChIJK2muGQDB3TsRxlY3iiQjR0I</SimpleData>
		<SimpleData name="Distance_m">431</SimpleData>
		<SimpleData name="Source_File">Nashik_Adgaon_warehouses.xlsx</SimpleData>
	</SchemaData></ExtendedData>
      <Point><coordinates>73.8677171,20.0333328</coordinates></Point>
  </Placemark>
  <Placemark id="warehouses.290">
	<name>Shinde dairy farm</name>
	<ExtendedData><SchemaData schemaUrl="#warehouses">
		<SimpleData name="Category">storage</SimpleData>
		<SimpleData name="Address">2VQC+Q77, Adgaon, Nashik, Maharashtra 422003, India</SimpleData>
		<SimpleData name="Latitude">20.0394116</SimpleData>
		<SimpleData name="Longitude">73.8706732</SimpleData>
		<SimpleData name="Place_ID">ChIJlYhtOADB3TsRotUAPU7l9Ws</SimpleData>
		<SimpleData name="Distance_m">989</SimpleData>
		<SimpleData name="Source_File">Nashik_Adgaon_warehouses.xlsx</SimpleData>
	</SchemaData></ExtendedData>
      <Point><coordinates>73.8706732,20.0394116</coordinates></Point>
  </Placemark>
  <Placemark id="warehouses.291">
	<name>Farm 4</name>
	<ExtendedData><SchemaData schemaUrl="#warehouses">
		<SimpleData name="Category">storage</SimpleData>
		<SimpleData name="Address">2V9F+V9G, Adgaon, Nashik, Maharashtra 422003, India</SimpleData>
		<SimpleData name="Latitude">20.0195852</SimpleData>
		<SimpleData name="Longitude">73.8722007</SimpleData>
		<SimpleData name="Place_ID">ChIJYXNsJCPB3TsRcbVfcRXM9Ao</SimpleData>
		<SimpleData name="Distance_m">1789</SimpleData>
		<SimpleData name="Source_File">Nashik_Adgaon_warehouses.xlsx</SimpleData>
	</SchemaData></ExtendedData>
      <Point><coordinates>73.8722007,20.0195852</coordinates></Point>
  </Placemark>
  <Placemark id="warehouses.292">
	<name>Shivpriyas milk Center and cold drink</name>
	<ExtendedData><SchemaData schemaUrl="#warehouses">
		<SimpleData name="Category">storage</SimpleData>
		<SimpleData name="Address">2RCV+792, Pachwati, Sri Ram Nagar, Adgaon, Naka, Nashik, Maharashtra 422003, India</SimpleData>
		<SimpleData name="Latitude">20.0206305</SimpleData>
		<SimpleData name="Longitude">73.8433794</SimpleData>
		<SimpleData name="Place_ID">ChIJoR6EfwDB3TsRu_tR9ZQ0sbs</SimpleData>
		<SimpleData name="Distance_m">2552</SimpleData>
		<SimpleData name="Source_File">Nashik_Adgaon_warehouses.xlsx</SimpleData>
	</SchemaData></ExtendedData>
      <Point><coordinates>73.8433794,20.0206305</coordinates></Point>
  </Placemark>
  <Placemark id="warehouses.293">
	<name>Shinde farm house</name>
	<ExtendedData><SchemaData schemaUrl="#warehouses">
		<SimpleData name="Category">storage</SimpleData>
		<SimpleData name="Address">Adgaon Mhasrul Rd,dushing mala, 2RPX+3WW Dr Vasantrao Pawar Medical Collage, Adgaon, Nashik, Maharashtra 422003, India</SimpleData>
		<SimpleData name="Latitude">20.0352414</SimpleData>
		<SimpleData name="Longitude">73.8498236</SimpleData>
		<SimpleData name="Place_ID">ChIJS_JEV3XB3TsRF_bhSVCEYuA</SimpleData>
		<SimpleData name="Distance_m">1452</SimpleData>
		<SimpleData name="Source_File">Nashik_Adgaon_warehouses.xlsx</SimpleData>
	</SchemaData></ExtendedData>
      <Point><coordinates>73.8498236,20.0352414</coordinates></Point>
  </Placemark>
  <Placemark id="warehouses.294">
	<name>MUDIRAJ AUTODEALS</name>
	<ExtendedData><SchemaData schemaUrl="#warehouses">
		<SimpleData name="Category">storage</SimpleData>
		<SimpleData name="Address">2VP7+9CW, Agra - Mumbai Hwy, Om Nagar, Adgaon, Nashik, Maharashtra 422003, India</SimpleData>
		<SimpleData name="Latitude">20.0359953</SimpleData>
		<SimpleData name="Longitude">73.8635778</SimpleData>
		<SimpleData name="Place_ID">ChIJjSxRJADB3TsRSOEZ-SzNDCg</SimpleData>
		<SimpleData name="Distance_m">277</SimpleData>
		<SimpleData name="Source_File">Nashik_Adgaon_warehouses.xlsx</SimpleData>
	</SchemaData></ExtendedData>
      <Point><coordinates>73.8635778,20.0359953</coordinates></Point>
  </Placemark>
  <Placemark id="warehouses.295">
	<name>IMPROWATT ENERGY GODOWN</name>
	<ExtendedData><SchemaData schemaUrl="#warehouses">
		<SimpleData name="Category">storage</SimpleData>
		<SimpleData name="Address">2R6V+CJQ, Nandur Village, Nashik, Maharashtra 422003, India</SimpleData>
		<SimpleData name="Latitude">20.0111396</SimpleData>
		<SimpleData name="Longitude">73.8442333</SimpleData>
		<SimpleData name="Place_ID">ChIJ2_tLEADB3TsR3W78BDmYOs4</SimpleData>
		<SimpleData name="Distance_m">3206</SimpleData>
		<SimpleData name="Source_File">Nashik_Adgaon_warehouses.xlsx</SimpleData>
	</SchemaData></ExtendedData>
      <Point><coordinates>73.8442333,20.0111396</coordinates></Point>
  </Placemark>
  <Placemark id="warehouses.296">
	<name>Samridhi enterprises</name>
	<ExtendedData><SchemaData schemaUrl="#warehouses">
		<SimpleData name="Category">storage</SimpleData>
		<SimpleData name="Address">golden days school, Kailas Nagar,Pawar Mala Aurangabad Road, Takli Rd, Vaishnavi Park, Nashik, Maharashtra 422003, India</SimpleData>
		<SimpleData name="Latitude">19.9928125</SimpleData>
		<SimpleData name="Longitude">73.8230625</SimpleData>
		<SimpleData name="Rating">5</SimpleData>
		<SimpleData name="Place_ID">ChIJDTMQZQDr3TsRDr38Dg1TYcI</SimpleData>
		<SimpleData name="Distance_m">2024</SimpleData>
		<SimpleData name="Source_File">Nashik_Dwarka_warehouses.xlsx</SimpleData>
	</SchemaData></ExtendedData>
      <Point><coordinates>73.8230625,19.9928125</coordinates></Point>
  </Placemark>
  <Placemark id="warehouses.297">
	<name>Pawar Farm</name>
	<ExtendedData><SchemaData schemaUrl="#warehouses">
		<SimpleData name="Category">storage</SimpleData>
		<SimpleData name="Address">Tapovan Lakshman Mandir Rd, Vaishnavi Park, Nashik, Maharashtra 422003, India</SimpleData>
		<SimpleData name="Latitude">19.9928324</SimpleData>
		<SimpleData name="Longitude">73.8233902</SimpleData>
		<SimpleData name="Rating">3.7</SimpleData>
		<SimpleData name="Place_ID">ChIJXaWDLgDr3TsROvqYzlCFREQ</SimpleData>
		<SimpleData name="Distance_m">2058</SimpleData>
		<SimpleData name="Source_File">Nashik_Dwarka_warehouses.xlsx</SimpleData>
	</SchemaData></ExtendedData>
      <Point><coordinates>73.8233902,19.9928324</coordinates></Point>
  </Placemark>
  <Placemark id="warehouses.298">
	<name>Keshar logistic space</name>
	<ExtendedData><SchemaData schemaUrl="#warehouses">
		<SimpleData name="Category">storage</SimpleData>
		<SimpleData name="Address">XRWF+RC8, Vaishnavi Park, Nashik, Maharashtra 422003, India</SimpleData>
		<SimpleData name="Latitude">19.9970351</SimpleData>
		<SimpleData name="Longitude">73.8235846</SimpleData>
		<SimpleData name="Place_ID">ChIJhUyoQgDr3TsRkwpSHdpYYwQ</SimpleData>
		<SimpleData name="Distance_m">2123</SimpleData>
		<SimpleData name="Source_File">Nashik_Dwarka_warehouses.xlsx</SimpleData>
	</SchemaData></ExtendedData>
      <Point><coordinates>73.8235846,19.9970351</coordinates></Point>
  </Placemark>
  <Placemark id="warehouses.299">
	<name>Shree Shyam Professional Packers And Movers</name>
	<ExtendedData><SchemaData schemaUrl="#warehouses">
		<SimpleData name="Category">transportation_service</SimpleData>
		<SimpleData name="Address">Shop Number 5, Gajanan Business Park, Konarak Nagar, Adgaon, Nashik 422003 Nandur Naka Jatra Hotel Link Road, Konark Nagar, Nashik, Maharashtra 422003, India</SimpleData>
		<SimpleData name="Latitude">20.0138617</SimpleData>
		<SimpleData name="Longitude">73.8458343</SimpleData>
		<SimpleData name="Rating">4.3</SimpleData>
		<SimpleData name="Place_ID">ChIJp86gx83B3TsRMbM5ofeeCsI</SimpleData>
		<SimpleData name="Distance_m">2866</SimpleData>
		<SimpleData name="Source_File">Nashik_Adgaon_warehouses.xlsx</SimpleData>
	</SchemaData></ExtendedData>
      <Point><coordinates>73.8458343,20.0138617</coordinates></Point>
  </Placemark>
  <Placemark id="warehouses.300">
	<name>New MJFC (New Maharashtra Jalandhar Freight Carriers)</name>
	<ExtendedData><SchemaData schemaUrl="#warehouses">
		<SimpleData name="Category">transportation_service</SimpleData>
		<SimpleData name="Address">C 14 Truck Terminal , Transport Nagar New, Agra - Mumbai Hwy, Transport Nagar Adgoan, Adgaon, Nashik, Maharashtra 422003, India</SimpleData>
		<SimpleData name="Latitude">20.0444925</SimpleData>
		<SimpleData name="Longitude">73.8764066</SimpleData>
		<SimpleData name="Rating">4.9</SimpleData>
		<SimpleData name="Place_ID">ChIJgyIbFbnB3TsRHqDIU497Haw</SimpleData>
		<SimpleData name="Distance_m">1812</SimpleData>
		<SimpleData name="Source_File">Nashik_Adgaon_warehouses.xlsx</SimpleData>
	</SchemaData></ExtendedData>
      <Point><coordinates>73.8764066,20.0444925</coordinates></Point>
  </Placemark>
  <Placemark id="warehouses.301">
	<name>NDBT CONTAINER SERVICE NASHIK</name>
	<ExtendedData><SchemaData schemaUrl="#warehouses">
		<SimpleData name="Category">transportation_service</SimpleData>
		<SimpleData name="Address">3V3J+QV2 Adgaon Naka, Adgaon, Nashik, Maharashtra 422003, India</SimpleData>
		<SimpleData name="Latitude">20.054377</SimpleData>
		<SimpleData name="Longitude">73.8821293</SimpleData>
		<SimpleData name="Place_ID">ChIJD4Rx9mfB3TsR5BsotPseKHY</SimpleData>
		<SimpleData name="Distance_m">3022</SimpleData>
		<SimpleData name="Source_File">Nashik_Adgaon_warehouses.xlsx</SimpleData>
	</SchemaData></ExtendedData>
      <Point><coordinates>73.8821293,20.054377</coordinates></Point>
  </Placemark>
  <Placemark id="warehouses.302">
	<name>Chaules Godown</name>
	<ExtendedData><SchemaData schemaUrl="#warehouses">
		<SimpleData name="Category">storage</SimpleData>
		<SimpleData name="Address">XMWW+RXR, Nashik, Maharashtra 422012, India</SimpleData>
		<SimpleData name="Latitude">19.9971165</SimpleData>
		<SimpleData name="Longitude">73.6973939</SimpleData>
		<SimpleData name="Place_ID">ChIJ-w5LKQDt3TsRsP3HNjMzCXk</SimpleData>
		<SimpleData name="Distance_m">834</SimpleData>
		<SimpleData name="Source_File">Nashik_Chunchale_warehouses.xlsx</SimpleData>
	</SchemaData></ExtendedData>
      <Point><coordinates>73.6973939,19.9971165</coordinates></Point>
  </Placemark>
  <Placemark id="warehouses.303">
	<name>Center 1 Bandhkam Kamgar ????? ????</name>
	<ExtendedData><SchemaData schemaUrl="#warehouses">
		<SimpleData name="Category">storage</SimpleData>
		<SimpleData name="Address">Carbon Naka, MIDC, Satpur Colony, Nashik, Maharashtra 422012, India</SimpleData>
		<SimpleData name="Latitude">19.9945464</SimpleData>
		<SimpleData name="Longitude">73.7023569</SimpleData>
		<SimpleData name="Rating">4.8</SimpleData>
		<SimpleData name="Place_ID">ChIJqz18EwDt3TsRzsqsEC7NRhY</SimpleData>
		<SimpleData name="Distance_m">1980</SimpleData>
		<SimpleData name="Source_File">Nashik_Panchak_warehouses.xlsx</SimpleData>
	</SchemaData></ExtendedData>
      <Point><coordinates>73.7023569,19.9945464</coordinates></Point>
  </Placemark>
  <Placemark id="warehouses.304">
	<name>Nasik SDH</name>
	<ExtendedData><SchemaData schemaUrl="#warehouses">
		<SimpleData name="Category">storage</SimpleData>
		<SimpleData name="Address">XPJF+GXV, ????-?????? ???? ???, Medage Nagar, Nashik, Maharashtra 422010, India</SimpleData>
		<SimpleData name="Latitude">19.9813604</SimpleData>
		<SimpleData name="Longitude">73.7249209</SimpleData>
		<SimpleData name="Rating">5</SimpleData>
		<SimpleData name="Place_ID">ChIJ3VRXcQDt3TsRD-ivP4d4e7Q</SimpleData>
		<SimpleData name="Distance_m">2499</SimpleData>
		<SimpleData name="Source_File">Nashik_Ambad_warehouses.xlsx</SimpleData>
	</SchemaData></ExtendedData>
      <Point><coordinates>73.7249209,19.9813604</coordinates></Point>
  </Placemark>
  <Placemark id="warehouses.305">
	<name>M.V.T WAREHOUSEING</name>
	<ExtendedData><SchemaData schemaUrl="#warehouses">
		<SimpleData name="Category">storage</SimpleData>
		<SimpleData name="Address">moule service station, Moule Ln, Bajrang Nagar, Prof. Gorakhe Nagar, Nashik, Maharashtra 422010, India</SimpleData>
		<SimpleData name="Latitude">19.9798048</SimpleData>
		<SimpleData name="Longitude">73.7282011</SimpleData>
		<SimpleData name="Rating">4.6</SimpleData>
		<SimpleData name="Place_ID">ChIJhXzS-int3TsRQvdfYGvoXE8</SimpleData>
		<SimpleData name="Distance_m">2116</SimpleData>
		<SimpleData name="Source_File">Nashik_Ambad_warehouses.xlsx</SimpleData>
	</SchemaData></ExtendedData>
      <Point><coordinates>73.7282011,19.9798048</coordinates></Point>
  </Placemark>
  <Placemark id="warehouses.306">
	<name>kitchen trolley maintenance and all furniture manufacturers fittings accept</name>
	<ExtendedData><SchemaData schemaUrl="#warehouses">
		<SimpleData name="Category">storage</SimpleData>
		<SimpleData name="Address">Jadhav Sankul, Ambad Satpur Link Rd, Chunchale Shivar, Medage Nagar, Nashik, Maharashtra 422010, India</SimpleData>
		<SimpleData name="Latitude">19.9761663</SimpleData>
		<SimpleData name="Longitude">73.7234618</SimpleData>
		<SimpleData name="Rating">5</SimpleData>
		<SimpleData name="Place_ID">ChIJD1nk_5nt3TsRLTbsvYgLKfk</SimpleData>
		<SimpleData name="Distance_m">3224</SimpleData>
		<SimpleData name="Source_File">Nashik_Chunchale_warehouses.xlsx</SimpleData>
	</SchemaData></ExtendedData>
      <Point><coordinates>73.7234618,19.9761663</coordinates></Point>
  </Placemark>
  <Placemark id="warehouses.307">
	<name>MMM LOGISTICS</name>
	<ExtendedData><SchemaData schemaUrl="#warehouses">
		<SimpleData name="Category">storage</SimpleData>
		<SimpleData name="Address">XPJF+6VG, Medage Nagar, Nashik, Maharashtra 422010, India</SimpleData>
		<SimpleData name="Latitude">19.980564</SimpleData>
		<SimpleData name="Longitude">73.7247013</SimpleData>
		<SimpleData name="Rating">3.4</SimpleData>
		<SimpleData name="Place_ID">ChIJyb6VKZPs3TsR5TWNkedeIns</SimpleData>
		<SimpleData name="Distance_m">2937</SimpleData>
		<SimpleData name="Source_File">Nashik_Chunchale_warehouses.xlsx</SimpleData>
	</SchemaData></ExtendedData>
      <Point><coordinates>73.7247013,19.980564</coordinates></Point>
  </Placemark>
  <Placemark id="warehouses.308">
	<name>Sonawane niwas</name>
	<ExtendedData><SchemaData schemaUrl="#warehouses">
		<SimpleData name="Category">storage</SimpleData>
		<SimpleData name="Address">Jadhav Sankul, Rh no 434, Ambad Satpur Link Rd, Medage Nagar, Nashik, Maharashtra 422010, India</SimpleData>
		<SimpleData name="Latitude">19.9735312</SimpleData>
		<SimpleData name="Longitude">73.7227645</SimpleData>
		<SimpleData name="Rating">5</SimpleData>
		<SimpleData name="Place_ID">ChIJ62D-YKjt3TsROcZHj7buK-0</SimpleData>
		<SimpleData name="Distance_m">3423</SimpleData>
		<SimpleData name="Source_File">Nashik_Chunchale_warehouses.xlsx</SimpleData>
	</SchemaData></ExtendedData>
      <Point><coordinates>73.7227645,19.9735312</coordinates></Point>
  </Placemark>
  <Placemark id="warehouses.309">
	<name>Frozen French fries manufacturers</name>
	<ExtendedData><SchemaData schemaUrl="#warehouses">
		<SimpleData name="Category">store</SimpleData>
		<SimpleData name="Address">12, Ambad Satpur Link Rd, Bhor Town Ship, Nashik, Maharashtra 422010, India</SimpleData>
		<SimpleData name="Latitude">19.9704419</SimpleData>
		<SimpleData name="Longitude">73.7240597</SimpleData>
		<SimpleData name="Rating">5</SimpleData>
		<SimpleData name="Place_ID">ChIJ11LSBwDt3TsRDNZGYjf9cGo</SimpleData>
		<SimpleData name="Distance_m">3444</SimpleData>
		<SimpleData name="Source_File">Nashik_Satpur_warehouses.xlsx</SimpleData>
	</SchemaData></ExtendedData>
      <Point><coordinates>73.7240597,19.9704419</coordinates></Point>
  </Placemark>
</Folder>
</Document></kml>
